station_id,date,period,n,r,p,slope,discharge,flow_exceed_prob,flow_exceed_prob_smooth,flow_season,source_file
2356000,2017-04-18,daytime,6,0.8822905744038863,0.01996780131579051,0.07169811320755107,185.194686889648,0.37846684918462087,0.3042613974526842,normal_flow,2356000.csv
2356000,2017-04-18,nighttime,6,0.855653467907917,0.02975008549726741,0.3660714285714032,185.194686889648,0.37846684918462087,0.3042613974526842,normal_flow,2356000.csv
2356000,2017-04-19,daytime,6,0.8573048726167829,0.02909007715554974,0.1565217391304362,194.066787719727,0.35626711105820735,0.3296155219616712,normal_flow,2356000.csv
2356000,2017-04-19,nighttime,6,0.6971370023173334,0.12369878808711104,0.4320000000000302,194.066787719727,0.35626711105820735,0.3296155219616712,normal_flow,2356000.csv
2356000,2017-04-20,daytime,6,0.9329903614147104,0.00658499108424555,0.2527173913043475,207.405517578125,0.3299012022378288,0.35433083363091694,normal_flow,2356000.csv
2356000,2017-04-20,nighttime,6,0.8755445444618336,0.02226988536225373,0.435897435897417,207.405517578125,0.3299012022378288,0.35433083363091694,normal_flow,2356000.csv
2356000,2017-04-21,daytime,6,0.9752483412472608,9.113849313438396e-4,0.3425047438330196,211.375106811523,0.3219854779192953,0.37614172915922706,normal_flow,2356000.csv
2356000,2017-04-21,nighttime,6,0.8740966444393964,0.02277959413797286,0.3820224719101036,211.375106811523,0.3219854779192953,0.37614172915922706,normal_flow,2356000.csv
2356000,2017-04-22,daytime,6,0.9603896424356496,0.00232239670171344,0.5080731969860123,199.8173828125,0.34531603380549936,0.39294528429155257,normal_flow,2356000.csv
2356000,2017-04-22,nighttime,6,0.7617259448740987,0.0783978398281749,0.2479999999999851,199.8173828125,0.34531603380549936,0.39294528429155257,normal_flow,2356000.csv
2356000,2017-04-23,daytime,6,0.7785808544836547,0.06811196099681607,0.9798657718121626,179.805221557617,0.3895964766099274,0.4046938856485339,normal_flow,2356000.csv
2356000,2017-04-23,nighttime,6,0.9560899775039836,0.00284980387410401,0.5060240963855298,179.805221557617,0.3895964766099274,0.4046938856485339,normal_flow,2356000.csv
2356000,2017-04-24,daytime,6,-0.8164965809277324,0.04742065558431645,-0.8888888888888478,161.901504516602,0.4283418640638019,0.41329603618616834,normal_flow,2356000.csv
2356000,2017-04-24,nighttime,6,0.8624688162573756,0.02707155051294228,0.1352459016393516,161.901504516602,0.4283418640638019,0.41329603618616834,normal_flow,2356000.csv
2356000,2017-04-25,daytime,6,0.9781162021403398,7.131108310851916e-4,0.3786982248520692,150.084365844727,0.4606594453041304,0.42098559695274373,normal_flow,2356000.csv
2356000,2017-04-25,nighttime,6,NA,NA,1.335707342343415e-14,150.084365844727,0.4606594453041304,0.42098559695274373,normal_flow,2356000.csv
2356000,2017-04-26,daytime,6,0.9741215582474668,9.95875305990006e-4,0.405487804878059,144.793045043945,0.47922866325437447,0.4298178788239495,normal_flow,2356000.csv
2356000,2017-04-26,nighttime,6,0.6247580176717645,0.18479155436054956,0.26612903225807977,144.793045043945,0.47922866325437447,0.4298178788239495,normal_flow,2356000.csv
2356000,2017-04-27,daytime,6,0.9702935068393967,0.00131060597414498,0.5753424657534344,144.482192993164,0.480835614807761,0.4400864976391699,normal_flow,2356000.csv
2356000,2017-04-27,nighttime,6,0.9185586535436936,0.00967895164820686,0.750000000000033,144.482192993164,0.480835614807761,0.4400864976391699,normal_flow,2356000.csv
2356000,2017-04-28,daytime,6,0.9685814450824252,0.00146518135983418,0.2829341317365314,146.98828125,0.47125342221164146,0.44725231123278975,normal_flow,2356000.csv
2356000,2017-04-28,nighttime,6,0.9838699100999098,3.881713384939038e-4,1.0559999999999277,146.98828125,0.47125342221164146,0.44725231123278975,normal_flow,2356000.csv
2356000,2017-04-29,daytime,6,0.940261945784464,0.00524636102300691,0.4550000000000055,150.343109130859,0.4599452446137365,0.45150974090386065,normal_flow,2356000.csv
2356000,2017-04-29,nighttime,6,0.797222290381848,0.05750921128272304,0.5352112676055967,150.343109130859,0.4599452446137365,0.45150974090386065,normal_flow,2356000.csv
2356000,2017-04-30,daytime,6,0.9755277734018384,8.91006727647504e-4,0.431218416619883,151.117645263672,0.45768360909415545,0.4516089354441932,normal_flow,2356000.csv
2356000,2017-04-30,nighttime,6,0.9810077663422252,5.376321127228188e-4,0.4499999999999829,151.117645263672,0.45768360909415545,0.4516089354441932,normal_flow,2356000.csv
2356000,2017-05-01,daytime,6,0.8665069303180453,0.02554114955334029,0.7758620689655241,147.960296630859,0.46774193548387094,0.44838312899258026,normal_flow,2356000.csv
2356000,2017-05-01,nighttime,6,0.9053914609204594,0.01300275359541676,0.9702970297029774,147.960296630859,0.46774193548387094,0.44838312899258026,normal_flow,2356000.csv
2356000,2017-05-02,daytime,6,0.9843185209421832,3.669350714266047e-4,0.39689181111775673,142.854370117188,0.4875610046423045,0.44334801412530256,normal_flow,2356000.csv
2356000,2017-05-02,nighttime,6,0.890941398288134,0.01719210847902723,0.3718592964824037,142.854370117188,0.4875610046423045,0.44334801412530256,normal_flow,2356000.csv
2356000,2017-05-03,daytime,6,0.9192388155425112,0.00952017625294371,0.08666666666666728,136.72900390625,0.510951077252708,0.43751140737213823,normal_flow,2356000.csv
2356000,2017-05-03,nighttime,6,0.9303748811476248,0.00710272640932136,0.6289592760180884,136.72900390625,0.510951077252708,0.43751140737213823,normal_flow,2356000.csv
2356000,2017-05-04,daytime,6,0.7901744265512628,0.06142118564490069,0.9740259740259885,136.938766479492,0.5102963932865135,0.4322104511367694,normal_flow,2356000.csv
2356000,2017-05-04,nighttime,6,0.8311975522899191,0.0403364485763344,0.39479392624727905,136.938766479492,0.5102963932865135,0.4322104511367694,normal_flow,2356000.csv
2356000,2017-05-05,daytime,6,-0.9141016868129692,0.01075087909270785,-0.45631067961161975,158.100021362305,0.43738840614212593,0.42938142284648656,normal_flow,2356000.csv
2356000,2017-05-05,nighttime,6,0.9051658003961004,0.01306384122961707,0.1977681339119652,158.100021362305,0.43738840614212593,0.42938142284648656,normal_flow,2356000.csv
2356000,2017-05-06,daytime,6,0.926254746460508,0.00795701692166927,0.3695121951219521,181.556381225586,0.3858469229853589,0.4306630163075824,normal_flow,2356000.csv
2356000,2017-05-06,nighttime,6,NA,NA,4.408672278659656e-15,181.556381225586,0.3858469229853589,0.4306630163075824,normal_flow,2356000.csv
2356000,2017-05-07,daytime,6,0.969462163699033,0.00138459999506639,0.20154043645700012,198.882522583008,0.34680395191048685,0.43582510018648574,normal_flow,2356000.csv
2356000,2017-05-07,nighttime,6,0.8101627221513208,0.05063659195177118,0.08636363636363426,198.882522583008,0.34680395191048685,0.43582510018648574,normal_flow,2356000.csv
2356000,2017-05-08,daytime,6,0.9382431621095002,0.00560309312037593,0.29691629955947096,201.797256469727,0.34120937983573385,0.44287981589493314,normal_flow,2356000.csv
2356000,2017-05-08,nighttime,6,0.8155373777914121,0.04790138356302739,0.38947368421051304,201.797256469727,0.34120937983573385,0.44287981589493314,normal_flow,2356000.csv
2356000,2017-05-09,daytime,6,0.9907176639952564,1.288427513459829e-4,0.33955338023860465,195.94206237793,0.35281514105463635,0.4489941673610284,normal_flow,2356000.csv
2356000,2017-05-09,nighttime,6,0.9225515841263412,0.00876510792598353,0.3905053598774898,195.94206237793,0.35281514105463635,0.4489941673610284,normal_flow,2356000.csv
2356000,2017-05-10,daytime,6,0.9821915823099177,4.728857324530752e-4,0.33487297921477477,187.299423217773,0.3731103440066659,0.45204935920326944,normal_flow,2356000.csv
2356000,2017-05-10,nighttime,6,0.7648661601319316,0.07643185320101237,0.6710526315789047,187.299423217773,0.3731103440066659,0.45204935920326944,normal_flow,2356000.csv
2356000,2017-05-11,daytime,6,0.984334904803169,3.6617074164529897e-4,0.5246949447995334,175.216857910156,0.3997143197238424,0.45183509899615126,normal_flow,2356000.csv
2356000,2017-05-11,nighttime,6,0.8538361436444017,0.03048449633188609,0.7679180887371043,175.216857910156,0.3997143197238424,0.45183509899615126,normal_flow,2356000.csv
2356000,2017-05-12,daytime,6,0.9870002787096914,2.523907010899451e-4,0.5688581314878917,157.734527587891,0.4384001904535174,0.4499742094195135,normal_flow,2356000.csv
2356000,2017-05-12,nighttime,6,0.9053802044528264,0.01300579751019561,1.27722772277217,157.734527587891,0.4384001904535174,0.4499742094195135,normal_flow,2356000.csv
2356000,2017-05-13,daytime,6,0.978199491565648,7.077127735434219e-4,0.3263757115749558,141.892318725586,0.49047732412808,0.4527238820775305,normal_flow,2356000.csv
2356000,2017-05-13,nighttime,6,0.9163028818529771,0.01021465353568524,0.680672268907535,141.892318725586,0.49047732412808,0.4527238820775305,normal_flow,2356000.csv
2356000,2017-05-14,daytime,6,0.9688035681848094,0.00144464558252465,0.35248447204969874,130.73046875,0.537376502797286,0.4590723326588105,normal_flow,2356000.csv
2356000,2017-05-14,nighttime,6,0.980580675690918,5.620036227161141e-4,0.7692307692307575,130.73046875,0.537376502797286,0.4590723326588105,normal_flow,2356000.csv
2356000,2017-05-15,daytime,6,0.980598344344102,5.609847365213063e-4,0.3877551020408228,125.459266662598,0.5635043447208665,0.4683926516684522,normal_flow,2356000.csv
2356000,2017-05-15,nighttime,6,0.9310166950266,0.0069739092462665,0.5527369826435286,125.459266662598,0.5635043447208665,0.4683926516684522,normal_flow,2356000.csv
2356000,2017-05-16,daytime,6,0.9949178231834644,3.867714923598743e-5,0.3985381134702459,126.125335693359,0.5594572074753006,0.4774193548387097,normal_flow,2356000.csv
2356000,2017-05-16,nighttime,6,0.9653265298427296,0.00178253121747301,0.4235705950991817,126.125335693359,0.5594572074753006,0.4774193548387097,normal_flow,2356000.csv
2356000,2017-05-18,daytime,6,0.9742210514753186,9.882655264675036e-4,0.5535269709543532,137.406234741211,0.507737174145935,0.4874776812284251,normal_flow,2356000.csv
2356000,2017-05-18,nighttime,6,0.9592371650574884,0.0024585471279813,1.0654205607476586,137.406234741211,0.507737174145935,0.4874776812284251,normal_flow,2356000.csv
2356000,2017-05-19,daytime,6,0.98386314769961,3.884960011967835e-4,0.4229857819905281,144.018005371094,0.482383049636948,0.48750545569971826,normal_flow,2356000.csv
2356000,2017-05-19,nighttime,6,0.916094172298176,0.01026492548609261,0.7475247524752295,144.018005371094,0.482383049636948,0.48750545569971826,normal_flow,2356000.csv
2356000,2017-05-20,daytime,6,0.9800692413281852,5.918941129832378e-4,0.44767049291020133,144.913940429688,0.4786334960123795,0.47999444510574135,normal_flow,2356000.csv
2356000,2017-05-20,nighttime,6,0.9355680240158554,0.00609347527916935,0.55876288659794,144.913940429688,0.4786334960123795,0.47999444510574135,normal_flow,2356000.csv
2356000,2017-05-21,daytime,6,0.8861683053840074,0.01869898615239643,0.634517766497463,144.375930786133,0.481073681704559,0.464238384319327,normal_flow,2356000.csv
2356000,2017-05-21,nighttime,6,0.9446866165593556,0.0045047379864697,0.39816232771822385,144.375930786133,0.481073681704559,0.464238384319327,normal_flow,2356000.csv
2356000,2017-05-22,daytime,6,0.9633944013932264,0.00198542957481489,0.708571428571449,143.062591552734,0.4866087370551125,0.44205451731936674,normal_flow,2356000.csv
2356000,2017-05-22,nighttime,6,0.9179460458191904,0.00982304855505385,0.3788546255506585,143.062591552734,0.4866087370551125,0.44205451731936674,normal_flow,2356000.csv
2356000,2017-05-23,daytime,6,0.6217059141274994,0.18759146780989364,0.39682539682535944,145.496826171875,0.47660992738959645,0.41692655636233783,normal_flow,2356000.csv
2356000,2017-05-23,nighttime,6,0.7901123063510641,0.06145619101072978,0.41618497109827346,145.496826171875,0.47660992738959645,0.41692655636233783,normal_flow,2356000.csv
2356000,2017-05-24,daytime,6,NA,NA,NA,153.373886108398,0.45095821925961194,0.3934055469586954,normal_flow,2356000.csv
2356000,2017-05-24,nighttime,6,0.5606119105813848,0.24717829150499604,0.4400000000000203,153.373886108398,0.45095821925961194,0.3934055469586954,normal_flow,2356000.csv
2356000,2017-05-25,daytime,6,NA,NA,-6.042600781232852e-15,162.826766967773,0.42584216164742295,0.3746577788358529,normal_flow,2356000.csv
2356000,2017-05-25,nighttime,6,0.7049073768502389,0.11777120226507244,0.18633540372671673,162.826766967773,0.42584216164742295,0.3746577788358529,normal_flow,2356000.csv
2356000,2017-05-26,daytime,6,-0.3829197905337416,0.45369361262561486,-0.1612903225806559,174.941268920898,0.4001309367932389,0.36158790620164266,normal_flow,2356000.csv
2356000,2017-05-26,nighttime,6,-0.8914027149321229,0.01704969148667124,-0.8914027149320594,174.941268920898,0.4001309367932389,0.36158790620164266,normal_flow,2356000.csv
2356000,2017-05-27,daytime,6,0.852594746049888,0.03099102989307248,0.3415637860082325,209.241180419922,0.32573503154386385,0.35370789191762886,normal_flow,2356000.csv
2356000,2017-05-27,nighttime,6,NA,NA,1.9778035716516465e-14,209.241180419922,0.32573503154386385,0.35370789191762886,normal_flow,2356000.csv
2356000,2017-05-28,daytime,6,0.7284643967679463,0.10058700068863136,0.15624999999999428,253.118911743164,0.25413641233186524,0.34909732968297424,normal_flow,2356000.csv
2356000,2017-05-28,nighttime,6,0.9526610232449322,0.0033084252605528,0.5714285714285252,253.118911743164,0.25413641233186524,0.34909732968297424,normal_flow,2356000.csv
2356000,2017-05-29,daytime,6,NA,NA,-9.302496799078904e-15,294.642333984375,0.2046184977978812,0.34639923818593027,normal_flow,2356000.csv
2356000,2017-05-29,nighttime,6,NA,NA,NA,294.642333984375,0.2046184977978812,0.34639923818593027,normal_flow,2356000.csv
2356000,2017-05-30,daytime,6,-0.10696563746013452,0.8401634753742154,-0.01144164759727212,312.818450927734,0.1865849303654327,0.34406618259730987,normal_flow,2356000.csv
2356000,2017-05-30,nighttime,6,NA,NA,NA,312.818450927734,0.1865849303654327,0.34406618259730987,normal_flow,2356000.csv
2356000,2017-05-31,daytime,6,0.5370250501018181,0.2719003373619549,0.0443686006825962,293.054260253906,0.2066420664206642,0.34153077014641114,normal_flow,2356000.csv
2356000,2017-05-31,nighttime,6,-0.5765510100534683,0.23099945319152937,-0.04584980237153548,293.054260253906,0.2066420664206642,0.34153077014641114,normal_flow,2356000.csv
2356000,2017-06-01,daytime,6,0.9151564864616636,0.01049226298601749,0.19143117593436892,254.71484375,0.25217236043328173,0.3401698210530492,normal_flow,2356000.csv
2356000,2017-06-01,nighttime,6,0.8244345381486017,0.04352909966482601,0.3760000000000025,254.71484375,0.25217236043328173,0.3401698210530492,normal_flow,2356000.csv
2356000,2017-06-02,daytime,6,0.818387935282503,0.04647936297326296,0.2115027829313584,217.625854492188,0.31168908463278183,0.34087608618021664,normal_flow,2356000.csv
2356000,2017-06-02,nighttime,6,0.2000000000000076,0.7039999999999891,0.03333333333333737,217.625854492188,0.31168908463278183,0.34087608618021664,normal_flow,2356000.csv
2356000,2017-06-03,daytime,6,0.9159918645328738,0.01028961212287078,0.2876712328767132,190.695220947266,0.3641828353767408,0.34411776375828274,normal_flow,2356000.csv
2356000,2017-06-03,nighttime,6,0.6201736729460433,0.18900365845517433,0.12820512820512958,190.695220947266,0.3641828353767408,0.34411776375828274,normal_flow,2356000.csv
2356000,2017-06-04,daytime,6,0.8741229370580044,0.0227702892299277,0.29818181818181094,170.699234008789,0.4094750624925604,0.35312859580208705,normal_flow,2356000.csv
2356000,2017-06-04,nighttime,6,0.6644043685180255,0.1500385088090494,0.19935691318327875,170.699234008789,0.4094750624925604,0.35312859580208705,normal_flow,2356000.csv
2356000,2017-06-05,daytime,6,0.6152281117422989,0.19359148424033995,0.0880245649948738,156.901611328125,0.4406023092488989,0.36715470380510257,normal_flow,2356000.csv
2356000,2017-06-05,nighttime,6,NA,NA,9.945526531734108e-15,156.901611328125,0.4406023092488989,0.36715470380510257,normal_flow,2356000.csv
2356000,2017-06-06,daytime,6,NA,NA,-5.6508673475767076e-15,153.051879882812,0.4516129032258064,0.3834503828909257,normal_flow,2356000.csv
2356000,2017-06-06,nighttime,6,0.3872983346207411,0.448099873165444,0.40000000000006974,153.051879882812,0.4516129032258064,0.3834503828909257,normal_flow,2356000.csv
2356000,2017-06-07,daytime,6,0.6825236327899485,0.13518744665125151,0.3260869565217381,157.696105957031,0.438578740626116,0.3997103519422291,normal_flow,2356000.csv
2356000,2017-06-07,nighttime,6,0.7389884275845537,0.09329958836297592,0.3766233766233686,157.696105957031,0.438578740626116,0.3997103519422291,normal_flow,2356000.csv
2356000,2017-06-08,daytime,6,0.9648834126463156,0.00182810961738657,0.26600000000000423,160.893295288086,0.43054398285918344,0.41395865571558943,normal_flow,2356000.csv
2356000,2017-06-08,nighttime,6,0.9185586535436936,0.00967895164820686,0.1874999999999939,160.893295288086,0.43054398285918344,0.41395865571558943,normal_flow,2356000.csv
2356000,2017-06-09,daytime,6,0.8948249794078458,0.016010965704544,0.6405693950177954,158.345321655273,0.4364361385549339,0.42488195849700433,normal_flow,2356000.csv
2356000,2017-06-09,nighttime,6,-0.8254166036140187,0.04305844814604359,-0.5645161290321897,158.345321655273,0.4364361385549339,0.42488195849700433,normal_flow,2356000.csv
2356000,2017-06-10,daytime,6,NA,NA,-2.317911849393683e-14,154.082427978516,0.4487561004642304,0.43333333333333335,normal_flow,2356000.csv
2356000,2017-06-10,nighttime,6,NA,NA,1.8113458954854797e-14,154.082427978516,0.4487561004642304,0.43333333333333335,normal_flow,2356000.csv
2356000,2017-06-11,daytime,6,-0.4376207677196326,0.3854736487247384,-0.05039787798409732,150.032623291016,0.4608975122009285,0.43865412847676866,normal_flow,2356000.csv
2356000,2017-06-11,nighttime,6,NA,NA,3.1400180415914362e-15,150.032623291016,0.4608975122009285,0.43865412847676866,normal_flow,2356000.csv
2356000,2017-06-12,daytime,6,0.2034979576553861,0.6989666330885655,0.08441558441555007,148.988235473633,0.46452803237709794,0.44103876522636193,normal_flow,2356000.csv
2356000,2017-06-12,nighttime,6,-0.31622776601683794,0.5414697392755848,-0.3999999999999015,148.988235473633,0.46452803237709794,0.44103876522636193,normal_flow,2356000.csv
2356000,2017-06-13,daytime,6,-0.554653449856933,0.253336743512817,-0.3699999999999992,154.054321289062,0.44905368408522794,0.44384001904535175,normal_flow,2356000.csv
2356000,2017-06-13,nighttime,6,0.5477225575051629,0.2605745473680288,1.2000000000002438,154.054321289062,0.44905368408522794,0.44384001904535175,normal_flow,2356000.csv
2356000,2017-06-14,daytime,6,0.49903667935713536,0.3135844312662441,0.02576251110453041,160.921127319336,0.4304844661349839,0.44712137443955086,normal_flow,2356000.csv
2356000,2017-06-14,nighttime,6,NA,NA,-0,160.921127319336,0.4304844661349839,0.44712137443955086,normal_flow,2356000.csv
2356000,2017-06-15,daytime,6,0.945675541378938,0.00434656048047512,0.32947976878612,165.443267822266,0.4203666230210689,0.4521525215252152,normal_flow,2356000.csv
2356000,2017-06-15,nighttime,6,0.9432755524328748,0.0047352343509944,0.6883116883116371,165.443267822266,0.4203666230210689,0.4521525215252152,normal_flow,2356000.csv
2356000,2017-06-16,daytime,6,0.4141708392884525,0.4142666529503846,0.01905972045743282,167.355255126953,0.4160219021545054,0.4583859064397096,normal_flow,2356000.csv
2356000,2017-06-16,nighttime,6,-0.7239737088005886,0.10377047772616664,-0.19999999999998924,167.355255126953,0.4160219021545054,0.4583859064397096,normal_flow,2356000.csv
2356000,2017-06-17,daytime,6,NA,NA,-5.650867347573592e-15,157.700637817383,0.438459707177717,0.4653692020791176,normal_flow,2356000.csv
2356000,2017-06-17,nighttime,6,0.7753661108429807,0.07002302006584918,0.18346253229973977,157.700637817383,0.438459707177717,0.4653692020791176,normal_flow,2356000.csv
2356000,2017-06-18,daytime,6,0.9534974137498512,0.00319345509078316,0.2066266631881045,155.766387939453,0.44399476252827047,0.4727373725350157,normal_flow,2356000.csv
2356000,2017-06-18,nighttime,6,0.7098467978305953,0.11406948442842724,0.05141657922350567,155.766387939453,0.44399476252827047,0.4727373725350157,normal_flow,2356000.csv
2356000,2017-06-19,daytime,6,0.8696263565463027,0.02438793124961542,0.27500000000002445,155.368286132812,0.44524461373646,0.47660199182636986,normal_flow,2356000.csv
2356000,2017-06-19,nighttime,6,0.8660254037844387,0.02572142074250649,0.7499999999999679,155.368286132812,0.44524461373646,0.47660199182636986,normal_flow,2356000.csv
2356000,2017-06-20,daytime,6,NA,NA,NA,143.946594238281,0.482621116533746,0.479684958139904,normal_flow,2356000.csv
2356000,2017-06-20,nighttime,6,0.8266243205933763,0.04248292860007369,0.49295774647887225,143.946594238281,0.482621116533746,0.479684958139904,normal_flow,2356000.csv
2356000,2017-06-21,daytime,6,NA,NA,NA,139.104949951172,0.500833234138793,0.4828234733960242,normal_flow,2356000.csv
2356000,2017-06-21,nighttime,6,0.6078306738548328,0.20053798069339784,0.2586206896551695,139.104949951172,0.500833234138793,0.4828234733960242,normal_flow,2356000.csv
2356000,2017-06-22,daytime,6,0.9756706660277044,8.806742703001109e-4,0.16986794717887194,136.037796020508,0.514045946911082,0.4899297702654446,normal_flow,2356000.csv
2356000,2017-06-22,nighttime,6,NA,NA,NA,136.037796020508,0.514045946911082,0.4899297702654446,normal_flow,2356000.csv
2356000,2017-06-23,daytime,6,0.8658986910834768,0.02576895886184682,0.1431116389548685,133.952362060547,0.524044756576598,0.500039677816133,normal_flow,2356000.csv
2356000,2017-06-23,nighttime,6,0.6201736729460433,0.18900365845517433,0.128205128205133,133.952362060547,0.524044756576598,0.500039677816133,normal_flow,2356000.csv
2356000,2017-06-24,daytime,6,0.9335033858688304,0.0064856821824586,0.2857142857142849,129.922607421875,0.5411855731460541,0.5099353251597032,normal_flow,2356000.csv
2356000,2017-06-24,nighttime,6,0.6919053632356144,0.1277609312332931,0.41628959276019206,129.922607421875,0.5411855731460541,0.5099353251597032,normal_flow,2356000.csv
2356000,2017-06-25,daytime,6,0.8750000000000029,0.02246093749999896,0.4375000000000192,126.177513122559,0.5592786573027021,0.5142681426814268,normal_flow,2356000.csv
2356000,2017-06-25,nighttime,6,0.8293307384175578,0.04120636841683865,0.4342105263157921,126.177513122559,0.5592786573027021,0.5142681426814268,normal_flow,2356000.csv
2356000,2017-06-26,daytime,6,0.9252928553697506,0.00816326001946793,0.14389359129383095,134.993179321289,0.5188668015712415,0.5108955283101219,normal_flow,2356000.csv
2356000,2017-06-26,nighttime,6,0.29277002188456197,0.5733922538253527,0.07142857142859314,134.993179321289,0.5188668015712415,0.5108955283101219,normal_flow,2356000.csv
2356000,2017-06-27,daytime,6,0.8281209190448994,0.04177476583705031,0.2886297376093361,136.74870300293,0.5107725270801096,0.5038804904178074,normal_flow,2356000.csv
2356000,2017-06-27,nighttime,6,0.7500375028127311,0.08591289036144016,0.24752475247525388,136.74870300293,0.5107725270801096,0.5038804904178074,normal_flow,2356000.csv
2356000,2017-06-28,daytime,6,0.9256438149180636,0.00808771158072433,0.2625727898358907,140.408676147461,0.4961314129270325,0.4950323374201484,normal_flow,2356000.csv
2356000,2017-06-28,nighttime,6,0.7946106245690724,0.05894503890554837,0.3258869908015673,140.408676147461,0.4961314129270325,0.4950323374201484,normal_flow,2356000.csv
2356000,2017-06-29,daytime,6,0.7902529833407655,0.06137693119208119,0.6127167630058544,130.784973144531,0.5370789191762886,0.4873943578145459,normal_flow,2356000.csv
2356000,2017-06-29,nighttime,6,0.8993400617545169,0.01468867020621364,0.5533980582523806,130.784973144531,0.5370789191762886,0.4873943578145459,normal_flow,2356000.csv
2356000,2017-06-30,daytime,6,0.8648231769290017,0.02617413250843855,0.29820051413882104,123.821815490723,0.5720152362813951,0.4812046184977979,normal_flow,2356000.csv
2356000,2017-06-30,nighttime,6,0.13529628504050384,0.7982938774209708,0.01016949152542953,123.821815490723,0.5720152362813951,0.4812046184977979,normal_flow,2356000.csv
2356000,2017-07-01,daytime,6,0.9843972581473532,3.6326912091868614e-4,0.5432220039292857,125.279228210449,0.5644566123080585,0.4767646708725152,normal_flow,2356000.csv
2356000,2017-07-01,nighttime,6,NA,NA,NA,125.279228210449,0.5644566123080585,0.4767646708725152,normal_flow,2356000.csv
2356000,2017-07-02,daytime,6,0.8555852638929955,0.02977749486643849,0.18300653594771185,138.457580566406,0.503451970003571,0.4740546760306313,normal_flow,2356000.csv
2356000,2017-07-02,nighttime,6,-0.00886066721032436,0.986709347016311,-0.00369003690034988,138.457580566406,0.503451970003571,0.4740546760306313,normal_flow,2356000.csv
2356000,2017-07-03,daytime,6,0.8910699262528898,0.0171523723412503,0.2587209302325655,177.997863769531,0.3934055469586954,0.4738959647660993,normal_flow,2356000.csv
2356000,2017-07-03,nighttime,6,NA,NA,4.3511678576329367e-14,177.997863769531,0.3934055469586954,0.4738959647660993,normal_flow,2356000.csv
2356000,2017-07-04,daytime,6,0.8024866090828008,0.05466465865259577,0.13622754491017497,202.523788452148,0.3400190453517438,0.4796532158869975,normal_flow,2356000.csv
2356000,2017-07-04,nighttime,6,0.9789176066754992,6.620157451268184e-4,0.34560906515579426,202.523788452148,0.3400190453517438,0.4796532158869975,normal_flow,2356000.csv
2356000,2017-07-05,daytime,6,0.8936351751468044,0.01636853600427154,0.1556064073226548,197.522735595703,0.3498988215688609,0.4843629726619847,normal_flow,2356000.csv
2356000,2017-07-05,nighttime,6,NA,NA,7.701182048927794e-16,197.522735595703,0.3498988215688609,0.4843629726619847,normal_flow,2356000.csv
2356000,2017-07-06,daytime,6,0.9555279365041782,0.00292266901467418,0.34487951807228445,181.313934326172,0.3862635400547554,0.4863071856525017,normal_flow,2356000.csv
2356000,2017-07-06,nighttime,6,-0.10846522890933352,0.83794018739429,-0.06666666666664547,181.313934326172,0.3862635400547554,0.4863071856525017,normal_flow,2356000.csv
2356000,2017-07-07,daytime,6,0.9817767520845152,4.951042971635462e-4,0.3950350782514833,165.124588012695,0.4211998571598619,0.48186327024560566,normal_flow,2356000.csv
2356000,2017-07-07,nighttime,6,0.81016272215132,0.05063659195177158,0.1727272727272726,165.124588012695,0.4211998571598619,0.48186327024560566,normal_flow,2356000.csv
2356000,2017-07-08,daytime,6,0.9079593845004506,0.01231735247024068,0.7398373983740079,151.224655151367,0.45744554219735745,0.47514184819267546,normal_flow,2356000.csv
2356000,2017-07-08,nighttime,6,0.9129248245099824,0.01104302353728594,0.4721723518850859,151.224655151367,0.45744554219735745,0.47514184819267546,normal_flow,2356000.csv
2356000,2017-07-09,daytime,6,0.9590697392962249,0.00247864441061401,0.32654232424677243,139.169311523438,0.5005356505177955,0.47087251517676465,normal_flow,2356000.csv
2356000,2017-07-09,nighttime,6,0.87122116250705,0.02380815006774467,0.31937172774868205,139.169311523438,0.5005356505177955,0.47087251517676465,normal_flow,2356000.csv
2356000,2017-07-10,daytime,6,0.01293151500279582,0.9806038087261576,0.00769230769223341,126.640686035156,0.556897988334722,0.4729556005237472,normal_flow,2356000.csv
2356000,2017-07-10,nighttime,6,0.9237787005147712,0.00849311881569183,0.5150410209662607,126.640686035156,0.556897988334722,0.4729556005237472,normal_flow,2356000.csv
2356000,2017-07-11,daytime,6,0.391788317366381,0.44238690229337496,0.14253393665158182,118.507873535156,0.6052255683847161,0.4840852279490537,normal_flow,2356000.csv
2356000,2017-07-11,nighttime,6,NA,NA,-0,118.507873535156,0.6052255683847161,0.4840852279490537,normal_flow,2356000.csv
2356000,2017-07-12,daytime,6,0.9875672741448854,2.308981284536458e-4,0.25944584382871916,122.252487182617,0.581418878704916,0.4994524461373646,normal_flow,2356000.csv
2356000,2017-07-12,nighttime,6,0.6864752339628345,0.13203727430926607,0.26086956521740184,122.252487182617,0.581418878704916,0.4994524461373646,normal_flow,2356000.csv
2356000,2017-07-13,daytime,6,0.6767440622673696,0.1398523840824118,0.04924543288323966,133.743270874023,0.5252946077847875,0.5137642344165377,normal_flow,2356000.csv
2356000,2017-07-13,nighttime,6,NA,NA,4.917219917956537e-15,133.743270874023,0.5252946077847875,0.5137642344165377,normal_flow,2356000.csv
2356000,2017-07-14,daytime,6,0.968329663731493,0.00148863246389322,0.4935064935065247,147.243133544922,0.47042018807284847,0.5249771852557236,normal_flow,2356000.csv
2356000,2017-07-14,nighttime,6,NA,NA,NA,147.243133544922,0.47042018807284847,0.5249771852557236,normal_flow,2356000.csv
2356000,2017-07-15,daytime,6,0.9897499586655228,1.5705656921115722e-4,0.28676470588235453,146.997665405273,0.47119390548744194,0.5344205054953776,normal_flow,2356000.csv
2356000,2017-07-15,nighttime,6,0.8792096445652507,0.02100428058572823,0.40217391304347766,146.997665405273,0.47119390548744194,0.5344205054953776,normal_flow,2356000.csv
2356000,2017-07-16,daytime,6,0.2927700218845639,0.57339225382535,0.1428571428571268,139.21125793457,0.5004166170693966,0.54404237590763,normal_flow,2356000.csv
2356000,2017-07-16,nighttime,6,0.6201736729460428,0.1890036584551748,1.000000000000029,139.21125793457,0.5004166170693966,0.54404237590763,normal_flow,2356000.csv
2356000,2017-07-17,daytime,6,0.7092993656151916,0.1144771895114694,0.19565217391303288,131.422348022461,0.5346982502083085,0.5530730468595009,normal_flow,2356000.csv
2356000,2017-07-17,nighttime,6,0.6721344403334504,0.1436216483751474,0.15999999999999773,131.422348022461,0.5346982502083085,0.5530730468595009,normal_flow,2356000.csv
2356000,2017-07-18,daytime,6,0.9004935417705074,0.01435966949321165,0.24118738404452983,125.953315734863,0.560349958338293,0.5593302384636749,normal_flow,2356000.csv
2356000,2017-07-18,nighttime,6,0.7745966692414926,0.07048399691021436,0.12499999999999878,125.953315734863,0.560349958338293,0.5593302384636749,normal_flow,2356000.csv
2356000,2017-07-19,daytime,6,0.9179621719255038,0.00981924214277598,0.28462998102466697,124.117973327637,0.5705273181764076,0.5633416656747212,normal_flow,2356000.csv
2356000,2017-07-19,nighttime,6,NA,NA,1.2595485903676202e-14,124.117973327637,0.5705273181764076,0.5633416656747212,normal_flow,2356000.csv
2356000,2017-07-20,daytime,6,0.966343344380916,0.00168009306843301,0.28032786885245925,125.266876220703,0.5645756457564576,0.5697893107963338,normal_flow,2356000.csv
2356000,2017-07-20,nighttime,6,0.550397186527202,0.25777207377688244,0.34545454545454146,125.266876220703,0.5645756457564576,0.5697893107963338,normal_flow,2356000.csv
2356000,2017-07-21,daytime,6,-0.232781425629754,0.6571347474714454,-0.18965517241386257,127.020492553711,0.5544578026425425,0.5799190572550886,normal_flow,2356000.csv
2356000,2017-07-21,nighttime,6,0.02711630722734591,0.9593355083895794,0.02941176470590399,127.020492553711,0.5544578026425425,0.5799190572550886,normal_flow,2356000.csv
2356000,2017-07-22,daytime,6,0.9818618047097414,4.905075127063179e-4,0.39844155844156065,125.531593322754,0.562849660754672,0.592619926199262,normal_flow,2356000.csv
2356000,2017-07-22,nighttime,6,0.2000000000000064,0.7039999999999909,0.02500000000000001,125.531593322754,0.562849660754672,0.592619926199262,normal_flow,2356000.csv
2356000,2017-07-23,daytime,6,0.8777169505256243,0.02151545824781357,1.095744680851034,118.953102111816,0.6017735983811451,0.6034956156013173,normal_flow,2356000.csv
2356000,2017-07-23,nighttime,6,0.8835333542763452,0.01955681463115251,0.45312499999998673,118.953102111816,0.6017735983811451,0.6034956156013173,normal_flow,2356000.csv
2356000,2017-07-24,daytime,6,0.9924871834518062,8.445159798494648e-5,0.6172985781990619,113.65062713623,0.6359957147958576,0.6104670078958854,normal_flow,2356000.csv
2356000,2017-07-24,nighttime,6,0.9648197597110196,0.00183470356018242,0.6391096979332143,113.65062713623,0.6359957147958576,0.6104670078958854,normal_flow,2356000.csv
2356000,2017-07-25,daytime,6,0.944012053379638,0.00461422393704161,0.4586846543001673,110.838264465332,0.6507558623973336,0.6159980954648256,normal_flow,2356000.csv
2356000,2017-07-25,nighttime,6,0.9147454234908476,0.0105926844792921,0.6651162790697737,110.838264465332,0.6507558623973336,0.6159980954648256,normal_flow,2356000.csv
2356000,2017-07-26,daytime,6,0.9055826129807468,0.01295111580952384,0.5505836575875754,108.038925170898,0.6653969765504106,0.6212236638495418,normal_flow,2356000.csv
2356000,2017-07-26,nighttime,6,0.982345445014226,4.647736525358987e-4,0.431034482758628,108.038925170898,0.6653969765504106,0.6212236638495418,normal_flow,2356000.csv
2356000,2017-07-27,daytime,6,0.9883329686169188,2.0338537599395585e-4,0.560813799203908,105.524368286133,0.6781335555291037,0.6266119112804032,normal_flow,2356000.csv
2356000,2017-07-27,nighttime,6,0.8174238913696046,0.04695805392589649,0.15909090909091564,105.524368286133,0.6781335555291037,0.6266119112804032,normal_flow,2356000.csv
2356000,2017-07-28,daytime,6,0.9925123851169896,8.388667072396419e-5,0.6033057851239695,105.700141906738,0.6772408046661111,0.6298734277665358,normal_flow,2356000.csv
2356000,2017-07-28,nighttime,6,0.8904498997084476,0.01734446903846579,0.8799999999999611,105.700141906738,0.6772408046661111,0.6298734277665358,normal_flow,2356000.csv
2356000,2017-07-29,daytime,6,0.6737497456694593,0.14229592999971297,0.1964809384163993,108.909400939941,0.6609332222354481,0.6311589890092449,normal_flow,2356000.csv
2356000,2017-07-29,nighttime,6,0.9698612260388908,0.00134883033101492,0.928571428571448,108.909400939941,0.6609332222354481,0.6311589890092449,normal_flow,2356000.csv
2356000,2017-07-30,daytime,6,0.9302334665693226,0.0071312640428509,0.4395348837209496,114.064025878906,0.6343292465182716,0.6323493234932349,normal_flow,2356000.csv
2356000,2017-07-30,nighttime,6,0.9670779030010852,0.00160795516058814,0.469194312796191,114.064025878906,0.6343292465182716,0.6323493234932349,normal_flow,2356000.csv
2356000,2017-07-31,daytime,6,0.975387044893726,9.012411045328332e-4,0.619217081850533,118.575096130371,0.6049875014879181,0.6306828552156489,normal_flow,2356000.csv
2356000,2017-07-31,nighttime,6,0.9416965821485122,0.00499983772987434,0.249999999999985,118.575096130371,0.6049875014879181,0.6306828552156489,normal_flow,2356000.csv
2356000,2017-08-01,daytime,6,0.8343004133299143,0.03890977636029636,0.21499013806705683,116.52140045166,0.6176645637424116,0.6231361345871523,normal_flow,2356000.csv
2356000,2017-08-01,nighttime,6,NA,NA,1.0324805085910411e-14,116.52140045166,0.6176645637424116,0.6231361345871523,normal_flow,2356000.csv
2356000,2017-08-02,daytime,6,0.9683741832571202,0.00148447247803026,0.35197685631630315,113.050712585449,0.6387334841090346,0.6115700511843828,normal_flow,2356000.csv
2356000,2017-08-02,nighttime,6,0.8316847989130748,0.04011082496988941,0.21739130434783563,113.050712585449,0.6387334841090346,0.6115700511843828,normal_flow,2356000.csv
2356000,2017-08-03,daytime,6,NA,NA,NA,110.75260925293,0.6513510296393287,0.5987620521366505,normal_flow,2356000.csv
2356000,2017-08-03,nighttime,6,-0.31622776601683794,0.5414697392755848,-0.19999999999983292,110.75260925293,0.6513510296393287,0.5987620521366505,normal_flow,2356000.csv
2356000,2017-08-04,daytime,6,0.1256561724875059,0.8125077636831162,0.2499999999999092,117.255966186523,0.6134983930484467,0.5875292623893981,normal_flow,2356000.csv
2356000,2017-08-04,nighttime,6,0.77668530236523,0.06923589022888671,0.26391752577320643,117.255966186523,0.6134983930484467,0.5875292623893981,normal_flow,2356000.csv
2356000,2017-08-05,daytime,6,0.9798383134699752,6.05642607294993e-4,0.5270894582108425,123.549423217773,0.5737412212831806,0.5807641947387215,normal_flow,2356000.csv
2356000,2017-08-05,nighttime,6,0.9224999015440424,0.00877665481649688,0.5887096774193425,123.549423217773,0.5737412212831806,0.5807641947387215,normal_flow,2356000.csv
2356000,2017-08-06,daytime,6,0.6136480983167806,0.19506674026443557,0.0733566211495699,122.420013427734,0.5807046780145221,0.5815299765900885,normal_flow,2356000.csv
2356000,2017-08-06,nighttime,6,0.5932958789676551,0.21447625624682515,0.35200000000000276,122.420013427734,0.5807046780145221,0.5815299765900885,normal_flow,2356000.csv
2356000,2017-08-07,daytime,6,0.9421578907228454,0.00492180295813619,0.4016949152542428,123.077903747559,0.5767765742173551,0.587620521366504,normal_flow,2356000.csv
2356000,2017-08-07,nighttime,6,0.8440971508067011,0.03456388376483168,0.9499999999999869,123.077903747559,0.5767765742173551,0.587620521366504,normal_flow,2356000.csv
2356000,2017-08-08,daytime,6,0.9841130494528526,3.765879015192612e-4,0.4533551554828219,134.182525634766,0.5227949053684086,0.5974050708249018,normal_flow,2356000.csv
2356000,2017-08-08,nighttime,6,0.9164971721148276,0.01016796238364589,0.3289731850882902,134.182525634766,0.5227949053684086,0.5974050708249018,normal_flow,2356000.csv
2356000,2017-08-09,daytime,6,0.9185586535436896,0.0096789516482078,1.1250000000000155,145.326156616211,0.47726461135579096,0.6055429909137802,normal_flow,2356000.csv
2356000,2017-08-09,nighttime,6,0.6639400022069856,0.1504277930943265,0.06122448979592946,145.326156616211,0.47726461135579096,0.6055429909137802,normal_flow,2356000.csv
2356000,2017-08-10,daytime,6,0.8796330232820984,0.02086036266355033,0.278551532033435,146.18928527832,0.4732769908344245,0.6111534341149863,normal_flow,2356000.csv
2356000,2017-08-10,nighttime,6,0.8660254037844346,0.02572142074250804,0.250000000000022,146.18928527832,0.4732769908344245,0.6111534341149863,normal_flow,2356000.csv
2356000,2017-08-11,daytime,6,0.953022953277201,0.00325842889674098,0.32390381895332376,137.09587097168,0.509641709320319,0.6149545689005277,normal_flow,2356000.csv
2356000,2017-08-11,nighttime,6,NA,NA,1.811345895485536e-14,137.09587097168,0.509641709320319,0.6149545689005277,normal_flow,2356000.csv
2356000,2017-08-12,daytime,6,0.9870062923106264,2.521577536041256e-4,0.5033632286995541,123.237113952637,0.5757647899059636,0.6213784073324604,normal_flow,2356000.csv
2356000,2017-08-12,nighttime,6,0.9161803425262826,0.01024415511879606,0.5366568914955732,123.237113952637,0.5757647899059636,0.6213784073324604,normal_flow,2356000.csv
2356000,2017-08-13,daytime,6,0.9842561045031504,3.6985414650328094e-4,0.5879371515458757,106.586578369141,0.6724199500059517,0.6318493830099592,normal_flow,2356000.csv
2356000,2017-08-13,nighttime,6,0.6030226891555286,0.20510645520407617,0.33333333333335424,106.586578369141,0.6724199500059517,0.6318493830099592,normal_flow,2356000.csv
2356000,2017-08-14,daytime,6,0.9237695543983794,0.00849513061413111,0.3982300884955755,94.3058547973633,0.7256874181645042,0.6436297266198469,normal_flow,2356000.csv
2356000,2017-08-14,nighttime,6,0.9857351023681084,3.037795938888502e-4,0.5743119266055117,94.3058547973633,0.7256874181645042,0.6436297266198469,normal_flow,2356000.csv
2356000,2017-08-15,daytime,6,0.9837387536759288,3.944922325233432e-4,0.833333333333349,87.911735534668,0.7517557433638853,0.6568860849898822,normal_flow,2356000.csv
2356000,2017-08-15,nighttime,6,0.22911695050019745,0.6623382729504685,0.02386117136660402,87.911735534668,0.7517557433638853,0.6568860849898822,normal_flow,2356000.csv
2356000,2017-08-16,daytime,6,0.9521996350555384,0.00337270340646647,0.2883793237465965,90.8123931884766,0.7397333650755863,0.6734079276276633,normal_flow,2356000.csv
2356000,2017-08-16,nighttime,6,NA,NA,1.5316110858872968e-14,90.8123931884766,0.7397333650755863,0.6734079276276633,normal_flow,2356000.csv
2356000,2017-08-17,daytime,6,0.9938143736381272,5.72746230971076e-5,0.34065934065934195,95.0082778930664,0.7228901321271277,0.6922469547276118,normal_flow,2356000.csv
2356000,2017-08-17,nighttime,6,0.5227733021739384,0.2872749079057189,0.5714285714285179,95.0082778930664,0.7228901321271277,0.6922469547276118,normal_flow,2356000.csv
2356000,2017-08-18,daytime,6,0.9857235914925198,3.0426888071352333e-4,0.45652173913043315,98.5139007568359,0.7083680514224497,0.71150656667857,normal_flow,2356000.csv
2356000,2017-08-18,nighttime,6,0.9879319030684026,2.175796527610727e-4,0.41157024793388,98.5139007568359,0.7083680514224497,0.71150656667857,normal_flow,2356000.csv
2356000,2017-08-19,daytime,6,0.9812318835620591,5.250578306805828e-4,0.6886227544910323,98.2378845214844,0.7098559695274372,0.72936158393842,normal_flow,2356000.csv
2356000,2017-08-19,nighttime,6,0.9170605214488352,0.01003316709598674,0.4833333333333439,98.2378845214844,0.7098559695274372,0.72936158393842,normal_flow,2356000.csv
2356000,2017-08-20,daytime,6,0.9762919647230128,8.364436062446353e-4,0.7146480659480122,93.0152435302734,0.7308058564456612,0.7441098281950561,normal_flow,2356000.csv
2356000,2017-08-20,nighttime,6,0.9197518956647154,0.00940124817816389,0.3992537313432965,93.0152435302734,0.7308058564456612,0.7441098281950561,normal_flow,2356000.csv
2356000,2017-08-21,daytime,6,0.970642201834863,0.00128016901552005,0.9706422018348636,86.5707855224609,0.7574098321628377,0.7523548783874936,low_flow,2356000.csv
2356000,2017-08-21,nighttime,6,0.971867540214464,0.00117602042959237,0.6563658838071532,86.5707855224609,0.7574098321628377,0.7523548783874936,low_flow,2356000.csv
2356000,2017-08-22,daytime,6,0.922805655516482,0.00870845096161634,0.7637795275591066,82.3664855957031,0.7756219497678848,0.7556481371265326,low_flow,2356000.csv
2356000,2017-08-22,nighttime,6,0.9676412496452308,0.00155369184546536,0.27777777777777973,82.3664855957031,0.7756219497678848,0.7556481371265326,low_flow,2356000.csv
2356000,2017-08-23,daytime,6,0.9872746339361635,2.418720714836624e-4,0.8013293943870202,83.3569641113281,0.7706225449351267,0.7567234059437369,low_flow,2356000.csv
2356000,2017-08-23,nighttime,6,NA,NA,1.6175345195664486e-14,83.3569641113281,0.7706225449351267,0.7567234059437369,low_flow,2356000.csv
2356000,2017-08-24,daytime,6,0.9894034935054128,1.678340054361169e-4,0.6659528907922889,85.8642654418945,0.7598500178550173,0.7604570884418521,low_flow,2356000.csv
2356000,2017-08-24,nighttime,6,0.9890265905909252,1.799628856239269e-4,0.6507042253520968,85.8642654418945,0.7598500178550173,0.7604570884418521,low_flow,2356000.csv
2356000,2017-08-25,daytime,6,0.9919997424771148,9.575015592572726e-5,1.1641921397380413,85.3313217163086,0.7621711700987978,0.7660516605166051,low_flow,2356000.csv
2356000,2017-08-25,nighttime,6,0.9877597117340242,2.238200367567756e-4,0.8695652173912705,85.3313217163086,0.7621711700987978,0.7660516605166051,low_flow,2356000.csv
2356000,2017-08-26,daytime,6,0.9399052909630534,0.00530854884484647,0.9776536312849132,82.0194473266602,0.7774669682180693,0.7751696226639686,low_flow,2356000.csv
2356000,2017-08-26,nighttime,6,0.9137621537720272,0.01083477521264168,0.6781411359724577,82.0194473266602,0.7774669682180693,0.7751696226639686,low_flow,2356000.csv
2356000,2017-08-27,daytime,6,0.9821563366306988,4.7475380525761304e-4,1.5501285347044431,77.7755279541016,0.7969884537555053,0.7841249057651867,low_flow,2356000.csv
2356000,2017-08-27,nighttime,6,0.9640859550457532,0.00191156663542338,0.7155688622754489,77.7755279541016,0.7969884537555053,0.7841249057651867,low_flow,2356000.csv
2356000,2017-08-28,daytime,6,0.9843014612025768,3.677317742687519e-4,1.1945812807882004,77.963623046875,0.7960957028925127,0.7913303971749395,low_flow,2356000.csv
2356000,2017-08-28,nighttime,6,0.9749857541328012,9.307428813446352e-4,0.8796718322698018,77.963623046875,0.7960957028925127,0.7913303971749395,low_flow,2356000.csv
2356000,2017-08-29,daytime,6,0.7513561621988815,0.08504958887699283,1.480000000000194,82.5007629394531,0.7750862992500893,0.7978137523310717,low_flow,2356000.csv
2356000,2017-08-29,nighttime,6,0.8816512290342264,0.02018082540157007,0.8653061224489749,82.5007629394531,0.7750862992500893,0.7978137523310717,low_flow,2356000.csv
2356000,2017-08-30,daytime,6,0.8428839089674766,0.03508895712557337,1.021276595744822,83.9921951293945,0.7678847756219498,0.8045907233265881,low_flow,2356000.csv
2356000,2017-08-30,nighttime,6,0.9288282368076076,0.00741787238193166,0.692307692307671,83.9921951293945,0.7678847756219498,0.8045907233265881,low_flow,2356000.csv
2356000,2017-08-31,daytime,6,0.8241364814583261,0.04367241428895958,1.4782608695654638,78.0252532958984,0.7957386025473158,0.8122723485299369,low_flow,2356000.csv
2356000,2017-08-31,nighttime,6,0.9377003358032502,0.00570097201005584,0.7766990291261687,78.0252532958984,0.7957386025473158,0.8122723485299369,low_flow,2356000.csv
2356000,2017-09-01,daytime,6,0.9811259720733736,5.309816578744057e-4,0.8843749999999992,75.3068618774414,0.8068087132484228,0.8212792127921279,low_flow,2356000.csv
2356000,2017-09-01,nighttime,6,0.9039863291515964,0.01338538047195632,0.4358353510895757,75.3068618774414,0.8068087132484228,0.8212792127921279,low_flow,2356000.csv
2356000,2017-09-02,daytime,6,0.998481227476382,3.4582533142532775e-6,0.6547231270358302,65.9582672119141,0.8451374836329009,0.8305915962385431,low_flow,2356000.csv
2356000,2017-09-02,nighttime,6,0.9458738918877284,0.00431516848302241,0.6449999999999774,65.9582672119141,0.8451374836329009,0.8305915962385431,low_flow,2356000.csv
2356000,2017-09-03,daytime,6,0.9872679653524205,2.4212509803238371e-4,0.5592529711375137,66.2665100097656,0.8441852160457088,0.8392373923739237,low_flow,2356000.csv
2356000,2017-09-03,nighttime,6,0.9816907935594044,4.997716901821669e-4,0.8761061946902506,66.2665100097656,0.8441852160457088,0.8392373923739237,low_flow,2356000.csv
2356000,2017-09-04,daytime,6,0.9969497593608392,1.3941762264597416e-5,0.6654135338345886,67.5465850830078,0.8388882275919534,0.8446058008967187,low_flow,2356000.csv
2356000,2017-09-04,nighttime,6,0.9654487431179778,0.00177006056690704,0.8581157775255147,67.5465850830078,0.8388882275919534,0.8446058008967187,low_flow,2356000.csv
2356000,2017-09-05,daytime,6,0.987285822799648,2.4144782753161907e-4,0.9747332959012046,63.337043762207,0.8546601595048209,0.844201087172162,low_flow,2356000.csv
2356000,2017-09-05,nighttime,6,0.9662722050120192,0.00168716246682832,0.7137931034482655,63.337043762207,0.8546601595048209,0.844201087172162,low_flow,2356000.csv
2356000,2017-09-06,daytime,6,0.9906143714245026,1.3172164551369413e-4,1.149825783972171,57.3871383666992,0.8772765147006308,0.8380153156370274,low_flow,2356000.csv
2356000,2017-09-06,nighttime,6,0.9769732191161192,7.892441814264726e-4,0.892307692307684,57.3871383666992,0.8772765147006308,0.8380153156370274,low_flow,2356000.csv
2356000,2017-09-07,daytime,6,0.98008100369405,5.91198026388905e-4,0.91842900302114,54.8096084594727,0.8858469229853588,0.8190413839622267,low_flow,2356000.csv
2356000,2017-09-07,nighttime,6,0.992148530708202,9.222635090999584e-5,0.5714285714285615,54.8096084594727,0.8858469229853588,0.8190413839622267,low_flow,2356000.csv
2356000,2017-09-08,daytime,6,0.9907464370965818,1.280464555962346e-4,0.9072164948453768,52.1188850402832,0.8949529817878824,0.7923461492679443,low_flow,2356000.csv
2356000,2017-09-08,nighttime,6,0.9881968522859826,2.0814927033143096e-4,0.5687500000000004,52.1188850402832,0.8949529817878824,0.7923461492679443,low_flow,2356000.csv
2356000,2017-09-09,daytime,6,0.946884315834152,0.00415698685666758,0.7120743034055639,50.0012626647949,0.9018569217950244,0.7637622505257311,low_flow,2356000.csv
2356000,2017-09-09,nighttime,6,0.9404930270815824,0.00520626026821864,0.5334928229665051,50.0012626647949,0.9018569217950244,0.7637622505257311,low_flow,2356000.csv
2356000,2017-09-10,daytime,6,-0.8143450710459487,0.04850207488315029,-0.2210526315789332,48.7761459350586,0.90715391024878,0.732230290044836,normal_flow,2356000.csv
2356000,2017-09-10,nighttime,6,0.8960934745928019,0.01563393220244712,0.360273972602752,48.7761459350586,0.90715391024878,0.732230290044836,normal_flow,2356000.csv
2356000,2017-09-11,daytime,6,-0.7372097807744874,0.0945140736139458,-0.16304347826085383,57.3108901977539,0.8775145815974289,0.7004007459429433,normal_flow,2356000.csv
2356000,2017-09-11,nighttime,6,-0.13684210526315635,0.7960180784370922,-0.00720221606648001,57.3108901977539,0.8775145815974289,0.7004007459429433,normal_flow,2356000.csv
2356000,2017-09-12,daytime,6,0.926122727404041,0.00798517152126376,0.1362298770988421,79.2222137451172,0.7900249970241638,0.6707614172915922,normal_flow,2356000.csv
2356000,2017-09-12,nighttime,6,-0.9820923324569176,4.781554790353672e-4,-0.8953974895397618,79.2222137451172,0.7900249970241638,0.6707614172915922,normal_flow,2356000.csv
2356000,2017-09-13,daytime,6,0.7868894753646346,0.06328481957367853,0.06191950464396673,104.696014404297,0.6822997262230687,0.6430940761020514,normal_flow,2356000.csv
2356000,2017-09-13,nighttime,6,0.4152273992686986,0.4129543665511498,0.33333333333340465,104.696014404297,0.6822997262230687,0.6430940761020514,normal_flow,2356000.csv
2356000,2017-09-14,daytime,6,0.9504503646950676,0.00362192323943069,0.2872596153846183,143.737121582031,0.48327580049994046,0.6185176367892711,normal_flow,2356000.csv
2356000,2017-09-14,nighttime,6,0.9021199601689346,0.01390188332765824,0.3028169014084365,143.737121582031,0.48327580049994046,0.6185176367892711,normal_flow,2356000.csv
2356000,2017-09-15,daytime,6,0.8271681833280394,0.04222493978168973,0.6359102244389244,176.94921875,0.3953100821330794,0.597817720112685,normal_flow,2356000.csv
2356000,2017-09-15,nighttime,6,0.29277002188455864,0.5733922538253573,0.04761904761905718,176.94921875,0.3953100821330794,0.597817720112685,normal_flow,2356000.csv
2356000,2017-09-16,daytime,6,NA,NA,-9.293756589120967e-15,185.247482299805,0.3780502321152244,0.5787247549894854,normal_flow,2356000.csv
2356000,2017-09-16,nighttime,6,-0.8395560546693984,0.03654829454444089,-0.10679611650485037,185.247482299805,0.3780502321152244,0.5787247549894854,normal_flow,2356000.csv
2356000,2017-09-17,daytime,6,0.13495452798481444,0.7987971528502263,0.01760563380281413,187.598190307617,0.37215807641947385,0.5567115025988969,normal_flow,2356000.csv
2356000,2017-09-17,nighttime,6,0.2641777920640721,0.6129517835178154,0.16831683168321826,187.598190307617,0.37215807641947385,0.5567115025988969,normal_flow,2356000.csv
2356000,2017-09-18,daytime,6,0.9292735679130258,0.0073264474172448,0.17165354330708466,189.750564575195,0.3667420545173194,0.5320517398722374,normal_flow,2356000.csv
2356000,2017-09-18,nighttime,6,0.7592566023652946,0.07995964654558299,0.9333333333331808,189.750564575195,0.3667420545173194,0.5320517398722374,normal_flow,2356000.csv
2356000,2017-09-19,daytime,6,NA,NA,-2.863429491432725e-15,177.544067382812,0.3942982978216879,0.5096218704122525,normal_flow,2356000.csv
2356000,2017-09-19,nighttime,6,0.7006490497453707,0.12100391941035304,1.8000000000001315,177.544067382812,0.3942982978216879,0.5096218704122525,normal_flow,2356000.csv
2356000,2017-09-20,daytime,6,0.4571659396530245,0.3620250903945461,0.06824512534818417,157.236114501953,0.43965004166170696,0.4989921834702218,normal_flow,2356000.csv
2356000,2017-09-20,nighttime,6,0.35437465393117007,0.49068945086171384,0.8999999999996281,157.236114501953,0.43965004166170696,0.4989921834702218,normal_flow,2356000.csv
2356000,2017-09-21,daytime,6,0.9608196163497662,0.00227258074274828,0.5242718446601766,137.244750976562,0.5086299250089276,0.5033408721183986,normal_flow,2356000.csv
2356000,2017-09-21,nighttime,6,NA,NA,NA,137.244750976562,0.5086299250089276,0.5033408721183986,normal_flow,2356000.csv
2356000,2017-09-22,daytime,6,0.9202506686839342,0.00928633265510587,0.26543413667876986,123.345169067383,0.575348172836567,0.5276990834424473,normal_flow,2356000.csv
2356000,2017-09-22,nighttime,6,0.8782186844886145,0.0213429828150556,0.34831460674157055,123.345169067383,0.575348172836567,0.5276990834424473,normal_flow,2356000.csv
2356000,2017-09-23,daytime,6,0.9867264099491296,2.63112964336075e-4,0.4014084507042281,117.962020874023,0.6085585049398881,0.5614728405348569,normal_flow,2356000.csv
2356000,2017-09-23,nighttime,6,0.7878349467069323,0.06274581486007814,0.22385321100918493,117.962020874023,0.6085585049398881,0.5614728405348569,normal_flow,2356000.csv
2356000,2017-09-24,daytime,6,0.9401083347048874,0.00527310130949806,0.6012269938650403,123.859497070312,0.5716581359361981,0.5977224933539658,normal_flow,2356000.csv
2356000,2017-09-24,nighttime,6,0.9871381008802844,2.470788114375425e-4,0.5348837209302316,123.859497070312,0.5716581359361981,0.5977224933539658,normal_flow,2356000.csv
2356000,2017-09-25,daytime,6,0.938947277542537,0.00547736735439373,0.6354838709677462,130.774978637695,0.5372574693488871,0.6346863468634686,normal_flow,2356000.csv
2356000,2017-09-25,nighttime,6,0.8708070125129296,0.02395807305625223,0.4526315789473713,130.774978637695,0.5372574693488871,0.6346863468634686,normal_flow,2356000.csv
2356000,2017-09-26,daytime,6,0.9546240239897816,0.00304175470295291,0.438444924406053,129.955139160156,0.5410665396976551,0.6726857913740427,normal_flow,2356000.csv
2356000,2017-09-26,nighttime,6,0.842012099081717,0.03546856228236875,0.08593750000000316,129.955139160156,0.5410665396976551,0.6726857913740427,normal_flow,2356000.csv
2356000,2017-09-27,daytime,6,0.9554915645507996,0.00292741561550601,0.3881464264962255,114.606216430664,0.6305796928937031,0.7095504503432131,normal_flow,2356000.csv
2356000,2017-09-27,nighttime,6,0.9127206332683482,0.01109409829955467,0.3268965517241366,114.606216430664,0.6305796928937031,0.7095504503432131,normal_flow,2356000.csv
2356000,2017-09-28,daytime,6,0.9889897465495228,1.8117115882912267e-4,0.332273449920507,88.9789810180664,0.7475300559457208,0.7438281157005119,normal_flow,2356000.csv
2356000,2017-09-28,nighttime,6,0.9254102724408226,0.00813794645788612,0.4642082429500973,88.9789810180664,0.7475300559457208,0.7438281157005119,normal_flow,2356000.csv
2356000,2017-09-29,daytime,6,0.9810493305881132,5.352889499564794e-4,0.37750111160516625,64.9920501708984,0.8486489703606713,0.7739515137086854,low_flow,2356000.csv
2356000,2017-09-29,nighttime,6,0.6568905927741258,0.1563899808550713,0.05017502917153454,64.9920501708984,0.8486489703606713,0.7739515137086854,low_flow,2356000.csv
2356000,2017-09-30,daytime,6,0.9072586507531496,0.01250260457180771,0.2474916387959901,49.992546081543,0.901916438519224,0.7998849343332143,low_flow,2356000.csv
2356000,2017-09-30,nighttime,6,0.6784026035387514,0.13850674117729564,0.14809384164223327,49.992546081543,0.901916438519224,0.7998849343332143,low_flow,2356000.csv
2356000,2017-10-01,daytime,6,NA,NA,NA,44.6324043273926,0.9217950244018568,0.8234813315875095,low_flow,2356000.csv
2356000,2017-10-01,nighttime,6,0.8134956869224186,0.04893211834929255,0.06156048675733795,44.6324043273926,0.9217950244018568,0.8234813315875095,low_flow,2356000.csv
2356000,2017-10-02,daytime,6,0.9152871051256593,0.01046045034087643,0.6050420168067189,43.3135643005371,0.9266158790620164,0.8492203309129865,low_flow,2356000.csv
2356000,2017-10-02,nighttime,6,0.7656414934887762,0.0759499216514768,0.23448275862069584,43.3135643005371,0.9266158790620164,0.8492203309129865,low_flow,2356000.csv
2356000,2017-10-03,daytime,6,0.9649496861805394,0.00182125666365433,0.5771276595744769,40.3828239440918,0.9367337221759314,0.8767964131254216,low_flow,2356000.csv
2356000,2017-10-03,nighttime,6,0.8728084610700221,0.02323769887354389,0.3712948517940718,40.3828239440918,0.9367337221759314,0.8767964131254216,low_flow,2356000.csv
2356000,2017-10-04,daytime,6,0.7742128064550166,0.07071448575978992,0.24482758620688705,36.9638481140137,0.9472681823592428,0.90318612863548,low_flow,2356000.csv
2356000,2017-10-04,nighttime,6,0.9164542554712992,0.01017826703020581,0.6488549618320424,36.9638481140137,0.9472681823592428,0.90318612863548,low_flow,2356000.csv
2356000,2017-10-05,daytime,6,0.971841585481078,0.00117818111087046,0.6054333764553718,34.3691215515137,0.953815022021188,0.9216204420108716,low_flow,2356000.csv
2356000,2017-10-05,nighttime,6,0.8623037475285079,0.02713500868460079,0.3863636363636267,34.3691215515137,0.953815022021188,0.9216204420108716,low_flow,2356000.csv
2356000,2017-10-06,daytime,6,0.910624575728044,0.01162498574980241,0.6258992805755453,32.0869827270508,0.960480895131532,0.931385152561203,low_flow,2356000.csv
2356000,2017-10-06,nighttime,6,0.9495812474214892,0.00374899240694615,0.7840909090909081,32.0869827270508,0.960480895131532,0.931385152561203,low_flow,2356000.csv
2356000,2017-10-07,daytime,6,0.984124783665732,3.7603328468573913e-4,0.5437201907790166,30.631965637207,0.9643494822044996,0.9342062452882594,low_flow,2356000.csv
2356000,2017-10-07,nighttime,6,0.6078306738548308,0.20053798069339965,0.5172413793103348,30.631965637207,0.9643494822044996,0.9342062452882594,low_flow,2356000.csv
2356000,2017-10-08,daytime,6,0.9747432218016182,9.488015568529372e-4,1.120805369127611,31.3994827270508,0.962504463754315,0.9337340792762766,low_flow,2356000.csv
2356000,2017-10-08,nighttime,6,0.48507125007266216,0.32946033078190723,0.3333333333333636,31.3994827270508,0.962504463754315,0.9337340792762766,low_flow,2356000.csv
2356000,2017-10-09,daytime,6,0.9416499059918966,0.00500776694708622,0.289772727272729,32.9845733642578,0.957743125818355,0.9326588104590724,low_flow,2356000.csv
2356000,2017-10-09,nighttime,6,0.9738516810963548,0.001016662617289,0.8399999999999617,32.9845733642578,0.957743125818355,0.9326588104590724,low_flow,2356000.csv
2356000,2017-10-10,daytime,6,0.9666443091656882,0.00165034736053265,0.24027459954234015,35.5361518859863,0.9508987025354124,0.9309447288021268,low_flow,2356000.csv
2356000,2017-10-10,nighttime,6,0.9104463009115314,0.01167069324125718,0.8620689655172484,35.5361518859863,0.9508987025354124,0.9309447288021268,low_flow,2356000.csv
2356000,2017-10-11,daytime,6,0.8268720558885224,0.04236532094044849,0.12534818941504358,40.2959136962891,0.93691227234853,0.9285362853628536,low_flow,2356000.csv
2356000,2017-10-11,nighttime,6,0.343604066372021,0.5048774934981679,0.25974025974028536,40.2959136962891,0.93691227234853,0.9285362853628536,low_flow,2356000.csv
2356000,2017-10-12,daytime,6,0.9344206052487006,0.00630996828185077,0.3254437869822559,48.7925872802734,0.9070943935245804,0.9255445780264254,low_flow,2356000.csv
2356000,2017-10-12,nighttime,6,0.9328715430869844,0.00660809646723181,0.3741258741258719,48.7925872802734,0.9070943935245804,0.9255445780264254,low_flow,2356000.csv
2356000,2017-10-13,daytime,6,0.9264857265029924,0.00790787423822744,0.37341772151899866,52.4743881225586,0.8940007142006904,0.9215490219418324,low_flow,2356000.csv
2356000,2017-10-13,nighttime,6,0.7925939239012104,0.06006489793766297,0.7179487179486639,52.4743881225586,0.8940007142006904,0.9215490219418324,low_flow,2356000.csv
2356000,2017-10-14,daytime,6,0.971709654773066,0.00118919445074893,0.28612716763006,53.4641571044922,0.8909653612665159,0.915514026108003,low_flow,2356000.csv
2356000,2017-10-14,nighttime,6,0.640184399664481,0.17090872830337736,2.499999999999626,53.4641571044922,0.8909653612665159,0.915514026108003,low_flow,2356000.csv
2356000,2017-10-15,daytime,6,0.923183363021156,0.00862455393387973,0.4121621621621625,52.1259346008301,0.8948339483394834,0.9078800142840138,low_flow,2356000.csv
2356000,2017-10-15,nighttime,6,0.9692742222364106,0.00140160643373115,0.7169811320754738,52.1259346008301,0.8948339483394834,0.9078800142840138,low_flow,2356000.csv
2356000,2017-10-16,daytime,6,0.3721042037676263,0.46760475460939666,0.4499999999999696,49.0966835021973,0.9056659921437924,0.8996746419077094,low_flow,2356000.csv
2356000,2017-10-16,nighttime,6,0.7730521080451072,0.07141350368286774,0.1593625498008085,49.0966835021973,0.9056659921437924,0.8996746419077094,low_flow,2356000.csv
2356000,2017-10-17,daytime,6,NA,NA,NA,50.5429801940918,0.9009046542078324,0.8921279212792128,low_flow,2356000.csv
2356000,2017-10-17,nighttime,6,0.7954545454545435,0.05847929188580121,0.14462809917355782,50.5429801940918,0.9009046542078324,0.8921279212792128,low_flow,2356000.csv
2356000,2017-10-18,daytime,6,0.7753981145352724,0.07000387629341341,0.9565217391304892,50.6121597290039,0.9006070705868349,0.8866325437447923,low_flow,2356000.csv
2356000,2017-10-18,nighttime,6,0.8304547985373998,0.0406815258274865,0.06896551724137849,50.6121597290039,0.9006070705868349,0.8866325437447923,low_flow,2356000.csv
2356000,2017-10-20,daytime,6,0.9404686745452128,0.00521047919059873,0.302904564315351,52.5235939025879,0.8938816807522914,0.8790937586795222,low_flow,2356000.csv
2356000,2017-10-20,nighttime,6,0.48737732496649305,0.32681900275889064,0.03958944281525879,52.5235939025879,0.8938816807522914,0.8790937586795222,low_flow,2356000.csv
2356000,2017-10-21,daytime,6,0.9447780870674424,0.00448999100375954,0.3661971830985929,59.344123840332,0.8699559576240924,0.8776336150458278,low_flow,2356000.csv
2356000,2017-10-21,nighttime,6,0.9190396701337078,0.00956653224053345,0.28867235079173265,59.344123840332,0.8699559576240924,0.8776336150458278,low_flow,2356000.csv
2356000,2017-10-22,daytime,6,0.8033448064982566,0.05420724847795123,0.11624548736461636,64.7692108154297,0.8498393048446613,0.8762448914811729,low_flow,2356000.csv
2356000,2017-10-22,nighttime,6,0.41164532264774134,0.4174090512192998,0.1477272727273002,64.7692108154297,0.8498393048446613,0.8762448914811729,low_flow,2356000.csv
2356000,2017-10-23,daytime,6,0.9276950549911752,0.00765300229944901,0.2906976744185977,67.3996505737305,0.8394238781097488,0.8740308693409514,low_flow,2356000.csv
2356000,2017-10-23,nighttime,6,0.8665069303180503,0.02554114955333843,0.7758620689654768,67.3996505737305,0.8394238781097488,0.8740308693409514,low_flow,2356000.csv
2356000,2017-10-24,daytime,6,0.6098393434075905,0.1986418380261321,0.09597523219813577,66.1616668701172,0.8445423163909058,0.8707138039122326,low_flow,2356000.csv
2356000,2017-10-24,nighttime,6,0.940155600816617,0.00526486623767827,0.3480613165013539,66.1616668701172,0.8445423163909058,0.8707138039122326,low_flow,2356000.csv
2356000,2017-10-25,daytime,6,0.8761498198802707,0.02205843994597871,0.4341846758349791,59.596923828125,0.8684680395191049,0.8674879974606198,low_flow,2356000.csv
2356000,2017-10-25,nighttime,6,NA,NA,9.783691040833162e-15,59.596923828125,0.8684680395191049,0.8674879974606198,low_flow,2356000.csv
2356000,2017-10-26,daytime,6,0.906570971123877,0.01268570493231816,0.34745762711863293,59.597484588623,0.8684085227949053,0.865043843986827,low_flow,2356000.csv
2356000,2017-10-26,nighttime,6,NA,NA,5.312781266951952e-15,59.597484588623,0.8684085227949053,0.865043843986827,low_flow,2356000.csv
2356000,2017-10-27,daytime,6,0.9129248245099796,0.01104302353728668,0.4721723518851163,60.9701881408691,0.8625163670991549,0.8630282109272706,low_flow,2356000.csv
2356000,2017-10-27,nighttime,6,0.7372097807744896,0.09451407361394416,0.16304347826088697,60.9701881408691,0.8625163670991549,0.8630282109272706,low_flow,2356000.csv
2356000,2017-10-28,daytime,6,0.8565569680833839,0.02938812012369778,0.2882352941176529,58.8004379272461,0.8720985596952744,0.8610482879022339,low_flow,2356000.csv
2356000,2017-10-28,nighttime,6,0.8452799188812758,0.03405558712228741,0.5762081784386544,58.8004379272461,0.8720985596952744,0.8610482879022339,low_flow,2356000.csv
2356000,2017-10-29,daytime,6,NA,NA,NA,59.288215637207,0.8701345077966909,0.8606118319247709,low_flow,2356000.csv
2356000,2017-10-29,nighttime,6,NA,NA,9.86175869724026e-15,59.288215637207,0.8701345077966909,0.8606118319247709,low_flow,2356000.csv
2356000,2017-10-30,daytime,6,0.8395463943565407,0.03655257146066564,1.1538461538461713,61.1627616882324,0.8616236162361623,0.8624449470301154,low_flow,2356000.csv
2356000,2017-10-30,nighttime,6,0.7341495086925958,0.09662003663104636,0.09799554565702824,61.1627616882324,0.8616236162361623,0.8624449470301154,low_flow,2356000.csv
2356000,2017-10-31,daytime,6,0.9349534378964988,0.00620897506346269,0.32499999999999996,63.0624809265137,0.8559100107130103,0.8662936951950164,low_flow,2356000.csv
2356000,2017-10-31,nighttime,6,NA,NA,-0,63.0624809265137,0.8559100107130103,0.8662936951950164,low_flow,2356000.csv
2356000,2017-11-01,daytime,6,0.9413728181408836,0.0050549645740322,0.3291536050156804,63.9283905029297,0.8525175574336389,0.8715708447407055,low_flow,2356000.csv
2356000,2017-11-01,nighttime,6,0.5632257083923223,0.2444955677848176,0.2003514938488573,63.9283905029297,0.8525175574336389,0.8715708447407055,low_flow,2356000.csv
2356000,2017-11-02,daytime,6,NA,NA,0,60.6134033203125,0.8639447684799428,0.8765861206999167,low_flow,2356000.csv
2356000,2017-11-02,nighttime,6,0.31483366180271355,0.5433527005055069,0.03812316715542601,60.6134033203125,0.8639447684799428,0.8765861206999167,low_flow,2356000.csv
2356000,2017-11-03,daytime,6,0.6836559403266633,0.13428150737070993,0.0916442048517513,58.754753112793,0.8721580764194738,0.8820021426020712,low_flow,2356000.csv
2356000,2017-11-03,nighttime,6,0.6659120918162899,0.14877752969184577,0.12669683257916656,58.754753112793,0.8721580764194738,0.8820021426020712,low_flow,2356000.csv
2356000,2017-11-04,daytime,6,NA,NA,0,60.518856048584,0.8641828353767409,0.8874261000674523,low_flow,2356000.csv
2356000,2017-11-04,nighttime,6,0.6228318096301978,0.18655657614739932,0.3422818791946055,60.518856048584,0.8641828353767409,0.8874261000674523,low_flow,2356000.csv
2356000,2017-11-06,daytime,6,0.5589565568382112,0.2488832430811916,0.13783783783783368,57.3800239562988,0.8773360314248304,0.8934055469586955,low_flow,2356000.csv
2356000,2017-11-06,nighttime,6,0.774403092662369,0.07060018639246583,0.6896551724137064,57.3800239562988,0.8773360314248304,0.8934055469586955,low_flow,2356000.csv
2356000,2017-11-07,daytime,6,NA,NA,-1.2117176312397476e-14,51.4547348022461,0.8971551005832639,0.8960798317660597,low_flow,2356000.csv
2356000,2017-11-07,nighttime,6,0.9649012813540178,0.00182626066825973,0.9310344827585916,51.4547348022461,0.8971551005832639,0.8960798317660597,low_flow,2356000.csv
2356000,2017-11-08,daytime,6,NA,NA,-9.967432977839195e-15,44.1531524658203,0.923699559576241,0.8994207038844582,low_flow,2356000.csv
2356000,2017-11-08,nighttime,6,NA,NA,2.1755839288169568e-14,44.1531524658203,0.923699559576241,0.8994207038844582,low_flow,2356000.csv
2356000,2017-11-09,daytime,6,-0.6078306738548331,0.20053798069339748,-0.714285714285818,37.9724349975586,0.9436971789072728,0.9032615164861326,low_flow,2356000.csv
2356000,2017-11-09,nighttime,6,-0.5499266813300709,0.25826421409310846,-0.16129032258064083,37.9724349975586,0.9436971789072728,0.9032615164861326,low_flow,2356000.csv
2356000,2017-11-10,daytime,6,0.8285714285714254,0.04156268221574488,0.11836734693875696,36.0964164733887,0.949648851327223,0.9061778359719082,low_flow,2356000.csv
2356000,2017-11-10,nighttime,6,-0.362738125055008,0.4797571627500548,-0.03289473684209543,36.0964164733887,0.949648851327223,0.9061778359719082,low_flow,2356000.csv
2356000,2017-11-11,daytime,6,0.746003846592251,0.08857790916338024,0.8000000000001044,37.9544486999512,0.9438757290798716,0.907856207594334,low_flow,2356000.csv
2356000,2017-11-11,nighttime,6,-0.9523564477355704,0.00335078886661936,-0.25877192982454483,37.9544486999512,0.9438757290798716,0.907856207594334,low_flow,2356000.csv
2356000,2017-11-12,daytime,6,NA,NA,-0,43.6225547790527,0.925485061302226,0.9097567749871048,low_flow,2356000.csv
2356000,2017-11-12,nighttime,6,NA,NA,-0,43.6225547790527,0.925485061302226,0.9097567749871048,low_flow,2356000.csv
2356000,2017-11-13,daytime,6,0.8562832343890612,0.02949756348241109,0.32824427480916135,48.894905090332,0.906439709558386,0.9122683807483236,low_flow,2356000.csv
2356000,2017-11-13,nighttime,6,NA,NA,-0,48.894905090332,0.906439709558386,0.9122683807483236,low_flow,2356000.csv
2356000,2017-11-14,daytime,6,0.7181848464596129,0.10793882229227283,0.14736842105265277,50.1331214904785,0.9017378883466254,0.9141491092330278,low_flow,2356000.csv
2356000,2017-11-14,nighttime,6,NA,NA,0,50.1331214904785,0.9017378883466254,0.9141491092330278,low_flow,2356000.csv
2356000,2017-11-15,daytime,6,0.6546536707079771,0.1583024233754579,0.8571428571429522,49.0527191162109,0.9060230924889894,0.9130976471055032,low_flow,2356000.csv
2356000,2017-11-15,nighttime,6,0.6597682302498784,0.15394426944427272,0.2352941176470396,49.0527191162109,0.9060230924889894,0.9130976471055032,low_flow,2356000.csv
2356000,2017-11-16,daytime,6,NA,NA,-3.4404583060358763e-14,47.9010124206543,0.9101297464587548,0.9086457961353808,low_flow,2356000.csv
2356000,2017-11-16,nighttime,6,NA,NA,2.6427917573479743e-14,47.9010124206543,0.9101297464587548,0.9086457961353808,low_flow,2356000.csv
2356000,2017-11-17,daytime,6,0.6030226891555251,0.20510645520407952,0.2045454545454415,48.5970077514648,0.9076895607665754,0.902329087807007,low_flow,2356000.csv
2356000,2017-11-17,nighttime,6,0.6600884029107188,0.15367316583305465,0.35315985130113436,48.5970077514648,0.9076895607665754,0.902329087807007,low_flow,2356000.csv
2356000,2017-11-18,daytime,6,NA,NA,-1.6713095082301546e-14,51.4342651367188,0.8973336507558624,0.896627385628695,low_flow,2356000.csv
2356000,2017-11-18,nighttime,6,NA,NA,2.312290279819687e-14,51.4342651367188,0.8973336507558624,0.896627385628695,low_flow,2356000.csv
2356000,2017-11-19,daytime,6,NA,NA,-2.604780758311347e-14,52.9971046447754,0.8926913462683014,0.8935761615680673,low_flow,2356000.csv
2356000,2017-11-19,nighttime,6,NA,NA,4.4387752641631246e-14,52.9971046447754,0.8926913462683014,0.8935761615680673,low_flow,2356000.csv
2356000,2017-11-20,daytime,6,NA,NA,-2.9472441324017715e-14,50.4827651977539,0.9010832043804308,0.8938142284648652,low_flow,2356000.csv
2356000,2017-11-20,nighttime,6,0.607376283778002,0.20096793684944028,0.11900191938580422,50.4827651977539,0.9010832043804308,0.8938142284648652,low_flow,2356000.csv
2356000,2017-11-21,daytime,6,NA,NA,-2.512014433273005e-14,49.1329879760742,0.9055469586953934,0.8964448676744832,low_flow,2356000.csv
2356000,2017-11-21,nighttime,6,NA,NA,1.7180576948596463e-14,49.1329879760742,0.9055469586953934,0.8964448676744832,low_flow,2356000.csv
2356000,2017-11-22,daytime,6,0.9276402937292006,0.00766445556419291,0.31453362255964973,56.3622894287109,0.8813831686703963,0.9000595167241995,low_flow,2356000.csv
2356000,2017-11-22,nighttime,6,-0.4264014327112168,0.3991616175432847,-0.24999999999996425,56.3622894287109,0.8813831686703963,0.9000595167241995,low_flow,2356000.csv
2356000,2017-11-23,daytime,6,0.8724024145144699,0.02338299841230758,0.6561085972850181,62.6353759765625,0.8569217950244019,0.9040114272110464,low_flow,2356000.csv
2356000,2017-11-23,nighttime,6,NA,NA,2.900778571755907e-14,62.6353759765625,0.8569217950244019,0.9040114272110464,low_flow,2356000.csv
2356000,2017-11-24,daytime,6,NA,NA,-1.8618950832665004e-14,64.9360656738281,0.84894655398166885,0.9080784033646788,low_flow,2356000.csv
2356000,2017-11-24,nighttime,6,NA,NA,3.6009665028693004e-14,64.9360656738281,0.84894655398166885,0.9080784033646788,low_flow,2356000.csv
2356000,2017-11-25,daytime,6,0.6961061401749532,0.12449469349808236,0.38255033557045065,60.5674057006836,0.8641233186525413,0.9123715430702694,low_flow,2356000.csv
2356000,2017-11-25,nighttime,6,NA,NA,2.2354623855732762e-14,60.5674057006836,0.8641233186525413,0.9123715430702694,low_flow,2356000.csv
2356000,2017-11-26,daytime,6,NA,NA,-1.4647495758370733e-14,51.2796516418457,0.8981073681704559,0.9173431734317344,low_flow,2356000.csv
2356000,2017-11-26,nighttime,6,NA,NA,9.073525390326256e-15,51.2796516418457,0.8981073681704559,0.9173431734317344,low_flow,2356000.csv
2356000,2017-11-27,daytime,6,0.6337502222976333,0.1766441784084039,0.2295081967213039,42.6947364807129,0.929056064754196,0.9224378050232116,low_flow,2356000.csv
2356000,2017-11-27,nighttime,6,NA,NA,7.567248448058584e-15,42.6947364807129,0.929056064754196,0.9224378050232116,low_flow,2356000.csv
2356000,2017-11-28,daytime,6,NA,NA,-8.408820290048632e-15,37.326976776123,0.9458992977026544,0.9269253660278538,low_flow,2356000.csv
2356000,2017-11-28,nighttime,6,NA,NA,8.583625994072726e-15,37.326976776123,0.9458992977026544,0.9269253660278538,low_flow,2356000.csv
2356000,2017-11-29,daytime,6,0.8346515337313236,0.03874984988008816,0.1614173228346463,33.4819984436035,0.95595762409237,0.9310558266872992,low_flow,2356000.csv
2356000,2017-11-29,nighttime,6,0.7855844048495728,0.06403229479350912,0.17142857142857296,33.4819984436035,0.95595762409237,0.9310558266872992,low_flow,2356000.csv
2356000,2017-11-30,daytime,6,NA,NA,-6.87161453061772e-15,30.292797088623,0.9653017497916916,0.9364004285204144,low_flow,2356000.csv
2356000,2017-11-30,nighttime,6,0.939748164582454,0.00533605987963703,0.35153583617749623,30.292797088623,0.9653017497916916,0.9364004285204144,low_flow,2356000.csv
2356000,2017-12-01,daytime,6,NA,NA,-8.968345977306093e-15,28.5428142547607,0.9711343887632424,0.9416894814109432,low_flow,2356000.csv
2356000,2017-12-01,nighttime,6,NA,NA,1.9688542342233615e-14,28.5428142547607,0.9711343887632424,0.9416894814109432,low_flow,2356000.csv
2356000,2017-12-02,daytime,6,NA,NA,-7.066231374045899e-15,28.1632518768311,0.9720866563504345,0.9441177637582828,low_flow,2356000.csv
2356000,2017-12-02,nighttime,6,0.715247472815118,0.11008156540266072,0.0947368421052782,28.1632518768311,0.9720866563504345,0.9441177637582828,low_flow,2356000.csv
2356000,2017-12-03,daytime,6,0.774596669241465,0.07048399691023097,0.9999999999999732,28.2633056640625,0.971908106177836,0.9403880490417807,low_flow,2356000.csv
2356000,2017-12-03,nighttime,6,0.619686388584061,0.18945368023352743,0.10378681626928682,28.2633056640625,0.971908106177836,0.9403880490417807,low_flow,2356000.csv
2356000,2017-12-04,daytime,6,NA,NA,-2.2635249312119083e-14,29.0742721557617,0.9691108201404596,0.926544458992977,low_flow,2356000.csv
2356000,2017-12-04,nighttime,6,NA,NA,3.7526800853941135e-14,29.0742721557617,0.9691108201404596,0.926544458992977,low_flow,2356000.csv
2356000,2017-12-05,daytime,6,0.5405728629638327,0.2681235417279298,0.03746397694523218,29.3295288085938,0.9683966194500656,0.9020791175653692,low_flow,2356000.csv
2356000,2017-12-05,nighttime,6,0.8736257401251507,0.02294655321418708,0.3619402985074732,29.3295288085938,0.9683966194500656,0.9020791175653692,low_flow,2356000.csv
2356000,2017-12-06,daytime,6,NA,NA,NA,29.6544799804688,0.9675038685870728,0.8749474268936238,low_flow,2356000.csv
2356000,2017-12-06,nighttime,6,0,1,8.703348158047178e-14,29.6544799804688,0.9675038685870728,0.8749474268936238,low_flow,2356000.csv
2356000,2017-12-07,daytime,6,0.5188745216627721,0.29153671080659993,0.35897435897435337,31.8607158660889,0.961552196167123,0.8486807126135778,low_flow,2356000.csv
2356000,2017-12-07,nighttime,6,NA,NA,2.292830966896788e-14,31.8607158660889,0.961552196167123,0.8486807126135778,low_flow,2356000.csv
2356000,2017-12-08,daytime,6,-0.5061366753560121,0.3056245998626725,-0.11138014527843525,40.535457611084,0.9362575883823354,0.8262349720271396,low_flow,2356000.csv
2356000,2017-12-08,nighttime,6,-0.6863547206421537,0.13213287170776775,-0.1095541401273881,40.535457611084,0.9362575883823354,0.8262349720271396,low_flow,2356000.csv
2356000,2017-12-09,daytime,6,-0.6180314431495363,0.19098536553237488,-0.6206896551723947,54.9114799499512,0.8853707891917629,0.8086180216640876,low_flow,2356000.csv
2356000,2017-12-09,nighttime,6,0.7793984233109448,0.06762978945487738,0.39306358381506007,54.9114799499512,0.8853707891917629,0.8086180216640876,low_flow,2356000.csv
2356000,2017-12-10,daytime,6,0.9524241471993264,0.00334134959257918,0.6410256410256573,74.9419631958008,0.8081775979050113,0.7950124985120819,low_flow,2356000.csv
2356000,2017-12-10,nighttime,6,-0.8613567692141099,0.02750042185503794,-0.38709677419353145,74.9419631958008,0.8081775979050113,0.7950124985120819,low_flow,2356000.csv
2356000,2017-12-11,daytime,6,0.6961061401749394,0.124494693498093,0.9499999999999652,102.855651855469,0.6904535174384002,0.7846962663175019,low_flow,2356000.csv
2356000,2017-12-11,nighttime,6,NA,NA,1.4801626729780185e-14,102.855651855469,0.6904535174384002,0.7846962663175019,low_flow,2356000.csv
2356000,2017-12-12,daytime,6,0.7323977713970796,0.09783480385530044,0.38554216867469104,125.689888000488,0.5620759433400786,0.7763480538031187,low_flow,2356000.csv
2356000,2017-12-12,nighttime,6,NA,NA,1.3597399555105236e-14,125.689888000488,0.5620759433400786,0.7763480538031187,low_flow,2356000.csv
2356000,2017-12-13,daytime,6,-0.7827248736613023,0.0656841065030279,-0.06962025316456959,130.376129150391,0.5389239376264731,0.7687061064159029,low_flow,2356000.csv
2356000,2017-12-13,nighttime,6,NA,NA,2.175583928817057e-14,130.376129150391,0.5389239376264731,0.7687061064159029,low_flow,2356000.csv
2356000,2017-12-14,daytime,6,NA,NA,-1.0948708709012968e-14,125.718132019043,0.5619569098916796,0.7602666349244138,low_flow,2356000.csv
2356000,2017-12-14,nighttime,6,-0.5,0.31250000000000006,-0.25000000000000083,125.718132019043,0.5619569098916796,0.7602666349244138,low_flow,2356000.csv
2356000,2017-12-15,daytime,6,-0.5395637425347138,0.2691957213007649,-0.3064516129032749,114.87174987793,0.6286156409951196,0.7511486727770503,low_flow,2356000.csv
2356000,2017-12-15,nighttime,6,NA,NA,2.2900883461229434e-14,114.87174987793,0.6286156409951196,0.7511486727770503,low_flow,2356000.csv
2356000,2017-12-16,daytime,6,NA,NA,-1.0284578572588432e-14,99.0160522460938,0.7068801333174622,0.7428163313891204,normal_flow,2356000.csv
2356000,2017-12-16,nighttime,6,0.6625413488689169,0.15160289612370015,0.5200000000000201,99.0160522460938,0.7068801333174622,0.7428163313891204,normal_flow,2356000.csv
2356000,2017-12-17,daytime,6,NA,NA,-1.309200948314554e-14,83.9311218261719,0.7680038090703488,0.7369202079117565,normal_flow,2356000.csv
2356000,2017-12-17,nighttime,6,0.1700235286337404,0.7474222271568358,0.13201320132017574,83.9311218261719,0.7680038090703488,0.7369202079117565,normal_flow,2356000.csv
2356000,2017-12-18,daytime,6,0.7319250547113989,0.09816377187345436,0.0892857142856986,72.6499633789062,0.8171646232591359,0.735761615680673,normal_flow,2356000.csv
2356000,2017-12-18,nighttime,6,NA,NA,-2.189741741802628e-14,72.6499633789062,0.8171646232591359,0.735761615680673,normal_flow,2356000.csv
2356000,2017-12-19,daytime,6,NA,NA,-2.3935697448672454e-14,66.2949066162109,0.8438876324247113,0.7419077093996747,normal_flow,2356000.csv
2356000,2017-12-19,nighttime,6,-0.964901281354014,0.00182626066826012,-0.9310344827586662,66.2949066162109,0.8438876324247113,0.7419077093996747,normal_flow,2356000.csv
2356000,2017-12-20,daytime,6,NA,NA,-6.762125779944728e-15,63.6345520019531,0.8537674086418283,0.7551839066777765,low_flow,2356000.csv
2356000,2017-12-20,nighttime,6,-0.7328409360587402,0.09752684726979448,-0.4670050761421981,63.6345520019531,0.8537674086418283,0.7551839066777765,low_flow,2356000.csv
2356000,2017-12-21,daytime,6,-0.1635247121743733,0.7568992842437547,-0.01215469613260301,67.0595474243164,0.8409117962147363,0.7690036900369004,low_flow,2356000.csv
2356000,2017-12-21,nighttime,6,NA,NA,1.1350872672088018e-14,67.0595474243164,0.8409117962147363,0.7690036900369004,low_flow,2356000.csv
2356000,2017-12-22,daytime,6,NA,NA,-1.1301734695152478e-14,70.8984909057617,0.8247827639566718,0.7806927746696822,low_flow,2356000.csv
2356000,2017-12-22,nighttime,6,0.9258200997725514,0.00804989310083773,0.7500000000000007,70.8984909057617,0.8247827639566718,0.7806927746696822,low_flow,2356000.csv
2356000,2017-12-23,daytime,6,NA,NA,-7.061561200932864e-15,74.1204681396484,0.8112724675633853,0.7871404197912947,low_flow,2356000.csv
2356000,2017-12-23,nighttime,6,0.7465859537202165,0.08819106065053836,0.5202312138728534,74.1204681396484,0.8112724675633853,0.7871404197912947,low_flow,2356000.csv
2356000,2017-12-24,daytime,6,NA,NA,-2.0082313189077847e-14,77.7783126831055,0.7969289370313059,0.7878308137920089,low_flow,2356000.csv
2356000,2017-12-24,nighttime,6,NA,NA,NA,77.7783126831055,0.7969289370313059,0.7878308137920089,low_flow,2356000.csv
2356000,2017-12-25,daytime,6,-0.6565321642986109,0.15669575447850737,-0.3448275862068911,79.1201858520508,0.7907987144387573,0.7847994286394477,low_flow,2356000.csv
2356000,2017-12-25,nighttime,6,0.6929023281557303,0.12698243597424144,0.20312499999999825,79.1201858520508,0.7907987144387573,0.7847994286394477,low_flow,2356000.csv
2356000,2017-12-26,daytime,6,0.6884266178393436,0.13049350259849657,0.9009900990098616,80.7649993896484,0.7826449232234258,0.7787644328056184,low_flow,2356000.csv
2356000,2017-12-26,nighttime,6,0.6704783996548074,0.14498626099065903,0.06422018348624124,80.7649993896484,0.7826449232234258,0.7787644328056184,low_flow,2356000.csv
2356000,2017-12-27,daytime,6,-0.850962943396763,0.03166285751402816,-0.9999999999998704,85.6203765869141,0.7612189025116057,0.7700908621989446,low_flow,2356000.csv
2356000,2017-12-27,nighttime,6,NA,NA,1.740467143052872e-13,85.6203765869141,0.7612189025116057,0.7700908621989446,low_flow,2356000.csv
2356000,2017-12-28,daytime,6,-0.913500278391144,0.01089969856959252,-0.8800000000000006,89.3799667358398,0.7462206880133317,0.760111891441495,low_flow,2356000.csv
2356000,2017-12-28,nighttime,6,NA,NA,-1.1301734695155432e-14,89.3799667358398,0.7462206880133317,0.760111891441495,low_flow,2356000.csv
2356000,2017-12-29,daytime,6,0.9078412990032056,0.01234847690860213,0.769230769230758,91.4251022338867,0.7372931793834068,0.7527953021465699,low_flow,2356000.csv
2356000,2017-12-29,nighttime,6,NA,NA,2.6776417585439447e-14,91.4251022338867,0.7372931793834068,0.7527953021465699,low_flow,2356000.csv
2356000,2017-12-30,daytime,6,0.973387300887271,0.00105292959858507,0.4789473684210469,94.4001007080078,0.7253303178193072,0.7496091735110899,normal_flow,2356000.csv
2356000,2017-12-30,nighttime,6,NA,NA,1.8100858287757096e-14,94.4001007080078,0.7253303178193072,0.7496091735110899,normal_flow,2356000.csv
2356000,2017-12-31,daytime,6,NA,NA,1.0877919644085092e-14,96.3030395507812,0.7172360433281753,0.749795659246915,normal_flow,2356000.csv
2356000,2017-12-31,nighttime,6,0.6201736729460418,0.1890036584551758,0.5128205128205557,96.3030395507812,0.7172360433281753,0.749795659246915,normal_flow,2356000.csv
2356000,2018-01-01,daytime,6,-0.5813183589761896,0.2262452187420404,-0.2413793103448647,95.0567245483398,0.7225330317819307,0.7529500456294885,low_flow,2356000.csv
2356000,2018-01-01,nighttime,6,NA,NA,1.2293262348705082e-14,95.0567245483398,0.7225330317819307,0.7529500456294885,low_flow,2356000.csv
2356000,2018-01-02,daytime,6,0.9869275424396524,2.552167494419687e-4,0.7142857142856748,94.0708389282227,0.7266396857516962,0.757850255921914,low_flow,2356000.csv
2356000,2018-01-02,nighttime,6,NA,NA,9.684634341315026e-15,94.0708389282227,0.7266396857516962,0.757850255921914,low_flow,2356000.csv
2356000,2018-01-03,daytime,6,0.1315903389919567,0.8037538018063676,0.1111111111110902,97.2105255126953,0.7137840733246043,0.7645756457564575,low_flow,2356000.csv
2356000,2018-01-03,nighttime,6,NA,NA,1.9688542342233783e-14,97.2105255126953,0.7137840733246043,0.7645756457564575,low_flow,2356000.csv
2356000,2018-01-04,daytime,6,NA,NA,-0,99.699951171875,0.7040828472800857,0.7730825695353728,low_flow,2356000.csv
2356000,2018-01-04,nighttime,6,NA,NA,2.2313681321198672e-14,99.699951171875,0.7040828472800857,0.7730825695353728,low_flow,2356000.csv
2356000,2018-01-05,daytime,6,NA,NA,0,92.9541015625,0.7311629567908582,0.7815934610959013,low_flow,2356000.csv
2356000,2018-01-05,nighttime,6,NA,NA,-0,92.9541015625,0.7311629567908582,0.7815934610959013,low_flow,2356000.csv
2356000,2018-01-06,daytime,6,NA,NA,0,82.1650695800781,0.7769908344244733,0.7892235051382772,low_flow,2356000.csv
2356000,2018-01-06,nighttime,6,NA,NA,-0,82.1650695800781,0.7769908344244733,0.7892235051382772,low_flow,2356000.csv
2356000,2018-01-07,daytime,6,-0.5215164757198953,0.2886461644807803,-1.150000000000021,73.3268356323242,0.8140697536007618,0.7961314129270325,low_flow,2356000.csv
2356000,2018-01-07,nighttime,6,NA,NA,1.9174638016690684e-14,73.3268356323242,0.8140697536007618,0.7961314129270325,low_flow,2356000.csv
2356000,2018-01-08,daytime,6,0.866400225443974,0.02558104515003197,0.4415584415584228,66.2438659667969,0.8442447327699083,0.8006507161845812,low_flow,2356000.csv
2356000,2018-01-08,nighttime,6,0.7454993164109763,0.08891381619389417,0.4250000000000326,66.2438659667969,0.8442447327699083,0.8006507161845812,low_flow,2356000.csv
2356000,2018-01-09,daytime,6,-0.8377958064808632,0.03733148817457576,-0.10681114551084434,60.5055923461914,0.8643018688251398,0.8033448399000119,low_flow,2356000.csv
2356000,2018-01-09,nighttime,6,NA,NA,-2.9384510207396144e-14,60.5055923461914,0.8643018688251398,0.8033448399000119,low_flow,2356000.csv
2356000,2018-01-10,daytime,6,-0.895935124168518,0.0156807623705219,-0.2427325581395392,55.6074180603027,0.8835257707415783,0.8068483910645559,low_flow,2356000.csv
2356000,2018-01-10,nighttime,6,-0.964895976477806,0.0018268094892884,-0.390697674418618,55.6074180603027,0.8835257707415783,0.8068483910645559,low_flow,2356000.csv
2356000,2018-01-11,daytime,6,-0.95954093294485,0.00242228970660119,-0.26256239600665776,54.0193824768066,0.8888227591953339,0.8116692457247153,low_flow,2356000.csv
2356000,2018-01-11,nighttime,6,NA,NA,4.3511678576344286e-14,54.0193824768066,0.8888227591953339,0.8116692457247153,low_flow,2356000.csv
2356000,2018-01-12,daytime,6,-0.9428090415820636,0.00481267833004417,-0.2500000000000123,58.2793464660645,0.8738840614212594,0.8175614014204658,low_flow,2356000.csv
2356000,2018-01-12,nighttime,6,-0.674199862463246,0.14192744777405217,-0.22727272727274547,58.2793464660645,0.8738840614212594,0.8175614014204658,low_flow,2356000.csv
2356000,2018-01-13,daytime,6,-0.871211046888785,0.02381180659819586,-0.35351089588381457,64.090950012207,0.8517438400190454,0.8223663849541721,low_flow,2356000.csv
2356000,2018-01-13,nighttime,6,NA,NA,8.676815669182011e-15,64.090950012207,0.8517438400190454,0.8223663849541721,low_flow,2356000.csv
2356000,2018-01-14,daytime,6,0.725476250110014,0.10270042749551014,0.26315789473679546,69.8947372436523,0.8289489346506368,0.8251636709915486,low_flow,2356000.csv
2356000,2018-01-14,nighttime,6,NA,NA,1.9801721986835846e-14,69.8947372436523,0.8289489346506368,0.8251636709915486,low_flow,2356000.csv
2356000,2018-01-15,daytime,6,0.8146182794269192,0.04836412394153244,1.1875000000000313,80.3175048828125,0.7850255921914058,0.8264492322342578,low_flow,2356000.csv
2356000,2018-01-15,nighttime,6,-0.6788386537375568,0.1381538845425097,-0.07945205479451994,80.3175048828125,0.7850255921914058,0.8264492322342578,low_flow,2356000.csv
2356000,2018-01-16,daytime,6,0.9128709291752756,0.01105649339345041,0.7499999999999909,85.1707458496094,0.7629448875133913,0.8253580922906003,low_flow,2356000.csv
2356000,2018-01-16,nighttime,6,-0.7175608803587876,0.10839243802227298,-0.1170212765957363,85.1707458496094,0.7629448875133913,0.8253580922906003,low_flow,2356000.csv
2356000,2018-01-17,daytime,6,0.9659078181565416,0.00172360301719083,1.0396039603960312,81.5668258666992,0.7791929532198548,0.821914057850256,low_flow,2356000.csv
2356000,2018-01-17,nighttime,6,NA,NA,1.45038928587795e-14,81.5668258666992,0.7791929532198548,0.821914057850256,low_flow,2356000.csv
2356000,2018-01-18,daytime,6,0.3114959116429892,0.5478683104271069,0.2079207920791928,80.1160202026367,0.7860968932269968,0.8159504820854661,low_flow,2356000.csv
2356000,2018-01-18,nighttime,6,NA,NA,1.9338523811704755e-14,80.1160202026367,0.7860968932269968,0.8159504820854661,low_flow,2356000.csv
2356000,2018-01-19,daytime,6,0.8118867365816045,0.04975155541909606,0.3064516129032219,78.7899322509766,0.7924651827163433,0.80926477006705555,low_flow,2356000.csv
2356000,2018-01-19,nighttime,6,-0.8009507034596408,0.05548770516591626,-0.3311081441922483,78.7899322509766,0.7924651827163433,0.80926477006705555,low_flow,2356000.csv
2356000,2018-01-20,daytime,6,NA,NA,-1.4584151554440083e-14,76.0835800170898,0.8032377097964528,0.8046383367059478,low_flow,2356000.csv
2356000,2018-01-20,nighttime,6,-0.9353472471685056,0.00613484411629336,-0.2584856396866742,76.0835800170898,0.8032377097964528,0.8046383367059478,low_flow,2356000.csv
2356000,2018-01-21,daytime,6,-0.7854946391628421,0.06408385543988546,-0.2193784277879462,72.2338256835938,0.8189501249851208,0.8019005673927707,low_flow,2356000.csv
2356000,2018-01-21,nighttime,6,-0.9999999999999998,7.395570986446979e-32,-1.3333333333333142,72.2338256835938,0.8189501249851208,0.8019005673927707,low_flow,2356000.csv
2356000,2018-01-22,daytime,6,-0.9299838993100936,0.00718176316643637,-0.18354627609847893,68.6995315551758,0.8333531722413998,0.7952624687537198,low_flow,2356000.csv
2356000,2018-01-22,nighttime,6,-0.7994208710304773,0.05631313201486107,-0.8868778280543121,68.6995315551758,0.8333531722413998,0.7952624687537198,low_flow,2356000.csv
2356000,2018-01-23,daytime,6,-0.8039726984771053,0.05387371297141666,-0.20149253731344585,70.1740112304688,0.8278776336150458,0.7824941475221204,low_flow,2356000.csv
2356000,2018-01-23,nighttime,6,-0.7293249574894738,0.09998196735341584,-0.6382978723404522,70.1740112304688,0.8278776336150458,0.7824941475221204,low_flow,2356000.csv
2356000,2018-01-24,daytime,6,0.8750654523327924,0.02243793253715318,0.35306553911204086,73.7919158935547,0.8126413522199738,0.7619331032019998,low_flow,2356000.csv
2356000,2018-01-24,nighttime,6,0.9135002783911385,0.01089969856959394,1.137931034482773,73.7919158935547,0.8126413522199738,0.7619331032019998,low_flow,2356000.csv
2356000,2018-01-25,daytime,6,0.5809428707085749,0.22661824035029335,0.5544554455445359,78.4188919067383,0.7940721342697298,0.7371185969924215,normal_flow,2356000.csv
2356000,2018-01-25,nighttime,6,0.1788854381999824,0.7345340097112261,0.01333333333334985,78.4188919067383,0.7940721342697298,0.7371185969924215,normal_flow,2356000.csv
2356000,2018-01-26,daytime,6,0.9316945822105802,0.00683910124248601,0.406392694063929,79.5697174072266,0.7885370789191762,0.7124707376106019,normal_flow,2356000.csv
2356000,2018-01-26,nighttime,6,-0.8664349689072571,0.02556805176111572,-0.2284768211920463,79.5697174072266,0.7885370789191762,0.7124707376106019,normal_flow,2356000.csv
2356000,2018-01-27,daytime,6,0.7269114171904967,0.10168294639538124,0.34210526315789935,75.8125915527344,0.8044875610046424,0.6897988334722057,normal_flow,2356000.csv
2356000,2018-01-27,nighttime,6,NA,NA,-0,75.8125915527344,0.8044875610046424,0.6897988334722057,normal_flow,2356000.csv
2356000,2018-01-28,daytime,6,NA,NA,-1.8061451484517256e-14,74.2988891601562,0.8106773003213903,0.6688211720826885,normal_flow,2356000.csv
2356000,2018-01-28,nighttime,6,-0.8036031257953159,0.05406991447794387,-0.5322939866369782,74.2988891601562,0.8106773003213903,0.6688211720826885,normal_flow,2356000.csv
2356000,2018-01-29,daytime,6,0.4741046559307632,0.3421265064057647,0.38461538461536776,93.4211120605469,0.7293774550648733,0.6451374836329008,normal_flow,2356000.csv
2356000,2018-01-29,nighttime,6,NA,NA,NA,93.4211120605469,0.7293774550648733,0.6451374836329008,normal_flow,2356000.csv
2356000,2018-01-30,daytime,6,0.7378518726240537,0.09407483632196048,0.8363636363636298,120.289291381836,0.5935007737174146,0.6209181446653176,normal_flow,2356000.csv
2356000,2018-01-30,nighttime,6,0.7664494498705061,0.07544918145592323,0.4560906515580791,120.289291381836,0.5935007737174146,0.6209181446653176,normal_flow,2356000.csv
2356000,2018-01-31,daytime,6,NA,NA,-7.176079912897391e-15,152.143524169922,0.454529222711582,0.5968852914335595,normal_flow,2356000.csv
2356000,2018-01-31,nighttime,6,0.937958099221084,0.00565439041518548,0.5278592375366661,152.143524169922,0.454529222711582,0.5968852914335595,normal_flow,2356000.csv
2356000,2018-02-01,daytime,6,0.7624425757515646,0.07794719273121187,0.25274725274725157,171.770401000977,0.4069753600761814,0.5715192635797326,normal_flow,2356000.csv
2356000,2018-02-01,nighttime,6,NA,NA,2.0082313189078774e-14,171.770401000977,0.4069753600761814,0.5715192635797326,normal_flow,2356000.csv
2356000,2018-02-02,daytime,6,-0.5006261743217554,0.31179584808149585,-0.1754385964912203,167.230987548828,0.4163790024997024,0.5449946434948221,normal_flow,2356000.csv
2356000,2018-02-02,nighttime,6,-0.513870119777361,0.29704173458581334,-0.15234374999998526,167.230987548828,0.4163790024997024,0.5449946434948221,normal_flow,2356000.csv
2356000,2018-02-03,daytime,6,0.6093572896776652,0.1990962145493975,0.12377210216110592,152.806671142578,0.4523866206404,0.5137126532555648,normal_flow,2356000.csv
2356000,2018-02-03,nighttime,6,NA,NA,-0,152.806671142578,0.4523866206404,0.5137126532555648,normal_flow,2356000.csv
2356000,2018-02-04,daytime,6,NA,NA,-6.040666873938247e-15,142.51091003418,0.488572788953696,0.47551878744593895,normal_flow,2356000.csv
2356000,2018-02-04,nighttime,6,-0.7592566023652966,0.07995964654558178,-1.3999999999998598,142.51091003418,0.488572788953696,0.47551878744593895,normal_flow,2356000.csv
2356000,2018-02-05,daytime,6,NA,NA,-6.464592245627157e-15,149.270370483398,0.46369479823830495,0.4290282902829029,normal_flow,2356000.csv
2356000,2018-02-05,nighttime,6,0.9035841064985976,0.013495894524473,0.5789473684210598,149.270370483398,0.46369479823830495,0.4290282902829029,normal_flow,2356000.csv
2356000,2018-02-06,daytime,6,NA,NA,-7.630440501904571e-15,147.439605712891,0.4700630877276515,0.3843193270642384,normal_flow,2356000.csv
2356000,2018-02-06,nighttime,6,-0.8564476271617946,0.02943181338136831,-0.3451776649745983,147.439605712891,0.4700630877276515,0.3843193270642384,normal_flow,2356000.csv
2356000,2018-02-07,daytime,6,NA,NA,-8.133024032960114e-15,148.033584594727,0.4673848351386739,0.346978534301472,normal_flow,2356000.csv
2356000,2018-02-07,nighttime,6,-0.5932958789676527,0.2144762562468275,-0.35200000000003556,148.033584594727,0.4673848351386739,0.346978534301472,normal_flow,2356000.csv
2356000,2018-02-08,daytime,6,NA,NA,-1.8654147337074647e-14,160.035552978516,0.4321509344125699,0.3185811212950839,normal_flow,2356000.csv
2356000,2018-02-08,nighttime,6,0.20000000000000004,0.704,0.1000000000001172,160.035552978516,0.4321509344125699,0.3185811212950839,normal_flow,2356000.csv
2356000,2018-02-09,daytime,6,-0.7564900711329674,0.08172591365443371,-0.3366336633663629,176.589340209961,0.3962028329960719,0.29390945522358447,normal_flow,2356000.csv
2356000,2018-02-09,nighttime,6,-0.7384108348049666,0.09369320873975318,-0.14136125654449036,176.589340209961,0.3962028329960719,0.29390945522358447,normal_flow,2356000.csv
2356000,2018-02-10,daytime,6,-0.6804510993672791,0.1368524410765753,-0.05936073059361704,213.203674316406,0.3193072253303178,0.2695710828076023,normal_flow,2356000.csv
2356000,2018-02-10,nighttime,6,-0.6376804093660611,0.17313138850581727,-0.4310344827585912,213.203674316406,0.3193072253303178,0.2695710828076023,normal_flow,2356000.csv
2356000,2018-02-11,daytime,6,NA,NA,NA,271.250823974609,0.2315795738602547,0.24387969686148475,high_flow,2356000.csv
2356000,2018-02-11,nighttime,6,-0.7442084075352526,0.08977587078380743,-0.3076923076923083,271.250823974609,0.2315795738602547,0.24387969686148475,high_flow,2356000.csv
2356000,2018-02-12,daytime,6,NA,NA,-2.175583928816737e-14,414.36474609375,0.11331984287584812,0.2170455898107368,high_flow,2356000.csv
2356000,2018-02-12,nighttime,6,NA,NA,2.929499151674079e-14,414.36474609375,0.11331984287584812,0.2170455898107368,high_flow,2356000.csv
2356000,2018-02-13,daytime,6,NA,NA,-3.3470521981794645e-14,569.129150390625,0.05874300678490656,0.1931476411538309,high_flow,2356000.csv
2356000,2018-02-13,nighttime,6,-0.9166023347994702,0.01014273334842424,-0.5649350649351054,569.129150390625,0.05874300678490656,0.1931476411538309,high_flow,2356000.csv
2356000,2018-02-14,daytime,6,NA,NA,-2.1755839288168653e-14,705.374389648438,0.03338888227591953,0.17008292663571797,high_flow,2356000.csv
2356000,2018-02-14,nighttime,6,NA,NA,1.7404671430524044e-14,705.374389648438,0.03338888227591953,0.17008292663571797,high_flow,2356000.csv
2356000,2018-02-15,daytime,6,NA,NA,-9.357350231470204e-15,740.488220214844,0.02856802761576003,0.14825219219934135,high_flow,2356000.csv
2356000,2018-02-15,nighttime,6,NA,NA,NA,740.488220214844,0.02856802761576003,0.14825219219934135,high_flow,2356000.csv
2356000,2018-02-16,daytime,6,0.3057883148625726,0.5556141242451702,0.05194805194804927,681.3759765625,0.03690036900369004,0.12950442407649884,high_flow,2356000.csv
2356000,2018-02-16,nighttime,6,NA,NA,NA,681.3759765625,0.03690036900369004,0.12950442407649884,high_flow,2356000.csv
2356000,2018-02-17,daytime,6,NA,NA,-1.1891390418377768e-14,604.254577636719,0.05130341625996905,0.1137999444510574,high_flow,2356000.csv
2356000,2018-02-17,nighttime,6,NA,NA,NA,604.254577636719,0.05130341625996905,0.1137999444510574,high_flow,2356000.csv
2356000,2018-02-18,daytime,6,NA,NA,-1.4749721551300603e-14,538.458679199219,0.06701583144863707,0.1039162004523271,high_flow,2356000.csv
2356000,2018-02-18,nighttime,6,-0.4856429311786342,0.32880481681443546,-0.4166666666665703,538.458679199219,0.06701583144863707,0.1039162004523271,high_flow,2356000.csv
2356000,2018-02-19,daytime,6,-0.6182820774312684,0.19075307183484583,-0.14500000000000335,479.894592285156,0.08606118319247709,0.1007102329087807,high_flow,2356000.csv
2356000,2018-02-19,nighttime,6,-0.5813183589761798,0.2262452187420501,-0.24137931034483692,479.894592285156,0.08606118319247709,0.1007102329087807,high_flow,2356000.csv
2356000,2018-02-20,daytime,6,-0.4223918083931512,0.4040927708234224,-0.03878583473861676,431.165069580078,0.10522556838471613,0.1062175137880411,high_flow,2356000.csv
2356000,2018-02-20,nighttime,6,-0.9284766908852566,0.00749043388127507,-0.8333333333333439,431.165069580078,0.10522556838471613,0.1062175137880411,high_flow,2356000.csv
2356000,2018-02-21,daytime,6,-0.8417125184250908,0.03559944960103684,-0.20626631853786911,394.643127441406,0.12409236995595764,0.11663294052295362,high_flow,2356000.csv
2356000,2018-02-21,nighttime,6,NA,NA,-0,394.643127441406,0.12409236995595764,0.11663294052295362,high_flow,2356000.csv
2356000,2018-02-22,daytime,6,-0.748154743730513,0.08715227687736656,-0.19698009608786207,369.875885009766,0.13992381859302463,0.12983771773201602,high_flow,2356000.csv
2356000,2018-02-22,nighttime,6,-0.3114959116429886,0.5478683104271075,-0.0693069306930284,369.875885009766,0.13992381859302463,0.12983771773201602,high_flow,2356000.csv
2356000,2018-02-23,daytime,6,-0.933725812082142,0.00644285497937304,-0.29187817258885007,354.440338134766,0.15093441256993215,0.14421695829861525,high_flow,2356000.csv
2356000,2018-02-23,nighttime,6,NA,NA,2.284363125257685e-14,354.440338134766,0.15093441256993215,0.14421695829861525,high_flow,2356000.csv
2356000,2018-02-24,daytime,6,NA,NA,-1.5357063026942578e-14,342.843719482422,0.16063563861445063,0.15930643177399517,high_flow,2356000.csv
2356000,2018-02-24,nighttime,6,0.3780521101722812,0.4599380808461049,0.05650459921157649,342.843719482422,0.16063563861445063,0.15930643177399517,high_flow,2356000.csv
2356000,2018-02-25,daytime,6,-0.20000000000000004,0.704,-0.05000000000005221,329.981018066406,0.17105106534936318,0.17507042812363607,high_flow,2356000.csv
2356000,2018-02-25,nighttime,6,-0.27824333745610796,0.5934057036528493,-0.1290322580644914,329.981018066406,0.17105106534936318,0.17507042812363607,high_flow,2356000.csv
2356000,2018-02-26,daytime,6,NA,NA,-3.1079770411670404e-14,315.619079589844,0.18349006070705867,0.19116771812879416,high_flow,2356000.csv
2356000,2018-02-26,nighttime,6,NA,NA,2.7151287431637962e-14,315.619079589844,0.18349006070705867,0.19116771812879416,high_flow,2356000.csv
2356000,2018-02-27,daytime,6,0.06324555320336521,0.9052581613013588,0.01599999999996824,301.841796875,0.1959290560647542,0.20732055707653851,high_flow,2356000.csv
2356000,2018-02-27,nighttime,6,-0.7551863100733668,0.08256431380324936,-0.24626865671638137,301.841796875,0.1959290560647542,0.20732055707653851,high_flow,2356000.csv
2356000,2018-02-28,daytime,6,0.39874968847692505,0.4335763295091246,0.04336399474374968,284.415679931641,0.21497440780859425,0.2226480974487164,high_flow,2356000.csv
2356000,2018-02-28,nighttime,6,-0.8984475441442347,0.01494570170898983,-0.434650455927031,284.415679931641,0.21497440780859425,0.2226480974487164,high_flow,2356000.csv
2356000,2018-03-01,daytime,6,0.7869196778099165,0.06326756878921923,0.05629477993858272,271.337371826172,0.23146054041185576,0.23671388326786497,high_flow,2356000.csv
2356000,2018-03-01,nighttime,6,-0.2,0.704,-0.20000000000023196,271.337371826172,0.23146054041185576,0.23671388326786497,high_flow,2356000.csv
2356000,2018-03-02,daytime,6,-0.939104771644367,0.00544943653383069,-0.3019447287615344,261.094299316406,0.24425663611474824,0.24869658374003095,high_flow,2356000.csv
2356000,2018-03-02,nighttime,6,-0.8099214136234105,0.05076104628574059,-0.2116040955631142,261.094299316406,0.24425663611474824,0.24869658374003095,high_flow,2356000.csv
2356000,2018-03-03,daytime,6,NA,NA,-1.0238042017961703e-14,247.30403137207,0.26324247113438876,0.25862397333650755,normal_flow,2356000.csv
2356000,2018-03-03,nighttime,6,-0.8580825907126156,0.02878167917431882,-0.3464968152866186,247.30403137207,0.26324247113438876,0.25862397333650755,normal_flow,2356000.csv
2356000,2018-03-04,daytime,6,0.5676134788000488,0.2400180735352737,0.05685618729095707,232.517562866211,0.2877633615045828,0.26784113002420346,normal_flow,2356000.csv
2356000,2018-03-04,nighttime,6,-0.8017837257372753,0.05504060895249831,-0.14285714285713705,232.517562866211,0.2877633615045828,0.26784113002420346,normal_flow,2356000.csv
2356000,2018-03-05,daytime,6,0.23209407740011956,0.6581100664132069,0.01584342963653151,219.400344848633,0.30847518152600883,0.2754910129746459,normal_flow,2356000.csv
2356000,2018-03-05,nighttime,6,-0.5040103222370874,0.30800048174498423,-0.16693163751985005,219.400344848633,0.30847518152600883,0.2754910129746459,normal_flow,2356000.csv
2356000,2018-03-06,daytime,6,NA,NA,-0,208.045181274414,0.3283537674086418,0.28133555529103677,normal_flow,2356000.csv
2356000,2018-03-06,nighttime,6,-0.9394931537719826,0.00538085750557857,-0.3709677419354645,208.045181274414,0.3283537674086418,0.28133555529103677,normal_flow,2356000.csv
2356000,2018-03-07,daytime,6,0.7979148976470591,0.0571311679201252,0.22130177514791985,204.667724609375,0.33513867396738484,0.28551759711145497,normal_flow,2356000.csv
2356000,2018-03-07,nighttime,6,0.4964034470595061,0.31655580019179275,0.1296928327645254,204.667724609375,0.33513867396738484,0.28551759711145497,normal_flow,2356000.csv
2356000,2018-03-08,daytime,6,NA,NA,0,204.673736572266,0.3350791572431853,0.2888783081379201,normal_flow,2356000.csv
2356000,2018-03-08,nighttime,6,-0.9629703452613368,0.00203140555027112,-0.3798627002288336,204.673736572266,0.3350791572431853,0.2888783081379201,normal_flow,2356000.csv
2356000,2018-03-09,daytime,6,0.9366856707011564,0.00588615222995979,0.30769230769230194,212.946075439453,0.31966432567551484,0.2929532198547792,normal_flow,2356000.csv
2356000,2018-03-09,nighttime,6,NA,NA,-0,212.946075439453,0.31966432567551484,0.2929532198547792,normal_flow,2356000.csv
2356000,2018-03-10,daytime,6,NA,NA,-1.1703792068255256e-14,224.791656494141,0.2998452565170813,0.2978216878942983,normal_flow,2356000.csv
2356000,2018-03-10,nighttime,6,-0.8729846651604201,0.02317478037837527,-0.26188068756319166,224.791656494141,0.2998452565170813,0.2978216878942983,normal_flow,2356000.csv
2356000,2018-03-12,daytime,6,0.2367160382370084,0.6515580730261282,0.12499999999998727,233.773315429688,0.2857993096059993,0.3043367853033369,normal_flow,2356000.csv
2356000,2018-03-12,nighttime,6,NA,NA,3.729572449400037e-14,233.773315429688,0.2857993096059993,0.3043367853033369,normal_flow,2356000.csv
2356000,2018-03-13,daytime,6,0.35317496679443144,0.49226375817674606,0.05398871877518131,242.239364624023,0.27115819545292225,0.3031464508193469,normal_flow,2356000.csv
2356000,2018-03-13,nighttime,6,NA,NA,1.8918121120146173e-14,242.239364624023,0.27115819545292225,0.3031464508193469,normal_flow,2356000.csv
2356000,2018-03-14,daytime,6,0.6669555062671774,0.1479075319214193,0.03646144650328079,250.596557617188,0.25865968337102724,0.2996587707812562,normal_flow,2356000.csv
2356000,2018-03-14,nighttime,6,NA,NA,3.729572449400234e-14,250.596557617188,0.25865968337102724,0.2996587707812562,normal_flow,2356000.csv
2356000,2018-03-15,daytime,6,NA,NA,-4.419050867954654e-15,245.930130004883,0.26538507320557075,0.29468714041979127,normal_flow,2356000.csv
2356000,2018-03-15,nighttime,6,-0.6277837204349741,0.1820330936063134,-0.04192685102586833,245.930130004883,0.26538507320557075,0.29468714041979127,normal_flow,2356000.csv
2356000,2018-03-16,daytime,6,-0.8750000000000004,0.02246093749999983,-0.08750000000000296,229.711837768555,0.2925842161647423,0.2893822164028092,normal_flow,2356000.csv
2356000,2018-03-16,nighttime,6,NA,NA,-0,229.711837768555,0.2925842161647423,0.2893822164028092,normal_flow,2356000.csv
2356000,2018-03-17,daytime,6,NA,NA,-4.600353682079607e-15,214.299209594727,0.31728365670753483,0.2850454310994723,normal_flow,2356000.csv
2356000,2018-03-17,nighttime,6,NA,NA,3.202459543218363e-14,214.299209594727,0.31728365670753483,0.2850454310994723,normal_flow,2356000.csv
2356000,2018-03-18,daytime,6,-0.6432884875597111,0.16817011478263244,-0.08996088657106587,206.994873046875,0.3312105701702178,0.2826131809705194,normal_flow,2356000.csv
2356000,2018-03-18,nighttime,6,-0.8249731888070428,0.04327065762668096,-0.2631578947368562,206.994873046875,0.3312105701702178,0.2826131809705194,normal_flow,2356000.csv
2356000,2018-03-19,daytime,6,0.04449941594901682,0.93329493490414706,0.06666666666659389,214.126113891602,0.31752172360433284,0.2822600484069357,normal_flow,2356000.csv
2356000,2018-03-19,nighttime,6,0.7829920680274043,0.06552894702506824,0.961038961038989,214.126113891602,0.31752172360433284,0.2822600484069357,normal_flow,2356000.csv
2356000,2018-03-20,daytime,6,-0.7214538181829654,0.10557604595530544,-0.0366546205472378,231.057281494141,0.2906201642661588,0.28547791929532196,normal_flow,2356000.csv
2356000,2018-03-20,nighttime,6,NA,NA,1.949323200220023e-14,231.057281494141,0.2906201642661588,0.28547791929532196,normal_flow,2356000.csv
2356000,2018-03-21,daytime,6,NA,NA,0,239.216461181641,0.2760385668372813,0.2928817997857398,normal_flow,2356000.csv
2356000,2018-03-21,nighttime,6,NA,NA,0,239.216461181641,0.2760385668372813,0.2928817997857398,normal_flow,2356000.csv
2356000,2018-03-22,daytime,6,0.9575913178780778,0.00265960854962565,0.3396226415094335,249.396072387695,0.2605642185454113,0.3034440344403444,normal_flow,2356000.csv
2356000,2018-03-22,nighttime,6,0.8061657944871918,0.05271620860547763,0.29787234042553223,249.396072387695,0.2605642185454113,0.3034440344403444,normal_flow,2356000.csv
2356000,2018-03-23,daytime,6,NA,NA,0,252.404693603516,0.25550529698845376,0.3139427845891362,normal_flow,2356000.csv
2356000,2018-03-23,nighttime,6,0.7583838365547594,0.08051497671028886,0.21189591078067732,252.404693603516,0.25550529698845376,0.3139427845891362,normal_flow,2356000.csv
2356000,2018-03-24,daytime,6,0.5387724584403685,0.2700376052916059,0.09615384615383692,252.769927978516,0.25461254612546125,0.3191881918819188,normal_flow,2356000.csv
2356000,2018-03-24,nighttime,6,-0.4302899831786709,0.3943990063169977,-0.06557377049179337,252.769927978516,0.25461254612546125,0.3191881918819188,normal_flow,2356000.csv
2356000,2018-03-25,daytime,6,-0.945051436020492,0.00444606269785883,-0.2350321622959088,247.219253540039,0.2633615045827878,0.317656628179185,normal_flow,2356000.csv
2356000,2018-03-25,nighttime,6,-0.7328409360587462,0.09752684726979034,-0.23350253807101745,247.219253540039,0.2633615045827878,0.317656628179185,normal_flow,2356000.csv
2356000,2018-03-26,daytime,6,NA,NA,3.041593065530285e-14,229.309066772461,0.29359600047613377,0.3113597587588779,normal_flow,2356000.csv
2356000,2018-03-26,nighttime,6,NA,NA,8.589318368315093e-14,229.309066772461,0.29359600047613377,0.3113597587588779,normal_flow,2356000.csv
2356000,2018-03-27,daytime,6,NA,NA,-8.149344482524582e-15,205.262924194336,0.33406737293179384,0.3049478236717851,normal_flow,2356000.csv
2356000,2018-03-27,nighttime,6,NA,NA,NA,205.262924194336,0.33406737293179384,0.3049478236717851,normal_flow,2356000.csv
2356000,2018-03-28,daytime,6,0.1956118975587751,0.710324601900846,0.01663652802892474,183.462615966797,0.3822164028091894,0.3014879181049875,normal_flow,2356000.csv
2356000,2018-03-28,nighttime,6,NA,NA,6.961868572223482e-14,183.462615966797,0.3822164028091894,0.3014879181049875,normal_flow,2356000.csv
2356000,2018-03-29,daytime,6,NA,NA,-1.0890524417715711e-14,166.966049194336,0.4170932031900964,0.3012220767368964,normal_flow,2356000.csv
2356000,2018-03-29,nighttime,6,1,1.848892746611764e-32,0.9999999999999752,166.966049194336,0.4170932031900964,0.3012220767368964,normal_flow,2356000.csv
2356000,2018-03-30,daytime,6,0.17879606250707716,0.7346637853603768,0.03196803196803181,164.331100463867,0.4228663254374479,0.3046938856485339,normal_flow,2356000.csv
2356000,2018-03-30,nighttime,6,NA,NA,NA,164.331100463867,0.4228663254374479,0.3046938856485339,normal_flow,2356000.csv
2356000,2018-03-31,daytime,6,0.9547642225546537,0.00302313090869082,0.1236033519553057,188.001846313477,0.3712653255564814,0.31078839820656273,normal_flow,2356000.csv
2356000,2018-03-31,nighttime,6,0.7386903047533764,0.09350266205591684,0.3320000000000021,188.001846313477,0.3712653255564814,0.31078839820656273,normal_flow,2356000.csv
2356000,2018-04-01,daytime,6,-0.9100767322946416,0.01176572261496101,-0.23451947324180888,228.459564208984,0.2943102011665278,0.31750188469626633,normal_flow,2356000.csv
2356000,2018-04-01,nighttime,6,0.5000000000000026,0.3124999999999972,0.1875000000000042,228.459564208984,0.2943102011665278,0.31750188469626633,normal_flow,2356000.csv
2356000,2018-04-02,daytime,6,-0.9345092219093276,0.00629311667297211,-0.1443483447658847,266.884490966797,0.23675752886561124,0.32445343808276794,normal_flow,2356000.csv
2356000,2018-04-02,nighttime,6,0.6605041325807098,0.15332145302939595,0.19389587073608103,266.884490966797,0.23675752886561124,0.32445343808276794,normal_flow,2356000.csv
2356000,2018-04-03,daytime,6,-0.8144325048019943,0.04845790716588712,-0.13490853658536653,278.356597900391,0.22134269729794073,0.32896480577709003,normal_flow,2356000.csv
2356000,2018-04-03,nighttime,6,0.690280560442384,0.129034103056552,0.08215297450424991,278.356597900391,0.22134269729794073,0.32896480577709003,normal_flow,2356000.csv
2356000,2018-04-04,daytime,6,-0.952033109297408,0.00339605225233334,-0.6111111111111553,265.550048828125,0.23872158076419475,0.3308217275721144,normal_flow,2356000.csv
2356000,2018-04-04,nighttime,6,0.6695340634119867,0.145766884612293,0.3333333333333538,265.550048828125,0.23872158076419475,0.3308217275721144,normal_flow,2356000.csv
2356000,2018-04-05,daytime,6,0.6281847866637632,0.18166874352854895,0.10836608646827564,241.802856445312,0.27205094631591475,0.33000833234138793,normal_flow,2356000.csv
2356000,2018-04-05,nighttime,6,0.7780624434576494,0.06841850940272674,0.06726457399104183,241.802856445312,0.27205094631591475,0.33000833234138793,normal_flow,2356000.csv
2356000,2018-04-06,daytime,6,-0.357394869069177,0.48673291492502224,-0.03361344537815808,217.004943847656,0.3126413522199738,0.327615760028568,normal_flow,2356000.csv
2356000,2018-04-06,nighttime,6,0.8206518066482958,0.04536422491933336,0.2142857142857276,217.004943847656,0.3126413522199738,0.327615760028568,normal_flow,2356000.csv
2356000,2018-04-07,daytime,6,-0.08574929257125383,0.8716913158952194,-0.01960784313726837,198.847915649414,0.3469229853588858,0.3259532595325953,normal_flow,2356000.csv
2356000,2018-04-07,nighttime,6,0.778658556920161,0.06806606783751208,0.29337539432175297,198.847915649414,0.3469229853588858,0.3259532595325953,normal_flow,2356000.csv
2356000,2018-04-08,daytime,6,0.6263153255411598,0.1833696458365428,0.10747147589252244,194.345581054688,0.35531484347101533,0.3283656707534817,normal_flow,2356000.csv
2356000,2018-04-08,nighttime,6,0.900666419935819,0.01431067002224196,0.4333333333333157,194.345581054688,0.35531484347101533,0.3283656707534817,normal_flow,2356000.csv
2356000,2018-04-09,daytime,6,0.8420753583206878,0.03544095319630543,0.18181818181818865,189.548385620117,0.36763480538031185,0.33328968773558704,normal_flow,2356000.csv
2356000,2018-04-09,nighttime,6,NA,NA,8.70233571526436e-14,189.548385620117,0.36763480538031185,0.33328968773558704,normal_flow,2356000.csv
2356000,2018-04-10,daytime,6,0.8046686515553999,0.05350513460858099,0.2869565217391154,192.001205444336,0.36126651589096537,0.33866603182160854,normal_flow,2356000.csv
2356000,2018-04-10,nighttime,6,0.8314109932105482,0.04023754009566321,0.24193548387094815,192.001205444336,0.36126651589096537,0.33866603182160854,normal_flow,2356000.csv
2356000,2018-04-11,daytime,6,0.8742728011715258,0.02271728721966115,0.16530973451327224,191.592681884766,0.3619211998571598,0.3399992064436773,normal_flow,2356000.csv
2356000,2018-04-11,nighttime,6,0.7274352124854747,0.101312712994112,0.3319587628866151,191.592681884766,0.3619211998571598,0.3399992064436773,normal_flow,2356000.csv
2356000,2018-04-12,daytime,6,0.855949562874793,0.02963123130805507,0.16026711185308665,188.700958251953,0.37001547434829185,0.33757489187795103,normal_flow,2356000.csv
2356000,2018-04-12,nighttime,6,NA,NA,1.513449689611691e-14,188.700958251953,0.37001547434829185,0.33757489187795103,normal_flow,2356000.csv
2356000,2018-04-13,daytime,6,0.9208196822555862,0.00915607267669675,0.25339805825242745,183.930480957031,0.38120461849779785,0.3331904931952545,normal_flow,2356000.csv
2356000,2018-04-13,nighttime,6,0.8544092011186735,0.03025200023860555,0.6470588235293863,183.930480957031,0.38120461849779785,0.3331904931952545,normal_flow,2356000.csv
2356000,2018-04-14,daytime,6,0.8996842042649217,0.01459013640012813,0.2140645731977031,175.890350341797,0.3979288179978574,0.32667142800460264,normal_flow,2356000.csv
2356000,2018-04-14,nighttime,6,0.6565321642986147,0.15669575447850423,0.624999999999997,175.890350341797,0.3979288179978574,0.32667142800460264,normal_flow,2356000.csv
2356000,2018-04-15,daytime,6,0.4399999999999997,0.3825920000000004,1.0999999999997725,171.698928833008,0.4074514938697774,0.3189183827322144,normal_flow,2356000.csv
2356000,2018-04-15,nighttime,6,0.9603960396039656,0.00232165163384233,0.9603960396039762,171.698928833008,0.4074514938697774,0.3189183827322144,normal_flow,2356000.csv
2356000,2018-04-16,daytime,6,0.9535381872934452,0.00318790150149488,0.6380597014925391,189.295928955078,0.3681704558981074,0.31115740189659963,normal_flow,2356000.csv
2356000,2018-04-16,nighttime,6,0.8473924537608646,0.03315655136147021,0.10258199581298372,189.295928955078,0.3681704558981074,0.31115740189659963,normal_flow,2356000.csv
2356000,2018-04-17,daytime,6,-0.8197944900441848,0.04578503953618837,-0.14701378254211772,214.158264160156,0.3174026901559338,0.3018608895766377,normal_flow,2356000.csv
2356000,2018-04-17,nighttime,6,0.7342823073671629,0.09652822088925196,0.42857142857143354,214.158264160156,0.3174026901559338,0.3018608895766377,normal_flow,2356000.csv
2356000,2018-04-18,daytime,6,0.931551641906374,0.00686742022721896,0.17812500000000156,263.62939453125,0.2413403166289727,0.2907630044042376,normal_flow,2356000.csv
2356000,2018-04-18,nighttime,6,-0.7110129102910743,0.1132031398760304,-0.04956268221573914,263.62939453125,0.2413403166289727,0.2907630044042376,normal_flow,2356000.csv
2356000,2018-04-19,daytime,6,-0.6700239091517199,0.14536173607424327,-0.03300970873786363,296.305114746094,0.2023568622783002,0.2777843907471333,normal_flow,2356000.csv
2356000,2018-04-19,nighttime,6,NA,NA,-0,296.305114746094,0.2023568622783002,0.2777843907471333,normal_flow,2356000.csv
2356000,2018-04-20,daytime,6,NA,NA,0,293.311645507812,0.2062849660754672,0.26384160615799707,normal_flow,2356000.csv
2356000,2018-04-20,nighttime,6,NA,NA,0,293.311645507812,0.2062849660754672,0.26384160615799707,normal_flow,2356000.csv
2356000,2018-04-21,daytime,6,0.26415344738519164,0.6129857522517123,0.05009633911367828,284.564025878906,0.2148553743601952,0.24977582033884857,high_flow,2356000.csv
2356000,2018-04-21,nighttime,6,NA,NA,-0,284.564025878906,0.2148553743601952,0.24977582033884857,high_flow,2356000.csv
2356000,2018-04-22,daytime,6,NA,NA,0,271.973480224609,0.23062730627306272,0.2352299329444907,high_flow,2356000.csv
2356000,2018-04-22,nighttime,6,0.8594194690069509,0.02825519005900252,0.28723404255316914,271.973480224609,0.23062730627306272,0.2352299329444907,high_flow,2356000.csv
2356000,2018-04-23,daytime,6,0.9448446277645758,0.00447927813465484,0.21288209606985975,265.334930419922,0.23890013093679324,0.22142602071182,high_flow,2356000.csv
2356000,2018-04-23,nighttime,6,0.9284766908852568,0.00749043388127504,0.8333333333332816,265.334930419922,0.23890013093679324,0.22142602071182,high_flow,2356000.csv
2356000,2018-04-24,daytime,6,NA,NA,-8.325697039663492e-15,273.825988769531,0.2281871205808832,0.2133952307265008,high_flow,2356000.csv
2356000,2018-04-24,nighttime,6,0.7833494518006713,0.06532167682876346,1.499999999999951,273.825988769531,0.2281871205808832,0.2133952307265008,high_flow,2356000.csv
2356000,2018-04-25,daytime,6,0.773755671770818,0.07098941687652731,0.1559633027522871,302.927612304688,0.1947982383049637,0.21269293338094672,high_flow,2356000.csv
2356000,2018-04-25,nighttime,6,0.4003751368510667,0.43152741203064626,0.11376146788990682,302.927612304688,0.1947982383049637,0.21269293338094672,high_flow,2356000.csv
2356000,2018-04-26,daytime,6,NA,NA,-1.1866821429910024e-14,334.744873046875,0.16724199500059517,0.22018410506685712,high_flow,2356000.csv
2356000,2018-04-26,nighttime,6,NA,NA,1.4881317580010862e-14,334.744873046875,0.16724199500059517,0.22018410506685712,high_flow,2356000.csv
2356000,2018-04-27,daytime,6,NA,NA,-8.372769265456797e-15,342.116394042969,0.16087370551124866,0.23198428758481132,high_flow,2356000.csv
2356000,2018-04-27,nighttime,6,-0.9085890888408308,0.0121520193030205,-0.46842105263156536,342.116394042969,0.16087370551124866,0.23198428758481132,high_flow,2356000.csv
2356000,2018-04-28,daytime,6,0.1942724037488034,0.712257486261443,0.00993204391008769,331.219665527344,0.17021783121057016,0.24361782327500697,high_flow,2356000.csv
2356000,2018-04-28,nighttime,6,NA,NA,1.3689067417274532e-14,331.219665527344,0.17021783121057016,0.24361782327500697,high_flow,2356000.csv
2356000,2018-04-29,daytime,6,NA,NA,-6.938414775788659e-15,320.048034667969,0.17974050708249018,0.25429909137801054,normal_flow,2356000.csv
2356000,2018-04-29,nighttime,6,NA,NA,1.4692255103698394e-14,320.048034667969,0.17974050708249018,0.25429909137801054,normal_flow,2356000.csv
2356000,2018-04-30,daytime,6,NA,NA,-6.500429624239643e-15,297.974548339844,0.2003928103797167,0.2636630559853986,normal_flow,2356000.csv
2356000,2018-04-30,nighttime,6,NA,NA,7.509629805052995e-15,297.974548339844,0.2003928103797167,0.2636630559853986,normal_flow,2356000.csv
2356000,2018-05-01,daytime,6,NA,NA,-6.712285016664654e-15,258.784271240234,0.24770860611831924,0.2722374320517399,normal_flow,2356000.csv
2356000,2018-05-01,nighttime,6,NA,NA,1.1350872672088398e-14,258.784271240234,0.24770860611831924,0.2722374320517399,normal_flow,2356000.csv
2356000,2018-05-02,daytime,6,NA,NA,-6.8073239210336354e-15,220.544418334961,0.3068682299726223,0.2817204301075269,normal_flow,2356000.csv
2356000,2018-05-02,nighttime,6,-0.6333004963811262,0.1770480180715855,-0.2941176470588043,220.544418334961,0.3068682299726223,0.2817204301075269,normal_flow,2356000.csv
2356000,2018-05-03,daytime,6,-0.7974145939694874,0.05740413180484168,-0.14846304774363536,195.465377807617,0.35370789191762886,0.2945085902471928,normal_flow,2356000.csv
2356000,2018-05-03,nighttime,6,NA,NA,1.5229087501717608e-14,195.465377807617,0.35370789191762886,0.2945085902471928,normal_flow,2356000.csv
2356000,2018-05-04,daytime,6,-0.4426824391541697,0.3793520802665133,-0.01814516129032893,184.701583862305,0.3793596000476134,0.310951077252708,normal_flow,2356000.csv
2356000,2018-05-04,nighttime,6,NA,NA,1.838521629986165e-14,184.701583862305,0.3793596000476134,0.310951077252708,normal_flow,2356000.csv
2356000,2018-05-05,daytime,6,0.7297982518098014,0.09964989943441062,0.02803186780760288,184.16633605957,0.38078800142840136,0.33003610681268103,normal_flow,2356000.csv
2356000,2018-05-05,nighttime,6,0.7547256046107321,0.0828614974950502,0.6912751677852124,184.16633605957,0.38078800142840136,0.33003610681268103,normal_flow,2356000.csv
2356000,2018-05-06,daytime,6,0.6661889847491556,0.14854644453825624,0.06792975970425078,186.420669555664,0.3750743959052494,0.35112089830575727,normal_flow,2356000.csv
2356000,2018-05-06,nighttime,6,0.6985719029678248,0.12259463420752972,0.28252788104088855,186.420669555664,0.3750743959052494,0.35112089830575727,normal_flow,2356000.csv
2356000,2018-05-07,daytime,6,0.9635573023657666,0.00196790608572453,0.3155610663360293,188.046173095703,0.3710867753838829,0.3738166091338333,normal_flow,2356000.csv
2356000,2018-05-07,nighttime,6,0.84385301568929,0.03466924249170103,0.385714285714269,188.046173095703,0.3710867753838829,0.3738166091338333,normal_flow,2356000.csv
2356000,2018-05-08,daytime,6,0.8828394066391816,0.0197857983829584,0.3289841565703679,189.552398681641,0.36751577193191287,0.3965043843986827,normal_flow,2356000.csv
2356000,2018-05-08,nighttime,6,0.6988843297416125,0.1223547940094495,0.601156069364127,189.552398681641,0.36751577193191287,0.3965043843986827,normal_flow,2356000.csv
2356000,2018-05-09,daytime,6,0.8770114156236193,0.02175911336677114,0.3092454835281697,188.437316894531,0.37043209141768835,0.4165654882355275,normal_flow,2356000.csv
2356000,2018-05-09,nighttime,6,0.3741010209153207,0.4650264819549928,0.04116222760289048,188.437316894531,0.37043209141768835,0.4165654882355275,normal_flow,2356000.csv
2356000,2018-05-10,daytime,6,0.87068900995237,0.02400087221321913,0.2526997840172825,181.144287109375,0.3866206403999523,0.4328333928500576,normal_flow,2356000.csv
2356000,2018-05-10,nighttime,6,0.8721028496007158,0.02349047122173307,0.6760563380281167,181.144287109375,0.3866206403999523,0.4328333928500576,normal_flow,2356000.csv
2356000,2018-05-11,daytime,6,0.9504969130435152,0.00361517839340168,0.207792207792212,168.532684326172,0.4138793000833234,0.4454707772884181,normal_flow,2356000.csv
2356000,2018-05-11,nighttime,6,0.699999999999991,0.12150000000000688,0.26249999999999474,168.532684326172,0.4138793000833234,0.4454707772884181,normal_flow,2356000.csv
2356000,2018-05-12,daytime,6,0.9647801245695972,0.00183881537345805,0.1684782608695681,154.676910400391,0.4471491489108439,0.45504106653969767,normal_flow,2356000.csv
2356000,2018-05-12,nighttime,6,0.93456180259627,0.00628312817940342,0.19634703196347608,154.676910400391,0.4471491489108439,0.45504106653969767,normal_flow,2356000.csv
2356000,2018-05-13,daytime,6,0.9001817573105221,0.01444824376772535,0.476553980370758,143.085601806641,0.4864897036067135,0.46377415387057097,normal_flow,2356000.csv
2356000,2018-05-13,nighttime,6,NA,NA,5.588655963933163e-15,143.085601806641,0.4864897036067135,0.46377415387057097,normal_flow,2356000.csv
2356000,2018-05-14,daytime,6,0.5129203138131211,0.29809092626513256,0.04697986577181167,134.695510864258,0.5201761695036305,0.4718247827639567,normal_flow,2356000.csv
2356000,2018-05-14,nighttime,6,0.7725393039369053,0.07172332975220554,0.7758620689655036,134.695510864258,0.5201761695036305,0.4718247827639567,normal_flow,2356000.csv
2356000,2018-05-15,daytime,6,0.6903452589658169,0.12898330163817565,0.41441441441441174,130.020706176758,0.5407094393524581,0.4776693250803476,normal_flow,2356000.csv
2356000,2018-05-15,nighttime,6,0.7307981486470327,0.09894997496486596,0.1978021978021844,130.020706176758,0.5407094393524581,0.4776693250803476,normal_flow,2356000.csv
2356000,2018-05-16,daytime,6,0.7624563678786278,0.07793853118984474,1.033492822966524,128.136795043945,0.5486251636709916,0.4815299765900885,normal_flow,2356000.csv
2356000,2018-05-16,nighttime,6,0.4205791155690329,0.4063287720092779,0.04716981132075458,128.136795043945,0.5486251636709916,0.4815299765900885,normal_flow,2356000.csv
2356000,2018-05-17,daytime,6,0.9607411609603214,0.00228163069481282,0.2936893203883663,127.680541992188,0.5508867991905726,0.4835932230290045,normal_flow,2356000.csv
2356000,2018-05-17,nighttime,6,0.7951465679458899,0.05864906310922017,0.4516129032258151,127.680541992188,0.5508867991905726,0.4835932230290045,normal_flow,2356000.csv
2356000,2018-05-18,daytime,6,0.9161777904677216,0.01024476997063933,0.3260590500641922,129.35302734375,0.5432686584930365,0.4819346903146451,normal_flow,2356000.csv
2356000,2018-05-18,nighttime,6,0.8603090020146025,0.02790742699994445,0.5921052631578688,129.35302734375,0.5432686584930365,0.4819346903146451,normal_flow,2356000.csv
2356000,2018-05-19,daytime,6,0.9923060021697724,8.856867080429709e-5,0.5619111709286665,134.173583984375,0.5229139388168075,0.4768400587231678,normal_flow,2356000.csv
2356000,2018-05-19,nighttime,6,0.646019380872143,0.16577612897782198,0.949999999999948,134.173583984375,0.5229139388168075,0.4768400587231678,normal_flow,2356000.csv
2356000,2018-05-20,daytime,6,0.7887757642362186,0.06221156044054277,0.2796610169491658,136.598754882812,0.511784311391501,0.4693528548188708,normal_flow,2356000.csv
2356000,2018-05-20,nighttime,6,NA,NA,NA,136.598754882812,0.511784311391501,0.4693528548188708,normal_flow,2356000.csv
2356000,2018-05-21,daytime,6,0.7825138788142528,0.06580674944427595,0.13432835820895095,140.530609130859,0.495833829306035,0.4608260921318891,normal_flow,2356000.csv
2356000,2018-05-21,nighttime,6,0.822636662752754,0.04439690403660409,0.2530864197530908,140.530609130859,0.495833829306035,0.4608260921318891,normal_flow,2356000.csv
2356000,2018-05-22,daytime,6,0.7698590304914721,0.07335260598160655,0.05487804878047291,150.659866333008,0.4587549101297465,0.4492203309129866,normal_flow,2356000.csv
2356000,2018-05-22,nighttime,6,0.4851485148514854,0.3293717078795417,0.485148514851508,150.659866333008,0.4587549101297465,0.4492203309129866,normal_flow,2356000.csv
2356000,2018-05-23,daytime,6,NA,NA,-1.2159427985716063e-14,162.981018066406,0.4254255445780265,0.433567432448518,normal_flow,2356000.csv
2356000,2018-05-23,nighttime,6,NA,NA,2.9294991516741573e-14,162.981018066406,0.4254255445780265,0.433567432448518,normal_flow,2356000.csv
2356000,2018-05-24,daytime,6,NA,NA,-8.287938776445136e-15,174.515228271484,0.4013807880014284,0.4153870570963774,normal_flow,2356000.csv
2356000,2018-05-24,nighttime,6,-0.0572949099056679,0.9141516763338412,-0.02035278154679608,174.515228271484,0.4013807880014284,0.4153870570963774,normal_flow,2356000.csv
2356000,2018-05-25,daytime,6,0.7712461966858429,0.07250730468360321,0.06825811264453235,191.726791381836,0.3617426496845614,0.3953299210411459,normal_flow,2356000.csv
2356000,2018-05-25,nighttime,6,-0.07814646651645464,0.8830189153902538,-0.00763358778625072,191.726791381836,0.3617426496845614,0.3953299210411459,normal_flow,2356000.csv
2356000,2018-05-26,daytime,6,NA,NA,-1.8587513178241745e-14,203.553314208984,0.3374598262111653,0.3736856723405943,normal_flow,2356000.csv
2356000,2018-05-26,nighttime,6,-0.4390643264264448,0.3837243681651122,-0.24535315985127484,203.553314208984,0.3374598262111653,0.3736856723405943,normal_flow,2356000.csv
2356000,2018-05-27,daytime,6,-0.5,0.31250000000000006,-0.500000000000073,204.727966308594,0.3348410903463873,0.35068047454668094,normal_flow,2356000.csv
2356000,2018-05-27,nighttime,6,0.6,0.2079999999999999,0.09999999999998352,204.727966308594,0.3348410903463873,0.35068047454668094,normal_flow,2356000.csv
2356000,2018-05-28,daytime,6,NA,NA,2.0201850767584617e-14,193.196899414062,0.35858826330198784,0.3264849422687775,normal_flow,2356000.csv
2356000,2018-05-28,nighttime,6,NA,NA,NA,193.196899414062,0.35858826330198784,0.3264849422687775,normal_flow,2356000.csv
2356000,2018-05-29,daytime,6,NA,NA,-2.2313681321197574e-14,199.341598510742,0.34608975122009283,0.3022973455541007,normal_flow,2356000.csv
2356000,2018-05-29,nighttime,6,0.9595791156584892,0.00241775104810885,1.0000000000000764,199.341598510742,0.34608975122009283,0.3022973455541007,normal_flow,2356000.csv
2356000,2018-05-30,daytime,6,-0.11055799856454544,0.8348386812887939,-0.10389610389611909,221.193435668945,0.3059159623854303,0.28039519104868466,normal_flow,2356000.csv
2356000,2018-05-30,nighttime,6,NA,NA,1.1603114287033127e-14,221.193435668945,0.3059159623854303,0.28039519104868466,normal_flow,2356000.csv
2356000,2018-05-31,daytime,6,0.975476423189926,8.947344184343933e-4,0.28363636363636013,239.273162841797,0.27591953338888225,0.26253223822560806,normal_flow,2356000.csv
2356000,2018-05-31,nighttime,6,0.6632166866334734,0.1510350133399158,0.06283662477558252,239.273162841797,0.27591953338888225,0.26253223822560806,normal_flow,2356000.csv
2356000,2018-06-01,daytime,6,0.6373124106380766,0.17345905364362185,0.3365384615384741,256.287536621094,0.25002975836209973,0.24917271753362696,high_flow,2356000.csv
2356000,2018-06-01,nighttime,6,-0.6546536707079728,0.1583024233754616,-0.857142857142945,256.287536621094,0.25002975836209973,0.24917271753362696,high_flow,2356000.csv
2356000,2018-06-02,daytime,6,-0.5976143046671997,0.21029538311834417,-0.4999999999999816,280.699737548828,0.21860492798476372,0.24006665873110344,high_flow,2356000.csv
2356000,2018-06-02,nighttime,6,0.7115555919594797,0.11280095196076008,0.6129032258064329,280.699737548828,0.21860492798476372,0.24006665873110344,high_flow,2356000.csv
2356000,2018-06-03,daytime,6,NA,NA,-1.0068427524996991e-14,322.528106689453,0.17783597190810618,0.2330278141491092,high_flow,2356000.csv
2356000,2018-06-03,nighttime,6,NA,NA,NA,322.528106689453,0.17783597190810618,0.2330278141491092,high_flow,2356000.csv
2356000,2018-06-04,daytime,6,NA,NA,-2.863429491432725e-15,356.622985839844,0.14885132722294964,0.22675078363686865,high_flow,2356000.csv
2356000,2018-06-04,nighttime,6,0.7658086865871743,0.0758461787307979,0.7449664429530083,356.622985839844,0.14885132722294964,0.22675078363686865,high_flow,2356000.csv
2356000,2018-06-05,daytime,6,NA,NA,NA,379.902496337891,0.13301987858588263,0.2199301670436059,high_flow,2356000.csv
2356000,2018-06-05,nighttime,6,NA,NA,1.3844625001560964e-14,379.902496337891,0.13301987858588263,0.2199301670436059,high_flow,2356000.csv
2356000,2018-06-06,daytime,6,0.724315654016261,0.1035265265870548,0.14427412082957608,384.035339355469,0.13022259254850613,0.21673213506328612,high_flow,2356000.csv
2356000,2018-06-06,nighttime,6,NA,NA,NA,384.035339355469,0.13022259254850613,0.21673213506328612,high_flow,2356000.csv
2356000,2018-06-07,daytime,6,-0.10020898664382744,0.8501896613897926,-0.01673640167364587,345.766021728516,0.15748125223187714,0.21789469507598305,high_flow,2356000.csv
2356000,2018-06-07,nighttime,6,NA,NA,7.346127551848993e-15,345.766021728516,0.15748125223187714,0.21789469507598305,high_flow,2356000.csv
2356000,2018-06-08,daytime,6,-0.7996709849747703,0.05617779799688011,-0.2842105263158148,297.615478515625,0.2009879776217117,0.2218267666547633,high_flow,2356000.csv
2356000,2018-06-08,nighttime,6,NA,NA,-0,297.615478515625,0.2009879776217117,0.2218267666547633,high_flow,2356000.csv
2356000,2018-06-09,daytime,6,0.4328014246403671,0.39133341110332776,0.07804878048780713,275.736053466797,0.22515176764670872,0.22826250843153592,high_flow,2356000.csv
2356000,2018-06-09,nighttime,6,-0.2169304578186573,0.6797085593383354,-0.0588235294117664,275.736053466797,0.22515176764670872,0.22826250843153592,high_flow,2356000.csv
2356000,2018-06-10,daytime,6,NA,NA,-0,271.032531738281,0.23187715748125223,0.23629329841685515,high_flow,2356000.csv
2356000,2018-06-10,nighttime,6,-0.6404009206314406,0.1707170990288762,-0.2270270270270108,271.032531738281,0.23187715748125223,0.23629329841685515,high_flow,2356000.csv
2356000,2018-06-11,daytime,6,-0.8098893702717741,0.0507775832149365,-0.9009900990099384,264.174713134766,0.24068563266277823,0.24621672023171845,high_flow,2356000.csv
2356000,2018-06-11,nighttime,6,0.7184212081071062,0.1077672092863392,0.9999999999998276,264.174713134766,0.24068563266277823,0.24621672023171845,high_flow,2356000.csv
2356000,2018-06-12,daytime,6,0.7008387759376031,0.12085907542511908,0.11930748964998292,251.911560058594,0.25627901440304723,0.25773915803674163,normal_flow,2356000.csv
2356000,2018-06-12,nighttime,6,-0.9665326784655822,0.00166134968500052,-0.33818181818181187,251.911560058594,0.25627901440304723,0.25773915803674163,normal_flow,2356000.csv
2356000,2018-06-13,daytime,6,0.7205590177169724,0.10622050318947832,0.04635761589403935,226.040069580078,0.2981192715152958,0.2713367456255208,normal_flow,2356000.csv
2356000,2018-06-13,nighttime,6,-0.9300465034877872,0.00716907908504148,-0.6138613861386008,226.040069580078,0.2981192715152958,0.2713367456255208,normal_flow,2356000.csv
2356000,2018-06-14,daytime,6,NA,NA,-9.669261905852338e-15,210.555694580078,0.32335436257588385,0.2879181049875015,normal_flow,2356000.csv
2356000,2018-06-14,nighttime,6,-0.6637465183030599,0.15059011993384422,-0.29370629370626405,210.555694580078,0.32335436257588385,0.2879181049875015,normal_flow,2356000.csv
2356000,2018-06-15,daytime,6,NA,NA,NA,204.697952270508,0.33490060707058683,0.3054318930286077,normal_flow,2356000.csv
2356000,2018-06-15,nighttime,6,NA,NA,1.1096938160407783e-14,204.697952270508,0.33490060707058683,0.3054318930286077,normal_flow,2356000.csv
2356000,2018-06-16,daytime,6,NA,NA,-3.341297953712958e-15,199.018829345703,0.34656588501368885,0.32199738126413524,normal_flow,2356000.csv
2356000,2018-06-16,nighttime,6,0.20000000000000004,0.704,0.05000000000000693,199.018829345703,0.34656588501368885,0.32199738126413524,normal_flow,2356000.csv
2356000,2018-06-17,daytime,6,NA,NA,-3.544490670544267e-15,202.977386474609,0.33906677776455185,0.3382375114073721,normal_flow,2356000.csv
2356000,2018-06-17,nighttime,6,-0.6201736729460419,0.1890036584551757,-2.9999999999989915,202.977386474609,0.33906677776455185,0.3382375114073721,normal_flow,2356000.csv
2356000,2018-06-18,daytime,6,0.7592566023653001,0.0799596465455795,0.13999999999999813,208.842239379883,0.3266872991310558,0.35468396619450065,normal_flow,2356000.csv
2356000,2018-06-18,nighttime,6,-0.8000000000000064,0.05599999999999651,-0.09999999999999898,208.842239379883,0.3266872991310558,0.35468396619450065,normal_flow,2356000.csv
2356000,2018-06-19,daytime,6,0.7114914586232077,0.112848449199962,0.03668261562998037,211.607452392578,0.3216878942982978,0.3714954568900528,normal_flow,2356000.csv
2356000,2018-06-19,nighttime,6,NA,NA,NA,211.607452392578,0.3216878942982978,0.3714954568900528,normal_flow,2356000.csv
2356000,2018-06-20,daytime,6,0.8543847480674645,0.03026190393744461,0.18925233644859604,203.784301757812,0.3369836924175693,0.3886442090227354,normal_flow,2356000.csv
2356000,2018-06-20,nighttime,6,NA,NA,1.1156840660600231e-14,203.784301757812,0.3369836924175693,0.3886442090227354,normal_flow,2356000.csv
2356000,2018-06-21,daytime,6,0.8935464156105127,0.01639536297362521,0.25590551181101096,184.87614440918,0.3789429829782169,0.4034440344403444,normal_flow,2356000.csv
2356000,2018-06-21,nighttime,6,NA,NA,1.4503892858778264e-14,184.87614440918,0.3789429829782169,0.4034440344403444,normal_flow,2356000.csv
2356000,2018-06-22,daytime,6,0.8469895538599181,0.03332713961639656,0.16666666666666638,165.543075561523,0.4201880728484704,0.4148156965440622,normal_flow,2356000.csv
2356000,2018-06-22,nighttime,6,0.7011147830125235,0.12064849656633608,0.06642728904847503,165.543075561523,0.4201880728484704,0.4148156965440622,normal_flow,2356000.csv
2356000,2018-06-23,daytime,6,0.9831946659068704,4.212558060138029e-4,0.327181208053691,153.915161132812,0.4494703011546245,0.4239098520017458,normal_flow,2356000.csv
2356000,2018-06-23,nighttime,6,0.6139406135149172,0.19479327227466495,0.13461538461538924,153.915161132812,0.4494703011546245,0.4239098520017458,normal_flow,2356000.csv
2356000,2018-06-24,daytime,6,0.9930431525091988,7.242824271254629e-5,0.4759036144578382,147.744155883789,0.4687537197952625,0.4293417450303535,normal_flow,2356000.csv
2356000,2018-06-24,nighttime,6,0.91350027839114,0.01089969856959355,0.31428571428568436,147.744155883789,0.4687537197952625,0.4293417450303535,normal_flow,2356000.csv
2356000,2018-06-25,daytime,6,0.9690469125568136,0.00142231245556395,0.46952595936794417,144.917633056641,0.47857397928818,0.4285997698686664,normal_flow,2356000.csv
2356000,2018-06-25,nighttime,6,0.8075728530872468,0.05197969420192673,0.2173913043478148,144.917633056641,0.47857397928818,0.4285997698686664,normal_flow,2356000.csv
2356000,2018-06-26,daytime,6,0.9851721951324236,3.281656470452918e-4,0.4679999999999961,141.190887451172,0.49285799309606,0.425750902670317,normal_flow,2356000.csv
2356000,2018-06-26,nighttime,6,NA,NA,7.537456131333772e-15,141.190887451172,0.49285799309606,0.425750902670317,normal_flow,2356000.csv
2356000,2018-06-27,daytime,6,0.9801662136860332,5.861675210200765e-4,0.5393548387096785,136.170471191406,0.5135102963932865,0.4264730389239376,normal_flow,2356000.csv
2356000,2018-06-27,nighttime,6,0.8915001773735528,0.01701967583457933,0.366628830874004,136.170471191406,0.5135102963932865,0.4264730389239376,normal_flow,2356000.csv
2356000,2018-06-28,daytime,6,0.9729408787220172,0.00108838777572338,0.7418604651162876,134.696273803711,0.520116652779431,0.4306947585604888,normal_flow,2356000.csv
2356000,2018-06-28,nighttime,6,0.9119768677049414,0.01128110295317089,0.5662650602409549,134.696273803711,0.520116652779431,0.4306947585604888,normal_flow,2356000.csv
2356000,2018-06-29,daytime,6,0.9954937810531008,3.04132621343972e-5,0.7324840764331341,140.954254150391,0.493929294131651,0.43328571995397375,normal_flow,2356000.csv
2356000,2018-06-29,nighttime,6,0.9688035681848094,0.00144464558252465,0.636746143057492,140.954254150391,0.493929294131651,0.43328571995397375,normal_flow,2356000.csv
2356000,2018-06-30,daytime,6,0.9502732821595612,0.00364763891784167,0.5054945054945122,146.955825805664,0.471312938935841,0.4332023965400944,normal_flow,2356000.csv
2356000,2018-06-30,nighttime,6,0.892843665666481,0.01660850974942019,0.7358490566037276,146.955825805664,0.471312938935841,0.4332023965400944,normal_flow,2356000.csv
2356000,2018-07-01,daytime,6,NA,NA,1.5316110858872807e-14,162.020935058594,0.4280442804428044,0.43270642383843194,normal_flow,2356000.csv
2356000,2018-07-01,nighttime,6,0.4826639337239623,0.3322258738722956,0.3960396039604654,162.020935058594,0.4280442804428044,0.43270642383843194,normal_flow,2356000.csv
2356000,2018-07-02,daytime,6,0.7058841320542294,0.11703509500222918,0.3841642228739017,208.262298583984,0.3279371503392453,0.432654842677459,normal_flow,2356000.csv
2356000,2018-07-02,nighttime,6,NA,NA,1.705482878871469e-14,208.262298583984,0.3279371503392453,0.432654842677459,normal_flow,2356000.csv
2356000,2018-07-03,daytime,6,0.9722585615779212,0.00114370637777581,0.2291979573445495,235.012115478516,0.2839542911558148,0.4332222354481609,normal_flow,2356000.csv
2356000,2018-07-03,nighttime,6,-0.37210420376762177,0.4676047546094022,-0.07692307692304322,235.012115478516,0.2839542911558148,0.4332222354481609,normal_flow,2356000.csv
2356000,2018-07-04,daytime,6,0.954940284099828,0.00299982286764883,0.3918367346938713,206.23046875,0.3325199381026068,0.4330873308733087,normal_flow,2356000.csv
2356000,2018-07-04,nighttime,6,0.9252915127470062,0.00816354969242112,0.2739726027397375,206.23046875,0.3325199381026068,0.4330873308733087,normal_flow,2356000.csv
2356000,2018-07-05,daytime,6,0.8970979260901306,0.01533844858815245,0.30526315789473263,174.871978759766,0.4003094869658374,0.43196841645835815,normal_flow,2356000.csv
2356000,2018-07-05,nighttime,6,0.889647318753612,0.01759464967747431,0.473684210526317,174.871978759766,0.4003094869658374,0.43196841645835815,normal_flow,2356000.csv
2356000,2018-07-06,daytime,6,0.9637496328964756,0.00194731556629512,0.28719886632026087,166.601943969727,0.4178074038804904,0.4308614053882474,normal_flow,2356000.csv
2356000,2018-07-06,nighttime,6,0.8309052630567287,0.04047207964450595,0.5973154362416145,166.601943969727,0.4178074038804904,0.4308614053882474,normal_flow,2356000.csv
2356000,2018-07-07,daytime,6,0.9434720899121825,0.00470279215584899,0.2434736281299942,166.12467956543,0.41893822164028094,0.43296036186168313,normal_flow,2356000.csv
2356000,2018-07-07,nighttime,6,0.8784420170725502,0.02126642358205354,0.3372641509434141,166.12467956543,0.41893822164028094,0.43296036186168313,normal_flow,2356000.csv
2356000,2018-07-08,daytime,6,0.9596367665608734,0.00241090621996412,0.33463035019455,156.392562866211,0.44203071062968696,0.43908661667261834,normal_flow,2356000.csv
2356000,2018-07-08,nighttime,6,0.8386592170224194,0.03694635365846861,0.10047846889952385,156.392562866211,0.44203071062968696,0.43908661667261834,normal_flow,2356000.csv
2356000,2018-07-09,daytime,6,0.9805401532823786,5.643438692114149e-4,0.4934640522875891,147.929870605469,0.46798000238066895,0.45010911399436576,normal_flow,2356000.csv
2356000,2018-07-09,nighttime,6,0.9561999555074322,0.00283565188229176,0.9702970297029868,147.929870605469,0.46798000238066895,0.45010911399436576,normal_flow,2356000.csv
2356000,2018-07-10,daytime,6,0.9551247093279988,0.00297550282511035,0.30408773678963513,142.981628417969,0.4870848708487085,0.4654922033091299,normal_flow,2356000.csv
2356000,2018-07-10,nighttime,6,NA,NA,1.1054665753515355e-14,142.981628417969,0.4870848708487085,0.4654922033091299,normal_flow,2356000.csv
2356000,2018-07-11,daytime,6,0.9885536099560857,1.95779915431241e-4,0.488619119878616,141.809707641602,0.49083442447327696,0.48214895052176326,normal_flow,2356000.csv
2356000,2018-07-11,nighttime,6,0.7596000842007192,0.07974156894166148,0.34447300771208217,141.809707641602,0.49083442447327696,0.48214895052176326,normal_flow,2356000.csv
2356000,2018-07-12,daytime,6,0.9880541852062634,2.132013878648224e-4,0.6989619377162711,140.208618164062,0.4967265801690275,0.4963615442606039,normal_flow,2356000.csv
2356000,2018-07-12,nighttime,6,0.9092050247895695,0.01199134676712681,0.31059245960502313,140.208618164062,0.4967265801690275,0.4963615442606039,normal_flow,2356000.csv
2356000,2018-07-13,daytime,6,0.9885229068719352,1.968295976106355e-4,0.578663793103449,138.439102172852,0.5035114867277705,0.5063762250525731,normal_flow,2356000.csv
2356000,2018-07-13,nighttime,6,0.9818653569033866,4.90315993120297e-4,0.7087378640776405,138.439102172852,0.5035114867277705,0.5063762250525731,normal_flow,2356000.csv
2356000,2018-07-14,daytime,6,0.9253550137552972,0.00814985472922892,1.4658385093168227,133.703414916992,0.5254136412331866,0.5142086259572273,normal_flow,2356000.csv
2356000,2018-07-14,nighttime,6,0.9941147309329176,5.185266574474086e-5,0.979320531757724,133.703414916992,0.5254136412331866,0.5142086259572273,normal_flow,2356000.csv
2356000,2018-07-15,daytime,6,0.9719429630830618,0.00116975276869573,1.2749999999999957,125.485893249512,0.5632067610998691,0.5130301948180772,normal_flow,2356000.csv
2356000,2018-07-15,nighttime,6,0.9524203873635104,0.00334187347959393,1.230483271375412,125.485893249512,0.5632067610998691,0.5130301948180772,normal_flow,2356000.csv
2356000,2018-07-16,daytime,6,0.9895843165403678,1.621647125733166e-4,0.8188073394495369,120.295448303223,0.5933817402690156,0.50457881998174825,normal_flow,2356000.csv
2356000,2018-07-16,nighttime,6,0.9945799058844842,4.3986516140339184e-5,0.8243243243243153,120.295448303223,0.5933817402690156,0.50457881998174825,normal_flow,2356000.csv
2356000,2018-07-17,daytime,6,0.9670965829283787,0.00160614108939859,0.7740213523131955,126.324890136719,0.55868349006070706,0.492342181486331,normal_flow,2356000.csv
2356000,2018-07-17,nighttime,6,0.9850365626224088,3.3418149706057094e-4,0.5833333333333384,126.324890136719,0.55868349006070706,0.492342181486331,normal_flow,2356000.csv
2356000,2018-07-19,daytime,6,0.9870712255335712,2.4964927073410447e-4,0.7135278514589138,128.884094238281,0.545708844185216,0.47190017061460937,normal_flow,2356000.csv
2356000,2018-07-19,nighttime,6,0.8742154748436333,0.02273755470098928,1.050847457627034,128.884094238281,0.545708844185216,0.47190017061460937,normal_flow,2356000.csv
2356000,2018-07-20,daytime,6,0.9769960301179332,7.87687294857381e-4,0.42612555485098486,127.753517150879,0.5505296988453755,0.4658731103440067,normal_flow,2356000.csv
2356000,2018-07-20,nighttime,6,0.9811260782911084,5.309757003782748e-4,0.5703125000000087,127.753517150879,0.5505296988453755,0.4658731103440067,normal_flow,2356000.csv
2356000,2018-07-21,daytime,6,0.9115042764737424,0.01140071280034324,0.2405063291139299,131.216735839844,0.5352934174503036,0.4586715867158672,normal_flow,2356000.csv
2356000,2018-07-21,nighttime,6,0.7905694150420948,0.0611988196375124,0.4687500000000089,131.216735839844,0.5352934174503036,0.4586715867158672,normal_flow,2356000.csv
2356000,2018-07-22,daytime,6,0.981982743322081,4.840079125085772e-4,0.43539445628997614,174.583343505859,0.4012617545530294,0.44974407808594213,normal_flow,2356000.csv
2356000,2018-07-22,nighttime,6,0.9445868336206724,0.00452085215128055,0.4815286624203672,174.583343505859,0.4012617545530294,0.44974407808594213,normal_flow,2356000.csv
2356000,2018-07-23,daytime,6,0.7561512453751275,0.08194342914455231,0.06352941176470003,215.110443115234,0.3152600880847518,0.4395508471213744,normal_flow,2356000.csv
2356000,2018-07-23,nighttime,6,0.8513707857127223,0.03149430752814369,0.4832214765100721,215.110443115234,0.3152600880847518,0.4395508471213744,normal_flow,2356000.csv
2356000,2018-07-24,daytime,6,0.27372445072569024,0.599667736401189,0.05244755244755456,234.735733032227,0.2844304249494108,0.4299805578700948,normal_flow,2356000.csv
2356000,2018-07-24,nighttime,6,NA,NA,-0,234.735733032227,0.2844304249494108,0.4299805578700948,normal_flow,2356000.csv
2356000,2018-07-25,daytime,6,NA,NA,0,219.311279296875,0.3087727651470063,0.42287426100067455,normal_flow,2356000.csv
2356000,2018-07-25,nighttime,6,-0.3816163884860889,0.4553630183742226,-0.04854368932038376,219.311279296875,0.3087727651470063,0.42287426100067455,normal_flow,2356000.csv
2356000,2018-07-26,daytime,6,NA,NA,0,191.413360595703,0.36251636709915486,0.4134309407610205,normal_flow,2356000.csv
2356000,2018-07-26,nighttime,6,NA,NA,0,191.413360595703,0.36251636709915486,0.4134309407610205,normal_flow,2356000.csv
2356000,2018-07-27,daytime,6,-0.743042849407982,0.0905574138936088,-0.29577464788734226,172.021026611328,0.4063206761099869,0.398333531722414,normal_flow,2356000.csv
2356000,2018-07-27,nighttime,6,NA,NA,NA,172.021026611328,0.4063206761099869,0.398333531722414,normal_flow,2356000.csv
2356000,2018-07-28,daytime,6,NA,NA,0,176.922241210938,0.3954886323056779,0.3811847795897314,normal_flow,2356000.csv
2356000,2018-07-28,nighttime,6,-0.9928068941190108,7.742506989622577e-5,-0.25938566552900033,176.922241210938,0.3954886323056779,0.3811847795897314,normal_flow,2356000.csv
2356000,2018-07-29,daytime,6,0.5410017808004703,0.2676683211115612,0.3333333333333393,178.863494873047,0.3915010117843114,0.3651946196881324,normal_flow,2356000.csv
2356000,2018-07-29,nighttime,6,NA,NA,NA,178.863494873047,0.3915010117843114,0.3651946196881324,normal_flow,2356000.csv
2356000,2018-07-30,daytime,6,-0.5330017908890277,0.27620779532683226,-0.312500000000055,170.350936889648,0.41030829663135343,0.36113954687933975,normal_flow,2356000.csv
2356000,2018-07-30,nighttime,6,NA,NA,0,170.350936889648,0.41030829663135343,0.36113954687933975,normal_flow,2356000.csv
2356000,2018-07-31,daytime,6,0.937643113575858,0.00571133825170395,0.37556973564268,153.808502197266,0.4498274014998214,0.3676705154148316,normal_flow,2356000.csv
2356000,2018-07-31,nighttime,6,0.5883484054145535,0.219306923584535,0.07692307692308244,153.808502197266,0.4498274014998214,0.3676705154148316,normal_flow,2356000.csv
2356000,2018-08-01,daytime,6,0.8420413371357537,0.03545580026623588,0.25210084033613067,152.851821899414,0.4520890370194025,0.3793040511050272,normal_flow,2356000.csv
2356000,2018-08-01,nighttime,6,NA,NA,4.996000477389789e-15,152.851821899414,0.4520890370194025,0.3793040511050272,normal_flow,2356000.csv
2356000,2018-08-02,daytime,6,0.6640906067234248,0.1503014923048713,0.46551724137927664,178.541122436523,0.3921556957505059,0.3897313811847796,normal_flow,2356000.csv
2356000,2018-08-02,nighttime,6,NA,NA,1.7026309008131733e-14,178.541122436523,0.3921556957505059,0.3897313811847796,normal_flow,2356000.csv
2356000,2018-08-03,daytime,6,0.7849313448431047,0.06440784024927666,0.4142857142857141,213.252777099609,0.31924770860611834,0.3973534896639289,normal_flow,2356000.csv
2356000,2018-08-03,nighttime,6,0.35714285714286076,0.4870626822157386,0.08928571428570699,213.252777099609,0.31924770860611834,0.3973534896639289,normal_flow,2356000.csv
2356000,2018-08-04,daytime,6,0.9619137090673052,0.00214822500460417,0.11712379540399112,229.430328369141,0.2932984168551363,0.4020434075308495,normal_flow,2356000.csv
2356000,2018-08-04,nighttime,6,-0.2182178902359968,0.6778688286992429,-0.08333333333332786,229.430328369141,0.2932984168551363,0.4020434075308495,normal_flow,2356000.csv
2356000,2018-08-05,daytime,6,0.6663924874789788,0.14837670596847596,0.02467105263157223,227.852783203125,0.2954410189263183,0.4072570725707257,normal_flow,2356000.csv
2356000,2018-08-05,nighttime,6,NA,NA,1.9236742107434643e-14,227.852783203125,0.2954410189263183,0.4072570725707257,normal_flow,2356000.csv
2356000,2018-08-06,daytime,6,0.15464122970369965,0.769887193663307,0.02590673575129065,202.197662353516,0.3404356624211403,0.4114311788279173,normal_flow,2356000.csv
2356000,2018-08-06,nighttime,6,-0.7224219619614748,0.10488071695424583,-0.5384615384615363,202.197662353516,0.3404356624211403,0.4114311788279173,normal_flow,2356000.csv
2356000,2018-08-07,daytime,6,-0.7848839282012712,0.06443514654511386,-0.1454545454545522,168.835266113281,0.4132246161171289,0.413133357140023,normal_flow,2356000.csv
2356000,2018-08-07,nighttime,6,NA,NA,2.7773411857238992e-14,168.835266113281,0.4132246161171289,0.413133357140023,normal_flow,2356000.csv
2356000,2018-08-08,daytime,6,NA,NA,-5.1520825009656685e-15,150.639038085938,0.45893346030234494,0.4108994960917351,normal_flow,2356000.csv
2356000,2018-08-08,nighttime,6,NA,NA,-1.5134496896116708e-14,150.639038085938,0.45893346030234494,0.4108994960917351,normal_flow,2356000.csv
2356000,2018-08-09,daytime,6,0.6612035107624802,0.15273054261386346,0.04752066115702549,148.772888183594,0.4651827163432925,0.4045351743840019,normal_flow,2356000.csv
2356000,2018-08-09,nighttime,6,NA,NA,9.459060560072935e-15,148.772888183594,0.4651827163432925,0.4045351743840019,normal_flow,2356000.csv
2356000,2018-08-10,daytime,6,0.995893206467704,2.5263997592454148e-5,0.1803278688524586,145.429412841797,0.47684799428639446,0.3983573384120938,normal_flow,2356000.csv
2356000,2018-08-10,nighttime,6,NA,NA,8.70233571526731e-15,145.429412841797,0.47684799428639446,0.3983573384120938,normal_flow,2356000.csv
2356000,2018-08-11,daytime,6,0.9290104071940518,0.0073804066125949,0.25080385852089726,145.495697021484,0.476669444113796,0.3947982383049637,normal_flow,2356000.csv
2356000,2018-08-11,nighttime,6,0.6690305695911336,0.14618382368625038,0.5841584158415242,145.495697021484,0.476669444113796,0.3947982383049637,normal_flow,2356000.csv
2356000,2018-08-12,daytime,6,0.3905498468561698,0.4439603542230641,0.02723735408560175,146.119354248047,0.473693607903821,0.3941713288100623,normal_flow,2356000.csv
2356000,2018-08-12,nighttime,6,-0.6846531968814602,0.13348579769690308,-0.2343750000000076,146.119354248047,0.473693607903821,0.3941713288100623,normal_flow,2356000.csv
2356000,2018-08-13,daytime,6,NA,NA,-3.189808135178003e-15,152.211059570312,0.4541126056421855,0.3969527437209856,normal_flow,2356000.csv
2356000,2018-08-13,nighttime,6,0.21320071635561663,0.6850443962928393,0.04545454545455511,152.211059570312,0.4541126056421855,0.3969527437209856,normal_flow,2356000.csv
2356000,2018-08-14,daytime,6,0.7360425945372152,0.09531484813284404,0.1379022147931416,158.606399536133,0.4358409713129389,0.3986668253779312,normal_flow,2356000.csv
2356000,2018-08-14,nighttime,6,0.21821789023599297,0.6778688286992485,0.16666666666669375,158.606399536133,0.4358409713129389,0.3986668253779312,normal_flow,2356000.csv
2356000,2018-08-15,daytime,6,NA,NA,-4.848808756307121e-15,167.24919128418,0.416319485775503,0.3941792643732889,normal_flow,2356000.csv
2356000,2018-08-15,nighttime,6,-0.2421797398482326,0.6438324353844903,-0.05865102639294801,167.24919128418,0.416319485775503,0.3941792643732889,normal_flow,2356000.csv
2356000,2018-08-16,daytime,6,NA,NA,-0,193.927261352539,0.35662421140340433,0.3853747569733762,normal_flow,2356000.csv
2356000,2018-08-16,nighttime,6,0.19425717247145832,0.7122794709620854,0.03773584905662111,193.927261352539,0.35662421140340433,0.3853747569733762,normal_flow,2356000.csv
2356000,2018-08-17,daytime,6,-0.2044794529773081,0.6975556523035986,-0.14634146341468557,225.097106933594,0.2994881561718843,0.37669325080347577,normal_flow,2356000.csv
2356000,2018-08-17,nighttime,6,NA,NA,-0,225.097106933594,0.2994881561718843,0.37669325080347577,normal_flow,2356000.csv
2356000,2018-08-18,daytime,6,0.5778418403890996,0.22970827920873904,0.095400340715501,245.697525024414,0.26586120699916677,0.36981708526762685,normal_flow,2356000.csv
2356000,2018-08-18,nighttime,6,NA,NA,-0,245.697525024414,0.26586120699916677,0.36981708526762685,normal_flow,2356000.csv
2356000,2018-08-19,daytime,6,0.9061030445113404,0.01281102963039717,0.26562500000000994,235.02278137207,0.28389477443161526,0.3663849541721224,normal_flow,2356000.csv
2356000,2018-08-19,nighttime,6,0.8582317538645414,0.02872270761189777,0.26440677966100384,235.02278137207,0.28389477443161526,0.3663849541721224,normal_flow,2356000.csv
2356000,2018-08-20,daytime,6,0.3869099239216916,0.4485951844208418,0.04045926735920417,203.644515991211,0.33716224259016786,0.36745625520771336,normal_flow,2356000.csv
2356000,2018-08-20,nighttime,6,0.3943691066601455,0.4391138605148452,0.05655526992288236,203.644515991211,0.33716224259016786,0.36745625520771336,normal_flow,2356000.csv
2356000,2018-08-22,daytime,6,NA,NA,-4.4945277959528064e-15,199.412826538086,0.34591120104749434,0.3874935523548784,normal_flow,2356000.csv
2356000,2018-08-22,nighttime,6,NA,NA,2.2321976370016975e-14,199.412826538086,0.34591120104749434,0.3874935523548784,normal_flow,2356000.csv
2356000,2018-08-23,daytime,6,0.9097779615660576,0.01184281990067395,0.12599586898789553,208.818710327148,0.3268658493036543,0.402460024600246,normal_flow,2356000.csv
2356000,2018-08-23,nighttime,6,0.8932370012631111,0.01648904648156698,0.4255319148935941,208.818710327148,0.3268658493036543,0.402460024600246,normal_flow,2356000.csv
2356000,2018-08-24,daytime,6,-0.7993435265400212,0.05635501267581686,-0.12995594713656772,204.696258544922,0.33496012379478635,0.41867238027218984,normal_flow,2356000.csv
2356000,2018-08-24,nighttime,6,NA,NA,2.0678817541229072e-14,204.696258544922,0.33496012379478635,0.41867238027218984,normal_flow,2356000.csv
2356000,2018-08-25,daytime,6,NA,NA,-9.81900711235911e-15,187.115234375,0.37370551124866086,0.43315478316073486,normal_flow,2356000.csv
2356000,2018-08-25,nighttime,6,0.38729833462073593,0.44809987316545047,0.07142857142858083,187.115234375,0.37370551124866086,0.43315478316073486,normal_flow,2356000.csv
2356000,2018-08-26,daytime,6,0.6709593637231035,0.14458936740043243,0.10388918486946778,163.117202758789,0.4251874776812285,0.44555806848391066,normal_flow,2356000.csv
2356000,2018-08-26,nighttime,6,0.7197016060085819,0.10683965596820806,0.22198731501056215,163.117202758789,0.4251874776812285,0.44555806848391066,normal_flow,2356000.csv
2356000,2018-08-27,daytime,6,0.9169487762957222,0.01005983549128006,0.25296964364275903,142.215759277344,0.489763123437686,0.4558504939888108,normal_flow,2356000.csv
2356000,2018-08-27,nighttime,6,0.7311261550139339,0.09872084891009757,0.06363636363636302,142.215759277344,0.489763123437686,0.4558504939888108,normal_flow,2356000.csv
2356000,2018-08-28,daytime,6,0.6410982220295419,0.1701005730808769,0.11577660008152382,125.553176879883,0.5627901440304726,0.46487322937745507,normal_flow,2356000.csv
2356000,2018-08-28,nighttime,6,0.9156440301912836,0.01037375889051732,0.3067331670822729,125.553176879883,0.5627901440304726,0.46487322937745507,normal_flow,2356000.csv
2356000,2018-08-29,daytime,6,0.9012007377849668,0.01415973698803717,0.3057553956834438,115.017417907715,0.6277228901321271,0.4747490378129588,normal_flow,2356000.csv
2356000,2018-08-29,nighttime,6,0.8843805015289071,0.01927900951849885,0.245283018867931,115.017417907715,0.6277228901321271,0.4747490378129588,normal_flow,2356000.csv
2356000,2018-08-30,daytime,6,0.983435316300428,4.093105377056379e-4,0.316226415094339,112.599822998047,0.6408165694560172,0.48711661310161486,normal_flow,2356000.csv
2356000,2018-08-30,nighttime,6,0.1657483860329486,0.7536541844949857,0.02747252747253165,112.599822998047,0.6408165694560172,0.48711661310161486,normal_flow,2356000.csv
2356000,2018-08-31,daytime,6,0.9386679716361972,0.00552707273299367,0.6219512195121922,119.209533691406,0.5998095464825616,0.5006031028052216,normal_flow,2356000.csv
2356000,2018-08-31,nighttime,6,0.6800000000000019,0.13721599999999837,0.2720000000000055,119.209533691406,0.5998095464825616,0.5006031028052216,normal_flow,2356000.csv
2356000,2018-09-01,daytime,6,0.986218051649958,2.8360426437676166e-4,0.4725925925925959,135.449462890625,0.5167241995000595,0.5156013173034956,normal_flow,2356000.csv
2356000,2018-09-01,nighttime,6,0.6534102628035391,0.1593697188220083,0.44117647058824366,135.449462890625,0.5167241995000595,0.5156013173034956,normal_flow,2356000.csv
2356000,2018-09-02,daytime,6,0.952873919530916,0.00327897080124337,0.450472872075659,152.955429077148,0.451910486846804,0.5325675514819664,normal_flow,2356000.csv
2356000,2018-09-02,nighttime,6,0.901796019312655,0.01399249206784138,1.514851485148631,152.955429077148,0.451910486846804,0.5325675514819664,normal_flow,2356000.csv
2356000,2018-09-04,daytime,6,0.7654378600126057,0.07607636246217653,0.4556962025316398,146.475234985352,0.47250327341983095,0.5598658889814705,normal_flow,2356000.csv
2356000,2018-09-04,nighttime,6,0.6123724356957909,0.19626117814927288,0.1875000000000272,146.475234985352,0.47250327341983095,0.5598658889814705,normal_flow,2356000.csv
2356000,2018-09-06,daytime,6,0.9907334423625396,1.2840578023460905e-4,0.3138686131386897,132.13410949707,0.531424830377336,0.5728921160179343,normal_flow,2356000.csv
2356000,2018-09-06,nighttime,6,0.6565321642986119,0.1566957544785065,0.22988505747125632,132.13410949707,0.531424830377336,0.5728921160179343,normal_flow,2356000.csv
2356000,2018-09-07,daytime,6,0.9775856785291246,7.47972212694798e-4,0.8191489361702524,132.663009643555,0.529163194857755,0.5778716819426258,normal_flow,2356000.csv
2356000,2018-09-07,nighttime,6,0.8242932673140851,0.04359699954632289,0.42815249266861166,132.663009643555,0.529163194857755,0.5778716819426258,normal_flow,2356000.csv
2356000,2018-09-08,daytime,6,0.974195459909738,9.902201440086405e-4,0.38979118329466605,126.055198669434,0.5599333412688966,0.5850970122604452,normal_flow,2356000.csv
2356000,2018-09-08,nighttime,6,0.9539980920057244,0.00312558925244568,0.7500000000000032,126.055198669434,0.5599333412688966,0.5850970122604452,normal_flow,2356000.csv
2356000,2018-09-10,daytime,6,0.890458673699705,0.01734174351438159,0.588983050847465,108.9638671875,0.6606356386144506,0.6128040312661192,normal_flow,2356000.csv
2356000,2018-09-10,nighttime,6,0.870421623592211,0.02409798697979735,0.577464788732362,108.9638671875,0.6606356386144506,0.6128040312661192,normal_flow,2356000.csv
2356000,2018-09-12,daytime,6,0.7437357441611019,0.09009244100062162,0.5238095238095649,104.58145904541,0.6827758600166647,0.6444708963218665,normal_flow,2356000.csv
2356000,2018-09-12,nighttime,6,0.7922077922077926,0.06028041784493103,0.792207792207654,104.58145904541,0.6827758600166647,0.6444708963218665,normal_flow,2356000.csv
2356000,2018-09-13,daytime,6,0.9911995941857612,1.1582993060137692e-4,0.542056074766357,99.9575653076172,0.7031305796928937,0.6566638892195373,normal_flow,2356000.csv
2356000,2018-09-13,nighttime,6,0.46291004988627565,0.35523243051554476,0.2857142857142659,99.9575653076172,0.7031305796928937,0.6566638892195373,normal_flow,2356000.csv
2356000,2018-09-14,daytime,6,0.9644877635748218,0.00186928582697034,0.5915492957746469,96.7027130126953,0.7155100583263897,0.6682775860016664,normal_flow,2356000.csv
2356000,2018-09-14,nighttime,6,0.8929282773893077,0.01658277662015903,0.5441176470587646,96.7027130126953,0.7155100583263897,0.6682775860016664,normal_flow,2356000.csv
2356000,2018-09-15,daytime,6,0.9914595885865416,1.0909647772496812e-4,0.4992158912702516,98.5719223022461,0.7081895012498512,0.6805380311867635,normal_flow,2356000.csv
2356000,2018-09-15,nighttime,6,0.9893312122135456,1.7012737235734925e-4,0.5930232558139376,98.5719223022461,0.7081895012498512,0.6805380311867635,normal_flow,2356000.csv
2356000,2018-09-16,daytime,6,0.9860343584180328,2.911967937986203e-4,0.8388157894736786,101.74690246582,0.6952743720985597,0.6908939411974765,normal_flow,2356000.csv
2356000,2018-09-16,nighttime,6,0.953783782648418,0.00315455061475891,0.5660377358490398,101.74690246582,0.6952743720985597,0.6908939411974765,normal_flow,2356000.csv
2356000,2018-09-17,daytime,6,0.9336923412738416,0.0064492907812045,0.8537859007833142,103.26188659668,0.6889655993334127,0.6972820695948895,normal_flow,2356000.csv
2356000,2018-09-17,nighttime,6,0.9921609337929048,9.193557943079275e-5,0.8190476190476168,103.26188659668,0.6889655993334127,0.6972820695948895,normal_flow,2356000.csv
2356000,2018-09-18,daytime,6,0.9945111964071208,4.51077668252635e-5,0.9731092436974872,102.784507751465,0.6908701345077967,0.7027020592786573,normal_flow,2356000.csv
2356000,2018-09-18,nighttime,6,0.9868777233768152,2.5716142606931216e-4,0.7108433734939654,102.784507751465,0.6908701345077967,0.7027020592786573,normal_flow,2356000.csv
2356000,2018-09-19,daytime,6,0.985365989749844,3.1966441621378863e-4,0.9318529862174606,101.842643737793,0.6949172717533627,0.7085743760663413,normal_flow,2356000.csv
2356000,2018-09-19,nighttime,6,0.9787358411151144,6.734392312362729e-4,0.7486631016042716,101.842643737793,0.6949172717533627,0.7085743760663413,normal_flow,2356000.csv
2356000,2018-09-20,daytime,6,0.9835777870142566,4.0231917327318e-4,1.0273134936812245,101.37703704834,0.6971789072729437,0.7132087449906758,normal_flow,2356000.csv
2356000,2018-09-20,nighttime,6,0.9930797866978432,7.166832595514194e-5,0.8653175157013185,101.37703704834,0.6971789072729437,0.7132087449906758,normal_flow,2356000.csv
2356000,2018-09-21,daytime,6,0.9936565266453938,6.023185171378716e-5,0.9258496395468718,99.3250503540039,0.7056302821092727,0.7162361623616236,normal_flow,2356000.csv
2356000,2018-09-21,nighttime,6,0.9928618118221334,7.624873703574878e-5,0.9748953974895336,99.3250503540039,0.7056302821092727,0.7162361623616236,normal_flow,2356000.csv
2356000,2018-09-22,daytime,6,0.9981219486458276,5.2873033175989084e-6,1.1729323308270845,97.40673828125,0.7130698726342102,0.718422410030552,normal_flow,2356000.csv
2356000,2018-09-22,nighttime,6,0.9977858633186892,7.348174572078168e-6,1.0850439882698042,97.40673828125,0.7130698726342102,0.718422410030552,normal_flow,2356000.csv
2356000,2018-09-23,daytime,6,0.976426390966586,8.270224597131922e-4,0.9576271186440922,96.7729110717773,0.7152719914295917,0.7209975002975836,normal_flow,2356000.csv
2356000,2018-09-23,nighttime,6,0.9921566513138862,9.203592389055067e-5,1.006917755572614,96.7729110717773,0.7152719914295917,0.7209975002975836,normal_flow,2356000.csv
2356000,2018-09-24,daytime,6,0.9936615475159069,6.013664306988249e-5,0.6711340206185549,94.7798461914062,0.7240209498869182,0.7248700551521644,normal_flow,2356000.csv
2356000,2018-09-24,nighttime,6,0.9965548204214624,1.778344762246748e-5,0.9241982507288824,94.7798461914062,0.7240209498869182,0.7248700551521644,normal_flow,2356000.csv
2356000,2018-09-25,daytime,6,0.9503971290446888,0.00362964464738651,0.5583756345177784,90.3561859130859,0.7419354838709677,0.7289568702138635,normal_flow,2356000.csv
2356000,2018-09-25,nighttime,6,0.9830516219202527,4.284370895193145e-4,1.0439560439560194,90.3561859130859,0.7419354838709677,0.7289568702138635,normal_flow,2356000.csv
2356000,2018-09-26,daytime,6,0.9692891698136183,0.00140025009818962,0.6970643347907723,87.9002685546875,0.7518747768122842,0.7316033805499346,normal_flow,2356000.csv
2356000,2018-09-26,nighttime,6,0.9893252643920892,1.703167774920892e-4,0.7027027027026831,87.9002685546875,0.7518747768122842,0.7316033805499346,normal_flow,2356000.csv
2356000,2018-09-27,daytime,6,0.9767458888294892,8.04843156326825e-4,0.7903846153846302,87.7996597290039,0.7522913938816808,0.7327580049994048,normal_flow,2356000.csv
2356000,2018-09-27,nighttime,6,0.9318562838025258,0.00680713416202975,0.5131195335277002,87.7996597290039,0.7522913938816808,0.7327580049994048,normal_flow,2356000.csv
2356000,2018-09-28,daytime,6,0.9480221263796996,0.00398233472554637,0.5186595582635073,88.7109603881836,0.7485418402571122,0.7328333928500576,normal_flow,2356000.csv
2356000,2018-09-28,nighttime,6,0.9732586494143088,0.00106308837907604,0.6081277213352437,88.7109603881836,0.7485418402571122,0.7328333928500576,normal_flow,2356000.csv
2356000,2018-09-29,daytime,6,0.9830659944578912,4.277128132321185e-4,0.6209115281501271,88.7951965332031,0.7483037733603143,0.7314208625957227,normal_flow,2356000.csv
2356000,2018-09-29,nighttime,6,0.939699044800513,0.00534467447358631,0.6868044515103185,88.7951965332031,0.7483037733603143,0.7314208625957227,normal_flow,2356000.csv
2356000,2018-09-30,daytime,6,0.9787937031888092,6.697922263472586e-4,0.4969072164948597,89.3063583374023,0.7468158552553268,0.7301710113875333,normal_flow,2356000.csv
2356000,2018-09-30,nighttime,6,0.9700851736783036,0.00132895990910554,0.6525114155251142,89.3063583374023,0.7468158552553268,0.7301710113875333,normal_flow,2356000.csv
2356000,2018-10-01,daytime,6,0.930663132467312,0.00704472979511721,0.3736263736263825,87.5116806030273,0.7533626949172717,0.7303217870888387,normal_flow,2356000.csv
2356000,2018-10-01,nighttime,6,0.5694308535774886,0.23817312299071572,0.22754491017964792,87.5116806030273,0.7533626949172717,0.7303217870888387,normal_flow,2356000.csv
2356000,2018-10-06,daytime,6,0.9776561117382808,7.432964282148008e-4,0.42146017699115423,104.17911529541,0.6844423282942507,0.6385112883386899,normal_flow,2356000.csv
2356000,2018-10-06,nighttime,6,0.9588592162894816,0.00250402942001899,0.2663934426229503,104.17911529541,0.6844423282942507,0.6385112883386899,normal_flow,2356000.csv
2356000,2018-10-07,daytime,6,0.9805107239630952,5.660464964812234e-4,0.4021660649819473,102.005493164062,0.6943221045113677,0.5985676308375987,normal_flow,2356000.csv
2356000,2018-10-07,nighttime,6,0.9539663803334688,0.00312986642257422,0.2683486238532029,102.005493164062,0.6943221045113677,0.5985676308375987,normal_flow,2356000.csv
2356000,2018-10-08,daytime,6,0.9563211137316472,0.00282010138377202,0.6698113207547214,96.2174377441406,0.7175336269491727,0.5607229298099432,normal_flow,2356000.csv
2356000,2018-10-08,nighttime,6,0.939917685478069,0.00530638166895982,0.29927007299270053,96.2174377441406,0.7175336269491727,0.5607229298099432,normal_flow,2356000.csv
2356000,2018-10-09,daytime,6,0.9400888087440435,0.00527650511430035,0.7812499999999982,89.4595565795898,0.7456850374955363,0.5253303178193073,normal_flow,2356000.csv
2356000,2018-10-09,nighttime,6,0.7780548955539448,0.06842297728665638,0.3613445378151195,89.4595565795898,0.7456850374955363,0.5253303178193073,normal_flow,2356000.csv
2356000,2018-10-10,daytime,6,-0.7883259008478065,0.06246675955148852,-1.0428571428570017,85.9319915771484,0.7596714676824188,0.492183470221799,normal_flow,2356000.csv
2356000,2018-10-10,nighttime,6,0.5786375623578331,0.2289137840901156,0.26785714285713763,85.9319915771484,0.7596714676824188,0.492183470221799,normal_flow,2356000.csv
2356000,2018-10-11,daytime,6,-0.8172753093650341,0.04703203430909281,-0.3053435114503933,172.038208007812,0.4062611593857874,0.46296472642145775,normal_flow,2356000.csv
2356000,2018-10-11,nighttime,6,-0.6229918232859852,0.1864096882037504,-0.20792079207921357,172.038208007812,0.4062611593857874,0.46296472642145775,normal_flow,2356000.csv
2356000,2018-10-12,daytime,6,-0.6243178095110904,0.1851943133824002,-0.08750000000000321,250.268264770508,0.25907630044042373,0.43859461175256914,normal_flow,2356000.csv
2356000,2018-10-12,nighttime,6,-0.925820099772564,0.00804989310083503,-1.7142857142860763,250.268264770508,0.25907630044042373,0.43859461175256914,normal_flow,2356000.csv
2356000,2018-10-13,daytime,6,-0.7184212081071008,0.1077672092863432,-0.25806451612903814,330.752349853516,0.17081299845256517,0.4191326429393326,normal_flow,2356000.csv
2356000,2018-10-13,nighttime,6,0.878455276874916,0.02126188220632659,0.3273809523809478,330.752349853516,0.17081299845256517,0.4191326429393326,normal_flow,2356000.csv
2356000,2018-10-14,daytime,6,-0.9269089672010374,0.00781821153494956,-0.5176991150442862,356.453125,0.14914891084394716,0.4031266119112804,normal_flow,2356000.csv
2356000,2018-10-14,nighttime,6,0.6731618328060881,0.14277783388819076,0.1846153846153922,356.453125,0.14914891084394716,0.4031266119112804,normal_flow,2356000.csv
2356000,2018-10-15,daytime,6,NA,NA,-9.493457143928011e-15,321.228302001953,0.1791453398404952,0.3872872277109868,normal_flow,2356000.csv
2356000,2018-10-15,nighttime,6,-0.7715399007534351,0.07232890027564542,-0.4011627906976383,321.228302001953,0.1791453398404952,0.3872872277109868,normal_flow,2356000.csv
2356000,2018-10-16,daytime,6,-0.6476022284459915,0.16439516829161022,-0.04279475982533844,277.867828369141,0.2224735150577312,0.3693528548188707,normal_flow,2356000.csv
2356000,2018-10-16,nighttime,6,NA,NA,9.477791373064298e-15,277.867828369141,0.2224735150577312,0.3693528548188707,normal_flow,2356000.csv
2356000,2018-10-17,daytime,6,0.7646539427570577,0.07656400373825954,0.07130434782608697,253.9814453125,0.25306511129627424,0.34879577828036346,normal_flow,2356000.csv
2356000,2018-10-17,nighttime,6,0.6456653882953126,0.16608563580514676,0.7920792079208016,253.9814453125,0.25306511129627424,0.34879577828036346,normal_flow,2356000.csv
2356000,2018-10-18,daytime,6,0.9586343124133588,0.00253128933433669,0.27131782945736505,229.857208251953,0.2922866325437448,0.32801650597151133,normal_flow,2356000.csv
2356000,2018-10-18,nighttime,6,0.8848640439557998,0.01912129484353676,0.3660933660933672,229.857208251953,0.2922866325437448,0.32801650597151133,normal_flow,2356000.csv
2356000,2018-10-20,daytime,6,-0.9063981869734024,0.01273191234855743,-0.27932960893855474,171.955474853516,0.4063801928341864,0.35351743840019045,normal_flow,2356000.csv
2356000,2018-10-20,nighttime,6,0.8997354108424404,0.01457550241066298,0.539682539682539,171.955474853516,0.4063801928341864,0.35351743840019045,normal_flow,2356000.csv
2356000,2018-10-21,daytime,6,0.9603130419399304,0.00233132739637136,0.8709677419355171,155.661499023438,0.44435186287346745,0.3872356465500139,normal_flow,2356000.csv
2356000,2018-10-21,nighttime,6,0.9826752396615956,4.476209909753331e-4,0.28113879003559766,155.661499023438,0.44435186287346745,0.3872356465500139,normal_flow,2356000.csv
2356000,2018-10-22,daytime,6,0.7795248293271801,0.06755537937055756,0.16763005780346835,151.435806274414,0.4567313415069635,0.4267111058207356,normal_flow,2356000.csv
2356000,2018-10-22,nighttime,6,-0.4212117695871149,0.4055479058246358,-0.03225806451612221,151.435806274414,0.4567313415069635,0.4267111058207356,normal_flow,2356000.csv
2356000,2018-10-23,daytime,6,-0.29277002188455997,0.5733922538253555,-0.29999999999997395,154.195266723633,0.4485180335674325,0.46604769273499186,normal_flow,2356000.csv
2356000,2018-10-23,nighttime,6,-0.6985719029678258,0.12259463420752896,-0.2825278810408848,154.195266723633,0.4485180335674325,0.46604769273499186,normal_flow,2356000.csv
2356000,2018-10-24,daytime,6,0.8196630239853803,0.04584972966443821,0.2282229965156709,158.106536865234,0.4373288894179264,0.5028726738880293,normal_flow,2356000.csv
2356000,2018-10-24,nighttime,6,-0.8702192559338479,0.02417161106447225,-0.5048543689320281,158.106536865234,0.4373288894179264,0.5028726738880293,normal_flow,2356000.csv
2356000,2018-10-25,daytime,6,NA,NA,NA,154.32048034668,0.44798238304963695,0.5375590207514979,normal_flow,2356000.csv
2356000,2018-10-25,nighttime,6,-0.06142951168340056,0.9079716372139244,-0.00943396226413017,154.32048034668,0.44798238304963695,0.5375590207514979,normal_flow,2356000.csv
2356000,2018-10-26,daytime,6,0.942728127766869,0.00482617322456561,0.40622054665410295,143.827880859375,0.4830972503273419,0.5683728127603856,normal_flow,2356000.csv
2356000,2018-10-26,nighttime,6,-0.31622776601683794,0.5414697392755848,-0.06249999999998833,143.827880859375,0.4830972503273419,0.5683728127603856,normal_flow,2356000.csv
2356000,2018-10-27,daytime,6,0.8932734797472854,0.01647798829856343,0.4410958904109457,125.241592407227,0.5647541959290561,0.5925564416934492,normal_flow,2356000.csv
2356000,2018-10-27,nighttime,6,0.7152474728151272,0.110081565402654,0.09473684210526756,125.241592407227,0.5647541959290561,0.5925564416934492,normal_flow,2356000.csv
2356000,2018-10-28,daytime,6,0.6814250722893879,0.13606889460052868,0.22346368715083936,105.789733886719,0.6765861206999166,0.6081061778359719,normal_flow,2356000.csv
2356000,2018-10-28,nighttime,6,-0.6641499125669424,0.15025176931182538,-0.1427072402938045,105.789733886719,0.6765861206999166,0.6081061778359719,normal_flow,2356000.csv
2356000,2018-10-29,daytime,6,0.7957723938532397,0.05830431672445869,0.2065934065934044,90.5539398193359,0.7412807999047732,0.618438281157005,normal_flow,2356000.csv
2356000,2018-10-29,nighttime,6,-0.49562035358096934,0.31744144619481446,-0.07558139534883182,90.5539398193359,0.7412807999047732,0.618438281157005,normal_flow,2356000.csv
2356000,2018-10-30,daytime,6,0.85862966286938,0.02856567478936279,0.17346938775510232,83.6424407958984,0.7691941435543388,0.6290759036622624,normal_flow,2356000.csv
2356000,2018-10-30,nighttime,6,NA,NA,6.180161640400957e-15,83.6424407958984,0.7691941435543388,0.6290759036622624,normal_flow,2356000.csv
2356000,2018-10-31,daytime,6,NA,NA,0,82.5403594970703,0.7748482323532913,0.6405269213982462,normal_flow,2356000.csv
2356000,2018-10-31,nighttime,6,NA,NA,5.327960642000466e-15,82.5403594970703,0.7748482323532913,0.6405269213982462,normal_flow,2356000.csv
2356000,2018-11-01,daytime,6,0.8259685381260107,0.04279498351508505,0.5324675324675382,82.8304443359375,0.7733603142483038,0.6420386461929135,normal_flow,2356000.csv
2356000,2018-11-01,nighttime,6,0.3071475584169845,0.5537667547526838,0.0471698113207472,82.8304443359375,0.7733603142483038,0.6420386461929135,normal_flow,2356000.csv
2356000,2018-11-02,daytime,6,0.5813183589761817,0.22624521874204817,1.3999999999993122,87.3484954833984,0.7544935126770622,0.6365670753481728,normal_flow,2356000.csv
2356000,2018-11-02,nighttime,6,NA,NA,NA,87.3484954833984,0.7544935126770622,0.6365670753481728,normal_flow,2356000.csv
2356000,2018-11-03,daytime,6,0.624999999999999,0.18457031250000083,0.1562499999999969,98.3187637329102,0.7094393524580407,0.6241439511169306,normal_flow,2356000.csv
2356000,2018-11-03,nighttime,6,NA,NA,1.3406300966763424e-14,98.3187637329102,0.7094393524580407,0.6241439511169306,normal_flow,2356000.csv
2356000,2018-11-05,daytime,6,-0.5439580966939472,0.2645388473466758,-0.12328767123289312,119.307685852051,0.5993334126889656,0.5844185216045709,normal_flow,2356000.csv
2356000,2018-11-05,nighttime,6,-0.7612020568998566,0.07872802484920245,-0.9285714285712976,119.307685852051,0.5993334126889656,0.5844185216045709,normal_flow,2356000.csv
2356000,2018-11-06,daytime,6,NA,NA,NA,116.748336791992,0.6162956790858232,0.5584216164742293,normal_flow,2356000.csv
2356000,2018-11-06,nighttime,6,NA,NA,NA,116.748336791992,0.6162956790858232,0.5584216164742293,normal_flow,2356000.csv
2356000,2018-11-07,daytime,6,NA,NA,-4.8036893148280216e-14,116.136840820312,0.6202832996071896,0.530194818077213,normal_flow,2356000.csv
2356000,2018-11-07,nighttime,6,NA,NA,3.347052198179891e-14,116.136840820312,0.6202832996071896,0.530194818077213,normal_flow,2356000.csv
2356000,2018-11-08,daytime,6,-0.707945253734067,0.1154884150834246,-0.28925619834713556,150.322677612305,0.46000476133793594,0.4988652144585962,normal_flow,2356000.csv
2356000,2018-11-08,nighttime,6,NA,NA,1.500402709529166e-14,150.322677612305,0.46000476133793594,0.4988652144585962,normal_flow,2356000.csv
2356000,2018-11-09,daytime,6,-0.8783100656536798,0.02131164112875676,-0.2142857142857472,190.156402587891,0.36590882037852634,0.46445661230805857,normal_flow,2356000.csv
2356000,2018-11-09,nighttime,6,0.8454889030309695,0.03396614445768323,0.3762376237623584,190.156402587891,0.36590882037852634,0.46445661230805857,normal_flow,2356000.csv
2356000,2018-11-10,daytime,6,0.22645540682891604,0.6661234386496748,0.15384615384617734,227.191909790039,0.2967503868587073,0.42919890489227475,normal_flow,2356000.csv
2356000,2018-11-10,nighttime,6,0.5780173407803411,0.2295329550060892,0.29479768786131255,227.191909790039,0.2967503868587073,0.42919890489227475,normal_flow,2356000.csv
2356000,2018-11-11,daytime,6,NA,NA,-3.00861420639361e-14,221.690628051758,0.3050827282466373,0.3959965083521803,normal_flow,2356000.csv
2356000,2018-11-11,nighttime,6,-0.6850355779204155,0.13318123799455725,-0.11731843575416906,221.690628051758,0.3050827282466373,0.3959965083521803,normal_flow,2356000.csv
2356000,2018-11-12,daytime,6,-0.9379580992210818,0.00565439041518588,-0.6451612903225571,202.22541809082,0.34037614569694086,0.367146768241876,normal_flow,2356000.csv
2356000,2018-11-12,nighttime,6,-0.8800416797609582,0.02072189786203521,-0.5576208178438475,202.22541809082,0.34037614569694086,0.367146768241876,normal_flow,2356000.csv
2356000,2018-11-13,daytime,6,NA,NA,1.7404671430534132e-14,196.65299987793,0.35132722294964885,0.34107844304249496,normal_flow,2356000.csv
2356000,2018-11-13,nighttime,6,-0.7985836518841287,0.05676723381232598,-0.6499999999999709,196.65299987793,0.35132722294964885,0.34107844304249496,normal_flow,2356000.csv
2356000,2018-11-14,daytime,6,-0.6460193808721322,0.16577612897783142,-0.3294797687860738,199.434112548828,0.34579216759909537,0.31433559496885294,normal_flow,2356000.csv
2356000,2018-11-14,nighttime,6,-0.6788386537375578,0.138153884542509,-0.07945205479451506,199.434112548828,0.34579216759909537,0.31433559496885294,normal_flow,2356000.csv
2356000,2018-11-15,daytime,6,-0.8234111154840279,0.04402210961840179,-0.39882697947212864,221.78010559082,0.3049041780740388,0.2889576637701861,normal_flow,2356000.csv
2356000,2018-11-15,nighttime,6,-0.843291986420176,0.03491193147475025,-0.5167286245353014,221.78010559082,0.3049041780740388,0.2889576637701861,normal_flow,2356000.csv
2356000,2018-11-16,daytime,6,0.07715167498103961,0.8845021056087412,0.10714285714278494,251.457138061523,0.25723128199023926,0.27647899059635755,normal_flow,2356000.csv
2356000,2018-11-16,nighttime,6,-0.9052060501957732,0.01305293523805144,-0.2926421404682116,251.457138061523,0.25723128199023926,0.27647899059635755,normal_flow,2356000.csv
2356000,2018-11-17,daytime,6,NA,NA,NA,275.388488769531,0.22562790144030473,0.27150339245327937,normal_flow,2356000.csv
2356000,2018-11-17,nighttime,6,-0.973387300887271,0.00105292959858507,-0.47894736842103774,275.388488769531,0.22562790144030473,0.27150339245327937,normal_flow,2356000.csv
2356000,2018-11-18,daytime,6,1,1.848892746611764e-32,1.0000000000000575,288.341613769531,0.21140340435662425,0.27030909018767607,normal_flow,2356000.csv
2356000,2018-11-18,nighttime,6,-0.934487734928966,0.00629720067949377,-0.6999999999999695,288.341613769531,0.21140340435662425,0.27030909018767607,normal_flow,2356000.csv
2356000,2018-11-19,daytime,6,NA,NA,-3.7295724494005256e-14,292.64599609375,0.20688013331746224,0.2653334920445979,normal_flow,2356000.csv
2356000,2018-11-19,nighttime,6,NA,NA,3.0008054190579385e-14,292.64599609375,0.20688013331746224,0.2653334920445979,normal_flow,2356000.csv
2356000,2018-11-20,daytime,6,NA,NA,-1.8414498783159904e-14,291.390075683594,0.2083085346982502,0.25644566123080587,normal_flow,2356000.csv
2356000,2018-11-20,nighttime,6,NA,NA,NA,291.390075683594,0.2083085346982502,0.25644566123080587,normal_flow,2356000.csv
2356000,2018-11-21,daytime,6,NA,NA,-3.4809342861069166e-14,284.364288330078,0.21515295798119272,0.2465976272665953,high_flow,2356000.csv
2356000,2018-11-21,nighttime,6,NA,NA,NA,284.364288330078,0.21515295798119272,0.2465976272665953,high_flow,2356000.csv
2356000,2018-11-22,daytime,6,NA,NA,-4.3511678576336435e-14,264.894866943359,0.23961433162718723,0.23834464151093124,high_flow,2356000.csv
2356000,2018-11-22,nighttime,6,NA,NA,NA,264.894866943359,0.23961433162718723,0.23834464151093124,high_flow,2356000.csv
2356000,2018-11-23,daytime,6,NA,NA,NA,241.298812866211,0.2728246637305083,0.23567035670356704,high_flow,2356000.csv
2356000,2018-11-23,nighttime,6,NA,NA,NA,241.298812866211,0.2728246637305083,0.23567035670356704,high_flow,2356000.csv
2356000,2018-11-24,daytime,6,-0.8075728530872449,0.05197969420192768,-0.1086956521739482,230.635284423828,0.2912748482323533,0.23919374677617744,high_flow,2356000.csv
2356000,2018-11-24,nighttime,6,NA,NA,-1.2062643565717358e-14,230.635284423828,0.2912748482323533,0.23919374677617744,high_flow,2356000.csv
2356000,2018-11-25,daytime,6,-0.7970533969860861,0.05760157179880425,-0.17647058823531123,237.841979980469,0.2788358528746578,0.23809467126929337,high_flow,2356000.csv
2356000,2018-11-25,nighttime,6,-0.4152273992686986,0.4129543665511499,-0.6666666666666319,237.841979980469,0.2788358528746578,0.23809467126929337,high_flow,2356000.csv
2356000,2018-11-26,daytime,6,-0.7739572992033251,0.07086809377818885,-0.687500000000084,272.084228515625,0.23044875610046425,0.23133357140023017,high_flow,2356000.csv
2356000,2018-11-26,nighttime,6,-0.6201736729460418,0.1890036584551758,-0.5128205128205434,272.084228515625,0.23044875610046425,0.23133357140023017,high_flow,2356000.csv
2356000,2018-11-27,daytime,6,NA,NA,-8.589318368316121e-14,292.378295898438,0.2070586834900607,0.22083482125143833,high_flow,2356000.csv
2356000,2018-11-27,nighttime,6,0.793103448275862,0.05978104883349053,0.39655172413795137,292.378295898438,0.2070586834900607,0.22083482125143833,high_flow,2356000.csv
2356000,2018-11-28,daytime,6,0.6956083436402568,0.12487982574290468,0.7500000000000066,295.424896240234,0.2036067134864897,0.20821330793953105,high_flow,2356000.csv
2356000,2018-11-28,nighttime,6,-0.9577271946177294,0.00264271457050311,-0.3999999999999827,295.424896240234,0.2036067134864897,0.20821330793953105,high_flow,2356000.csv
2356000,2018-11-29,daytime,6,0.5187513759338125,0.2916717092731003,0.2093023255813959,278.173797607422,0.22199738126413524,0.1945363647184859,high_flow,2356000.csv
2356000,2018-11-29,nighttime,6,-0.8398387664337815,0.03642323349603756,-0.3448275862068788,278.173797607422,0.22199738126413524,0.1945363647184859,high_flow,2356000.csv
2356000,2018-11-30,daytime,6,0.8452799188812805,0.03405558712228544,0.11524163568773202,246.273132324219,0.26478990596357577,0.179169146530175,high_flow,2356000.csv
2356000,2018-11-30,nighttime,6,-0.8783100656536759,0.0213116411287581,-0.21428571428567256,246.273132324219,0.26478990596357577,0.179169146530175,high_flow,2356000.csv
2356000,2018-12-01,daytime,6,-0.4449941594899854,0.3765675884372979,-0.09900990099011406,218.676223754883,0.3100821330793953,0.16197278101813276,high_flow,2356000.csv
2356000,2018-12-01,nighttime,6,NA,NA,-1.5316110858869914e-14,218.676223754883,0.3100821330793953,0.16197278101813276,high_flow,2356000.csv
2356000,2018-12-02,daytime,6,-0.667104380279847,0.1477835784389698,-0.2557251908397153,290.175262451172,0.2091417688370432,0.1445224774828393,high_flow,2356000.csv
2356000,2018-12-02,nighttime,6,-0.8215838362577514,0.04490879035036548,-0.1500000000000361,290.175262451172,0.2091417688370432,0.1445224774828393,high_flow,2356000.csv
2356000,2018-12-03,daytime,6,-0.5563423973698362,0.2515850807700883,-0.0661103979460879,420.730834960938,0.1099869063206761,0.12930603499583382,high_flow,2356000.csv
2356000,2018-12-03,nighttime,6,-0.08304547985374729,0.8757181439430127,-0.03448275862071007,420.730834960938,0.1099869063206761,0.12930603499583382,high_flow,2356000.csv
2356000,2018-12-04,daytime,6,-0.6991314920711048,0.12216520025936808,-0.8170731707317418,614.003234863281,0.04939888108558505,0.11813672975439432,high_flow,2356000.csv
2356000,2018-12-04,nighttime,6,-0.9699185112416204,0.00134373363996761,-0.5831265508685086,614.003234863281,0.04939888108558505,0.11813672975439432,high_flow,2356000.csv
2356000,2018-12-05,daytime,6,-0.6956083436402524,0.12487982574290814,-0.4838709677419513,831.311279296875,0.01898583501964051,0.10851089156052852,high_flow,2356000.csv
2356000,2018-12-05,nighttime,6,0.7753981145352681,0.07000387629341599,0.6285714285714422,831.311279296875,0.01898583501964051,0.10851089156052852,high_flow,2356000.csv
2356000,2018-12-06,daytime,6,-0.7301527431922458,0.0994015060310134,-0.49211356466876544,953.717956542969,0.00999880966551601,0.0990358290679681,high_flow,2356000.csv
2356000,2018-12-06,nighttime,6,-0.8027320214273586,0.05453367535434526,-0.2343195266272126,953.717956542969,0.00999880966551601,0.0990358290679681,high_flow,2356000.csv
2356000,2018-12-07,daytime,6,-0.5447047794019253,0.26375068278640923,-0.4615384615384674,967.162780761719,0.00910605880252351,0.08801333174622068,high_flow,2356000.csv
2356000,2018-12-07,nighttime,6,-0.9222318349569746,0.00883666468483515,-0.3681318681318546,967.162780761719,0.00910605880252351,0.08801333174622068,high_flow,2356000.csv
2356000,2018-12-08,daytime,6,NA,NA,NA,877.051513671875,0.01487918104987501,0.07316986073086537,high_flow,2356000.csv
2356000,2018-12-08,nighttime,6,NA,NA,2.1005637933404662e-14,877.051513671875,0.01487918104987501,0.07316986073086537,high_flow,2356000.csv
2356000,2018-12-09,daytime,6,NA,NA,NA,732.544616699219,0.02952029520295203,0.05444589929770265,high_flow,2356000.csv
2356000,2018-12-09,nighttime,6,NA,NA,-8.702335715266855e-14,732.544616699219,0.02952029520295203,0.05444589929770265,high_flow,2356000.csv
2356000,2018-12-10,daytime,6,-0.9490755590960356,0.00382391687934889,-0.8461538461538206,606.774353027344,0.05058921556957505,0.04184422489386184,high_flow,2356000.csv
2356000,2018-12-10,nighttime,6,NA,NA,NA,606.774353027344,0.05058921556957505,0.04184422489386184,high_flow,2356000.csv
2356000,2018-12-11,daytime,6,-0.25,0.6328125,-0.06250000000004412,552.06298828125,0.06290917747887156,0.03572590564615324,high_flow,2356000.csv
2356000,2018-12-11,nighttime,6,-0.6961061401749425,0.12449469349809056,-0.1275167785234891,552.06298828125,0.06290917747887156,0.03572590564615324,high_flow,2356000.csv
2356000,2018-12-12,daytime,6,-0.8885052753729047,0.0179536108644855,-1.096446700507602,552.455017089844,0.06267111058207356,0.03381740269015593,high_flow,2356000.csv
2356000,2018-12-12,nighttime,6,-0.5570860145311549,0.25081535976844627,-0.310344827586189,552.455017089844,0.06267111058207356,0.03381740269015593,high_flow,2356000.csv
2356000,2018-12-13,daytime,6,NA,NA,NA,558.112426757812,0.06148077609808356,0.03396421060984803,high_flow,2356000.csv
2356000,2018-12-13,nighttime,6,-0.44000000000000006,0.382592,-0.08800000000000023,558.112426757812,0.06148077609808356,0.03396421060984803,high_flow,2356000.csv
2356000,2018-12-14,daytime,6,0.5460189062319418,0.2623657633202006,0.5714285714285235,576.854187011719,0.05665992143792406,0.034464151093123833,high_flow,2356000.csv
2356000,2018-12-14,nighttime,6,-0.5447047794019235,0.26375068278641123,-0.2307692307692503,576.854187011719,0.05665992143792406,0.034464151093123833,high_flow,2356000.csv
2356000,2018-12-15,daytime,6,NA,NA,-2.1755839288168227e-14,651.926635742188,0.04213784073324604,0.03483315478316073,high_flow,2356000.csv
2356000,2018-12-15,nighttime,6,-0.3492151478847891,0.4974708847511573,-0.2499999999999565,651.926635742188,0.04213784073324604,0.03483315478316073,high_flow,2356000.csv
2356000,2018-12-16,daytime,6,0.29277002188456097,0.5733922538253541,0.6000000000000347,735.754089355469,0.02922271158195452,0.03465460461056224,high_flow,2356000.csv
2356000,2018-12-16,nighttime,6,-0.9138547120755064,0.01081187339861618,-0.7840000000000421,735.754089355469,0.02922271158195452,0.03465460461056224,high_flow,2356000.csv
2356000,2018-12-17,daytime,6,-0.7474093186836585,0.08764517650339548,-0.31034482758624504,822.260131835938,0.02011665277943102,0.03344443121850573,high_flow,2356000.csv
2356000,2018-12-17,nighttime,6,NA,NA,1.4503892858780772e-14,822.260131835938,0.02011665277943102,0.03344443121850573,high_flow,2356000.csv
2356000,2018-12-18,daytime,6,NA,NA,-3.2024595432186135e-14,838.867065429688,0.01821211760504702,0.03090505098599373,high_flow,2356000.csv
2356000,2018-12-18,nighttime,6,0.5570706472769796,0.250831257125272,0.3289473684210664,838.867065429688,0.01821211760504702,0.03090505098599373,high_flow,2356000.csv
2356000,2018-12-19,daytime,6,NA,NA,-2.4863816329327903e-14,814.538024902344,0.02077133674562552,0.02765147006308772,high_flow,2356000.csv
2356000,2018-12-19,nighttime,6,NA,NA,NA,814.538024902344,0.02077133674562552,0.02765147006308772,high_flow,2356000.csv
2356000,2018-12-20,daytime,6,NA,NA,3.729572449400427e-14,811.023315429688,0.02118795381502202,0.02455263262310042,high_flow,2356000.csv
2356000,2018-12-20,nighttime,6,NA,NA,NA,811.023315429688,0.02118795381502202,0.02455263262310042,high_flow,2356000.csv
2356000,2018-12-21,daytime,6,NA,NA,NA,847.654724121094,0.01749791691465302,0.02174344324088402,high_flow,2356000.csv
2356000,2018-12-21,nighttime,6,-0.7442084075352468,0.0897758707838114,-0.6153846153846124,847.654724121094,0.01749791691465302,0.02174344324088402,high_flow,2356000.csv
2356000,2018-12-22,daytime,6,NA,NA,-4.2946591841580604e-14,880.535827636719,0.01464111415307701,0.01933896758322422,high_flow,2356000.csv
2356000,2018-12-22,nighttime,6,NA,NA,NA,880.535827636719,0.01464111415307701,0.01933896758322422,high_flow,2356000.csv
2356000,2018-12-23,daytime,6,0.3567530340063389,0.48757291479089526,0.0909090909090804,913.8798828125,0.01220092846089751,0.01791850176566281,high_flow,2356000.csv
2356000,2018-12-23,nighttime,6,-0.797407854453872,0.0574078129485517,-0.3980582524271699,913.8798828125,0.01220092846089751,0.01791850176566281,high_flow,2356000.csv
2356000,2018-12-24,daytime,6,0.31411540480913963,0.5443235387388071,0.336633663366274,927.829650878906,0.01136769432210451,0.01722810776494861,high_flow,2356000.csv
2356000,2018-12-24,nighttime,6,-0.9429903335828876,0.00478250948021232,-1.1333333333333029,927.829650878906,0.01136769432210451,0.01722810776494861,high_flow,2356000.csv
2356000,2018-12-25,daytime,6,0.3779644730092227,0.4600507528439669,0.07142857142855805,910.096923828125,0.01249851208189501,0.01700194421299052,high_flow,2356000.csv
2356000,2018-12-25,nighttime,6,NA,NA,1.2431908164669934e-14,910.096923828125,0.01249851208189501,0.01700194421299052,high_flow,2356000.csv
2356000,2018-12-26,daytime,6,0.14071950894605614,0.7903139990457282,0.03960396039598835,884.222473144531,0.01410546363528151,0.01681942625877871,high_flow,2356000.csv
2356000,2018-12-26,nighttime,6,NA,NA,1.7404671430541588e-14,884.222473144531,0.01410546363528151,0.01681942625877871,high_flow,2356000.csv
2356000,2018-12-27,daytime,6,NA,NA,-2.6776417585437822e-14,860.45849609375,0.01618854898226401,0.01645042256874181,high_flow,2356000.csv
2356000,2018-12-27,nighttime,6,NA,NA,NA,860.45849609375,0.01618854898226401,0.01645042256874181,high_flow,2356000.csv
2356000,2018-12-28,daytime,6,-0.9325048082403116,0.00667966078749228,-0.21739130434786264,827.906311035156,0.01934293536483752,0.01604174106257191,high_flow,2356000.csv
2356000,2018-12-28,nighttime,6,-0.6928203230275543,0.12704639298528317,-0.30000000000002586,827.906311035156,0.01934293536483752,0.01604174106257191,high_flow,2356000.csv
2356000,2018-12-29,daytime,6,-0.9241086802924594,0.00842069087062362,-0.38931297709926,817.350952148438,0.02059278657302702,0.01585922310836011,high_flow,2356000.csv
2356000,2018-12-29,nighttime,6,-0.8559529790779071,0.02962986133841313,-0.9210526315790168,817.350952148438,0.02059278657302702,0.01585922310836011,high_flow,2356000.csv
2356000,2018-12-30,daytime,6,-0.9559404987980732,0.00286909444398223,-0.3866171003717745,813.2734375,0.02083085346982502,0.01590683648771971,high_flow,2356000.csv
2356000,2018-12-30,nighttime,6,0.5813183589761798,0.2262452187420501,0.1206896551724152,813.2734375,0.02083085346982502,0.01590683648771971,high_flow,2356000.csv
2356000,2018-12-31,daytime,6,-0.10546906201345416,0.8423830112974873,-0.00794551645858055,831.890869140625,0.01886680157124152,0.01609332222354481,high_flow,2356000.csv
2356000,2018-12-31,nighttime,6,-0.9378160637348256,0.00568003516810325,-0.72268907563029,831.890869140625,0.01886680157124152,0.01609332222354481,high_flow,2356000.csv
2356000,2019-01-01,daytime,6,-0.3820092073272042,0.45485968841279256,-0.03172413793104863,855.606323242188,0.01672419950005951,0.01627980795936991,high_flow,2356000.csv
2356000,2019-01-01,nighttime,6,-0.6575642519946547,0.1558159705755011,-0.22365038560414544,855.606323242188,0.01672419950005951,0.01627980795936991,high_flow,2356000.csv
2356000,2019-01-02,daytime,6,-0.33119450256448885,0.5213725752833623,-0.1186440677966202,869.310180664062,0.01547434829187001,0.01631948577550291,high_flow,2356000.csv
2356000,2019-01-02,nighttime,6,-0.9712858623572642,0.0012249151231906,-0.6250000000000414,869.310180664062,0.01547434829187001,0.01631948577550291,high_flow,2356000.csv
2356000,2019-01-03,daytime,6,NA,NA,0,874.164916992188,0.01523628139507201,0.01609729000515811,high_flow,2356000.csv
2356000,2019-01-03,nighttime,6,NA,NA,NA,874.164916992188,0.01523628139507201,0.01609729000515811,high_flow,2356000.csv
2356000,2019-01-04,daytime,6,-0.6467081863717594,0.1651745808563952,-0.6930693069306907,876.099792480469,0.01505773122247351,0.01561718842994881,high_flow,2356000.csv
2356000,2019-01-04,nighttime,6,0.3872983346207417,0.4480998731654429,0.5999999999999348,876.099792480469,0.01505773122247351,0.01561718842994881,high_flow,2356000.csv
2356000,2019-01-05,daytime,6,-0.5136539681560857,0.2972803817196293,-0.11471321695763056,879.294372558594,0.01476014760147601,0.01491092330278141,high_flow,2356000.csv
2356000,2019-01-05,nighttime,6,-0.4629100498862695,0.3552324305155518,-0.8571428571428089,879.294372558594,0.01476014760147601,0.01491092330278141,high_flow,2356000.csv
2356000,2019-01-06,daytime,6,0.3114959116429892,0.5478683104271069,0.06930693069303175,873.322204589844,0.01535531484347101,0.01425227155497361,high_flow,2356000.csv
2356000,2019-01-06,nighttime,6,NA,NA,1.65758775528907e-14,873.322204589844,0.01535531484347101,0.01425227155497361,high_flow,2356000.csv
2356000,2019-01-07,daytime,6,NA,NA,-4.2690703508860147e-14,876.10302734375,0.01499821449827401,0.01377613776137761,high_flow,2356000.csv
2356000,2019-01-07,nighttime,6,-0.6663620440020661,0.14840209314948263,-0.1809045226130584,876.10302734375,0.01499821449827401,0.01377613776137761,high_flow,2356000.csv
2356000,2019-01-08,daytime,6,NA,NA,-5.4700395924537264e-14,883.727661132812,0.01416498035948101,0.01360155537039241,high_flow,2356000.csv
2356000,2019-01-08,nighttime,6,NA,NA,2.4703404611081543e-14,883.727661132812,0.01416498035948101,0.01360155537039241,high_flow,2356000.csv
2356000,2019-01-09,daytime,6,NA,NA,-3.9300870972177565e-14,899.48681640625,0.01309367932389001,0.01360552315200571,high_flow,2356000.csv
2356000,2019-01-09,nighttime,6,-0.7514691493021799,0.08497580055558117,-0.4705882352940921,899.48681640625,0.01309367932389001,0.01360552315200571,high_flow,2356000.csv
2356000,2019-01-10,daytime,6,NA,NA,-1.3388208792716854e-14,935.058959960938,0.01077252708010951,0.01372455660040471,high_flow,2356000.csv
2356000,2019-01-10,nighttime,6,-0.916324896620612,0.01020935781102258,-0.3677811550151699,935.058959960938,0.01077252708010951,0.01372455660040471,high_flow,2356000.csv
2356000,2019-01-11,daytime,6,NA,NA,-4.26907035088604e-14,970.632934570312,0.0089870253541245,0.01402610800301551,high_flow,2356000.csv
2356000,2019-01-11,nighttime,6,-0.8147497240232221,0.04829781869134941,-0.2330960854092575,970.632934570312,0.0089870253541245,0.01402610800301551,high_flow,2356000.csv
2356000,2019-01-12,daytime,6,NA,NA,1.8100858287756535e-14,972.079711914062,0.00874895845732651,0.01464508193469031,high_flow,2356000.csv
2356000,2019-01-12,nighttime,6,-0.8242142666840544,0.04363499162796759,-0.41836734693876737,972.079711914062,0.00874895845732651,0.01464508193469031,high_flow,2356000.csv
2356000,2019-01-13,daytime,6,-0.8693107497059894,0.02450345491707924,-0.17064220183486445,936.498413085938,0.01071301035591001,0.01562512399317541,high_flow,2356000.csv
2356000,2019-01-13,nighttime,6,NA,NA,2.175583928816829e-14,936.498413085938,0.01071301035591001,0.01562512399317541,high_flow,2356000.csv
2356000,2019-01-14,daytime,6,-0.6405126152203442,0.1706182802916037,-0.6666666666666876,889.230712890625,0.01368884656588501,0.01697020196008411,high_flow,2356000.csv
2356000,2019-01-14,nighttime,6,NA,NA,NA,889.230712890625,0.01368884656588501,0.01697020196008411,high_flow,2356000.csv
2356000,2019-01-15,daytime,6,-0.9505171295495084,0.00361225095026418,-1.369565217391251,859.464416503906,0.01624806570646351,0.01871602586993612,high_flow,2356000.csv
2356000,2019-01-15,nighttime,6,-0.9617303141771938,0.0021688289845298,-1.126394052044663,859.464416503906,0.01624806570646351,0.01871602586993612,high_flow,2356000.csv
2356000,2019-01-16,daytime,6,0.42857142857142905,0.3965014577259469,0.2857142857142453,854.734680175781,0.01678371622425901,0.02100146807919692,high_flow,2356000.csv
2356000,2019-01-16,nighttime,6,NA,NA,NA,854.734680175781,0.01678371622425901,0.02100146807919692,high_flow,2356000.csv
2356000,2019-01-17,daytime,6,0.5447047794019216,0.2637506827864131,0.6428571428571204,850.391357421875,0.01725985001785501,0.02336229813911042,high_flow,2356000.csv
2356000,2019-01-17,nighttime,6,-0.6523280730534385,0.16030109745248694,-0.425531914893614,850.391357421875,0.01725985001785501,0.02336229813911042,high_flow,2356000.csv
2356000,2019-01-18,daytime,6,NA,NA,-1.2321891278254555e-14,824.946960449219,0.01975955243423402,0.02540173788834662,high_flow,2356000.csv
2356000,2019-01-18,nighttime,6,NA,NA,NA,824.946960449219,0.01975955243423402,0.02540173788834662,high_flow,2356000.csv
2356000,2019-01-19,daytime,6,NA,NA,-2.3206228574046123e-14,778.574584960938,0.02434234019759552,0.02682220370590802,high_flow,2356000.csv
2356000,2019-01-19,nighttime,6,-0.985036562622408,3.341814970606058e-4,-1.1089108910890828,778.574584960938,0.02434234019759552,0.02682220370590802,high_flow,2356000.csv
2356000,2019-01-20,daytime,6,NA,NA,NA,733.512268066406,0.02946077847875253,0.02777447129310003,high_flow,2356000.csv
2356000,2019-01-20,nighttime,6,-0.9561828874675136,0.00283784592673462,-1.000000000000065,733.512268066406,0.02946077847875253,0.02777447129310003,high_flow,2356000.csv
2356000,2019-01-21,daytime,6,NA,NA,-0,689.42431640625,0.03553148434710154,0.02849660754672062,high_flow,2356000.csv
2356000,2019-01-21,nighttime,6,NA,NA,2.1755839288168744e-14,689.42431640625,0.03553148434710154,0.02849660754672062,high_flow,2356000.csv
2356000,2019-01-22,daytime,6,0.6761234037828122,0.14035738661899536,0.17142857142855794,654.871398925781,0.04118557314605404,0.02923461492679443,high_flow,2356000.csv
2356000,2019-01-22,nighttime,6,-0.9245732386790338,0.00831923565845952,-0.330798479087442,654.871398925781,0.04118557314605404,0.02923461492679443,high_flow,2356000.csv
2356000,2019-01-23,daytime,6,0.22111512038804548,0.6737326882042747,0.3695652173912364,617.532653808594,0.04844661349839305,0.02996865452525493,high_flow,2356000.csv
2356000,2019-01-23,nighttime,6,-0.44721359549995793,0.373900966300059,-1.199999999999774,617.532653808594,0.04844661349839305,0.02996865452525493,high_flow,2356000.csv
2356000,2019-01-24,daytime,6,NA,NA,NA,617.026916503906,0.04850613022259255,0.03086140538824743,high_flow,2356000.csv
2356000,2019-01-24,nighttime,6,NA,NA,2.6776417585437566e-14,617.026916503906,0.04850613022259255,0.03086140538824743,high_flow,2356000.csv
2356000,2019-01-25,daytime,6,0.27677138053240485,0.5954436047976053,0.18421052631578091,654.569152832031,0.04136412331865254,0.03201206205610443,high_flow,2356000.csv
2356000,2019-01-25,nighttime,6,NA,NA,8.702335715270794e-15,654.569152832031,0.04136412331865254,0.03201206205610443,high_flow,2356000.csv
2356000,2019-01-26,daytime,6,0.20000000000000004,0.704,0.2000000000000695,724.993469238281,0.03029401261754553,0.03315081537912153,high_flow,2356000.csv
2356000,2019-01-26,nighttime,6,-0.8152163051673168,0.04806279990196534,-0.30642201834861976,724.993469238281,0.03029401261754553,0.03315081537912153,high_flow,2356000.csv
2356000,2019-01-27,daytime,6,-0.8528028654224418,0.03090583474722529,-1.0000000000000406,792.335510253906,0.02303297226520652,0.03384517716144903,high_flow,2356000.csv
2356000,2019-01-27,nighttime,6,NA,NA,-0,792.335510253906,0.02303297226520652,0.03384517716144903,high_flow,2356000.csv
2356000,2019-01-28,daytime,6,NA,NA,-0,807.125122070312,0.02154505416021902,0.03391262944887513,high_flow,2356000.csv
2356000,2019-01-28,nighttime,6,-0.9901120048652156,1.4617528493427156e-4,-0.44059405940594737,807.125122070312,0.02154505416021902,0.03391262944887513,high_flow,2356000.csv
2356000,2019-01-29,daytime,6,NA,NA,0,774.0576171875,0.02475895726699202,0.03361504582787763,high_flow,2356000.csv
2356000,2019-01-29,nighttime,6,NA,NA,-0,774.0576171875,0.02475895726699202,0.03361504582787763,high_flow,2356000.csv
2356000,2019-01-30,daytime,6,0.21248647409245855,0.6860672243132326,0.17307692307694034,748.453552246094,0.02725865968337102,0.03329365551720033,high_flow,2356000.csv
2356000,2019-01-30,nighttime,6,0.05096471914376255,0.9236191092312962,0.01298701298701214,748.453552246094,0.02725865968337102,0.03329365551720033,high_flow,2356000.csv
2356000,2019-01-31,daytime,6,NA,NA,0,726.44580078125,0.03017497916914653,0.03297226520652303,high_flow,2356000.csv
2356000,2019-01-31,nighttime,6,-0.6741998624632395,0.14192744777405755,-0.11363636363636331,726.44580078125,0.03017497916914653,0.03297226520652303,high_flow,2356000.csv
2356000,2019-02-01,daytime,6,NA,NA,-0,698.156921386719,0.03451970003571003,0.03323810657461413,high_flow,2356000.csv
2356000,2019-02-01,nighttime,6,-0.556340192499842,0.25158736441247015,-0.37583892617449544,698.156921386719,0.03451970003571003,0.03323810657461413,high_flow,2356000.csv
2356000,2019-02-02,daytime,6,NA,NA,-1.9778035716516585e-14,681.895751953125,0.03684085227949053,0.03492838154187994,high_flow,2356000.csv
2356000,2019-02-02,nighttime,6,-0.985036562622408,3.341814970606112e-4,-0.8750000000000215,681.895751953125,0.03684085227949053,0.03492838154187994,high_flow,2356000.csv
2356000,2019-02-03,daytime,6,-0.9398524854180776,0.00531778672677679,-0.3916349809886048,696.045776367188,0.03475776693250803,0.03851525612030314,high_flow,2356000.csv
2356000,2019-02-03,nighttime,6,-0.9268051617622716,0.00784015641698703,-0.3980582524271811,696.045776367188,0.03475776693250803,0.03851525612030314,high_flow,2356000.csv
2356000,2019-02-04,daytime,6,0.04182428884065214,0.9373001477496696,0.00291545189502895,722.49365234375,0.03047256279014403,0.04375272784985915,high_flow,2356000.csv
2356000,2019-02-04,nighttime,6,-0.6158817620514224,0.1929825186912328,-0.7586206896553235,722.49365234375,0.03047256279014403,0.04375272784985915,high_flow,2356000.csv
2356000,2019-02-06,daytime,6,NA,NA,-1.1921007829133275e-14,684.006713867188,0.03636471848589454,0.05710034519700036,high_flow,2356000.csv
2356000,2019-02-06,nighttime,6,-0.8509629433967635,0.03166285751402799,-1.0000000000000189,684.006713867188,0.03636471848589454,0.05710034519700036,high_flow,2356000.csv
2356000,2019-02-07,daytime,6,NA,NA,-7.614543750858925e-15,642.597900390625,0.04362575883823354,0.06457167797484427,high_flow,2356000.csv
2356000,2019-02-07,nighttime,6,-0.7053098106038311,0.1174676735337856,-0.5685279187817533,642.597900390625,0.04362575883823354,0.06457167797484427,high_flow,2356000.csv
2356000,2019-02-08,daytime,6,NA,NA,-3.6641413537965954e-14,595.81689453125,0.05249375074395905,0.07229694877593937,high_flow,2356000.csv
2356000,2019-02-08,nighttime,6,NA,NA,NA,595.81689453125,0.05249375074395905,0.07229694877593937,high_flow,2356000.csv
2356000,2019-02-09,daytime,6,0.6078306738548304,0.20053798069340012,0.4761904761904707,539.861206054688,0.06671824782763956,0.08018093084156648,high_flow,2356000.csv
2356000,2019-02-09,nighttime,6,0.6965260331469925,0.1241702355478412,0.20792079207922456,539.861206054688,0.06671824782763956,0.08018093084156648,high_flow,2356000.csv
2356000,2019-02-10,daytime,6,NA,NA,-4.3511678576336946e-14,484.268493652344,0.08409713129389358,0.08876324247113439,high_flow,2356000.csv
2356000,2019-02-10,nighttime,6,NA,NA,8.702335715267389e-14,484.268493652344,0.08409713129389358,0.08876324247113439,high_flow,2356000.csv
2356000,2019-02-11,daytime,6,NA,NA,-1.6009553221253854e-14,439.476379394531,0.1015950482085466,0.0988612466769829,high_flow,2356000.csv
2356000,2019-02-11,nighttime,6,NA,NA,NA,439.476379394531,0.1015950482085466,0.0988612466769829,high_flow,2356000.csv
2356000,2019-02-12,daytime,6,NA,NA,-4.3511678576336227e-14,406.209259033203,0.11754553029401262,0.1107368170455898,high_flow,2356000.csv
2356000,2019-02-12,nighttime,6,-1,0,-0.3333333333334106,406.209259033203,0.11754553029401262,0.1107368170455898,high_flow,2356000.csv
2356000,2019-02-13,daytime,6,-0.889448500610893,0.01765689104297753,-0.12306289881496144,385.657012939453,0.12897274134031664,0.12395349759949212,high_flow,2356000.csv
2356000,2019-02-13,nighttime,6,-0.8349917097663231,0.0385952026993338,-0.27888446215138235,385.657012939453,0.12897274134031664,0.12395349759949212,high_flow,2356000.csv
2356000,2019-02-14,daytime,6,-0.5447047794019216,0.2637506827864131,-0.6428571428571567,370.940307617188,0.13932865135102965,0.13803515454509382,high_flow,2356000.csv
2356000,2019-02-14,nighttime,6,0.44721359549995793,0.373900966300059,0.8000000000000115,370.940307617188,0.13932865135102965,0.13803515454509382,high_flow,2356000.csv
2356000,2019-02-15,daytime,6,NA,NA,-2.7134231628896015e-14,360.475891113281,0.14605404118557314,0.15269610760623736,high_flow,2356000.csv
2356000,2019-02-15,nighttime,6,NA,NA,1.5229087501717794e-14,360.475891113281,0.14605404118557314,0.15269610760623736,high_flow,2356000.csv
2356000,2019-02-16,daytime,6,NA,NA,-1.7404671430533933e-14,352.176635742188,0.15277943102011665,0.16765464428837837,high_flow,2356000.csv
2356000,2019-02-16,nighttime,6,NA,NA,NA,352.176635742188,0.15277943102011665,0.16765464428837837,high_flow,2356000.csv
2356000,2019-02-17,daytime,6,NA,NA,-2.100563793340333e-14,336.604705810547,0.16557552672300915,0.18217275721144308,high_flow,2356000.csv
2356000,2019-02-17,nighttime,6,-0.9138547120755096,0.01081187339861534,-0.7840000000000521,336.604705810547,0.16557552672300915,0.18217275721144308,high_flow,2356000.csv
2356000,2019-02-18,daytime,6,-0.8530666868875046,0.03079799682830371,-0.831683168316817,313.184509277344,0.18622783002023569,0.1952743720985597,high_flow,2356000.csv
2356000,2019-02-18,nighttime,6,NA,NA,-1.7366917262571998e-14,313.184509277344,0.18622783002023569,0.1952743720985597,high_flow,2356000.csv
2356000,2019-02-19,daytime,6,0.29277002188455997,0.5733922538253555,0.07142857142852596,290.977172851562,0.20860611831924772,0.2067690354322898,high_flow,2356000.csv
2356000,2019-02-19,nighttime,6,-0.6445033866354865,0.16710331573260076,-0.3461538461538349,290.977172851562,0.20860611831924772,0.2067690354322898,high_flow,2356000.csv
2356000,2019-02-20,daytime,6,NA,NA,-0,272.829528808594,0.22931793834067377,0.21702178312105705,high_flow,2356000.csv
2356000,2019-02-20,nighttime,6,0.8340576562283019,0.03902052651956721,0.6666666666666491,272.829528808594,0.22931793834067377,0.21702178312105705,high_flow,2356000.csv
2356000,2019-02-21,daytime,6,0.6436255177559369,0.16787388390677058,0.5126903553299557,258.825134277344,0.24758957266992024,0.22708407729238583,high_flow,2356000.csv
2356000,2019-02-21,nighttime,6,NA,NA,0,258.825134277344,0.24758957266992024,0.22708407729238583,high_flow,2356000.csv
2356000,2019-02-22,daytime,6,0.6381723297967083,0.17269378844271707,0.14043583535108892,247.158279418945,0.2635400547553863,0.23739237392373924,high_flow,2356000.csv
2356000,2019-02-22,nighttime,6,NA,NA,NA,247.158279418945,0.2635400547553863,0.23739237392373924,high_flow,2356000.csv
2356000,2019-02-23,daytime,6,0.8154904233293426,0.04792497374850085,0.07389162561576357,238.899429321289,0.2768718009760743,0.24729198904892272,high_flow,2356000.csv
2356000,2019-02-23,nighttime,6,-0.4741046559307679,0.3421265064057593,-0.584415584415563,238.899429321289,0.2768718009760743,0.24729198904892272,high_flow,2356000.csv
2356000,2019-02-24,daytime,6,-0.7710641603217343,0.07261797906703518,-0.08493427704753033,234.724243164062,0.2844899416736103,0.256949569495695,normal_flow,2356000.csv
2356000,2019-02-24,nighttime,6,-0.7592566023652981,0.07995964654558077,-0.2799999999999899,234.724243164062,0.2844899416736103,0.256949569495695,normal_flow,2356000.csv
2356000,2019-02-25,daytime,6,0.4015713410898942,0.43002159363433506,0.04961832061067699,236.628753662109,0.2806213546006428,0.2640717374915685,normal_flow,2356000.csv
2356000,2019-02-25,nighttime,6,NA,NA,-0,236.628753662109,0.2806213546006428,0.2640717374915685,normal_flow,2356000.csv
2356000,2019-02-26,daytime,6,-0.47519096331150024,0.3408641476646952,-0.5000000000001078,240.543060302734,0.27401499821449826,0.26771812879419116,normal_flow,2356000.csv
2356000,2019-02-26,nighttime,6,-0.9058216273156786,0.01288668818163393,-0.461538461538452,240.543060302734,0.27401499821449826,0.26771812879419116,normal_flow,2356000.csv
2356000,2019-02-27,daytime,6,-0.6528477261068487,0.15985357561220234,-0.49350649350642894,242.174911499023,0.2713367456255208,0.26643653533309525,normal_flow,2356000.csv
2356000,2019-02-27,nighttime,6,NA,NA,-0,242.174911499023,0.2713367456255208,0.26643653533309525,normal_flow,2356000.csv
2356000,2019-02-28,daytime,6,NA,NA,0,237.199356079102,0.2799071539102488,0.26095702892512795,normal_flow,2356000.csv
2356000,2019-02-28,nighttime,6,NA,NA,NA,237.199356079102,0.2799071539102488,0.26095702892512795,normal_flow,2356000.csv
2356000,2019-03-01,daytime,6,-0.8026426939290326,0.05458133510382956,-0.29600000000001114,228.962295532227,0.2939531008213308,0.2531682736182201,normal_flow,2356000.csv
2356000,2019-03-01,nighttime,6,NA,NA,NA,228.962295532227,0.2939531008213308,0.2531682736182201,normal_flow,2356000.csv
2356000,2019-03-02,daytime,6,NA,NA,0,228.349090576172,0.2945482680633258,0.24451850970122604,high_flow,2356000.csv
2356000,2019-03-02,nighttime,6,NA,NA,NA,228.349090576172,0.2945482680633258,0.24451850970122604,high_flow,2356000.csv
2356000,2019-03-03,daytime,6,NA,NA,0,226.380630493164,0.2976431377216998,0.23611871602586995,high_flow,2356000.csv
2356000,2019-03-03,nighttime,6,-0.44721359549995793,0.373900966300059,-0.16666666666668806,226.380630493164,0.2976431377216998,0.23611871602586995,high_flow,2356000.csv
2356000,2019-03-04,daytime,6,NA,NA,0,241.528213500977,0.2724080466611118,0.2289290957425703,high_flow,2356000.csv
2356000,2019-03-04,nighttime,6,NA,NA,-0,241.528213500977,0.2724080466611118,0.2289290957425703,high_flow,2356000.csv
2356000,2019-03-05,daytime,6,0.33241859400571644,0.5197385889466566,0.22321428571428556,264.128173828125,0.24092369955957624,0.22262032297742332,high_flow,2356000.csv
2356000,2019-03-05,nighttime,6,-0.9412418963795506,0.0050773405021537,-0.45472837022131407,264.128173828125,0.24092369955957624,0.22262032297742332,high_flow,2356000.csv
2356000,2019-03-06,daytime,6,-0.632455532033659,0.1778078083562364,-1.600000000000215,310.148406982422,0.1893822164028092,0.21603777328095863,high_flow,2356000.csv
2356000,2019-03-06,nighttime,6,-0.6808734591436292,0.1365124210692649,-0.09863588667366135,310.148406982422,0.1893822164028092,0.21603777328095863,high_flow,2356000.csv
2356000,2019-03-07,daytime,6,NA,NA,NA,359.159729003906,0.1471253422211641,0.20894734753799152,high_flow,2356000.csv
2356000,2019-03-07,nighttime,6,-0.6191272444411,0.1899706105338051,-0.2236024844720264,359.159729003906,0.1471253422211641,0.20894734753799152,high_flow,2356000.csv
2356000,2019-03-08,daytime,6,NA,NA,-1.722646660360075e-14,382.911712646484,0.13075824306630163,0.2010157520930048,high_flow,2356000.csv
2356000,2019-03-08,nighttime,6,NA,NA,1.9857678813361623e-14,382.911712646484,0.13075824306630163,0.2010157520930048,high_flow,2356000.csv
2356000,2019-03-09,daytime,6,NA,NA,0,379.026733398438,0.13379359600047613,0.1918422410030552,high_flow,2356000.csv
2356000,2019-03-09,nighttime,6,NA,NA,-1.3388208792718521e-14,379.026733398438,0.13379359600047613,0.1918422410030552,high_flow,2356000.csv
2356000,2019-03-11,daytime,6,0.6625891564490832,0.15156266552251693,0.21951219512194864,323.532684326172,0.17664563742411618,0.1735983811451018,high_flow,2356000.csv
2356000,2019-03-11,nighttime,6,-0.884469170907448,0.01925004220233864,-0.5920000000000241,323.532684326172,0.17664563742411618,0.1735983811451018,high_flow,2356000.csv
2356000,2019-03-12,daytime,6,-0.5824537204350206,0.2251188121128481,-0.02570093457944413,313.403137207031,0.18598976312343768,0.16829345712811966,high_flow,2356000.csv
2356000,2019-03-12,nighttime,6,NA,NA,NA,313.403137207031,0.18598976312343768,0.16829345712811966,high_flow,2356000.csv
2356000,2019-03-13,daytime,6,NA,NA,0,325.073699951172,0.1752767527675277,0.16777764551839067,high_flow,2356000.csv
2356000,2019-03-13,nighttime,6,NA,NA,NA,325.073699951172,0.1752767527675277,0.16777764551839067,high_flow,2356000.csv
2356000,2019-03-14,daytime,6,NA,NA,-1.2527098885683755e-14,337.336547851562,0.16498035948101417,0.17323334523667816,high_flow,2356000.csv
2356000,2019-03-14,nighttime,6,NA,NA,NA,337.336547851562,0.16498035948101417,0.17323334523667816,high_flow,2356000.csv
2356000,2019-03-15,daytime,6,-0.8366986561726444,0.03782358802124355,-0.257918552036204,342.005920410156,0.16093322223544815,0.1834741895806055,high_flow,2356000.csv
2356000,2019-03-15,nighttime,6,-0.8783100656536719,0.02131164112875946,-0.8999999999999704,342.005920410156,0.16093322223544815,0.1834741895806055,high_flow,2356000.csv
2356000,2019-03-16,daytime,6,-0.9733285267845742,0.00105756461583076,-0.23684210526313795,347.703552246094,0.15635043447208666,0.19596079831766056,high_flow,2356000.csv
2356000,2019-03-16,nighttime,6,NA,NA,NA,347.703552246094,0.15635043447208666,0.19596079831766056,high_flow,2356000.csv
2356000,2019-03-17,daytime,6,0.6671243849949862,0.14776692576189718,0.17307692307690273,351.025909423828,0.15367218188310916,0.209046542078324,high_flow,2356000.csv
2356000,2019-03-17,nighttime,6,NA,NA,2.5190971807352404e-14,351.025909423828,0.15367218188310916,0.209046542078324,high_flow,2356000.csv
2356000,2019-03-18,daytime,6,NA,NA,NA,337.463653564453,0.16486132603261516,0.22171566876959092,high_flow,2356000.csv
2356000,2019-03-18,nighttime,6,-0.9037485068515232,0.01345067114290128,-0.32670454545451955,337.463653564453,0.16486132603261516,0.22171566876959092,high_flow,2356000.csv
2356000,2019-03-19,daytime,6,0.5380528418149987,0.2708041176503784,0.04991394148019001,305.486907958984,0.1928341864063802,0.23333730111494663,high_flow,2356000.csv
2356000,2019-03-19,nighttime,6,NA,NA,1.1201026168165948e-14,305.486907958984,0.1928341864063802,0.23333730111494663,high_flow,2356000.csv
2356000,2019-03-20,daytime,6,NA,NA,0,270.079681396484,0.23318652541364124,0.24489148117287624,high_flow,2356000.csv
2356000,2019-03-20,nighttime,6,NA,NA,-0,270.079681396484,0.23318652541364124,0.24489148117287624,high_flow,2356000.csv
2356000,2019-03-21,daytime,6,0.21380899352993468,0.6841735724143534,0.01714285714285919,242.222747802734,0.27121771217712176,0.25742967107090425,normal_flow,2356000.csv
2356000,2019-03-21,nighttime,6,-0.6883098806520759,0.1305856343566798,-0.139344262295079,242.222747802734,0.27121771217712176,0.25742967107090425,normal_flow,2356000.csv
2356000,2019-03-22,daytime,6,NA,NA,0,224.142684936523,0.3007380073800738,0.27014244335991744,normal_flow,2356000.csv
2356000,2019-03-22,nighttime,6,0.44000000000000056,0.3825919999999994,0.08800000000001665,224.142684936523,0.3007380073800738,0.27014244335991744,normal_flow,2356000.csv
2356000,2019-03-23,daytime,6,NA,NA,0,213.788146972656,0.3180573741221283,0.28212117605047016,normal_flow,2356000.csv
2356000,2019-03-23,nighttime,6,0.6044944448335164,0.2037035583847195,0.38571428571427013,213.788146972656,0.3180573741221283,0.28212117605047016,normal_flow,2356000.csv
2356000,2019-03-24,daytime,6,NA,NA,0,207.390625,0.3300797524104273,0.2938578740626116,normal_flow,2356000.csv
2356000,2019-03-24,nighttime,6,0.22518867455549987,0.6679266401585213,0.08620689655171658,207.390625,0.3300797524104273,0.2938578740626116,normal_flow,2356000.csv
2356000,2019-03-25,daytime,6,NA,NA,0,202.039291381836,0.34091179621473633,0.3059754791096298,normal_flow,2356000.csv
2356000,2019-03-25,nighttime,6,0.9964517924788696,1.8862329349475586e-5,0.7532467532466853,202.039291381836,0.34091179621473633,0.3059754791096298,normal_flow,2356000.csv
2356000,2019-03-26,daytime,6,-0.02664063077235642,0.9600485075784322,-0.00212916962385518,196.988708496094,0.3509701226044519,0.3180295996508352,normal_flow,2356000.csv
2356000,2019-03-26,nighttime,6,NA,NA,NA,196.988708496094,0.3509701226044519,0.3180295996508352,normal_flow,2356000.csv
2356000,2019-03-27,daytime,6,0.6273401638471753,0.1824363969851437,0.0667043527416571,192.873901367188,0.35930246399238186,0.32936158393842,normal_flow,2356000.csv
2356000,2019-03-27,nighttime,6,0.4449412983173916,0.37663118072289375,0.32467532467535754,192.873901367188,0.35930246399238186,0.32936158393842,normal_flow,2356000.csv
2356000,2019-03-28,daytime,6,NA,NA,0,191.087646484375,0.36334960123794785,0.3393088124429631,normal_flow,2356000.csv
2356000,2019-03-28,nighttime,6,NA,NA,-0,191.087646484375,0.36334960123794785,0.3393088124429631,normal_flow,2356000.csv
2356000,2019-03-29,daytime,6,0.7205788625836483,0.10620619165499758,0.12176724137930876,194.245651245117,0.35567194381621237,0.3462484624846249,normal_flow,2356000.csv
2356000,2019-03-29,nighttime,6,0.4534106401405412,0.3664903934836192,0.2184300341296952,194.245651245117,0.35567194381621237,0.3462484624846249,normal_flow,2356000.csv
2356000,2019-03-30,daytime,6,NA,NA,0,202.094146728516,0.34061421259373886,0.35036305201761697,normal_flow,2356000.csv
2356000,2019-03-30,nighttime,6,NA,NA,0,202.094146728516,0.34061421259373886,0.35036305201761697,normal_flow,2356000.csv
2356000,2019-03-31,daytime,6,NA,NA,-2.1755839288168148e-14,206.242736816406,0.33240090465420785,0.35143435305320797,normal_flow,2356000.csv
2356000,2019-03-31,nighttime,6,NA,NA,NA,206.242736816406,0.33240090465420785,0.35143435305320797,normal_flow,2356000.csv
2356000,2019-04-01,daytime,6,0.9561828874675078,0.00283784592673536,0.2857142857142075,204.607925415039,0.33543625758838236,0.34908145855652106,normal_flow,2356000.csv
2356000,2019-04-01,nighttime,6,NA,NA,1.851560790482498e-14,204.607925415039,0.33543625758838236,0.34908145855652106,normal_flow,2356000.csv
2356000,2019-04-02,daytime,6,0.8810774146187155,0.02037293580375414,0.18722466960352524,199.568618774414,0.34567313415069634,0.34423679720668177,normal_flow,2356000.csv
2356000,2019-04-02,nighttime,6,-0.12649110640672567,0.8112752692411651,-0.03199999999998425,199.568618774414,0.34567313415069634,0.34423679720668177,normal_flow,2356000.csv
2356000,2019-04-03,daytime,6,0.48571836499877913,0.32871835672256117,0.02184466019416631,191.26887512207,0.3628139507201524,0.3391858112129508,normal_flow,2356000.csv
2356000,2019-04-03,nighttime,6,0.1829132282549121,0.728690044335651,0.03345724907061609,191.26887512207,0.3628139507201524,0.3391858112129508,normal_flow,2356000.csv
2356000,2019-04-04,daytime,6,NA,NA,0,183.389053344727,0.3823949529817879,0.3345673134150696,normal_flow,2356000.csv
2356000,2019-04-04,nighttime,6,NA,NA,-0,183.389053344727,0.3823949529817879,0.3345673134150696,normal_flow,2356000.csv
2356000,2019-04-05,daytime,6,-0.7959659864621613,0.05819786240541492,-0.18971061093248065,186.374084472656,0.3753124628020474,0.33092092211244695,normal_flow,2356000.csv
2356000,2019-04-05,nighttime,6,NA,NA,-0,186.374084472656,0.3753124628020474,0.33092092211244695,normal_flow,2356000.csv
2356000,2019-04-06,daytime,6,0.6565321642986148,0.15669575447850403,0.04310344827585093,191.416625976562,0.36245685037495534,0.32995278339880174,normal_flow,2356000.csv
2356000,2019-04-06,nighttime,6,-0.5373186100548687,0.27158705909644887,-0.4358974358973864,191.416625976562,0.36245685037495534,0.32995278339880174,normal_flow,2356000.csv
2356000,2019-04-07,daytime,6,NA,NA,-1.2431908164667744e-14,205.159606933594,0.33412688965599335,0.3324524858151807,normal_flow,2356000.csv
2356000,2019-04-07,nighttime,6,NA,NA,1.9338523811705364e-14,205.159606933594,0.33412688965599335,0.3324524858151807,normal_flow,2356000.csv
2356000,2019-04-08,daytime,6,0.6509636439073595,0.16147864930701497,0.09970674486803358,228.161804199219,0.2947863349601238,0.33446811887473715,normal_flow,2356000.csv
2356000,2019-04-08,nighttime,6,0.3190081348111506,0.5377199190247155,0.1896551724138272,228.161804199219,0.2947863349601238,0.33446811887473715,normal_flow,2356000.csv
2356000,2019-04-09,daytime,6,0.7796429549831752,0.06748587737306316,0.11764705882352386,244.086761474609,0.26824187596714677,0.33449589334603025,normal_flow,2356000.csv
2356000,2019-04-09,nighttime,6,NA,NA,NA,244.086761474609,0.26824187596714677,0.33449589334603025,normal_flow,2356000.csv
2356000,2019-04-10,daytime,6,NA,NA,-9.064046490718532e-15,239.827560424805,0.2752053326984883,0.33154386382573503,normal_flow,2356000.csv
2356000,2019-04-10,nighttime,6,NA,NA,NA,239.827560424805,0.2752053326984883,0.33154386382573503,normal_flow,2356000.csv
2356000,2019-04-11,daytime,6,-0.48719876576469234,0.3270232433338267,-0.03296703296705038,231.336242675781,0.2900249970241638,0.3266753957862159,normal_flow,2356000.csv
2356000,2019-04-11,nighttime,6,NA,NA,5.5943586741003514e-14,231.336242675781,0.2900249970241638,0.3266753957862159,normal_flow,2356000.csv
2356000,2019-04-12,daytime,6,NA,NA,-1.0371276811345916e-14,219.333221435547,0.3086537316986073,0.32091814466531765,normal_flow,2356000.csv
2356000,2019-04-12,nighttime,6,NA,NA,3.150845690010744e-14,219.333221435547,0.3086537316986073,0.32091814466531765,normal_flow,2356000.csv
2356000,2019-04-13,daytime,6,NA,NA,-1.0098461863626551e-14,201.888458251953,0.34114986311153433,0.3146926953140499,normal_flow,2356000.csv
2356000,2019-04-13,nighttime,6,NA,NA,1.7936111779559333e-14,201.888458251953,0.34114986311153433,0.3146926953140499,normal_flow,2356000.csv
2356000,2019-04-14,daytime,6,0.7250184882071739,0.10302590735680854,0.4310344827586297,185.2470703125,0.3781097488394239,0.30823711462921083,normal_flow,2356000.csv
2356000,2019-04-14,nighttime,6,NA,NA,5.5943586741000554e-14,185.2470703125,0.3781097488394239,0.30823711462921083,normal_flow,2356000.csv
2356000,2019-04-15,daytime,6,NA,NA,-1.1121396545865109e-14,191.323379516602,0.3626354005475539,0.3035432289806769,normal_flow,2356000.csv
2356000,2019-04-15,nighttime,6,0.868736918032504,0.02471416379765594,0.18095238095237975,191.323379516602,0.3626354005475539,0.3035432289806769,normal_flow,2356000.csv
2356000,2019-04-16,daytime,6,0.9158421901688264,0.01032578003425496,0.3139097744360859,204.398239135742,0.33585287465777885,0.3031781930722533,normal_flow,2356000.csv
2356000,2019-04-16,nighttime,6,-0.7736763071458013,0.07103719798002847,-0.12259970457901354,204.398239135742,0.33585287465777885,0.3031781930722533,normal_flow,2356000.csv
2356000,2019-04-17,daytime,6,0.651904168130429,0.16066655301899796,0.0653813914501054,223.94026184082,0.3013926913462683,0.3076617862952823,normal_flow,2356000.csv
2356000,2019-04-17,nighttime,6,-0.15365466506930453,0.7713318769788124,-0.01073170731706212,223.94026184082,0.3013926913462683,0.3076617862952823,normal_flow,2356000.csv
2356000,2019-04-18,daytime,6,NA,NA,-1.0713458655944603e-14,231.41340637207,0.2897869301273658,0.3151807324524858,normal_flow,2356000.csv
2356000,2019-04-18,nighttime,6,-0.04503773491109318,0.9324890748492944,-0.01470588235292619,231.41340637207,0.2897869301273658,0.3151807324524858,normal_flow,2356000.csv
2356000,2019-04-19,daytime,6,0.9585594091594968,0.00254040042284909,0.36753445635528975,227.613098144531,0.2960361861683133,0.32289806769035434,normal_flow,2356000.csv
2356000,2019-04-19,nighttime,6,-0.4094264986581418,0.4201763458309547,-0.1676300578034431,227.613098144531,0.2960361861683133,0.32289806769035434,normal_flow,2356000.csv
2356000,2019-04-20,daytime,6,0.9509501669886232,0.0035498250214889,0.2727272727272546,235.959320068359,0.2819307225330318,0.32952426298456533,normal_flow,2356000.csv
2356000,2019-04-20,nighttime,6,0.5674018060080867,0.24023332414948775,0.0459921156373277,235.959320068359,0.2819307225330318,0.32952426298456533,normal_flow,2356000.csv
2356000,2019-04-21,daytime,6,0.6445646017552181,0.16704963840427853,0.14361702127658052,245.724365234375,0.26562314010236876,0.33395230726500813,normal_flow,2356000.csv
2356000,2019-04-21,nighttime,6,-0.8783030639033366,0.02131404179346234,-0.3478260869565084,245.724365234375,0.26562314010236876,0.33395230726500813,normal_flow,2356000.csv
2356000,2019-04-22,daytime,6,0.7114793449405877,0.11285742159613618,0.1102620087336184,247.089538574219,0.26371860492798477,0.3367773677736777,normal_flow,2356000.csv
2356000,2019-04-22,nighttime,6,-0.2786391062876763,0.5928580760610196,-0.05434782608694488,247.089538574219,0.26371860492798477,0.3367773677736777,normal_flow,2356000.csv
2356000,2019-04-23,daytime,6,NA,NA,-7.888802914689992e-15,231.639007568359,0.28931079633376977,0.34068563266277824,normal_flow,2356000.csv
2356000,2019-04-23,nighttime,6,-0.7514691493021803,0.08497580055558093,-0.3999999999999636,231.639007568359,0.28931079633376977,0.34068563266277824,normal_flow,2356000.csv
2356000,2019-04-24,daytime,6,-0.8555277382080391,0.0298006221827464,-0.3253012048193029,204.549896240234,0.3354957743125818,0.3427687180097607,normal_flow,2356000.csv
2356000,2019-04-24,nighttime,6,-0.6904666436885346,0.128888013485976,-0.23837209302324472,204.549896240234,0.3354957743125818,0.3427687180097607,normal_flow,2356000.csv
2356000,2019-04-25,daytime,6,0.7610306778879113,0.07883617405613812,0.3206106870229007,180.280792236328,0.3879895250565409,0.3406062770305122,normal_flow,2356000.csv
2356000,2019-04-25,nighttime,6,-0.6136964857512032,0.19502149271595415,-0.4999999999999891,180.280792236328,0.3879895250565409,0.3406062770305122,normal_flow,2356000.csv
2356000,2019-04-26,daytime,6,0.909167583565732,0.01200108412104707,0.4605263157894864,172.380752563477,0.40578502559219143,0.33440860215053764,normal_flow,2356000.csv
2356000,2019-04-26,nighttime,6,NA,NA,1.4503892858779952e-14,172.380752563477,0.40578502559219143,0.33440860215053764,normal_flow,2356000.csv
2356000,2019-04-27,daytime,6,NA,NA,-1.9778035716516982e-14,171.361511230469,0.4080466611117724,0.32627464984327265,normal_flow,2356000.csv
2356000,2019-04-27,nighttime,6,NA,NA,1.1603114287022984e-14,171.361511230469,0.4080466611117724,0.32627464984327265,normal_flow,2356000.csv
2356000,2019-04-28,daytime,6,0.3565370164061416,0.4878557264335503,0.03389830508473767,171.650482177734,0.4075705273181764,0.3201523628139507,normal_flow,2356000.csv
2356000,2019-04-28,nighttime,6,NA,NA,8.522906112890759e-15,171.650482177734,0.4075705273181764,0.3201523628139507,normal_flow,2356000.csv
2356000,2019-04-29,daytime,6,-0.8537327629269003,0.03052652867375174,-0.18916967509026353,165.436065673828,0.4204856564694679,0.3183390866166726,normal_flow,2356000.csv
2356000,2019-04-29,nighttime,6,NA,NA,NA,165.436065673828,0.4204856564694679,0.3183390866166726,normal_flow,2356000.csv
2356000,2019-04-30,daytime,6,NA,NA,-4.097668054275921e-15,165.048233032227,0.42125937388406143,0.3208467245962782,normal_flow,2356000.csv
2356000,2019-04-30,nighttime,6,-0.9078412990032034,0.0123484769086027,-1.5384615384616538,165.048233032227,0.42125937388406143,0.3208467245962782,normal_flow,2356000.csv
2356000,2019-05-01,daytime,6,-0.9431853159088012,0.00475016619659787,-0.2372262773722708,189.714172363281,0.3670991548625164,0.3255287068999722,normal_flow,2356000.csv
2356000,2019-05-01,nighttime,6,NA,NA,1.4647495758370787e-14,189.714172363281,0.3670991548625164,0.3255287068999722,normal_flow,2356000.csv
2356000,2019-05-02,daytime,6,-0.5885584323392506,0.21910097457301864,-0.09897172236504574,243.537506103516,0.2689560766575408,0.3303178193072253,normal_flow,2356000.csv
2356000,2019-05-02,nighttime,6,0.7769309688655046,0.06908975460883618,0.21126760563380975,243.537506103516,0.2689560766575408,0.3303178193072253,normal_flow,2356000.csv
2356000,2019-05-03,daytime,6,0.9127423467492356,0.01108866163824294,0.09154929577464266,301.2939453125,0.1968218069277467,0.33179383406737295,normal_flow,2356000.csv
2356000,2019-05-03,nighttime,6,0.5111986324432479,0.2999962977345073,0.357142857142914,301.2939453125,0.1968218069277467,0.33179383406737295,normal_flow,2356000.csv
2356000,2019-05-04,daytime,6,0.9322021169156736,0.00673901114630223,0.12634408602150662,326.473541259766,0.17402690155933817,0.33019085029559975,normal_flow,2356000.csv
2356000,2019-05-04,nighttime,6,0.5813183589761757,0.2262452187420541,0.17500000000000868,326.473541259766,0.17402690155933817,0.33019085029559975,normal_flow,2356000.csv
2356000,2019-05-05,daytime,6,0.07494028186010676,0.8878000112391319,0.00401146131804688,309.479461669922,0.1900964170932032,0.3255882236241717,normal_flow,2356000.csv
2356000,2019-05-05,nighttime,6,0.6622661785325313,0.1518345432829025,0.39473684210523785,309.479461669922,0.1900964170932032,0.3255882236241717,normal_flow,2356000.csv
2356000,2019-05-06,daytime,6,0.862713153048291,0.02697774835267577,0.15543071161048422,265.662231445312,0.23842399714319723,0.3190413839622267,normal_flow,2356000.csv
2356000,2019-05-06,nighttime,6,0.5221081586479269,0.28800030244003827,0.13280363223609246,265.662231445312,0.23842399714319723,0.3190413839622267,normal_flow,2356000.csv
2356000,2019-05-07,daytime,6,0.871268794196653,0.02379093605698852,0.04048582995951145,223.956573486328,0.3013331746220688,0.311943022656033,normal_flow,2356000.csv
2356000,2019-05-07,nighttime,6,-0.7092888888291996,0.1144849984128413,-0.09830508474575274,223.956573486328,0.3013331746220688,0.311943022656033,normal_flow,2356000.csv
2356000,2019-05-08,daytime,6,0.68092634467483,0.13646987132841754,0.10469757445501676,192.709716796875,0.35954053088917987,0.3068126810300361,normal_flow,2356000.csv
2356000,2019-05-08,nighttime,6,0.3617873026462167,0.4809962255232291,0.07853403141361927,192.709716796875,0.35954053088917987,0.3068126810300361,normal_flow,2356000.csv
2356000,2019-05-09,daytime,6,0.6721553605270612,0.14360444503365022,0.10756972111553244,171.723114013672,0.4073324604213784,0.3075983017894695,normal_flow,2356000.csv
2356000,2019-05-09,nighttime,6,0.25756371316445714,0.6221976983803904,0.08108108108107676,171.723114013672,0.4073324604213784,0.3075983017894695,normal_flow,2356000.csv
2356000,2019-05-10,daytime,6,0.5258978055864234,0.283876675747553,0.0845070422535232,170.369445800781,0.4101297464587549,0.31664881164940684,normal_flow,2356000.csv
2356000,2019-05-10,nighttime,6,0.8093702576100418,0.05104583432619515,0.3181818181818259,170.369445800781,0.4101297464587549,0.31664881164940684,normal_flow,2356000.csv
2356000,2019-05-11,daytime,6,0.8552359741197539,0.02991805221273324,0.21333333333332777,183.726425170898,0.3817402690155934,0.33198031980319803,normal_flow,2356000.csv
2356000,2019-05-11,nighttime,6,0.8557250996811148,0.02972131145997063,0.18306636155606612,183.726425170898,0.3817402690155934,0.33198031980319803,normal_flow,2356000.csv
2356000,2019-05-12,daytime,6,-0.6523327108799197,0.16029710104858738,-0.8701298701298396,202.979064941406,0.33900726104035234,0.35065666785700117,normal_flow,2356000.csv
2356000,2019-05-12,nighttime,6,0.9653938544022572,0.00177565606384227,0.40624999999999784,202.979064941406,0.33900726104035234,0.35065666785700117,normal_flow,2356000.csv
2356000,2019-05-13,daytime,6,0.562614346848769,0.2451220186587227,0.13379310344827575,218.990676879883,0.3093679323890013,0.3705749315557671,normal_flow,2356000.csv
2356000,2019-05-13,nighttime,6,0.1362229827559474,0.7969294504483505,0.03711340206186905,218.990676879883,0.3093679323890013,0.3705749315557671,normal_flow,2356000.csv
2356000,2019-05-14,daytime,6,0.9739247464587316,0.00101101374269749,0.23529411764705976,216.031677246094,0.3140102368765623,0.3884458199420704,normal_flow,2356000.csv
2356000,2019-05-14,nighttime,6,0.5308075578251227,0.2785679464742201,0.18132854578097068,216.031677246094,0.3140102368765623,0.3884458199420704,normal_flow,2356000.csv
2356000,2019-05-15,daytime,6,0.8717797887081336,0.02360663664688954,0.1333333333333327,200.378860473633,0.3443042494941078,0.4017497916914653,normal_flow,2356000.csv
2356000,2019-05-15,nighttime,6,-0.11235088294096994,0.8321827625075274,-0.01262272089760687,200.378860473633,0.3443042494941078,0.4017497916914653,normal_flow,2356000.csv
2356000,2019-05-16,daytime,6,0.6797402504383836,0.1374255308569562,0.11811722912966684,184.902816772461,0.37888346625401736,0.40952267587192,normal_flow,2356000.csv
2356000,2019-05-16,nighttime,6,0.4629100498862717,0.35523243051554937,0.04081632653062189,184.902816772461,0.37888346625401736,0.40952267587192,normal_flow,2356000.csv
2356000,2019-05-17,daytime,6,NA,NA,-2.510289148634795e-15,172.849807739258,0.4047137245566004,0.4124270920128556,normal_flow,2356000.csv
2356000,2019-05-17,nighttime,6,0.1075206661141044,0.8393405075693875,0.02312138728324318,172.849807739258,0.4047137245566004,0.4124270920128556,normal_flow,2356000.csv
2356000,2019-05-18,daytime,6,0.9503288904374092,0.00363955393202749,0.10624999999999618,162.641479492188,0.4267944292346149,0.4145776296472642,normal_flow,2356000.csv
2356000,2019-05-18,nighttime,6,-0.6376804093660612,0.17313138850581722,-0.943396226415055,162.641479492188,0.4267944292346149,0.4145776296472642,normal_flow,2356000.csv
2356000,2019-05-19,daytime,6,0.872428194968249,0.02337376031400456,0.24133420536298356,152.196960449219,0.45417212236638493,0.4194262587787168,normal_flow,2356000.csv
2356000,2019-05-19,nighttime,6,0.7399400733959339,0.09265267017964122,0.28205128205128543,152.196960449219,0.45417212236638493,0.4194262587787168,normal_flow,2356000.csv
2356000,2019-05-20,daytime,6,0.9408442187640916,0.00514560461913273,0.205025125628142,142.457397460938,0.4888703725746935,0.4291155814783954,normal_flow,2356000.csv
2356000,2019-05-20,nighttime,6,0.6629935441317955,0.1512225506444593,0.05494505494505965,142.457397460938,0.4888703725746935,0.4291155814783954,normal_flow,2356000.csv
2356000,2019-05-21,daytime,6,0.96049910175589,0.00230966440336142,0.2894301253251408,137.738525390625,0.5064873229377455,0.44330040074594296,normal_flow,2356000.csv
2356000,2019-05-21,nighttime,6,0.7627127698096875,0.07777758842722733,0.4230769230769339,137.738525390625,0.5064873229377455,0.44330040074594296,normal_flow,2356000.csv
2356000,2019-05-22,daytime,6,0.9671342709234392,0.00160248416194495,0.2403846153846142,139.098419189453,0.5008927508629925,0.4593857874062612,normal_flow,2356000.csv
2356000,2019-05-22,nighttime,6,0.9395976754559888,0.00536247406252781,0.5373831775700947,139.098419189453,0.5008927508629925,0.4593857874062612,normal_flow,2356000.csv
2356000,2019-05-23,daytime,6,0.9665340266944056,0.00166121658796229,0.36051502145923264,145.592971801758,0.4761337935960005,0.4752569138594612,normal_flow,2356000.csv
2356000,2019-05-23,nighttime,6,0.9394741461612356,0.00538420390392933,0.2866359447004638,145.592971801758,0.4761337935960005,0.4752569138594612,normal_flow,2356000.csv
2356000,2019-05-24,daytime,6,0.9885058478587376,1.974140221488964e-4,0.5343422584400598,153.386016845703,0.4508987025354125,0.4900726104035234,normal_flow,2356000.csv
2356000,2019-05-24,nighttime,6,0.8775147014620642,0.02158517060540066,0.4471153846153799,153.386016845703,0.4508987025354125,0.4900726104035234,normal_flow,2356000.csv
2356000,2019-05-25,daytime,6,0.9943080457939916,4.8505309083491695e-5,0.4549084858569146,156.272033691406,0.44238781097488394,0.5039876205213665,normal_flow,2356000.csv
2356000,2019-05-25,nighttime,6,0.9784060920766277,6.944107033811689e-4,0.6962025316455719,156.272033691406,0.44238781097488394,0.5039876205213665,normal_flow,2356000.csv
2356000,2019-05-26,daytime,6,0.9932832345058886,6.75208948225539e-5,0.6084337349397543,152.146530151367,0.45446970598738246,0.5167480061897393,normal_flow,2356000.csv
2356000,2019-05-26,nighttime,6,0.9777273549842612,7.385816705156238e-4,0.844793713163036,152.146530151367,0.45446970598738246,0.5167480061897393,normal_flow,2356000.csv
2356000,2019-05-27,daytime,6,0.9852406859969516,3.251484598369318e-4,0.8372591006424135,143.569412231445,0.4843471015355315,0.5277943102011665,normal_flow,2356000.csv
2356000,2019-05-27,nighttime,6,0.975009063302415,9.290163693000576e-4,0.8599999999999389,143.569412231445,0.4843471015355315,0.5277943102011665,normal_flow,2356000.csv
2356000,2019-05-28,daytime,6,0.985287472490902,3.2309537299331594e-4,1.0146788990825777,134.264907836914,0.52214022140221406,0.5365313653136531,normal_flow,2356000.csv
2356000,2019-05-28,nighttime,6,0.955783651282915,0.00288940486982194,0.7537313432835562,134.264907836914,0.52214022140221406,0.5365313653136531,normal_flow,2356000.csv
2356000,2019-05-30,daytime,6,0.995586504774287,2.9175425056504484e-5,0.9737265415549804,122.072914123535,0.5823711462921081,0.5517993889616315,normal_flow,2356000.csv
2356000,2019-05-30,nighttime,6,0.9674691683606196,0.00157016955299002,1.157534246575284,122.072914123535,0.5823711462921081,0.5517993889616315,normal_flow,2356000.csv
2356000,2019-05-31,daytime,6,0.9825754655264636,4.5277643262535584e-4,1.2872727272727438,119.033432006836,0.6011189144149506,0.5608459310399555,normal_flow,2356000.csv
2356000,2019-05-31,nighttime,6,0.911249110108726,0.01146554770977025,1.3224489795916528,119.033432006836,0.6011189144149506,0.5608459310399555,normal_flow,2356000.csv
2356000,2019-06-01,daytime,6,0.9861871927690604,2.848727674886796e-4,1.0505263157894988,117.259399414062,0.6134388763242471,0.5712851644645479,normal_flow,2356000.csv
2356000,2019-06-01,nighttime,6,0.9934646294640056,6.392703573629397e-5,1.0067114093959382,117.259399414062,0.6134388763242471,0.5712851644645479,normal_flow,2356000.csv
2356000,2019-06-02,daytime,6,0.977853539814732,7.302675085718242e-4,1.1745919091554635,116.451889038086,0.6182002142602071,0.5808792604055073,normal_flow,2356000.csv
2356000,2019-06-02,nighttime,6,0.9586000178223948,0.00253545886027931,1.2551020408163045,116.451889038086,0.6182002142602071,0.5808792604055073,normal_flow,2356000.csv
2356000,2019-06-03,daytime,6,0.9971073656542944,1.2538898368861463e-5,1.3425178147268555,116.195693969727,0.6198666825377931,0.581589493314288,normal_flow,2356000.csv
2356000,2019-06-03,nighttime,6,0.9643772708825328,0.0018808660001102,0.7836198179979715,116.195693969727,0.6198666825377931,0.581589493314288,normal_flow,2356000.csv
2356000,2019-06-04,daytime,6,0.996607478282779,1.724428279114104e-5,1.320754716981159,116.195419311523,0.6199261992619927,0.5726937269372694,normal_flow,2356000.csv
2356000,2019-06-04,nighttime,6,0.9874802958892708,2.34133298595818e-4,0.8682926829268147,116.195419311523,0.6199261992619927,0.5726937269372694,normal_flow,2356000.csv
2356000,2019-06-05,daytime,6,0.9900312313927504,1.4856919141047038e-4,1.6829268292683262,116.408905029297,0.6184977978812046,0.5543824147918899,normal_flow,2356000.csv
2356000,2019-06-05,nighttime,6,0.9921290936264224,9.26829447942811e-5,1.067187499999966,116.408905029297,0.6184977978812046,0.5543824147918899,normal_flow,2356000.csv
2356000,2019-06-06,daytime,6,NA,NA,NA,116.503890991211,0.6179026306392096,0.5311827956989247,normal_flow,2356000.csv
2356000,2019-06-06,nighttime,6,0.9769732191161202,7.892441814264111e-4,1.7846153846153654,116.503890991211,0.6179026306392096,0.5311827956989247,normal_flow,2356000.csv
2356000,2019-06-07,daytime,6,0.9898680428163515,1.5346477864004054e-4,1.6297520661156608,117.444511413574,0.6118319247708606,0.5071499424671666,normal_flow,2356000.csv
2356000,2019-06-07,nighttime,6,0.9876075343787492,2.2940823093429177e-4,1.278069254984218,117.444511413574,0.6118319247708606,0.5071499424671666,normal_flow,2356000.csv
2356000,2019-06-08,daytime,6,0.9298417545566668,0.00721060337017049,0.7862595419847339,118.141136169434,0.6074872039042971,0.4851287545133516,normal_flow,2356000.csv
2356000,2019-06-08,nighttime,6,0.9953008218874008,3.30715281293761e-5,0.8071748878923926,118.141136169434,0.6074872039042971,0.4851287545133516,normal_flow,2356000.csv
2356000,2019-06-09,daytime,6,0.5827715174143467,0.2248039249488364,0.49999999999990535,121.549011230469,0.5862992500892751,0.46590485259691305,normal_flow,2356000.csv
2356000,2019-06-09,nighttime,6,0.8792919665367737,0.02097626007751144,1.5999999999999812,121.549011230469,0.5862992500892751,0.46590485259691305,normal_flow,2356000.csv
2356000,2019-06-10,daytime,6,0.9584311436118274,0.00255603986745591,0.49097065462753847,148.791366577148,0.465123199619093,0.44945046224655794,normal_flow,2356000.csv
2356000,2019-06-10,nighttime,6,0.8837879163470619,0.01947313605278683,1.0625000000000269,148.791366577148,0.465123199619093,0.44945046224655794,normal_flow,2356000.csv
2356000,2019-06-11,daytime,6,0.6837902909397171,0.13417419024396646,0.08845903064550842,197.087875366211,0.35091060588025236,0.4345831845415229,normal_flow,2356000.csv
2356000,2019-06-11,nighttime,6,0.9199999999999994,0.00934400000000014,0.7360000000000358,197.087875366211,0.35091060588025236,0.4345831845415229,normal_flow,2356000.csv
2356000,2019-06-12,daytime,6,0.971866449989777,0.00117611114916816,0.3736903376018636,258.858581542969,0.24747053922152124,0.4179105662024362,normal_flow,2356000.csv
2356000,2019-06-12,nighttime,6,0.8899218453438499,0.01750888068366235,0.41064638783270146,258.858581542969,0.24747053922152124,0.4179105662024362,normal_flow,2356000.csv
2356000,2019-06-13,daytime,6,0.9272762997709528,0.00774079661587097,0.27348643006263396,292.140533447266,0.2072967503868587,0.3972265206523033,normal_flow,2356000.csv
2356000,2019-06-13,nighttime,6,0.9973936220588256,1.0180956127263508e-5,0.5532544378698113,292.140533447266,0.2072967503868587,0.3972265206523033,normal_flow,2356000.csv
2356000,2019-06-14,daytime,6,0.9289005423707016,0.00740299070993592,0.2521588946459342,278.233581542969,0.22187834781573623,0.3745903265484268,normal_flow,2356000.csv
2356000,2019-06-14,nighttime,6,-0.6376804093660532,0.1731313885058243,-0.4716981132073956,278.233581542969,0.22187834781573623,0.3745903265484268,normal_flow,2356000.csv
2356000,2019-06-15,daytime,6,0.786222516282912,0.06366631646182959,0.11065573770491738,242.406372070312,0.27080109510772526,0.35263262310042454,normal_flow,2356000.csv
2356000,2019-06-15,nighttime,6,0.7107423155935362,0.1134039155998171,0.0721649484536201,242.406372070312,0.27080109510772526,0.35263262310042454,normal_flow,2356000.csv
2356000,2019-06-16,daytime,6,0.9700851265450806,0.00132896407578626,0.2153284671532776,209.529205322266,0.32508034757766935,0.33137721699797645,normal_flow,2356000.csv
2356000,2019-06-16,nighttime,6,NA,NA,NA,209.529205322266,0.32508034757766935,0.33137721699797645,normal_flow,2356000.csv
2356000,2019-06-17,daytime,6,0.08873565094160041,0.8672458765440623,0.01574803149604521,187.949264526367,0.3713843590048804,0.3132325516803555,normal_flow,2356000.csv
2356000,2019-06-17,nighttime,6,0.9793009679343726,6.382406432770142e-4,0.9137931034482571,187.949264526367,0.3713843590048804,0.3132325516803555,normal_flow,2356000.csv
2356000,2019-06-18,daytime,6,-0.02811607785577023,0.957836996290596,-0.01818181818183173,176.293914794922,0.3968575169622664,0.30648335515613223,normal_flow,2356000.csv
2356000,2019-06-18,nighttime,6,NA,NA,NA,176.293914794922,0.3968575169622664,0.30648335515613223,normal_flow,2356000.csv
2356000,2019-06-19,daytime,6,0.4392976851069778,0.3834418454638904,0.1286549707602189,188.81982421875,0.36983692417569336,0.31076062373526964,normal_flow,2356000.csv
2356000,2019-06-19,nighttime,6,0.5889844266763457,0.21868349063023004,0.06194690265487383,188.81982421875,0.36983692417569336,0.31076062373526964,normal_flow,2356000.csv
2356000,2019-06-20,daytime,6,0.9198795822251356,0.00937176426506357,0.3962264150943497,219.510498046875,0.30823711462921083,0.3246081815656866,normal_flow,2356000.csv
2356000,2019-06-20,nighttime,6,0.6822882392210121,0.1353761106423376,0.18749999999999928,219.510498046875,0.30823711462921083,0.3246081815656866,normal_flow,2356000.csv
2356000,2019-06-21,daytime,6,0.9627428822920584,0.00205628106106479,0.3564899451553898,238.077285766602,0.2783597190810618,0.34352259651628775,normal_flow,2356000.csv
2356000,2019-06-21,nighttime,6,0.8516884021332914,0.03136333966333164,0.6749999999999384,238.077285766602,0.2783597190810618,0.34352259651628775,normal_flow,2356000.csv
2356000,2019-06-22,daytime,6,0.986889474567926,2.5670205857598996e-4,0.1894615606104232,235.559326171875,0.2824663730508273,0.363020275364044,normal_flow,2356000.csv
2356000,2019-06-22,nighttime,6,0.8998615077542932,0.01453949618183614,0.2756598240469131,235.559326171875,0.2824663730508273,0.363020275364044,normal_flow,2356000.csv
2356000,2019-06-23,daytime,6,0.993543103466584,6.240267037248516e-5,0.4107512060647788,231.944763183594,0.28865611236757527,0.3777883585287466,normal_flow,2356000.csv
2356000,2019-06-23,nighttime,6,0.9755564904817562,8.88925419284695e-4,0.6204188481675394,231.944763183594,0.28865611236757527,0.3777883585287466,normal_flow,2356000.csv
2356000,2019-06-24,daytime,6,0.9738878969080524,0.00101386072847009,0.5462555066079248,215.994338989258,0.3141292703249613,0.3850732055707654,normal_flow,2356000.csv
2356000,2019-06-24,nighttime,6,0.8151115136354149,0.04811553746643932,0.18983050847458904,215.994338989258,0.3141292703249613,0.3850732055707654,normal_flow,2356000.csv
2356000,2019-06-25,daytime,6,0.956026852754388,0.00285794245084419,0.2299559471365652,190.782531738281,0.3638852517557434,0.3872158076419474,normal_flow,2356000.csv
2356000,2019-06-25,nighttime,6,0.9313806308475968,0.00690137554201796,0.4337349397590344,190.782531738281,0.3638852517557434,0.3872158076419474,normal_flow,2356000.csv
2356000,2019-06-26,daytime,6,0.9025531292362884,0.01378116642191577,0.8827361563518055,167.807006835938,0.41506963456731344,0.3877435225965163,normal_flow,2356000.csv
2356000,2019-06-26,nighttime,6,0.916687968549368,0.01012221186268982,0.8239999999999931,167.807006835938,0.41506963456731344,0.3877435225965163,normal_flow,2356000.csv
2356000,2019-06-27,daytime,6,0.8190283593479235,0.04616262498300923,0.374999999999996,151.897842407227,0.4551839066777765,0.39226282585406497,normal_flow,2356000.csv
2356000,2019-06-27,nighttime,6,0.5991712703227086,0.20879619831920695,0.10559006211179922,151.897842407227,0.4551839066777765,0.39226282585406497,normal_flow,2356000.csv
2356000,2019-06-28,daytime,6,0.9308006490475254,0.00701714297640431,0.41780821917808375,141.761810302734,0.4910129746458755,0.4052930206721422,normal_flow,2356000.csv
2356000,2019-06-28,nighttime,6,0.8907861696277013,0.0172401583582349,0.4600000000000006,141.761810302734,0.4910129746458755,0.4052930206721422,normal_flow,2356000.csv
2356000,2019-06-29,daytime,6,0.9835339944192142,4.0446180106868535e-4,0.7781350482315184,135.961624145508,0.5143435305320795,0.42316787684005874,normal_flow,2356000.csv
2356000,2019-06-29,nighttime,6,0.820252394364711,0.04556005177180601,0.29252782193958615,135.961624145508,0.5143435305320795,0.42316787684005874,normal_flow,2356000.csv
2356000,2019-06-30,daytime,6,0.966616212928846,0.00165311312339345,0.95054945054947515,141.336669921875,0.4923223425782645,0.44210609848033966,normal_flow,2356000.csv
2356000,2019-06-30,nighttime,6,0.9308140712112356,0.00701445322194249,0.4780219780219848,141.336669921875,0.4923223425782645,0.44210609848033966,normal_flow,2356000.csv
2356000,2019-07-01,daytime,6,0.9669088282579044,0.00162442063001948,0.6903047091412743,159.333892822266,0.4343530532079514,0.459846050073404,normal_flow,2356000.csv
2356000,2019-07-01,nighttime,6,0.6405126152203118,0.17061828029163226,1.9999999999996512,159.333892822266,0.4343530532079514,0.459846050073404,normal_flow,2356000.csv
2356000,2019-07-02,daytime,6,0.865283880055879,0.0260002062226175,0.6377952755905578,173.492477416992,0.4035233900726104,0.4744236797206682,normal_flow,2356000.csv
2356000,2019-07-02,nighttime,6,0.9852500198268556,3.2473835569508827e-4,1.1297709923663677,173.492477416992,0.4035233900726104,0.4744236797206682,normal_flow,2356000.csv
2356000,2019-07-03,daytime,6,0.8322272133903125,0.03986035219239389,1.0210526315789945,172.832626342773,0.4047732412807999,0.4847042018807285,normal_flow,2356000.csv
2356000,2019-07-03,nighttime,6,0.9360917414862212,0.00599588911148938,0.3529411764705842,172.832626342773,0.4047732412807999,0.4847042018807285,normal_flow,2356000.csv
2356000,2019-07-04,daytime,6,0.9931710209572436,6.979319758522622e-5,0.8111563044741604,157.907531738281,0.43762647303892394,0.4913859461175257,normal_flow,2356000.csv
2356000,2019-07-04,nighttime,6,0.5490799884779014,0.25915075996312736,0.5806451612903429,157.907531738281,0.43762647303892394,0.4913859461175257,normal_flow,2356000.csv
2356000,2019-07-05,daytime,6,0.9660040763879232,0.00171393930096646,0.8977272727272757,138.382766723633,0.503690036900369,0.49623060746736497,normal_flow,2356000.csv
2356000,2019-07-05,nighttime,6,0.9504549145536912,0.00362126369342721,0.7029702970296854,138.382766723633,0.503690036900369,0.49623060746736497,normal_flow,2356000.csv
2356000,2019-07-06,daytime,6,0.585626895522656,0.22198262317530332,0.7968750000000028,128.670822143555,0.5464825615998096,0.4998690632067611,normal_flow,2356000.csv
2356000,2019-07-06,nighttime,6,0.9614461066857038,0.00220095072917499,0.8717241379310202,128.670822143555,0.5464825615998096,0.4998690632067611,normal_flow,2356000.csv
2356000,2019-07-07,daytime,6,0.9627830094816836,0.00205188186651172,1.0846905537459175,124.87321472168,0.5665396976550411,0.5034360988771178,normal_flow,2356000.csv
2356000,2019-07-07,nighttime,6,0.930395993177018,0.00709847076450703,1.194444444444432,124.87321472168,0.5665396976550411,0.5034360988771178,normal_flow,2356000.csv
2356000,2019-07-08,daytime,6,0.9821251438959696,4.76410119176207e-4,0.8105065666041433,126.98331451416,0.55475538626354,0.5082609213188906,normal_flow,2356000.csv
2356000,2019-07-08,nighttime,6,0.9472960209290784,0.00409336594555976,0.705565529622961,126.98331451416,0.55475538626354,0.5082609213188906,normal_flow,2356000.csv
2356000,2019-07-09,daytime,6,0.9632797479281509,0.00199780899827792,0.9042553191489306,131.898910522461,0.5327937150339246,0.5168789429829782,normal_flow,2356000.csv
2356000,2019-07-09,nighttime,6,0.9884932214443324,1.9784714610500176e-4,1.040485829959525,131.898910522461,0.5327937150339246,0.5168789429829782,normal_flow,2356000.csv
2356000,2019-07-10,daytime,6,0.9949796001841114,3.774335334857757e-5,1.3869346733668704,135.152801513672,0.518093084156648,0.5293814228464865,normal_flow,2356000.csv
2356000,2019-07-10,nighttime,6,0.7715167498104578,0.07234295558504374,0.9375000000000344,135.152801513672,0.518093084156648,0.5293814228464865,normal_flow,2356000.csv
2356000,2019-07-11,daytime,6,0.9426554361741084,0.00483831259739142,2.197802197802261,135.791687011719,0.5152957981192715,0.5437606634130857,normal_flow,2356000.csv
2356000,2019-07-11,nighttime,6,0.9732004200820582,0.00106770226223973,1.003514938488556,135.791687011719,0.5152957981192715,0.5437606634130857,normal_flow,2356000.csv
2356000,2019-07-12,daytime,6,0.9517797153406666,0.00343173297598952,1.4312977099237616,132.918426513672,0.527853826925366,0.5573780899099313,normal_flow,2356000.csv
2356000,2019-07-12,nighttime,6,0.8986983404052634,0.01487325921068325,1.2647058823529074,132.918426513672,0.527853826925366,0.5573780899099313,normal_flow,2356000.csv
2356000,2019-07-13,daytime,6,0.9964529687446824,1.8849832725288862e-5,0.8266832917705902,128.905715942383,0.545589810736817,0.5672777050351149,normal_flow,2356000.csv
2356000,2019-07-13,nighttime,6,0.9689915032075588,0.00142738255850656,1.2256880733944684,128.905715942383,0.545589810736817,0.5672777050351149,normal_flow,2356000.csv
2356000,2019-07-14,daytime,6,0.9784988708345094,6.884778626104242e-4,0.7527985074626958,124.554008483887,0.5678490655874301,0.5729198904892274,normal_flow,2356000.csv
2356000,2019-07-14,nighttime,6,0.9655637608562642,0.00175836366382833,0.7232142857142796,124.554008483887,0.5678490655874301,0.5729198904892274,normal_flow,2356000.csv
2356000,2019-07-15,daytime,6,0.9932319735361894,6.855426459554263e-5,0.4550863445073268,125.248741149902,0.5646946792048566,0.5672737372535016,normal_flow,2356000.csv
2356000,2019-07-15,nighttime,6,0.8724383961755359,0.02337010532123053,0.4161676646706622,125.248741149902,0.5646946792048566,0.5672737372535016,normal_flow,2356000.csv
2356000,2019-07-16,daytime,6,0.9974149030430576,1.0015451667507475e-5,1.024096385542184,125.450225830078,0.5636233781692656,0.5562948855295005,normal_flow,2356000.csv
2356000,2019-07-16,nighttime,6,0.9512469252355964,0.00350735377579179,0.707360861759426,125.450225830078,0.5636233781692656,0.5562948855295005,normal_flow,2356000.csv
2356000,2019-07-17,daytime,6,0.998017550686742,5.891262302199787e-6,1.155855463648244,120.691337585449,0.5910605880252351,0.5456413918977899,normal_flow,2356000.csv
2356000,2019-07-17,nighttime,6,0.8864052604279161,0.01862274738337684,2.5714285714281067,120.691337585449,0.5910605880252351,0.5456413918977899,normal_flow,2356000.csv
2356000,2019-07-18,daytime,6,0.9836689401754946,3.97877496957997e-4,1.0473098330241366,116.120819091797,0.6204618497797881,0.5393127802245764,normal_flow,2356000.csv
2356000,2019-07-18,nighttime,6,0.9923547975416775,8.745025326275133e-5,1.5257142857142572,116.120819091797,0.6204618497797881,0.5393127802245764,normal_flow,2356000.csv
2356000,2019-07-19,daytime,6,0.9964186472834664,1.921616354907064e-5,1.2014925373134608,112.381309509277,0.6418878704916081,0.537455858429552,normal_flow,2356000.csv
2356000,2019-07-19,nighttime,6,0.9756481241236404,8.823002881064449e-4,0.948872180451112,112.381309509277,0.6418878704916081,0.537455858429552,normal_flow,2356000.csv
2356000,2019-07-20,daytime,6,0.9189536012895396,0.00958660072137335,1.0344827586207432,110.586212158203,0.6521842637781217,0.5382573503154386,normal_flow,2356000.csv
2356000,2019-07-20,nighttime,6,0.9543760171117848,0.00307483747093944,0.34057255676208364,110.586212158203,0.6521842637781217,0.5382573503154386,normal_flow,2356000.csv
2356000,2019-07-21,daytime,6,0.984655340511456,3.5138134640191643e-4,0.7611510791366847,114.47673034668,0.6311153434114987,0.5403840812601675,normal_flow,2356000.csv
2356000,2019-07-21,nighttime,6,0.9057207530583788,0.01291386046094837,0.4709302325581403,114.47673034668,0.6311153434114987,0.5403840812601675,normal_flow,2356000.csv
2356000,2019-07-22,daytime,6,0.9993438627029432,6.456329900311774e-7,0.9521739130435004,144.130645751953,0.4818473991191525,0.541820418204182,normal_flow,2356000.csv
2356000,2019-07-22,nighttime,6,0.6307692307692304,0.17932817478379626,2.733333333332428,144.130645751953,0.4818473991191525,0.541820418204182,normal_flow,2356000.csv
2356000,2019-07-23,daytime,6,0.9766832714517736,8.091664443622942e-4,2.261261261261267,179.539199829102,0.39007261040352337,0.5438796968614847,normal_flow,2356000.csv
2356000,2019-07-23,nighttime,6,0.9683058152471172,0.00149086327814241,1.89610389610385,179.539199829102,0.39007261040352337,0.5438796968614847,normal_flow,2356000.csv
2356000,2019-07-24,daytime,6,NA,NA,NA,187.376113891602,0.3729913105582669,0.5492957187636393,normal_flow,2356000.csv
2356000,2019-07-24,nighttime,6,0.9847194474023032,3.48458963024023e-4,1.9479768786125695,187.376113891602,0.3729913105582669,0.5492957187636393,normal_flow,2356000.csv
2356000,2019-07-25,daytime,6,0.9942939045868942,4.874639341746317e-5,0.8977884040645748,164.211303710938,0.4231639090584454,0.5558425584255843,normal_flow,2356000.csv
2356000,2019-07-25,nighttime,6,0.8864052604279195,0.01862274738337576,0.6874999999998221,164.211303710938,0.4231639090584454,0.5558425584255843,normal_flow,2356000.csv
2356000,2019-07-26,daytime,6,0.9950032215383282,3.73893132224071e-5,0.8424657534246645,142.905456542969,0.4874419711939055,0.5621116533745982,normal_flow,2356000.csv
2356000,2019-07-26,nighttime,6,0.9352459657630484,0.00615386784173638,0.7089552238805849,142.905456542969,0.4874419711939055,0.5621116533745982,normal_flow,2356000.csv
2356000,2019-07-27,daytime,6,0.99154858032307,1.0683791419262788e-4,1.0826771653543443,130.163482666016,0.5398762052136651,0.5677181287941911,normal_flow,2356000.csv
2356000,2019-07-27,nighttime,6,0.9875414397573888,2.3185670275837323e-4,0.853333333333313,130.163482666016,0.5398762052136651,0.5677181287941911,normal_flow,2356000.csv
2356000,2019-07-28,daytime,6,0.985720164551534,3.0441462360894766e-4,1.003676470588274,122.925773620605,0.577490774907749,0.5706622227512598,normal_flow,2356000.csv
2356000,2019-07-28,nighttime,6,0.992528870432738,8.351815459412348e-5,1.1748071979434134,122.925773620605,0.577490774907749,0.5706622227512598,normal_flow,2356000.csv
2356000,2019-07-29,daytime,6,0.9915860628280702,1.0589367854066002e-4,1.013414634146331,120.993339538574,0.5893941197476491,0.5731777962940919,normal_flow,2356000.csv
2356000,2019-07-29,nighttime,6,0.9620113505096052,0.0021372948130171,0.925465838509297,120.993339538574,0.5893941197476491,0.5731777962940919,normal_flow,2356000.csv
2356000,2019-07-30,daytime,6,0.9931981510023584,6.924038039872812e-5,0.8491110043248522,119.922653198242,0.5955838590643971,0.5841566480180931,normal_flow,2356000.csv
2356000,2019-07-30,nighttime,6,0.9877060262388568,2.2578361965411788e-4,0.8614900314795492,119.922653198242,0.5955838590643971,0.5841566480180931,normal_flow,2356000.csv
2356000,2019-07-31,daytime,6,0.997430661514023,9.89376963894756e-6,0.7971698113207486,111.855010986328,0.6448637067015831,0.6018053406340516,normal_flow,2356000.csv
2356000,2019-07-31,nighttime,6,0.9855234488865828,3.1283886894888265e-4,0.8020698576972698,111.855010986328,0.6448637067015831,0.6018053406340516,normal_flow,2356000.csv
2356000,2019-08-01,daytime,6,0.9911560260236996,1.1697794395563584e-4,0.8065447545717114,103.19856262207,0.6892631829544101,0.6219973812641352,normal_flow,2356000.csv
2356000,2019-08-01,nighttime,6,0.9925232596048374,8.364348935407903e-5,0.6424581005586634,103.19856262207,0.6892631829544101,0.6219973812641352,normal_flow,2356000.csv
2356000,2019-08-02,daytime,6,0.9942096447103396,5.0195251434004025e-5,0.9417475728155332,96.9461517333984,0.7144982740149982,0.641078443042495,normal_flow,2356000.csv
2356000,2019-08-02,nighttime,6,0.9910407750419312,1.2004199953025952e-4,0.6678700361010826,96.9461517333984,0.7144982740149982,0.641078443042495,normal_flow,2356000.csv
2356000,2019-08-03,daytime,6,0.9921051272458254,9.324748388257645e-5,0.8144409937888151,94.1504364013672,0.7259850017855017,0.6579851604967663,normal_flow,2356000.csv
2356000,2019-08-03,nighttime,6,0.996230938273815,2.1281968125598692e-5,0.6878547105561896,94.1504364013672,0.7259850017855017,0.6579851604967663,normal_flow,2356000.csv
2356000,2019-08-04,daytime,6,0.9938712073115056,5.622804456644595e-5,0.9178335535006648,101.5146484375,0.6963456731341507,0.6727611792246955,normal_flow,2356000.csv
2356000,2019-08-04,nighttime,6,0.9802877600348664,5.790287904244172e-4,0.6522380718150537,101.5146484375,0.6963456731341507,0.6727611792246955,normal_flow,2356000.csv
2356000,2019-08-05,daytime,6,0.9893540607160212,1.6940075064620185e-4,1.1681997371879118,107.333824157715,0.6688489465539816,0.6849263976510733,normal_flow,2356000.csv
2356000,2019-08-05,nighttime,6,0.9940239780695156,5.346254681856229e-5,1.0680147058823288,107.333824157715,0.6688489465539816,0.6849263976510733,normal_flow,2356000.csv
2356000,2019-08-06,daytime,6,0.9934888698976616,6.34542037356183e-5,0.8938294010889335,111.529365539551,0.6465301749791691,0.6954410189263183,normal_flow,2356000.csv
2356000,2019-08-06,nighttime,6,0.9791090958453048,6.500861072419173e-4,0.9055118110236068,111.529365539551,0.6465301749791691,0.6954410189263183,normal_flow,2356000.csv
2356000,2019-08-07,daytime,6,0.9926108780261396,8.169696552511514e-5,1.1284542969936249,110.135643005371,0.6548029996428997,0.7041701384755783,normal_flow,2356000.csv
2356000,2019-08-07,nighttime,6,0.9815758016577952,5.060495697747174e-4,0.8231768231768176,110.135643005371,0.6548029996428997,0.7041701384755783,normal_flow,2356000.csv
2356000,2019-08-08,daytime,6,0.9962980904960794,2.053083523092356e-5,0.9899125756557104,105.933044433594,0.6758719200095227,0.7081537912153315,normal_flow,2356000.csv
2356000,2019-08-08,nighttime,6,0.9956816698009656,2.793169950351307e-5,1.4037267080745044,105.933044433594,0.6758719200095227,0.7081537912153315,normal_flow,2356000.csv
2356000,2019-08-09,daytime,6,0.9971087957385968,1.25265092437798e-5,1.164179104477665,98.3200988769531,0.7093798357338412,0.7068841010990755,normal_flow,2356000.csv
2356000,2019-08-09,nighttime,6,0.9922476342503668,8.991580668230218e-5,1.1716417910447583,98.3200988769531,0.7093798357338412,0.7068841010990755,normal_flow,2356000.csv
2356000,2019-08-10,daytime,6,0.9980613217304928,5.6340669136039325e-6,1.2018659881255462,90.5885467529297,0.7410427330079753,0.7045034321310956,normal_flow,2356000.csv
2356000,2019-08-10,nighttime,6,0.9973514643860292,1.0512821952161486e-5,1.6973684210526545,90.5885467529297,0.7410427330079753,0.7045034321310956,normal_flow,2356000.csv
2356000,2019-08-11,daytime,6,0.9977985584122144,7.2641831238608e-6,1.341810783316373,85.5012054443359,0.7615164861326033,0.700952267587192,normal_flow,2356000.csv
2356000,2019-08-11,nighttime,6,0.9839771776958042,3.830394756164157e-4,1.6437499999999894,85.5012054443359,0.7615164861326033,0.700952267587192,normal_flow,2356000.csv
2356000,2019-08-12,daytime,6,0.9922883922330424,8.897404113331411e-5,1.4056291390729052,85.8357772827148,0.7599690513034163,0.6982581438717613,normal_flow,2356000.csv
2356000,2019-08-12,nighttime,6,0.9851749635707268,3.280434218014038e-4,1.4445688689809355,85.8357772827148,0.7599690513034163,0.6982581438717613,normal_flow,2356000.csv
2356000,2019-08-13,daytime,6,0.9832130225707764,4.2033860977696295e-4,1.018007202881164,89.1515808105469,0.7471134388763242,0.6973058762845693,normal_flow,2356000.csv
2356000,2019-08-13,nighttime,6,0.9865981743023052,2.682098542466754e-4,1.1118644067796557,89.1515808105469,0.7471134388763242,0.6973058762845693,normal_flow,2356000.csv
2356000,2019-08-14,daytime,6,0.997070216340532,1.2862874344115137e-5,1.4216417910447905,94.1061782836914,0.7265206523032972,0.6975558465262072,normal_flow,2356000.csv
2356000,2019-08-14,nighttime,6,0.9811728755453007,5.283541857904584e-4,1.0583153347731775,94.1061782836914,0.7265206523032972,0.6975558465262072,normal_flow,2356000.csv
2356000,2019-08-15,daytime,6,0.9984164677317654,3.75937625428638e-6,0.8860759493671043,99.5507659912109,0.7046184977978812,0.6940562631432766,normal_flow,2356000.csv
2356000,2019-08-15,nighttime,6,0.9789764456273856,6.583386589869263e-4,1.1144578313253048,99.5507659912109,0.7046184977978812,0.6940562631432766,normal_flow,2356000.csv
2356000,2019-08-16,daytime,6,0.9925293516559112,8.350740938807037e-5,1.032886415380728,107.038818359375,0.6702178312105702,0.686271475617982,normal_flow,2356000.csv
2356000,2019-08-16,nighttime,6,0.9933581768715204,6.602422362839373e-5,0.8525411596277849,107.038818359375,0.6702178312105702,0.686271475617982,normal_flow,2356000.csv
2356000,2019-08-17,daytime,6,0.9934646503606273,6.392662737422445e-5,1.062015503875978,105.40754699707,0.6787882394952982,0.6756695631472444,normal_flow,2356000.csv
2356000,2019-08-17,nighttime,6,0.994582262210374,4.394831373350692e-5,0.8836898395722028,105.40754699707,0.6787882394952982,0.6756695631472444,normal_flow,2356000.csv
2356000,2019-08-18,daytime,6,0.3693094262710245,0.47122081578865543,2.411764705881842,106.481231689453,0.6727175336269492,0.6660159504820855,normal_flow,2356000.csv
2356000,2019-08-18,nighttime,6,0.9881272071085176,2.1060800306102825e-4,0.9047619047619034,106.481231689453,0.6727175336269492,0.6660159504820855,normal_flow,2356000.csv
2356000,2019-08-19,daytime,6,0.8844928412411834,0.01924231289097434,0.3437500000000082,109.925994873047,0.6559338174026902,0.6616037773280958,normal_flow,2356000.csv
2356000,2019-08-19,nighttime,6,0.939336436627726,0.00540847886476223,0.6666666666666442,109.925994873047,0.6559338174026902,0.6616037773280958,normal_flow,2356000.csv
2356000,2019-08-20,daytime,6,0.9800272419031802,5.943829218794958e-4,0.8177676537585414,110.194847106934,0.6545649327461016,0.6608618021664088,normal_flow,2356000.csv
2356000,2019-08-20,nighttime,6,0.9853961091468832,3.1835312968167643e-4,0.455847255369931,110.194847106934,0.6545649327461016,0.6608618021664088,normal_flow,2356000.csv
2356000,2019-08-21,daytime,6,0.984620048318532,3.52995361294593e-4,0.6993736951983414,110.916549682617,0.6502797286037376,0.6610919334999802,normal_flow,2356000.csv
2356000,2019-08-21,nighttime,6,0.967762076423454,0.00154217340027694,0.5244755244755122,110.916549682617,0.6502797286037376,0.6610919334999802,normal_flow,2356000.csv
2356000,2019-08-22,daytime,6,0.9863861117813184,2.7674534356260383e-4,0.4545203207077725,118.907104492188,0.6023092488989406,0.6624727215014086,normal_flow,2356000.csv
2356000,2019-08-22,nighttime,6,0.7529714661891065,0.08399742174457163,0.670050761421327,118.907104492188,0.6023092488989406,0.6624727215014086,normal_flow,2356000.csv
2356000,2019-08-23,daytime,6,0.9901097209776124,1.462427069377207e-4,0.5747947161728053,126.187767028809,0.5591001071301036,0.6661349839304844,normal_flow,2356000.csv
2356000,2019-08-23,nighttime,6,0.9508699302171064,0.0035613514444007,0.3205200678349336,126.187767028809,0.5591001071301036,0.6661349839304844,normal_flow,2356000.csv
2356000,2019-08-24,daytime,6,0.9932075861340076,6.904863877785439e-5,0.7835051546391852,127.761901855469,0.550351148672777,0.6736182200531683,normal_flow,2356000.csv
2356000,2019-08-24,nighttime,6,0.9787156665807584,6.747131289687643e-4,0.5926210607225127,127.761901855469,0.550351148672777,0.6736182200531683,normal_flow,2356000.csv
2356000,2019-08-25,daytime,6,0.995986289649138,2.413247599337438e-5,0.7966298663567805,119.786804199219,0.59623854303059165,0.680228544220926,normal_flow,2356000.csv
2356000,2019-08-25,nighttime,6,0.9909737562151916,1.2184191736735812e-4,0.6376811594202801,119.786804199219,0.59623854303059165,0.680228544220926,normal_flow,2356000.csv
2356000,2019-08-26,daytime,6,0.9467979109102496,0.00417040017198428,1.023696682464475,101.746589660645,0.6953338888227591,0.6865928659286593,normal_flow,2356000.csv
2356000,2019-08-26,nighttime,6,0.991195842347946,1.1592856876225349e-4,0.5390243902438963,101.746589660645,0.6953338888227591,0.6865928659286593,normal_flow,2356000.csv
2356000,2019-08-27,daytime,6,0.9885645989570232,1.9540490098876823e-4,0.3782051282051481,88.6081085205078,0.7488394238781098,0.6932389001309368,normal_flow,2356000.csv
2356000,2019-08-27,nighttime,6,0.8791211959981527,0.02103440636622173,0.3154506437768331,88.6081085205078,0.7488394238781098,0.6932389001309368,normal_flow,2356000.csv
2356000,2019-08-28,daytime,6,0.9602318803498632,0.0023408083037252,0.3688181056161064,88.1803512573242,0.7505654088798952,0.7000317422529064,normal_flow,2356000.csv
2356000,2019-08-28,nighttime,6,0.9533863213904727,0.0032086106333066,0.55991041433369,88.1803512573242,0.7505654088798952,0.7000317422529064,normal_flow,2356000.csv
2356000,2019-08-29,daytime,6,0.9951881332882846,3.46753847486842e-5,0.5787815126050597,89.0687942504883,0.7472324723247232,0.7079117565369202,normal_flow,2356000.csv
2356000,2019-08-29,nighttime,6,0.7520710469952282,0.08458320524109929,0.22624434389141437,89.0687942504883,0.7472324723247232,0.7079117565369202,normal_flow,2356000.csv
2356000,2019-08-30,daytime,6,0.9962985569467356,2.0525664870181115e-5,0.4705035971223172,85.9408416748047,0.7595524342340197,0.7202198151013768,normal_flow,2356000.csv
2356000,2019-08-30,nighttime,6,0.949871380291954,0.00370633420505458,0.380952380952382,85.9408416748047,0.7595524342340197,0.7202198151013768,normal_flow,2356000.csv
2356000,2019-08-31,daytime,6,0.9555960679510378,0.00291378795185748,0.5602678571428653,80.790412902832,0.7824663730508273,0.7356743244851803,normal_flow,2356000.csv
2356000,2019-08-31,nighttime,6,0.9192438225556984,0.00951901215694593,0.4725643896976396,80.790412902832,0.7824663730508273,0.7356743244851803,normal_flow,2356000.csv
2356000,2019-09-01,daytime,6,0.9856450081869664,3.076196485645348e-4,0.45444685466378865,81.9192962646484,0.7779431020116653,0.7518231956513114,low_flow,2356000.csv
2356000,2019-09-01,nighttime,6,0.8987856028594482,0.01484809321614507,0.3353658536585256,81.9192962646484,0.7779431020116653,0.7518231956513114,low_flow,2356000.csv
2356000,2019-09-02,daytime,6,0.9701352566765198,0.00132453611516996,0.609723160027008,83.8644332885742,0.7681823592429473,0.76587707812562,low_flow,2356000.csv
2356000,2019-09-02,nighttime,6,0.9781066550145894,7.137308887378733e-4,0.3133514986375907,83.8644332885742,0.7681823592429473,0.76587707812562,low_flow,2356000.csv
2356000,2019-09-03,daytime,6,0.980087459654202,5.908161411858372e-4,0.468571428571429,87.0735015869141,0.7556243304368527,0.7754791096298059,low_flow,2356000.csv
2356000,2019-09-03,nighttime,6,0.9169493006161804,0.01005971028004625,0.6190476190475765,87.0735015869141,0.7556243304368527,0.7754791096298059,low_flow,2356000.csv
2356000,2019-09-04,daytime,6,0.9804252376522236,5.710067376846361e-4,0.4670571010249035,86.8146209716797,0.7564575645756457,0.7838669999603222,low_flow,2356000.csv
2356000,2019-09-04,nighttime,6,0.8899438184514796,0.01750202442956654,0.9999999999999803,86.8146209716797,0.7564575645756457,0.7838669999603222,low_flow,2356000.csv
2356000,2019-09-05,daytime,6,0.9313352327457776,0.00691040334517281,0.44868735083533967,83.8083801269531,0.7684799428639447,0.7941554576836091,low_flow,2356000.csv
2356000,2019-09-05,nighttime,6,0.9910609071962588,1.1950392048739664e-4,0.7213352685050581,83.8083801269531,0.7684799428639447,0.7941554576836091,low_flow,2356000.csv
2356000,2019-09-06,daytime,6,0.97200757677902,0.00116439654455491,0.6221374045801682,79.9513168334961,0.7869301273657898,0.8054318930286077,low_flow,2356000.csv
2356000,2019-09-06,nighttime,6,0.8192166323313125,0.04606970143986275,0.3388157894736754,79.9513168334961,0.7869301273657898,0.8054318930286077,low_flow,2356000.csv
2356000,2019-09-07,daytime,6,0.9891649407546032,1.754617533775268e-4,0.5980295566502444,79.0990753173828,0.7909177478871563,0.8160060310280522,low_flow,2356000.csv
2356000,2019-09-07,nighttime,6,0.8695819912499189,0.02440415487856373,0.21604938271605403,79.0990753173828,0.7909177478871563,0.8160060310280522,low_flow,2356000.csv
2356000,2019-09-08,daytime,6,0.9958988171706472,2.51950605660215e-5,0.7723315059658277,78.7826385498047,0.7925842161647423,0.8248660873705511,low_flow,2356000.csv
2356000,2019-09-08,nighttime,6,0.949779672386785,0.00371979208365131,0.3689530685920603,78.7826385498047,0.7925842161647423,0.8248660873705511,low_flow,2356000.csv
2356000,2019-09-09,daytime,6,0.9993635046956448,6.075604782140502e-7,0.9479015918958106,75.2807083129883,0.8070467801452208,0.8335872713565845,low_flow,2356000.csv
2356000,2019-09-09,nighttime,6,0.9906039651374188,1.3201344002592615e-4,0.7768595041322401,75.2807083129883,0.8070467801452208,0.8335872713565845,low_flow,2356000.csv
2356000,2019-09-10,daytime,6,0.9590306689562044,0.0024833459032057,0.8976660682226477,67.4165725708008,0.8393643613855494,0.842772685791374,low_flow,2356000.csv
2356000,2019-09-10,nighttime,6,0.9891896458911862,1.7466396464472524e-4,1.034610630407914,67.4165725708008,0.8393643613855494,0.842772685791374,low_flow,2356000.csv
2356000,2019-09-11,daytime,6,0.9827906378276512,4.416948387492225e-4,0.8813936249073722,58.0612030029297,0.8746577788358528,0.8533666626988851,low_flow,2356000.csv
2356000,2019-09-11,nighttime,6,0.959836449967468,0.00238727199964133,0.8801571709233558,58.0612030029297,0.8746577788358528,0.8533666626988851,low_flow,2356000.csv
2356000,2019-09-12,daytime,6,0.987911266297093,2.1832291525448048e-4,0.8668478260869649,49.2765121459961,0.9048922747291988,0.8642542554457803,low_flow,2356000.csv
2356000,2019-09-12,nighttime,6,0.959067943763486,0.00247886037807435,0.5660377358490734,49.2765121459961,0.9048922747291988,0.8642542554457803,low_flow,2356000.csv
2356000,2019-09-13,daytime,6,0.993148742745935,7.024879087306887e-5,1.1558044806517604,46.150276184082,0.9163790024997024,0.8758004999404833,low_flow,2356000.csv
2356000,2019-09-13,nighttime,6,0.9906963750368571,1.294335072142945e-4,0.9320148331273188,46.150276184082,0.9163790024997024,0.8758004999404833,low_flow,2356000.csv
2356000,2019-09-14,daytime,6,0.991144420784543,1.1728469191889085e-4,1.2397790055249451,45.7458953857422,0.9181645042256874,0.8867515771931913,low_flow,2356000.csv
2356000,2019-09-14,nighttime,6,0.98187453612953,4.898212593391113e-4,1.0499468650371684,45.7458953857422,0.9181645042256874,0.8867515771931913,low_flow,2356000.csv
2356000,2019-09-15,daytime,6,0.989509530177476,1.6449769776898028e-4,1.8775510204081645,46.458927154541,0.9153672181883108,0.8976709121929929,low_flow,2356000.csv
2356000,2019-09-15,nighttime,6,0.9154172965460298,0.01042878837063232,0.937499999999996,46.458927154541,0.9153672181883108,0.8976709121929929,low_flow,2356000.csv
2356000,2019-09-16,daytime,6,0.9899604294824214,1.506835051701457e-4,1.215291750503054,48.2473678588867,0.9087608618021664,0.9083640836408364,low_flow,2356000.csv
2356000,2019-09-16,nighttime,6,0.9785382171568212,6.859694484578992e-4,1.3709677419354338,48.2473678588867,0.9087608618021664,0.9083640836408364,low_flow,2356000.csv
2356000,2019-09-17,daytime,6,0.9904655421369442,1.3592546094025603e-4,0.972282373321779,49.0604057312012,0.90596357576479,0.9175693369836924,low_flow,2356000.csv
2356000,2019-09-17,nighttime,6,0.9927289595053208,7.910984201985104e-5,1.0801886792452624,49.0604057312012,0.90596357576479,0.9175693369836924,low_flow,2356000.csv
2356000,2019-09-18,daytime,6,0.9976737441652194,8.110905085855025e-6,1.0011702750146425,46.6461067199707,0.914533984049518,0.9234416537713764,low_flow,2356000.csv
2356000,2019-09-18,nighttime,6,0.9678188265723447,0.00153677802387002,1.4221105527638105,46.6461067199707,0.914533984049518,0.9234416537713764,low_flow,2356000.csv
2356000,2019-09-19,daytime,6,0.9866323393747944,2.668471631688415e-4,1.3103448275862457,45.1263160705566,0.919771455779074,0.9262191009006864,low_flow,2356000.csv
2356000,2019-09-19,nighttime,6,0.9862966108269988,2.803876813331973e-4,1.4413223140495608,45.1263160705566,0.919771455779074,0.9262191009006864,low_flow,2356000.csv
2356000,2019-09-20,daytime,6,0.9705050024410228,0.00129210266296029,1.6349614395887655,38.5930099487305,0.94167361028449,0.92699281831528,low_flow,2356000.csv
2356000,2019-09-20,nighttime,6,0.9954209647255068,3.140334045988719e-5,1.085836909871201,38.5930099487305,0.94167361028449,0.92699281831528,low_flow,2356000.csv
2356000,2019-09-21,daytime,6,0.9546502143359068,0.00303827133569025,2.073684210526332,35.4129409790039,0.95119628615641,0.9274887910169424,low_flow,2356000.csv
2356000,2019-09-21,nighttime,6,0.8995981688824408,0.01461473981819638,2.0384615384615343,35.4129409790039,0.95119628615641,0.9274887910169424,low_flow,2356000.csv
2356000,2019-09-22,daytime,6,0.9499978291088584,0.00368781749954512,2.036065573770511,33.9035720825195,0.9547077728841804,0.9289687735587032,low_flow,2356000.csv
2356000,2019-09-22,nighttime,6,0.9231861823449944,0.00862392918634031,1.2499999999999931,33.9035720825195,0.9547077728841804,0.9289687735587032,low_flow,2356000.csv
2356000,2019-09-23,daytime,6,0.9814317779886176,5.139673377068857e-4,1.180473372781074,34.6050682067871,0.952981787882395,0.9319366742054518,low_flow,2356000.csv
2356000,2019-09-23,nighttime,6,0.9695337763670048,0.00137814693970732,1.4645161290322188,34.6050682067871,0.952981787882395,0.9319366742054518,low_flow,2356000.csv
2356000,2019-09-24,daytime,6,0.9813957070954948,5.159599154408644e-4,1.3255813953488742,37.5238494873047,0.9451255802880608,0.93573384120938,low_flow,2356000.csv
2356000,2019-09-24,nighttime,6,0.9885560536163333,1.9569649127292255e-4,1.3277310924369536,37.5238494873047,0.9451255802880608,0.93573384120938,low_flow,2356000.csv
2356000,2019-09-25,daytime,6,0.9907555492236216,1.277947904538108e-4,0.9910714285714548,43.0733413696289,0.9274491132008096,0.940153949926596,low_flow,2356000.csv
2356000,2019-09-25,nighttime,6,0.9353177151758924,0.00614038814912726,1.453924914675751,43.0733413696289,0.9274491132008096,0.940153949926596,low_flow,2356000.csv
2356000,2019-09-26,daytime,6,0.9789215676140768,6.617678907307463e-4,1.1360946745562004,46.1883430480957,0.9163194857755028,0.9444748641034796,low_flow,2356000.csv
2356000,2019-09-26,nighttime,6,0.9993085930826298,7.169000267809553e-7,1.2861150070125822,46.1883430480957,0.9163194857755028,0.9444748641034796,low_flow,2356000.csv
2356000,2019-09-27,daytime,6,0.9762662650190146,8.382507743424355e-4,0.9676840215440072,46.1421813964844,0.9164980359481014,0.94880371384359,low_flow,2356000.csv
2356000,2019-09-27,nighttime,6,0.9693766753466668,0.00139232292584881,1.610687022900729,46.1421813964844,0.9164980359481014,0.94880371384359,low_flow,2356000.csv
2356000,2019-09-28,daytime,6,0.9702200862279032,0.00131705983844055,0.6433189655172531,44.1129608154297,0.92381859302464,0.951819227869698,low_flow,2356000.csv
2356000,2019-09-28,nighttime,6,0.9452241801486868,0.00441841123745226,1.1809954751130245,44.1129608154297,0.92381859302464,0.951819227869698,low_flow,2356000.csv
2356000,2019-09-29,daytime,6,0.9978373587738852,7.0104682543683106e-6,0.797037037037045,39.0407524108887,0.9403642423521008,0.9541959290560648,low_flow,2356000.csv
2356000,2019-09-29,nighttime,6,0.8899168516827379,0.01751043903216369,0.6959578207380893,39.0407524108887,0.9403642423521008,0.9541959290560648,low_flow,2356000.csv
2356000,2019-09-30,daytime,6,0.9795215744671824,6.247548916516845e-4,0.7407249466950959,32.2564888000488,0.959885727889537,0.9561798198627148,low_flow,2356000.csv
2356000,2019-09-30,nighttime,6,0.876179978929907,0.02204792943866253,0.8243243243242803,32.2564888000488,0.959885727889537,0.9561798198627148,low_flow,2356000.csv
2356000,2019-10-01,daytime,6,0.9616653700952704,0.00217614856509089,0.9312977099236912,30.2446556091309,0.965718366861088,0.9581518073245248,low_flow,2356000.csv
2356000,2019-10-01,nighttime,6,0.9440252261610266,0.00461207356990166,0.6070381231671298,30.2446556091309,0.965718366861088,0.9581518073245248,low_flow,2356000.csv
2356000,2019-10-02,daytime,6,0.9957179548370062,2.746460856784994e-5,0.8370672097759707,27.9977741241455,0.9722652065230328,0.9605205729476648,low_flow,2356000.csv
2356000,2019-10-02,nighttime,6,0.9842962048934002,3.6797742110215e-4,0.8586118251927737,27.9977741241455,0.9722652065230328,0.9605205729476648,low_flow,2356000.csv
2356000,2019-10-03,daytime,6,0.994361685765872,4.759625844342303e-5,0.9295039164491012,23.4782295227051,0.9793476967027734,0.9638614450660636,low_flow,2356000.csv
2356000,2019-10-03,nighttime,6,0.9139823473630804,0.01078033096919351,0.7692307692307759,23.4782295227051,0.9793476967027734,0.9638614450660636,low_flow,2356000.csv
2356000,2019-10-04,daytime,6,0.9930715947100196,7.183790836709003e-5,1.1005154639175323,20.2934036254883,0.9847042018807284,0.9675871920009522,low_flow,2356000.csv
2356000,2019-10-04,nighttime,6,0.8825226081218311,0.01989075732623793,0.4615384615384515,20.2934036254883,0.9847042018807284,0.9675871920009522,low_flow,2356000.csv
2356000,2019-10-05,daytime,6,0.9869504210917766,2.5432614827642784e-4,0.8537313432835857,18.9819145202637,0.98690632067611,0.970705868349006,low_flow,2356000.csv
2356000,2019-10-05,nighttime,6,0.948029851919476,0.00398116144715741,1.3174603174602717,18.9819145202637,0.98690632067611,0.970705868349006,low_flow,2356000.csv
2356000,2019-10-06,daytime,6,0.918774730521386,0.00962837294184052,2.103448275862042,19.0892391204834,0.9868468039519104,0.9729595683053603,low_flow,2356000.csv
2356000,2019-10-06,nighttime,6,0.948542240388882,0.00390372400910487,1.0423728813559423,19.0892391204834,0.9868468039519104,0.9729595683053603,low_flow,2356000.csv
2356000,2019-10-07,daytime,6,0.756963899157281,0.08142216791619007,3.6896551724135818,20.3582935333252,0.9844661349839304,0.9741895806054834,low_flow,2356000.csv
2356000,2019-10-07,nighttime,6,0.7813743542196626,0.06647091558328398,0.5873605947955762,20.3582935333252,0.9844661349839304,0.9741895806054834,low_flow,2356000.csv
2356000,2019-10-09,daytime,6,0.9630797563078836,0.00201949351822048,1.3025210084033332,22.4822368621826,0.9806570646351624,0.975320398365274,low_flow,2356000.csv
2356000,2019-10-09,nighttime,6,0.9068453126375104,0.01261250499007567,0.52631578947369,22.4822368621826,0.9806570646351624,0.975320398365274,low_flow,2356000.csv
2356000,2019-10-10,daytime,6,0.9769855773401191,7.884005239928868e-4,0.8307692307692336,24.7198390960693,0.9775621949767884,0.9750069436178233,low_flow,2356000.csv
2356000,2019-10-10,nighttime,6,0.6836124876008479,0.1343162246382778,0.4228187919463317,24.7198390960693,0.9775621949767884,0.9750069436178233,low_flow,2356000.csv
2356000,2019-10-11,daytime,6,0.9952574886409142,3.368378809341928e-5,1.1564245810056273,28.0562286376953,0.9722056897988336,0.972531047891124,low_flow,2356000.csv
2356000,2019-10-11,nighttime,6,0.9557754224773692,0.00289047237807955,0.7736842105263153,28.0562286376953,0.9722056897988336,0.972531047891124,low_flow,2356000.csv
2356000,2019-10-12,daytime,6,0.9707031338112744,0.00127488670930699,0.7354260089686049,31.1574935913086,0.9632781811689084,0.96548029996429,low_flow,2356000.csv
2356000,2019-10-12,nighttime,6,0.878744851119473,0.0211628209187906,0.5181818181818377,31.1574935913086,0.9632781811689084,0.96548029996429,low_flow,2356000.csv
2356000,2019-10-13,daytime,6,0.9516386619981606,0.00345167431157789,0.8794926004228538,33.0850296020508,0.957624092369956,0.9538308931476412,low_flow,2356000.csv
2356000,2019-10-13,nighttime,6,0.9353349587973896,0.00613715071152603,0.6980198019801988,33.0850296020508,0.957624092369956,0.9538308931476412,low_flow,2356000.csv
2356000,2019-10-14,daytime,6,0.9902483264817412,1.4217903624835507e-4,0.5537459283387587,32.6305656433105,0.958814426853946,0.9392373923739236,low_flow,2356000.csv
2356000,2019-10-14,nighttime,6,0.6324555320336739,0.17780780835622295,1.599999999999722,32.6305656433105,0.958814426853946,0.9392373923739236,low_flow,2356000.csv
2356000,2019-10-15,daytime,6,NA,NA,NA,28.865291595459,0.9700630877276516,0.9210570170217832,low_flow,2356000.csv
2356000,2019-10-15,nighttime,6,NA,NA,NA,28.865291595459,0.9700630877276516,0.9210570170217832,low_flow,2356000.csv
2356000,2019-10-16,daytime,6,0.7905694150420927,0.0611988196375136,1.333333333333465,27.8848762512207,0.972503273419831,0.8985477919295322,low_flow,2356000.csv
2356000,2019-10-16,nighttime,6,0.8221921916437805,0.04461267330992833,0.8124999999999701,27.8848762512207,0.972503273419831,0.8985477919295322,low_flow,2356000.csv
2356000,2019-10-17,daytime,6,0.8972593418794343,0.01529121740089673,0.7557840616966446,29.6359062194824,0.9675633853112724,0.8745863587668135,low_flow,2356000.csv
2356000,2019-10-17,nighttime,6,0.9113223768657688,0.01144691323035393,0.35593220338983084,29.6359062194824,0.9675633853112724,0.8745863587668135,low_flow,2356000.csv
2356000,2019-10-18,daytime,6,NA,NA,NA,38.3750495910645,0.9422092608022854,0.8491965242233067,low_flow,2356000.csv
2356000,2019-10-18,nighttime,6,0.6492410524782873,0.16297049967341332,0.1832669322709248,38.3750495910645,0.9422092608022854,0.8491965242233067,low_flow,2356000.csv
2356000,2019-10-19,daytime,6,0.9135002783911372,0.01089969856959417,0.8800000000000172,56.9461860656738,0.8789429829782168,0.8224338372415982,low_flow,2356000.csv
2356000,2019-10-19,nighttime,6,0.7406560798180462,0.09216726216588324,0.18285714285715413,56.9461860656738,0.8789429829782168,0.8224338372415982,low_flow,2356000.csv
2356000,2019-10-20,daytime,6,0.9587829101778736,0.00251326194463442,0.5598086124401974,73.8454742431641,0.8121652184263778,0.7982700472166012,low_flow,2356000.csv
2356000,2019-10-20,nighttime,6,0.9420827989088862,0.00493446448047846,0.4299999999999996,73.8454742431641,0.8121652184263778,0.7982700472166012,low_flow,2356000.csv
2356000,2019-10-21,daytime,6,0.7620366749412129,0.07820229575244739,0.1804878048780548,83.9488906860352,0.7679442923461492,0.7782922667936357,low_flow,2356000.csv
2356000,2019-10-21,nighttime,6,NA,NA,1.0348723553290835e-14,83.9488906860352,0.7679442923461492,0.7782922667936357,low_flow,2356000.csv
2356000,2019-10-22,daytime,6,0.9247217115989216,0.00828693677523504,0.3229268292682965,97.8044967651367,0.7117605047018212,0.7607507042812364,low_flow,2356000.csv
2356000,2019-10-22,nighttime,6,0.8320502943378396,0.03994196807172072,0.923076923076944,97.8044967651367,0.7117605047018212,0.7607507042812364,low_flow,2356000.csv
2356000,2019-10-23,daytime,6,0.8555183532243663,0.02980439607686092,0.4603960396039873,111.852500915527,0.6449232234257827,0.7442209260802285,normal_flow,2356000.csv
2356000,2019-10-23,nighttime,6,NA,NA,1.9114957062437253e-14,111.852500915527,0.6449232234257827,0.7442209260802285,normal_flow,2356000.csv
2356000,2019-10-24,daytime,6,NA,NA,-1.3923737144427786e-14,115.979911804199,0.6212355671943817,0.7292941316509939,normal_flow,2356000.csv
2356000,2019-10-24,nighttime,6,0.7592566023652974,0.07995964654558123,0.08235294117646881,115.979911804199,0.6212355671943817,0.7292941316509939,normal_flow,2356000.csv
2356000,2019-10-25,daytime,6,0.7870082734456438,0.06321697788597205,0.35393258426963925,119.685195922852,0.5967146768241876,0.7144625639804785,normal_flow,2356000.csv
2356000,2019-10-25,nighttime,6,NA,NA,2.4863816329340143e-14,119.685195922852,0.5967146768241876,0.7144625639804785,normal_flow,2356000.csv
2356000,2019-10-26,daytime,6,0.7445325598976911,0.08955905536224802,0.23588456712672415,124.040168762207,0.5707653850732056,0.6994722850454311,normal_flow,2356000.csv
2356000,2019-10-26,nighttime,6,NA,NA,NA,124.040168762207,0.5707653850732056,0.6994722850454311,normal_flow,2356000.csv
2356000,2019-10-27,daytime,6,0.931034482758622,0.0069703554881296,0.15517241379309815,119.071258544922,0.6008213307939531,0.6868388683886839,normal_flow,2356000.csv
2356000,2019-10-27,nighttime,6,NA,NA,-1.1301734695149988e-14,119.071258544922,0.6008213307939531,0.6868388683886839,normal_flow,2356000.csv
2356000,2019-10-28,daytime,6,0.6616931598844267,0.15231741139130173,0.16216216216215304,109.530647277832,0.6579573860254732,0.6781652977820101,normal_flow,2356000.csv
2356000,2019-10-28,nighttime,6,0.858695652173917,0.02853967185830368,0.4293478260869667,109.530647277832,0.6579573860254732,0.6781652977820101,normal_flow,2356000.csv
2356000,2019-10-29,daytime,6,NA,NA,-3.729572449400427e-14,101.602493286133,0.6956909891679562,0.6733999920644368,normal_flow,2356000.csv
2356000,2019-10-29,nighttime,6,NA,NA,1.8320706768984507e-14,101.602493286133,0.6956909891679562,0.6733999920644368,normal_flow,2356000.csv
2356000,2019-10-30,daytime,6,0.8146583796656446,0.04834389150291159,0.31976744186045636,95.1567916870117,0.7221164147125342,0.6734595087886363,normal_flow,2356000.csv
2356000,2019-10-30,nighttime,6,0.8783100656536743,0.02131164112875862,0.7200000000000083,95.1567916870117,0.7221164147125342,0.6734595087886363,normal_flow,2356000.csv
2356000,2019-10-31,daytime,6,0.8409178658720856,0.03594773233950429,0.28571428571428764,88.7047729492188,0.7486013569813117,0.6796333769789311,normal_flow,2356000.csv
2356000,2019-10-31,nighttime,6,NA,NA,6.526751786449976e-14,88.7047729492188,0.7486013569813117,0.6796333769789311,normal_flow,2356000.csv
2356000,2019-11-01,daytime,6,0.5587376953346003,0.2491090063447864,0.64935064935066,89.6063995361328,0.7450898702535412,0.6887791135975876,normal_flow,2356000.csv
2356000,2019-11-01,nighttime,6,NA,NA,6.680090221070574e-15,89.6063995361328,0.7450898702535412,0.6887791135975876,normal_flow,2356000.csv
2356000,2019-11-02,daytime,6,0.8624270306440966,0.02708760769489497,1.307692307692379,96.2744979858398,0.7173550767765742,0.6999087410228941,normal_flow,2356000.csv
2356000,2019-11-02,nighttime,6,NA,NA,-0,96.2744979858398,0.7173550767765742,0.6999087410228941,normal_flow,2356000.csv
2356000,2019-11-04,daytime,6,0.7951465679458842,0.05864906310922326,0.45161290322580683,104.704124450684,0.6820616593262707,0.7244812125540611,normal_flow,2356000.csv
2356000,2019-11-04,nighttime,6,0.7661539466182393,0.0756321489581586,0.2111111111111027,104.704124450684,0.6820616593262707,0.7244812125540611,normal_flow,2356000.csv
2356000,2019-11-05,daytime,6,NA,NA,-2.96032534595604e-14,101.503524780273,0.6964647065825497,0.733103201999762,normal_flow,2356000.csv
2356000,2019-11-05,nighttime,6,NA,NA,4.09521680718461e-14,101.503524780273,0.6964647065825497,0.733103201999762,normal_flow,2356000.csv
2356000,2019-11-06,daytime,6,NA,NA,-2.5243416578638115e-14,97.5975570678711,0.7126532555648137,0.7409038606515097,normal_flow,2356000.csv
2356000,2019-11-06,nighttime,6,NA,NA,-3.48093428610649e-14,97.5975570678711,0.7126532555648137,0.7409038606515097,normal_flow,2356000.csv
2356000,2019-11-07,daytime,6,NA,NA,NA,91.3581161499023,0.7375312462802047,0.7484148712454867,normal_flow,2356000.csv
2356000,2019-11-07,nighttime,6,NA,NA,NA,91.3581161499023,0.7375312462802047,0.7484148712454867,normal_flow,2356000.csv
2356000,2019-11-08,daytime,6,NA,NA,0,86.2561492919922,0.7584216164742292,0.7549498075625918,low_flow,2356000.csv
2356000,2019-11-08,nighttime,6,NA,NA,NA,86.2561492919922,0.7584216164742292,0.7549498075625918,low_flow,2356000.csv
2356000,2019-11-09,daytime,6,NA,NA,0,84.8924331665039,0.7636590882037853,0.7633694401460144,low_flow,2356000.csv
2356000,2019-11-09,nighttime,6,0.5976143046671905,0.21029538311835305,0.08928571428570688,84.8924331665039,0.7636590882037853,0.7633694401460144,low_flow,2356000.csv
2356000,2019-11-10,daytime,6,0.387298334620744,0.4480998731654403,0.08333333333332911,83.7023315429688,0.7689560766575407,0.7752132682617149,low_flow,2356000.csv
2356000,2019-11-10,nighttime,6,NA,NA,-0,83.7023315429688,0.7689560766575407,0.7752132682617149,low_flow,2356000.csv
2356000,2019-11-11,daytime,6,NA,NA,0,83.2662734985352,0.7712177121771218,0.7898980280125382,low_flow,2356000.csv
2356000,2019-11-11,nighttime,6,NA,NA,2.3692222889732535e-14,83.2662734985352,0.7712177121771218,0.7898980280125382,low_flow,2356000.csv
2356000,2019-11-12,daytime,6,-0.9598937301359728,0.00238051359773847,-0.8791946308724101,79.8170547485352,0.7872872277109868,0.8054993453160338,low_flow,2356000.csv
2356000,2019-11-12,nighttime,6,NA,NA,5.876902041479342e-14,79.8170547485352,0.7872872277109868,0.8054993453160338,low_flow,2356000.csv
2356000,2019-11-13,daytime,6,NA,NA,-2.9294991516740475e-14,73.7745590209961,0.8127008689441733,0.8192199341348252,low_flow,2356000.csv
2356000,2019-11-13,nighttime,6,0.7788451745296197,0.06795590404883554,0.13345195729538317,73.7745590209961,0.8127008689441733,0.8192199341348252,low_flow,2356000.csv
2356000,2019-11-14,daytime,6,NA,NA,NA,68.3624038696289,0.8347815736221879,0.8292068404555013,low_flow,2356000.csv
2356000,2019-11-14,nighttime,6,-0.89090909090909,0.01720210368144281,-0.32396694214873506,68.3624038696289,0.8347815736221879,0.8292068404555013,low_flow,2356000.csv
2356000,2019-11-15,daytime,6,NA,NA,NA,65.5403060913086,0.8466254017378884,0.835035511645439,low_flow,2356000.csv
2356000,2019-11-15,nighttime,6,NA,NA,1.4503892858778873e-14,65.5403060913086,0.8466254017378884,0.835035511645439,low_flow,2356000.csv
2356000,2019-11-16,daytime,6,0.7907457305663577,0.06109967902269683,0.10780669144981392,58.9874992370605,0.8713843590048804,0.8395905249375074,low_flow,2356000.csv
2356000,2019-11-16,nighttime,6,NA,NA,2.2313681321198672e-14,58.9874992370605,0.8713843590048804,0.8395905249375074,low_flow,2356000.csv
2356000,2019-11-17,daytime,6,0.8150755078328613,0.04813366400634836,0.287553648068672,52.0886077880859,0.8950124985120819,0.8452128714835535,low_flow,2356000.csv
2356000,2019-11-17,nighttime,6,NA,NA,NA,52.0886077880859,0.8950124985120819,0.8452128714835535,low_flow,2356000.csv
2356000,2019-11-18,daytime,6,0.9906801321840804,1.298851425978174e-4,0.5476190476190398,48.0376052856445,0.9097131293893584,0.8514105463635282,low_flow,2356000.csv
2356000,2019-11-18,nighttime,6,NA,NA,3.6201716575511965e-14,48.0376052856445,0.9097131293893584,0.8514105463635282,low_flow,2356000.csv
2356000,2019-11-19,daytime,6,NA,NA,-1.6080402952124353e-14,46.3329849243164,0.9160814188787048,0.8561401420465817,low_flow,2356000.csv
2356000,2019-11-19,nighttime,6,0.8664002254439634,0.02558104515003593,3.39999999999927,46.3329849243164,0.9160814188787048,0.8561401420465817,low_flow,2356000.csv
2356000,2019-11-20,daytime,6,NA,NA,-2.524117610499131e-14,49.8959465026855,0.9022735388644209,0.8569852795302146,low_flow,2356000.csv
2356000,2019-11-20,nighttime,6,-0.9500097269993094,0.00368607756117714,-0.28242074927952804,49.8959465026855,0.9022735388644209,0.8569852795302146,low_flow,2356000.csv
2356000,2019-11-21,daytime,6,NA,NA,-2.0841262604716665e-14,60.9723510742188,0.8624568503749553,0.8537832797682815,low_flow,2356000.csv
2356000,2019-11-21,nighttime,6,NA,NA,1.5185283798454154e-14,60.9723510742188,0.8624568503749553,0.8537832797682815,low_flow,2356000.csv
2356000,2019-11-22,daytime,6,-0.789352217376329,0.06188524934890297,-0.20769230769232244,70.8930435180664,0.8249613141292703,0.848696583740031,low_flow,2356000.csv
2356000,2019-11-22,nighttime,6,NA,NA,3.0632221717744264e-14,70.8930435180664,0.8249613141292703,0.848696583740031,low_flow,2356000.csv
2356000,2019-11-23,daytime,6,-0.5995658858073245,0.20841691919368183,-0.076484947111486,70.470344543457,0.8267468158552553,0.8430385271594651,low_flow,2356000.csv
2356000,2019-11-23,nighttime,6,NA,NA,NA,70.470344543457,0.8267468158552553,0.8430385271594651,low_flow,2356000.csv
2356000,2019-11-24,daytime,6,-0.6230089579814,0.1863939618814338,-0.1132075471698328,65.2123107910156,0.8479942863944768,0.8368725945323969,low_flow,2356000.csv
2356000,2019-11-24,nighttime,6,-0.6324555320336758,0.17780780835622126,-3.2000000000016704,65.2123107910156,0.8479942863944768,0.8368725945323969,low_flow,2356000.csv
2356000,2019-11-25,daytime,6,0.9062182497729706,0.01278011898490843,0.6192893401015974,61.0953102111816,0.8619211998571599,0.8305400150775701,low_flow,2356000.csv
2356000,2019-11-25,nighttime,6,0.62283180963021,0.186556576147388,0.1140939597315502,61.0953102111816,0.8619211998571599,0.8305400150775701,low_flow,2356000.csv
2356000,2019-11-26,daytime,6,NA,NA,-1.0496505911823164e-14,66.6855926513672,0.8421616474229259,0.8246676982898862,low_flow,2356000.csv
2356000,2019-11-26,nighttime,6,0.8380406545796714,0.03722208036005977,0.6242774566474185,66.6855926513672,0.8421616474229259,0.8246676982898862,low_flow,2356000.csv
2356000,2019-11-27,daytime,6,0.6348110542727405,0.17569310863091964,0.1791044776119351,77.0246200561523,0.7999642899654803,0.8189183827322144,low_flow,2356000.csv
2356000,2019-11-27,nighttime,6,0.4399999999999997,0.3825920000000004,0.1760000000000414,77.0246200561523,0.7999642899654803,0.8189183827322144,low_flow,2356000.csv
2356000,2019-11-28,daytime,6,0.47781997902140527,0.3378160328312806,0.262135922330092,84.6973037719727,0.7646708725151767,0.8143554338769194,low_flow,2356000.csv
2356000,2019-11-28,nighttime,6,0.2927700218845639,0.57339225382535,0.1428571428571458,84.6973037719727,0.7646708725151767,0.8143554338769194,low_flow,2356000.csv
2356000,2019-11-29,daytime,6,-0.4399413450640533,0.3826629512810853,-0.06451612903227438,86.2535629272461,0.7584811331984288,0.8121493472999246,low_flow,2356000.csv
2356000,2019-11-29,nighttime,6,NA,NA,1.0290679766126221e-14,86.2535629272461,0.7584811331984288,0.8121493472999246,low_flow,2356000.csv
2356000,2019-11-30,daytime,6,NA,NA,0,85.4636764526367,0.7617545530294013,0.8113399198508114,low_flow,2356000.csv
2356000,2019-11-30,nighttime,6,NA,NA,-0,85.4636764526367,0.7617545530294013,0.8113399198508114,low_flow,2356000.csv
2356000,2019-12-01,daytime,6,NA,NA,0,81.6810531616211,0.7788953695988573,0.8101773598381146,low_flow,2356000.csv
2356000,2019-12-01,nighttime,6,-0.9079593845004518,0.01231735247024035,-0.6500000000000311,81.6810531616211,0.7788953695988573,0.8101773598381146,low_flow,2356000.csv
2356000,2019-12-02,daytime,6,NA,NA,-5.801557143511592e-14,77.0133361816406,0.8000238066896798,0.809046542078324,low_flow,2356000.csv
2356000,2019-12-02,nighttime,6,0.728002880230947,0.10091214537711576,0.30454545454545534,77.0133361816406,0.8000238066896798,0.809046542078324,low_flow,2356000.csv
2356000,2019-12-03,daytime,6,NA,NA,-4.3511678576340726e-14,71.6166610717773,0.8216283775740983,0.808848152997659,low_flow,2356000.csv
2356000,2019-12-03,nighttime,6,0.8869149800393396,0.01845925445391793,0.4727272727272616,71.6166610717773,0.8216283775740983,0.808848152997659,low_flow,2356000.csv
2356000,2019-12-04,daytime,6,NA,NA,-1.1707178092288031e-14,69.7036743164062,0.8298416855136294,0.8104074911716859,low_flow,2356000.csv
2356000,2019-12-04,nighttime,6,NA,NA,9.928839406680843e-15,69.7036743164062,0.8298416855136294,0.8104074911716859,low_flow,2356000.csv
2356000,2019-12-05,daytime,6,0.7023212455598998,0.11972991099031896,0.2551319648093809,68.5919799804688,0.8338293060349958,0.814006269094949,low_flow,2356000.csv
2356000,2019-12-05,nighttime,6,NA,NA,-0,68.5919799804688,0.8338293060349958,0.814006269094949,low_flow,2356000.csv
2356000,2019-12-06,daytime,6,0.9687189593929644,0.00145245094830687,0.2346041055718612,69.8064880371094,0.8293655517200333,0.8183152799269928,low_flow,2356000.csv
2356000,2019-12-06,nighttime,6,NA,NA,2.0476084035923053e-14,69.8064880371094,0.8293655517200333,0.8183152799269928,low_flow,2356000.csv
2356000,2019-12-07,daytime,6,0.5668657344781503,0.24077879778119263,0.12853470437015616,73.7670822143555,0.8128199023925723,0.8202912351704162,low_flow,2356000.csv
2356000,2019-12-07,nighttime,6,0.31622776601683794,0.5414697392755848,0.06249999999999457,73.7670822143555,0.8128199023925723,0.8202912351704162,low_flow,2356000.csv
2356000,2019-12-08,daytime,6,0.4970501217477094,0.3158251265355061,0.2352941176470455,74.6960220336914,0.8093084156648018,0.8181803753521406,low_flow,2356000.csv
2356000,2019-12-08,nighttime,6,0.44721359549995793,0.373900966300059,0.1666666666666908,74.6960220336914,0.8093084156648018,0.8181803753521406,low_flow,2356000.csv
2356000,2019-12-09,daytime,6,NA,NA,-1.1707178092288031e-14,69.314338684082,0.8310320199976193,0.8088005396182995,low_flow,2356000.csv
2356000,2019-12-09,nighttime,6,NA,NA,-2.100563793340444e-14,69.314338684082,0.8310320199976193,0.8088005396182995,low_flow,2356000.csv
2356000,2019-12-10,daytime,6,-0.899527427619397,0.01463498456398745,-0.18271119842829495,62.0335540771484,0.8589453636471849,0.7866047692734992,low_flow,2356000.csv
2356000,2019-12-10,nighttime,6,-0.649691472855374,0.16257985443362202,-0.7227722772276503,62.0335540771484,0.8589453636471849,0.7866047692734992,low_flow,2356000.csv
2356000,2019-12-11,daytime,6,0.4314879119764679,0.3929357340229244,0.2560000000000099,60.1986999511719,0.8655517200333294,0.7558822362417172,low_flow,2356000.csv
2356000,2019-12-11,nighttime,6,NA,NA,0,60.1986999511719,0.8655517200333294,0.7558822362417172,low_flow,2356000.csv
2356000,2019-12-12,daytime,6,NA,NA,NA,63.5836486816406,0.8539459588144268,0.718898543824148,normal_flow,2356000.csv
2356000,2019-12-12,nighttime,6,NA,NA,1.9338523811705055e-14,63.5836486816406,0.8539459588144268,0.718898543824148,normal_flow,2356000.csv
2356000,2019-12-13,daytime,6,NA,NA,-0,69.83056640625,0.8293060349958338,0.6765980240447566,normal_flow,2356000.csv
2356000,2019-12-13,nighttime,6,0.408248290463863,0.4216482551761943,0.2500000000000164,69.83056640625,0.8293060349958338,0.6765980240447566,normal_flow,2356000.csv
2356000,2019-12-14,daytime,6,0.5714544883195954,0.23612542272518516,0.4245283018867893,79.6902008056641,0.7881204618497798,0.6328056183787645,normal_flow,2356000.csv
2356000,2019-12-14,nighttime,6,-0.8798826901281203,0.02077571582515687,-0.3870967741935384,79.6902008056641,0.7881204618497798,0.6328056183787645,normal_flow,2356000.csv
2356000,2019-12-15,daytime,6,NA,NA,-4.6412457148092896e-14,93.2057571411133,0.7300916557552672,0.5907590366226243,normal_flow,2356000.csv
2356000,2019-12-15,nighttime,6,-0.8789303412010797,0.02109948222994776,-0.5436241610738033,93.2057571411133,0.7300916557552672,0.5907590366226243,normal_flow,2356000.csv
2356000,2019-12-16,daytime,6,1.4503930896751429e-15,0.9999999999999978,-1.935600847610004e-14,113.126388549805,0.6381978335912392,0.5476887672102527,normal_flow,2356000.csv
2356000,2019-12-16,nighttime,6,-0.9585347142670207,0.00254340779885063,-0.4522003034901269,113.126388549805,0.6381978335912392,0.5476887672102527,normal_flow,2356000.csv
2356000,2019-12-17,daytime,6,-0.06324555320336402,0.9052581613013608,-0.0624999999999842,148.124099731445,0.4670872515176765,0.5007697496329802,normal_flow,2356000.csv
2356000,2019-12-17,nighttime,6,NA,NA,NA,148.124099731445,0.4670872515176765,0.5007697496329802,normal_flow,2356000.csv
2356000,2019-12-18,daytime,6,NA,NA,-2.1755839288168353e-14,192.257614135742,0.36079038209736936,0.44974804586755546,normal_flow,2356000.csv
2356000,2019-12-18,nighttime,6,NA,NA,1.2657942858570607e-14,192.257614135742,0.36079038209736936,0.44974804586755546,normal_flow,2356000.csv
2356000,2019-12-19,daytime,6,-0.919175983394283,0.00953479017084794,-0.9504950495049403,239.902954101562,0.27508629925008926,0.39700432488195847,normal_flow,2356000.csv
2356000,2019-12-19,nighttime,6,-0.6499999999999965,0.16231250000000297,-0.08124999999998538,239.902954101562,0.27508629925008926,0.39700432488195847,normal_flow,2356000.csv
2356000,2019-12-20,daytime,6,NA,NA,NA,299.365173339844,0.1993215093441257,0.34477641550609056,normal_flow,2356000.csv
2356000,2019-12-20,nighttime,6,-0.7071067811865475,0.1161165235168155,-0.7499999999999246,299.365173339844,0.1993215093441257,0.34477641550609056,normal_flow,2356000.csv
2356000,2019-12-21,daytime,6,-0.52,0.29030399999999995,-1.300000000000019,328.270324707031,0.17247946673015116,0.294246716660715,normal_flow,2356000.csv
2356000,2019-12-21,nighttime,6,-0.8304547985373975,0.04068152582748761,-0.6896551724138024,328.270324707031,0.17247946673015116,0.294246716660715,normal_flow,2356000.csv
2356000,2019-12-22,daytime,6,NA,NA,NA,317.029083251953,0.18212117605047015,0.24658175614014205,high_flow,2356000.csv
2356000,2019-12-22,nighttime,6,NA,NA,-1.810085828775524e-14,317.029083251953,0.18212117605047015,0.24658175614014205,high_flow,2356000.csv
2356000,2019-12-23,daytime,6,-0.4856429311786321,0.32880481681443774,-0.31250000000002315,338.780670166016,0.16325437447922866,0.20322977423322625,high_flow,2356000.csv
2356000,2019-12-23,nighttime,6,NA,NA,NA,338.780670166016,0.16325437447922866,0.20322977423322625,high_flow,2356000.csv
2356000,2019-12-24,daytime,6,NA,NA,0,388.358276367188,0.12724675633853114,0.16684124905765188,high_flow,2356000.csv
2356000,2019-12-24,nighttime,6,NA,NA,-0,388.358276367188,0.12724675633853114,0.16684124905765188,high_flow,2356000.csv
2356000,2019-12-25,daytime,6,NA,NA,0,458.150512695312,0.0936198071658136,0.14324881958497004,high_flow,2356000.csv
2356000,2019-12-25,nighttime,6,NA,NA,NA,458.150512695312,0.0936198071658136,0.14324881958497004,high_flow,2356000.csv
2356000,2019-12-26,daytime,6,NA,NA,-1.6775586920997513e-14,513.341552734375,0.07439590524937507,0.1278260524540729,high_flow,2356000.csv
2356000,2019-12-26,nighttime,6,-0.4399999999999997,0.3825920000000004,-2.200000000000418,513.341552734375,0.07439590524937507,0.1278260524540729,high_flow,2356000.csv
2356000,2019-12-27,daytime,6,NA,NA,-1.2917529577349927e-14,525.228515625,0.07052731817640757,0.11951354997420942,high_flow,2356000.csv
2356000,2019-12-27,nighttime,6,-0.9376144618769916,0.00571653218538871,-0.8571428571429328,525.228515625,0.07052731817640757,0.11951354997420942,high_flow,2356000.csv
2356000,2019-12-28,daytime,6,NA,NA,-2.5520046085827933e-14,522.987426757812,0.07136055231520057,0.11626393683291672,high_flow,2356000.csv
2356000,2019-12-28,nighttime,6,-0.94527163373205,0.00441083007236577,-0.8461538461538983,522.987426757812,0.07136055231520057,0.11626393683291672,high_flow,2356000.csv
2356000,2019-12-29,daytime,6,-0.5809475019311139,0.22661363805420495,-0.0937500000000144,517.516357421875,0.07314605404118557,0.1116890846327818,high_flow,2356000.csv
2356000,2019-12-29,nighttime,6,NA,NA,-1.7404671430534722e-14,517.516357421875,0.07314605404118557,0.1116890846327818,high_flow,2356000.csv
2356000,2019-12-30,daytime,6,NA,NA,-1.6735260990898632e-14,495.321533203125,0.07981192715152959,0.1046899178669206,high_flow,2356000.csv
2356000,2019-12-30,nighttime,6,-0.2,0.704,-0.06666666666662861,495.321533203125,0.07981192715152959,0.1046899178669206,high_flow,2356000.csv
2356000,2019-12-31,daytime,6,-0.9097176522946808,0.01185841216267161,-1.000000000000048,461.322814941406,0.0923699559576241,0.0993334126889656,high_flow,2356000.csv
2356000,2019-12-31,nighttime,6,0.44721359549995793,0.373900966300059,0.8000000000000334,461.322814941406,0.0923699559576241,0.0993334126889656,high_flow,2356000.csv
2356000,2020-01-01,daytime,6,0.5423261445466404,0.26626462796630956,1.0000000000000002,NA,NA,NA,NA,NA
2356000,2020-01-01,nighttime,6,NA,NA,8.702335715270794e-15,NA,NA,NA,NA,NA
2356000,2020-01-02,daytime,6,NA,NA,0,414.71875,0.11320080942744912,0.097460619767488,high_flow,2356000.csv
2356000,2020-01-02,nighttime,6,NA,NA,NA,414.71875,0.11320080942744912,0.097460619767488,high_flow,2356000.csv
2356000,2020-01-03,daytime,6,NA,NA,-9.926618686616716e-15,384.921875,0.12944887513391262,0.0991866047692735,high_flow,2356000.csv
2356000,2020-01-03,nighttime,6,-0.7334285822527156,0.0971191559144378,-0.14538310412574362,384.921875,0.12944887513391262,0.0991866047692735,high_flow,2356000.csv
2356000,2020-01-04,daytime,6,-0.7114914586232043,0.11284844919996448,-0.22009569377992116,354.953125,0.15039876205213665,0.103729714716502,high_flow,2356000.csv
2356000,2020-01-04,nighttime,6,NA,NA,8.702335715266632e-14,354.953125,0.15039876205213665,0.103729714716502,high_flow,2356000.csv
2356000,2020-01-05,daytime,6,-0.5345224838248501,0.27457662909484665,-0.19047619047622744,354.796875,0.15057731222473514,0.11034400666587312,high_flow,2356000.csv
2356000,2020-01-05,nighttime,6,NA,NA,6.961868572212499e-14,354.796875,0.15057731222473514,0.11034400666587312,high_flow,2356000.csv
2356000,2020-01-06,daytime,6,-0.4068381021724769,0.42341220692107434,-0.3999999999999747,433.5625,0.1038566837281276,0.11855731460540413,high_flow,2356000.csv
2356000,2020-01-06,nighttime,6,NA,NA,3.9300870972174965e-14,433.5625,0.1038566837281276,0.11855731460540413,high_flow,2356000.csv
2356000,2020-01-07,daytime,6,-0.6000907578283763,0.20791287989841736,-0.589743589743612,503.78125,0.07713367456255207,0.12746498432726264,high_flow,2356000.csv
2356000,2020-01-07,nighttime,6,-0.4420132605967306,0.380159439186319,-0.1502890173410354,503.78125,0.07713367456255207,0.12746498432726264,high_flow,2356000.csv
2356000,2020-01-08,daytime,6,0.4856429311786313,0.32880481681443874,0.7547169811320085,487.21875,0.08290679680990358,0.13447208665635044,high_flow,2356000.csv
2356000,2020-01-08,nighttime,6,-0.970142500145331,0.00132389690921724,-0.4705882352940943,487.21875,0.08290679680990358,0.13447208665635044,high_flow,2356000.csv
2356000,2020-01-09,daytime,6,NA,NA,-4.2946591841580604e-14,444.1875,0.0991548625163671,0.13849144943062333,high_flow,2356000.csv
2356000,2020-01-09,nighttime,6,NA,NA,4.4627362642397345e-14,444.1875,0.0991548625163671,0.13849144943062333,high_flow,2356000.csv
2356000,2020-01-10,daytime,6,0.8164965809277196,0.04742065558432284,0.7499999999999829,402.3125,0.11950958219259612,0.13865016069515534,high_flow,2356000.csv
2356000,2020-01-10,nighttime,6,NA,NA,-1.2062643565716143e-14,402.3125,0.11950958219259612,0.13865016069515534,high_flow,2356000.csv
2356000,2020-01-11,daytime,6,NA,NA,-1.7020341146579824e-14,365.21875,0.14254255445780264,0.13619410387652264,high_flow,2356000.csv
2356000,2020-01-11,nighttime,6,NA,NA,-1.2431908164663762e-14,365.21875,0.14254255445780264,0.13619410387652264,high_flow,2356000.csv
2356000,2020-01-13,daytime,6,NA,NA,-8.526784274325328e-15,303.34375,0.1945601714081657,0.12944093957068603,high_flow,2356000.csv
2356000,2020-01-13,nighttime,6,-0.5649326828660299,0.2427498080731931,-0.21276595744681623,303.34375,0.1945601714081657,0.12944093957068603,high_flow,2356000.csv
2356000,2020-01-15,daytime,6,0.8951435925492873,0.01591585819100481,0.5769230769230516,314.4375,0.18491846208784668,0.13257945482680633,high_flow,2356000.csv
2356000,2020-01-15,nighttime,6,-0.49640344705950873,0.31655580019178986,-0.06484641638225985,314.4375,0.18491846208784668,0.13257945482680633,high_flow,2356000.csv
2356000,2020-01-16,daytime,6,NA,NA,NA,352.25,0.15266039757171765,0.13516644843867795,high_flow,2356000.csv
2356000,2020-01-16,nighttime,6,NA,NA,NA,352.25,0.15266039757171765,0.13516644843867795,high_flow,2356000.csv
2356000,2020-01-17,daytime,6,NA,NA,-2.4863816329335937e-14,410,0.11558147839542912,0.13796373447605445,high_flow,2356000.csv
2356000,2020-01-17,nighttime,6,NA,NA,1.5316110858871482e-14,410,0.11558147839542912,0.13796373447605445,high_flow,2356000.csv
2356000,2020-01-18,daytime,6,NA,NA,NA,461.0625,0.09260802285442209,0.14109034638733484,high_flow,2356000.csv
2356000,2020-01-18,nighttime,6,NA,NA,1.7404671430534286e-14,461.0625,0.09260802285442209,0.14109034638733484,high_flow,2356000.csv
2356000,2020-01-19,daytime,6,-0.29277002188455997,0.5733922538253555,-0.214285714285726,459.9375,0.0930841566480181,0.14366543665436654,high_flow,2356000.csv
2356000,2020-01-19,nighttime,6,NA,NA,-1.2431908164662456e-14,459.9375,0.0930841566480181,0.14366543665436654,high_flow,2356000.csv
2356000,2020-01-20,daytime,6,NA,NA,2.7350197962268714e-14,427.5625,0.1065944530413046,0.14372892116017935,high_flow,2356000.csv
2356000,2020-01-20,nighttime,6,0.3872983346207423,0.4480998731654424,0.12499999999999932,427.5625,0.1065944530413046,0.14372892116017935,high_flow,2356000.csv
2356000,2020-01-21,daytime,6,NA,NA,-1.1301734695155432e-14,411.40625,0.11480776098083562,0.14123318652541364,high_flow,2356000.csv
2356000,2020-01-21,nighttime,6,NA,NA,-9.986286886372436e-15,411.40625,0.11480776098083562,0.14123318652541364,high_flow,2356000.csv
2356000,2020-01-22,daytime,6,-0.5996253511966928,0.2083597891504347,-0.7191011235955358,414.65625,0.11326032615164862,0.13868983851128833,high_flow,2356000.csv
2356000,2020-01-22,nighttime,6,-0.5909729366542138,0.21673895209924424,-0.07430830039524361,414.65625,0.11326032615164862,0.13868983851128833,high_flow,2356000.csv
2356000,2020-01-23,daytime,6,NA,NA,-1.6843230416645e-14,399.125,0.12171170098797762,0.13890409871840653,high_flow,2356000.csv
2356000,2020-01-23,nighttime,6,-0.8386012877291841,0.03697213502955558,-0.29917355371898896,399.125,0.12171170098797762,0.13890409871840653,high_flow,2356000.csv
2356000,2020-01-24,daytime,6,-0.9742593358696016,9.853450371549294e-4,-0.5324675324675772,367.625,0.14111415307701464,0.14222513192873865,high_flow,2356000.csv
2356000,2020-01-24,nighttime,6,NA,NA,NA,367.625,0.14111415307701464,0.14222513192873865,high_flow,2356000.csv
2356000,2020-01-25,daytime,6,NA,NA,-1.1603114287023136e-14,335.671875,0.16640876086180215,0.14815299765900886,high_flow,2356000.csv
2356000,2020-01-25,nighttime,6,NA,NA,NA,335.671875,0.16640876086180215,0.14815299765900886,high_flow,2356000.csv
2356000,2020-01-26,daytime,6,-0.8990229253769018,0.01477975461219451,-0.5344827586207764,318.28125,0.18116890846327816,0.15513629329841686,high_flow,2356000.csv
2356000,2020-01-26,nighttime,6,NA,NA,NA,318.28125,0.18116890846327816,0.15513629329841686,high_flow,2356000.csv
2356000,2020-01-27,daytime,6,-0.6999999999999982,0.12150000000000132,-0.2624999999999971,330.921875,0.17069396500416617,0.16105225568384715,high_flow,2356000.csv
2356000,2020-01-27,nighttime,6,-0.5669467095138377,0.24069637118682324,-0.4285714285714103,330.921875,0.17069396500416617,0.16105225568384715,high_flow,2356000.csv
2356000,2020-01-28,daytime,6,NA,NA,-1.7404671430534636e-14,346.09375,0.15712415188668016,0.16615482283855096,high_flow,2356000.csv
2356000,2020-01-28,nighttime,6,NA,NA,NA,346.09375,0.15712415188668016,0.16615482283855096,high_flow,2356000.csv
2356000,2020-01-29,daytime,6,-0.859965927705444,0.02804131013582221,-0.6598984771573507,333.78125,0.16861087965718366,0.17186446058008967,high_flow,2356000.csv
2356000,2020-01-29,nighttime,6,NA,NA,-1.2256810866573921e-14,333.78125,0.16861087965718366,0.17186446058008967,high_flow,2356000.csv
2356000,2020-01-30,daytime,6,NA,NA,-9.94552653173412e-15,311.359375,0.18813236519461968,0.17947863349601237,high_flow,2356000.csv
2356000,2020-01-30,nighttime,6,-0.4399999999999997,0.3825920000000004,-0.08800000000001132,311.359375,0.18813236519461968,0.17947863349601237,high_flow,2356000.csv
2356000,2020-01-31,daytime,6,NA,NA,NA,296.25,0.2024758957266992,0.18744990675713208,high_flow,2356000.csv
2356000,2020-01-31,nighttime,6,NA,NA,4.462736264240892e-15,296.25,0.2024758957266992,0.18744990675713208,high_flow,2356000.csv
2356000,2020-02-01,daytime,6,NA,NA,NA,294.84375,0.2044994643494822,0.18786255604491528,high_flow,2356000.csv
2356000,2020-02-01,nighttime,6,NA,NA,NA,294.84375,0.2044994643494822,0.18786255604491528,high_flow,2356000.csv
2356000,2020-02-02,daytime,6,NA,NA,-9.967432977839288e-15,300.921875,0.1973574574455422,0.17915327540372178,high_flow,2356000.csv
2356000,2020-02-02,nighttime,6,NA,NA,2.1755839288167927e-14,300.921875,0.1973574574455422,0.17915327540372178,high_flow,2356000.csv
2356000,2020-02-03,daytime,6,NA,NA,-1.0192791003517548e-14,317.4375,0.18182359242947269,0.16820219815101378,high_flow,2356000.csv
2356000,2020-02-03,nighttime,6,NA,NA,1.4503892858780097e-14,317.4375,0.18182359242947269,0.16820219815101378,high_flow,2356000.csv
2356000,2020-02-04,daytime,6,NA,NA,-1.5402364097818222e-14,316,0.1831329603618617,0.15826687299131056,high_flow,2356000.csv
2356000,2020-02-04,nighttime,6,NA,NA,NA,316,0.1831329603618617,0.15826687299131056,high_flow,2356000.csv
2356000,2020-02-05,daytime,6,-0.8244848578954477,0.0435049260932026,-0.12359550561801574,297.9375,0.2004523271039162,0.14974804586755544,high_flow,2356000.csv
2356000,2020-02-05,nighttime,6,NA,NA,NA,297.9375,0.2004523271039162,0.14974804586755544,high_flow,2356000.csv
2356000,2020-02-06,daytime,6,-0.8255379733027502,0.04300044789390219,-0.2254819782062057,274.0625,0.22747291989048923,0.14098718406538904,high_flow,2356000.csv
2356000,2020-02-06,nighttime,6,NA,NA,1.7404671430534198e-14,274.0625,0.22747291989048923,0.14098718406538904,high_flow,2356000.csv
2356000,2020-02-07,daytime,6,0.24019223070763013,0.646640275978198,0.7499999999998577,263.65625,0.24128079990477325,0.13117882791731142,high_flow,2356000.csv
2356000,2020-02-07,nighttime,6,-0.9011609926488064,0.01417093754784972,-0.26392961876832643,263.65625,0.24128079990477325,0.13117882791731142,high_flow,2356000.csv
2356000,2020-02-08,daytime,6,NA,NA,NA,358.828125,0.14730389239376265,0.12032297742332262,high_flow,2356000.csv
2356000,2020-02-08,nighttime,6,-0.9806344046669152,5.589081202931025e-4,-0.6410958904109815,358.828125,0.14730389239376265,0.12032297742332262,high_flow,2356000.csv
2356000,2020-02-09,daytime,6,-0.8001029682018436,0.05594440989449101,-0.4279176201373278,688.265625,0.03576955124389953,0.10899496091735111,high_flow,2356000.csv
2356000,2020-02-09,nighttime,6,NA,NA,6.4336334081744194e-15,688.265625,0.03576955124389953,0.10899496091735111,high_flow,2356000.csv
2356000,2020-02-10,daytime,6,NA,NA,-1.67352609908988e-14,852.875,0.01690274967265801,0.0983136928143475,high_flow,2356000.csv
2356000,2020-02-10,nighttime,6,NA,NA,1.4503892858780132e-14,852.875,0.01690274967265801,0.0983136928143475,high_flow,2356000.csv
2356000,2020-02-11,daytime,6,0.22360679774997996,0.6701799733187797,0.0208333333333315,805.15625,0.02166408760861802,0.08891798595405309,high_flow,2356000.csv
2356000,2020-02-11,nighttime,6,-0.6979824404521129,0.12304770302170435,-0.4871794871794443,805.15625,0.02166408760861802,0.08891798595405309,high_flow,2356000.csv
2356000,2020-02-12,daytime,6,-0.8803657971156682,0.02061239090647046,-0.11072056239016329,734,0.02934174503035352,0.07938737451890648,high_flow,2356000.csv
2356000,2020-02-12,nighttime,6,NA,NA,-1.7404671430534444e-14,734,0.02934174503035352,0.07938737451890648,high_flow,2356000.csv
2356000,2020-02-13,daytime,6,-0.6741998624632447,0.14192744777405325,-0.3409090909091236,679.59375,0.03719795262468754,0.06872594532396938,high_flow,2356000.csv
2356000,2020-02-13,nighttime,6,NA,NA,NA,679.59375,0.03719795262468754,0.06872594532396938,high_flow,2356000.csv
2356000,2020-02-14,daytime,6,-0.5735393346764023,0.2340231253992775,-0.1315789473684589,655.78125,0.04100702297345554,0.05567987937943895,high_flow,2356000.csv
2356000,2020-02-14,nighttime,6,NA,NA,2.2313681321198717e-14,655.78125,0.04100702297345554,0.05567987937943895,high_flow,2356000.csv
2356000,2020-02-15,daytime,6,NA,NA,-2.071984694111272e-14,663.3125,0.03963813831686704,0.04063405150180534,high_flow,2356000.csv
2356000,2020-02-15,nighttime,6,-0.47355706404421705,0.3427634797647195,-0.06407322654460616,663.3125,0.03963813831686704,0.04063405150180534,high_flow,2356000.csv
2356000,2020-02-16,daytime,6,-0.4409857740283944,0.38140024956950447,-0.38461538461536904,696.984375,0.03457921675990953,0.03120263460699123,high_flow,2356000.csv
2356000,2020-02-16,nighttime,6,NA,NA,1.3154693523078628e-14,696.984375,0.03457921675990953,0.03120263460699123,high_flow,2356000.csv
2356000,2020-02-17,daytime,6,0.6109598099719157,0.19758734635024808,1.2857142857141357,679.640625,0.03713843590048803,0.02922667936356783,high_flow,2356000.csv
2356000,2020-02-17,nighttime,6,-0.2927700218845609,0.5733922538253542,-0.07142857142857183,679.640625,0.03713843590048803,0.02922667936356783,high_flow,2356000.csv
2356000,2020-02-18,daytime,6,NA,NA,1.3286008725598967e-14,656.09375,0.04088798952505654,0.02883386898385112,high_flow,2356000.csv
2356000,2020-02-18,nighttime,6,NA,NA,-1.5004027095290535e-14,656.09375,0.04088798952505654,0.02883386898385112,high_flow,2356000.csv
2356000,2020-02-19,daytime,6,0.8999164896690981,0.01452380985888258,0.1206159110350738,660.984375,0.04017378883466254,0.02844105860413442,high_flow,2356000.csv
2356000,2020-02-19,nighttime,6,NA,NA,-4.2946591841582314e-14,660.984375,0.04017378883466254,0.02844105860413442,high_flow,2356000.csv
2356000,2020-02-20,daytime,6,NA,NA,NA,659.171875,0.04053088917985954,0.02734991866047692,high_flow,2356000.csv
2356000,2020-02-20,nighttime,6,-0.4141576832812931,0.414283001946096,-0.3773584905659636,659.171875,0.04053088917985954,0.02734991866047692,high_flow,2356000.csv
2356000,2020-02-21,daytime,6,NA,NA,NA,712.75,0.03178193072253303,0.02534618894576042,high_flow,2356000.csv
2356000,2020-02-21,nighttime,6,-0.4557327151876496,0.36372701687262743,-0.05769230769231126,712.75,0.03178193072253303,0.02534618894576042,high_flow,2356000.csv
2356000,2020-02-22,daytime,6,-0.01847737675348321,0.972287089082263,-0.01980198019809469,867.875,0.01559338174026901,0.02317978018489862,high_flow,2356000.csv
2356000,2020-02-22,nighttime,6,NA,NA,8.849832930780344e-15,867.875,0.01559338174026901,0.02317978018489862,high_flow,2356000.csv
2356000,2020-02-23,daytime,6,NA,NA,-1.7226466603600836e-14,1045.375,0.005832638971551,0.02146173074633972,high_flow,2356000.csv
2356000,2020-02-23,nighttime,6,-0.8669436375816781,0.02537817874392158,-0.1731927710843311,1045.375,0.005832638971551,0.02146173074633972,high_flow,2356000.csv
2356000,2020-02-24,daytime,6,-0.8199060261161614,0.04573018962834507,-0.7580645161290943,1026.203125,0.0061302225925485,0.02060865769948022,high_flow,2356000.csv
2356000,2020-02-24,nighttime,6,NA,NA,3.026899379223431e-14,1026.203125,0.0061302225925485,0.02060865769948022,high_flow,2356000.csv
2356000,2020-02-25,daytime,6,-0.7211102550928027,0.1058232836849271,-0.6500000000001067,933.234375,0.01101059397690751,0.02011268499781772,high_flow,2356000.csv
2356000,2020-02-25,nighttime,6,NA,NA,NA,933.234375,0.01101059397690751,0.02011268499781772,high_flow,2356000.csv
2356000,2020-02-26,daytime,6,NA,NA,-4.3511678576336946e-14,865.515625,0.01577193191286751,0.01998571598619212,high_flow,2356000.csv
2356000,2020-02-26,nighttime,6,NA,NA,0,865.515625,0.01577193191286751,0.01998571598619212,high_flow,2356000.csv
2356000,2020-02-27,daytime,6,0.8875203139603688,0.01826599117307072,0.4923076923076819,901.890625,0.01297464587549101,0.02015633059556402,high_flow,2356000.csv
2356000,2020-02-27,nighttime,6,NA,NA,2.1755839288168353e-14,901.890625,0.01297464587549101,0.02015633059556402,high_flow,2356000.csv
2356000,2020-02-28,daytime,6,0.26189246330823723,0.6161426009587254,0.1160714285714037,1004.125,0.00714200690394,0.01875570368606912,high_flow,2356000.csv
2356000,2020-02-28,nighttime,6,-0.8454889030309686,0.03396614445768358,-0.3762376237623658,1004.125,0.00714200690394,0.01875570368606912,high_flow,2356000.csv
2356000,2020-02-29,daytime,6,0.41338369095716143,0.4152452219688252,0.30379746835443056,976.09375,0.0085108915605285,0.01688687854620482,high_flow,2356000.csv
2356000,2020-02-29,nighttime,6,NA,NA,1.7404671430545185e-14,976.09375,0.0085108915605285,0.01688687854620482,high_flow,2356000.csv
2356000,2020-03-01,daytime,6,NA,NA,-1.6735260990898783e-14,887.703125,0.01386739673848351,0.01593461095901281,high_flow,2356000.csv
2356000,2020-03-01,nighttime,6,-0.739068417672742,0.09324513467169444,-0.5838926174496251,887.703125,0.01386739673848351,0.01593461095901281,high_flow,2356000.csv
2356000,2020-03-02,daytime,6,NA,NA,-1.2062643565717427e-14,803.890625,0.02178312105701702,0.01567670515414831,high_flow,2356000.csv
2356000,2020-03-02,nighttime,6,NA,NA,NA,803.890625,0.02178312105701702,0.01567670515414831,high_flow,2356000.csv
2356000,2020-03-03,daytime,6,-0.5439580966939493,0.26453884734667343,-0.08219178082191192,730.03125,0.02969884537555053,0.01550609054477641,high_flow,2356000.csv
2356000,2020-03-03,nighttime,6,NA,NA,NA,730.03125,0.02969884537555053,0.01550609054477641,high_flow,2356000.csv
2356000,2020-03-04,daytime,6,-0.8370188257900186,0.03767967140726894,-0.5204460966543031,667.28125,0.03898345435067254,0.01510534460183311,high_flow,2356000.csv
2356000,2020-03-04,nighttime,6,-0.4557327151876508,0.3637270168726262,-0.2307692307692572,667.28125,0.03898345435067254,0.01510534460183311,high_flow,2356000.csv
2356000,2020-03-05,daytime,6,-0.6201736729460419,0.1890036584551757,-1.4999999999998004,649,0.04273300797524104,0.01454588739435781,high_flow,2356000.csv
2356000,2020-03-05,nighttime,6,NA,NA,NA,649,0.04273300797524104,0.01454588739435781,high_flow,2356000.csv
2356000,2020-03-06,daytime,6,-0.6996114348854076,0.1217974108153206,-0.4117647058823626,826.875,0.01952148553743602,0.01447049954370511,high_flow,2356000.csv
2356000,2020-03-06,nighttime,6,-0.7311261550139351,0.09872084891009672,-0.3818181818181344,826.875,0.01952148553743602,0.01447049954370511,high_flow,2356000.csv
2356000,2020-03-07,daytime,6,-0.13093073414159415,0.804726162223108,-0.1142857142857486,1208.09375,0.0037495536245685,0.01516486132603261,high_flow,2356000.csv
2356000,2020-03-07,nighttime,6,0.9290920037581026,0.00736365518187803,1.194444444444431,1208.09375,0.0037495536245685,0.01516486132603261,high_flow,2356000.csv
2356000,2020-03-09,daytime,6,NA,NA,-0,1346.96875,0.0019640518985835,0.01742252906400031,high_flow,2356000.csv
2356000,2020-03-09,nighttime,6,NA,NA,-0,1346.96875,0.0019640518985835,0.01742252906400031,high_flow,2356000.csv
2356000,2020-03-10,daytime,6,NA,NA,0,1217.28125,0.00357100345197,0.01871999365154942,high_flow,2356000.csv
2356000,2020-03-10,nighttime,6,NA,NA,-0,1217.28125,0.00357100345197,0.01871999365154942,high_flow,2356000.csv
2356000,2020-03-11,daytime,6,-0.4170661411217195,0.41067389937417975,-0.141732283464583,1100.65625,0.004999404832758,0.02016823394040392,high_flow,2356000.csv
2356000,2020-03-11,nighttime,6,NA,NA,NA,1100.65625,0.004999404832758,0.02016823394040392,high_flow,2356000.csv
2356000,2020-03-12,daytime,6,NA,NA,0,1002.03125,0.007380073800738,0.02160457088441852,high_flow,2356000.csv
2356000,2020-03-12,nighttime,6,NA,NA,NA,1002.03125,0.007380073800738,0.02160457088441852,high_flow,2356000.csv
2356000,2020-03-13,daytime,6,NA,NA,0,920.15625,0.01184382811570051,0.02354481609332222,high_flow,2356000.csv
2356000,2020-03-13,nighttime,6,NA,NA,NA,920.15625,0.01184382811570051,0.02354481609332222,high_flow,2356000.csv
2356000,2020-03-14,daytime,6,0.8432714931417471,0.03492081149635031,0.1625386996904017,846.75,0.01755743363885251,0.02791731143117883,high_flow,2356000.csv
2356000,2020-03-14,nighttime,6,-0.5199999999999976,0.2903040000000026,-0.10400000000001312,846.75,0.01755743363885251,0.02791731143117883,high_flow,2356000.csv
2356000,2020-03-15,daytime,6,NA,NA,-6.472811689041739e-15,776.9375,0.02458040709439352,0.03424592310439233,high_flow,2356000.csv
2356000,2020-03-15,nighttime,6,NA,NA,-1.3388208792716592e-14,776.9375,0.02458040709439352,0.03424592310439233,high_flow,2356000.csv
2356000,2020-03-16,daytime,6,NA,NA,-1.4317728539704702e-14,713.25,0.03166289727413403,0.04189977383644804,high_flow,2356000.csv
2356000,2020-03-16,nighttime,6,-0.6757246285173437,0.14068226486662194,-1.0377358490565651,713.25,0.03166289727413403,0.04189977383644804,high_flow,2356000.csv
2356000,2020-03-17,daytime,6,NA,NA,-1.2406222403996762e-14,654.8125,0.04124508987025354,0.05045827877633615,high_flow,2356000.csv
2356000,2020-03-17,nighttime,6,-0.9118645989383004,0.01130946214047097,-0.9758064516129286,654.8125,0.04124508987025354,0.05045827877633615,high_flow,2356000.csv
2356000,2020-03-18,daytime,6,NA,NA,-2.0396099332657824e-14,603.15625,0.05142244970836805,0.05902868706106416,high_flow,2356000.csv
2356000,2020-03-18,nighttime,6,-0.8714893406611877,0.02371130824664231,-0.2531645569620677,603.15625,0.05142244970836805,0.05902868706106416,high_flow,2356000.csv
2356000,2020-03-19,daytime,6,0.5098023903017305,0.3015448469927048,0.04060913705582644,561.84375,0.06052850851089156,0.06758322421933896,high_flow,2356000.csv
2356000,2020-03-19,nighttime,6,-0.20000000000000004,0.704,-0.05000000000001951,561.84375,0.06052850851089156,0.06758322421933896,high_flow,2356000.csv
2356000,2020-03-20,daytime,6,0.8630339426736916,0.02685483015759613,0.19999999999999069,521.6875,0.07183668610879657,0.07624092369955958,high_flow,2356000.csv
2356000,2020-03-20,nighttime,6,NA,NA,NA,521.6875,0.07183668610879657,0.07624092369955958,high_flow,2356000.csv
2356000,2020-03-21,daytime,6,0,1,-1.3329430769034732e-14,482.65625,0.08510891560528508,0.08482720311074078,high_flow,2356000.csv
2356000,2020-03-21,nighttime,6,NA,NA,0,482.65625,0.08510891560528508,0.08482720311074078,high_flow,2356000.csv
2356000,2020-03-22,daytime,6,0.5855400437691191,0.2220682275638842,0.28571428571427754,444.96875,0.0986787287227711,0.0939491330397175,high_flow,2356000.csv
2356000,2020-03-22,nighttime,6,NA,NA,NA,444.96875,0.0986787287227711,0.0939491330397175,high_flow,2356000.csv
2356000,2020-03-23,daytime,6,0.86106169781923525,0.02761475552109538,0.4819277108433514,409.0625,0.11611712891322462,0.1042653652342975,high_flow,2356000.csv
2356000,2020-03-23,nighttime,6,-0.20000000000000004,0.704,-0.05000000000001295,409.0625,0.11611712891322462,0.1042653652342975,high_flow,2356000.csv
2356000,2020-03-24,daytime,6,NA,NA,-1.496961418910664e-14,383.875,0.13034162599690513,0.116029837717732,high_flow,2356000.csv
2356000,2020-03-24,nighttime,6,NA,NA,2.7007248771518783e-14,383.875,0.13034162599690513,0.116029837717732,high_flow,2356000.csv
2356000,2020-03-25,daytime,6,0.8478050325538553,0.03298229271157482,0.13911742707553215,380.96875,0.13212712772289012,0.12909574257032894,high_flow,2356000.csv
2356000,2020-03-25,nighttime,6,NA,NA,1.74046714305311e-14,380.96875,0.13212712772289012,0.12909574257032894,high_flow,2356000.csv
2356000,2020-03-26,daytime,6,0.8200884816185298,0.04564052976266689,0.26494201605708473,379.625,0.13331746220688012,0.14192754830774115,high_flow,2356000.csv
2356000,2020-03-26,nighttime,6,0.5000000000000033,0.3124999999999963,0.2500000000000269,379.625,0.13331746220688012,0.14192754830774115,high_flow,2356000.csv
2356000,2020-03-27,daytime,6,0.6959780040057312,0.12459377967917024,0.12558139534881277,373.53125,0.13724556600404714,0.15212077927230885,high_flow,2356000.csv
2356000,2020-03-27,nighttime,6,NA,NA,2.5102891486352856e-14,373.53125,0.13724556600404714,0.15212077927230885,high_flow,2356000.csv
2356000,2020-03-28,daytime,6,NA,NA,0,368.71875,0.14063801928341865,0.16059596079831767,high_flow,2356000.csv
2356000,2020-03-28,nighttime,6,0.8098893702717804,0.05077758321493323,0.7280000000000034,368.71875,0.14063801928341865,0.16059596079831767,high_flow,2356000.csv
2356000,2020-03-29,daytime,6,0.9510194959113282,0.00353988035776229,0.26181102362205355,350.25,0.15438638257350315,0.16888465658850138,high_flow,2356000.csv
2356000,2020-03-29,nighttime,6,NA,NA,NA,350.25,0.15438638257350315,0.16888465658850138,high_flow,2356000.csv
2356000,2020-03-30,daytime,6,0.9190539669544716,0.00956320066071219,0.5631067961165045,320.90625,0.17932389001309368,0.1781494266555569,high_flow,2356000.csv
2356000,2020-03-30,nighttime,6,0.5390478044797347,0.2697445369359772,0.4455445544554397,320.90625,0.17932389001309368,0.1781494266555569,high_flow,2356000.csv
2356000,2020-03-31,daytime,6,-0.7875172926599935,0.06292667102750985,-0.09541284403669044,291.46875,0.2081299845256517,0.18852120779272308,high_flow,2356000.csv
2356000,2020-03-31,nighttime,6,0.44721359549995793,0.373900966300059,0.08333333333335367,291.46875,0.2081299845256517,0.18852120779272308,high_flow,2356000.csv
2356000,2020-04-01,daytime,6,NA,NA,-1.6197778156154425e-14,266.5625,0.23723366265920723,0.2003055191842241,high_flow,2356000.csv
2356000,2020-04-01,nighttime,6,NA,NA,1.2168520279823016e-14,266.5625,0.23723366265920723,0.2003055191842241,high_flow,2356000.csv
2356000,2020-04-02,daytime,6,0.9393473979551789,0.00540654468215237,0.7208121827410681,261.40625,0.24389953576955128,0.2144070150378923,high_flow,2356000.csv
2356000,2020-04-02,nighttime,6,NA,NA,1.7936111779559033e-14,261.40625,0.24389953576955128,0.2144070150378923,high_flow,2356000.csv
2356000,2020-04-03,daytime,6,0.4961389383568342,0.316854846416359,0.20512820512818888,285.90625,0.2134269729794072,0.23071856525016865,high_flow,2356000.csv
2356000,2020-04-03,nighttime,6,0.7006490497453742,0.12100391941035037,0.06818181818182976,285.90625,0.2134269729794072,0.23071856525016865,high_flow,2356000.csv
2356000,2020-04-04,daytime,6,NA,NA,-9.754266406123818e-15,299.75,0.1989644089989287,0.24742689362377496,high_flow,2356000.csv
2356000,2020-04-04,nighttime,6,NA,NA,2.4173154764631033e-14,299.75,0.1989644089989287,0.24742689362377496,high_flow,2356000.csv
2356000,2020-04-05,daytime,6,NA,NA,-1.2603382760042451e-14,289.84375,0.2094393524580407,0.26348053803118676,normal_flow,2356000.csv
2356000,2020-04-05,nighttime,6,NA,NA,3.347052198179891e-14,289.84375,0.2094393524580407,0.26348053803118676,normal_flow,2356000.csv
2356000,2020-04-06,daytime,6,NA,NA,-9.750644436359472e-15,266.1875,0.23765027972860372,0.27872872277109867,normal_flow,2356000.csv
2356000,2020-04-06,nighttime,6,NA,NA,2.7170188432282672e-14,266.1875,0.23765027972860372,0.27872872277109867,normal_flow,2356000.csv
2356000,2020-04-07,daytime,6,0.299252800832294,0.5645201778933039,0.02985074626864401,242.0625,0.2716938459707178,0.2934452247748284,normal_flow,2356000.csv
2356000,2020-04-07,nighttime,6,NA,NA,3.3470521981798154e-14,242.0625,0.2716938459707178,0.2934452247748284,normal_flow,2356000.csv
2356000,2020-04-08,daytime,6,-0.9147078702054036,0.010601881757406671,-0.17714945181767608,220.1875,0.3071062968694203,0.3059556402015633,normal_flow,2356000.csv
2356000,2020-04-08,nighttime,6,0.4300065817837659,0.39474545281002016,0.1320754716981498,220.1875,0.3071062968694203,0.3059556402015633,normal_flow,2356000.csv
2356000,2020-04-09,daytime,6,0.41873913807217206,0.4086026693802616,0.01826484018264802,200.75,0.34364956552791337,0.3125858032773876,normal_flow,2356000.csv
2356000,2020-04-09,nighttime,6,NA,NA,-0,200.75,0.34364956552791337,0.3125858032773876,normal_flow,2356000.csv
2356000,2020-04-10,daytime,6,0.7507571935295445,0.08544123697309818,0.09090909090908322,185.28125,0.37799071539102486,0.3153910248779907,normal_flow,2356000.csv
2356000,2020-04-10,nighttime,6,NA,NA,-7.567248448057535e-15,185.28125,0.37799071539102486,0.3153910248779907,normal_flow,2356000.csv
2356000,2020-04-11,daytime,6,0.6973743150215638,0.1235158788901629,0.04676258992805285,180.3125,0.3878704916081419,0.3195532277903424,normal_flow,2356000.csv
2356000,2020-04-11,nighttime,6,-0.9704119157387175,0.00130023058121628,-0.3325581395348813,180.3125,0.3878704916081419,0.3195532277903424,normal_flow,2356000.csv
2356000,2020-04-12,daytime,6,0.9428178759582292,0.00481120604439094,0.3347826086956452,183.875,0.38144268539459586,0.32646510336071105,normal_flow,2356000.csv
2356000,2020-04-12,nighttime,6,-0.5141933776432954,0.29668496876992245,-0.20270270270268095,183.875,0.38144268539459586,0.32646510336071105,normal_flow,2356000.csv
2356000,2020-04-13,daytime,6,0.17806114244894009,0.7357310691808849,0.02536461636016968,183,0.3831091536721819,0.3345950878863627,normal_flow,2356000.csv
2356000,2020-04-13,nighttime,6,0.3730235484764916,0.46641715050950794,0.1948051948051522,183,0.3831091536721819,0.3345950878863627,normal_flow,2356000.csv
2356000,2020-04-14,daytime,6,0.9847615166908392,3.46547785775235e-4,0.45104895104895615,175,0.4000714200690394,0.33839622267190417,normal_flow,2356000.csv
2356000,2020-04-14,nighttime,6,0.8315218406203053,0.04018621825542273,0.628571428571474,175,0.4000714200690394,0.33839622267190417,normal_flow,2356000.csv
2356000,2020-04-15,daytime,6,NA,NA,NA,176.71875,0.3957862159266754,0.3294647462603658,normal_flow,2356000.csv
2356000,2020-04-15,nighttime,6,-0.4030088179960212,0.4282143347358465,-0.5499999999998826,176.71875,0.3957862159266754,0.3294647462603658,normal_flow,2356000.csv
2356000,2020-04-16,daytime,6,0.8698612507990248,0.02430212001779977,0.4842615012106432,203.9375,0.33668610879657185,0.3130103559100107,normal_flow,2356000.csv
2356000,2020-04-16,nighttime,6,NA,NA,1.800483251434599e-14,203.9375,0.33668610879657185,0.3130103559100107,normal_flow,2356000.csv
2356000,2020-04-17,daytime,6,NA,NA,-2.0818984964754256e-14,233.625,0.2859778597785978,0.2934769670277348,normal_flow,2356000.csv
2356000,2020-04-17,nighttime,6,0.9037378388935396,0.01345360347028835,0.6877828054298587,233.625,0.2859778597785978,0.2934769670277348,normal_flow,2356000.csv
2356000,2020-04-18,daytime,6,0.4472135954999578,0.373900966300059,0.5999999999999565,239.28125,0.2758600166646828,0.2719517517755823,normal_flow,2356000.csv
2356000,2020-04-18,nighttime,6,NA,NA,1.921294898175885e-14,239.28125,0.2758600166646828,0.2719517517755823,normal_flow,2356000.csv
2356000,2020-04-19,daytime,6,NA,NA,-1.51344968961173e-14,223.21875,0.3026425425544578,0.24986311153434115,high_flow,2356000.csv
2356000,2020-04-19,nighttime,6,0.964763821237729,0.00184050802711592,0.8799999999999508,223.21875,0.3026425425544578,0.24986311153434115,high_flow,2356000.csv
2356000,2020-04-20,daytime,6,-0.719588923746115,0.10692114395345528,-0.08630136986302464,206.96875,0.3313891203428163,0.22836170297186845,high_flow,2356000.csv
2356000,2020-04-20,nighttime,6,NA,NA,2.2843631252576415e-14,206.96875,0.3313891203428163,0.22836170297186845,high_flow,2356000.csv
2356000,2020-04-21,daytime,6,0.8978642767029689,0.01511483404270358,0.46456692913385367,228.28125,0.2946673015117248,0.2075467206284966,high_flow,2356000.csv
2356000,2020-04-21,nighttime,6,-0.7097007893613232,0.11417816316644767,-0.337243401759512,228.28125,0.2946673015117248,0.2075467206284966,high_flow,2356000.csv
2356000,2020-04-22,daytime,6,0.6412229901866631,0.16999035668210413,0.3489736070381184,373.25,0.13772169979764315,0.1867277705035115,high_flow,2356000.csv
2356000,2020-04-22,nighttime,6,NA,NA,NA,373.25,0.13772169979764315,0.1867277705035115,high_flow,2356000.csv
2356000,2020-04-23,daytime,6,-0.7354216956430719,0.09574205592055927,-0.05633802816901345,562.5,0.06029044161409356,0.16736896401222076,high_flow,2356000.csv
2356000,2020-04-23,nighttime,6,-0.6324555320336759,0.17780780835622115,-0.2500000000000117,562.5,0.06029044161409356,0.16736896401222076,high_flow,2356000.csv
2356000,2020-04-24,daytime,6,-0.4348131782731562,0.3888836658489008,-0.12890625000001138,606.71875,0.05064873229377455,0.15300559457207477,high_flow,2356000.csv
2356000,2020-04-24,nighttime,6,0.303821810125105,0.5582898298950401,0.03846153846153718,606.71875,0.05064873229377455,0.15300559457207477,high_flow,2356000.csv
2356000,2020-04-25,daytime,6,-0.8886345489020477,0.01791280370167989,-0.3267605633803035,581.21875,0.05511248660873705,0.14172915922707616,high_flow,2356000.csv
2356000,2020-04-25,nighttime,6,0.8754366146697034,0.02230769040178421,0.3710937500000048,581.21875,0.05511248660873705,0.14172915922707616,high_flow,2356000.csv
2356000,2020-04-26,daytime,6,-0.9215587870039847,0.00898821051542026,-0.3171974522293264,577.03125,0.05654088798952506,0.13005991350236085,high_flow,2356000.csv
2356000,2020-04-26,nighttime,6,-0.06568789547961401,0.9016098751179558,-0.02095808383231939,577.03125,0.05654088798952506,0.13005991350236085,high_flow,2356000.csv
2356000,2020-04-27,daytime,6,-0.8762302154233801,0.02203042719799954,-0.100145137880988,568.65625,0.05892155695750506,0.11658135936198072,high_flow,2356000.csv
2356000,2020-04-27,nighttime,6,0.8624270306440883,0.02708760769489817,0.5687732342007309,568.65625,0.05892155695750506,0.11658135936198072,high_flow,2356000.csv
2356000,2020-04-28,daytime,6,NA,NA,0,524.59375,0.07088441852160457,0.1022060865769948,high_flow,2356000.csv
2356000,2020-04-28,nighttime,6,NA,NA,1.3053503572901166e-14,524.59375,0.07088441852160457,0.1022060865769948,high_flow,2356000.csv
2356000,2020-04-29,daytime,6,NA,NA,-2.9007785717557714e-14,474.25,0.08778716819426259,0.09183033765821529,high_flow,2356000.csv
2356000,2020-04-29,nighttime,6,-0.9099637547345398,0.01179484763490189,-0.7413793103447883,474.25,0.08778716819426259,0.09183033765821529,high_flow,2356000.csv
2356000,2020-04-30,daytime,6,0.12009611535380878,0.8207219047242421,0.01923076923075092,429.84375,0.1054041185573146,0.0936753561083998,high_flow,2356000.csv
2356000,2020-04-30,nighttime,6,NA,NA,2.6107007145838673e-14,429.84375,0.1054041185573146,0.0936753561083998,high_flow,2356000.csv
2356000,2020-05-01,daytime,6,0.9612202240662115,0.0022266466415892,0.32634730538921936,399.625,0.12123556719438162,0.1024957346347657,high_flow,2356000.csv
2356000,2020-05-01,nighttime,6,0.7370675766682026,0.09461147487316988,0.8441558441558883,399.625,0.12123556719438162,0.1024957346347657,high_flow,2356000.csv
2356000,2020-05-02,daytime,6,-0.8996534577747269,0.01459892663693819,-0.34767025089608034,407.65625,0.1168313296036186,0.1138634289568702,high_flow,2356000.csv
2356000,2020-05-02,nighttime,6,0.7071067811865474,0.11611652351681565,0.6666666666666747,407.65625,0.1168313296036186,0.1138634289568702,high_flow,2356000.csv
2356000,2020-05-03,daytime,6,0.9481897104328348,0.00395692181925592,0.2837209302325566,441.15625,0.1008213307939531,0.12686188152204103,high_flow,2356000.csv
2356000,2020-05-03,nighttime,6,NA,NA,NA,441.15625,0.1008213307939531,0.12686188152204103,high_flow,2356000.csv
2356000,2020-05-04,daytime,6,NA,NA,-1.4704265448751268e-14,441.5625,0.1004642304487561,0.14166964250287664,high_flow,2356000.csv
2356000,2020-05-04,nighttime,6,-0.8768595674390535,0.02181172515065832,-0.6380090497738146,441.5625,0.1004642304487561,0.14166964250287664,high_flow,2356000.csv
2356000,2020-05-05,daytime,6,NA,NA,0,409.65625,0.1157600285680276,0.15797722493353966,high_flow,2356000.csv
2356000,2020-05-05,nighttime,6,-0.826192384772024,0.04268834597234518,-0.5460750853242504,409.65625,0.1157600285680276,0.15797722493353966,high_flow,2356000.csv
2356000,2020-05-06,daytime,6,0.7176240840571123,0.10834645154584024,0.1345454545454487,371.6875,0.13903106773003213,0.17524104273300797,high_flow,2356000.csv
2356000,2020-05-06,nighttime,6,-0.2964997266644499,0.5682833650215436,-0.20512820512819735,371.6875,0.13903106773003213,0.17524104273300797,high_flow,2356000.csv
2356000,2020-05-07,daytime,6,0.5381220025006349,0.27073041359952676,0.13513513513514866,336.8125,0.16539697655041066,0.1937031305796929,high_flow,2356000.csv
2356000,2020-05-07,nighttime,6,NA,NA,5.438959822042109e-15,336.8125,0.16539697655041066,0.1937031305796929,high_flow,2356000.csv
2356000,2020-05-08,daytime,6,NA,NA,-9.844271171116898e-15,305.59375,0.1925961195095822,0.21351823195651312,high_flow,2356000.csv
2356000,2020-05-08,nighttime,6,0.7392350109992083,0.09313177089316844,0.15613382899629105,305.59375,0.1925961195095822,0.21351823195651312,high_flow,2356000.csv
2356000,2020-05-09,daytime,6,NA,NA,-3.5334309748765225e-15,278.5,0.2211641471253422,0.23451176447248345,high_flow,2356000.csv
2356000,2020-05-09,nighttime,6,NA,NA,1.0160087383306915e-14,278.5,0.2211641471253422,0.23451176447248345,high_flow,2356000.csv
2356000,2020-05-10,daytime,6,0.9810807923319916,5.335186914583752e-4,0.38053097345132686,256.21875,0.25008927508629925,0.25876284569297303,normal_flow,2356000.csv
2356000,2020-05-10,nighttime,6,NA,NA,8.702335715267485e-15,256.21875,0.25008927508629925,0.25876284569297303,normal_flow,2356000.csv
2356000,2020-05-11,daytime,6,0.8894590526963954,0.01765358499050238,0.22073170731706332,237.9375,0.2786573027020593,0.287501487918105,normal_flow,2356000.csv
2356000,2020-05-11,nighttime,6,0.5477225575051693,0.260574547368022,0.12500000000002306,237.9375,0.2786573027020593,0.287501487918105,normal_flow,2356000.csv
2356000,2020-05-12,daytime,6,0.9642520844283696,0.00189402883019871,0.46489104116221913,222.78125,0.3035352934174503,0.31984287584811333,normal_flow,2356000.csv
2356000,2020-05-12,nighttime,6,0.5681907170826453,0.239431466231408,0.05566218809981822,222.78125,0.3035352934174503,0.31984287584811333,normal_flow,2356000.csv
2356000,2020-05-13,daytime,6,0.970396993424008,0.00130153587774353,0.32587064676616395,207.40625,0.32984168551362936,0.35443002817124947,normal_flow,2356000.csv
2356000,2020-05-13,nighttime,6,NA,NA,2.5739302819804453e-14,207.40625,0.32984168551362936,0.35443002817124947,normal_flow,2356000.csv
2356000,2020-05-14,daytime,6,0.9474196421333988,0.00407435674923638,0.16534810126581728,190.5625,0.3647184858945364,0.3891838273221442,normal_flow,2356000.csv
2356000,2020-05-14,nighttime,6,0.6941930657882743,0.1259776132748375,0.2822580645161494,190.5625,0.3647184858945364,0.3891838273221442,normal_flow,2356000.csv
2356000,2020-05-15,daytime,6,0.9230207348575714,0.00866062874860534,0.08940397350991834,173.875,0.4026306392096179,0.4199381026068325,normal_flow,2356000.csv
2356000,2020-05-15,nighttime,6,0.5114083119567607,0.29976400362843575,0.23076923076924977,173.875,0.4026306392096179,0.4199381026068325,normal_flow,2356000.csv
2356000,2020-05-16,daytime,6,0.9482897381321388,0.00394179141573118,0.2618705035971197,158.4375,0.4361385549339365,0.44086815061699,normal_flow,2356000.csv
2356000,2020-05-16,nighttime,6,0.7460038465922492,0.0885779091633815,0.39999999999995206,158.4375,0.4361385549339365,0.44086815061699,normal_flow,2356000.csv
2356000,2020-05-17,daytime,6,0.9666075562039886,0.00165396574324274,0.2312925170068054,144.53125,0.480597547910963,0.45609252866722216,normal_flow,2356000.csv
2356000,2020-05-17,nighttime,6,0.890521907656699,0.01732210680578782,0.7620817843865851,144.53125,0.480597547910963,0.45609252866722216,normal_flow,2356000.csv
2356000,2020-05-18,daytime,6,0.9481681292381277,0.00396018996971891,0.29967426710098855,132.03125,0.531900964170932,0.469011625600127,normal_flow,2356000.csv
2356000,2020-05-18,nighttime,6,0.7606994317894937,0.07904539788276357,0.3193717277486706,132.03125,0.531900964170932,0.469011625600127,normal_flow,2356000.csv
2356000,2020-05-19,daytime,6,0.9003908769903862,0.01438880634710913,0.271944922547336,121.65625,0.5855850493988811,0.4807999047732413,normal_flow,2356000.csv
2356000,2020-05-19,nighttime,6,NA,NA,4.9644197033405305e-15,121.65625,0.5855850493988811,0.4807999047732413,normal_flow,2356000.csv
2356000,2020-05-20,daytime,6,0.04449941594899284,0.933294934904183,0.00495049504950821,114.03125,0.6345673134150697,0.4916954330833631,normal_flow,2356000.csv
2356000,2020-05-20,nighttime,6,0.6708203932499326,0.14470399860633393,0.2249999999999856,114.03125,0.6345673134150697,0.4916954330833631,normal_flow,2356000.csv
2356000,2020-05-21,daytime,6,0.5714909813352911,0.2360885600947294,0.0844660194174717,109.0625,0.6603380549934531,0.5015037892314407,normal_flow,2356000.csv
2356000,2020-05-21,nighttime,6,0.921142502702228,0.00908256945421407,0.4702549575070899,109.0625,0.6603380549934531,0.5015037892314407,normal_flow,2356000.csv
2356000,2020-05-22,daytime,6,0.92080232573388,0.00916003275183813,0.2043076923076991,115.1875,0.6267111058207356,0.5096337737570924,normal_flow,2356000.csv
2356000,2020-05-22,nighttime,6,-0.08304547985373266,0.8757181439430346,-0.09999999999993932,115.1875,0.6267111058207356,0.5096337737570924,normal_flow,2356000.csv
2356000,2020-05-23,daytime,6,0.5216454188704065,0.2885053675901756,0.06596701649175127,137.71875,0.506546839661945,0.5158830297980399,normal_flow,2356000.csv
2356000,2020-05-23,nighttime,6,-0.6696620080077287,0.14566101587088498,-0.05900621118011535,137.71875,0.506546839661945,0.5158830297980399,normal_flow,2356000.csv
2356000,2020-05-24,daytime,6,0.9124716820701808,0.01115652340294855,0.2201138519924077,153.90625,0.449529817878824,0.5203904297107487,normal_flow,2356000.csv
2356000,2020-05-24,nighttime,6,NA,NA,NA,153.90625,0.449529817878824,0.5203904297107487,normal_flow,2356000.csv
2356000,2020-05-25,daytime,6,0.33218191941495884,0.5200543991901109,0.02298850574712068,155.8125,0.44387572907987144,0.522100543586081,normal_flow,2356000.csv
2356000,2020-05-25,nighttime,6,NA,NA,7.481646090048992e-15,155.8125,0.44387572907987144,0.522100543586081,normal_flow,2356000.csv
2356000,2020-05-26,daytime,6,NA,NA,-3.3603078504496363e-14,151.8125,0.45548149029877394,0.5216164742292584,normal_flow,2356000.csv
2356000,2020-05-26,nighttime,6,0.6423640548375676,0.168983764846976,0.0736842105263283,151.8125,0.45548149029877394,0.5216164742292584,normal_flow,2356000.csv
2356000,2020-05-27,daytime,6,0.4613678688652782,0.3570516505946186,0.03547671840354213,148.21875,0.46696821806927746,0.5195532277903424,normal_flow,2356000.csv
2356000,2020-05-27,nighttime,6,-0.1651445647689373,0.7545351241843519,-0.03636363636360859,148.21875,0.46696821806927746,0.5195532277903424,normal_flow,2356000.csv
2356000,2020-05-29,daytime,6,0.62973683460732,0.18026163801031755,0.24641148325358175,143.0625,0.486668253779312,0.5177637582827441,normal_flow,2356000.csv
2356000,2020-05-29,nighttime,6,0.6100425384628341,0.19845043680452973,0.08860759493671659,143.0625,0.486668253779312,0.5177637582827441,normal_flow,2356000.csv
2356000,2020-05-30,daytime,6,0.9344058432019138,0.00631277761582039,0.24178549287042983,140.3125,0.4963694798238305,0.522854422092608,normal_flow,2356000.csv
2356000,2020-05-30,nighttime,6,0.4000000000000021,0.4319999999999973,0.8000000000004498,140.3125,0.4963694798238305,0.522854422092608,normal_flow,2356000.csv
2356000,2020-05-31,daytime,6,0.4375861746349661,0.38551560165431376,0.0666023166023154,138.375,0.5037495536245685,0.5380668967980002,normal_flow,2356000.csv
2356000,2020-05-31,nighttime,6,NA,NA,NA,138.375,0.5037495536245685,0.5380668967980002,normal_flow,2356000.csv
2356000,2020-06-01,daytime,6,NA,NA,-1.7510797475842836e-14,137.78125,0.5062492560409475,0.5570646351624806,normal_flow,2356000.csv
2356000,2020-06-01,nighttime,6,NA,NA,2.1755839288167892e-14,137.78125,0.5062492560409475,0.5570646351624806,normal_flow,2356000.csv
2356000,2020-06-02,daytime,6,0.7344124877258382,0.09643825313304924,0.2765957446808456,133.875,0.524639923818593,0.5710828076022696,normal_flow,2356000.csv
2356000,2020-06-02,nighttime,6,NA,NA,1.8918121120146205e-14,133.875,0.524639923818593,0.5710828076022696,normal_flow,2356000.csv
2356000,2020-06-03,daytime,6,0.9550230183180084,0.00298890070421597,0.7931034482758779,127,0.554636352815141,0.5757092409633774,normal_flow,2356000.csv
2356000,2020-06-03,nighttime,6,0.5345224838248487,0.27457662909484826,0.2857142857142965,127,0.554636352815141,0.5757092409633774,normal_flow,2356000.csv
2356000,2020-06-04,daytime,6,0.8586043123509889,0.0285756670841206,0.2457337883959098,118.21875,0.6070110701107011,0.5761933103201999,normal_flow,2356000.csv
2356000,2020-06-04,nighttime,6,NA,NA,NA,118.21875,0.6070110701107011,0.5761933103201999,normal_flow,2356000.csv
2356000,2020-06-05,daytime,6,0.960690162407061,0.00228752297207343,0.374840085287852,108.90625,0.6610522556838472,0.5739713526167519,normal_flow,2356000.csv
2356000,2020-06-05,nighttime,6,0.8107955821376583,0.05031086824146053,0.31964809384166404,108.90625,0.6610522556838472,0.5739713526167519,normal_flow,2356000.csv
2356000,2020-06-06,daytime,6,0.4152273992687023,0.4129543665511455,0.2586206896551522,99.96875,0.7030710629686941,0.5700948299805578,normal_flow,2356000.csv
2356000,2020-06-06,nighttime,6,0.8719775384642713,0.02353549787492502,0.4827586206896524,99.96875,0.7030710629686941,0.5700948299805578,normal_flow,2356000.csv
2356000,2020-06-07,daytime,6,0.9759293964284428,8.621177533316799e-4,0.35439560439559803,92.0625,0.7347339602428282,0.5646510336071102,normal_flow,2356000.csv
2356000,2020-06-07,nighttime,6,0.9124211282466742,0.0111692206193669,0.3095238095238116,92.0625,0.7347339602428282,0.5646510336071102,normal_flow,2356000.csv
2356000,2020-06-08,daytime,6,0.9567198217390728,0.00276922509680196,0.28801843317972314,92.09375,0.7344958933460303,0.5587152323136134,normal_flow,2356000.csv
2356000,2020-06-08,nighttime,6,0.7276068751089997,0.10119150721829488,0.500000000000021,92.09375,0.7344958933460303,0.5587152323136134,normal_flow,2356000.csv
2356000,2020-06-09,daytime,6,0.8426808685213095,0.03517719378536181,0.3050847457627043,110.25,0.6541483156767052,0.5540173788834662,normal_flow,2356000.csv
2356000,2020-06-09,nighttime,6,0.7744030926623686,0.07060018639246601,0.6896551724138024,110.25,0.6541483156767052,0.5540173788834662,normal_flow,2356000.csv
2356000,2020-06-10,daytime,6,0.98366503405621,3.980673300103897e-4,0.293953488372095,133.8125,0.524877990715391,0.5508907669721859,normal_flow,2356000.csv
2356000,2020-06-10,nighttime,6,0.31526414437772604,0.5427710684988349,0.12068965517244136,133.8125,0.524877990715391,0.5508907669721859,normal_flow,2356000.csv
2356000,2020-06-11,daytime,6,0.9654153018370624,0.00177346861850272,0.2136616362192237,146.03125,0.4742292584216165,0.5494028488671984,normal_flow,2356000.csv
2356000,2020-06-11,nighttime,6,0.7800390029252433,0.06725309146157873,0.5909090909090707,146.03125,0.4742292584216165,0.5494028488671984,normal_flow,2356000.csv
2356000,2020-06-12,daytime,6,0.9228490233128198,0.00869879796008823,0.26950959488272574,155.875,0.44363766218307343,0.5484624846248463,normal_flow,2356000.csv
2356000,2020-06-12,nighttime,6,-0.4030088179960223,0.4282143347358453,-0.0738255033556929,155.875,0.44363766218307343,0.5484624846248463,normal_flow,2356000.csv
2356000,2020-06-13,daytime,6,0.9892956299876752,1.7126203375052748e-4,0.3701923076923131,161.78125,0.4285204142364004,0.54802206086577,normal_flow,2356000.csv
2356000,2020-06-13,nighttime,6,0.94065796086549,0.00517773058193093,0.4080338266384831,161.78125,0.4285204142364004,0.54802206086577,normal_flow,2356000.csv
2356000,2020-06-14,daytime,6,0.998352257361146,4.070346849238577e-6,0.5363636363636439,168.125,0.4147125342221164,0.5477443161528389,normal_flow,2356000.csv
2356000,2020-06-14,nighttime,6,0.809740354995789,0.05085451977653695,0.1892682926829307,168.125,0.4147125342221164,0.5477443161528389,normal_flow,2356000.csv
2356000,2020-06-15,daytime,6,0.9943287726820996,4.815302760725646e-5,0.49098196392786503,168.125,0.4147125342221164,0.5476014760147602,normal_flow,2356000.csv
2356000,2020-06-15,nighttime,6,0.8245297695452252,0.0434833558571449,0.4830508474575934,168.125,0.4147125342221164,0.5476014760147602,normal_flow,2356000.csv
2356000,2020-06-16,daytime,6,0.9864729586404782,2.7323367716426125e-4,0.7596153846153922,158.625,0.43578145458873946,0.5495853668214101,normal_flow,2356000.csv
2356000,2020-06-16,nighttime,6,0.9396990448005176,0.0053446744735855,0.34340222575517665,158.625,0.43578145458873946,0.5495853668214101,normal_flow,2356000.csv
2356000,2020-06-17,daytime,6,0.9971509591846746,1.2163987471118928e-5,0.6842864007688669,145.1875,0.47774074514938697,0.5589969448081578,normal_flow,2356000.csv
2356000,2020-06-17,nighttime,6,0.9305818590476292,0.0070610586536271,0.37829766052762337,145.1875,0.47774074514938697,0.5589969448081578,normal_flow,2356000.csv
2356000,2020-06-18,daytime,6,0.9881268446791108,2.1062083576975425e-4,0.4427131072410658,131.96875,0.5323175812403286,0.578058167678451,normal_flow,2356000.csv
2356000,2020-06-18,nighttime,6,0.9836838560083372,3.971530183148193e-4,0.569196428571439,131.96875,0.5323175812403286,0.578058167678451,normal_flow,2356000.csv
2356000,2020-06-19,daytime,6,0.9999030898905062,1.4086898914134341e-8,0.5902883156297434,120.34375,0.5929056064754196,0.600686426219101,normal_flow,2356000.csv
2356000,2020-06-19,nighttime,6,0.856562634145618,0.02938585677003275,0.905660377358472,120.34375,0.5929056064754196,0.600686426219101,normal_flow,2356000.csv
2356000,2020-06-20,daytime,6,0.9922666836060748,8.947503134055017e-5,0.6847290640394156,110.21875,0.6544458992977027,0.6253739634170535,normal_flow,2356000.csv
2356000,2020-06-20,nighttime,6,0.9076802485674852,0.01239098706705386,0.993506493506464,110.21875,0.6544458992977027,0.6253739634170535,normal_flow,2356000.csv
2356000,2020-06-21,daytime,6,0.981074914284976,5.33849210330763e-4,1.0418271876719936,101,0.6989048922747292,0.6508233146847597,normal_flow,2356000.csv
2356000,2020-06-21,nighttime,6,0.9883715370521524,2.0204551872484791e-4,0.8119507908611332,101,0.6989048922747292,0.6508233146847597,normal_flow,2356000.csv
2356000,2020-06-22,daytime,6,0.9823328108066154,4.6543713487396017e-4,1.0808510638297928,92.5,0.7325913581716462,0.675558465262072,normal_flow,2356000.csv
2356000,2020-06-22,nighttime,6,0.9475104386940462,0.00406042265553239,0.9559999999999762,92.5,0.7325913581716462,0.675558465262072,normal_flow,2356000.csv
2356000,2020-06-23,daytime,6,0.9769083608599892,7.936791914945772e-4,2.7446808510641754,84.75,0.7642542554457803,0.6972781018132762,normal_flow,2356000.csv
2356000,2020-06-23,nighttime,6,0.9326777762657066,0.00664586106782501,1.1210526315788865,84.75,0.7642542554457803,0.6972781018132762,normal_flow,2356000.csv
2356000,2020-06-24,daytime,6,0.987830952837546,2.2122753227554935e-4,1.1922141119221583,78.109375,0.7953219854779193,0.7166408760861802,normal_flow,2356000.csv
2356000,2020-06-24,nighttime,6,0.9512956677499388,0.00350040190488423,1.2173913043478393,78.109375,0.7953219854779193,0.7166408760861802,normal_flow,2356000.csv
2356000,2020-06-25,daytime,6,0.9817102846004062,4.987114540090259e-4,1.1376811594203209,74.28125,0.8107963337697893,0.7342657620124589,normal_flow,2356000.csv
2356000,2020-06-25,nighttime,6,0.9689011398595584,0.00143567019121685,1.1762013729976728,74.28125,0.8107963337697893,0.7342657620124589,normal_flow,2356000.csv
2356000,2020-06-26,daytime,6,0.9974414783647358,9.810675353697856e-6,1.2994475138121797,73.453125,0.8136531365313653,0.7494861722810776,normal_flow,2356000.csv
2356000,2020-06-26,nighttime,6,0.9168409623873216,0.01008559823884458,0.5143953934740889,73.453125,0.8136531365313653,0.7494861722810776,normal_flow,2356000.csv
2356000,2020-06-27,daytime,6,0.9765188823428352,8.205710212403894e-4,0.6563665423548168,73.390625,0.8139507201523628,0.7609927389596477,normal_flow,2356000.csv
2356000,2020-06-27,nighttime,6,0.9309018473162892,0.00699687560147485,1.649999999999991,73.390625,0.8139507201523628,0.7609927389596477,normal_flow,2356000.csv
2356000,2020-06-28,daytime,6,0.9877558822280336,2.239598206252587e-4,0.5702811244979923,74.46875,0.8102606832519939,0.7676824187596715,normal_flow,2356000.csv
2356000,2020-06-28,nighttime,6,0.6076436202502007,0.20071493028627452,1.2000000000001891,74.46875,0.8102606832519939,0.7676824187596715,normal_flow,2356000.csv
2356000,2020-06-29,daytime,6,0.9891588821406028,1.7565767725758106e-4,0.4359999999999991,80.171875,0.7857397928817997,0.7707971273261119,normal_flow,2356000.csv
2356000,2020-06-29,nighttime,6,0.9361107399958318,0.00599236352575242,1.0749999999999924,80.171875,0.7857397928817997,0.7707971273261119,normal_flow,2356000.csv
2356000,2020-06-30,daytime,6,0.9871580083483702,2.463161946101309e-4,0.5168241965973595,90.6875,0.7405070824901797,0.7715986192119986,normal_flow,2356000.csv
2356000,2020-06-30,nighttime,6,0.977375648302503,7.620016696784372e-4,0.7719298245614087,90.6875,0.7405070824901797,0.7715986192119986,normal_flow,2356000.csv
2356000,2020-07-01,daytime,6,0.9289632362564374,0.00739009907172379,0.9928825622776056,94.125,0.7262230686822997,0.769170336864659,normal_flow,2356000.csv
2356000,2020-07-01,nighttime,6,0.9400881758649684,0.00527661545704555,0.7717391304347754,94.125,0.7262230686822997,0.769170336864659,normal_flow,2356000.csv
2356000,2020-07-02,daytime,6,0.993812023303369,5.731811131720671e-5,0.5064935064935148,90.296875,0.7421140340435662,0.7618894576042534,normal_flow,2356000.csv
2356000,2020-07-02,nighttime,6,0.9520478438009434,0.00339398310962878,0.6517055655296189,90.296875,0.7421140340435662,0.7618894576042534,normal_flow,2356000.csv
2356000,2020-07-03,daytime,6,0.9932241856186116,6.871194635169745e-5,0.5641646489104215,85.765625,0.7606237352696108,0.7487045193032575,normal_flow,2356000.csv
2356000,2020-07-03,nighttime,6,0.9349534378965002,0.0062089750634624,0.6499999999999704,85.765625,0.7606237352696108,0.7487045193032575,normal_flow,2356000.csv
2356000,2020-07-04,daytime,6,0.9635381525625996,0.00196996207878236,0.5270425776754889,84.53125,0.7655041066539697,0.7275641788675952,normal_flow,2356000.csv
2356000,2020-07-04,nighttime,6,0.868855374740375,0.02467059661901252,0.46268656716417,84.53125,0.7655041066539697,0.7275641788675952,normal_flow,2356000.csv
2356000,2020-07-05,daytime,6,0.9410195250096584,0.0051154570612326,0.8325791855203649,87.234375,0.7547910962980597,0.7027814149109233,normal_flow,2356000.csv
2356000,2020-07-05,nighttime,6,0.8953693187778936,0.01584864283155269,0.6136363636363651,87.234375,0.7547910962980597,0.7027814149109233,normal_flow,2356000.csv
2356000,2020-07-06,daytime,6,0.7830317274104476,0.06550593115614572,0.1532846715328388,89.484375,0.7456255207713367,0.6785938181962464,normal_flow,2356000.csv
2356000,2020-07-06,nighttime,6,0.9704615734972089,0.00129589154652737,0.6157894736842014,89.484375,0.7456255207713367,0.6785938181962464,normal_flow,2356000.csv
2356000,2020-07-07,daytime,6,0.7626229858031932,0.0778339284803965,0.13712374581938913,89.671875,0.7446137364599452,0.6581875173590446,normal_flow,2356000.csv
2356000,2020-07-07,nighttime,6,0.9058554866420055,0.01287757376690489,0.6363636363636017,89.671875,0.7446137364599452,0.6581875173590446,normal_flow,2356000.csv
2356000,2020-07-08,daytime,6,0.8863718231597421,0.01863349656326911,0.11701244813277809,93.8125,0.7278300202356862,0.6441971193905487,normal_flow,2356000.csv
2356000,2020-07-08,nighttime,6,0.29277002188455004,0.5733922538253691,0.12000000000005533,93.8125,0.7278300202356862,0.6441971193905487,normal_flow,2356000.csv
2356000,2020-07-09,daytime,6,0.916312241096994,0.01021240197599565,0.24694944799535487,103.9375,0.6861087965718367,0.6351902551283577,normal_flow,2356000.csv
2356000,2020-07-09,nighttime,6,0.2767713805324021,0.595443604797609,0.2079207920792277,103.9375,0.6861087965718367,0.6351902551283577,normal_flow,2356000.csv
2356000,2020-07-10,daytime,6,0.979504695448985,6.257816596740385e-4,0.30754716981131425,117.328125,0.6130222592548507,0.6288338689838511,normal_flow,2356000.csv
2356000,2020-07-10,nighttime,6,0.9973726014196992,1.03457661901023e-5,0.5278276481148964,117.328125,0.6130222592548507,0.6288338689838511,normal_flow,2356000.csv
2356000,2020-07-11,daytime,6,0.9697256279626352,0.0013609326032067,0.27040618955512746,140.265625,0.496548029996429,0.6233543625758838,normal_flow,2356000.csv
2356000,2020-07-11,nighttime,6,0.7909115788386987,0.06100649135708513,0.3434343434343481,140.265625,0.496548029996429,0.6233543625758838,normal_flow,2356000.csv
2356000,2020-07-12,daytime,6,0.9859584947612048,2.9436156530433317e-4,0.39968895800933085,156.34375,0.44220926080228545,0.6189223505138277,normal_flow,2356000.csv
2356000,2020-07-12,nighttime,6,0.6220880993971112,0.187239908516886,0.24626865671642129,156.34375,0.44220926080228545,0.6189223505138277,normal_flow,2356000.csv
2356000,2020-07-13,daytime,6,0.9923804791424816,8.686446351229373e-5,0.33979135618480377,154.5625,0.4474467325318415,0.6165099392929413,normal_flow,2356000.csv
2356000,2020-07-13,nighttime,6,0.7346474622668616,0.09627595655431904,0.2190889370932725,154.5625,0.4474467325318415,0.6165099392929413,normal_flow,2356000.csv
2356000,2020-07-14,daytime,6,0.9431571772275829,0.00475482714401457,0.263796240145551,144.65625,0.47964528032377096,0.6162877435225965,normal_flow,2356000.csv
2356000,2020-07-14,nighttime,6,0.7289048703432038,0.10027711518065167,0.22330097087381012,144.65625,0.47964528032377096,0.6162877435225965,normal_flow,2356000.csv
2356000,2020-07-15,daytime,6,0.6630649835527389,0.15116249950360597,0.4999999999999898,132.265625,0.5306511129627425,0.61764869261595845,normal_flow,2356000.csv
2356000,2020-07-15,nighttime,6,0.8992288030258997,0.01472059381372925,0.6842105263158109,132.265625,0.5306511129627425,0.61764869261595845,normal_flow,2356000.csv
2356000,2020-07-16,daytime,6,0.9471879161252056,0.00411002478536757,0.4609374999999981,120.6875,0.5911201047494345,0.6218029599650835,normal_flow,2356000.csv
2356000,2020-07-16,nighttime,6,0.9316949906249142,0.00683902041024928,0.34722222222222016,120.6875,0.5911201047494345,0.6218029599650835,normal_flow,2356000.csv
2356000,2020-07-17,daytime,6,0.992357215889181,8.739500772488753e-5,0.4953419226957321,111.5,0.6467682418759672,0.6300003967781613,normal_flow,2356000.csv
2356000,2020-07-17,nighttime,6,0.8151546454126168,0.04809382764305352,0.23846153846154233,111.5,0.6467682418759672,0.6300003967781613,normal_flow,2356000.csv
2356000,2020-07-18,daytime,6,0.9892221984308556,1.736155298558336e-4,0.6232616940581579,105.46875,0.6784311391501012,0.64365750109114,normal_flow,2356000.csv
2356000,2020-07-18,nighttime,6,0.9948623224362038,3.952578974747649e-5,0.9479305740987888,105.46875,0.6784311391501012,0.64365750109114,normal_flow,2356000.csv
2356000,2020-07-19,daytime,6,0.9738608982412454,0.00101594915597997,0.6604278074866468,100.96875,0.6990239257231282,0.6653255564813713,normal_flow,2356000.csv
2356000,2020-07-19,nighttime,6,0.9557162040239434,0.00289816040848025,0.5027397260273981,100.96875,0.6990239257231282,0.6653255564813713,normal_flow,2356000.csv
2356000,2020-07-20,daytime,6,0.9957569033257236,2.6967608001722307e-5,0.805389221556883,95.921875,0.7186049279847637,0.6910010713010356,normal_flow,2356000.csv
2356000,2020-07-20,nighttime,6,0.9080245038711524,0.01230020485051628,0.4887804878048803,95.921875,0.7186049279847637,0.6910010713010356,normal_flow,2356000.csv
2356000,2020-07-22,daytime,6,0.9921214805373636,9.286208932242272e-5,0.8587896253602839,84.625,0.7650279728603737,0.7402015633059557,normal_flow,2356000.csv
2356000,2020-07-22,nighttime,6,0.9401627162693056,0.0052636270735172,0.6139705882352842,84.625,0.7650279728603737,0.7402015633059557,normal_flow,2356000.csv
2356000,2020-07-23,daytime,6,0.9960079680956168,2.3872668942024818e-5,0.7500000000000205,79.21875,0.7901440304725628,0.759675435464032,low_flow,2356000.csv
2356000,2020-07-23,nighttime,6,0.948956154345776,0.00384171455782948,0.8655462184873922,79.21875,0.7901440304725628,0.759675435464032,low_flow,2356000.csv
2356000,2020-07-24,daytime,6,0.9793939033709606,6.325420375310862e-4,1.1462068965517491,74.765625,0.8090703487680038,0.7721382375114074,low_flow,2356000.csv
2356000,2020-07-24,nighttime,6,0.9697465836796868,0.00135905878851327,1.0291262135921626,74.765625,0.8090703487680038,0.7721382375114074,low_flow,2356000.csv
2356000,2020-07-25,daytime,6,0.99670996156609,1.6218723076382325e-5,0.7980241492864968,72.390625,0.8178788239495298,0.7767368964012221,low_flow,2356000.csv
2356000,2020-07-25,nighttime,6,0.9826355363687888,4.4966898934849193e-4,0.7435158501440977,72.390625,0.8178788239495298,0.7767368964012221,low_flow,2356000.csv
2356000,2020-07-26,daytime,6,0.9988570374468514,1.95879853462767e-6,0.80777267028835,71.640625,0.8215688608498988,0.7771931912867516,low_flow,2356000.csv
2356000,2020-07-26,nighttime,6,0.952099084177408,0.00338679233349555,0.6743421052631108,71.640625,0.8215688608498988,0.7771931912867516,low_flow,2356000.csv
2356000,2020-07-27,daytime,6,0.9742498034004604,9.86071812146753e-4,0.821428571428585,70.34375,0.8273419830972504,0.775558465262072,low_flow,2356000.csv
2356000,2020-07-27,nighttime,6,0.9237604307034016,0.00849713771168261,0.9599999999999688,70.34375,0.8273419830972504,0.775558465262072,low_flow,2356000.csv
2356000,2020-07-28,daytime,6,-0.6523280730534414,0.1603010974524844,-4.00000000000121,69.03125,0.8321628377574098,0.7734277665357299,low_flow,2356000.csv
2356000,2020-07-28,nighttime,6,0.9525221271652358,0.00332771152761651,2.0260223048327166,69.03125,0.8321628377574098,0.7734277665357299,low_flow,2356000.csv
2356000,2020-07-29,daytime,6,0.5921865681580842,0.21555560080977024,6.3999999999985855,68.796875,0.8329365551720034,0.7714478435106932,low_flow,2356000.csv
2356000,2020-07-29,nighttime,6,0.8858781253111918,0.01879255305770509,1.5169491525423775,68.796875,0.8329365551720034,0.7714478435106932,low_flow,2356000.csv
2356000,2020-07-30,daytime,6,0.9927356394609403,7.896472751674078e-5,0.7623318385650405,71.34375,0.8227591953338889,0.7700511843828116,low_flow,2356000.csv
2356000,2020-07-30,nighttime,6,0.8751347563781785,0.02241358604607707,0.5622775800711636,71.34375,0.8227591953338889,0.7700511843828116,low_flow,2356000.csv
2356000,2020-07-31,daytime,6,0.9994370429963608,4.752916755870775e-7,0.8689956331877833,81.859375,0.7780621354600643,0.7690195611633536,low_flow,2356000.csv
2356000,2020-07-31,nighttime,6,0.9505847526548348,0.00360246728253028,0.7314949201741267,81.859375,0.7780621354600643,0.7690195611633536,low_flow,2356000.csv
2356000,2020-08-01,daytime,6,0.9970433440619872,1.3099798235047808e-5,0.9198036006546864,96.640625,0.7157481252231878,0.7684402650478118,low_flow,2356000.csv
2356000,2020-08-01,nighttime,6,0.98039604721916,5.7270540074028e-4,1.5240274599542032,96.640625,0.7157481252231878,0.7684402650478118,low_flow,2356000.csv
2356000,2020-08-02,daytime,6,0.9832922855822186,4.1638962139723616e-4,1.0813253012048305,104.015625,0.6852755624330437,0.7683847161052256,low_flow,2356000.csv
2356000,2020-08-02,nighttime,6,0.8572950503376429,0.02909398205334475,1.4467005076141852,104.015625,0.6852755624330437,0.7683847161052256,low_flow,2356000.csv
2356000,2020-08-03,daytime,6,0.9881826806935464,2.0864841476381335e-4,0.6939655172413811,106.1875,0.6745030353529342,0.7690552711978733,low_flow,2356000.csv
2356000,2020-08-03,nighttime,6,0.5564866749122014,0.25143566632778014,2.3999999999998787,106.1875,0.6745030353529342,0.7690552711978733,low_flow,2356000.csv
2356000,2020-08-04,daytime,6,0.981404026661176,5.154999977705928e-4,0.7538654408692043,103.828125,0.6866444470896322,0.7702098956473435,low_flow,2356000.csv
2356000,2020-08-04,nighttime,6,0.9531862253799276,0.00323599735736154,0.747933884297508,103.828125,0.6866444470896322,0.7702098956473435,low_flow,2356000.csv
2356000,2020-08-05,daytime,6,0.9594327065962228,0.00243517703640108,0.9347826086957124,97.609375,0.7125937388406142,0.7714518112923064,low_flow,2356000.csv
2356000,2020-08-05,nighttime,6,0.980828534463922,5.477944471809197e-4,0.9449760765550336,97.609375,0.7125937388406142,0.7714518112923064,low_flow,2356000.csv
2356000,2020-08-06,daytime,6,0.9520700328448,0.00339086830780004,1.4413407821229547,89.84375,0.7440780859421497,0.7727175336269492,low_flow,2356000.csv
2356000,2020-08-06,nighttime,6,0.978996435357978,6.570917330964082e-4,0.6534296028880896,89.84375,0.7440780859421497,0.7727175336269492,low_flow,2356000.csv
2356000,2020-08-07,daytime,6,0.9865981044766468,2.6821264281582714e-4,1.3249630723781876,82.578125,0.7746696821806928,0.7743443240884021,low_flow,2356000.csv
2356000,2020-08-07,nighttime,6,0.8483565656998237,0.03275002092537323,1.5974025974023478,82.578125,0.7746696821806928,0.7743443240884021,low_flow,2356000.csv
2356000,2020-08-08,daytime,6,0.9826044034278266,4.512781574193864e-4,0.7970604861503915,76.9375,0.8003809070348769,0.7782129111613697,low_flow,2356000.csv
2356000,2020-08-08,nighttime,6,0.9737928963463784,0.00102121874253618,1.1416549789621242,76.9375,0.8003809070348769,0.7782129111613697,low_flow,2356000.csv
2356000,2020-08-09,daytime,6,0.9896354233052426,1.60579970616486e-4,1.29828326180261,72.671875,0.8170455898107368,0.7849819465936595,low_flow,2356000.csv
2356000,2020-08-09,nighttime,6,1,0,0.9999999999999826,72.671875,0.8170455898107368,0.7849819465936595,low_flow,2356000.csv
2356000,2020-08-10,daytime,6,0.9877945461109978,2.22550514775166e-4,1.0625000000000042,69.140625,0.8316271872396144,0.7928937031305797,low_flow,2356000.csv
2356000,2020-08-10,nighttime,6,0.9917516498563496,1.017723307322236e-4,1.220489977728208,69.140625,0.8316271872396144,0.7928937031305797,low_flow,2356000.csv
2356000,2020-08-11,daytime,6,-0.5128225940683789,0.29819895000058105,-0.7012987012988445,66.15625,0.8446613498393049,0.8001944212990517,low_flow,2356000.csv
2356000,2020-08-11,nighttime,6,0.9976218848067544,8.476423174289074e-6,1.066420664206615,66.15625,0.8446613498393049,0.8001944212990517,low_flow,2356000.csv
2356000,2020-08-12,daytime,6,0.967980174430044,0.00152148937334969,0.8451242829828153,64.3125,0.8507915724318533,0.8035114867277705,low_flow,2356000.csv
2356000,2020-08-12,nighttime,6,0.8604131635972025,0.02786683854256094,0.5122950819672054,64.3125,0.8507915724318533,0.8035114867277705,low_flow,2356000.csv
2356000,2020-08-13,daytime,6,0.8407609899205726,0.03601667674455253,1.0849056603774263,64.078125,0.8519223901916438,0.802896480577709,low_flow,2356000.csv
2356000,2020-08-13,nighttime,6,0.9605481725553052,0.00230396769999372,1.3797468354429296,64.078125,0.8519223901916438,0.802896480577709,low_flow,2356000.csv
2356000,2020-08-14,daytime,6,0.9881426898855789,2.1006016070496673e-4,0.7563409563409681,65.390625,0.8471610522556838,0.8004562948855295,low_flow,2356000.csv
2356000,2020-08-14,nighttime,6,0.942126921061852,0.00492702294189286,2.221719457013537,65.390625,0.8471610522556838,0.8004562948855295,low_flow,2356000.csv
2356000,2020-08-15,daytime,6,0.9626528761093424,0.00206616546706112,1.4634146341464074,68.09375,0.8360909415545769,0.7966194500654684,low_flow,2356000.csv
2356000,2020-08-15,nighttime,6,0.8216815078630092,0.04486118719981554,3.482758620689259,68.09375,0.8360909415545769,0.7966194500654684,low_flow,2356000.csv
2356000,2020-08-16,daytime,6,0.982025527901008,4.8171885982917543e-4,0.8775913129318997,72.59375,0.8172836567075348,0.7908264889100504,low_flow,2356000.csv
2356000,2020-08-16,nighttime,6,0.986989528526101,2.5280739530229217e-4,0.9609544468546276,72.59375,0.8172836567075348,0.7908264889100504,low_flow,2356000.csv
2356000,2020-08-17,daytime,6,0.9929551782230586,7.426945526326111e-5,0.716216216216221,75.953125,0.8039519104868468,0.7822084672459628,low_flow,2356000.csv
2356000,2020-08-17,nighttime,6,0.993705154079582,5.9312910839865856e-5,0.6889185580774261,75.953125,0.8039519104868468,0.7822084672459628,low_flow,2356000.csv
2356000,2020-08-18,daytime,6,0.9921689827736194,9.174712829660434e-5,0.9080234833659536,80.46875,0.7840138078800143,0.7694441137959767,low_flow,2356000.csv
2356000,2020-08-18,nighttime,6,0.9683205555268892,0.00148948426066553,0.6459330143540685,80.46875,0.7840138078800143,0.7694441137959767,low_flow,2356000.csv
2356000,2020-08-19,daytime,6,0.966240492659654,0.00169031857534812,0.7862068965517439,91.640625,0.7364004285204142,0.7537872475498948,low_flow,2356000.csv
2356000,2020-08-19,nighttime,6,0.9174173963120704,0.00994822765861624,0.2276816608996594,91.640625,0.7364004285204142,0.7537872475498948,low_flow,2356000.csv
2356000,2020-08-20,daytime,6,-0.4862645390838582,0.32809259500974125,-0.28571428571434326,99.90625,0.7033686465896917,0.7385192239019164,normal_flow,2356000.csv
2356000,2020-08-20,nighttime,6,-0.12067769800636229,0.8198621740924446,-0.01941747572814433,99.90625,0.7033686465896917,0.7385192239019164,normal_flow,2356000.csv
2356000,2020-08-21,daytime,6,0.8627462974597413,0.02696503594187959,0.4882812500000227,98.796875,0.7074753005594572,0.7241360155537039,normal_flow,2356000.csv
2356000,2020-08-21,nighttime,6,-0.3431763902764967,0.5054433623053697,-0.09285714285714124,98.796875,0.7074753005594572,0.7241360155537039,normal_flow,2356000.csv
2356000,2020-08-22,daytime,6,0.9600480036003004,0.00236235809491769,1.4545454545455083,96.3125,0.7171170098797762,0.7068325199381026,normal_flow,2356000.csv
2356000,2020-08-22,nighttime,6,0.8471174496030159,0.03327294372545821,0.20930232558139888,96.3125,0.7171170098797762,0.7068325199381026,normal_flow,2356000.csv
2356000,2020-08-23,daytime,6,0.6643638388299228,0.15007246825551387,1.0666666666666418,97.2890625,0.7134864897036067,0.6872911954926001,normal_flow,2356000.csv
2356000,2020-08-23,nighttime,6,0.8177957012097806,0.04677316355802612,0.2675159235668842,97.2890625,0.7134864897036067,0.6872911954926001,normal_flow,2356000.csv
2356000,2020-08-24,daytime,6,0.8892496371659034,0.01771925210282025,0.9405940594059684,103.5,0.6877752648494226,0.6701384755783042,normal_flow,2356000.csv
2356000,2020-08-24,nighttime,6,0.7963666317023445,0.05797783653624681,0.4368932038834421,103.5,0.6877752648494226,0.6701384755783042,normal_flow,2356000.csv
2356000,2020-08-25,daytime,6,0.9805310407872304,5.648707984634348e-4,0.32388973966308776,112.75,0.6401618854898227,0.6568226004840694,normal_flow,2356000.csv
2356000,2020-08-25,nighttime,6,0.35422706260979225,0.49088304733517274,0.0853242320819157,112.75,0.6401618854898227,0.6568226004840694,normal_flow,2356000.csv
2356000,2020-08-26,daytime,6,0.9769267960867296,7.924173358546731e-4,0.17894736842105097,117.7734375,0.6098083561480776,0.647335634646669,normal_flow,2356000.csv
2356000,2020-08-26,nighttime,6,1,0,0.9999999999998264,117.7734375,0.6098083561480776,0.647335634646669,normal_flow,2356000.csv
2356000,2020-08-27,daytime,6,0.9969187002866224,1.422698432728515e-5,0.39592274678111633,115.890625,0.6217712177121771,0.642613974526842,normal_flow,2356000.csv
2356000,2020-08-27,nighttime,6,0.8770580193070286,0.02174297846523683,0.3846153846153735,115.890625,0.6217712177121771,0.642613974526842,normal_flow,2356000.csv
2356000,2020-08-28,daytime,6,0.8718365105333101,0.02358622099716846,0.1806318681318689,113.625,0.6361742649684561,0.6407689560766575,normal_flow,2356000.csv
2356000,2020-08-28,nighttime,6,0.8282661677990318,0.04170633287723693,0.6714285714285361,113.625,0.6361742649684561,0.6407689560766575,normal_flow,2356000.csv
2356000,2020-08-29,daytime,6,0.7595545253127487,0.07977047894801524,0.28846153846153033,121.328125,0.5876086180216641,0.6393484902590961,normal_flow,2356000.csv
2356000,2020-08-29,nighttime,6,0.9123245473496532,0.01119349755158116,0.3497854077253247,121.328125,0.5876086180216641,0.6393484902590961,normal_flow,2356000.csv
2356000,2020-08-30,daytime,6,0.8740224613905049,0.02280585715136623,0.35591506572295434,129.453125,0.542971074872039,0.638804904178074,normal_flow,2356000.csv
2356000,2020-08-30,nighttime,6,0.8812681332757166,0.02030898749302593,0.23011363636363177,129.453125,0.542971074872039,0.638804904178074,normal_flow,2356000.csv
2356000,2020-08-31,daytime,6,-0.26880409055247384,0.6065051698487675,-0.02330827067669969,126.0546875,0.5599928579930961,0.6407451493869777,normal_flow,2356000.csv
2356000,2020-08-31,nighttime,6,0.3898332736417812,0.4448715671780251,0.2307692307692468,126.0546875,0.5599928579930961,0.6407451493869777,normal_flow,2356000.csv
2356000,2020-09-01,daytime,6,0.8574929257125434,0.0290153635313841,0.05882352941176034,118.671875,0.6042137840733246,0.6465698527953021,normal_flow,2356000.csv
2356000,2020-09-01,nighttime,6,-0.3730235484765004,0.4664171505094964,-0.19480519480515388,118.671875,0.6042137840733246,0.6465698527953021,normal_flow,2356000.csv
2356000,2020-09-02,daytime,6,0.8971226080325138,0.01533122196833794,0.06036217303822435,112.4296875,0.6417093203190096,0.6574177677260643,normal_flow,2356000.csv
2356000,2020-09-02,nighttime,6,0.7142857142857143,0.1107871720116617,0.3571428571428057,112.4296875,0.6417093203190096,0.6574177677260643,normal_flow,2356000.csv
2356000,2020-09-03,daytime,6,0.9566099724005546,0.00278319665956952,0.23167155425220023,108.0078125,0.6655755267230091,0.6716898781891044,normal_flow,2356000.csv
2356000,2020-09-03,nighttime,6,0.6055767992272415,0.20267435008365783,0.29032258064513955,108.0078125,0.6655755267230091,0.6716898781891044,normal_flow,2356000.csv
2356000,2020-09-04,daytime,6,0.9452180287084964,0.00441939445655894,0.3380872483221514,106,0.6756933698369242,0.6862873467444351,normal_flow,2356000.csv
2356000,2020-09-04,nighttime,6,0.5101082199294693,0.30120540107125043,0.1435643564356646,106,0.6756933698369242,0.6862873467444351,normal_flow,2356000.csv
2356000,2020-09-05,daytime,6,0.9928865455618932,7.572187627809248e-5,0.3808864265928002,103.9140625,0.6861683132960362,0.7005713605523152,normal_flow,2356000.csv
2356000,2020-09-05,nighttime,6,0.913046464400277,0.01101265178181539,0.26562500000000494,103.9140625,0.6861683132960362,0.7005713605523152,normal_flow,2356000.csv
2356000,2020-09-06,daytime,6,0.9755144621366292,8.919722978492353e-4,0.4962406015037686,98.390625,0.7089632186644447,0.7184065389040987,normal_flow,2356000.csv
2356000,2020-09-06,nighttime,6,0.9112065427946658,0.01147638091123351,0.3760539629004968,98.390625,0.7089632186644447,0.7184065389040987,normal_flow,2356000.csv
2356000,2020-09-07,daytime,6,0.976031335635077,8.548603458123907e-4,0.2566371681415917,90.1875,0.7425901678371623,0.7392889735348966,normal_flow,2356000.csv
2356000,2020-09-07,nighttime,6,0.9169118129500096,0.01006866449142634,0.24727272727273297,90.1875,0.7425901678371623,0.7392889735348966,normal_flow,2356000.csv
2356000,2020-09-08,daytime,6,0.958950140588626,0.002493050063086,0.3920454545454593,82.4765625,0.7751458159742888,0.7589056858310519,normal_flow,2356000.csv
2356000,2020-09-08,nighttime,6,0.969087423704697,0.00141861122602875,0.2571428571428605,82.4765625,0.7751458159742888,0.7589056858310519,normal_flow,2356000.csv
2356000,2020-09-09,daytime,6,0.7952562055290352,0.05858859994130689,0.9999999999999878,76.1484375,0.8028806094512558,0.7746934888703726,normal_flow,2356000.csv
2356000,2020-09-09,nighttime,6,0.978082048495142,7.153302425830716e-4,0.38900203665988137,76.1484375,0.8028806094512558,0.7746934888703726,normal_flow,2356000.csv
2356000,2020-09-10,daytime,6,0.9971244037161447,1.2391691751124002e-5,0.5456852791878211,71.0703125,0.8238900130936794,0.7830059913502361,normal_flow,2356000.csv
2356000,2020-09-10,nighttime,6,0.8548504142651125,0.03007356842997006,0.9743589743588996,71.0703125,0.8238900130936794,0.7830059913502361,normal_flow,2356000.csv
2356000,2020-09-11,daytime,6,0.95888448702618,0.00250097552330669,0.45000000000000295,67.1015625,0.8407332460421378,0.7693925326350037,normal_flow,2356000.csv
2356000,2020-09-11,nighttime,6,0.8080538943173385,0.05172899653383488,0.148397976391232,67.1015625,0.8407332460421378,0.7693925326350037,normal_flow,2356000.csv
2356000,2020-09-12,daytime,6,0.7100009977831683,0.11395475780005052,0.2617449664429465,64.4765625,0.8504344720866563,0.7400944332023965,normal_flow,2356000.csv
2356000,2020-09-12,nighttime,6,0.8153841289567167,0.04797839656373292,0.6070381231671286,64.4765625,0.8504344720866563,0.7400944332023965,normal_flow,2356000.csv
2356000,2020-09-13,daytime,6,0.9451611400370218,0.00442849237586458,0.6764705882353172,63.265625,0.8551362932984169,0.6995913184938302,normal_flow,2356000.csv
2356000,2020-09-13,nighttime,6,0.8471988679750243,0.03323846430037037,0.3697478991596648,63.265625,0.8551362932984169,0.6995913184938302,normal_flow,2356000.csv
2356000,2020-09-14,daytime,6,0.27824333745610275,0.5934057036528565,0.25806451612900005,62.890625,0.8562075943340078,0.6556957505058921,normal_flow,2356000.csv
2356000,2020-09-14,nighttime,6,0.8660254037844394,0.02572142074250626,0.7500000000000177,62.890625,0.8562075943340078,0.6556957505058921,normal_flow,2356000.csv
2356000,2020-09-15,daytime,6,-0.46291004988627416,0.3552324305155463,-0.1874999999999537,63.484375,0.8542435424354243,0.6106892036662303,normal_flow,2356000.csv
2356000,2020-09-15,nighttime,6,NA,NA,NA,63.484375,0.8542435424354243,0.6106892036662303,normal_flow,2356000.csv
2356000,2020-09-16,daytime,6,-0.7771703784241102,0.06894747629279707,-0.7215496368038439,67.03125,0.8410308296631354,0.5650676506765068,normal_flow,2356000.csv
2356000,2020-09-16,nighttime,6,0.7656414934887764,0.07594992165147661,0.2931034482758499,67.03125,0.8410308296631354,0.5650676506765068,normal_flow,2356000.csv
2356000,2020-09-17,daytime,6,-0.6479496754438219,0.1640926880721965,-0.2155172413793246,84.3203125,0.7663968575169623,0.5191088362496529,normal_flow,2356000.csv
2356000,2020-09-17,nighttime,6,-0.15401027590841657,0.770811083716934,-0.08064516129028287,84.3203125,0.7663968575169623,0.5191088362496529,normal_flow,2356000.csv
2356000,2020-09-18,daytime,6,0.8338277068719854,0.03912556954687805,0.2635658914728785,149.9765625,0.46137364599452446,0.4732492163631314,normal_flow,2356000.csv
2356000,2020-09-18,nighttime,6,-0.5751254043851939,0.23242878722437615,-0.2500000000000335,149.9765625,0.46137364599452446,0.4732492163631314,normal_flow,2356000.csv
2356000,2020-09-19,daytime,6,-0.6565321642986157,0.15669575447850337,-0.34482758620690546,267.5234375,0.23622187834781577,0.4274134031662898,normal_flow,2356000.csv
2356000,2020-09-19,nighttime,6,0.8186292482887713,0.04635989722421603,0.8461538461538731,267.5234375,0.23622187834781577,0.4274134031662898,normal_flow,2356000.csv
2356000,2020-09-20,daytime,6,-0.6625413488689205,0.15160289612369715,-0.520000000000017,498.3828125,0.07862159266753958,0.3808633892790541,normal_flow,2356000.csv
2356000,2020-09-20,nighttime,6,NA,NA,8.687357512659376e-15,498.3828125,0.07862159266753958,0.3808633892790541,normal_flow,2356000.csv
2356000,2020-09-21,daytime,6,0.8607677492952394,0.02772887772783483,0.4744027303754528,607.375,0.05052969884537555,0.33325397770106735,normal_flow,2356000.csv
2356000,2020-09-21,nighttime,6,-0.8938193572966879,0.01631293558380964,-0.30434782608694116,607.375,0.05052969884537555,0.33325397770106735,normal_flow,2356000.csv
2356000,2020-09-22,daytime,6,-0.10660035817781556,0.8407051465865598,-0.09090909090913936,536.9609375,0.06749196524223307,0.2853430147204698,normal_flow,2356000.csv
2356000,2020-09-22,nighttime,6,-0.110431526074852,0.8350260738515931,-0.06250000000000591,536.9609375,0.06749196524223307,0.2853430147204698,normal_flow,2356000.csv
2356000,2020-09-23,daytime,6,0.6467081863717534,0.16517458085640038,0.6930693069306878,464.953125,0.0908225211284371,0.23811847795897317,high_flow,2356000.csv
2356000,2020-09-23,nighttime,6,NA,NA,NA,464.953125,0.0908225211284371,0.23811847795897317,high_flow,2356000.csv
2356000,2020-09-24,daytime,6,0.29277002188455997,0.5733922538253555,0.07142857142856855,414.015625,0.1134983930484466,0.1929571876363925,high_flow,2356000.csv
2356000,2020-09-24,nighttime,6,NA,NA,-3.5144048080887095e-14,414.015625,0.1134983930484466,0.1929571876363925,high_flow,2356000.csv
2356000,2020-09-25,daytime,6,NA,NA,-1.974479532035383e-14,375.296875,0.13599571479585765,0.15404912113637265,high_flow,2356000.csv
2356000,2020-09-25,nighttime,6,-0.7071067811865474,0.11611652351681565,-0.6666666666667211,375.296875,0.13599571479585765,0.15404912113637265,high_flow,2356000.csv
2356000,2020-09-26,daytime,6,-0.753840940401763,0.08343350811976641,-0.25628140703519503,351.65625,0.15319604808951315,0.13683291671626394,high_flow,2356000.csv
2356000,2020-09-26,nighttime,6,-0.5813183589761797,0.22624521874205036,-0.1206896551724443,351.65625,0.15319604808951315,0.13683291671626394,high_flow,2356000.csv
2356000,2020-09-27,daytime,6,NA,NA,3.3470521981798873e-14,352.6875,0.15218426377812166,0.13641629964686744,high_flow,2356000.csv
2356000,2020-09-27,nighttime,6,NA,NA,NA,352.6875,0.15218426377812166,0.13641629964686744,high_flow,2356000.csv
2356000,2020-09-28,daytime,6,-0.7224219619614717,0.10488071695424808,-0.04142011834319866,367.703125,0.14099511962861563,0.14864103479744475,high_flow,2356000.csv
2356000,2020-09-28,nighttime,6,0.6637465183030602,0.15059011993384394,0.5384615384615034,367.703125,0.14099511962861563,0.14864103479744475,high_flow,2356000.csv
2356000,2020-09-29,daytime,6,-0.5000000000000001,0.31250000000000006,-0.12500000000000547,373.34375,0.13754314962504463,0.16518271634329246,high_flow,2356000.csv
2356000,2020-09-29,nighttime,6,0.48672479904406774,0.3275656045450319,0.29870129870131534,373.34375,0.13754314962504463,0.16518271634329246,high_flow,2356000.csv
2356000,2020-09-30,daytime,6,0.9759644441812766,8.596191495108163e-4,0.20052770448547969,360.8203125,0.14587549101297465,0.18293853906281,high_flow,2356000.csv
2356000,2020-09-30,nighttime,6,0.4898979485566384,0.32394083099183957,0.2400000000000041,360.8203125,0.14587549101297465,0.18293853906281,high_flow,2356000.csv
2356000,2020-10-01,daytime,6,-0.8141120112822935,0.04861989773797614,-0.20325203252033147,338.1875,0.16361147482442567,0.2016625004959727,high_flow,2356000.csv
2356000,2020-10-01,nighttime,6,-0.7243980088649599,0.10346781081069098,-0.2623762376237476,338.1875,0.16361147482442567,0.2016625004959727,high_flow,2356000.csv
2356000,2020-10-02,daytime,6,NA,NA,-4.678675115735099e-15,316.421875,0.18277586001666468,0.22117605047018213,high_flow,2356000.csv
2356000,2020-10-02,nighttime,6,-0.11337314689563312,0.8306688988525377,-0.01285347043701522,316.421875,0.18277586001666468,0.22117605047018213,high_flow,2356000.csv
2356000,2020-10-03,daytime,6,0.6966268044252508,0.12409242279462188,0.09181141439205212,295.7109375,0.2031305796928937,0.24124112208864024,high_flow,2356000.csv
2356000,2020-10-03,nighttime,6,NA,NA,5.2835609699838426e-15,295.7109375,0.2031305796928937,0.24124112208864024,high_flow,2356000.csv
2356000,2020-10-04,daytime,6,-0.6864812119708663,0.13203253302272389,-0.06368330464716497,272.4921875,0.22997262230686824,0.26256001269690116,normal_flow,2356000.csv
2356000,2020-10-04,nighttime,6,-0.8000000000000048,0.0559999999999974,-0.1999999999999881,272.4921875,0.22997262230686824,0.26256001269690116,normal_flow,2356000.csv
2356000,2020-10-05,daytime,6,-0.5740917448484094,0.23346734356342133,-0.03363074811256279,248.1640625,0.26199261992619927,0.28634289568702137,normal_flow,2356000.csv
2356000,2020-10-05,nighttime,6,-0.91117673744198735,0.01148396919582927,-0.3061889250814239,248.1640625,0.26199261992619927,0.28634289568702137,normal_flow,2356000.csv
2356000,2020-10-06,daytime,6,-0.8537344741732982,0.03052583269553083,-0.10073710073710146,225.65625,0.2986549220330913,0.31205015275959214,normal_flow,2356000.csv
2356000,2020-10-06,nighttime,6,-0.3656362120635744,0.4759866051709212,-0.14705882352942568,225.65625,0.2986549220330913,0.31205015275959214,normal_flow,2356000.csv
2356000,2020-10-07,daytime,6,0.5423261445466391,0.26626462796631106,0.0588235294117632,205.3828125,0.33382930603499583,0.3353727730825695,normal_flow,2356000.csv
2356000,2020-10-07,nighttime,6,0.9191450300180578,0.00954199351502384,0.2413793103448126,205.3828125,0.33382930603499583,0.3353727730825695,normal_flow,2356000.csv
2356000,2020-10-08,daytime,6,0.17657036665205428,0.737896925514798,0.03043478260869895,187.796875,0.3716819426258779,0.353616632940523,normal_flow,2356000.csv
2356000,2020-10-08,nighttime,6,-0.8882347881956854,0.01803913837457292,-0.7012987012988497,187.796875,0.3716819426258779,0.353616632940523,normal_flow,2356000.csv
2356000,2020-10-09,daytime,6,0.7272727272727345,0.1014274981217078,0.19834710743801448,172.0390625,0.4062016426615879,0.36947585604888306,normal_flow,2356000.csv
2356000,2020-10-09,nighttime,6,0.6956083436402503,0.1248798257429098,1.4999999999995393,172.0390625,0.4062016426615879,0.36947585604888306,normal_flow,2356000.csv
2356000,2020-10-10,daytime,6,0.9309376901404572,0.00698970407687968,0.13059033989266533,158.1953125,0.43697178907272943,0.3854977582033885,normal_flow,2356000.csv
2356000,2020-10-10,nighttime,6,NA,NA,NA,158.1953125,0.43697178907272943,0.3854977582033885,normal_flow,2356000.csv
2356000,2020-10-11,daytime,6,0.3070872091564709,0.5538487403316112,0.1414538310412542,146.2890625,0.47297940721342696,0.4028091893822164,normal_flow,2356000.csv
2356000,2020-10-11,nighttime,6,NA,NA,NA,146.2890625,0.47297940721342696,0.4028091893822164,normal_flow,2356000.csv
2356000,2020-10-12,daytime,6,0.9331938779776402,0.00654550711284453,0.3152542372881425,137.2109375,0.508927508629925,0.4218267666547633,normal_flow,2356000.csv
2356000,2020-10-12,nighttime,6,0.6361464251628632,0.1744989533003643,0.5641025641026043,137.2109375,0.508927508629925,0.4218267666547633,normal_flow,2356000.csv
2356000,2020-10-13,daytime,6,0.9912418896873594,1.1472085115276312e-4,0.22983870967742456,133.296875,0.5266039757171765,0.44249890886005633,normal_flow,2356000.csv
2356000,2020-10-13,nighttime,6,-0.8705556460486257,0.02404928666314784,-0.32692307692307293,133.296875,0.5266039757171765,0.44249890886005633,normal_flow,2356000.csv
2356000,2020-10-15,daytime,6,NA,NA,-4.4019597003297986e-15,165.921875,0.4195333888822759,0.4885370789191763,normal_flow,2356000.csv
2356000,2020-10-15,nighttime,6,-0.3700638029578513,0.47024389976005143,-0.06847360912980777,165.921875,0.4195333888822759,0.4885370789191763,normal_flow,2356000.csv
2356000,2020-10-16,daytime,6,-0.3234871911657364,0.5316947040585192,-0.04024767801857515,174.484375,0.4014998214498274,0.5114311788279173,normal_flow,2356000.csv
2356000,2020-10-16,nighttime,6,-0.240522846460417,0.6461730027276509,-0.18181818181814005,174.484375,0.4014998214498274,0.5114311788279173,normal_flow,2356000.csv
2356000,2020-10-17,daytime,6,-0.15314097295791326,0.7720842836794282,-0.01876172607880055,164.2421875,0.4231043923342459,0.5333492044597865,normal_flow,2356000.csv
2356000,2020-10-17,nighttime,6,-0.7888426505157616,0.06217365798910434,-0.1850000000000016,164.2421875,0.4231043923342459,0.5333492044597865,normal_flow,2356000.csv
2356000,2020-10-18,daytime,6,NA,NA,-1.2808968715603218e-14,149.5234375,0.4628020473753125,0.5541007022973455,normal_flow,2356000.csv
2356000,2020-10-18,nighttime,6,-0.5564866749122078,0.2514356663277735,-0.2580645161290665,149.5234375,0.4628020473753125,0.5541007022973455,normal_flow,2356000.csv
2356000,2020-10-19,daytime,6,0.3807498052542954,0.45647402060592446,0.02761341222879063,135.8046875,0.515236281395072,0.572185850890767,normal_flow,2356000.csv
2356000,2020-10-19,nighttime,6,-0.9248640308768414,0.00825603396352556,-0.2617187499999828,135.8046875,0.515236281395072,0.572185850890767,normal_flow,2356000.csv
2356000,2020-10-20,daytime,6,-0.46852128566581713,0.3486411394402052,-0.0548780487805042,123.8046875,0.5720747530055946,0.5859659564337579,normal_flow,2356000.csv
2356000,2020-10-20,nighttime,6,NA,NA,1.7010231284800466e-14,123.8046875,0.5720747530055946,0.5859659564337579,normal_flow,2356000.csv
2356000,2020-10-21,daytime,6,-0.8838834764831828,0.01944176827646783,-0.15625000000001105,113.25,0.6377812165218426,0.593968971947784,normal_flow,2356000.csv
2356000,2020-10-21,nighttime,6,NA,NA,NA,113.25,0.6377812165218426,0.593968971947784,normal_flow,2356000.csv
2356000,2020-10-22,daytime,6,0.7161878581496054,0.1093935585924178,0.08149276466108303,104.015625,0.6852755624330437,0.5944808157758997,normal_flow,2356000.csv
2356000,2020-10-22,nighttime,6,0.5290486946131042,0.2804653445857598,0.32467532467529653,104.015625,0.6852755624330437,0.5944808157758997,normal_flow,2356000.csv
2356000,2020-10-23,daytime,6,NA,NA,-4.079219866531442e-15,96.8359375,0.7150934412569933,0.5959607983176606,normal_flow,2356000.csv
2356000,2020-10-23,nighttime,6,0.9380200282415158,0.00564322679431321,0.4566473988439197,96.8359375,0.7150934412569933,0.5959607983176606,normal_flow,2356000.csv
2356000,2020-10-24,daytime,6,NA,NA,-2.1755839288170363e-14,91.9921875,0.7349720271396263,0.5987184065389041,normal_flow,2356000.csv
2356000,2020-10-24,nighttime,6,0.7206037585776722,0.1061882385999057,0.5517241379310348,91.9921875,0.7349720271396263,0.5987184065389041,normal_flow,2356000.csv
2356000,2020-10-25,daytime,6,0.43999999999999895,0.3825920000000013,0.08800000000001425,88.8203125,0.7482442566361147,0.5992699281831528,normal_flow,2356000.csv
2356000,2020-10-25,nighttime,6,0.7682733253465368,0.07432433482636831,0.7333333333333505,88.8203125,0.7482442566361147,0.5992699281831528,normal_flow,2356000.csv
2356000,2020-10-26,daytime,6,NA,NA,-3.2807527616662768e-15,89.8125,0.7442566361147482,0.5961393484902591,normal_flow,2356000.csv
2356000,2020-10-26,nighttime,6,0.33815538672121415,0.5121007961624539,0.2467532467532075,89.8125,0.7442566361147482,0.5961393484902591,normal_flow,2356000.csv
2356000,2020-10-27,daytime,6,-0.3449044908473769,0.5031580289837968,-0.05947955390335516,96.6796875,0.7156290917747887,0.5900845137483632,normal_flow,2356000.csv
2356000,2020-10-27,nighttime,6,NA,NA,NA,96.6796875,0.7156290917747887,0.5900845137483632,normal_flow,2356000.csv
2356000,2020-10-28,daytime,6,0.8756211724639428,0.02224306311047575,0.25060827250609113,111.5234375,0.6466492084275681,0.5824465341427608,normal_flow,2356000.csv
2356000,2020-10-28,nighttime,6,-0.2,0.7040000000000001,-0.19999999999996515,111.5234375,0.6466492084275681,0.5824465341427608,normal_flow,2356000.csv
2356000,2020-10-29,daytime,6,-0.17677669529663756,0.7375970929190536,-0.02343750000000646,140.765625,0.4950601118914415,0.5736658334325279,normal_flow,2356000.csv
2356000,2020-10-29,nighttime,6,NA,NA,NA,140.765625,0.4950601118914415,0.5736658334325279,normal_flow,2356000.csv
2356000,2020-10-30,daytime,6,0.8447438860445838,0.03428550891504934,0.271844660194193,156.46875,0.44173312700868944,0.5653572987342776,normal_flow,2356000.csv
2356000,2020-10-30,nighttime,6,0.9512902532439832,0.0035011738106871,0.2349397590361451,156.46875,0.44173312700868944,0.5653572987342776,normal_flow,2356000.csv
2356000,2020-10-31,daytime,6,0.23892965207519945,0.6484254556454637,0.02718446601942095,156.0390625,0.44286394476848,0.5593143673372217,normal_flow,2356000.csv
2356000,2020-10-31,nighttime,6,NA,NA,4.8103363250221566e-15,156.0390625,0.44286394476848,0.5593143673372217,normal_flow,2356000.csv
2356000,2020-11-02,daytime,6,-0.2480694691784148,0.6355287029763289,-0.10256410256414608,167.390625,0.4158433519819069,0.5527199142959172,normal_flow,2356000.csv
2356000,2020-11-02,nighttime,6,-0.6453345136780707,0.16637514934365907,-0.03928836174943728,167.390625,0.4158433519819069,0.5527199142959172,normal_flow,2356000.csv
2356000,2020-11-03,daytime,6,NA,NA,-2.0719846941113605e-14,163.5625,0.4244137602666349,0.5523032972265206,normal_flow,2356000.csv
2356000,2020-11-03,nighttime,6,-0.8981462390204974,0.01503295787418685,-0.30555555555554303,163.5625,0.4244137602666349,0.5523032972265206,normal_flow,2356000.csv
2356000,2020-11-04,daytime,6,NA,NA,0,151.21875,0.45750505892155696,0.5552989723445622,normal_flow,2356000.csv
2356000,2020-11-04,nighttime,6,-0.8951494328741146,0.01591411737074984,-0.31319554848964853,151.21875,0.45750505892155696,0.5552989723445622,normal_flow,2356000.csv
2356000,2020-11-05,daytime,6,NA,NA,0,137.796875,0.506070705868349,0.5641114153077015,normal_flow,2356000.csv
2356000,2020-11-05,nighttime,6,-0.4472135954999581,0.37390096630005887,-0.5999999999995822,137.796875,0.506070705868349,0.5641114153077015,normal_flow,2356000.csv
2356000,2020-11-06,daytime,6,NA,NA,0,125.9453125,0.5606475419592906,0.5837241598222433,normal_flow,2356000.csv
2356000,2020-11-06,nighttime,6,-0.4629100498862757,0.35523243051554465,-0.1874999999999639,125.9453125,0.5606475419592906,0.5837241598222433,normal_flow,2356000.csv
2356000,2020-11-07,daytime,6,NA,NA,0,115.5390625,0.6244494703011546,0.6062254493512677,normal_flow,2356000.csv
2356000,2020-11-07,nighttime,6,-0.7745966692414834,0.07048399691021988,-0.5999999999999825,115.5390625,0.6244494703011546,0.6062254493512677,normal_flow,2356000.csv
2356000,2020-11-08,daytime,6,-0.5843857005197284,0.22320724978182568,-0.10044313146235152,106.25,0.6740864182835377,0.6264333611078047,normal_flow,2356000.csv
2356000,2020-11-08,nighttime,6,-0.9284766908852592,0.00749043388127452,-0.41666666666669694,106.25,0.6740864182835377,0.6264333611078047,normal_flow,2356000.csv
2356000,2020-11-09,daytime,6,-0.873507961033686,0.02298840264993447,-0.15260323159785197,98.125,0.7102130698726342,0.6447724477244773,normal_flow,2356000.csv
2356000,2020-11-09,nighttime,6,NA,NA,NA,98.125,0.7102130698726342,0.6447724477244773,normal_flow,2356000.csv
2356000,2020-11-10,daytime,6,-0.3407496218479876,0.5086578384528648,-0.05805515239478735,91.3125,0.7380073800738007,0.663059953180177,normal_flow,2356000.csv
2356000,2020-11-10,nighttime,6,NA,NA,NA,91.3125,0.7380073800738007,0.663059953180177,normal_flow,2356000.csv
2356000,2020-11-11,daytime,6,0.8776626784752354,0.02153415447442393,0.1692307692307628,85.7734375,0.7605642185454112,0.6820537237630441,normal_flow,2356000.csv
2356000,2020-11-11,nighttime,6,-0.7905694150420938,0.06119881963751298,-0.6666666666666067,85.7734375,0.7605642185454112,0.6820537237630441,normal_flow,2356000.csv
2356000,2020-11-12,daytime,6,0.3796283011826585,0.45791311698770526,0.15441176470588786,81.6875,0.7788358528746577,0.7009046542078324,normal_flow,2356000.csv
2356000,2020-11-12,nighttime,6,-0.8164965809277259,0.04742065558431964,-0.3333333333333468,81.6875,0.7788358528746577,0.7009046542078324,normal_flow,2356000.csv
2356000,2020-11-14,daytime,6,-0.5986414282632213,0.2093058887589853,-0.05733944954129962,81.546875,0.7792524699440543,0.7342498908860057,normal_flow,2356000.csv
2356000,2020-11-14,nighttime,6,0.20180183819890013,0.701406329904795,0.04072398190047438,81.546875,0.7792524699440543,0.7342498908860057,normal_flow,2356000.csv
2356000,2020-11-15,daytime,6,NA,NA,-2.5871808883227297e-14,89.4296875,0.7459826211165338,0.7472046978534301,normal_flow,2356000.csv
2356000,2020-11-15,nighttime,6,0.637449993893314,0.1733365195472322,0.06553911205075161,89.4296875,0.7459826211165338,0.7472046978534301,normal_flow,2356000.csv
2356000,2020-11-17,daytime,6,NA,NA,-2.2193876320815623e-14,102.921875,0.6901559338174027,0.7677578066103242,low_flow,2356000.csv
2356000,2020-11-17,nighttime,6,0.15467205622242894,0.7698420598795435,0.02392344497608681,102.921875,0.6901559338174027,0.7677578066103242,low_flow,2356000.csv
2356000,2020-11-18,daytime,6,NA,NA,-3.7295724494006247e-14,98.3203125,0.7093203190096418,0.7763282148950522,low_flow,2356000.csv
2356000,2020-11-18,nighttime,6,NA,NA,7.650405024410877e-15,98.3203125,0.7093203190096418,0.7763282148950522,low_flow,2356000.csv
2356000,2020-11-19,daytime,6,NA,NA,0,90.765625,0.7402690155933818,0.7842399714319724,low_flow,2356000.csv
2356000,2020-11-19,nighttime,6,NA,NA,6.852232846667248e-15,90.765625,0.7402690155933818,0.7842399714319724,low_flow,2356000.csv
2356000,2020-11-20,daytime,6,0.847898871372849,0.03294271894850419,0.2183673469387726,83.671875,0.7690751101059398,0.791497044002698,low_flow,2356000.csv
2356000,2020-11-20,nighttime,6,-0.40291148201268745,0.4283366310404396,-0.1298701298700938,83.671875,0.7690751101059398,0.791497044002698,low_flow,2356000.csv
2356000,2020-11-21,daytime,6,0.744208407535247,0.08977587078381122,0.07692307692306281,77.5625,0.7978216878942983,0.7983176605959608,low_flow,2356000.csv
2356000,2020-11-21,nighttime,6,NA,NA,NA,77.5625,0.7978216878942983,0.7983176605959608,low_flow,2356000.csv
2356000,2020-11-22,daytime,6,0.8621816926235114,0.02718197617313533,0.32675044883303067,72.2578125,0.8187715748125223,0.8052652462008492,low_flow,2356000.csv
2356000,2020-11-22,nighttime,6,NA,NA,NA,72.2578125,0.8187715748125223,0.8052652462008492,low_flow,2356000.csv
2356000,2020-11-23,daytime,6,0.9569269335711548,0.00274297708309379,0.3626570915619328,67.625,0.8385906439709558,0.8113399198508114,low_flow,2356000.csv
2356000,2020-11-23,nighttime,6,NA,NA,NA,67.625,0.8385906439709558,0.8113399198508114,low_flow,2356000.csv
2356000,2020-11-24,daytime,6,0.6821842146102763,0.13545952075782455,0.0750605326876377,63.5625,0.8540054755386264,0.8084989882156887,low_flow,2356000.csv
2356000,2020-11-24,nighttime,6,NA,NA,-0,63.5625,0.8540054755386264,0.8084989882156887,low_flow,2356000.csv
2356000,2020-11-25,daytime,6,0.9599474837565798,0.00237417988161018,0.33377135348226683,60,0.8665635043447208,0.7906558743006785,low_flow,2356000.csv
2356000,2020-11-25,nighttime,6,0.4152273992686974,0.4129543665511516,0.08620689655173856,60,0.8665635043447208,0.7906558743006785,low_flow,2356000.csv
2356000,2020-11-26,daytime,6,0.8798826901281226,0.0207757158251561,0.08602150537634749,56.90625,0.8792405665992143,0.7645597746300044,low_flow,2356000.csv
2356000,2020-11-26,nighttime,6,NA,NA,NA,56.90625,0.8792405665992143,0.7645597746300044,low_flow,2356000.csv
2356000,2020-11-27,daytime,6,-0.13483997249265073,0.7989658591927754,-0.01515151515153039,54.40625,0.8876919414355434,0.7327302305281117,normal_flow,2356000.csv
2356000,2020-11-27,nighttime,6,NA,NA,NA,54.40625,0.8876919414355434,0.7327302305281117,normal_flow,2356000.csv
2356000,2020-11-28,daytime,6,0.8783100656536877,0.02131164112875402,0.6428571428572075,53.28125,0.8915605285085109,0.6991151847002341,normal_flow,2356000.csv
2356000,2020-11-28,nighttime,6,NA,NA,NA,53.28125,0.8915605285085109,0.6991151847002341,normal_flow,2356000.csv
2356000,2020-11-29,daytime,6,-0.919145030018058,0.00954199351502381,-0.7241379310344304,55.6328125,0.8834662540173789,0.6654644288378367,normal_flow,2356000.csv
2356000,2020-11-29,nighttime,6,0.7446176505727968,0.08950217974514345,0.5544554455445873,55.6328125,0.8834662540173789,0.6654644288378367,normal_flow,2356000.csv
2356000,2020-11-30,daytime,6,NA,NA,-0,67.8828125,0.8371027258659683,0.6315200571360552,normal_flow,2356000.csv
2356000,2020-11-30,nighttime,6,NA,NA,1.2062643565719795e-14,67.8828125,0.8371027258659683,0.6315200571360552,normal_flow,2356000.csv
2356000,2020-12-01,daytime,6,-0.5640760748177693,0.24362526331253737,-0.181818181818178,108.328125,0.6638495417212237,0.5968932269967862,normal_flow,2356000.csv
2356000,2020-12-01,nighttime,6,-0.9086882225022446,0.01212608953684691,-0.2428571428571305,108.328125,0.6638495417212237,0.5968932269967862,normal_flow,2356000.csv
2356000,2020-12-02,daytime,6,0.4982258962394393,0.31449822452179943,0.7532467532467219,164.546875,0.4225092250922509,0.5622108479149308,normal_flow,2356000.csv
2356000,2020-12-02,nighttime,6,-0.9165151389911688,0.01016364988953837,-0.3333333333333207,164.546875,0.4225092250922509,0.5622108479149308,normal_flow,2356000.csv
2356000,2020-12-03,daytime,6,0.4629100498862757,0.35523243051554465,1.49999999999992,213.84375,0.3178788239495298,0.5281355394199103,normal_flow,2356000.csv
2356000,2020-12-03,nighttime,6,-0.5811932456181826,0.22636948289769485,-0.2179261862917304,213.84375,0.3178788239495298,0.5281355394199103,normal_flow,2356000.csv
2356000,2020-12-04,daytime,6,0.6145365509176782,0.1942366271691801,0.591999999999995,247.4921875,0.26282585406499226,0.4951791453398405,normal_flow,2356000.csv
2356000,2020-12-04,nighttime,6,-0.4152273992686986,0.4129543665511498,-0.08620689655170415,247.4921875,0.26282585406499226,0.4951791453398405,normal_flow,2356000.csv
2356000,2020-12-05,daytime,6,1,0,1.000000000000028,246.2265625,0.2648494226877753,0.46357179700829265,normal_flow,2356000.csv
2356000,2020-12-05,nighttime,6,-0.8396839431738331,0.03649169654246541,-0.42857142857141434,246.2265625,0.2648494226877753,0.46357179700829265,normal_flow,2356000.csv
2356000,2020-12-06,daytime,6,-0.6187983455093122,0.1902749497844912,-0.13924050632913076,229.59375,0.2930603499583383,0.4339800817363012,normal_flow,2356000.csv
2356000,2020-12-06,nighttime,6,NA,NA,2.231368132119811e-14,229.59375,0.2930603499583383,0.4339800817363012,normal_flow,2356000.csv
2356000,2020-12-07,daytime,6,NA,NA,-2.0719846941113494e-14,218.890625,0.3096059992857993,0.4080506288933857,normal_flow,2356000.csv
2356000,2020-12-07,nighttime,6,-0.6247580176717733,0.1847915543605415,-0.0887096774193235,218.890625,0.3096059992857993,0.4080506288933857,normal_flow,2356000.csv
2356000,2020-12-08,daytime,6,-0.7552674775070539,0.08251200557175041,-0.43352601156071,213.328125,0.3191881918819188,0.3884259810340039,normal_flow,2356000.csv
2356000,2020-12-08,nighttime,6,NA,NA,8.828456522734975e-15,213.328125,0.3191881918819188,0.3884259810340039,normal_flow,2356000.csv
2356000,2020-12-09,daytime,6,NA,NA,-1.3696574446294131e-14,205.40625,0.3337697893107963,0.3824782763956672,normal_flow,2356000.csv
2356000,2020-12-09,nighttime,6,NA,NA,1.6735260990898484e-14,205.40625,0.3337697893107963,0.3824782763956672,normal_flow,2356000.csv
2356000,2020-12-10,daytime,6,-0.37327803697913303,0.4660885708042543,-0.13270142180096525,194.328125,0.35543387691941436,0.39156052850851086,normal_flow,2356000.csv
2356000,2020-12-10,nighttime,6,NA,NA,5.801557143511255e-14,194.328125,0.35543387691941436,0.39156052850851086,normal_flow,2356000.csv
2356000,2020-12-11,daytime,6,NA,NA,9.513807534375863e-15,182.09375,0.38489465539816686,0.4015236281395072,normal_flow,2356000.csv
2356000,2020-12-11,nighttime,6,NA,NA,NA,182.09375,0.38489465539816686,0.4015236281395072,normal_flow,2356000.csv
2356000,2020-12-12,daytime,6,NA,NA,-9.275216749814716e-15,168.6796875,0.4135817164623259,0.4096536126651589,normal_flow,2356000.csv
2356000,2020-12-12,nighttime,6,NA,NA,1.5004027095288992e-14,168.6796875,0.4135817164623259,0.4096536126651589,normal_flow,2356000.csv
2356000,2020-12-13,daytime,6,-0.965714624453531,0.00174307945832634,-0.3934426229508351,154.4296875,0.4476847994286394,0.4150616990040868,normal_flow,2356000.csv
2356000,2020-12-13,nighttime,6,NA,NA,2.17558392881676e-14,154.4296875,0.4476847994286394,0.4150616990040868,normal_flow,2356000.csv
2356000,2020-12-14,daytime,6,-0.8730270255014383,0.02315966658186055,-0.24973432518599625,140.8828125,0.494524461373646,0.41852954013411103,normal_flow,2356000.csv
2356000,2020-12-14,nighttime,6,NA,NA,NA,140.8828125,0.494524461373646,0.41852954013411103,normal_flow,2356000.csv
2356000,2020-12-15,daytime,6,NA,NA,-1.2917529577349954e-14,129.5,0.542733007975241,0.4218029599650835,normal_flow,2356000.csv
2356000,2020-12-15,nighttime,6,NA,NA,1.5539885205834508e-14,129.5,0.542733007975241,0.4218029599650835,normal_flow,2356000.csv
2356000,2020-12-16,daytime,6,NA,NA,NA,123.4296875,0.5746339721461731,0.4254017378883466,normal_flow,2356000.csv
2356000,2020-12-16,nighttime,6,NA,NA,1.5004027095290535e-14,123.4296875,0.5746339721461731,0.4254017378883466,normal_flow,2356000.csv
2356000,2020-12-17,daytime,6,NA,NA,NA,126.3125,0.5587430067849065,0.4294091973177796,normal_flow,2356000.csv
2356000,2020-12-17,nighttime,6,0.7510409442899862,0.08525559988430359,0.5937499999999808,126.3125,0.5587430067849065,0.4294091973177796,normal_flow,2356000.csv
2356000,2020-12-18,daytime,6,-0.03125000000000041,0.9531402587890618,-0.0039062500000062,148.0625,0.4673253184144744,0.4332301710113875,normal_flow,2356000.csv
2356000,2020-12-18,nighttime,6,0.6666666666666509,0.14814814814816124,0.2222222222222159,148.0625,0.4673253184144744,0.4332301710113875,normal_flow,2356000.csv
2356000,2020-12-19,daytime,6,0.7194525281757689,0.10701981726720908,0.05074626865669822,182.15625,0.3847756219497679,0.4327421338729516,normal_flow,2356000.csv
2356000,2020-12-19,nighttime,6,NA,NA,2.0082313189078654e-14,182.15625,0.3847756219497679,0.4327421338729516,normal_flow,2356000.csv
2356000,2020-12-20,daytime,6,0.3071475584169756,0.5537667547526959,0.24999999999997788,199.375,0.34597071777169386,0.42261635519581,normal_flow,2356000.csv
2356000,2020-12-20,nighttime,6,NA,NA,NA,199.375,0.34597071777169386,0.42261635519581,normal_flow,2356000.csv
2356000,2020-12-21,daytime,6,NA,NA,-1.6316879466126386e-14,199.859375,0.34507796690870135,0.4043526564297901,normal_flow,2356000.csv
2356000,2020-12-21,nighttime,6,-0.5460189062319436,0.26236576332019884,-0.26086956521738885,199.859375,0.34507796690870135,0.4043526564297901,normal_flow,2356000.csv
2356000,2020-12-22,daytime,6,NA,NA,-1.2363974240270528e-14,193.140625,0.3587072967503869,0.3823870174185613,normal_flow,2356000.csv
2356000,2020-12-22,nighttime,6,NA,NA,2.1755839288169057e-14,193.140625,0.3587072967503869,0.3823870174185613,normal_flow,2356000.csv
2356000,2020-12-23,daytime,6,NA,NA,0,187.296875,0.3731698607308654,0.3589255247391184,normal_flow,2356000.csv
2356000,2020-12-23,nighttime,6,NA,NA,1.5357063026943073e-14,187.296875,0.3731698607308654,0.3589255247391184,normal_flow,2356000.csv
2356000,2020-12-24,daytime,6,0.09325048082402924,0.8605297156371041,0.3999999999994748,177.6875,0.3938816807522914,0.3354679998412887,normal_flow,2356000.csv
2356000,2020-12-24,nighttime,6,NA,NA,NA,177.6875,0.3938816807522914,0.3354679998412887,normal_flow,2356000.csv
2356000,2020-12-25,daytime,6,NA,NA,-5.801557143511929e-14,168.984375,0.4127484823235329,0.31538705709637743,normal_flow,2356000.csv
2356000,2020-12-25,nighttime,6,-0.5780059766913404,0.2295443060693839,-0.03977272727271305,168.984375,0.4127484823235329,0.31538705709637743,normal_flow,2356000.csv
2356000,2020-12-26,daytime,6,-0.8282132323687865,0.04173126697346054,-0.41014799154335846,185.34375,0.3775740983216283,0.3035987779232631,normal_flow,2356000.csv
2356000,2020-12-26,nighttime,6,-0.9929587199772748,7.419488452837829e-5,-0.37157712305025065,185.34375,0.3775740983216283,0.3035987779232631,normal_flow,2356000.csv
2356000,2020-12-27,daytime,6,-0.8573385569167229,0.02907668767273402,-0.2730109204368187,248.390625,0.26169503630520174,0.2966908701345078,normal_flow,2356000.csv
2356000,2020-12-27,nighttime,6,-0.9119818741559386,0.01127983912247585,-0.3397129186602688,248.390625,0.26169503630520174,0.2966908701345078,normal_flow,2356000.csv
2356000,2020-12-28,daytime,6,NA,NA,0,326.90625,0.17372931793834068,0.28551759711145497,normal_flow,2356000.csv
2356000,2020-12-28,nighttime,6,-0.5700877125495656,0.2375076844649546,-0.1250000000000067,326.90625,0.17372931793834068,0.28551759711145497,normal_flow,2356000.csv
2356000,2020-12-29,daytime,6,-0.4223918083931544,0.4040927708234183,-0.07757166947724463,337.296875,0.16503987620521365,0.2699440542792525,normal_flow,2356000.csv
2356000,2020-12-29,nighttime,6,NA,NA,1.8246832951367003e-14,337.296875,0.16503987620521365,0.2699440542792525,normal_flow,2356000.csv
2356000,2020-12-30,daytime,6,NA,NA,0,308.0625,0.1908106177835972,0.2534222116414713,normal_flow,2356000.csv
2356000,2020-12-30,nighttime,6,-1,1.848892746611764e-32,-0.24999999999995648,308.0625,0.1908106177835972,0.2534222116414713,normal_flow,2356000.csv
2356000,2020-12-31,daytime,6,-0.9680880237132862,0.00151131217863794,-0.25509433962264927,277.65625,0.2227710986787287,0.23724953378566044,high_flow,2356000.csv
2356000,2020-12-31,nighttime,6,NA,NA,0,277.65625,0.2227710986787287,0.23724953378566044,high_flow,2356000.csv
2356000,2021-01-01,daytime,6,-0.885258710029438,0.01899302855945302,-0.37272727272728606,251.40625,0.2575288656112368,0.2213784073324604,high_flow,2356000.csv
2356000,2021-01-01,nighttime,6,NA,NA,-0,251.40625,0.2575288656112368,0.2213784073324604,high_flow,2356000.csv
2356000,2021-01-02,daytime,6,-0.674199862463246,0.14192744777405217,-0.34090909090912813,231.09375,0.2905011308177598,0.2052930206721422,high_flow,2356000.csv
2356000,2021-01-02,nighttime,6,-0.26967994498529685,0.6052866259760656,-0.400000000000174,231.09375,0.2905011308177598,0.2052930206721422,high_flow,2356000.csv
2356000,2021-01-03,daytime,6,-0.900979858755096,0.01422203689148307,-0.35294117647060885,236.3125,0.2811570051184383,0.1917787564972424,high_flow,2356000.csv
2356000,2021-01-03,nighttime,6,NA,NA,NA,236.3125,0.2811570051184383,0.1917787564972424,high_flow,2356000.csv
2356000,2021-01-04,daytime,6,-0.38729833462074287,0.44809987316544175,-0.04166666666666591,321.890625,0.17837162242590168,0.1862675078363687,high_flow,2356000.csv
2356000,2021-01-04,nighttime,6,NA,NA,-1.1562543957348141e-14,321.890625,0.17837162242590168,0.1862675078363687,high_flow,2356000.csv
2356000,2021-01-05,daytime,6,0.166090959707479,0.7531544702278501,0.06896551724136632,418.265625,0.11147482442566362,0.1873189699638932,high_flow,2356000.csv
2356000,2021-01-05,nighttime,6,NA,NA,-1.1957407853039096e-14,418.265625,0.11147482442566362,0.1873189699638932,high_flow,2356000.csv
2356000,2021-01-06,daytime,6,-0.8969618389544467,0.01537832294665485,-0.5495495495495352,419,0.1108796571836686,0.1898623179780185,high_flow,2356000.csv
2356000,2021-01-06,nighttime,6,NA,NA,3.107977041166948e-14,419,0.1108796571836686,0.1898623179780185,high_flow,2356000.csv
2356000,2021-01-07,daytime,6,NA,NA,2.1755839288170187e-14,383.359375,0.13057969289370314,0.19119549260008728,high_flow,2356000.csv
2356000,2021-01-07,nighttime,6,-0.6757246285173442,0.14068226486662153,-0.20754716981130225,383.359375,0.13057969289370314,0.19119549260008728,high_flow,2356000.csv
2356000,2021-01-08,daytime,6,NA,NA,1.2062643565719776e-14,348.4375,0.15581478395429116,0.1906638098639051,high_flow,2356000.csv
2356000,2021-01-08,nighttime,6,NA,NA,NA,348.4375,0.15581478395429116,0.1906638098639051,high_flow,2356000.csv
2356000,2021-01-09,daytime,6,NA,NA,2.1005637933404015e-14,329.59375,0.17146768241875968,0.1887037257469349,high_flow,2356000.csv
2356000,2021-01-09,nighttime,6,-0.6047431568147648,0.20346687059541008,-0.11428571428569548,329.59375,0.17146768241875968,0.1887037257469349,high_flow,2356000.csv
2356000,2021-01-10,daytime,6,-0.6142951168339587,0.19446206377433983,-0.18867924528304067,325.484375,0.17486013569813116,0.1857318573185732,high_flow,2356000.csv
2356000,2021-01-10,nighttime,6,NA,NA,1.0877919644084148e-14,325.484375,0.17486013569813116,0.1857318573185732,high_flow,2356000.csv
2356000,2021-01-11,daytime,6,NA,NA,-8.589318368316121e-14,321.328125,0.1790263063920962,0.1846605562829822,high_flow,2356000.csv
2356000,2021-01-11,nighttime,6,NA,NA,5.801557143511592e-14,321.328125,0.1790263063920962,0.1846605562829822,high_flow,2356000.csv
2356000,2021-01-12,daytime,6,-0.8315218406203048,0.04018621825542299,-0.44000000000002176,310.109375,0.1895012498512082,0.1925723128199024,high_flow,2356000.csv
2356000,2021-01-12,nighttime,6,NA,NA,NA,310.109375,0.1895012498512082,0.1925723128199024,high_flow,2356000.csv
2356000,2021-01-13,daytime,6,NA,NA,-3.0632221717738325e-14,295.6875,0.2031900964170932,0.20714597468555332,high_flow,2356000.csv
2356000,2021-01-13,nighttime,6,NA,NA,2.9007785717559e-14,295.6875,0.2031900964170932,0.20714597468555332,high_flow,2356000.csv
2356000,2021-01-15,daytime,6,-0.7583044167986487,0.08056559658170097,-0.05424769703173901,284.65625,0.2147958576359957,0.24271316906717455,high_flow,2356000.csv
2356000,2021-01-15,nighttime,6,NA,NA,1.6843230416648275e-14,284.65625,0.2147958576359957,0.24271316906717455,high_flow,2356000.csv
2356000,2021-01-16,daytime,6,-0.8728262145040144,0.02323135584068058,-0.4184675834970853,273.828125,0.22812760385668376,0.26100464230448756,normal_flow,2356000.csv
2356000,2021-01-16,nighttime,6,NA,NA,1.985767881336208e-14,273.828125,0.22812760385668376,0.26100464230448756,normal_flow,2356000.csv
2356000,2021-01-17,daytime,6,NA,NA,-2.3361975074543104e-14,260.28125,0.24592310439233425,0.2760703090901877,normal_flow,2356000.csv
2356000,2021-01-17,nighttime,6,NA,NA,2.5648989476577712e-14,260.28125,0.24592310439233425,0.2760703090901877,normal_flow,2356000.csv
2356000,2021-01-18,daytime,6,-0.5227957190733317,0.2872504724870861,-0.03504043126686275,246.0625,0.2650874895845733,0.286469864698647,normal_flow,2356000.csv
2356000,2021-01-18,nighttime,6,NA,NA,1.4503892858778844e-14,246.0625,0.2650874895845733,0.286469864698647,normal_flow,2356000.csv
2356000,2021-01-19,daytime,6,-0.838721987110117,0.03691842742782512,-0.22673329169270695,226.90625,0.29704797047970477,0.2939808752926239,normal_flow,2356000.csv
2356000,2021-01-19,nighttime,6,NA,NA,1.8763400426970416e-14,226.90625,0.29704797047970477,0.2939808752926239,normal_flow,2356000.csv
2356000,2021-01-20,daytime,6,-0.8754737874097746,0.02229466628972166,-0.24203821656052724,207.390625,0.3300797524104273,0.2997103519422291,normal_flow,2356000.csv
2356000,2021-01-20,nighttime,6,-0.9623807040008626,0.00209619751833514,-0.3980263157894766,207.390625,0.3300797524104273,0.2997103519422291,normal_flow,2356000.csv
2356000,2021-01-21,daytime,6,-0.7941211428189754,0.05921595444238002,-0.3266331658291693,189.078125,0.3690632067610999,0.3036582946474626,normal_flow,2356000.csv
2356000,2021-01-21,nighttime,6,-0.8593149767807536,0.02829617524999779,-0.548387096774165,189.078125,0.3690632067610999,0.3036582946474626,normal_flow,2356000.csv
2356000,2021-01-22,daytime,6,-0.9051795809977402,0.01306010677476856,-0.3810930576071034,172.34375,0.4059040590405904,0.3033250009919454,normal_flow,2356000.csv
2356000,2021-01-22,nighttime,6,NA,NA,3.4809342861063493e-13,172.34375,0.4059040590405904,0.3033250009919454,normal_flow,2356000.csv
2356000,2021-01-23,daytime,6,NA,NA,-2.3692222889733103e-14,161.03125,0.43018688251398646,0.299166765861207,normal_flow,2356000.csv
2356000,2021-01-23,nighttime,6,-0.2,0.7040000000000001,-0.04999999999999988,161.03125,0.43018688251398646,0.299166765861207,normal_flow,2356000.csv
2356000,2021-01-24,daytime,6,-0.7051395362452714,0.11759605822681996,-0.1797468354430504,176.0625,0.3974526842042614,0.2935126770622545,normal_flow,2356000.csv
2356000,2021-01-24,nighttime,6,-0.8919910652852546,0.01686888263261932,-0.1920529801324272,176.0625,0.3974526842042614,0.2935126770622545,normal_flow,2356000.csv
2356000,2021-01-25,daytime,6,-0.7377605691817949,0.09413723884373708,-0.12370242214534552,207.1875,0.33085346982502084,0.28756497242391776,normal_flow,2356000.csv
2356000,2021-01-25,nighttime,6,-0.7905694150420947,0.06119881963751246,-0.4999999999999913,207.1875,0.33085346982502084,0.28756497242391776,normal_flow,2356000.csv
2356000,2021-01-26,daytime,6,-0.898717034272916,0.01486786627776424,-1.0000000000000877,230.34375,0.2916914653017498,0.2803753521406182,normal_flow,2356000.csv
2356000,2021-01-26,nighttime,6,NA,NA,NA,230.34375,0.2916914653017498,0.2803753521406182,normal_flow,2356000.csv
2356000,2021-01-27,daytime,6,-0.6295146223828413,0.1804628194380895,-0.19175257731959283,239.71875,0.2754433995952863,0.26939650041661706,normal_flow,2356000.csv
2356000,2021-01-27,nighttime,6,NA,NA,NA,239.71875,0.2754433995952863,0.26939650041661706,normal_flow,2356000.csv
2356000,2021-01-28,daytime,6,0.5625686771261972,0.2451688409108944,0.514285714285715,247.796875,0.26240923699559576,0.25525135896520257,normal_flow,2356000.csv
2356000,2021-01-28,nighttime,6,NA,NA,1.2062643565717358e-14,247.796875,0.26240923699559576,0.25525135896520257,normal_flow,2356000.csv
2356000,2021-01-29,daytime,6,0.4077177531501005,0.42231159910810434,0.2077922077921858,293.828125,0.2058088322818712,0.23902709994841884,high_flow,2356000.csv
2356000,2021-01-29,nighttime,6,NA,NA,-9.89990485039612e-15,293.828125,0.2058088322818712,0.23902709994841884,high_flow,2356000.csv
2356000,2021-01-30,daytime,6,NA,NA,-2.0719846941112933e-14,352.375,0.15242233067491964,0.22177121771217712,high_flow,2356000.csv
2356000,2021-01-30,nighttime,6,-0.9325568014287312,0.00666949198846829,-0.369308600337253,352.375,0.15242233067491964,0.22177121771217712,high_flow,2356000.csv
2356000,2021-01-31,daytime,6,NA,NA,-6.601771921927004e-14,364.40625,0.14331627187239615,0.2042891719239773,high_flow,2356000.csv
2356000,2021-01-31,nighttime,6,-0.5402260229238857,0.2684918694268055,-0.4239999999999826,364.40625,0.14331627187239615,0.2042891719239773,high_flow,2356000.csv
2356000,2021-02-01,daytime,6,0.864538153152701,0.02628201144571871,0.7021276595744826,346.5,0.15670753481728367,0.1884616910685236,high_flow,2356000.csv
2356000,2021-02-01,nighttime,6,NA,NA,1.50040270952889e-14,346.5,0.15670753481728367,0.1884616910685236,high_flow,2356000.csv
2356000,2021-02-02,daytime,6,NA,NA,-1.7247872588818342e-14,346,0.15724318533507917,0.17538785065270007,high_flow,2356000.csv
2356000,2021-02-02,nighttime,6,-0.5724028749006591,0.23516817227437511,-0.16382252559725954,346,0.15724318533507917,0.17538785065270007,high_flow,2356000.csv
2356000,2021-02-03,daytime,6,0.7142857142857186,0.11078717201165854,0.35714285714283656,380.84375,0.13236519461968813,0.16418680315835416,high_flow,2356000.csv
2356000,2021-02-03,nighttime,6,NA,NA,2.4252411009761503e-14,380.84375,0.13236519461968813,0.16418680315835416,high_flow,2356000.csv
2356000,2021-02-04,daytime,6,NA,NA,-2.122520906162772e-14,405.25,0.11790263063920962,0.15328333928500576,high_flow,2356000.csv
2356000,2021-02-04,nighttime,6,NA,NA,1.9650435486087325e-14,405.25,0.11790263063920962,0.15328333928500576,high_flow,2356000.csv
2356000,2021-02-05,daytime,6,NA,NA,1.53161108588714e-14,391.5625,0.12569932150934413,0.14251081220489625,high_flow,2356000.csv
2356000,2021-02-05,nighttime,6,NA,NA,-8.702335715267318e-15,391.5625,0.12569932150934413,0.14251081220489625,high_flow,2356000.csv
2356000,2021-02-06,daytime,6,-0.9683296637314884,0.00148863246389364,-1.9000000000003563,359.25,0.14706582549696465,0.13583303574971234,high_flow,2356000.csv
2356000,2021-02-06,nighttime,6,-1,0,-0.666666666666695,359.25,0.14706582549696465,0.13583303574971234,high_flow,2356000.csv
2356000,2021-02-07,daytime,6,NA,NA,-3.6201716575510223e-14,334.21875,0.16795619569098916,0.13286116732135064,high_flow,2356000.csv
2356000,2021-02-07,nighttime,6,NA,NA,NA,334.21875,0.16795619569098916,0.13286116732135064,high_flow,2356000.csv
2356000,2021-02-08,daytime,6,NA,NA,-1.9153466167574e-14,343.1875,0.16004047137245567,0.12788953695988572,high_flow,2356000.csv
2356000,2021-02-08,nighttime,6,NA,NA,4.4627362642397433e-14,343.1875,0.16004047137245567,0.12788953695988572,high_flow,2356000.csv
2356000,2021-02-09,daytime,6,NA,NA,-2.17558392881676e-14,377.65625,0.13474586358766813,0.11924770860611832,high_flow,2356000.csv
2356000,2021-02-09,nighttime,6,NA,NA,NA,377.65625,0.13474586358766813,0.11924770860611832,high_flow,2356000.csv
2356000,2021-02-10,daytime,6,NA,NA,-5.8589983033484e-14,395.40625,0.12367575288656112,0.1096853549180653,high_flow,2356000.csv
2356000,2021-02-10,nighttime,6,-0.4894935754389803,0.32440193647332743,-0.10891089108912136,395.40625,0.12367575288656112,0.1096853549180653,high_flow,2356000.csv
2356000,2021-02-11,daytime,6,-0.8951507122757935,0.01591373603289782,-0.21965317919076055,417.5,0.11189144149506013,0.1017180494385589,high_flow,2356000.csv
2356000,2021-02-11,nighttime,6,-0.7900833628423024,0.06147250409665316,-0.4947368421052684,417.5,0.11189144149506013,0.1017180494385589,high_flow,2356000.csv
2356000,2021-02-12,daytime,6,-0.8449261121262446,0.03420726454665628,-0.29487179487178544,441.15625,0.1008213307939531,0.09487759393722968,high_flow,2356000.csv
2356000,2021-02-12,nighttime,6,-0.9086303832886388,0.01214121491958945,-0.5274725274725941,441.15625,0.1008213307939531,0.09487759393722968,high_flow,2356000.csv
2356000,2021-02-13,daytime,6,NA,NA,-1.2431908164666945e-14,429.40625,0.1056421854541126,0.08723564655001388,high_flow,2356000.csv
2356000,2021-02-13,nighttime,6,NA,NA,NA,429.40625,0.1056421854541126,0.08723564655001388,high_flow,2356000.csv
2356000,2021-02-14,daytime,6,NA,NA,NA,425.0625,0.10784430424949412,0.07783200412649288,high_flow,2356000.csv
2356000,2021-02-14,nighttime,6,-0.7607497338023302,0.07901360966843923,-0.22047244094487073,425.0625,0.10784430424949412,0.07783200412649288,high_flow,2356000.csv
2356000,2021-02-18,daytime,6,0.4399999999999997,0.3825920000000004,0.17599999999998517,905.4375,0.01285561242709201,0.04210609848033964,high_flow,2356000.csv
2356000,2021-02-18,nighttime,6,NA,NA,1.0877919644086035e-14,905.4375,0.01285561242709201,0.04210609848033964,high_flow,2356000.csv
2356000,2021-02-19,daytime,6,NA,NA,NA,873.59375,0.01529579811927151,0.03651946196881323,high_flow,2356000.csv
2356000,2021-02-19,nighttime,6,NA,NA,6.961868572229045e-14,873.59375,0.01529579811927151,0.03651946196881323,high_flow,2356000.csv
2356000,2021-02-20,daytime,6,0.9687189593929656,0.00145245094830676,0.4692082111436997,932.5625,0.01107011070110701,0.03231361345871523,high_flow,2356000.csv
2356000,2021-02-20,nighttime,6,NA,NA,3.965621338602789e-14,932.5625,0.01107011070110701,0.03231361345871523,high_flow,2356000.csv
2356000,2021-02-21,daytime,6,0.8882165115716866,0.01804492443923213,0.6714285714285644,1042.75,0.0060111891441495,0.02851247867317383,high_flow,2356000.csv
2356000,2021-02-21,nighttime,6,-0.8488293940517059,0.03255151107974093,-0.4309278350515388,1042.75,0.0060111891441495,0.02851247867317383,high_flow,2356000.csv
2356000,2021-02-22,daytime,6,NA,NA,0,1043.875,0.00595167241995,0.02531444669285402,high_flow,2356000.csv
2356000,2021-02-22,nighttime,6,NA,NA,-0,1043.875,0.00595167241995,0.02531444669285402,high_flow,2356000.csv
2356000,2021-02-23,daytime,6,-0.567622853712993,0.24000854192604085,-0.03579952267303876,965.5,0.00922509225092251,0.02552870689997222,high_flow,2356000.csv
2356000,2021-02-23,nighttime,6,NA,NA,1.1301734695155088e-14,965.5,0.00922509225092251,0.02552870689997222,high_flow,2356000.csv
2356000,2021-02-24,daytime,6,-0.5647912620385425,0.2428942548008964,-0.03393501805055611,882.40625,0.01434353053207951,0.02916319485775503,high_flow,2356000.csv
2356000,2021-02-24,nighttime,6,NA,NA,NA,882.40625,0.01434353053207951,0.02916319485775503,high_flow,2356000.csv
2356000,2021-02-25,daytime,6,-0.4485260373400111,0.3723271927128693,-0.02718589272595005,811.9375,0.02100940364242352,0.03314684759750823,high_flow,2356000.csv
2356000,2021-02-25,nighttime,6,-0.4152273992686997,0.4129543665511487,-0.5000000000000869,811.9375,0.02100940364242352,0.03314684759750823,high_flow,2356000.csv
2356000,2021-02-26,daytime,6,-0.935485200730158,0.00610897855055683,-0.220561864913337,743.625,0.02809189382216402,0.03514660953061143,high_flow,2356000.csv
2356000,2021-02-26,nighttime,6,-0.9932282453785936,6.862972595195949e-5,-0.866197183098617,743.625,0.02809189382216402,0.03514660953061143,high_flow,2356000.csv
2356000,2021-02-27,daytime,6,NA,NA,-5.943058537255667e-15,676.75,0.03773360314248304,0.03581716462325914,high_flow,2356000.csv
2356000,2021-02-27,nighttime,6,-0.420021001575133,0.4070180549319569,-0.2772277227722783,676.75,0.03773360314248304,0.03581716462325914,high_flow,2356000.csv
2356000,2021-02-28,daytime,6,NA,NA,0,616.5,0.04862516367099154,0.03679720668174423,high_flow,2356000.csv
2356000,2021-02-28,nighttime,6,-0.5477225575051681,0.2605745473680233,-0.2500000000000067,616.5,0.04862516367099154,0.03679720668174423,high_flow,2356000.csv
2356000,2021-03-01,daytime,6,NA,NA,-0,564.78125,0.05987382454469706,0.03864222513192874,high_flow,2356000.csv
2356000,2021-03-01,nighttime,6,-0.8718485763192927,0.02358187929458199,-0.5652173913043732,564.78125,0.05987382454469706,0.03864222513192874,high_flow,2356000.csv
2356000,2021-03-02,daytime,6,NA,NA,2.1755839288169095e-14,521.21875,0.07195571955719557,0.04121334761734714,high_flow,2356000.csv
2356000,2021-03-02,nighttime,6,-0.9805806756909172,5.620036227161599e-4,-1.0256410256410375,521.21875,0.07195571955719557,0.04121334761734714,high_flow,2356000.csv
2356000,2021-03-03,daytime,6,-0.6690286843516425,0.14618538579387796,-0.6845637583892382,490.3125,0.08159742887751459,0.04431218505733445,high_flow,2356000.csv
2356000,2021-03-03,nighttime,6,NA,NA,0,490.3125,0.08159742887751459,0.04431218505733445,high_flow,2356000.csv
2356000,2021-03-04,daytime,6,0.8349574300045919,0.03861077346528711,0.5649350649350677,515.84375,0.07356267111058207,0.04804983533706305,high_flow,2356000.csv
2356000,2021-03-04,nighttime,6,-0.9607197396245656,0.0022841047627558,-0.4002677376171276,515.84375,0.07356267111058207,0.04804983533706305,high_flow,2356000.csv
2356000,2021-03-05,daytime,6,NA,NA,-1.7404671430534854e-14,647.75,0.04285204142364004,0.05243820180137285,high_flow,2356000.csv
2356000,2021-03-05,nighttime,6,-0.6869094992749571,0.1316930407223348,-0.08737864077669653,647.75,0.04285204142364004,0.05243820180137285,high_flow,2356000.csv
2356000,2021-03-06,daytime,6,NA,NA,-1.9114957062436972e-14,766.4375,0.02535412450898702,0.05746141332381065,high_flow,2356000.csv
2356000,2021-03-06,nighttime,6,NA,NA,NA,766.4375,0.02535412450898702,0.05746141332381065,high_flow,2356000.csv
2356000,2021-03-07,daytime,6,NA,NA,-1.2372989168626691e-14,763.71875,0.02577074157838352,0.06323453557116217,high_flow,2356000.csv
2356000,2021-03-07,nighttime,6,0.14699525800946606,0.7810952207862489,0.1685393258426696,763.71875,0.02577074157838352,0.06323453557116217,high_flow,2356000.csv
2356000,2021-03-08,daytime,6,0.7252774622585998,0.1028417144938144,0.16438356164382553,703.09375,0.03368646589691703,0.06981708526762687,high_flow,2356000.csv
2356000,2021-03-08,nighttime,6,NA,NA,NA,703.09375,0.03368646589691703,0.06981708526762687,high_flow,2356000.csv
2356000,2021-03-09,daytime,6,0.5553544526306144,0.25260913357618725,0.11290322580644307,638.65625,0.04451850970122605,0.07742332262032298,high_flow,2356000.csv
2356000,2021-03-09,nighttime,6,NA,NA,4.3511678576331254e-14,638.65625,0.04451850970122605,0.07742332262032298,high_flow,2356000.csv
2356000,2021-03-10,daytime,6,NA,NA,-2.196706102883045e-14,579.71875,0.05570765385073206,0.08602150537634409,high_flow,2356000.csv
2356000,2021-03-10,nighttime,6,0.9683296637314872,0.00148863246389375,1.2666666666666593,579.71875,0.05570765385073206,0.08602150537634409,high_flow,2356000.csv
2356000,2021-03-11,daytime,6,NA,NA,0,526.1875,0.07040828472800857,0.0957266992024759,high_flow,2356000.csv
2356000,2021-03-11,nighttime,6,NA,NA,NA,526.1875,0.07040828472800857,0.0957266992024759,high_flow,2356000.csv
2356000,2021-03-12,daytime,6,NA,NA,0,477.65625,0.08683490060707058,0.10601912470737612,high_flow,2356000.csv
2356000,2021-03-12,nighttime,6,-0.756490071132983,0.08172591365442367,-0.6732673267326701,477.65625,0.08683490060707058,0.10601912470737612,high_flow,2356000.csv
2356000,2021-03-13,daytime,6,-0.5545978183850688,0.25339452155887904,-0.0492125984252031,433.875,0.10344006665873112,0.11390310677300322,high_flow,2356000.csv
2356000,2021-03-13,nighttime,6,0.41522739926870106,0.412954366551147,1.0000000000000524,433.875,0.10344006665873112,0.11390310677300322,high_flow,2356000.csv
2356000,2021-03-15,daytime,6,NA,NA,-1.2099504203045482e-14,358.78125,0.14736340911796214,0.12564377256675793,high_flow,2356000.csv
2356000,2021-03-15,nighttime,6,NA,NA,NA,358.78125,0.14736340911796214,0.12564377256675793,high_flow,2356000.csv
2356000,2021-03-16,daytime,6,0.8639500208659149,0.02650528010284459,0.5301204819277456,326.5,0.17396738483513868,0.13217474110224972,high_flow,2356000.csv
2356000,2021-03-16,nighttime,6,NA,NA,NA,326.5,0.17396738483513868,0.13217474110224972,high_flow,2356000.csv
2356000,2021-03-17,daytime,6,0.9135002783911408,0.01089969856959332,0.2749999999999941,297.71875,0.2009284608975122,0.13961829940880055,high_flow,2356000.csv
2356000,2021-03-17,nighttime,6,-0.5199999999999951,0.2903040000000055,-0.31200000000001654,297.71875,0.2009284608975122,0.13961829940880055,high_flow,2356000.csv
2356000,2021-03-18,daytime,6,0.6130438869523589,0.19563210687682156,0.22260273972601816,274.21875,0.22717533626949177,0.14807760980835616,high_flow,2356000.csv
2356000,2021-03-18,nighttime,6,NA,NA,NA,274.21875,0.22717533626949177,0.14807760980835616,high_flow,2356000.csv
2356000,2021-03-19,daytime,6,NA,NA,3.2633758932253535e-14,273.90625,0.2279490536840852,0.15712018410506687,high_flow,2356000.csv
2356000,2021-03-19,nighttime,6,NA,NA,1.7769167167299694e-14,273.90625,0.2279490536840852,0.15712018410506687,high_flow,2356000.csv
2356000,2021-03-20,daytime,6,0.6565321642986132,0.15669575447850553,0.8333333333332595,341.71875,0.16111177240804667,0.16564297901043526,high_flow,2356000.csv
2356000,2021-03-20,nighttime,6,-0.7016464154456233,0.12024334063356444,-0.07692307692306752,341.71875,0.16111177240804667,0.16564297901043526,high_flow,2356000.csv
2356000,2021-03-21,daytime,6,0.9905072696163264,1.3474019107710507e-4,0.523255813953496,413.84375,0.11367694322104512,0.17295163274213388,high_flow,2356000.csv
2356000,2021-03-21,nighttime,6,-0.3284283309023768,0.5250704922793714,-0.13483146067414864,413.84375,0.11367694322104512,0.17295163274213388,high_flow,2356000.csv
2356000,2021-03-22,daytime,6,NA,NA,0,414,0.11355790977264613,0.17732412807999048,high_flow,2356000.csv
2356000,2021-03-22,nighttime,6,-0.9808411369143192,5.470768064700593e-4,-0.8387096774192675,414,0.11355790977264613,0.17732412807999048,high_flow,2356000.csv
2356000,2021-03-23,daytime,6,NA,NA,0,382.03125,0.13165099392929414,0.17849462365591398,high_flow,2356000.csv
2356000,2021-03-23,nighttime,6,NA,NA,NA,382.03125,0.13165099392929414,0.17849462365591398,high_flow,2356000.csv
2356000,2021-03-24,daytime,6,NA,NA,-4.3511678576336946e-14,348,0.15617188429948817,0.17755425941356187,high_flow,2356000.csv
2356000,2021-03-24,nighttime,6,NA,NA,0,348,0.15617188429948817,0.17755425941356187,high_flow,2356000.csv
2356000,2021-03-25,daytime,6,NA,NA,-6.727856183231913e-15,316.53125,0.1825973098440662,0.17538388287108678,high_flow,2356000.csv
2356000,2021-03-25,nighttime,6,NA,NA,NA,316.53125,0.1825973098440662,0.17538388287108678,high_flow,2356000.csv
2356000,2021-03-26,daytime,6,-0.7770178301737158,0.06903811849938002,-0.21466905187836172,293.46875,0.2060468991786692,0.17234059437368568,high_flow,2356000.csv
2356000,2021-03-26,nighttime,6,-0.4152273992686999,0.41295436655114853,-0.08620689655171622,293.46875,0.2060468991786692,0.17234059437368568,high_flow,2356000.csv
2356000,2021-03-27,daytime,6,0.9058216273156764,0.01288668818163449,0.06837606837605356,284.71875,0.2146768241875967,0.16871404197912948,high_flow,2356000.csv
2356000,2021-03-27,nighttime,6,NA,NA,-1.3053503572903358e-13,284.71875,0.2146768241875967,0.16871404197912948,high_flow,2356000.csv
2356000,2021-03-28,daytime,6,NA,NA,-1.229300416282776e-14,286.1875,0.2130698726342102,0.16782525889775027,high_flow,2356000.csv
2356000,2021-03-28,nighttime,6,NA,NA,NA,286.1875,0.2130698726342102,0.16782525889775027,high_flow,2356000.csv
2356000,2021-03-29,daytime,6,NA,NA,-1.3740530076737835e-14,309.65625,0.1899178669206047,0.17044399476252828,high_flow,2356000.csv
2356000,2021-03-29,nighttime,6,NA,NA,2.2444938270147684e-14,309.65625,0.1899178669206047,0.17044399476252828,high_flow,2356000.csv
2356000,2021-03-30,daytime,6,NA,NA,-3.322710000374744e-14,337.4375,0.16492084275681468,0.17470539221521247,high_flow,2356000.csv
2356000,2021-03-30,nighttime,6,NA,NA,2.978651822004301e-14,337.4375,0.16492084275681468,0.17470539221521247,high_flow,2356000.csv
2356000,2021-03-31,daytime,6,NA,NA,-1.1703141134324964e-14,343.375,0.15986192119985715,0.179724635956037,high_flow,2356000.csv
2356000,2021-03-31,nighttime,6,-0.6933752452815392,0.12661387373190866,-0.19230769230767253,343.375,0.15986192119985715,0.179724635956037,high_flow,2356000.csv
2356000,2021-04-01,daytime,6,0.9729871876449224,0.00108468253003628,0.4838709677419303,333.90625,0.16837281276038568,0.18523191683529736,high_flow,2356000.csv
2356000,2021-04-01,nighttime,6,NA,NA,1.4935358779063218e-14,333.90625,0.16837281276038568,0.18523191683529736,high_flow,2356000.csv
2356000,2021-04-02,daytime,6,0.22249707974498711,0.6717617338415535,0.49999999999994765,317.75,0.1815260088084752,0.1912351704162203,high_flow,2356000.csv
2356000,2021-04-02,nighttime,6,NA,NA,1.1703792068255428e-14,317.75,0.1815260088084752,0.1912351704162203,high_flow,2356000.csv
2356000,2021-04-03,daytime,6,0.6956083436402567,0.1248798257429048,0.24193548387098257,326.96875,0.1735507677657422,0.197698686664286,high_flow,2356000.csv
2356000,2021-04-03,nighttime,6,-0.7033753209384503,0.1189298611402586,-0.05263157894736831,326.96875,0.1735507677657422,0.197698686664286,high_flow,2356000.csv
2356000,2021-04-04,daytime,6,NA,NA,0,358.21875,0.14778002618735864,0.203332936555172,high_flow,2356000.csv
2356000,2021-04-04,nighttime,6,-0.8064773596028896,0.05255270912200651,-0.3550863723608327,358.21875,0.14778002618735864,0.203332936555172,high_flow,2356000.csv
2356000,2021-04-05,daytime,6,NA,NA,0,351.90625,0.15295798119271514,0.206229417132881,high_flow,2356000.csv
2356000,2021-04-05,nighttime,6,NA,NA,0,351.90625,0.15295798119271514,0.206229417132881,high_flow,2356000.csv
2356000,2021-04-06,daytime,6,0.5501070814369875,0.25807547550697363,0.04450261780104778,322.84375,0.17747887156290915,0.20683251993810264,high_flow,2356000.csv
2356000,2021-04-06,nighttime,6,NA,NA,0,322.84375,0.17747887156290915,0.20683251993810264,high_flow,2356000.csv
2356000,2021-04-07,daytime,6,NA,NA,0,292.5625,0.2069396500416617,0.2062413204777209,high_flow,2356000.csv
2356000,2021-04-07,nighttime,6,NA,NA,NA,292.5625,0.2069396500416617,0.2062413204777209,high_flow,2356000.csv
2356000,2021-04-08,daytime,6,NA,NA,-1.2321891278254532e-14,265.46875,0.23878109748839424,0.2061818037535214,high_flow,2356000.csv
2356000,2021-04-08,nighttime,6,NA,NA,NA,265.46875,0.23878109748839424,0.2061818037535214,high_flow,2356000.csv
2356000,2021-04-09,daytime,6,-0.8958205931813582,0.01571467548737137,-0.7821782178218417,241.46875,0.2726461135579098,0.20702694123715432,high_flow,2356000.csv
2356000,2021-04-09,nighttime,6,-0.31149591164298973,0.547868310427106,-0.06930693069306865,241.46875,0.2726461135579098,0.20702694123715432,high_flow,2356000.csv
2356000,2021-04-10,daytime,6,NA,NA,-2.0082313189075048e-14,223.0625,0.3029996428996548,0.2073840415823513,high_flow,2356000.csv
2356000,2021-04-10,nighttime,6,-0.6032092391024972,0.20492841628198044,-0.20792079207917752,223.0625,0.3029996428996548,0.2073840415823513,high_flow,2356000.csv
2356000,2021-04-11,daytime,6,0.9814650313425268,5.12133796211459e-4,0.5399515738498797,225.5,0.2991905725508868,0.207697496329802,high_flow,2356000.csv
2356000,2021-04-11,nighttime,6,-0.8254166036140174,0.04305844814604423,-0.5645161290322527,225.5,0.2991905725508868,0.207697496329802,high_flow,2356000.csv
2356000,2021-04-12,daytime,6,NA,NA,-7.459144898800543e-15,251.71875,0.25651708129984524,0.2099789707574495,high_flow,2356000.csv
2356000,2021-04-12,nighttime,6,NA,NA,2.1755839288169196e-14,251.71875,0.25651708129984524,0.2099789707574495,high_flow,2356000.csv
2356000,2021-04-13,daytime,6,NA,NA,-1.1409231914617886e-14,299.75,0.1989644089989287,0.211982700472166,high_flow,2356000.csv
2356000,2021-04-13,nighttime,6,NA,NA,2.2506040642934616e-14,299.75,0.1989644089989287,0.211982700472166,high_flow,2356000.csv
2356000,2021-04-14,daytime,6,NA,NA,-1.8647862247001388e-14,348.09375,0.15605285085108916,0.2131690671745427,high_flow,2356000.csv
2356000,2021-04-14,nighttime,6,NA,NA,NA,348.09375,0.15605285085108916,0.2131690671745427,high_flow,2356000.csv
2356000,2021-04-15,daytime,6,-0.4894935754389893,0.3244019364733171,-0.10891089108909248,344.25,0.15896917033686467,0.21420069039400072,high_flow,2356000.csv
2356000,2021-04-15,nighttime,6,NA,NA,NA,344.25,0.15896917033686467,0.21420069039400072,high_flow,2356000.csv
2356000,2021-04-16,daytime,6,NA,NA,NA,318.5625,0.1810498750148792,0.21521644248700553,high_flow,2356000.csv
2356000,2021-04-16,nighttime,6,NA,NA,2.9786518220043776e-14,318.5625,0.1810498750148792,0.21521644248700553,high_flow,2356000.csv
2356000,2021-04-17,daytime,6,NA,NA,-3.4809342861069784e-14,312.625,0.1868825139864302,0.21646629369519504,high_flow,2356000.csv
2356000,2021-04-17,nighttime,6,NA,NA,2.17558392881712e-14,312.625,0.1868825139864302,0.21646629369519504,high_flow,2356000.csv
2356000,2021-04-18,daytime,6,0.5420821648636587,0.2665230078119164,0.15217391304345715,322,0.17825258897750268,0.21765662817918505,high_flow,2356000.csv
2356000,2021-04-18,nighttime,6,NA,NA,2.7151287431636662e-14,322,0.17825258897750268,0.21765662817918505,high_flow,2356000.csv
2356000,2021-04-19,daytime,6,NA,NA,-7.982890067232733e-15,317.15625,0.1820021426020712,0.2182359242947268,high_flow,2356000.csv
2356000,2021-04-19,nighttime,6,-0.7250184882071847,0.10302590735680076,-0.4310344827586721,317.15625,0.1820021426020712,0.2182359242947268,high_flow,2356000.csv
2356000,2021-04-20,daytime,6,NA,NA,-1.305350357290099e-14,316.0625,0.1830139269134627,0.2155021227631631,high_flow,2356000.csv
2356000,2021-04-20,nighttime,6,NA,NA,3.3470521981797075e-14,316.0625,0.1830139269134627,0.2155021227631631,high_flow,2356000.csv
2356000,2021-04-21,daytime,6,0.7132629516214909,0.1115397097051852,0.0953895071542037,302.71875,0.1952743720985597,0.21151847002340993,high_flow,2356000.csv
2356000,2021-04-21,nighttime,6,NA,NA,2.0885605716641723e-14,302.71875,0.1952743720985597,0.21151847002340993,high_flow,2356000.csv
2356000,2021-04-22,daytime,6,0.9392909624942948,0.00541650662546757,0.2548772813090021,277.875,0.22241399833353173,0.2098639050906638,high_flow,2356000.csv
2356000,2021-04-22,nighttime,6,0.599064691559181,0.20889868301577277,0.07476635514019996,277.875,0.22241399833353173,0.2098639050906638,high_flow,2356000.csv
2356000,2021-04-23,daytime,6,0.8581476730290186,0.02875594187570926,0.14595660749506711,253.1875,0.25401737888346626,0.20953457921675991,high_flow,2356000.csv
2356000,2021-04-23,nighttime,6,NA,NA,1.1253020321466396e-14,253.1875,0.25401737888346626,0.20953457921675991,high_flow,2356000.csv
2356000,2021-04-24,daytime,6,-0.06598588053218622,0.9011648349648532,-0.07692307692312611,230.5625,0.2913938816807523,0.20962583819386585,high_flow,2356000.csv
2356000,2021-04-24,nighttime,6,0.4638312648270683,0.35414730256151283,0.04780876494024313,230.5625,0.2913938816807523,0.20962583819386585,high_flow,2356000.csv
2356000,2021-04-25,daytime,6,0.6867952956727124,0.13178353002360343,0.02841492639506747,212.25,0.3208546601595048,0.2113359520691981,high_flow,2356000.csv
2356000,2021-04-25,nighttime,6,NA,NA,7.211342026089514e-15,212.25,0.3208546601595048,0.2113359520691981,high_flow,2356000.csv
2356000,2021-04-26,daytime,6,0.785456236938247,0.0641059191501691,0.32073689182805865,219.75,0.3078800142840138,0.2157878030393207,high_flow,2356000.csv
2356000,2021-04-26,nighttime,6,0.6186090569611162,0.1904501947485205,0.1417322834645795,219.75,0.3078800142840138,0.2157878030393207,high_flow,2356000.csv
2356000,2021-04-27,daytime,6,0.8227495847949393,0.04434216349184484,0.20974889217133047,283.90625,0.21551005832638973,0.22229099710351943,high_flow,2356000.csv
2356000,2021-04-27,nighttime,6,0.7276634772892161,0.10115155623490056,0.5583756345177469,283.90625,0.21551005832638973,0.22229099710351943,high_flow,2356000.csv
2356000,2021-04-28,daytime,6,NA,NA,-4.1439693882225176e-15,371.1875,0.13920961790263064,0.23047653057175732,high_flow,2356000.csv
2356000,2021-04-28,nighttime,6,-0.6201736729460404,0.18900365845517697,-0.3846153846153875,371.1875,0.13920961790263064,0.23047653057175732,high_flow,2356000.csv
2356000,2021-04-29,daytime,6,0.8887877187622242,0.01786451096364278,0.07706766917292684,382.5625,0.13123437685989764,0.23753521406181805,high_flow,2356000.csv
2356000,2021-04-29,nighttime,6,NA,NA,NA,382.5625,0.13123437685989764,0.23753521406181805,high_flow,2356000.csv
2356000,2021-04-30,daytime,6,NA,NA,-5.5273328767577376e-15,350.65625,0.15402928222830614,0.2395151370868547,high_flow,2356000.csv
2356000,2021-04-30,nighttime,6,NA,NA,NA,350.65625,0.15402928222830614,0.2395151370868547,high_flow,2356000.csv
2356000,2021-05-01,daytime,6,0.9409040512732798,0.00513530542240348,0.20758768790264723,316.71875,0.18241875967146767,0.23649565527913344,high_flow,2356000.csv
2356000,2021-05-01,nighttime,6,NA,NA,NA,316.71875,0.18241875967146767,0.23649565527913344,high_flow,2356000.csv
2356000,2021-05-02,daytime,6,NA,NA,-4.972763265867029e-15,286.9375,0.2125342221164147,0.2307542752846883,high_flow,2356000.csv
2356000,2021-05-02,nighttime,6,NA,NA,8.244318046042784e-15,286.9375,0.2125342221164147,0.2307542752846883,high_flow,2356000.csv
2356000,2021-05-03,daytime,6,0.8747491043857413,0.0225492256015407,0.24551422319477467,260.59375,0.24503035352934177,0.2244494703011546,high_flow,2356000.csv
2356000,2021-05-03,nighttime,6,0.33091126067791327,0.5217508748392523,0.04977375565610972,260.59375,0.24503035352934177,0.2244494703011546,high_flow,2356000.csv
2356000,2021-05-04,daytime,6,0.8904186372022792,0.01735418199339182,0.24810126582278472,237.375,0.2795500535650518,0.22115224378050233,high_flow,2356000.csv
2356000,2021-05-04,nighttime,6,NA,NA,NA,237.375,0.2795500535650518,0.22115224378050233,high_flow,2356000.csv
2356000,2021-05-05,daytime,6,-0.5200000000000006,0.29030399999999923,-0.8666666666670321,221.28125,0.3057969289370313,0.22625877871681943,high_flow,2356000.csv
2356000,2021-05-05,nighttime,6,NA,NA,7.50201354764583e-15,221.28125,0.3057969289370313,0.22625877871681943,high_flow,2356000.csv
2356000,2021-05-06,daytime,6,0.7147173535897864,0.1104702489183832,0.10354477611940198,224.03125,0.3011546244494703,0.23800341229218744,high_flow,2356000.csv
2356000,2021-05-06,nighttime,6,NA,NA,2.715128743163629e-14,224.03125,0.3011546244494703,0.23800341229218744,high_flow,2356000.csv
2356000,2021-05-07,daytime,6,0.8207677342949573,0.045307460575331,0.30909090909091286,254.84375,0.25211284370908227,0.24970043248819584,high_flow,2356000.csv
2356000,2021-05-07,nighttime,6,NA,NA,4.673242691798217e-15,254.84375,0.25211284370908227,0.24970043248819584,high_flow,2356000.csv
2356000,2021-05-08,daytime,6,0.9316118680192964,0.00685548141512537,0.2583826429980257,290.875,0.20872515176764672,0.25758441455382297,normal_flow,2356000.csv
2356000,2021-05-08,nighttime,6,-0.8869270937958174,0.01845537736606842,-0.2716199756394619,290.875,0.20872515176764672,0.25758441455382297,normal_flow,2356000.csv
2356000,2021-05-09,daytime,6,NA,NA,-1.5614238723565976e-14,294.34375,0.20527318176407572,0.26272269174304647,normal_flow,2356000.csv
2356000,2021-05-09,nighttime,6,NA,NA,-0,294.34375,0.20527318176407572,0.26272269174304647,normal_flow,2356000.csv
2356000,2021-05-10,daytime,6,NA,NA,0,274.9375,0.22628258540649923,0.2666230210689204,normal_flow,2356000.csv
2356000,2021-05-10,nighttime,6,NA,NA,-6.44198877623787e-14,274.9375,0.22628258540649923,0.2666230210689204,normal_flow,2356000.csv
2356000,2021-05-11,daytime,6,NA,NA,0,250.6875,0.25842161647422923,0.27044002698091496,normal_flow,2356000.csv
2356000,2021-05-11,nighttime,6,NA,NA,7.251946429390369e-15,250.6875,0.25842161647422923,0.27044002698091496,normal_flow,2356000.csv
2356000,2021-05-12,daytime,6,NA,NA,0,229.96875,0.29210808237114627,0.2743879696861485,normal_flow,2356000.csv
2356000,2021-05-12,nighttime,6,NA,NA,-0,229.96875,0.29210808237114627,0.2743879696861485,normal_flow,2356000.csv
2356000,2021-05-13,daytime,6,NA,NA,0,215.03125,0.31537912153315084,0.2792842121969607,normal_flow,2356000.csv
2356000,2021-05-13,nighttime,6,-0.5533715710928586,0.2546693910878476,-0.11483253588516844,215.03125,0.31537912153315084,0.2792842121969607,normal_flow,2356000.csv
2356000,2021-05-14,daytime,6,0.9026417802200442,0.01375652350946997,0.10005851375071656,220.78125,0.3066896798000238,0.286826965043844,normal_flow,2356000.csv
2356000,2021-05-14,nighttime,6,NA,NA,-0,220.78125,0.3066896798000238,0.286826965043844,normal_flow,2356000.csv
2356000,2021-05-15,daytime,6,0.9062032329550952,0.01278414609208573,0.2840466926070005,241.75,0.27228901321271276,0.300119033448399,normal_flow,2356000.csv
2356000,2021-05-15,nighttime,6,-0.9450734108984756,0.00444254044303547,-0.42130365659774266,241.75,0.27228901321271276,0.300119033448399,normal_flow,2356000.csv
2356000,2021-05-16,daytime,6,NA,NA,-1.2904604292601718e-14,250,0.2594929175098203,0.31948577550291635,normal_flow,2356000.csv
2356000,2021-05-16,nighttime,6,NA,NA,1.598388192600131e-14,250,0.2594929175098203,0.31948577550291635,normal_flow,2356000.csv
2356000,2021-05-17,daytime,6,NA,NA,-8.778196674180017e-15,242.28125,0.27103916200452327,0.34261000674522873,normal_flow,2356000.csv
2356000,2021-05-17,nighttime,6,NA,NA,2.5839699905401132e-14,242.28125,0.27103916200452327,0.34261000674522873,normal_flow,2356000.csv
2356000,2021-05-18,daytime,6,0.416455592340628,0.4114306535386638,0.05518394648828501,223.34375,0.3022854422092608,0.36868626750783634,normal_flow,2356000.csv
2356000,2021-05-18,nighttime,6,NA,NA,NA,223.34375,0.3022854422092608,0.36868626750783634,normal_flow,2356000.csv
2356000,2021-05-19,daytime,6,0.8376112604531367,0.03741405022527402,0.2338642078792885,203.03125,0.33876919414355433,0.3962544141570448,normal_flow,2356000.csv
2356000,2021-05-19,nighttime,6,NA,NA,2.4732954138128352e-14,203.03125,0.33876919414355433,0.3962544141570448,normal_flow,2356000.csv
2356000,2021-05-20,daytime,6,NA,NA,-9.010814033532444e-15,184.75,0.3792405665992144,0.4242153711859699,normal_flow,2356000.csv
2356000,2021-05-20,nighttime,6,NA,NA,-0,184.75,0.3792405665992144,0.4242153711859699,normal_flow,2356000.csv
2356000,2021-05-21,daytime,6,NA,NA,-9.254349547952236e-15,168.25,0.4142959171527199,0.4528349799627028,normal_flow,2356000.csv
2356000,2021-05-21,nighttime,6,0.5674018060080867,0.24023332414948775,0.04599211563732008,168.25,0.4142959171527199,0.4528349799627028,normal_flow,2356000.csv
2356000,2021-05-22,daytime,6,0.9039825056370888,0.01338642894945034,0.19960732984292864,153.125,0.45149386977740746,0.4841487124548665,normal_flow,2356000.csv
2356000,2021-05-22,nighttime,6,0.7703288865196366,0.07306579039669706,0.34615384615383943,153.125,0.45149386977740746,0.4841487124548665,normal_flow,2356000.csv
2356000,2021-05-23,daytime,6,0.9806693323413064,5.569003773599647e-4,0.28044928044927814,139.5,0.4992262825854065,0.5196762290203547,normal_flow,2356000.csv
2356000,2021-05-23,nighttime,6,0.8958280175293685,0.01571247603748201,0.4848484848484646,139.5,0.4992262825854065,0.5196762290203547,normal_flow,2356000.csv
2356000,2021-05-24,daytime,6,0.9654381374537916,0.00177114105548676,0.29671457905543835,127.40625,0.552136650398762,0.557386025473158,normal_flow,2356000.csv
2356000,2021-05-24,nighttime,6,0.9351036621944064,0.00618064540286017,0.5629820051413637,127.40625,0.552136650398762,0.557386025473158,normal_flow,2356000.csv
2356000,2021-05-25,daytime,6,0.9924929871028751,8.432133418974792e-5,0.43867924528301855,116.5625,0.6174264968456136,0.5951513708685474,normal_flow,2356000.csv
2356000,2021-05-25,nighttime,6,0.9173217037239546,0.00997096896982877,0.4748010610079417,116.5625,0.6174264968456136,0.5951513708685474,normal_flow,2356000.csv
2356000,2021-05-26,daytime,6,0.9945745256380454,4.407380656504305e-5,0.6356622374625056,106.75,0.6719438162123557,0.631662897274134,normal_flow,2356000.csv
2356000,2021-05-26,nighttime,6,0.9513360723638328,0.0034946443616337,0.8374999999999979,106.75,0.6719438162123557,0.631662897274134,normal_flow,2356000.csv
2356000,2021-05-27,daytime,6,0.9922208271757258,9.05379143623402e-5,0.605189340813471,97.84375,0.7115224378050232,0.6664087608618021,normal_flow,2356000.csv
2356000,2021-05-27,nighttime,6,0.9779436902193844,7.243562160816093e-4,0.8886198547215495,97.84375,0.7115224378050232,0.6664087608618021,normal_flow,2356000.csv
2356000,2021-05-28,daytime,6,0.9981187531425904,5.305305657045599e-6,0.9094766619519152,89.65625,0.7446732531841448,0.6992024758957267,normal_flow,2356000.csv
2356000,2021-05-28,nighttime,6,0.9737436145187488,0.00102504612089844,0.7505285412261782,89.65625,0.7446732531841448,0.6992024758957267,normal_flow,2356000.csv
2356000,2021-05-29,daytime,6,0.9553472295840244,0.00294628895116072,0.8747474747474804,82.25,0.7763956671824783,0.7302583025830258,normal_flow,2356000.csv
2356000,2021-05-29,nighttime,6,0.9370853677944012,0.00581286046713976,1.060240963855354,82.25,0.7763956671824783,0.7302583025830258,normal_flow,2356000.csv
2356000,2021-05-30,daytime,6,0.9865157437670454,2.715118606689386e-4,1.2577319587628986,75.6875,0.8052017616950363,0.7593381740269015,low_flow,2356000.csv
2356000,2021-05-30,nighttime,6,0.9395544431219028,0.00537007410120316,0.9282511210762509,75.6875,0.8052017616950363,0.7593381740269015,low_flow,2356000.csv
2356000,2021-05-31,daytime,6,0.9944549784630156,4.603564864831604e-5,0.7491590581451236,70.875,0.8251398643018688,0.7856405983414673,low_flow,2356000.csv
2356000,2021-05-31,nighttime,6,0.9874150364277596,2.3657535067535672e-4,0.5788514129443859,70.875,0.8251398643018688,0.7856405983414673,low_flow,2356000.csv
2356000,2021-06-01,daytime,6,0.999345053359593,6.432921813192232e-7,0.912472647702397,67.8125,0.8375193429353648,0.808582311629568,low_flow,2356000.csv
2356000,2021-06-01,nighttime,6,0.971133871169457,0.00123785369058729,0.8947368421052653,67.8125,0.8375193429353648,0.808582311629568,low_flow,2356000.csv
2356000,2021-06-02,daytime,6,0.9931784834153752,6.964091965395011e-5,1.0255681818181894,64.65625,0.8499583382930603,0.8264095544181248,low_flow,2356000.csv
2356000,2021-06-02,nighttime,6,0.9832597366536676,4.180090096477377e-4,0.8476052249637162,64.65625,0.8499583382930603,0.8264095544181248,low_flow,2356000.csv
2356000,2021-06-03,daytime,6,0.9705349479597504,0.00128949331627105,1.3122171945701586,61.65625,0.8599571479585764,0.8377693131770028,low_flow,2356000.csv
2356000,2021-06-03,nighttime,6,0.9873790189236704,2.3792855223558809e-4,1.4662756598240183,61.65625,0.8599571479585764,0.8377693131770028,low_flow,2356000.csv
2356000,2021-06-04,daytime,6,0.9839971898131012,3.820858215155587e-4,1.069164265129713,59.03125,0.8711462921080824,0.8418878704916082,low_flow,2356000.csv
2356000,2021-06-04,nighttime,6,0.9447658003878094,0.00449197049795547,1.5267857142857226,59.03125,0.8711462921080824,0.8418878704916082,low_flow,2356000.csv
2356000,2021-06-05,daytime,6,0.985345682254262,3.205500426392858e-4,1.2031249999999991,56.59375,0.8801333174622069,0.837773280958616,low_flow,2356000.csv
2356000,2021-06-05,nighttime,6,0.991075561816943,1.1911299922183972e-4,1.1589743589743544,56.59375,0.8801333174622069,0.837773280958616,low_flow,2356000.csv
2356000,2021-06-06,daytime,6,0.9540960518859278,0.00311239491122659,1.1865509761387938,54.40625,0.8876919414355434,0.8231361345871523,low_flow,2356000.csv
2356000,2021-06-06,nighttime,6,0.964914515498304,0.00182489187234492,1.040955631399321,54.40625,0.8876919414355434,0.8231361345871523,low_flow,2356000.csv
2356000,2021-06-07,daytime,6,NA,NA,NA,52.53125,0.8937626473038924,0.8027695115660834,low_flow,2356000.csv
2356000,2021-06-07,nighttime,6,0.7035975447303007,0.11876149100611286,0.7920792079208299,52.53125,0.8937626473038924,0.8027695115660834,low_flow,2356000.csv
2356000,2021-06-08,daytime,6,0.9909866070969596,1.2149574777645748e-4,0.7187499999999972,51.8125,0.8962623497202714,0.7787445938975519,low_flow,2356000.csv
2356000,2021-06-08,nighttime,6,NA,NA,NA,51.8125,0.8962623497202714,0.7787445938975519,low_flow,2356000.csv
2356000,2021-06-09,daytime,6,0.9968213203163796,1.5139948099629669e-5,0.7887192271735786,55.09375,0.8848351386739673,0.7536126651589097,low_flow,2356000.csv
2356000,2021-06-09,nighttime,6,0.8827754173742506,0.01980697733290627,1.256410256410231,55.09375,0.8848351386739673,0.7536126651589097,low_flow,2356000.csv
2356000,2021-06-10,daytime,6,0.9982129957377548,4.787223054305315e-6,1.0849673202614654,66.65625,0.8423401975955244,0.7294845851684323,normal_flow,2356000.csv
2356000,2021-06-10,nighttime,6,0.9605685076788232,0.00230160899825396,1.1679389312977273,66.65625,0.8423401975955244,0.7294845851684323,normal_flow,2356000.csv
2356000,2021-06-11,daytime,6,0.977724949089087,7.387406457109919e-4,0.7798507462687098,82.84375,0.7733007975241043,0.7076260762607626,normal_flow,2356000.csv
2356000,2021-06-11,nighttime,6,0.98113906117874,5.302477716685117e-4,1.2662337662337189,82.84375,0.7733007975241043,0.7076260762607626,normal_flow,2356000.csv
2356000,2021-06-12,daytime,6,1,0,1.0000000000001972,104.5,0.6829544101892632,0.6886838868388684,normal_flow,2356000.csv
2356000,2021-06-12,nighttime,6,0.9303349698303264,0.00711077490835515,1.6415094339621998,104.5,0.6829544101892632,0.6886838868388684,normal_flow,2356000.csv
2356000,2021-06-13,daytime,6,0.991584703121063,1.0592785836918413e-4,0.5714285714285745,126.65625,0.5568384716105226,0.6725985001785502,normal_flow,2356000.csv
2356000,2021-06-13,nighttime,6,0.7658086865871754,0.07584617873079723,0.7449664429530167,126.65625,0.5568384716105226,0.6725985001785502,normal_flow,2356000.csv
2356000,2021-06-14,daytime,6,0.9904874352020976,1.353029428412206e-4,0.431967812728607,139.40625,0.4997024163790025,0.6568503749553625,normal_flow,2356000.csv
2356000,2021-06-14,nighttime,6,0.7397092748646287,0.09280937988300254,0.5471698113207288,139.40625,0.4997024163790025,0.6568503749553625,normal_flow,2356000.csv
2356000,2021-06-15,daytime,6,-0.09917694073609538,0.8517223443421,-0.01967213114755471,148.90625,0.4647660992738959,0.6371424036821013,normal_flow,2356000.csv
2356000,2021-06-15,nighttime,6,0.35048914333244163,0.49579379075932023,2.200000000002619,148.90625,0.4647660992738959,0.6371424036821013,normal_flow,2356000.csv
2356000,2021-06-16,daytime,6,0.9932193459069096,6.881002691344169e-5,0.67858801672087,150.1875,0.4605404118557314,0.6066500019838909,normal_flow,2356000.csv
2356000,2021-06-16,nighttime,6,-0.6053903384833089,0.20285150354025233,-0.19289340101517305,150.1875,0.4605404118557314,0.6066500019838909,normal_flow,2356000.csv
2356000,2021-06-17,daytime,6,0.9961047576162412,2.2729818754999297e-5,0.8212290502793318,142.625,0.48803713843590046,0.5656152045391422,normal_flow,2356000.csv
2356000,2021-06-17,nighttime,6,0.8827214122103241,0.01982486021696303,0.4323995127892758,142.625,0.48803713843590046,0.5656152045391422,normal_flow,2356000.csv
2356000,2021-06-18,daytime,6,0.9871017591291796,2.484740208877096e-4,1.1241610738255283,132,0.5320795143435305,0.5233107169781375,normal_flow,2356000.csv
2356000,2021-06-18,nighttime,6,0.9516619028617757,0.00344838473908643,0.99999999999984,132,0.5320795143435305,0.5233107169781375,normal_flow,2356000.csv
2356000,2021-06-19,daytime,6,0.906570971123868,0.0126857049323206,2.365384615384629,121.46875,0.587013450779669,0.4853350791572432,normal_flow,2356000.csv
2356000,2021-06-19,nighttime,6,0.9750356118852525,9.270518495229004e-4,1.156249999999985,121.46875,0.587013450779669,0.4853350791572432,normal_flow,2356000.csv
2356000,2021-06-20,daytime,6,0.9674587741831924,0.00157116760394821,1.0858085808580995,113.03125,0.6388525175574337,0.4545331904931952,normal_flow,2356000.csv
2356000,2021-06-20,nighttime,6,0.977949075664449,7.240038393661494e-4,0.9337748344371098,113.03125,0.6388525175574337,0.4545331904931952,normal_flow,2356000.csv
2356000,2021-06-21,daytime,6,0.5639259014801918,0.24377886876041296,1.599999999999679,110.75,0.6514700630877277,0.4340435662421141,normal_flow,2356000.csv
2356000,2021-06-21,nighttime,6,0.8980265101338732,0.01506769856284768,0.9677419354838752,110.75,0.6514700630877277,0.4340435662421141,normal_flow,2356000.csv
2356000,2021-06-22,daytime,6,-0.6713915473706418,0.14423312479946304,-0.03577512776831577,119.46875,0.5981430782049756,0.41940245208903704,normal_flow,2356000.csv
2356000,2021-06-22,nighttime,6,0.7907457305663524,0.06109967902269975,0.8624535315985268,119.46875,0.5981430782049756,0.41940245208903704,normal_flow,2356000.csv
2356000,2021-06-23,daytime,6,0.7638152219916726,0.07708729686059118,0.10607521697202998,157.625,0.4388763242471134,0.4090941554576836,normal_flow,2356000.csv
2356000,2021-06-23,nighttime,6,0.899172196132574,0.01473684891856422,0.8085106382978617,157.625,0.4388763242471134,0.4090941554576836,normal_flow,2356000.csv
2356000,2021-06-24,daytime,6,NA,NA,-1.3844625001561887e-14,243.28125,0.26931317700273777,0.4008848152997659,normal_flow,2356000.csv
2356000,2021-06-24,nighttime,6,0.8721786813342308,0.02346324340351891,1.2960000000000056,243.28125,0.26931317700273777,0.4008848152997659,normal_flow,2356000.csv
2356000,2021-06-25,daytime,6,0.5721604181076513,0.23541274827753317,0.14620298083746422,291.84375,0.2077728841804547,0.3917271753362695,normal_flow,2356000.csv
2356000,2021-06-25,nighttime,6,NA,NA,2.8672435593655144e-14,291.84375,0.2077728841804547,0.3917271753362695,normal_flow,2356000.csv
2356000,2021-06-26,daytime,6,0.743339714322987,0.09035806908334572,0.17549668874171406,295.375,0.2036662302106892,0.3793199222314804,normal_flow,2356000.csv
2356000,2021-06-26,nighttime,6,NA,NA,2.7007248771519348e-14,295.375,0.2036662302106892,0.3793199222314804,normal_flow,2356000.csv
2356000,2021-06-27,daytime,6,0.6142712695109402,0.19448433679815305,0.2142857142857082,278.71875,0.2209260802285442,0.362861564099512,normal_flow,2356000.csv
2356000,2021-06-27,nighttime,6,NA,NA,1.740467143053727e-14,278.71875,0.2209260802285442,0.362861564099512,normal_flow,2356000.csv
2356000,2021-06-28,daytime,6,0.9715664861977674,0.0012012033145080501,0.3910614525139818,256.6875,0.24949410784430423,0.3430067849065587,normal_flow,2356000.csv
2356000,2021-06-28,nighttime,6,1,0,1.4999999999993046,256.6875,0.24949410784430423,0.3430067849065587,normal_flow,2356000.csv
2356000,2021-06-29,daytime,6,0.9882117688026189,2.076245317257648e-4,0.7142857142857281,237.125,0.2800857040828473,0.3223306749196524,normal_flow,2356000.csv
2356000,2021-06-29,nighttime,6,NA,NA,9.250937843176711e-15,237.125,0.2800857040828473,0.3223306749196524,normal_flow,2356000.csv
2356000,2021-06-30,daytime,6,0.9746022939064316,9.593738999274626e-4,0.37199434229138306,218.671875,0.3101416498035948,0.3051025671547038,normal_flow,2356000.csv
2356000,2021-06-30,nighttime,6,0.8460202320226244,0.03373924105897027,0.4324324324324107,218.671875,0.3101416498035948,0.3051025671547038,normal_flow,2356000.csv
2356000,2021-07-01,daytime,6,0.9772847837627424,7.68111262510227e-4,0.2402126631222875,203.5625,0.3374003094869658,0.298135142641749,normal_flow,2356000.csv
2356000,2021-07-01,nighttime,6,0.8737316178684926,0.02290896361394213,0.5552050473186251,203.5625,0.3374003094869658,0.298135142641749,normal_flow,2356000.csv
2356000,2021-07-02,daytime,6,0.9555192039684702,0.00292380827927232,0.28389830508474034,197.21875,0.35067253898345435,0.300238066896798,normal_flow,2356000.csv
2356000,2021-07-02,nighttime,6,0.8918591296274602,0.01690934788315716,0.3668341708542552,197.21875,0.35067253898345435,0.300238066896798,normal_flow,2356000.csv
2356000,2021-07-03,daytime,6,0.9356411590406094,0.00607980151088021,0.2758186397984884,199.375,0.34597071777169386,0.3050311470856644,normal_flow,2356000.csv
2356000,2021-07-03,nighttime,6,0.8759182423221717,0.02213922497999113,0.33566433566434567,199.375,0.34597071777169386,0.3050311470856644,normal_flow,2356000.csv
2356000,2021-07-04,daytime,6,0.8339075684865654,0.03908907301714367,0.21855486173059463,202.421875,0.34013807880014285,0.310593976907511,normal_flow,2356000.csv
2356000,2021-07-04,nighttime,6,NA,NA,1.243190816466891e-14,202.421875,0.34013807880014285,0.310593976907511,normal_flow,2356000.csv
2356000,2021-07-05,daytime,6,0.85,0.03206250000000001,0.5312500000000453,201.90625,0.34103082966313536,0.3155259294528429,normal_flow,2356000.csv
2356000,2021-07-05,nighttime,6,0.9400000000000028,0.00529199999999948,0.5874999999999754,201.90625,0.34103082966313536,0.3155259294528429,normal_flow,2356000.csv
2356000,2021-07-06,daytime,6,0.8849531586491969,0.019092296463363,0.36716417910448695,201.6875,0.3413284132841328,0.31900964170932034,normal_flow,2356000.csv
2356000,2021-07-06,nighttime,6,0.6210590034081209,0.18818715983081405,0.05357142857144244,201.6875,0.3413284132841328,0.31900964170932034,normal_flow,2356000.csv
2356000,2021-07-07,daytime,6,0.9486123071722798,0.00389319285014236,0.29678935003915236,202.765625,0.33972146173074635,0.32115224378050233,normal_flow,2356000.csv
2356000,2021-07-07,nighttime,6,0.5962847939999452,0.2115789946000727,0.07407407407408628,202.765625,0.33972146173074635,0.32115224378050233,normal_flow,2356000.csv
2356000,2021-07-08,daytime,6,0.9313356477121836,0.00691032079945501,0.29597197898423583,205.015625,0.33436495655279136,0.3221521247470539,normal_flow,2356000.csv
2356000,2021-07-08,nighttime,6,0.9166164827711004,0.01013934150256317,0.3904208998548667,205.015625,0.33436495655279136,0.3221521247470539,normal_flow,2356000.csv
2356000,2021-07-09,daytime,6,0.936591449281366,0.00590349484221294,0.5037406483790883,224.140625,0.3008570408284728,0.32200531682736183,normal_flow,2356000.csv
2356000,2021-07-09,nighttime,6,0.9058216273156788,0.01288668818163386,0.6666666666666583,224.140625,0.3008570408284728,0.32200531682736183,normal_flow,2356000.csv
2356000,2021-07-10,daytime,6,0.9815822174606862,5.056982790829648e-4,0.32116788321168616,237.34375,0.2796690870134508,0.32119192159663534,normal_flow,2356000.csv
2356000,2021-07-10,nighttime,6,NA,NA,1.4692255103698268e-14,237.34375,0.2796690870134508,0.32119192159663534,normal_flow,2356000.csv
2356000,2021-07-11,daytime,6,0.9432153372447836,0.00474519587274452,0.17241379310344815,232.890625,0.2871086775383883,0.32139031067730034,normal_flow,2356000.csv
2356000,2021-07-11,nighttime,6,0.8243589816248581,0.04356540872803235,0.6011560693641483,232.890625,0.2871086775383883,0.32139031067730034,normal_flow,2356000.csv
2356000,2021-07-12,daytime,6,0.5717669933608285,0.23580982646870235,0.17561683599418962,228.140625,0.29490536840852277,0.3235091060588025,normal_flow,2356000.csv
2356000,2021-07-12,nighttime,6,0.7833494518006398,0.06532167682878177,0.2142857142857211,228.140625,0.29490536840852277,0.3235091060588025,normal_flow,2356000.csv
2356000,2021-07-13,daytime,6,0.875061111956051,0.02243945772982084,0.15765069551776936,223.671875,0.3017497916914653,0.32676665476332184,normal_flow,2356000.csv
2356000,2021-07-13,nighttime,6,NA,NA,8.803919400659547e-15,223.671875,0.3017497916914653,0.32676665476332184,normal_flow,2356000.csv
2356000,2021-07-14,daytime,6,0.8367689825941955,0.03779195415792354,0.24114671163574897,217.21875,0.3122247351505773,0.33029401261754554,normal_flow,2356000.csv
2356000,2021-07-14,nighttime,6,0.4390643264264483,0.3837243681651078,0.1226765799256639,217.21875,0.3122247351505773,0.33029401261754554,normal_flow,2356000.csv
2356000,2021-07-15,daytime,6,0.9312490968493752,0.00692754803682143,0.26315789473684065,209.515625,0.3251398643018688,0.33288100622941713,normal_flow,2356000.csv
2356000,2021-07-15,nighttime,6,0.9557896392964658,0.00288862817756015,0.5142857142857,209.515625,0.3251398643018688,0.33288100622941713,normal_flow,2356000.csv
2356000,2021-07-16,daytime,6,0.9548058962074762,0.00301760588933871,0.29873417721519374,204.65625,0.33519819069158435,0.3325000991945403,normal_flow,2356000.csv
2356000,2021-07-16,nighttime,6,NA,NA,1.3242684784102414e-14,204.65625,0.33519819069158435,0.3325000991945403,normal_flow,2356000.csv
2356000,2021-07-17,daytime,6,0.7938160654765283,0.05938509565804052,0.15495342929720118,203.21875,0.33847161052255686,0.3316351228028409,normal_flow,2356000.csv
2356000,2021-07-17,nighttime,6,0.8017837257372733,0.05504060895249937,0.5000000000000024,203.21875,0.33847161052255686,0.3316351228028409,normal_flow,2356000.csv
2356000,2021-07-18,daytime,6,0.9911798157411628,1.1635038955440574e-4,0.28700419219606804,197.8125,0.34894655398166885,0.33103598777923265,normal_flow,2356000.csv
2356000,2021-07-18,nighttime,6,0.9437369765993742,0.00465924062086438,0.5602409638553913,197.8125,0.34894655398166885,0.33103598777923265,normal_flow,2356000.csv
2356000,2021-07-19,daytime,6,0.8737231129890904,0.02291198200190448,0.3358925143953953,187.71875,0.3719200095226759,0.33071856525016863,normal_flow,2356000.csv
2356000,2021-07-19,nighttime,6,0.751469149302177,0.08497580055558313,0.11764705882354189,187.71875,0.3719200095226759,0.33071856525016863,normal_flow,2356000.csv
2356000,2021-07-20,daytime,6,NA,NA,-2.1345351754429726e-14,179.6875,0.3898940602309249,0.33158750942348136,normal_flow,2356000.csv
2356000,2021-07-20,nighttime,6,0.7678571428571453,0.07458033436588764,0.1645408163265353,179.6875,0.3898940602309249,0.33158750942348136,normal_flow,2356000.csv
2356000,2021-07-21,daytime,6,0.9749674710339148,9.320982240539237e-4,0.3596358118361094,177.5625,0.3942387810974884,0.33409117962147367,normal_flow,2356000.csv
2356000,2021-07-21,nighttime,6,0.9316945822105802,0.00683910124248601,0.4063926940639257,177.5625,0.3942387810974884,0.33409117962147367,normal_flow,2356000.csv
2356000,2021-07-22,daytime,6,NA,NA,-5.3511551015338604e-15,185.1875,0.3785263659088204,0.33690036900369,normal_flow,2356000.csv
2356000,2021-07-22,nighttime,6,0.8805874420954337,0.02053766521270935,0.4807692307692108,185.1875,0.3785263659088204,0.33690036900369,normal_flow,2356000.csv
2356000,2021-07-23,daytime,6,0.904468256615527,0.01325354464785106,0.1963350785340343,207.890625,0.3286513510296393,0.33910645558068486,normal_flow,2356000.csv
2356000,2021-07-23,nighttime,6,0.8046797987672226,0.05349924053050687,0.5977011494252608,207.890625,0.3286513510296393,0.33910645558068486,normal_flow,2356000.csv
2356000,2021-07-24,daytime,6,0.8611489651082175,0.0275809179429743,0.1954545454545445,232.453125,0.2878823949529818,0.34113399198508115,normal_flow,2356000.csv
2356000,2021-07-24,nighttime,6,0.8776911014713389,0.02152436204410422,0.6467065868263596,232.453125,0.2878823949529818,0.34113399198508115,normal_flow,2356000.csv
2356000,2021-07-25,daytime,6,NA,NA,-7.547944242833946e-15,242.5,0.2706820616593263,0.34412173153989606,normal_flow,2356000.csv
2356000,2021-07-25,nighttime,6,NA,NA,2.92949915167407e-14,242.5,0.2706820616593263,0.34412173153989606,normal_flow,2356000.csv
2356000,2021-07-26,daytime,6,0.884351396830104,0.01928852225256272,0.2606924643584508,235.625,0.2823473396024283,0.34797047970479705,normal_flow,2356000.csv
2356000,2021-07-26,nighttime,6,0.5555014513453075,0.2524566592060404,0.3679245283018675,235.625,0.2823473396024283,0.34797047970479705,normal_flow,2356000.csv
2356000,2021-07-27,daytime,6,NA,NA,-1.0907240182208431e-14,219.71875,0.3079395310082133,0.35146212752450107,normal_flow,2356000.csv
2356000,2021-07-27,nighttime,6,NA,NA,1.5436019649189452e-14,219.71875,0.3079395310082133,0.35146212752450107,normal_flow,2356000.csv
2356000,2021-07-28,daytime,6,0.9132261806633444,0.01096785335527364,0.26571668063704484,202.921875,0.33930484466134986,0.3540729278260525,normal_flow,2356000.csv
2356000,2021-07-28,nighttime,6,0.6956083436402525,0.12487982574290814,0.08064516129033336,202.921875,0.33930484466134986,0.3540729278260525,normal_flow,2356000.csv
2356000,2021-07-29,daytime,6,-0.8805623987579725,0.02054610185516245,-0.16692426584235037,194.90625,0.35436257588382336,0.35557671705749316,normal_flow,2356000.csv
2356000,2021-07-29,nighttime,6,NA,NA,NA,194.90625,0.35436257588382336,0.35557671705749316,normal_flow,2356000.csv
2356000,2021-07-30,daytime,6,0.8872807226269174,0.01834236821168051,0.12111801242236084,193.296875,0.35823116295679086,0.3576359957147959,normal_flow,2356000.csv
2356000,2021-07-30,nighttime,6,NA,NA,-0,193.296875,0.35823116295679086,0.3576359957147959,normal_flow,2356000.csv
2356000,2021-07-31,daytime,6,0.5747985099938743,0.23275703107115225,0.11832691249311988,190.21875,0.3656112367575289,0.36344482799666705,normal_flow,2356000.csv
2356000,2021-07-31,nighttime,6,0.5393598899705986,0.26941251267619026,0.1454545454545515,190.21875,0.3656112367575289,0.36344482799666705,normal_flow,2356000.csv
2356000,2021-08-01,daytime,6,0.960007465272558,0.00236712216419901,0.4640522875816897,182.828125,0.3832877038447804,0.37321350632861167,normal_flow,2356000.csv
2356000,2021-08-01,nighttime,6,0.9191450300180578,0.00954199351502384,0.9655172413792446,182.828125,0.3832877038447804,0.37321350632861167,normal_flow,2356000.csv
2356000,2021-08-02,daytime,6,0.9256193413104068,0.00809296873857616,0.41851494696238806,171.875,0.4066777764551839,0.3863032178708884,normal_flow,2356000.csv
2356000,2021-08-02,nighttime,6,NA,NA,4.424916465390205e-15,171.875,0.4066777764551839,0.3863032178708884,normal_flow,2356000.csv
2356000,2021-08-03,daytime,6,0.9572274293909828,0.0027051131398464702,0.34453781512605186,163.578125,0.42429472681823593,0.40171804943855893,normal_flow,2356000.csv
2356000,2021-08-03,nighttime,6,0.6210170782044778,0.18822579254875113,0.0558930741190837,163.578125,0.42429472681823593,0.40171804943855893,normal_flow,2356000.csv
2356000,2021-08-04,daytime,6,0.8485751511999645,0.03265818036413624,0.20212765957446335,161.546875,0.42905606475419594,0.4185731857318573,normal_flow,2356000.csv
2356000,2021-08-04,nighttime,6,0.6828235772705837,0.1349472105849861,0.36263736263733615,161.546875,0.42905606475419594,0.4185731857318573,normal_flow,2356000.csv
2356000,2021-08-05,daytime,6,0.2696799449852876,0.6052866259760784,0.45454545454541834,167.125,0.41679561956909894,0.43445621552989727,normal_flow,2356000.csv
2356000,2021-08-05,nighttime,6,0.9525879349181644,0.00331856698962077,0.3801369863013622,167.125,0.41679561956909894,0.43445621552989727,normal_flow,2356000.csv
2356000,2021-08-06,daytime,6,0.9302605094190664,0.00712580244696055,0.3750000000000085,170.765625,0.4094155457683609,0.44877990715391025,normal_flow,2356000.csv
2356000,2021-08-06,nighttime,6,0.7023212455598995,0.1197299109903192,0.2551319648093977,170.765625,0.4094155457683609,0.44877990715391025,normal_flow,2356000.csv
2356000,2021-08-07,daytime,6,0.9455658325431066,0.00436397152209881,0.32316677482154466,167.40625,0.4157838352577074,0.4631313732492164,normal_flow,2356000.csv
2356000,2021-08-07,nighttime,6,0.7233514634494445,0.10421505251828808,0.2369819341126443,167.40625,0.4157838352577074,0.4631313732492164,normal_flow,2356000.csv
2356000,2021-08-08,daytime,6,0.9828721869343218,4.3753064603868234e-4,0.30188679245283395,159.296875,0.43441256993215094,0.47796690870134506,normal_flow,2356000.csv
2356000,2021-08-08,nighttime,6,0.9520436587836364,0.00339457074184986,0.4880546075085394,159.296875,0.43441256993215094,0.47796690870134506,normal_flow,2356000.csv
2356000,2021-08-09,daytime,6,0.94837701053822,0.00392861365631139,0.30875576036866165,148.1875,0.467027734793477,0.4918581121295084,normal_flow,2356000.csv
2356000,2021-08-09,nighttime,6,0.7405079384866988,0.09226759939012252,0.44794952681387734,148.1875,0.467027734793477,0.4918581121295084,normal_flow,2356000.csv
2356000,2021-08-10,daytime,6,0.9930317597028891,7.266538302047238e-5,0.5302978432043883,136.15625,0.5135698131174861,0.5037971670039281,normal_flow,2356000.csv
2356000,2021-08-10,nighttime,6,0.39999999999999786,0.43200000000000266,0.05000000000000702,136.15625,0.5135698131174861,0.5037971670039281,normal_flow,2356000.csv
2356000,2021-08-11,daytime,6,0.9934857610356956,6.351474705348942e-5,0.8756388415672971,125.921875,0.5607665754076896,0.5114430821727572,normal_flow,2356000.csv
2356000,2021-08-11,nighttime,6,0.9032815219001532,0.01357932124787818,0.7235494880545662,125.921875,0.5607665754076896,0.5114430821727572,normal_flow,2356000.csv
2356000,2021-08-12,daytime,6,0.9993795188679516,5.773758112058053e-7,0.6291518864882231,122.921875,0.5775502916319486,0.5119549260008729,normal_flow,2356000.csv
2356000,2021-08-12,nighttime,6,0.9433326910238576,0.00472579128458918,0.7554347826086799,122.921875,0.5775502916319486,0.5119549260008729,normal_flow,2356000.csv
2356000,2021-08-13,daytime,6,0.9932495158722028,6.819974741248093e-5,0.7694204685573426,124.28125,0.5692179502440186,0.5062175137880411,normal_flow,2356000.csv
2356000,2021-08-13,nighttime,6,0.9814818454751424,5.112079287815401e-4,0.8267515923566534,124.28125,0.5692179502440186,0.5062175137880411,normal_flow,2356000.csv
2356000,2021-08-14,daytime,6,0.986788377748034,2.606674195258843e-4,0.9379844961240618,123.578125,0.5735031543863826,0.4956989247311828,normal_flow,2356000.csv
2356000,2021-08-14,nighttime,6,0.7619171680387397,0.07827747596191115,0.594339622641516,123.578125,0.5735031543863826,0.4956989247311828,normal_flow,2356000.csv
2356000,2021-08-15,daytime,6,0.9819820284929324,4.840462029685826e-4,0.6504615384615321,121.25,0.5881442685394596,0.4845812006507162,normal_flow,2356000.csv
2356000,2021-08-15,nighttime,6,0.932294445082038,0.00672088069079019,1.4315789473683973,121.25,0.5881442685394596,0.4845812006507162,normal_flow,2356000.csv
2356000,2021-08-16,daytime,6,0.1215661347709596,0.8185490697753656,0.07142857142852199,120.5625,0.5916557552672301,0.47334047534023727,normal_flow,2356000.csv
2356000,2021-08-16,nighttime,6,0.975222703813799,9.132660399091716e-4,0.4542372881355814,120.5625,0.5916557552672301,0.47334047534023727,normal_flow,2356000.csv
2356000,2021-08-17,daytime,6,0.9766519665373397,8.113321353379216e-4,0.3954983922829656,121.609375,0.5857635995714796,0.46040550728087926,normal_flow,2356000.csv
2356000,2021-08-17,nighttime,6,NA,NA,9.323931123500902e-15,121.609375,0.5857635995714796,0.46040550728087926,normal_flow,2356000.csv
2356000,2021-08-18,daytime,6,-0.6332747163431087,0.17707117937879005,-0.06797235023042633,130.375,0.5389834543506725,0.4447049954370512,normal_flow,2356000.csv
2356000,2021-08-18,nighttime,6,0.8138457025666568,0.04875469192416205,0.3919999999999594,130.375,0.5389834543506725,0.4447049954370512,normal_flow,2356000.csv
2356000,2021-08-19,daytime,6,0.8440559381439935,0.03458165887611705,0.14285714285713905,158.21875,0.4367337221759314,0.42657223346427015,normal_flow,2356000.csv
2356000,2021-08-19,nighttime,6,1,0,0.999999999999818,158.21875,0.4367337221759314,0.42657223346427015,normal_flow,2356000.csv
2356000,2021-08-20,daytime,6,-0.6136008670922685,0.1951109107870989,-0.07530120481929202,207.203125,0.3307344363766218,0.4084315359282625,normal_flow,2356000.csv
2356000,2021-08-20,nighttime,6,NA,NA,2.1447682924313362e-14,207.203125,0.3307344363766218,0.4084315359282625,normal_flow,2356000.csv
2356000,2021-08-21,daytime,6,NA,NA,-4.25091053372505e-15,255.078125,0.25163670991548626,0.3923778915208507,normal_flow,2356000.csv
2356000,2021-08-21,nighttime,6,0.6145365509176745,0.1942366271691837,0.2959999999999668,255.078125,0.25163670991548626,0.3923778915208507,normal_flow,2356000.csv
2356000,2021-08-22,daytime,6,0.6843449398211231,0.1337315376133141,0.17764165390506426,257.5625,0.24901797405070825,0.3777605840574535,normal_flow,2356000.csv
2356000,2021-08-22,nighttime,6,NA,NA,-0,257.5625,0.24901797405070825,0.3777605840574535,normal_flow,2356000.csv
2356000,2021-08-23,daytime,6,0.8586889805885216,0.02854230027119927,0.2102803738317798,245.703125,0.26580169027496725,0.36365115264055864,normal_flow,2356000.csv
2356000,2021-08-23,nighttime,6,0.5215164757198939,0.28864616448078173,0.05912596401028629,245.703125,0.26580169027496725,0.36365115264055864,normal_flow,2356000.csv
2356000,2021-08-24,daytime,6,NA,NA,-4.588094024471117e-15,241.265625,0.2730032139031068,0.3500892750862992,normal_flow,2356000.csv
2356000,2021-08-24,nighttime,6,NA,NA,9.207249391579258e-15,241.265625,0.2730032139031068,0.3500892750862992,normal_flow,2356000.csv
2356000,2021-08-25,daytime,6,NA,NA,1.5004027095314213e-15,238.140625,0.27806213546006425,0.33757885965956436,normal_flow,2356000.csv
2356000,2021-08-25,nighttime,6,NA,NA,1.0502818966702688e-14,238.140625,0.27806213546006425,0.33757885965956436,normal_flow,2356000.csv
2356000,2021-08-26,daytime,6,0.6495366119157425,0.16271411923854034,0.24817518248175113,231.8359375,0.2887751458159743,0.32762766337340793,normal_flow,2356000.csv
2356000,2021-08-26,nighttime,6,NA,NA,6.612717108865868e-15,231.8359375,0.2887751458159743,0.32762766337340793,normal_flow,2356000.csv
2356000,2021-08-27,daytime,6,NA,NA,-3.643393813529911e-15,221.515625,0.30543982859183433,0.32243383724159824,normal_flow,2356000.csv
2356000,2021-08-27,nighttime,6,NA,NA,8.702335715267657e-15,221.515625,0.30543982859183433,0.32243383724159824,normal_flow,2356000.csv
2356000,2021-08-28,daytime,6,0.7660459172304173,0.07569908789264108,0.08383233532934926,207.96875,0.3284132841328413,0.32236638495417214,normal_flow,2356000.csv
2356000,2021-08-28,nighttime,6,NA,NA,2.1473295920784278e-14,207.96875,0.3284132841328413,0.32236638495417214,normal_flow,2356000.csv
2356000,2021-08-29,daytime,6,NA,NA,-3.0086142063938276e-14,195.0390625,0.35424354243542433,0.32737372535015674,normal_flow,2356000.csv
2356000,2021-08-29,nighttime,6,-0.8784585919193307,0.02126074690266272,-0.3561643835616197,195.0390625,0.35424354243542433,0.32737372535015674,normal_flow,2356000.csv
2356000,2021-08-30,daytime,6,0.3714285714285725,0.4684781341107857,0.05306122448977281,185.890625,0.37650279728603736,0.33434114986311153,normal_flow,2356000.csv
2356000,2021-08-30,nighttime,6,0.7614536359493965,0.0785693866837901,0.2425742574257324,185.890625,0.37650279728603736,0.33434114986311153,normal_flow,2356000.csv
2356000,2021-08-31,daytime,6,-0.9850365626224112,3.34181497060468e-4,-0.27722772277224683,180.21875,0.3882275919533389,0.34283220251557356,normal_flow,2356000.csv
2356000,2021-08-31,nighttime,6,0.8864052604279232,0.01862274738337456,0.14285714285714332,180.21875,0.3882275919533389,0.34283220251557356,normal_flow,2356000.csv
2356000,2021-09-01,daytime,6,0.745949224813725,0.08861424785891517,0.18070889018012729,175.8671875,0.3981073681704559,0.35317224139983333,normal_flow,2356000.csv
2356000,2021-09-01,nighttime,6,0.8802820864496462,0.02064064699271281,0.4240000000000088,175.8671875,0.3981073681704559,0.35317224139983333,normal_flow,2356000.csv
2356000,2021-09-02,daytime,6,NA,NA,-7.176079912897448e-15,179.7734375,0.3897155100583264,0.3652104908145856,normal_flow,2356000.csv
2356000,2021-09-02,nighttime,6,0.7859052479933681,0.06384816047848324,0.23529411764707023,179.7734375,0.3897155100583264,0.3652104908145856,normal_flow,2356000.csv
2356000,2021-09-03,daytime,6,NA,NA,-9.002416257172071e-15,193.109375,0.35882633019878585,0.3762448914811729,normal_flow,2356000.csv
2356000,2021-09-03,nighttime,6,NA,NA,3.329081448122334e-14,193.109375,0.35882633019878585,0.3762448914811729,normal_flow,2356000.csv
2356000,2021-09-04,daytime,6,NA,NA,-1.4135285636953667e-14,207.4375,0.3297226520652303,0.3837836765464429,normal_flow,2356000.csv
2356000,2021-09-04,nighttime,6,-0.6,0.2079999999999999,-0.29999999999997784,207.4375,0.3297226520652303,0.3837836765464429,normal_flow,2356000.csv
2356000,2021-09-05,daytime,6,0.4274822999274602,0.3978358465488827,0.04568527918780333,208.8359375,0.32674681585525533,0.3888624370114669,normal_flow,2356000.csv
2356000,2021-09-05,nighttime,6,-0.5047146145152295,0.3072127817601466,-0.1157894736841899,208.8359375,0.32674681585525533,0.3888624370114669,normal_flow,2356000.csv
2356000,2021-09-06,daytime,6,0.46709936649691264,0.35030724478156666,0.03030303030302578,195.515625,0.35352934174503037,0.3928262508431536,normal_flow,2356000.csv
2356000,2021-09-06,nighttime,6,-0.8015454895930405,0.05516830371118712,-0.4264705882352718,195.515625,0.35352934174503037,0.3928262508431536,normal_flow,2356000.csv
2356000,2021-09-07,daytime,6,NA,NA,-1.1001916655571656e-14,178.1640625,0.3931674800618974,0.3967702257667738,normal_flow,2356000.csv
2356000,2021-09-07,nighttime,6,0.6493741194318946,0.1628550508528576,0.18072289156627985,178.1640625,0.3931674800618974,0.3967702257667738,normal_flow,2356000.csv
2356000,2021-09-08,daytime,6,NA,NA,-1.3163196880236235e-14,161.984375,0.4281037971670039,0.402658413680911,normal_flow,2356000.csv
2356000,2021-09-08,nighttime,6,0.8993400617545237,0.01468867020621166,0.5533980582524202,161.984375,0.4281037971670039,0.402658413680911,normal_flow,2356000.csv
2356000,2021-09-09,daytime,6,0.5909729366542145,0.21673895209924376,0.0371541501976248,150.703125,0.4586358766813475,0.4110780462643336,normal_flow,2356000.csv
2356000,2021-09-09,nighttime,6,0.8557169633109809,0.02972457912608525,0.5588235294117823,150.703125,0.4586358766813475,0.4110780462643336,normal_flow,2356000.csv
2356000,2021-09-10,daytime,6,0.8366986561726449,0.0378235880212433,0.17194570135746334,152.1796875,0.454291155814784,0.41951751775582274,normal_flow,2356000.csv
2356000,2021-09-10,nighttime,6,NA,NA,1.7102856319023035e-14,152.1796875,0.454291155814784,0.41951751775582274,normal_flow,2356000.csv
2356000,2021-09-11,daytime,6,0.9763498866229484,8.323777104366242e-4,0.24251679902259943,166.3359375,0.4185216045708845,0.4247629250486053,normal_flow,2356000.csv
2356000,2021-09-11,nighttime,6,0.8159371450409275,0.04770075674675526,0.29589041095890983,166.3359375,0.4185216045708845,0.4247629250486053,normal_flow,2356000.csv
2356000,2021-09-12,daytime,6,0.9342616483545754,0.00634025115736496,0.4218750000000039,172.921875,0.4045946911082014,0.4263698766019918,normal_flow,2356000.csv
2356000,2021-09-12,nighttime,6,0.6527533657682218,0.15993479883741968,0.076086956521746,172.921875,0.4045946911082014,0.4263698766019918,normal_flow,2356000.csv
2356000,2021-09-13,daytime,6,0.9546520040349026,0.00303803337392995,0.3677419354838726,168.6015625,0.4137007499107249,0.4221481569654406,normal_flow,2356000.csv
2356000,2021-09-13,nighttime,6,0.8770580193070266,0.02174297846523753,0.8000000000000298,168.6015625,0.4137007499107249,0.4221481569654406,normal_flow,2356000.csv
2356000,2021-09-14,daytime,6,0.8593771928086786,0.028271768744689,0.4715909090909112,158.6484375,0.4356624211403404,0.41269690116256,normal_flow,2356000.csv
2356000,2021-09-14,nighttime,6,NA,NA,7.400813364890176e-15,158.6484375,0.4356624211403404,0.41269690116256,normal_flow,2356000.csv
2356000,2021-09-15,daytime,6,NA,NA,NA,145.515625,0.476550410665397,0.3994683172638178,normal_flow,2356000.csv
2356000,2021-09-15,nighttime,6,0.6584269219592263,0.15508221575174663,0.17341040462428642,145.515625,0.476550410665397,0.3994683172638178,normal_flow,2356000.csv
2356000,2021-09-16,daytime,6,0.6956083436402546,0.1248798257429065,0.9999999999999536,133.90625,0.524401856921795,0.3837519342935365,normal_flow,2356000.csv
2356000,2021-09-16,nighttime,6,0.8164965809277228,0.04742065558432121,0.6666666666666609,133.90625,0.524401856921795,0.3837519342935365,normal_flow,2356000.csv
2356000,2021-09-17,daytime,6,0.919833544724258,0.0093823895293801,0.7124999999999972,135.5703125,0.516307582430663,0.3661032416775781,normal_flow,2356000.csv
2356000,2021-09-17,nighttime,6,0.8478277426388738,0.03297271334655593,0.5500000000000285,135.5703125,0.516307582430663,0.3661032416775781,normal_flow,2356000.csv
2356000,2021-09-18,daytime,6,0.8552611589636557,0.0299079071321676,0.14981949458484042,157.953125,0.43750743959052496,0.349795659246915,normal_flow,2356000.csv
2356000,2021-09-18,nighttime,6,NA,NA,1.8647862247001574e-14,157.953125,0.43750743959052496,0.349795659246915,normal_flow,2356000.csv
2356000,2021-09-19,daytime,6,0.7081551239136948,0.11533143273689676,0.03857566765578603,195.359375,0.35382692536602783,0.33756695631472444,normal_flow,2356000.csv
2356000,2021-09-19,nighttime,6,0.6459680327000444,0.1658210092415236,0.19956616052062215,195.359375,0.35382692536602783,0.33756695631472444,normal_flow,2356000.csv
2356000,2021-09-20,daytime,6,-0.4381871654989342,0.3847869706371604,-0.0619380619380708,247.21875,0.26342102130698725,0.3283378962821886,normal_flow,2356000.csv
2356000,2021-09-20,nighttime,6,0.43999999999999895,0.3825920000000013,0.17600000000002355,247.21875,0.26342102130698725,0.3283378962821886,normal_flow,2356000.csv
2356000,2021-09-21,daytime,6,NA,NA,-1.4111895754487751e-14,287.9375,0.2117605047018212,0.3210252747688767,normal_flow,2356000.csv
2356000,2021-09-21,nighttime,6,0.804278985470001,0.0537113586796882,0.8316831683168491,287.9375,0.2117605047018212,0.3210252747688767,normal_flow,2356000.csv
2356000,2021-09-22,daytime,6,0.14804664203952117,0.779552465894576,0.01369863013697786,302.953125,0.1947387215807642,0.3147403086934095,normal_flow,2356000.csv
2356000,2021-09-22,nighttime,6,NA,NA,1.2431908164674074e-14,302.953125,0.1947387215807642,0.3147403086934095,normal_flow,2356000.csv
2356000,2021-09-23,daytime,6,0.9161803425262828,0.01024415511879597,0.5366568914955946,305.765625,0.19235805261278421,0.3084672459627822,normal_flow,2356000.csv
2356000,2021-09-23,nighttime,6,NA,NA,9.967432977839266e-15,305.765625,0.19235805261278421,0.3084672459627822,normal_flow,2356000.csv
2356000,2021-09-24,daytime,6,NA,NA,-1.3894485595805003e-14,304.2578125,0.1939054874419712,0.3012974645875491,normal_flow,2356000.csv
2356000,2021-09-24,nighttime,6,NA,NA,7.251946429389534e-15,304.2578125,0.1939054874419712,0.3012974645875491,normal_flow,2356000.csv
2356000,2021-09-25,daytime,6,NA,NA,-6.310294026247902e-15,289.7734375,0.20967741935483872,0.2971312938935841,normal_flow,2356000.csv
2356000,2021-09-25,nighttime,6,NA,NA,1.3876406764765067e-14,289.7734375,0.20967741935483872,0.2971312938935841,normal_flow,2356000.csv
2356000,2021-09-26,daytime,6,0.7770264461063235,0.06903299757765746,0.12807244501940404,268.625,0.23509106058802523,0.3013807880014284,normal_flow,2356000.csv
2356000,2021-09-26,nighttime,6,NA,NA,4.201127586680857e-15,268.625,0.23509106058802523,0.3013807880014284,normal_flow,2356000.csv
2356000,2021-09-27,daytime,6,NA,NA,-4.4841729886530586e-15,245.453125,0.2661587906201643,0.31469666309566324,normal_flow,2356000.csv
2356000,2021-09-27,nighttime,6,NA,NA,9.889017858258488e-15,245.453125,0.2661587906201643,0.31469666309566324,normal_flow,2356000.csv
2356000,2021-09-28,daytime,6,NA,NA,-2.2766750992694496e-15,222.5078125,0.3040114272110463,0.3377534420505495,normal_flow,2356000.csv
2356000,2021-09-28,nighttime,6,NA,NA,6.21595408233574e-15,222.5078125,0.3040114272110463,0.3377534420505495,normal_flow,2356000.csv
2356000,2021-09-29,daytime,6,NA,NA,-5.189466252223639e-15,201.671875,0.34138793000833234,0.3666944411379598,normal_flow,2356000.csv
2356000,2021-09-29,nighttime,6,-0.5114083119567607,0.29976400362843575,-0.15384615384612607,201.671875,0.34138793000833234,0.3666944411379598,normal_flow,2356000.csv
2356000,2021-09-30,daytime,6,NA,NA,-4.0943410123156704e-15,183.375,0.3824544697059874,0.3930920922112447,normal_flow,2356000.csv
2356000,2021-09-30,nighttime,6,NA,NA,3.2602410460655946e-15,183.375,0.3824544697059874,0.3930920922112447,normal_flow,2356000.csv
2356000,2021-10-01,daytime,6,0.7288402319428241,0.10032256355211164,0.12914691943127682,167.109375,0.4168551362932984,0.4039836527397532,normal_flow,2356000.csv
2356000,2021-10-01,nighttime,6,NA,NA,8.546936863208964e-15,167.109375,0.4168551362932984,0.4039836527397532,normal_flow,2356000.csv
2356000,2021-10-02,daytime,6,0.915764870656958,0.01034448794168033,0.2887828162291268,152.3984375,0.4538150220211879,0.4017497916914653,normal_flow,2356000.csv
2356000,2021-10-02,nighttime,6,0.6324555320336758,0.17780780835622126,0.3750000000000121,152.3984375,0.4538150220211879,0.4017497916914653,normal_flow,2356000.csv
2356000,2021-10-03,daytime,6,0.9433332612731556,0.00472569708833289,0.6451612903226448,139.015625,0.5012498512081895,0.3948577550291632,normal_flow,2356000.csv
2356000,2021-10-03,nighttime,6,0.8862870966920834,0.01866074714822944,0.8064516129031902,139.015625,0.5012498512081895,0.3948577550291632,normal_flow,2356000.csv
2356000,2021-10-04,daytime,6,0.9098399179564556,0.01182681213272258,0.3935483870967975,127.1796875,0.5535650517795501,0.3859857953418244,normal_flow,2356000.csv
2356000,2021-10-04,nighttime,6,NA,NA,9.844271171116584e-15,127.1796875,0.5535650517795501,0.3859857953418244,normal_flow,2356000.csv
2356000,2021-10-05,daytime,6,NA,NA,-8.590288474298075e-15,117.828125,0.6092727056302821,0.3759036622624291,normal_flow,2356000.csv
2356000,2021-10-05,nighttime,6,0.8959031444642588,0.0156902281505421,0.6242774566473692,117.828125,0.6092727056302821,0.3759036622624291,normal_flow,2356000.csv
2356000,2021-10-06,daytime,6,0.6390644422470605,0.17190136979414777,0.302521008403367,111.6640625,0.6458754910129747,0.364793873745189,normal_flow,2356000.csv
2356000,2021-10-06,nighttime,6,0.7770286898858114,0.06903166400473539,0.3018867924527847,111.6640625,0.6458754910129747,0.364793873745189,normal_flow,2356000.csv
2356000,2021-10-07,daytime,6,NA,NA,-4.590681684659372e-15,120.8046875,0.5907034876800381,0.35301749791691467,normal_flow,2356000.csv
2356000,2021-10-07,nighttime,6,NA,NA,NA,120.8046875,0.5907034876800381,0.35301749791691467,normal_flow,2356000.csv
2356000,2021-10-08,daytime,6,-0.9215858008614928,0.00898210385030362,-0.2097087378640825,194.2421875,0.3557314605404119,0.34035630678887435,normal_flow,2356000.csv
2356000,2021-10-08,nighttime,6,NA,NA,NA,194.2421875,0.3557314605404119,0.34035630678887435,normal_flow,2356000.csv
2356000,2021-10-09,daytime,6,NA,NA,-4.016462637815632e-15,343.0234375,0.16039757171765265,0.32743324207435626,normal_flow,2356000.csv
2356000,2021-10-09,nighttime,6,NA,NA,5.801557143519656e-15,343.0234375,0.16039757171765265,0.32743324207435626,normal_flow,2356000.csv
2356000,2021-10-10,daytime,6,0.8858406030980631,0.01880466822162898,0.24315068493151337,428.109375,0.10629686942030712,0.3142086259572273,normal_flow,2356000.csv
2356000,2021-10-10,nighttime,6,0.4152273992686999,0.41295436655114853,0.17241379310347643,428.109375,0.10629686942030712,0.3142086259572273,normal_flow,2356000.csv
2356000,2021-10-11,daytime,6,0.890324944447433,0.01738330705239664,0.9101123595505703,438.6875,0.1020116652779431,0.30025393802325123,normal_flow,2356000.csv
2356000,2021-10-11,nighttime,6,-5.296077279648343e-15,0.999999999999992,9.957542434099055e-15,438.6875,0.1020116652779431,0.30025393802325123,normal_flow,2356000.csv
2356000,2021-10-12,daytime,6,0.968329663731493,0.00148863246389322,0.4935064935065282,410.96875,0.11492679442923462,0.2849422687775265,normal_flow,2356000.csv
2356000,2021-10-12,nighttime,6,NA,NA,2.1755839288166577e-14,410.96875,0.11492679442923462,0.2849422687775265,normal_flow,2356000.csv
2356000,2021-10-13,daytime,6,NA,NA,-7.133062061694561e-15,373.390625,0.13736459945244614,0.26841249057651867,normal_flow,2356000.csv
2356000,2021-10-13,nighttime,6,0.4845437118523526,0.33006565056935683,0.06521739130435401,373.390625,0.13736459945244614,0.26841249057651867,normal_flow,2356000.csv
2356000,2021-10-14,daytime,6,NA,NA,-7.603982663825806e-15,337.4921875,0.16474229258421616,0.2519620680077769,normal_flow,2356000.csv
2356000,2021-10-14,nighttime,6,0.5163977794943228,0.29425636802442595,1.200000000000339,337.4921875,0.16474229258421616,0.2519620680077769,normal_flow,2356000.csv
2356000,2021-10-15,daytime,6,NA,NA,-4.3942487275114294e-14,305.6640625,0.1925366027853827,0.24136809110026583,normal_flow,2356000.csv
2356000,2021-10-15,nighttime,6,NA,NA,NA,305.6640625,0.1925366027853827,0.24136809110026583,normal_flow,2356000.csv
2356000,2021-10-16,daytime,6,NA,NA,-2.2457640555529814e-14,277.5703125,0.22300916557552672,0.24912113637265404,normal_flow,2356000.csv
2356000,2021-10-16,nighttime,6,NA,NA,NA,277.5703125,0.22300916557552672,0.24912113637265404,normal_flow,2356000.csv
2356000,2021-10-17,daytime,6,NA,NA,-2.0201850767585358e-14,252.4453125,0.25544578026425424,0.27289608379954766,normal_flow,2356000.csv
2356000,2021-10-17,nighttime,6,NA,NA,8.334631389270195e-15,252.4453125,0.25544578026425424,0.27289608379954766,normal_flow,2356000.csv
2356000,2021-10-18,daytime,6,NA,NA,-1.582242857321337e-14,230.1484375,0.2919295321985478,0.30317422529064003,normal_flow,2356000.csv
2356000,2021-10-18,nighttime,6,-0.609994281330421,0.19849588615886612,-0.09302325581394218,230.1484375,0.2919295321985478,0.30317422529064003,normal_flow,2356000.csv
2356000,2021-10-19,daytime,6,NA,NA,-4.553547757988711e-15,210.203125,0.3238900130936793,0.3368527556243304,normal_flow,2356000.csv
2356000,2021-10-19,nighttime,6,-0.7833494518006363,0.06532167682878373,-0.2999999999999735,210.203125,0.3238900130936793,0.3368527556243304,normal_flow,2356000.csv
2356000,2021-10-20,daytime,6,NA,NA,-4.5052964193482375e-15,191.9921875,0.3613260326151649,0.3718922350513828,normal_flow,2356000.csv
2356000,2021-10-20,nighttime,6,NA,NA,6.0313217828585275e-15,191.9921875,0.3613260326151649,0.3718922350513828,normal_flow,2356000.csv
2356000,2021-10-21,daytime,6,-0.8231894256530959,0.04412924455245864,-0.20382165605095312,175.3515625,0.3991191524818474,0.4071301035591001,normal_flow,2356000.csv
2356000,2021-10-21,nighttime,6,-0.9890114825293236,1.8045785620937388e-4,-0.2964071856287378,175.3515625,0.3991191524818474,0.4071301035591001,normal_flow,2356000.csv
2356000,2021-10-22,daytime,6,-0.8708179621051677,0.02395410351790144,-0.1528181289947753,160.203125,0.431793834067373,0.4422886164345515,normal_flow,2356000.csv
2356000,2021-10-22,nighttime,6,-0.8315218406202889,0.04018621825543037,-0.3142857142856981,160.203125,0.431793834067373,0.4422886164345515,normal_flow,2356000.csv
2356000,2021-10-23,daytime,6,0.18556207993370785,0.7248516361384689,0.02439024390244094,146.6875,0.472027139626235,0.47212633416656746,normal_flow,2356000.csv
2356000,2021-10-23,nighttime,6,0.888523316638636,0.01794791318887399,0.5999999999999989,146.6875,0.472027139626235,0.47212633416656746,normal_flow,2356000.csv
2356000,2021-10-24,daytime,6,-0.9242224797732532,0.00839578278514764,-0.2428571428571442,135.390625,0.5170217831210571,0.4915724318533508,normal_flow,2356000.csv
2356000,2021-10-24,nighttime,6,NA,NA,5.438959822042202e-15,135.390625,0.5170217831210571,0.4915724318533508,normal_flow,2356000.csv
2356000,2021-10-25,daytime,6,NA,NA,-9.298386106723977e-15,125.953125,0.5604689917866921,0.5054199896837678,normal_flow,2356000.csv
2356000,2021-10-25,nighttime,6,0.29277002188455803,0.5733922538253582,0.07142857142859084,125.953125,0.5604689917866921,0.5054199896837678,normal_flow,2356000.csv
2356000,2021-10-26,daytime,6,NA,NA,-1.2735125436976544e-14,118.1640625,0.6071896202832996,0.5146688886243701,normal_flow,2356000.csv
2356000,2021-10-26,nighttime,6,NA,NA,NA,118.1640625,0.6071896202832996,0.5146688886243701,normal_flow,2356000.csv
2356000,2021-10-27,daytime,6,NA,NA,-1.7692351950047482e-14,112.671875,0.6405189858350196,0.5220410268618815,normal_flow,2356000.csv
2356000,2021-10-27,nighttime,6,-0.10614897848686428,0.8413745546837141,-0.01408450704224728,112.671875,0.6405189858350196,0.5220410268618815,normal_flow,2356000.csv
2356000,2021-10-28,daytime,6,NA,NA,-2.2843631252576995e-14,107.921875,0.6659326270682062,0.5291195492600087,normal_flow,2356000.csv
2356000,2021-10-28,nighttime,6,NA,NA,1.63168794661291e-14,107.921875,0.6659326270682062,0.5291195492600087,normal_flow,2356000.csv
2356000,2021-10-29,daytime,6,NA,NA,2.9007785717561765e-14,102.5234375,0.6921199857159862,0.5371305003372614,normal_flow,2356000.csv
2356000,2021-10-29,nighttime,6,0.9479926963333368,0.00398680582418178,0.5070821529745262,102.5234375,0.6921199857159862,0.5371305003372614,normal_flow,2356000.csv
2356000,2021-10-30,daytime,6,-0.6996321420254963,0.12178155341106996,-0.2284263959391121,112.7578125,0.6401023687656231,0.5468118874737135,normal_flow,2356000.csv
2356000,2021-10-30,nighttime,6,-0.20000000000000756,0.7039999999999891,-0.03333333333330689,112.7578125,0.6401023687656231,0.5468118874737135,normal_flow,2356000.csv
2356000,2021-10-31,daytime,6,0.43273680973175727,0.3914121809632364,0.05350318471337332,135.9296875,0.5147006308772765,0.5567908582311629,normal_flow,2356000.csv
2356000,2021-10-31,nighttime,6,-0.8563671301808243,0.02946400006715743,-0.3642857142857094,135.9296875,0.5147006308772765,0.5567908582311629,normal_flow,2356000.csv
2356000,2021-11-01,daytime,6,-0.8698366336089036,0.02431110638092724,-0.2468619246862052,149.4296875,0.4631591477205095,0.5636590882037853,normal_flow,2356000.csv
2356000,2021-11-01,nighttime,6,-0.8174238913695984,0.04695805392589956,-0.2545454545454453,149.4296875,0.4631591477205095,0.5636590882037853,normal_flow,2356000.csv
2356000,2021-11-02,daytime,6,-0.9623742187249604,0.00209691572653637,-0.2366863905325516,160.859375,0.4306630163075824,0.567214220529302,normal_flow,2356000.csv
2356000,2021-11-02,nighttime,6,-0.8004251614209277,0.05577062978580618,-0.24428822495605404,160.859375,0.4306630163075824,0.567214220529302,normal_flow,2356000.csv
2356000,2021-11-03,daytime,6,-0.8991662805065587,0.01473854813493804,-0.21875000000000525,159.2890625,0.43447208665635045,0.569368725945324,normal_flow,2356000.csv
2356000,2021-11-03,nighttime,6,-0.8394160996901296,0.03661027986116196,-0.35849056603770796,159.2890625,0.43447208665635045,0.569368725945324,normal_flow,2356000.csv
2356000,2021-11-04,daytime,6,-0.7614996105085933,0.0785404121360534,-0.22090729783037943,148.0078125,0.467503868587073,0.5718406538904098,normal_flow,2356000.csv
2356000,2021-11-04,nighttime,6,-0.8254275733376157,0.0430532044254945,-0.304283604135892,148.0078125,0.467503868587073,0.5718406538904098,normal_flow,2356000.csv
2356000,2021-11-05,daytime,6,-0.8478277426388731,0.03297271334655621,-0.5499999999999808,134.9375,0.519283418640638,0.5749752013649169,normal_flow,2356000.csv
2356000,2021-11-05,nighttime,6,NA,NA,1.2431908164667984e-14,134.9375,0.519283418640638,0.5749752013649169,normal_flow,2356000.csv
2356000,2021-11-06,daytime,6,0.9287933524535708,0.00742505736447581,0.4452423698384351,123.0390625,0.5770146411141531,0.5783914613339681,normal_flow,2356000.csv
2356000,2021-11-06,nighttime,6,-0.04165762736366635,0.9375497044012367,-0.00867678958784761,123.0390625,0.5770146411141531,0.5783914613339681,normal_flow,2356000.csv
2356000,2021-11-08,daytime,6,-0.2719034008176519,0.6021960063894232,-0.0646900269541821,116.1875,0.6200452327103916,0.6048287902233861,normal_flow,2356000.csv
2356000,2021-11-08,nighttime,6,0.619677335393192,0.18946204530570676,0.08000000000000128,116.1875,0.6200452327103916,0.6048287902233861,normal_flow,2356000.csv
2356000,2021-11-09,daytime,6,0.8113467750550979,0.05002797107992467,0.2335844994617781,117.21875,0.6137959766694441,0.6270483672578662,normal_flow,2356000.csv
2356000,2021-11-09,nighttime,6,NA,NA,-0,117.21875,0.6137959766694441,0.6270483672578662,normal_flow,2356000.csv
2356000,2021-11-10,daytime,6,-0.4982728791224413,0.31444524562119314,-0.03448275862070697,112.875,0.6395072015236282,0.6515811609729001,normal_flow,2356000.csv
2356000,2021-11-10,nighttime,6,NA,NA,-0,112.875,0.6395072015236282,0.6515811609729001,normal_flow,2356000.csv
2356000,2021-11-11,daytime,6,-0.48115158662844265,0.33396756398898425,-0.04452054794522641,105.59375,0.6775979050113082,0.6758481133198428,normal_flow,2356000.csv
2356000,2021-11-11,nighttime,6,NA,NA,NA,105.59375,0.6775979050113082,0.6758481133198428,normal_flow,2356000.csv
2356000,2021-11-12,daytime,6,NA,NA,0,97.4765625,0.7129508391858113,0.6984724040788796,normal_flow,2356000.csv
2356000,2021-11-12,nighttime,6,-0.80689089348117915,0.05233606242074187,-0.494423791821565,97.4765625,0.7129508391858113,0.6984724040788796,normal_flow,2356000.csv
2356000,2021-11-13,daytime,6,NA,NA,0,90.0859375,0.7433638852517558,0.7187398325596159,normal_flow,2356000.csv
2356000,2021-11-13,nighttime,6,0.6018838350906155,0.20619471560690228,0.3999999999999803,90.0859375,0.7433638852517558,0.7187398325596159,normal_flow,2356000.csv
2356000,2021-11-14,daytime,6,0.5063517013445785,0.3053847221966961,0.29687499999998646,84.3203125,0.7663968575169623,0.7364004285204142,normal_flow,2356000.csv
2356000,2021-11-14,nighttime,6,NA,NA,-0,84.3203125,0.7663968575169623,0.7364004285204142,normal_flow,2356000.csv
2356000,2021-11-15,daytime,6,0.3567530340063379,0.4875729147908964,0.04545454545456198,80.34375,0.7849660754672063,0.7520850692377892,low_flow,2356000.csv
2356000,2021-11-15,nighttime,6,-0.592999453328872,0.21476446015242437,-0.4102564102563887,80.34375,0.7849660754672063,0.7520850692377892,low_flow,2356000.csv
2356000,2021-11-16,daytime,6,0.9116161231812212,0.01137234992915793,0.392857142857121,77.875,0.7964528032377098,0.7687695909217157,low_flow,2356000.csv
2356000,2021-11-16,nighttime,6,0.5111986324432443,0.2999962977345113,0.35714285714286403,77.875,0.7964528032377098,0.7687695909217157,low_flow,2356000.csv
2356000,2021-11-17,daytime,6,0.8768654289212715,0.02180969316094029,0.33256616800919714,77.390625,0.7986549220330913,0.7863786057215411,low_flow,2356000.csv
2356000,2021-11-17,nighttime,6,NA,NA,3.6201716575513335e-14,77.390625,0.7986549220330913,0.7863786057215411,low_flow,2356000.csv
2356000,2021-11-18,daytime,6,0.9603960396039624,0.00232165163384269,0.4801980198019589,77.421875,0.7984763718604928,0.8022814744276475,low_flow,2356000.csv
2356000,2021-11-18,nighttime,6,NA,NA,2.3206228574053848e-14,77.421875,0.7984763718604928,0.8022814744276475,low_flow,2356000.csv
2356000,2021-11-19,daytime,6,0.8533201859828582,0.03069454601946938,0.43689320388346936,75.3046875,0.8068682299726223,0.8154426060389637,low_flow,2356000.csv
2356000,2021-11-19,nighttime,6,0.866400225443959,0.02558104515003759,0.8499999999999939,75.3046875,0.8068682299726223,0.8154426060389637,low_flow,2356000.csv
2356000,2021-11-20,daytime,6,0.8553372034477003,0.02987728440131008,0.5064935064934978,71.2578125,0.8232948458516843,0.8254017378883466,low_flow,2356000.csv
2356000,2021-11-20,nighttime,6,0.8899883189799677,0.017488142908252,0.7920792079208098,71.2578125,0.8232948458516843,0.8254017378883466,low_flow,2356000.csv
2356000,2021-11-21,daytime,6,0.866025403784439,0.02572142074250638,0.3999999999999836,66.78125,0.8419235805261278,0.8321588699757966,low_flow,2356000.csv
2356000,2021-11-21,nighttime,6,NA,NA,NA,66.78125,0.8419235805261278,0.8321588699757966,low_flow,2356000.csv
2356000,2021-11-22,daytime,6,0.8600131635675357,0.02802285853405229,0.3499999999999741,62.6328125,0.8569813117486014,0.8368765623140102,low_flow,2356000.csv
2356000,2021-11-22,nighttime,6,0.26967994498529685,0.6052866259760656,0.20000000000003484,62.6328125,0.8569813117486014,0.8368765623140102,low_flow,2356000.csv
2356000,2021-11-23,daytime,6,0.7259526839058218,0.10236215581279878,0.2773722627736936,59.25,0.8703130579692894,0.8409316351228029,low_flow,2356000.csv
2356000,2021-11-23,nighttime,6,NA,NA,2.4513621733147925e-14,59.25,0.8703130579692894,0.8409316351228029,low_flow,2356000.csv
2356000,2021-11-24,daytime,6,0.9503741152325808,0.00363298511956138,0.5561643835616435,57.234375,0.8779311986668253,0.8449827401499821,low_flow,2356000.csv
2356000,2021-11-24,nighttime,6,NA,NA,2.4678265461205773e-14,57.234375,0.8779311986668253,0.8449827401499821,low_flow,2356000.csv
2356000,2021-11-25,daytime,6,0.8502065989726815,0.03197655760302826,0.1977611940298515,57.2109375,0.8780502321152244,0.849676625798516,low_flow,2356000.csv
2356000,2021-11-25,nighttime,6,NA,NA,1.9688542342233713e-14,57.2109375,0.8780502321152244,0.849676625798516,low_flow,2356000.csv
2356000,2021-11-26,daytime,6,0.9658135579430484,0.00173309216421011,0.5167286245353495,57.96875,0.8750148791810499,0.8550688410109908,low_flow,2356000.csv
2356000,2021-11-26,nighttime,6,NA,NA,NA,57.96875,0.8750148791810499,0.8550688410109908,low_flow,2356000.csv
2356000,2021-11-27,daytime,6,0.4545454545454563,0.3651389932381649,0.04132231404958636,61.015625,0.8623378169265563,0.860361861683133,low_flow,2356000.csv
2356000,2021-11-27,nighttime,6,NA,NA,1.8100858287756238e-14,61.015625,0.8623378169265563,0.860361861683133,low_flow,2356000.csv
2356000,2021-11-28,daytime,6,-0.3114959116429894,0.5478683104271065,-1.400000000000554,66.125,0.8447208665635043,0.8650319406419871,low_flow,2356000.csv
2356000,2021-11-28,nighttime,6,NA,NA,1.9338523811705185e-14,66.125,0.8447208665635043,0.8650319406419871,low_flow,2356000.csv
2356000,2021-11-29,daytime,6,0.5290486946131138,0.28046534458574934,0.6493506493506532,67.875,0.8371622425901678,0.868813236519462,low_flow,2356000.csv
2356000,2021-11-29,nighttime,6,0.2,0.7040000000000001,0.06666666666670147,67.875,0.8371622425901678,0.868813236519462,low_flow,2356000.csv
2356000,2021-11-30,daytime,6,0.8025247105524859,0.054644313344165,0.19705882352940987,65.796875,0.8457921675990954,0.8718565250168631,low_flow,2356000.csv
2356000,2021-11-30,nighttime,6,NA,NA,-0,65.796875,0.8457921675990954,0.8718565250168631,low_flow,2356000.csv
2356000,2021-12-01,daytime,6,0.87669065825063075,0.02187031942697133,0.5307917888563067,62.59375,0.8572193786453993,0.8742530651112963,low_flow,2356000.csv
2356000,2021-12-01,nighttime,6,NA,NA,3.7295724494000794e-14,62.59375,0.8572193786453993,0.8742530651112963,low_flow,2356000.csv
2356000,2021-12-02,daytime,6,0.8783138437010592,0.0213103458170317,0.4780058651026217,59.46875,0.8690632067610998,0.8762409236995595,low_flow,2356000.csv
2356000,2021-12-02,nighttime,6,NA,NA,NA,59.46875,0.8690632067610998,0.8762409236995595,low_flow,2356000.csv
2356000,2021-12-03,daytime,6,0.9081736285829262,0.01226097996227549,0.19908466819218296,56.875,0.8793596000476134,0.8777010673332539,low_flow,2356000.csv
2356000,2021-12-03,nighttime,6,1,1.848892746611764e-32,0.5000000000000001,56.875,0.8793596000476134,0.8777010673332539,low_flow,2356000.csv
2356000,2021-12-04,daytime,6,0.9978157964455984,7.1509076113149525e-6,0.5919999999999849,54.703125,0.8862635400547554,0.8773796770225767,low_flow,2356000.csv
2356000,2021-12-04,nighttime,6,-0.44721359549995326,0.3739009663000646,-0.5999999999999962,54.703125,0.8862635400547554,0.8773796770225767,low_flow,2356000.csv
2356000,2021-12-05,daytime,6,0.7197016060085786,0.10683965596821048,0.29598308668075773,52.78125,0.8933460302344959,0.8738324802602865,low_flow,2356000.csv
2356000,2021-12-05,nighttime,6,-0.4400000000000007,0.38259199999999904,-0.26400000000002216,52.78125,0.8933460302344959,0.8738324802602865,low_flow,2356000.csv
2356000,2021-12-06,daytime,6,0.9186304243492522,0.0096621374631492,0.3797468354430467,51.140625,0.8986430186882514,0.8662976629766298,low_flow,2356000.csv
2356000,2021-12-06,nighttime,6,-0.4400000000000007,0.38259199999999904,-0.3519999999999668,51.140625,0.8986430186882514,0.8662976629766298,low_flow,2356000.csv
2356000,2021-12-07,daytime,6,NA,NA,NA,49.859375,0.902630639209618,0.8560290441614093,low_flow,2356000.csv
2356000,2021-12-07,nighttime,6,-0.5698028822981915,0.23779614445826353,-0.4166666666666975,49.859375,0.902630639209618,0.8560290441614093,low_flow,2356000.csv
2356000,2021-12-08,daytime,6,NA,NA,-4.2946591841578837e-14,48.953125,0.9062611593857874,0.8428242669523469,low_flow,2356000.csv
2356000,2021-12-08,nighttime,6,-0.5199999999999962,0.2903040000000041,-0.10400000000000884,48.953125,0.9062611593857874,0.8428242669523469,low_flow,2356000.csv
2356000,2021-12-09,daytime,6,NA,NA,-5.614410138881394e-15,48.5625,0.9077490774907748,0.8280085704082847,low_flow,2356000.csv
2356000,2021-12-09,nighttime,6,NA,NA,NA,48.5625,0.9077490774907748,0.8280085704082847,low_flow,2356000.csv
2356000,2021-12-10,daytime,6,0.33251558703346795,0.5196091809994272,0.11638591117916584,50.8125,0.8999523866206404,0.8137721699797643,low_flow,2356000.csv
2356000,2021-12-10,nighttime,6,0.3257023745309507,0.5287220238399389,0.14851485148514834,50.8125,0.8999523866206404,0.8137721699797643,low_flow,2356000.csv
2356000,2021-12-11,daytime,6,NA,NA,-1.0111490200681551e-14,59.265625,0.8701940245208903,0.8012657223346427,low_flow,2356000.csv
2356000,2021-12-11,nighttime,6,0.6546536707079794,0.15830242337545597,0.5000000000000375,59.265625,0.8701940245208903,0.8012657223346427,low_flow,2356000.csv
2356000,2021-12-12,daytime,6,NA,NA,-1.2431908164667364e-14,74.734375,0.8091298654922033,0.790318612863548,low_flow,2356000.csv
2356000,2021-12-12,nighttime,6,-0.5875182252276269,0.22012174671561216,-0.34517766497460184,74.734375,0.8091298654922033,0.790318612863548,low_flow,2356000.csv
2356000,2021-12-13,daytime,6,-0.3721042037676226,0.4676047546094011,-0.23076923076927033,92.828125,0.7316986073086538,0.780280125381899,low_flow,2356000.csv
2356000,2021-12-13,nighttime,6,-0.676097286026983,0.1403786546262607,-0.15945611866500403,92.828125,0.7316986073086538,0.780280125381899,low_flow,2356000.csv
2356000,2021-12-14,daytime,6,-0.9976169638063171,8.511525784355777e-6,-0.4087591240876254,104.46875,0.6831329603618617,0.7687021386342896,low_flow,2356000.csv
2356000,2021-12-14,nighttime,6,-0.6697875667817258,0.1455571532686045,-0.6923076923075706,104.46875,0.6831329603618617,0.7687021386342896,low_flow,2356000.csv
2356000,2021-12-15,daytime,6,-0.615793537374558,0.19306466609794057,-0.07983193277311648,111.359375,0.6477205094631592,0.7504582787763362,low_flow,2356000.csv
2356000,2021-12-15,nighttime,6,-0.8798826901281198,0.02077571582515704,-0.42857142857141334,111.359375,0.6477205094631592,0.7504582787763362,low_flow,2356000.csv
2356000,2021-12-16,daytime,6,-0.8456396720136824,0.03390168596071268,-0.342007434944246,113.90625,0.6349839304844661,0.7191564496290124,normal_flow,2356000.csv
2356000,2021-12-16,nighttime,6,-0.9444165602968358,0.00454841511374213,-0.5733788395904224,113.90625,0.6349839304844661,0.7191564496290124,normal_flow,2356000.csv
2356000,2021-12-17,daytime,6,-0.9389710680668848,0.00547314373915771,-0.3450000000000268,110.015625,0.6555172003332936,0.6814426853945958,normal_flow,2356000.csv
2356000,2021-12-17,nighttime,6,0.2,0.7040000000000001,0.06666666666670534,110.015625,0.6555172003332936,0.6814426853945958,normal_flow,2356000.csv
2356000,2021-12-18,daytime,6,-0.5587442366156595,0.2491022576213929,-0.0650406504065059,102.640625,0.6917628853707892,0.6428163313891203,normal_flow,2356000.csv
2356000,2021-12-18,nighttime,6,-0.7474093186836555,0.08764517650339748,-0.10344827586205337,102.640625,0.6917628853707892,0.6428163313891203,normal_flow,2356000.csv
2356000,2021-12-19,daytime,6,-0.8956821843391021,0.01575570598199853,-0.41438356164385715,95.171875,0.7220568979883347,0.6070904257429671,normal_flow,2356000.csv
2356000,2021-12-19,nighttime,6,NA,NA,1.243190816466782e-14,95.171875,0.7220568979883347,0.6070904257429671,normal_flow,2356000.csv
2356000,2021-12-20,daytime,6,-0.3114959116429886,0.5478683104271075,-0.06930693069306837,90.171875,0.7427687180097607,0.5777883585287465,normal_flow,2356000.csv
2356000,2021-12-20,nighttime,6,-0.01548806185326187,0.9767697648587104,-0.0055172413793018,90.171875,0.7427687180097607,0.5777883585287465,normal_flow,2356000.csv
2356000,2021-12-21,daytime,6,NA,NA,8.287938776445444e-15,94.46875,0.7249732174741103,0.5561322064833552,normal_flow,2356000.csv
2356000,2021-12-21,nighttime,6,-0.8465179276690971,0.03352735065331477,-0.26118795768915715,94.46875,0.7249732174741103,0.5561322064833552,normal_flow,2356000.csv
2356000,2021-12-22,daytime,6,-0.9235676539744044,0.00853960008285928,-0.7662337662337542,114.828125,0.6289727413403167,0.5399476252827045,normal_flow,2356000.csv
2356000,2021-12-22,nighttime,6,NA,NA,1.0877919644084172e-14,114.828125,0.6289727413403167,0.5399476252827045,normal_flow,2356000.csv
2356000,2021-12-23,daytime,6,0.02369561801911142,0.9644632253065432,0.02189781021893832,158.21875,0.4367337221759314,0.5287465777883585,normal_flow,2356000.csv
2356000,2021-12-23,nighttime,6,-0.8554488647051754,0.02983234586659563,-0.20521172638435364,158.21875,0.4367337221759314,0.5287465777883585,normal_flow,2356000.csv
2356000,2021-12-24,daytime,6,0.5784924073369803,0.22905863339051913,0.25742574257424616,201.453125,0.34204261397452684,0.5210371781137166,normal_flow,2356000.csv
2356000,2021-12-24,nighttime,6,-0.6985367247883854,0.1226216522033837,-0.05950653120462809,201.453125,0.34204261397452684,0.5210371781137166,normal_flow,2356000.csv
2356000,2021-12-25,daytime,6,NA,NA,-3.3109143595361744e-14,212.375,0.32055707653850735,0.5131174860135698,normal_flow,2356000.csv
2356000,2021-12-25,nighttime,6,-0.9805806756909192,5.620036227160464e-4,-0.2564102564102347,212.375,0.32055707653850735,0.5131174860135698,normal_flow,2356000.csv
2356000,2021-12-26,daytime,6,-0.9212573651697002,0.00905648579352215,-0.35414012738854295,205.03125,0.33430543982859184,0.4986866642859977,normal_flow,2356000.csv
2356000,2021-12-26,nighttime,6,-0.6324555320336759,0.17780780835622115,-0.1250000000000007,205.03125,0.33430543982859184,0.4986866642859977,normal_flow,2356000.csv
2356000,2021-12-27,daytime,6,-0.7336252313452982,0.096982896300886,-0.20930232558142137,188.890625,0.36959885727889535,0.4739515137086855,normal_flow,2356000.csv
2356000,2021-12-27,nighttime,6,-0.8094999088258636,0.05097877583043071,-0.3276450511945473,188.890625,0.36959885727889535,0.4739515137086855,normal_flow,2356000.csv
2356000,2021-12-28,daytime,6,-0.933974138992988,0.00639520444053706,-0.270000000000007,171.828125,0.4068563266277824,0.44296710709042575,normal_flow,2356000.csv
2356000,2021-12-28,nighttime,6,0.3721042037676263,0.46760475460939666,1.800000000000905,171.828125,0.4068563266277824,0.44296710709042575,normal_flow,2356000.csv
2356000,2021-12-29,daytime,6,-0.8567736780335744,0.02930161237637169,-0.07161572052402962,156.96875,0.4403642423521009,0.408927508629925,normal_flow,2356000.csv
2356000,2021-12-29,nighttime,6,NA,NA,-1.3388208792716854e-14,156.96875,0.4403642423521009,0.408927508629925,normal_flow,2356000.csv
2356000,2021-12-30,daytime,6,-0.918229608120548,0.00975622083118865,-0.2200275608635784,144.640625,0.4797047970479705,0.3772487402293378,normal_flow,2356000.csv
2356000,2021-12-30,nighttime,6,NA,NA,-3.7031215809646844e-14,144.640625,0.4797047970479705,0.3772487402293378,normal_flow,2356000.csv
2356000,2021-12-31,daytime,6,NA,NA,0,134.921875,0.5193429353648376,0.35760028568027613,normal_flow,2356000.csv
2356000,2021-12-31,nighttime,6,-0.9005364904025978,0.0143474888721018,-0.47899159663864344,134.921875,0.5193429353648376,0.35760028568027613,normal_flow,2356000.csv
2356000,2022-01-01,daytime,6,-0.9323465879636748,0.00671065194259978,-0.26264044943820264,130.828125,0.5367218188310915,0.3456334563345633,normal_flow,2356000.csv
2356000,2022-01-01,nighttime,6,NA,NA,NA,130.828125,0.5367218188310915,0.3456334563345633,normal_flow,2356000.csv
2356000,2022-01-02,daytime,6,NA,NA,0,145.8125,0.47530055945720745,0.33683688449787724,normal_flow,2356000.csv
2356000,2022-01-02,nighttime,6,NA,NA,-0,145.8125,0.47530055945720745,0.33683688449787724,normal_flow,2356000.csv
2356000,2022-01-03,daytime,6,NA,NA,0,196.953125,0.35102963932865133,0.328647383248026,normal_flow,2356000.csv
2356000,2022-01-03,nighttime,6,-0.20701966780270373,0.6939066340345736,-0.01904761904761532,196.953125,0.35102963932865133,0.328647383248026,normal_flow,2356000.csv
2356000,2022-01-04,daytime,6,0.6923076923076873,0.12744651797906617,0.6923076923076769,238.15625,0.2780026187358648,0.3197714557790739,normal_flow,2356000.csv
2356000,2022-01-04,nighttime,6,-0.3067191794659404,0.5543487880233542,-0.08571428571427814,238.15625,0.2780026187358648,0.3197714557790739,normal_flow,2356000.csv
2356000,2022-01-05,daytime,6,-0.04602873089491675,0.9310056629064544,-0.01694915254238755,284.96875,0.2143792405665992,0.30952267587192,normal_flow,2356000.csv
2356000,2022-01-05,nighttime,6,-0.8263907003884471,0.0425939748238683,-0.2812030075187713,284.96875,0.2143792405665992,0.30952267587192,normal_flow,2356000.csv
2356000,2022-01-06,daytime,6,-1,0,-2.999999999999925,350.921875,0.15379121533150816,0.2969606792842122,normal_flow,2356000.csv
2356000,2022-01-06,nighttime,6,-0.9151577084889558,0.01049196513980194,-0.1832061068702299,350.921875,0.15379121533150816,0.2969606792842122,normal_flow,2356000.csv
2356000,2022-01-07,daytime,6,NA,NA,-1.7404671430534778e-13,366.0625,0.14200690394000717,0.28212117605047016,normal_flow,2356000.csv
2356000,2022-01-07,nighttime,6,NA,NA,1.2062643565718571e-14,366.0625,0.14200690394000717,0.28212117605047016,normal_flow,2356000.csv
2356000,2022-01-08,daytime,6,NA,NA,5.801557143512266e-14,340.21875,0.16254017378883467,0.26637305082728246,normal_flow,2356000.csv
2356000,2022-01-08,nighttime,6,NA,NA,3.480934286111741e-14,340.21875,0.16254017378883467,0.26637305082728246,normal_flow,2356000.csv
2356000,2022-01-09,daytime,6,NA,NA,-2.9007785717556414e-14,311,0.1886084989882157,0.25164861326032617,normal_flow,2356000.csv
2356000,2022-01-09,nighttime,6,NA,NA,-1.7404671430537805e-13,311,0.1886084989882157,0.25164861326032617,normal_flow,2356000.csv
2356000,2022-01-10,daytime,6,NA,NA,-4.3511678576336946e-14,288.3125,0.2114629210808237,0.24286394476847992,high_flow,2356000.csv
2356000,2022-01-10,nighttime,6,NA,NA,5.801557143511255e-14,288.3125,0.2114629210808237,0.24286394476847992,high_flow,2356000.csv
2356000,2022-01-11,daytime,6,0.44721359549995793,0.373900966300059,1.1999999999999145,267.21875,0.23645994524461372,0.23889616315517995,high_flow,2356000.csv
2356000,2022-01-11,nighttime,6,0.8509629433967604,0.03166285751402926,0.36206896551728207,267.21875,0.23645994524461372,0.23889616315517995,high_flow,2356000.csv
2356000,2022-01-12,daytime,6,NA,NA,NA,253.96875,0.25312462802047375,0.23278974725231125,high_flow,2356000.csv
2356000,2022-01-12,nighttime,6,NA,NA,1.6115436509754243e-14,253.96875,0.25312462802047375,0.23278974725231125,high_flow,2356000.csv
2356000,2022-01-13,daytime,6,NA,NA,-7.459144898800853e-14,254.875,0.2519342935364838,0.22750466214339565,high_flow,2356000.csv
2356000,2022-01-13,nighttime,6,NA,NA,1.8061451484517063e-14,254.875,0.2519342935364838,0.22750466214339565,high_flow,2356000.csv
2356000,2022-01-14,daytime,6,0,1,-7.262211827237801e-14,251.46875,0.2571122485418403,0.22636987660199184,high_flow,2356000.csv
2356000,2022-01-14,nighttime,6,NA,NA,1.1799777241040776e-14,251.46875,0.2571122485418403,0.22636987660199184,high_flow,2356000.csv
2356000,2022-01-15,daytime,6,-0.5731784499002897,0.23438649643860812,-0.1352785145888667,235.28125,0.2831210570170218,0.2268341070507479,high_flow,2356000.csv
2356000,2022-01-15,nighttime,6,NA,NA,NA,235.28125,0.2831210570170218,0.2268341070507479,high_flow,2356000.csv
2356000,2022-01-16,daytime,6,-0.1377945636523896,0.7946163307586218,-0.02531645569619128,214.84375,0.3158552553267468,0.22577867714161012,high_flow,2356000.csv
2356000,2022-01-16,nighttime,6,-0.2515556420905346,0.6306257877008976,-0.2079207920791898,214.84375,0.3158552553267468,0.22577867714161012,high_flow,2356000.csv
2356000,2022-01-17,daytime,6,-0.6582183780869716,0.15525946071885302,-0.20720720720726207,200.8125,0.34353053207951434,0.22268380748323613,high_flow,2356000.csv
2356000,2022-01-17,nighttime,6,NA,NA,2.2402052336332413e-14,200.8125,0.34353053207951434,0.22268380748323613,high_flow,2356000.csv
2356000,2022-01-18,daytime,6,0.43895128130614874,0.3838612554305797,0.3468208092485364,230.515625,0.2915129151291513,0.21884299488156173,high_flow,2356000.csv
2356000,2022-01-18,nighttime,6,NA,NA,1.1464154834484e-14,230.515625,0.2915129151291513,0.21884299488156173,high_flow,2356000.csv
2356000,2022-01-19,daytime,6,-0.08238525545716166,0.876701704785266,-0.1250000000000424,312.90625,0.18640638019283415,0.214918858866008,high_flow,2356000.csv
2356000,2022-01-19,nighttime,6,-0.7728525967890877,0.07153397196822303,-0.22656250000000064,312.90625,0.18640638019283415,0.214918858866008,high_flow,2356000.csv
2356000,2022-01-20,daytime,6,-0.8174238913695947,0.0469580539259014,-0.3499999999999826,377.109375,0.13510296393286514,0.21147879220727692,high_flow,2356000.csv
2356000,2022-01-20,nighttime,6,-0.4472135954999578,0.373900966300059,-0.0833333333333216,377.109375,0.13510296393286514,0.21147879220727692,high_flow,2356000.csv
2356000,2022-01-21,daytime,6,NA,NA,-0,373.953125,0.13676943221045113,0.20991945403325,high_flow,2356000.csv
2356000,2022-01-21,nighttime,6,NA,NA,-0,373.953125,0.13676943221045113,0.20991945403325,high_flow,2356000.csv
2356000,2022-01-22,daytime,6,-0.9799366622741316,5.997681579407841e-4,-0.9439999999999636,356.546875,0.14897036067134864,0.2100702297345554,high_flow,2356000.csv
2356000,2022-01-22,nighttime,6,-0.2,0.704,-0.06666666666664732,356.546875,0.14897036067134864,0.2100702297345554,high_flow,2356000.csv
2356000,2022-01-23,daytime,6,0.8946750577612211,0.01605581230694972,0.30894308943091053,359.71875,0.14670872515176764,0.2108637860572154,high_flow,2356000.csv
2356000,2022-01-23,nighttime,6,NA,NA,NA,359.71875,0.14670872515176764,0.2108637860572154,high_flow,2356000.csv
2356000,2022-01-24,daytime,6,NA,NA,0,365.875,0.14218545411260564,0.2117366980121414,high_flow,2356000.csv
2356000,2022-01-24,nighttime,6,0.26967994498529424,0.6052866259760692,0.3999999999999479,365.875,0.14218545411260564,0.2117366980121414,high_flow,2356000.csv
2356000,2022-01-25,daytime,6,NA,NA,-2.2313681321197764e-14,350.859375,0.15385073205570765,0.2134150696345673,high_flow,2356000.csv
2356000,2022-01-25,nighttime,6,-0.7977240352174656,0.05723523110663153,-0.5833333333333434,350.859375,0.15385073205570765,0.2134150696345673,high_flow,2356000.csv
2356000,2022-01-26,daytime,6,NA,NA,-8.490083624651073e-15,322.75,0.17759790501130818,0.22101733920565012,high_flow,2356000.csv
2356000,2022-01-26,nighttime,6,-0.8987170342729192,0.01486786627776333,-1.000000000000023,322.75,0.17759790501130818,0.22101733920565012,high_flow,2356000.csv
2356000,2022-01-27,daytime,6,0.8575689187640279,0.02898519724794496,0.27178729689807923,297.15625,0.2015236281395072,0.23787644328056184,high_flow,2356000.csv
2356000,2022-01-27,nighttime,6,-0.2927700218845679,0.5733922538253444,-0.07142857142854313,297.15625,0.2015236281395072,0.23787644328056184,high_flow,2356000.csv
2356000,2022-01-28,daytime,6,-0.9283174326780416,0.00752341917683936,-0.4476744186046937,273.640625,0.22854422092608023,0.26106019124707375,normal_flow,2356000.csv
2356000,2022-01-28,nighttime,6,NA,NA,NA,273.640625,0.22854422092608023,0.26106019124707375,normal_flow,2356000.csv
2356000,2022-01-29,daytime,6,NA,NA,-1.4625774311373844e-14,250.015625,0.25937388406142126,0.2871364520096814,normal_flow,2356000.csv
2356000,2022-01-29,nighttime,6,0.5570860145311556,0.25081535976844566,0.25000000000001715,250.015625,0.25937388406142126,0.2871364520096814,normal_flow,2356000.csv
2356000,2022-01-30,daytime,6,NA,NA,-1.7213411304924352e-14,228.09375,0.2950244018569218,0.3109272705630282,normal_flow,2356000.csv
2356000,2022-01-30,nighttime,6,-0.9149503071460618,0.010542574020612,-0.4713958810068451,228.09375,0.2950244018569218,0.3109272705630282,normal_flow,2356000.csv
2356000,2022-01-31,daytime,6,-0.7936080043675687,0.0595005761904844,-0.18571428571429488,207.734375,0.32894893465063685,0.32752450105146214,normal_flow,2356000.csv
2356000,2022-01-31,nighttime,6,-0.869917672401681,0.02428152960352064,-0.3783783783783671,207.734375,0.32894893465063685,0.32752450105146214,normal_flow,2356000.csv
2356000,2022-02-01,daytime,6,NA,NA,-6.1222462318463585e-15,189.1875,0.3687061064159029,0.3371622425901678,normal_flow,2356000.csv
2356000,2022-02-01,nighttime,6,NA,NA,2.0601447815735052e-14,189.1875,0.3687061064159029,0.3371622425901678,normal_flow,2356000.csv
2356000,2022-02-02,daytime,6,-0.5437928062913643,0.26471344347272174,-0.14917741218326494,172.484375,0.4055469586953934,0.34402650478117686,normal_flow,2356000.csv
2356000,2022-02-02,nighttime,6,-0.3779644730092251,0.460050752843964,-0.07142857142852821,172.484375,0.4055469586953934,0.34402650478117686,normal_flow,2356000.csv
2356000,2022-02-03,daytime,6,-0.9224943568500612,0.00877789404767238,-0.19827833572454587,157.4375,0.4392929413165099,0.35046621433956276,normal_flow,2356000.csv
2356000,2022-02-03,nighttime,6,NA,NA,NA,157.4375,0.4392929413165099,0.35046621433956276,normal_flow,2356000.csv
2356000,2022-02-04,daytime,6,-0.4845437118523508,0.33006565056935905,-0.13043478260873148,143.859375,0.482859183430544,0.35744554219735747,normal_flow,2356000.csv
2356000,2022-02-04,nighttime,6,NA,NA,NA,143.859375,0.482859183430544,0.35744554219735747,normal_flow,2356000.csv
2356000,2022-02-05,daytime,6,0.7633225336137943,0.0773954457631665,0.4112903225806371,132.90625,0.5279133436495655,0.3650319406419871,normal_flow,2356000.csv
2356000,2022-02-05,nighttime,6,-0.6561859224721405,0.1569913720085502,-0.06151142355009587,132.90625,0.5279133436495655,0.3650319406419871,normal_flow,2356000.csv
2356000,2022-02-06,daytime,6,-0.7995134707328356,0.05626300979955872,-0.7399999999999914,137.875,0.505832638971551,0.37325715192635794,normal_flow,2356000.csv
2356000,2022-02-06,nighttime,6,-0.9052462092894356,0.01304205820854086,-0.3695652173912914,137.875,0.505832638971551,0.37325715192635794,normal_flow,2356000.csv
2356000,2022-02-07,daytime,6,NA,NA,2.175583928817207e-14,176.734375,0.3956671824782764,0.3814069753600762,normal_flow,2356000.csv
2356000,2022-02-07,nighttime,6,NA,NA,1.7404671430534785e-14,176.734375,0.3956671824782764,0.3814069753600762,normal_flow,2356000.csv
2356000,2022-02-08,daytime,6,-0.5163977794943243,0.29425636802442395,-0.2222222222222721,233.140625,0.2867515771931913,0.38978693012736576,normal_flow,2356000.csv
2356000,2022-02-08,nighttime,6,-0.7854670515567459,0.06409970534065737,-0.5067873303167034,233.140625,0.2867515771931913,0.38978693012736576,normal_flow,2356000.csv
2356000,2022-02-09,daytime,6,0.37142857142857066,0.4684781341107882,0.05306122448976611,251.671875,0.25681466492084276,0.39871047097567747,normal_flow,2356000.csv
2356000,2022-02-09,nighttime,6,-0.9403280672589124,0.00523487122990673,-0.4038155802861557,251.671875,0.25681466492084276,0.39871047097567747,normal_flow,2356000.csv
2356000,2022-02-10,daytime,6,0.6653864133739974,0.1492166638913339,0.12396694214874168,240.453125,0.27419354838709675,0.4087608618021664,normal_flow,2356000.csv
2356000,2022-02-10,nighttime,6,NA,NA,0,240.453125,0.27419354838709675,0.4087608618021664,normal_flow,2356000.csv
2356000,2022-02-11,daytime,6,NA,NA,-0,221.09375,0.3062135460064278,0.4208229179065984,normal_flow,2356000.csv
2356000,2022-02-11,nighttime,6,-0.7564900711329764,0.08172591365442794,-0.5049504950495354,221.09375,0.3062135460064278,0.4208229179065984,normal_flow,2356000.csv
2356000,2022-02-12,daytime,6,NA,NA,NA,201.34375,0.34234019759552436,0.4334404634368924,normal_flow,2356000.csv
2356000,2022-02-12,nighttime,6,-0.6939779183594843,0.12614486199884137,-0.6153846153846161,201.34375,0.34234019759552436,0.4334404634368924,normal_flow,2356000.csv
2356000,2022-02-13,daytime,6,0.7018624063435985,0.1200789043623368,0.4761904761904936,183.15625,0.38275205332698486,0.44515732254096735,normal_flow,2356000.csv
2356000,2022-02-13,nighttime,6,-0.9365078642839972,0.00591890056941702,-0.6600000000000309,183.15625,0.38275205332698486,0.44515732254096735,normal_flow,2356000.csv
2356000,2022-02-14,daytime,6,-0.9201439167794389,0.0093108701581221,-0.3820689655172827,166.90625,0.4172717533626949,0.45903662262429074,normal_flow,2356000.csv
2356000,2022-02-14,nighttime,6,NA,NA,4.2946591841578874e-14,166.90625,0.4172717533626949,0.45903662262429074,normal_flow,2356000.csv
2356000,2022-02-15,daytime,6,-0.9474504407420692,0.00406962761476684,-0.2618181818182079,152.109375,0.45464825615998095,0.4805142244970837,normal_flow,2356000.csv
2356000,2022-02-15,nighttime,6,NA,NA,NA,152.109375,0.45464825615998095,0.4805142244970837,normal_flow,2356000.csv
2356000,2022-02-16,daytime,6,NA,NA,-1.8962287939882182e-14,138.640625,0.5025592191405786,0.5090782843312304,normal_flow,2356000.csv
2356000,2022-02-16,nighttime,6,NA,NA,NA,138.640625,0.5025592191405786,0.5090782843312304,normal_flow,2356000.csv
2356000,2022-02-17,daytime,6,-0.9422550167230884,0.0049054498052362,-0.1907765076862438,126.734375,0.5563028210927271,0.5393683291671626,normal_flow,2356000.csv
2356000,2022-02-17,nighttime,6,NA,NA,NA,126.734375,0.5563028210927271,0.5393683291671626,normal_flow,2356000.csv
2356000,2022-02-18,daytime,6,-0.9383692449679332,0.00558047736059908,-0.26389976507441676,116.15625,0.6202237828829901,0.5674483196444867,normal_flow,2356000.csv
2356000,2022-02-18,nighttime,6,-0.889102531814104,0.01776545036694733,-0.4057450628366365,116.15625,0.6202237828829901,0.5674483196444867,normal_flow,2356000.csv
2356000,2022-02-19,daytime,6,-0.561315239966905,0.2464552831468456,-0.0425776754890773,106.6875,0.6721223663849542,0.5894655398166885,normal_flow,2356000.csv
2356000,2022-02-19,nighttime,6,0.37300192329612675,0.46644507493727955,0.399999999999982,106.6875,0.6721223663849542,0.5894655398166885,normal_flow,2356000.csv
2356000,2022-02-20,daytime,6,-0.7946614879723773,0.05891692007469501,-0.05539358600584986,99.8125,0.7036662302106892,0.6050152759592112,normal_flow,2356000.csv
2356000,2022-02-20,nighttime,6,-0.7568892626614522,0.08146997954982838,-0.22033898305083785,99.8125,0.7036662302106892,0.6050152759592112,normal_flow,2356000.csv
2356000,2022-02-21,daytime,6,NA,NA,-1.9650435486087732e-14,97.125,0.7140221402214022,0.6183906677776455,normal_flow,2356000.csv
2356000,2022-02-21,nighttime,6,NA,NA,1.3567115814447911e-14,97.125,0.7140221402214022,0.6183906677776455,normal_flow,2356000.csv
2356000,2022-02-22,daytime,6,NA,NA,-5.9180160947741915e-15,96.15625,0.7178312105701702,0.6323890013093679,normal_flow,2356000.csv
2356000,2022-02-22,nighttime,6,NA,NA,3.729572449400234e-14,96.15625,0.7178312105701702,0.6323890013093679,normal_flow,2356000.csv
2356000,2022-02-23,daytime,6,NA,NA,-8.181683151106079e-15,96.78125,0.7152124747053922,0.6455818751735904,normal_flow,2356000.csv
2356000,2022-02-23,nighttime,6,NA,NA,1.5316110858872208e-14,96.78125,0.7152124747053922,0.6455818751735904,normal_flow,2356000.csv
2356000,2022-02-24,daytime,6,-0.9078842059113506,0.0123371633080065,-0.2104477611940389,97.9375,0.7111653374598262,0.655707653850732,normal_flow,2356000.csv
2356000,2022-02-24,nighttime,6,NA,NA,NA,97.9375,0.7111653374598262,0.655707653850732,normal_flow,2356000.csv
2356000,2022-02-25,daytime,6,-0.39873257998805584,0.4335979120091792,-0.02271252433486244,101.71875,0.6953934055469587,0.6629448875133912,normal_flow,2356000.csv
2356000,2022-02-25,nighttime,6,NA,NA,1.5004027095289752e-14,101.71875,0.6953934055469587,0.6629448875133912,normal_flow,2356000.csv
2356000,2022-02-26,daytime,6,0.01321637200910294,0.9801765962546434,8.733624454035516e-4,113.59375,0.6364718485894536,0.6677022576677379,normal_flow,2356000.csv
2356000,2022-02-26,nighttime,6,0.10444659357342212,0.8438998183320855,0.01818181818183588,113.59375,0.6364718485894536,0.6677022576677379,normal_flow,2356000.csv
2356000,2022-02-27,daytime,6,-0.5883042135486849,0.219350267330283,-0.07570977917982656,123.25,0.5755862397333651,0.6710391620045233,normal_flow,2356000.csv
2356000,2022-02-27,nighttime,6,-0.916180342526282,0.01024415511879621,-0.4265734265733783,123.25,0.5755862397333651,0.6710391620045233,normal_flow,2356000.csv
2356000,2022-02-28,daytime,6,0.7612020568998508,0.07872802484920617,0.9285714285714656,121.875,0.5833829306034995,0.6743363885251755,normal_flow,2356000.csv
2356000,2022-02-28,nighttime,6,NA,NA,2.4863816329336694e-14,121.875,0.5833829306034995,0.6743363885251755,normal_flow,2356000.csv
2356000,2022-03-01,daytime,6,-0.01315068690571515,0.9802751067850464,-0.00190234622701189,115.09375,0.6272467563385311,0.6789429829782169,normal_flow,2356000.csv
2356000,2022-03-01,nighttime,6,NA,NA,-0,115.09375,0.6272467563385311,0.6789429829782169,normal_flow,2356000.csv
2356000,2022-03-02,daytime,6,0.9707999415703245,0.00126651649971532,0.25313807531381227,110.53125,0.6525413641233186,0.6849740110304329,normal_flow,2356000.csv
2356000,2022-03-02,nighttime,6,NA,NA,-0,110.53125,0.6525413641233186,0.6849740110304329,normal_flow,2356000.csv
2356000,2022-03-03,daytime,6,NA,NA,-1.764528900791539e-14,110.21875,0.6544458992977027,0.6921596635321192,normal_flow,2356000.csv
2356000,2022-03-03,nighttime,6,NA,NA,4.462736264239515e-14,110.21875,0.6544458992977027,0.6921596635321192,normal_flow,2356000.csv
2356000,2022-03-04,daytime,6,-0.9528628894634836,0.0032804936421955,-0.09557344064386727,108.15625,0.6648613260326152,0.6986033408721184,normal_flow,2356000.csv
2356000,2022-03-04,nighttime,6,NA,NA,-0,108.15625,0.6648613260326152,0.6986033408721184,normal_flow,2356000.csv
2356000,2022-03-05,daytime,6,-0.7445257672117394,0.08956359637121175,-0.07293666026871375,102.65625,0.6915843351981907,0.697353489663929,normal_flow,2356000.csv
2356000,2022-03-05,nighttime,6,-0.5199999999999962,0.2903040000000041,-0.15599999999999356,102.65625,0.6915843351981907,0.697353489663929,normal_flow,2356000.csv
2356000,2022-03-06,daytime,6,-0.6888747637021403,0.1301400767045216,-0.13026819923371197,95.125,0.7221759314367338,0.6797405070824902,normal_flow,2356000.csv
2356000,2022-03-06,nighttime,6,-0.7429387566025428,0.09062735874180164,-0.13323124042877665,95.125,0.7221759314367338,0.6797405070824902,normal_flow,2356000.csv
2356000,2022-03-07,daytime,6,-0.9294399663552644,0.00729242825484993,-0.31049723756907327,87.53125,0.7531246280204738,0.6583065508074436,normal_flow,2356000.csv
2356000,2022-03-07,nighttime,6,NA,NA,-0,87.53125,0.7531246280204738,0.6583065508074436,normal_flow,2356000.csv
2356000,2022-03-08,daytime,6,-0.5325863028766374,0.2766541107771994,-0.11742424242425008,80.6875,0.7831210570170218,0.6342102130698727,normal_flow,2356000.csv
2356000,2022-03-08,nighttime,6,-0.12500000000001166,0.8134765624999828,-0.06249999999999305,80.6875,0.7831210570170218,0.6342102130698727,normal_flow,2356000.csv
2356000,2022-03-09,daytime,6,-0.911607189519792,0.01137461413243185,-0.6590909090909786,74.9375,0.8082966313534103,0.6063444827996667,normal_flow,2356000.csv
2356000,2022-03-09,nighttime,6,0.5962847939999397,0.211578994600078,0.2666666666666843,74.9375,0.8082966313534103,0.6063444827996667,normal_flow,2356000.csv
2356000,2022-03-10,daytime,6,-0.6659120918162899,0.14877752969184577,-0.12669683257919337,71.3125,0.8229972622306868,0.576074276871801,normal_flow,2356000.csv
2356000,2022-03-10,nighttime,6,NA,NA,9.72328012879033e-15,71.3125,0.8229972622306868,0.576074276871801,normal_flow,2356000.csv
2356000,2022-03-11,daytime,6,NA,NA,-1.2062643565717331e-14,75.03125,0.8078204975598143,0.5449946434948221,normal_flow,2356000.csv
2356000,2022-03-11,nighttime,6,NA,NA,1.7404671430535955e-14,75.03125,0.8078204975598143,0.5449946434948221,normal_flow,2356000.csv
2356000,2022-03-12,daytime,6,0.3162277660168342,0.5414697392755901,0.08333333333331576,105.78125,0.6766456374241162,0.5121890251160577,normal_flow,2356000.csv
2356000,2022-03-12,nighttime,6,-0.7901744265512617,0.06142118564490133,-0.9740259740259803,105.78125,0.6766456374241162,0.5121890251160577,normal_flow,2356000.csv
2356000,2022-03-14,daytime,6,NA,NA,-1.4108770196180927e-14,253.15625,0.2540768956076658,0.43757885965956433,normal_flow,2356000.csv
2356000,2022-03-14,nighttime,6,-0.9222874153556372,0.00882420601748011,-0.3356164383561574,253.15625,0.2540768956076658,0.43757885965956433,normal_flow,2356000.csv
2356000,2022-03-15,daytime,6,-0.6643888319833645,0.15005152633910326,-0.7142857142858172,278.21875,0.22193786453993572,0.39692893703130583,normal_flow,2356000.csv
2356000,2022-03-15,nighttime,6,-0.7644707871564345,0.07667814018768078,-0.272727272727227,278.21875,0.22193786453993572,0.39692893703130583,normal_flow,2356000.csv
2356000,2022-03-16,daytime,6,0.8329931278350449,0.03950792402693939,0.1632653061224359,290,0.20926080228544225,0.35546958695393405,normal_flow,2356000.csv
2356000,2022-03-16,nighttime,6,NA,NA,NA,290,0.20926080228544225,0.35546958695393405,normal_flow,2356000.csv
2356000,2022-03-17,daytime,6,-0.04031296848350981,0.9395633042913796,-0.00216684723727758,300.25,0.1984882752053327,0.31399436575010914,normal_flow,2356000.csv
2356000,2022-03-17,nighttime,6,-0.7348469228349515,0.09613828491300856,-0.2249999999999828,300.25,0.1984882752053327,0.31399436575010914,normal_flow,2356000.csv
2356000,2022-03-18,daytime,6,-0.35820928496419235,0.4856676862762264,-0.23913043478259297,311.3125,0.18825139864301868,0.27173749156846405,normal_flow,2356000.csv
2356000,2022-03-18,nighttime,6,NA,NA,NA,311.3125,0.18825139864301868,0.27173749156846405,normal_flow,2356000.csv
2356000,2022-03-19,daytime,6,-0.6453979094624133,0.16631966195018388,-0.3800000000000168,327.96875,0.17277705035114868,0.22904812919096937,high_flow,2356000.csv
2356000,2022-03-19,nighttime,6,NA,NA,2.6776417585436923e-14,327.96875,0.17277705035114868,0.22904812919096937,high_flow,2356000.csv
2356000,2022-03-20,daytime,6,0.16193756890782168,0.7592169539228979,0.04545454545454065,352.03125,0.15283894774431614,0.194405427925247,high_flow,2356000.csv
2356000,2022-03-20,nighttime,6,-0.4365641250654031,0.3867558054963638,-0.03529411764705833,352.03125,0.15283894774431614,0.194405427925247,high_flow,2356000.csv
2356000,2022-03-21,daytime,6,NA,NA,-2.4234352624795164e-14,366.4375,0.14176883704320914,0.1809625838193866,high_flow,2356000.csv
2356000,2022-03-21,nighttime,6,NA,NA,2.9384510207396536e-14,366.4375,0.14176883704320914,0.1809625838193866,high_flow,2356000.csv
2356000,2022-03-22,daytime,6,NA,NA,-3.7175026356483875e-14,364.34375,0.14337578859659564,0.17703844780383288,high_flow,2356000.csv
2356000,2022-03-22,nighttime,6,0.29277002188455997,0.5733922538253555,0.07142857142861765,364.34375,0.14337578859659564,0.17703844780383288,high_flow,2356000.csv
2356000,2022-03-23,daytime,6,NA,NA,-3.4809342861058974e-14,341.59375,0.16123080585644567,0.17732809586160378,high_flow,2356000.csv
2356000,2022-03-23,nighttime,6,NA,NA,-3.4809342861093786e-13,341.59375,0.16123080585644567,0.17732809586160378,high_flow,2356000.csv
2356000,2022-03-24,daytime,6,NA,NA,0,313.1875,0.1861683132960362,0.18070467801452209,high_flow,2356000.csv
2356000,2022-03-24,nighttime,6,NA,NA,NA,313.1875,0.1861683132960362,0.18070467801452209,high_flow,2356000.csv
2356000,2022-03-25,daytime,6,0.7641607199008692,0.07687153909785453,0.14598540145985348,310.375,0.1891441495060112,0.1870015474348292,high_flow,2356000.csv
2356000,2022-03-25,nighttime,6,-0.8958280175293668,0.01571247603748251,-0.551724137930946,310.375,0.1891441495060112,0.1870015474348292,high_flow,2356000.csv
2356000,2022-03-26,daytime,6,NA,NA,0,334.40625,0.16748006189739317,0.1932389001309368,high_flow,2356000.csv
2356000,2022-03-26,nighttime,6,-0.6269156688215348,0.1828227154082082,-0.15116279069766173,334.40625,0.16748006189739317,0.1932389001309368,high_flow,2356000.csv
2356000,2022-03-27,daytime,6,NA,NA,0,346.15625,0.15700511843828116,0.19736936079038211,high_flow,2356000.csv
2356000,2022-03-27,nighttime,6,NA,NA,-0,346.15625,0.15700511843828116,0.19736936079038211,high_flow,2356000.csv
2356000,2022-03-28,daytime,6,NA,NA,0,330.96875,0.17063444827996668,0.20048010157520932,high_flow,2356000.csv
2356000,2022-03-28,nighttime,6,0.6078306738548287,0.20053798069340165,0.5172413793103052,330.96875,0.17063444827996668,0.20048010157520932,high_flow,2356000.csv
2356000,2022-03-29,daytime,6,-0.9093001277566222,0.01196663049242822,-0.1858037578288199,302.75,0.1952148553743602,0.2043367853033369,high_flow,2356000.csv
2356000,2022-03-29,nighttime,6,NA,NA,-0,302.75,0.1952148553743602,0.2043367853033369,high_flow,2356000.csv
2356000,2022-03-30,daytime,6,0.8006002804785949,0.05567628105369384,0.138053097345135,274.9375,0.22628258540649923,0.20938777129706784,high_flow,2356000.csv
2356000,2022-03-30,nighttime,6,0.9850365626224062,3.341814970606864e-4,0.5544554455445203,274.9375,0.22628258540649923,0.20938777129706784,high_flow,2356000.csv
2356000,2022-03-31,daytime,6,NA,NA,-5.7690139876836104e-15,249.8125,0.2599095345792168,0.21203031385152565,high_flow,2356000.csv
2356000,2022-03-31,nighttime,6,-0.8664002254439663,0.02558104515003485,-0.4415584415584168,249.8125,0.2599095345792168,0.21203031385152565,high_flow,2356000.csv
2356000,2022-04-01,daytime,6,0.7865249376417556,0.06349320305736464,0.2116336633663331,229.625,0.2929413165099393,0.20885212077927232,high_flow,2356000.csv
2356000,2022-04-01,nighttime,6,NA,NA,NA,229.625,0.2929413165099393,0.20885212077927232,high_flow,2356000.csv
2356000,2022-04-02,daytime,6,-0.7426927417502186,0.09079276366317383,-1.3465346534651224,235.96875,0.2818116890846328,0.2025076379796056,high_flow,2356000.csv
2356000,2022-04-02,nighttime,6,0.2,0.704,0.06666666666672665,235.96875,0.2818116890846328,0.2025076379796056,high_flow,2356000.csv
2356000,2022-04-03,daytime,6,NA,NA,-6.5678005398244436e-15,268.75,0.23473396024282825,0.1967662579851605,high_flow,2356000.csv
2356000,2022-04-03,nighttime,6,NA,NA,1.5207965327651855e-14,268.75,0.23473396024282825,0.1967662579851605,high_flow,2356000.csv
2356000,2022-04-04,daytime,6,0.7789808377045256,0.06787587067245178,0.13725490196077647,299.1875,0.1995000595167242,0.1922906003253581,high_flow,2356000.csv
2356000,2022-04-04,nighttime,6,-0.7245314141326646,0.10337272936510908,-0.28633405639912857,299.1875,0.1995000595167242,0.1922906003253581,high_flow,2356000.csv
2356000,2022-04-05,daytime,6,-2.9377298531695813e-15,0.9999999999999956,-1.3686458865402695e-14,299.15625,0.1996190929651232,0.1880926873784867,high_flow,2356000.csv
2356000,2022-04-05,nighttime,6,-0.5252257314388902,0.2846063313159944,-0.13793103448272054,299.15625,0.1996190929651232,0.1880926873784867,high_flow,2356000.csv
2356000,2022-04-06,daytime,6,NA,NA,-9.407930502991734e-15,280.21875,0.2191405785025592,0.1836686108796572,high_flow,2356000.csv
2356000,2022-04-06,nighttime,6,NA,NA,1.4503892858780738e-14,280.21875,0.2191405785025592,0.1836686108796572,high_flow,2356000.csv
2356000,2022-04-07,daytime,6,-0.7557786050162342,0.08218295324890823,-0.23609653725079088,297.75,0.2008689441733127,0.17888346625401738,high_flow,2356000.csv
2356000,2022-04-07,nighttime,6,NA,NA,NA,297.75,0.2008689441733127,0.17888346625401738,high_flow,2356000.csv
2356000,2022-04-08,daytime,6,0.4932636236669822,0.320112304604997,0.5555555555555138,372.28125,0.13849541721223663,0.17358251001864858,high_flow,2356000.csv
2356000,2022-04-08,nighttime,6,0.26804385337361003,0.60756336129978,0.04105571847509499,372.28125,0.13849541721223663,0.17358251001864858,high_flow,2356000.csv
2356000,2022-04-09,daytime,6,0.9771071235928818,7.801267925694691e-4,0.8910891089109483,456.96875,0.0939769075110106,0.16775780661032416,high_flow,2356000.csv
2356000,2022-04-09,nighttime,6,NA,NA,2.2900883461230015e-14,456.96875,0.0939769075110106,0.16775780661032416,high_flow,2356000.csv
2356000,2022-04-10,daytime,6,0.6818606970285711,0.13571906857450752,0.8559999999999753,491.1875,0.08135936198071658,0.16371066936475817,high_flow,2356000.csv
2356000,2022-04-10,nighttime,6,NA,NA,-0,491.1875,0.08135936198071658,0.16371066936475817,high_flow,2356000.csv
2356000,2022-04-11,daytime,6,NA,NA,0,467.09375,0.08987025354124509,0.16374637939927786,high_flow,2356000.csv
2356000,2022-04-11,nighttime,6,NA,NA,-0,467.09375,0.08987025354124509,0.16374637939927786,high_flow,2356000.csv
2356000,2022-04-12,daytime,6,-0.9494899693251124,0.00376246260695213,-0.4488636363636494,425.65625,0.1076657540768956,0.16640876086180215,high_flow,2356000.csv
2356000,2022-04-12,nighttime,6,0.5101381811386231,0.30117215427154903,0.07228915662650814,425.65625,0.1076657540768956,0.16640876086180215,high_flow,2356000.csv
2356000,2022-04-13,daytime,6,0.4823819106188671,0.33255041405716396,0.15865384615382525,385.71875,0.12885370789191763,0.16871800976074278,high_flow,2356000.csv
2356000,2022-04-13,nighttime,6,NA,NA,NA,385.71875,0.12885370789191763,0.16871800976074278,high_flow,2356000.csv
2356000,2022-04-14,daytime,6,NA,NA,-1.891812112014687e-14,350.125,0.15450541602190215,0.16846407173749156,high_flow,2356000.csv
2356000,2022-04-14,nighttime,6,1.588822236882961e-14,0.9999999999999762,-1.3200808734747735e-14,350.125,0.15450541602190215,0.16846407173749156,high_flow,2356000.csv
2356000,2022-04-15,daytime,6,-0.7229193312884651,0.10452429181199172,-0.08567415730336989,319.28125,0.18039519104868468,0.16857516962266397,high_flow,2356000.csv
2356000,2022-04-15,nighttime,6,NA,NA,1.2431908164668484e-14,319.28125,0.18039519104868468,0.16857516962266397,high_flow,2356000.csv
2356000,2022-04-16,daytime,6,-0.7764185376991531,0.06939473542652623,-0.32653061224491997,294.09375,0.2055707653850732,0.17368170455898108,high_flow,2356000.csv
2356000,2022-04-16,nighttime,6,-0.968000000000002,0.00151961599999982,-0.968000000000084,294.09375,0.2055707653850732,0.17368170455898108,high_flow,2356000.csv
2356000,2022-04-17,daytime,6,NA,NA,0,278.59375,0.22110463040114273,0.1838312899258025,high_flow,2356000.csv
2356000,2022-04-17,nighttime,6,-0.8495772914400163,0.03223868022054944,-0.5909090909091208,278.59375,0.22110463040114273,0.1838312899258025,high_flow,2356000.csv
2356000,2022-04-18,daytime,6,NA,NA,0,268.46875,0.23526961076062375,0.197182875054557,high_flow,2356000.csv
2356000,2022-04-18,nighttime,6,NA,NA,6.44198877623632e-14,268.46875,0.23526961076062375,0.197182875054557,high_flow,2356000.csv
2356000,2022-04-19,daytime,6,0.7521239103824807,0.0845487634716988,0.05439330543931164,264.96875,0.23943578145458871,0.21228028409316352,high_flow,2356000.csv
2356000,2022-04-19,nighttime,6,-0.6571428571428605,0.1561749271136997,-0.09387755102040136,264.96875,0.23943578145458871,0.21228028409316352,high_flow,2356000.csv
2356000,2022-04-20,daytime,6,-0.765641493488775,0.07594992165147754,-0.097701149425299,269.25,0.23425782644923224,0.22868706106415904,high_flow,2356000.csv
2356000,2022-04-20,nighttime,6,-0.6229918232859717,0.18640968820376283,-0.06930693069304497,269.25,0.23425782644923224,0.22868706106415904,high_flow,2356000.csv
2356000,2022-04-21,daytime,6,0.9645017779244098,0.00186781957906741,0.3530927835051584,284.09375,0.2153315081537912,0.24620878466849183,high_flow,2356000.csv
2356000,2022-04-21,nighttime,6,NA,NA,2.5264845624975623e-14,284.09375,0.2153315081537912,0.24620878466849183,high_flow,2356000.csv
2356000,2022-04-22,daytime,6,0.8618638474188699,0.0273044658017136,0.2279909706546294,296.21875,0.2025354124508987,0.26405983414672857,normal_flow,2356000.csv
2356000,2022-04-22,nighttime,6,NA,NA,3.2633758932252815e-14,296.21875,0.2025354124508987,0.26405983414672857,normal_flow,2356000.csv
2356000,2022-04-23,daytime,6,0.6590621627456199,0.1545428433504545,0.0434362934362841,284.375,0.21509344125699323,0.282184660556283,normal_flow,2356000.csv
2356000,2022-04-23,nighttime,6,NA,NA,4.3942487275111063e-14,284.375,0.21509344125699323,0.282184660556283,normal_flow,2356000.csv
2356000,2022-04-24,daytime,6,NA,NA,-1.1944382354288548e-14,260.15625,0.24622068801333177,0.3011030432884974,normal_flow,2356000.csv
2356000,2022-04-24,nighttime,6,NA,NA,3.72957244940153e-14,260.15625,0.24622068801333177,0.3011030432884974,normal_flow,2356000.csv
2356000,2022-04-25,daytime,6,-0.8240017086517157,0.0437372892262959,-0.21727322107550945,236.09375,0.2816331389120343,0.321783121057017,normal_flow,2356000.csv
2356000,2022-04-25,nighttime,6,NA,NA,3.2633758932252115e-14,236.09375,0.2816331389120343,0.321783121057017,normal_flow,2356000.csv
2356000,2022-04-26,daytime,6,NA,NA,-2.966705357477501e-15,214.625,0.3163313891203428,0.34427250724120145,normal_flow,2356000.csv
2356000,2022-04-26,nighttime,6,NA,NA,1.7404671430586547e-14,214.625,0.3163313891203428,0.34427250724120145,normal_flow,2356000.csv
2356000,2022-04-27,daytime,6,0.388476303164175,0.446598770218345,0.02219321148825372,195.40625,0.3537674086418284,0.36922985358885846,normal_flow,2356000.csv
2356000,2022-04-27,nighttime,6,NA,NA,7.251946429389731e-15,195.40625,0.3537674086418284,0.36922985358885846,normal_flow,2356000.csv
2356000,2022-04-28,daytime,6,0.561641134191528,0.24612055283645856,0.0297585626052762,178.75,0.3916795619569099,0.3966313534103083,normal_flow,2356000.csv
2356000,2022-04-28,nighttime,6,NA,NA,7.996740927543732e-15,178.75,0.3916795619569099,0.3966313534103083,normal_flow,2356000.csv
2356000,2022-04-29,daytime,6,NA,NA,-5.081655892126778e-15,164.6875,0.4222711581954529,0.4270126572233464,normal_flow,2356000.csv
2356000,2022-04-29,nighttime,6,0.8017837257372779,0.05504060895249695,0.1875000000000144,164.6875,0.4222711581954529,0.4270126572233464,normal_flow,2356000.csv
2356000,2022-04-30,daytime,6,NA,NA,-4.053142661905395e-15,152.8125,0.45226758719200094,0.45957227314208626,normal_flow,2356000.csv
2356000,2022-04-30,nighttime,6,0.9299786179295764,0.00718283371435059,0.11953352769679132,152.8125,0.45226758719200094,0.45957227314208626,normal_flow,2356000.csv
2356000,2022-05-01,daytime,6,0.4500670754652083,0.37048226401180007,0.01716613325574481,142.3125,0.4893465063682894,0.4891124072531048,normal_flow,2356000.csv
2356000,2022-05-01,nighttime,6,0.11826247919780968,0.8234332915473259,0.02797202797202411,142.3125,0.4893465063682894,0.4891124072531048,normal_flow,2356000.csv
2356000,2022-05-02,daytime,6,0.930982029197906,0.0069808375685467,0.16482031883274884,132.15625,0.531305796928937,0.5099908741022894,normal_flow,2356000.csv
2356000,2022-05-02,nighttime,6,0.7302967433402332,0.0993006832137186,0.3333333333333535,132.15625,0.531305796928937,0.5099908741022894,normal_flow,2356000.csv
2356000,2022-05-03,daytime,6,0.8295535842672069,0.04110206796954854,0.13148450244698504,123.71875,0.5726104035233901,0.5261238741419673,normal_flow,2356000.csv
2356000,2022-05-03,nighttime,6,0.948683298050514,0.00388253704696046,0.49999999999996136,123.71875,0.5726104035233901,0.5261238741419673,normal_flow,2356000.csv
2356000,2022-05-04,daytime,6,0.9579594553692012,0.00261395970459122,0.18353726362625156,117.21875,0.6137959766694441,0.5394000714200691,normal_flow,2356000.csv
2356000,2022-05-04,nighttime,6,0.9532062476387952,0.00323325179706524,0.5416666666666535,117.21875,0.6137959766694441,0.5394000714200691,normal_flow,2356000.csv
2356000,2022-05-05,daytime,6,0.9460366146646548,0.00428949847925283,0.24800796812749248,111.78125,0.6452803237709797,0.5516922588580725,normal_flow,2356000.csv
2356000,2022-05-05,nighttime,6,0.7520710469952365,0.08458320524109385,0.11312217194570948,111.78125,0.6452803237709797,0.5516922588580725,normal_flow,2356000.csv
2356000,2022-05-06,daytime,6,NA,NA,NA,106.90625,0.6710510653493632,0.5651073284926398,normal_flow,2356000.csv
2356000,2022-05-06,nighttime,6,0.6047431568147608,0.2034668705954139,0.17142857142857632,106.90625,0.6710510653493632,0.5651073284926398,normal_flow,2356000.csv
2356000,2022-05-07,daytime,6,0.9022349410557338,0.01386979057889368,0.26424870466321293,102.78125,0.6909296512319962,0.5808356148077609,normal_flow,2356000.csv
2356000,2022-05-07,nighttime,6,0.7599999999999939,0.0794880000000038,0.1520000000000034,102.78125,0.6909296512319962,0.5808356148077609,normal_flow,2356000.csv
2356000,2022-05-08,daytime,6,0.984482704840686,3.5931149639167675e-4,0.4265957446808621,109.46875,0.6581954529222711,0.597500297583621,normal_flow,2356000.csv
2356000,2022-05-08,nighttime,6,0.8660254037844387,0.02572142074250649,0.1666666666666781,109.46875,0.6581954529222711,0.597500297583621,normal_flow,2356000.csv
2356000,2022-05-09,daytime,6,0.9846742429914356,3.505183939070227e-4,0.4262672811059864,126.15625,0.559397690751101,0.6135856842439392,normal_flow,2356000.csv
2356000,2022-05-09,nighttime,6,0.7675199409058955,0.07478804450931605,0.30734966592425955,126.15625,0.559397690751101,0.6135856842439392,normal_flow,2356000.csv
2356000,2022-05-10,daytime,6,0.982681408059044,4.4730322617990713e-4,0.4916559691912694,134.0625,0.5236281395072016,0.628528349799627,normal_flow,2356000.csv
2356000,2022-05-10,nighttime,6,0.885994412081195,0.01875503017883984,0.3975903614457712,134.0625,0.5236281395072016,0.628528349799627,normal_flow,2356000.csv
2356000,2022-05-11,daytime,6,0.9845971382428356,3.540450752347857e-4,0.47653106839516945,135.75,0.51547434829187,0.6423640042852041,normal_flow,2356000.csv
2356000,2022-05-11,nighttime,6,0.932753134055798,0.00663116156486777,0.3977272727272648,135.75,0.51547434829187,0.6423640042852041,normal_flow,2356000.csv
2356000,2022-05-12,daytime,6,0.9869328807756824,2.550088045119384e-4,0.5632183908045959,130.53125,0.5381502202118795,0.6551402610800301,normal_flow,2356000.csv
2356000,2022-05-12,nighttime,6,0.9412084879140884,0.00508305811734832,0.6480000000000021,130.53125,0.5381502202118795,0.6551402610800301,normal_flow,2356000.csv
2356000,2022-05-13,daytime,6,0.9907658394662274,1.2751088400012408e-4,0.6281150159744431,120.34375,0.5929056064754196,0.6673094472880212,normal_flow,2356000.csv
2356000,2022-05-13,nighttime,6,0.8492077756084414,0.03239306336922391,1.249999999999886,120.34375,0.5929056064754196,0.6673094472880212,normal_flow,2356000.csv
2356000,2022-05-14,daytime,6,0.9793197887007744,6.370845443064354e-4,0.7632367632367829,109.46875,0.6581954529222711,0.6790382097369361,normal_flow,2356000.csv
2356000,2022-05-14,nighttime,6,0.9678173001036288,0.00153692302663571,0.7965116279069866,109.46875,0.6581954529222711,0.6790382097369361,normal_flow,2356000.csv
2356000,2022-05-15,daytime,6,0.9981647866248688,5.048921691604427e-6,0.8247422680412547,100.1875,0.7022378288299012,0.6902829028290283,normal_flow,2356000.csv
2356000,2022-05-15,nighttime,6,0.7256334327031503,0.1025887720144688,1.0384615384615514,100.1875,0.7022378288299012,0.6902829028290283,normal_flow,2356000.csv
2356000,2022-05-16,daytime,6,0.9975029396265056,9.345180789918912e-6,0.7814485387547769,93.0625,0.7306273062730627,0.70436455977463,normal_flow,2356000.csv
2356000,2022-05-16,nighttime,6,0.9433583419767796,0.00472155505909302,1.2893401015227666,93.0625,0.7306273062730627,0.70436455977463,normal_flow,2356000.csv
2356000,2022-05-17,daytime,6,0.9893886464877985,1.6830381147014376e-4,0.9941775836972572,87.125,0.7554457802642542,0.7249732174741103,normal_flow,2356000.csv
2356000,2022-05-17,nighttime,6,0.8002035940029265,0.05589010898326083,1.0640000000000265,87.125,0.7554457802642542,0.7249732174741103,normal_flow,2356000.csv
2356000,2022-05-18,daytime,6,0.9996850470203934,1.487774481044675e-7,1.0499115044247784,81.375,0.7801452208070467,0.7471570844740705,normal_flow,2356000.csv
2356000,2022-05-18,nighttime,6,0.9554245624067326,0.00293616943442823,1.0979955456570307,81.375,0.7801452208070467,0.7471570844740705,normal_flow,2356000.csv
2356000,2022-05-19,daytime,6,0.99618759349141806,2.1773959476735e-5,1.1607142857142814,75.65625,0.8054398285918343,0.7677220965758045,normal_flow,2356000.csv
2356000,2022-05-19,nighttime,6,0.9890159762136894,1.8031056328072847e-4,1.593516209476285,75.65625,0.8054398285918343,0.7677220965758045,normal_flow,2356000.csv
2356000,2022-05-20,daytime,6,0.9939032212526724,5.5642755840086185e-5,1.6040232927474989,70.1875,0.8278181168908463,0.7827282466373051,normal_flow,2356000.csv
2356000,2022-05-20,nighttime,6,0.9538682317184206,0.0031431226354696,1.0181818181818032,70.1875,0.8278181168908463,0.7827282466373051,normal_flow,2356000.csv
2356000,2022-05-21,daytime,6,NA,NA,NA,65.46875,0.8469825020830853,0.7838828710867753,normal_flow,2356000.csv
2356000,2022-05-21,nighttime,6,0.9441197003609167,0.00459666569941904,2.431085043988209,65.46875,0.8469825020830853,0.7838828710867753,normal_flow,2356000.csv
2356000,2022-05-22,daytime,6,NA,NA,NA,61.71875,0.8596000476133794,0.7684918462087846,normal_flow,2356000.csv
2356000,2022-05-22,nighttime,6,0.8828484647452045,0.01978280123794437,1.7281553398058052,61.71875,0.8596000476133794,0.7684918462087846,normal_flow,2356000.csv
2356000,2022-05-23,daytime,6,0.8966515063464197,0.01546943867208885,1.1802325581395166,59.40625,0.8694203071062969,0.7425782644923223,normal_flow,2356000.csv
2356000,2022-05-23,nighttime,6,0.8559549985469889,0.02962905150272867,1.6250000000000269,59.40625,0.8694203071062969,0.7425782644923223,normal_flow,2356000.csv
2356000,2022-05-24,daytime,6,0.9112825535176492,0.0114570399782507,1.6351351351350825,59.59375,0.8685275562433044,0.7110502717930405,normal_flow,2356000.csv
2356000,2022-05-24,nighttime,6,0.9653240621776804,0.00178278346369797,1.750929368029705,59.59375,0.8685275562433044,0.7110502717930405,normal_flow,2356000.csv
2356000,2022-05-25,daytime,6,0.5301921151146629,0.279231304377147,0.315384615384603,62.8125,0.8563861445066063,0.6788199817482046,normal_flow,2356000.csv
2356000,2022-05-25,nighttime,6,NA,NA,2.0082313189078487e-14,62.8125,0.8563861445066063,0.6788199817482046,normal_flow,2356000.csv
2356000,2022-05-26,daytime,6,-0.7006490497453677,0.12100391941035536,-0.4499999999999571,71.0625,0.8239495298178788,0.6475102170376542,normal_flow,2356000.csv
2356000,2022-05-26,nighttime,6,NA,NA,NA,71.0625,0.8239495298178788,0.6475102170376542,normal_flow,2356000.csv
2356000,2022-05-27,daytime,6,0.9642541105379748,0.00189381543234011,0.2602131438721107,85.125,0.7632424711343888,0.6171289132246162,normal_flow,2356000.csv
2356000,2022-05-27,nighttime,6,0.8432919864201724,0.03491193147475179,0.5167286245353262,85.125,0.7632424711343888,0.6171289132246162,normal_flow,2356000.csv
2356000,2022-05-28,daytime,6,0.7781011937639539,0.06839557375420642,0.1215469613259628,117.71875,0.6102249732174742,0.5879181049875015,normal_flow,2356000.csv
2356000,2022-05-28,nighttime,6,0.4400000000000005,0.3825919999999994,0.1760000000000253,117.71875,0.6102249732174742,0.5879181049875015,normal_flow,2356000.csv
2356000,2022-05-29,daytime,6,0.9939954545505668,5.39736034411951e-5,0.2179887570268585,162.3125,0.4273300797524104,0.5595405308891799,normal_flow,2356000.csv
2356000,2022-05-29,nighttime,6,NA,NA,9.576733083787062e-15,162.3125,0.4273300797524104,0.5595405308891799,normal_flow,2356000.csv
2356000,2022-05-30,daytime,6,0.985010731540513,3.3533337273016525e-4,0.30148132693511737,216.5,0.3135341030829663,0.5319446097686783,normal_flow,2356000.csv
2356000,2022-05-30,nighttime,6,0.9505050546516696,0.0036139993108947302,0.2864628820960697,216.5,0.3135341030829663,0.5319446097686783,normal_flow,2356000.csv
2356000,2022-05-31,daytime,6,0.9888578187349903,1.8553066412081633e-4,0.4275491949910648,251.375,0.25770741578383527,0.5049478236717851,normal_flow,2356000.csv
2356000,2022-05-31,nighttime,6,0.8788123877225744,0.0211397489154194,0.6521739130434784,251.375,0.25770741578383527,0.5049478236717851,normal_flow,2356000.csv
2356000,2022-06-01,daytime,6,0.9943674748754152,4.749866203333236e-5,0.6460691342918492,241.8125,0.2719914295917153,0.4794548268063326,normal_flow,2356000.csv
2356000,2022-06-01,nighttime,6,0.9233751319958124,0.00858210910416489,1.6379310344827125,241.8125,0.2719914295917153,0.4794548268063326,normal_flow,2356000.csv
2356000,2022-06-02,daytime,6,0.9987932947457936,2.183327791365438e-6,0.5686059275521415,218.40625,0.3104987501487918,0.45693369836924175,normal_flow,2356000.csv
2356000,2022-06-02,nighttime,6,0.9787049637153812,6.753894342397632e-4,0.7870967741935289,218.40625,0.3104987501487918,0.45693369836924175,normal_flow,2356000.csv
2356000,2022-06-03,daytime,6,0.9975855193655082,8.737537232423942e-6,0.8204261075414242,197.5625,0.34972027139626233,0.43905090663809865,normal_flow,2356000.csv
2356000,2022-06-03,nighttime,6,0.980011581863748,5.95312234479316e-4,0.5876712328767034,197.5625,0.34972027139626233,0.43905090663809865,normal_flow,2356000.csv
2356000,2022-06-04,daytime,6,0.9978164654409782,7.146529402331391e-6,1.412832929782105,179.78125,0.38965599333412687,0.4279054080863389,normal_flow,2356000.csv
2356000,2022-06-04,nighttime,6,0.9303928540277012,0.00709910345793224,0.6770186335403587,179.78125,0.38965599333412687,0.4279054080863389,normal_flow,2356000.csv
2356000,2022-06-05,daytime,6,0.9812015855491824,5.267490833209262e-4,1.6632653061224822,165.03125,0.42131889060826094,0.4297424909732968,normal_flow,2356000.csv
2356000,2022-06-05,nighttime,6,0.990867388613724,1.247260352416063e-4,1.5272727272726752,165.03125,0.42131889060826094,0.4297424909732968,normal_flow,2356000.csv
2356000,2022-06-06,daytime,6,0.9385291364990204,0.00555186162581727,1.4330143540670173,155.21875,0.44566123080585646,0.44543109947228504,normal_flow,2356000.csv
2356000,2022-06-06,nighttime,6,0.9949915569497624,3.7563935531887e-5,1.3560975609756023,155.21875,0.44566123080585646,0.44543109947228504,normal_flow,2356000.csv
2356000,2022-06-07,daytime,6,0.9805932884075754,5.612761999739574e-4,0.8266832917705814,149.03125,0.4644685156528985,0.46983295639408007,normal_flow,2356000.csv
2356000,2022-06-07,nighttime,6,0.9245258345625392,0.00832956085484222,1.6624605678234,149.03125,0.4644685156528985,0.46983295639408007,normal_flow,2356000.csv
2356000,2022-06-08,daytime,6,0.9934173722313624,6.485386662711015e-5,1.1875000000000069,143.15625,0.48613260326151647,0.4993016704360592,normal_flow,2356000.csv
2356000,2022-06-08,nighttime,6,0.9822416247175524,4.702396993468152e-4,1.556338028168896,143.15625,0.48613260326151647,0.4993016704360592,normal_flow,2356000.csv
2356000,2022-06-09,daytime,6,0.9938944375096492,5.580303873177001e-5,1.0364077669903604,135.0625,0.518569217950244,0.5286632543744793,normal_flow,2356000.csv
2356000,2022-06-09,nighttime,6,0.9744069680001396,9.741231703773994e-4,1.529032258064473,135.0625,0.518569217950244,0.5286632543744793,normal_flow,2356000.csv
2356000,2022-06-10,daytime,6,0.9775881905793004,7.478051973354792e-4,1.2105263157895034,126.84375,0.5557076538507321,0.555866365115264,normal_flow,2356000.csv
2356000,2022-06-10,nighttime,6,0.971638480216897,0.00119515704646613,1.0699588477366004,126.84375,0.5557076538507321,0.555866365115264,normal_flow,2356000.csv
2356000,2022-06-11,daytime,6,0.992555950643698,8.291455443389078e-5,1.0756207674943663,119.8125,0.596059992857993,0.5809467126929334,normal_flow,2356000.csv
2356000,2022-06-11,nighttime,6,0.9739443318130608,0.00100950219851507,1.0139860139859964,119.8125,0.596059992857993,0.5809467126929334,normal_flow,2356000.csv
2356000,2022-06-12,daytime,6,0.9765460600017198,8.186800948834605e-4,1.0545567265964118,113.25,0.6377812165218426,0.6040709439352459,normal_flow,2356000.csv
2356000,2022-06-12,nighttime,6,0.940147442428524,0.00526628720595267,1.6974358974357395,113.25,0.6377812165218426,0.6040709439352459,normal_flow,2356000.csv
2356000,2022-06-13,daytime,6,0.9912433801970773,1.1468186380361008e-4,1.25631603123563,108.5625,0.6626592072372337,0.6261675197397135,normal_flow,2356000.csv
2356000,2022-06-13,nighttime,6,0.8161854058377801,0.04757636170619532,1.839622641509307,108.5625,0.6626592072372337,0.6261675197397135,normal_flow,2356000.csv
2356000,2022-06-14,daytime,6,0.991496868218577,1.0814747310649034e-4,1.0511811023622148,105.21875,0.6795619569098916,0.6483037733603143,normal_flow,2356000.csv
2356000,2022-06-14,nighttime,6,0.9587240443462518,0.00252039575668848,1.5153583617746798,105.21875,0.6795619569098916,0.6483037733603143,normal_flow,2356000.csv
2356000,2022-06-15,daytime,6,0.9905595074282244,1.3326366795892347e-4,0.8348056537102602,100.84375,0.6997381264135222,0.6708804507399913,normal_flow,2356000.csv
2356000,2022-06-15,nighttime,6,0.9469168742847572,0.00415193805372619,1.0983981693362712,100.84375,0.6997381264135222,0.6708804507399913,normal_flow,2356000.csv
2356000,2022-06-16,daytime,6,0.9950936041067924,3.605002584243448e-5,0.9256017505470486,97.6875,0.7124151886680157,0.6936713883267865,normal_flow,2356000.csv
2356000,2022-06-16,nighttime,6,0.9556755574783684,0.00290344316176675,1.5395894428152272,97.6875,0.7124151886680157,0.6936713883267865,normal_flow,2356000.csv
2356000,2022-06-17,daytime,6,0.9952093857760034,3.4370004703302266e-5,1.1824561403508838,95.9375,0.7185454112605643,0.7158155775106139,normal_flow,2356000.csv
2356000,2022-06-17,nighttime,6,0.993283272943726,6.752012289211741e-5,1.344827586206876,95.9375,0.7185454112605643,0.7158155775106139,normal_flow,2356000.csv
2356000,2022-06-18,daytime,6,0.9985331615237756,3.2258446370805305e-6,1.4610244988864145,94.15625,0.7259254850613023,0.7366583343252787,normal_flow,2356000.csv
2356000,2022-06-18,nighttime,6,0.9933339190326176,6.650684409058972e-5,1.704545454545402,94.15625,0.7259254850613023,0.7366583343252787,normal_flow,2356000.csv
2356000,2022-06-19,daytime,6,0.9945499667841772,4.4473352287957547e-5,1.2761904761905156,91.625,0.7365194619688132,0.7556997182875055,low_flow,2356000.csv
2356000,2022-06-19,nighttime,6,0.9909216964239624,1.2324929682892374e-4,1.8116438356163944,91.625,0.7365194619688132,0.7556997182875055,low_flow,2356000.csv
2356000,2022-06-20,daytime,6,0.9993591834516864,6.158371985612514e-7,1.393170731707327,87.625,0.7527675276752768,0.7725746934888704,low_flow,2356000.csv
2356000,2022-06-20,nighttime,6,0.9613733905579388,0.00220920669597161,0.9613733905579324,87.625,0.7527675276752768,0.7725746934888704,low_flow,2356000.csv
2356000,2022-06-21,daytime,6,0.9982744119726924,4.463911957900528e-6,1.0863509749303832,81.96875,0.7777050351148673,0.7883823354362576,low_flow,2356000.csv
2356000,2022-06-21,nighttime,6,0.9928917651422388,7.561092528838223e-5,0.45749178017848474,81.96875,0.7777050351148673,0.7883823354362576,low_flow,2356000.csv
2356000,2022-06-22,daytime,6,0.9979733529025556,6.156785664120248e-6,0.7624228168185986,76.09375,0.8031186763480538,0.80357100345197,low_flow,2356000.csv
2356000,2022-06-22,nighttime,6,0.9785381735599156,6.859722253410211e-4,0.5869262865090376,76.09375,0.8031186763480538,0.80357100345197,low_flow,2356000.csv
2356000,2022-06-23,daytime,6,0.9986957331613882,2.5505586274776132e-6,0.6776546879221927,70.15625,0.8279966670634449,0.817497916914653,low_flow,2356000.csv
2356000,2022-06-23,nighttime,6,0.9967346311994664,1.5976541390024832e-5,0.7519379844961233,70.15625,0.8279966670634449,0.817497916914653,low_flow,2356000.csv
2356000,2022-06-24,daytime,6,0.9784135847702924,6.939306368916417e-4,0.8682310469314233,64.34375,0.8507320557076539,0.8295004562948856,low_flow,2356000.csv
2356000,2022-06-24,nighttime,6,0.953511134554886,0.00319158570795104,0.724070450097846,64.34375,0.8507320557076539,0.8295004562948856,low_flow,2356000.csv
2356000,2022-06-25,daytime,6,0.7163503994113789,0.10927483231085122,0.5131578947368522,59.625,0.8683490060707059,0.8383962226719042,low_flow,2356000.csv
2356000,2022-06-25,nighttime,6,0.996153846153846,2.2160901228950837e-05,0.8633333333333162,59.625,0.8683490060707059,0.8383962226719042,low_flow,2356000.csv
2356000,2022-06-26,daytime,6,0.9928962050059577,7.551661236419071e-5,0.9151193633952251,56.25,0.8816807522913939,0.8436495655279134,low_flow,2356000.csv
2356000,2022-06-26,nighttime,6,0.96738883212425,0.0015778916080735,0.771486349848323,56.25,0.8816807522913939,0.8436495655279134,low_flow,2356000.csv
2356000,2022-06-27,daytime,6,0.9829711941028382,4.325013368970651e-4,1.1884892086330936,53.46875,0.8909058445423164,0.8440463436892434,low_flow,2356000.csv
2356000,2022-06-27,nighttime,6,0.9823353335342682,4.65304616858231e-4,0.7102272727272471,53.46875,0.8909058445423164,0.8440463436892434,low_flow,2356000.csv
2356000,2022-06-28,daytime,6,0.923606098756224,0.0085311237418975,1.020408163265332,50.84375,0.8997738364480419,0.8395905249375074,low_flow,2356000.csv
2356000,2022-06-28,nighttime,6,0.977852997593764,7.303031349171296e-4,0.7357142857142692,50.84375,0.8997738364480419,0.8395905249375074,low_flow,2356000.csv
2356000,2022-06-30,daytime,6,0.999114754555817,1.1751423791706867e-6,0.9117647058823808,48.265625,0.9086418283537674,0.8200571360552316,low_flow,2356000.csv
2356000,2022-06-30,nighttime,6,0.9846093007722786,3.534876087361583e-4,1.1028667790893594,48.265625,0.9086418283537674,0.8200571360552316,low_flow,2356000.csv
2356000,2022-07-01,daytime,6,0.986295131570665,2.804480803776978e-4,0.9889325240985424,53.046875,0.8924532793715034,0.8094353846764274,low_flow,2356000.csv
2356000,2022-07-01,nighttime,6,0.994770675327714,4.094725466344591e-5,1.2779291553133107,53.046875,0.8924532793715034,0.8094353846764274,low_flow,2356000.csv
2356000,2022-07-02,daytime,6,0.9882070874031156,2.0778914466272716e-4,0.9388950729392476,64.015625,0.8519819069158433,0.7988255366424631,low_flow,2356000.csv
2356000,2022-07-02,nighttime,6,0.9792615422062056,6.406658118759493e-4,1.1702479338842744,64.015625,0.8519819069158433,0.7988255366424631,low_flow,2356000.csv
2356000,2022-07-03,daytime,6,0.9950081450878728,3.7315728139090985e-5,1.1923076923077205,75.75,0.8047256279014403,0.7876959092171567,low_flow,2356000.csv
2356000,2022-07-03,nighttime,6,0.9942530997593196,4.9445392522825954e-5,0.8354271356783688,75.75,0.8047256279014403,0.7876959092171567,low_flow,2356000.csv
2356000,2022-07-04,daytime,6,0.996735194889712,1.5971028911099236e-5,1.0844155844155867,90.203125,0.7424711343887632,0.7744911320080943,low_flow,2356000.csv
2356000,2022-07-04,nighttime,6,0.9698920438354546,0.00134608727070405,1.1812080536912666,90.203125,0.7424711343887632,0.7744911320080943,low_flow,2356000.csv
2356000,2022-07-05,daytime,6,0.989440581495077,1.666632841967239e-4,0.6510676965015881,103.953125,0.6859302463992382,0.7513589652025553,low_flow,2356000.csv
2356000,2022-07-05,nighttime,6,0.9801005565916324,5.900418030587611e-4,1.0530035335688968,103.953125,0.6859302463992382,0.7513589652025553,low_flow,2356000.csv
2356000,2022-07-06,daytime,6,0.9644189488785276,0.00187649379376889,0.56489361702129115,111.984375,0.6443875729079871,0.7167321350632861,normal_flow,2356000.csv
2356000,2022-07-06,nighttime,6,0.8914003559538173,0.01705041829957336,1.6800000000000233,111.984375,0.6443875729079871,0.7167321350632861,normal_flow,2356000.csv
2356000,2022-07-07,daytime,6,0.9940249285570532,5.3445558679408326e-5,1.2118150019432647,112.171875,0.6434353053207952,0.6755664008252986,normal_flow,2356000.csv
2356000,2022-07-07,nighttime,6,-0.8202425192861246,0.04556489837312341,-1.3896103896103873,112.171875,0.6434353053207952,0.6755664008252986,normal_flow,2356000.csv
2356000,2022-07-08,daytime,6,0.995640815769455,2.8462313062573637e-5,1.2482352941176733,107.359375,0.6686703963813831,0.6329008451374836,normal_flow,2356000.csv
2356000,2022-07-08,nighttime,6,0.984165290662544,3.7412184787087626e-4,2.556109725685731,107.359375,0.6686703963813831,0.6329008451374836,normal_flow,2356000.csv
2356000,2022-07-09,daytime,6,0.9914837478224336,1.0848099952826948e-4,1.2001803426510635,102.65625,0.6915843351981907,0.5915049795659246,normal_flow,2356000.csv
2356000,2022-07-09,nighttime,6,0.98426791100785,3.6930110089584446e-4,1.2269230769230464,102.65625,0.6915843351981907,0.5915049795659246,normal_flow,2356000.csv
2356000,2022-07-10,daytime,6,0.9816103216294192,5.041608926565443e-4,0.9050000000000248,100.40625,0.7014045946911082,0.5530016267904615,normal_flow,2356000.csv
2356000,2022-07-10,nighttime,6,0.9346454471887816,0.00626725460250506,0.8365019011406848,100.40625,0.7014045946911082,0.5530016267904615,normal_flow,2356000.csv
2356000,2022-07-11,daytime,6,-0.9938726477676382,5.620164404854018e-5,-0.5064267352185318,104.375,0.6836090941554577,0.5183232154902194,normal_flow,2356000.csv
2356000,2022-07-11,nighttime,6,0.9280655958468874,0.0075757233600375,0.5432098765432013,104.375,0.6836090941554577,0.5183232154902194,normal_flow,2356000.csv
2356000,2022-07-12,daytime,6,0.9756156783416068,8.846433145014406e-4,0.367132867132884,129.25,0.543923342459231,0.4891917628853708,normal_flow,2356000.csv
2356000,2022-07-12,nighttime,6,NA,NA,-0,129.25,0.543923342459231,0.4891917628853708,normal_flow,2356000.csv
2356000,2022-07-13,daytime,6,0.58109759817491,0.2264644995457701,0.20465116279070036,184.3125,0.38037138435900486,0.46589294925207314,normal_flow,2356000.csv
2356000,2022-07-13,nighttime,6,NA,NA,-0,184.3125,0.38037138435900486,0.46589294925207314,normal_flow,2356000.csv
2356000,2022-07-14,daytime,6,0.764146912755972,0.07688015618417027,0.2567432567432569,231.375,0.2899059635757648,0.4472205689798833,normal_flow,2356000.csv
2356000,2022-07-14,nighttime,6,0.8477912478906605,0.03298810787471677,0.4999999999999984,231.375,0.2899059635757648,0.4472205689798833,normal_flow,2356000.csv
2356000,2022-07-15,daytime,6,0.937835391983918,0.00567654208272954,0.6367187500000099,243.796875,0.26865849303654327,0.42915922707614174,normal_flow,2356000.csv
2356000,2022-07-15,nighttime,6,NA,NA,1.0183584347653172e-14,243.796875,0.26865849303654327,0.42915922707614174,normal_flow,2356000.csv
2356000,2022-07-16,daytime,6,0.9726474189599872,0.00111201343035089,0.2961409395973097,242.09375,0.2715152957981193,0.4089354441931516,normal_flow,2356000.csv
2356000,2022-07-16,nighttime,6,0.7744030926623661,0.07060018639246751,0.45977011494247066,242.09375,0.2715152957981193,0.4089354441931516,normal_flow,2356000.csv
2356000,2022-07-17,daytime,6,0.9616031014050848,0.00218317803982009,0.3060789193032345,240.25,0.27443161528389476,0.3869737729635361,normal_flow,2356000.csv
2356000,2022-07-17,nighttime,6,NA,NA,1.7226466603600498e-14,240.25,0.27443161528389476,0.3869737729635361,normal_flow,2356000.csv
2356000,2022-07-18,daytime,6,0.7207522601492886,0.10608117864796296,0.16891191709843809,234.71875,0.28454945839780976,0.36421457762964726,normal_flow,2356000.csv
2356000,2022-07-18,nighttime,6,0.581318358976182,0.2262452187420479,0.08045977011494714,234.71875,0.28454945839780976,0.36421457762964726,normal_flow,2356000.csv
2356000,2022-07-19,daytime,6,0.967855557325691,0.00153329092535143,0.38353765323993216,221.5,0.3054993453160338,0.34276078244653413,normal_flow,2356000.csv
2356000,2022-07-19,nighttime,6,0.9424212936563168,0.00487751558000927,0.6315789473684337,221.5,0.3054993453160338,0.34276078244653413,normal_flow,2356000.csv
2356000,2022-07-20,daytime,6,0.790569415042099,0.06119881963751002,1.0000000000002525,204.140625,0.33644804189977384,0.33142086259572273,normal_flow,2356000.csv
2356000,2022-07-20,nighttime,6,0.956813961931198,0.00275727911396127,0.4577464788732077,204.140625,0.33644804189977384,0.33142086259572273,normal_flow,2356000.csv
2356000,2022-07-21,daytime,6,0.9821473534858296,4.7523051048140274e-4,0.4065420560747607,190.65625,0.3643018688251399,0.33235329127484825,normal_flow,2356000.csv
2356000,2022-07-21,nighttime,6,0.8507797961939683,0.03173868537603353,0.16344463971881468,190.65625,0.3643018688251399,0.33235329127484825,normal_flow,2356000.csv
2356000,2022-07-22,daytime,6,0.7354355067681948,0.09573254396170527,0.7692307692306763,187.546875,0.3725151767646709,0.34108637860572155,normal_flow,2356000.csv
2356000,2022-07-22,nighttime,6,0.8153841289567106,0.04797839656373602,0.4046920821114446,187.546875,0.3725151767646709,0.34108637860572155,normal_flow,2356000.csv
2356000,2022-07-23,daytime,6,0.986729163211384,2.630040661708884e-4,0.6426756985605573,190.28125,0.36531365313653136,0.3533706304804984,normal_flow,2356000.csv
2356000,2022-07-23,nighttime,6,0.6683665553991613,0.146734466282123,0.19009100101112753,190.28125,0.36531365313653136,0.3533706304804984,normal_flow,2356000.csv
2356000,2022-07-24,daytime,6,0.98185171328732,4.910518032341382e-4,0.4057377049180346,191.453125,0.3621592667539579,0.36831726381779945,normal_flow,2356000.csv
2356000,2022-07-24,nighttime,6,0.8255449749378291,0.04299710305940692,0.2964824120603063,191.453125,0.3621592667539579,0.36831726381779945,normal_flow,2356000.csv
2356000,2022-07-25,daytime,6,0.9906135010620932,1.3174603832885772e-4,0.218764514630746,192.53125,0.3600166646827759,0.3861484743879697,normal_flow,2356000.csv
2356000,2022-07-25,nighttime,6,0.6622661785325213,0.15183454328291088,0.4166666666667159,192.53125,0.3600166646827759,0.3861484743879697,normal_flow,2356000.csv
2356000,2022-07-26,daytime,6,0.9890639321781688,1.787424054856948e-4,0.6197274497079979,191.625,0.3618021664087608,0.4061302225925485,normal_flow,2356000.csv
2356000,2022-07-26,nighttime,6,0.7842047517258111,0.06482685153251008,0.34232715008430653,191.625,0.3618021664087608,0.4061302225925485,normal_flow,2356000.csv
2356000,2022-07-27,daytime,6,0.981293705806286,5.216152595563918e-4,0.943837753510216,187.09375,0.3738245446970599,0.4261794230845534,normal_flow,2356000.csv
2356000,2022-07-27,nighttime,6,0.9074093444856765,0.01246265302281296,0.3179433368310632,187.09375,0.3738245446970599,0.4261794230845534,normal_flow,2356000.csv
2356000,2022-07-28,daytime,6,0.9971387178562292,1.2268690693205024e-5,0.5909810126582382,177.484375,0.3943578145458874,0.4449351267706226,normal_flow,2356000.csv
2356000,2022-07-28,nighttime,6,0.9416882556729854,0.00500125175761248,0.5742935278031034,177.484375,0.3943578145458874,0.4449351267706226,normal_flow,2356000.csv
2356000,2022-07-29,daytime,6,0.990819014684015,1.2604880217671405e-4,0.7000000000000182,165.296875,0.4209022735388645,0.4635003769392533,normal_flow,2356000.csv
2356000,2022-07-29,nighttime,6,0.9783007556069118,7.01177188039482e-4,0.8322368421052851,165.296875,0.4209022735388645,0.4635003769392533,normal_flow,2356000.csv
2356000,2022-07-30,daytime,6,0.9981671158223892,5.0361178582244385e-6,0.7885906040268524,152.71875,0.45292227115819544,0.4838392254890291,normal_flow,2356000.csv
2356000,2022-07-30,nighttime,6,0.9360380926810205,0.00600585028398142,0.763975155279495,152.71875,0.45292227115819544,0.4838392254890291,normal_flow,2356000.csv
2356000,2022-07-31,daytime,6,0.9899731647622516,1.5030210123015173e-4,0.8546195652173977,140.5625,0.495714795857636,0.5063405150180534,normal_flow,2356000.csv
2356000,2022-07-31,nighttime,6,0.962866791632032,0.00204271171616487,0.9012567324955107,140.5625,0.495714795857636,0.5063405150180534,normal_flow,2356000.csv
2356000,2022-08-01,daytime,6,0.9935343098557708,6.257257399170834e-5,0.6616008105369972,129.734375,0.541899773836448,0.5295520374558584,normal_flow,2356000.csv
2356000,2022-08-01,nighttime,6,0.9683296637314884,0.00148863246389366,0.518181818181818,129.734375,0.541899773836448,0.5295520374558584,normal_flow,2356000.csv
2356000,2022-08-02,daytime,6,0.978283720810907,7.022745090386269e-4,0.6796116504854385,121.8125,0.5842756814664921,0.5528865611236757,normal_flow,2356000.csv
2356000,2022-08-02,nighttime,6,0.9015838215384424,0.01405199931044329,0.3205257836198211,121.8125,0.5842756814664921,0.5528865611236757,normal_flow,2356000.csv
2356000,2022-08-03,daytime,6,0.9621486393649942,0.0021219729480498,0.7352941176470803,118.359375,0.6062373526961076,0.5763599571479586,normal_flow,2356000.csv
2356000,2022-08-03,nighttime,6,0.9365972216566872,0.0059024316481663,0.3334864492420699,118.359375,0.6062373526961076,0.5763599571479586,normal_flow,2356000.csv
2356000,2022-08-04,daytime,6,0.9753976193637371,9.004700702494385e-4,0.6725417439703301,116.515625,0.6177835971908107,0.5987898266079436,normal_flow,2356000.csv
2356000,2022-08-04,nighttime,6,0.993679681563032,5.9793400653349807e-5,0.6632911392405073,116.515625,0.6177835971908107,0.5987898266079436,normal_flow,2356000.csv
2356000,2022-08-05,daytime,6,0.9875959833467416,2.2983520500044553e-4,0.918992511912876,112.265625,0.6427806213546007,0.6180732452485815,normal_flow,2356000.csv
2356000,2022-08-05,nighttime,6,0.984517889938959,3.5768810006173846e-4,1.6386554621847955,112.265625,0.6427806213546007,0.6180732452485815,normal_flow,2356000.csv
2356000,2022-08-06,daytime,6,-0.4758028978417576,0.3401537810439981,-0.36363636363637025,105.59375,0.6775979050113082,0.6300916557552673,normal_flow,2356000.csv
2356000,2022-08-06,nighttime,6,0.915067818484528,0.01051388508203095,3.410256410256516,105.59375,0.6775979050113082,0.6300916557552673,normal_flow,2356000.csv
2356000,2022-08-07,daytime,6,0.8510281587812606,0.03163587726660031,0.9375000000000012,100.03125,0.7028329960718962,0.6338531127246756,normal_flow,2356000.csv
2356000,2022-08-07,nighttime,6,0.10337805812048902,0.8454853146565515,0.35000000000008746,100.03125,0.7028329960718962,0.6338531127246756,normal_flow,2356000.csv
2356000,2022-08-08,daytime,6,0.8239877829938634,0.04374399511274552,0.7249999999999931,98.078125,0.7103321033210332,0.6316271872396143,normal_flow,2356000.csv
2356000,2022-08-08,nighttime,6,0.946375624240942,0.00423626009167274,0.9795918367346744,98.078125,0.7103321033210332,0.6316271872396143,normal_flow,2356000.csv
2356000,2022-08-09,daytime,6,0.9719434055484284,0.0011697160486411,0.7014742014741945,98.171875,0.7100345197000357,0.6252152521525215,normal_flow,2356000.csv
2356000,2022-08-09,nighttime,6,0.930757841991034,0.00702572472079485,0.4090909090909064,98.171875,0.7100345197000357,0.6252152521525215,normal_flow,2356000.csv
2356000,2022-08-10,daytime,6,0.9678173238938884,0.00153692076669245,0.6771428571428779,97.140625,0.7139031067730032,0.6166607149942467,normal_flow,2356000.csv
2356000,2022-08-10,nighttime,6,0.6902925172696698,0.12902471387732015,0.12828947368421675,97.140625,0.7139031067730032,0.6166607149942467,normal_flow,2356000.csv
2356000,2022-08-11,daytime,6,0.9791774131463902,6.458560550267299e-4,0.9820051413881832,98.09375,0.7102725865968337,0.6090782843312305,normal_flow,2356000.csv
2356000,2022-08-11,nighttime,6,0.9919774657745511,9.62834137128841e-5,0.4871382636655911,98.09375,0.7102725865968337,0.6090782843312305,normal_flow,2356000.csv
2356000,2022-08-12,daytime,6,0.9975768456994204,8.800401157225065e-6,1.2137931034482925,104.375,0.6836090941554577,0.6035035511645439,normal_flow,2356000.csv
2356000,2022-08-12,nighttime,6,0.9799366622741306,5.997681579408511e-4,0.8137931034482458,104.375,0.6836090941554577,0.6035035511645439,normal_flow,2356000.csv
2356000,2022-08-13,daytime,6,0.9934384833332992,6.44390033190104e-5,1.1575585521646603,119.015625,0.6011784311391501,0.5976748799746062,normal_flow,2356000.csv
2356000,2022-08-13,nighttime,6,0.9615021899357078,0.00219459362589082,2.472222222221932,119.015625,0.6011784311391501,0.5976748799746062,normal_flow,2356000.csv
2356000,2022-08-14,daytime,6,0.9992840400830192,7.687144040582861e-7,1.053691275167821,137.15625,0.5093441256993215,0.589604412173154,normal_flow,2356000.csv
2356000,2022-08-14,nighttime,6,0.8950622121597791,0.01594012469933098,1.9999999999998912,137.15625,0.5093441256993215,0.589604412173154,normal_flow,2356000.csv
2356000,2022-08-15,daytime,6,0.9948836651791582,3.919835815200225e-5,0.5323017408123725,149.671875,0.4623259135817165,0.5787485616791652,normal_flow,2356000.csv
2356000,2022-08-15,nighttime,6,0.9720028343615535,0.00116478925855169,1.1746031746030792,149.671875,0.4623259135817165,0.5787485616791652,normal_flow,2356000.csv
2356000,2022-08-16,daytime,6,0.9827785399247306,4.42314271676404e-4,0.482926829268298,155.171875,0.445720747530056,0.563575764789906,normal_flow,2356000.csv
2356000,2022-08-16,nighttime,6,0.983367220878693,4.126732882533443e-4,0.6558441558441166,155.171875,0.445720747530056,0.563575764789906,normal_flow,2356000.csv
2356000,2022-08-17,daytime,6,0.9870475801648004,2.5056128686104013e-4,0.4441176470588229,151.734375,0.4559576240923699,0.5445423163909059,normal_flow,2356000.csv
2356000,2022-08-17,nighttime,6,0.9031435117216848,0.01361745493991108,0.4285714285714149,151.734375,0.4559576240923699,0.5445423163909059,normal_flow,2356000.csv
2356000,2022-08-18,daytime,6,-0.8757810692193524,0.02218714380655163,-1.442857142857039,141.28125,0.492500892750863,0.5233662659207238,normal_flow,2356000.csv
2356000,2022-08-18,nighttime,6,0.9312427797057548,0.00692880623181516,0.4713114754098372,141.28125,0.492500892750863,0.5233662659207238,normal_flow,2356000.csv
2356000,2022-08-19,daytime,6,0.9817348250668856,4.973781400860489e-4,0.630039525691702,131.515625,0.534162599690513,0.5022179899218348,normal_flow,2356000.csv
2356000,2022-08-19,nighttime,6,0.7970533969860832,0.05760157179880583,0.30000000000000665,131.515625,0.534162599690513,0.5022179899218348,normal_flow,2356000.csv
2356000,2022-08-20,daytime,6,0.9923847682324576,8.676682198309685e-5,0.45985748218527583,126.90625,0.5553505535055351,0.4834860929254454,normal_flow,2356000.csv
2356000,2022-08-20,nighttime,6,0.8445862110294835,0.03435327943885352,0.3057110862262067,126.90625,0.5553505535055351,0.4834860929254454,normal_flow,2356000.csv
2356000,2022-08-21,daytime,6,0.9387266398268806,0.00551661389292816,0.7215686274509987,126.703125,0.5565408879895251,0.47024163790025,normal_flow,2356000.csv
2356000,2022-08-21,nighttime,6,0.8575365629190409,0.02899803944281612,1.416666666666719,126.703125,0.5565408879895251,0.47024163790025,normal_flow,2356000.csv
2356000,2022-08-22,daytime,6,0.9886819851140474,1.914212869529766e-4,0.6115591397849587,130.140625,0.539995238662064,0.4619172320755466,normal_flow,2356000.csv
2356000,2022-08-22,nighttime,6,0.8153084551415777,0.04801644654117121,0.4819277108433312,130.140625,0.539995238662064,0.4619172320755466,normal_flow,2356000.csv
2356000,2022-08-23,daytime,6,0.8896411266493093,0.01759658656606249,0.5793226381461837,143.9375,0.482740149982145,0.45518787445938974,normal_flow,2356000.csv
2356000,2022-08-23,nighttime,6,0.7311261550139351,0.09872084891009672,0.5090909090909086,143.9375,0.482740149982145,0.45518787445938974,normal_flow,2356000.csv
2356000,2022-08-24,daytime,6,0.9879463592097976,2.1705974616897337e-4,0.9574468085106588,163.4375,0.42453279371503394,0.44971630361464904,normal_flow,2356000.csv
2356000,2022-08-24,nighttime,6,0.8984394226804705,0.01494805042786947,0.6981132075471373,163.4375,0.42453279371503394,0.44971630361464904,normal_flow,2356000.csv
2356000,2022-08-25,daytime,6,0.924823847330888,0.00826475361346751,1.475247524752508,176.578125,0.3962623497202714,0.4454469705987382,normal_flow,2356000.csv
2356000,2022-08-25,nighttime,6,0.8792778430859689,0.02098106610540508,0.7045454545454285,176.578125,0.3962623497202714,0.4454469705987382,normal_flow,2356000.csv
2356000,2022-08-26,daytime,6,0.9770151896937612,7.863808022843488e-4,0.3142580019398599,178.1875,0.3930484466134984,0.4405626314327659,normal_flow,2356000.csv
2356000,2022-08-26,nighttime,6,NA,NA,NA,178.1875,0.3930484466134984,0.4405626314327659,normal_flow,2356000.csv
2356000,2022-08-27,daytime,6,0.9130249836276344,0.01101801227962835,0.24813278008298847,173.875,0.4026306392096179,0.4341030829663136,normal_flow,2356000.csv
2356000,2022-08-27,nighttime,6,0.849207775608452,0.03239306336921949,0.19230769230769976,173.875,0.4026306392096179,0.4341030829663136,normal_flow,2356000.csv
2356000,2022-08-28,daytime,6,0.985924980348736,2.957650930997215e-4,0.9242424242424404,173.90625,0.4025116057612189,0.4271912073959449,normal_flow,2356000.csv
2356000,2022-08-28,nighttime,6,-0.2836486738130582,0.5859376889925478,-0.0757238307349543,173.90625,0.4025116057612189,0.4271912073959449,normal_flow,2356000.csv
2356000,2022-08-29,daytime,6,0.8225472111368973,0.0444402893008724,0.1116584564860404,182.296875,0.3844780383287704,0.4213466650795541,normal_flow,2356000.csv
2356000,2022-08-29,nighttime,6,0.8376105968386087,0.03741434726703266,0.22115384615383557,182.296875,0.3844780383287704,0.4213466650795541,normal_flow,2356000.csv
2356000,2022-08-30,daytime,6,0.97832266566355,6.997670722366598e-4,0.1834319526627193,191.953125,0.36138554933936434,0.4171051065349363,normal_flow,2356000.csv
2356000,2022-08-30,nighttime,6,NA,NA,1.5004027095293182e-14,191.953125,0.36138554933936434,0.4171051065349363,normal_flow,2356000.csv
2356000,2022-08-31,daytime,6,0.9155792140535072,0.010389475704362921,0.22405782137325575,190.9375,0.36364718485894537,0.4157401896599611,normal_flow,2356000.csv
2356000,2022-08-31,nighttime,6,0.8426548012644136,0.03518852955900391,0.4630872483221794,190.9375,0.36364718485894537,0.4157401896599611,normal_flow,2356000.csv
2356000,2022-09-01,daytime,6,0.9913944236406648,1.1076526967199508e-4,0.23437500000000436,178.65625,0.3919176288537079,0.4160893544419315,normal_flow,2356000.csv
2356000,2022-09-01,nighttime,6,0.9054415103807112,0.0129892236507059,0.40311804008908125,178.65625,0.3919176288537079,0.4160893544419315,normal_flow,2356000.csv
2356000,2022-09-02,daytime,6,0.8259139616881614,0.0428210018263778,0.1982049364248274,166.03125,0.4192358052612784,0.4160814188787049,normal_flow,2356000.csv
2356000,2022-09-02,nighttime,6,0.8479596765085913,0.03291708812938292,0.4670658682634747,166.03125,0.4192358052612784,0.4160814188787049,normal_flow,2356000.csv
2356000,2022-09-03,daytime,6,0.9723448696087948,0.00113663394732834,0.29545454545454447,158.125,0.43726937269372695,0.4160179343728921,normal_flow,2356000.csv
2356000,2022-09-03,nighttime,6,NA,NA,2.7881269767359604e-14,158.125,0.43726937269372695,0.4160179343728921,normal_flow,2356000.csv
2356000,2022-09-04,daytime,6,0.9640613511489984,0.00191417078534847,0.9620253164557668,153.046875,0.4516724199500059,0.41577986747609413,normal_flow,2356000.csv
2356000,2022-09-04,nighttime,6,0.4455323354299883,0.37592037217255386,0.17692307692308645,153.046875,0.4516724199500059,0.41577986747609413,normal_flow,2356000.csv
2356000,2022-09-05,daytime,6,0.946583804238488,0.00420372900665714,0.5051546391752643,147.7421875,0.46887275324366146,0.4152521525215252,normal_flow,2356000.csv
2356000,2022-09-05,nighttime,6,0.5096471914376212,0.30171715978351765,0.2500000000000385,147.7421875,0.46887275324366146,0.4152521525215252,normal_flow,2356000.csv
2356000,2022-09-06,daytime,6,0.9690126384542548,0.00142544757425545,0.3355155482815033,145.5390625,0.4763718604927985,0.41514502241796614,normal_flow,2356000.csv
2356000,2022-09-06,nighttime,6,NA,NA,9.956905852708858e-15,145.5390625,0.4763718604927985,0.41514502241796614,normal_flow,2356000.csv
2356000,2022-09-07,daytime,6,0.8751641591817327,0.02240326065944497,0.339285714285721,149.6796875,0.46226639685751697,0.41621632345355714,normal_flow,2356000.csv
2356000,2022-09-07,nighttime,6,0.7462109096595901,0.08844021519182814,0.4416243654822142,149.6796875,0.46226639685751697,0.41621632345355714,normal_flow,2356000.csv
2356000,2022-09-08,daytime,6,0.974116220133458,9.962844114919742e-4,0.6423841059602836,161.234375,0.4297702654445899,0.41784708169662343,normal_flow,2356000.csv
2356000,2022-09-08,nighttime,6,NA,NA,1.282449473828876e-14,161.234375,0.4297702654445899,0.41784708169662343,normal_flow,2356000.csv
2356000,2022-09-09,daytime,6,0.14500369764143595,0.7840188826551866,0.08620689655168472,176.6015625,0.3961433162718724,0.4189739316748006,normal_flow,2356000.csv
2356000,2022-09-09,nighttime,6,0.9649878498652732,0.00181731615196115,0.5406976744185811,176.6015625,0.3961433162718724,0.4189739316748006,normal_flow,2356000.csv
2356000,2022-09-10,daytime,6,-0.20180183819888375,0.7014063299048187,-0.07692307692296085,178.5546875,0.3920961790263064,0.4200412649287783,normal_flow,2356000.csv
2356000,2022-09-10,nighttime,6,-0.6405126152203509,0.17061828029159778,-0.20512820512816568,178.5546875,0.3920961790263064,0.4200412649287783,normal_flow,2356000.csv
2356000,2022-09-11,daytime,6,0.8744746321952006,0.0226459993112421,0.33333333333332554,175.3828125,0.3990596357576479,0.4227472919890489,normal_flow,2356000.csv
2356000,2022-09-11,nighttime,6,0.885714285714286,0.01884548104956258,0.31632653061224947,175.3828125,0.3990596357576479,0.4227472919890489,normal_flow,2356000.csv
2356000,2022-09-12,daytime,6,0.9129238295497564,0.01104327213183919,0.2113159022717533,177.28125,0.39459588144268537,0.42814744276475025,normal_flow,2356000.csv
2356000,2022-09-12,nighttime,6,0.9081736285829278,0.01226097996227506,0.2701863354037189,177.28125,0.39459588144268537,0.42814744276475025,normal_flow,2356000.csv
2356000,2022-09-13,daytime,6,0.8298561086178164,0.04096067268939501,0.15271565495206868,183.1484375,0.3828710867753839,0.4365670753481729,normal_flow,2356000.csv
2356000,2022-09-13,nighttime,6,NA,NA,2.2313681321199272e-14,183.1484375,0.3828710867753839,0.4365670753481729,normal_flow,2356000.csv
2356000,2022-09-14,daytime,6,0.9268642820476356,0.00782765448098934,0.26109215017064485,185.4296875,0.3774550648732294,0.448775939372297,normal_flow,2356000.csv
2356000,2022-09-14,nighttime,6,0.03545148386769418,0.9468450520475586,0.0087976539589668,185.4296875,0.3774550648732294,0.448775939372297,normal_flow,2356000.csv
2356000,2022-09-15,daytime,6,0.9956744318588412,2.802534275840244e-5,0.44306930693068614,180.2421875,0.3881085585049399,0.46490100384874816,normal_flow,2356000.csv
2356000,2022-09-15,nighttime,6,NA,NA,1.8986914287855777e-14,180.2421875,0.3881085585049399,0.46490100384874816,normal_flow,2356000.csv
2356000,2022-09-16,daytime,6,0.9916683017199364,1.0383661277780503e-4,0.5443037974683473,171.109375,0.40882037852636594,0.4854818870769353,normal_flow,2356000.csv
2356000,2022-09-16,nighttime,6,0.9745412767961824,9.639693884737962e-4,0.37163375224417655,171.109375,0.40882037852636594,0.4854818870769353,normal_flow,2356000.csv
2356000,2022-09-17,daytime,6,0.9380360592503076,0.00564033872658273,0.4450127877237868,158.8828125,0.43524580407094393,0.5103757489187795,normal_flow,2356000.csv
2356000,2022-09-17,nighttime,6,0.7905694150420951,0.06119881963751221,0.7812499999999742,158.8828125,0.43524580407094393,0.5103757489187795,normal_flow,2356000.csv
2356000,2022-09-18,daytime,6,0.8759388465593904,0.02213203155086091,0.32306057385760445,145.078125,0.477859778597786,0.5376066341308574,normal_flow,2356000.csv
2356000,2022-09-18,nighttime,6,0.9603095926396422,0.00233172994096256,0.4289276807979958,145.078125,0.477859778597786,0.5376066341308574,normal_flow,2356000.csv
2356000,2022-09-19,daytime,6,0.9613482429974488,0.00221206542211,0.3637770897832886,131.90625,0.5326746815855256,0.5659326270682061,normal_flow,2356000.csv
2356000,2022-09-19,nighttime,6,0.8887239482003556,0.01788460950625712,0.3527397260273802,131.90625,0.5326746815855256,0.5659326270682061,normal_flow,2356000.csv
2356000,2022-09-20,daytime,6,0.9073537365088518,0.01247738847546821,0.18895198760970525,119.9765625,0.5951672419950006,0.595952862754434,normal_flow,2356000.csv
2356000,2022-09-20,nighttime,6,0.898745602610076,0.01485962651151916,0.2937249666221595,119.9765625,0.5951672419950006,0.595952862754434,normal_flow,2356000.csv
2356000,2022-09-21,daytime,6,0.8634805102312952,0.02668416078241858,0.2711267605633851,109.28125,0.6595048208546601,0.6277625679482601,normal_flow,2356000.csv
2356000,2022-09-21,nighttime,6,0.9711631658670132,0.00123535468202845,0.33684210526314606,109.28125,0.6595048208546601,0.6277625679482601,normal_flow,2356000.csv
2356000,2022-09-22,daytime,6,0.9504074755544392,0.00362814333575777,0.3613097478359016,99.6953125,0.7041423640042852,0.6610324167757806,normal_flow,2356000.csv
2356000,2022-09-22,nighttime,6,0.9748379472947216,9.417279331852974e-4,0.3065512978986226,99.6953125,0.7041423640042852,0.6610324167757806,normal_flow,2356000.csv
2356000,2022-09-23,daytime,6,0.978330031395446,6.992933353664276e-4,0.554317548746503,91.15625,0.7384835138673967,0.694405427925247,normal_flow,2356000.csv
2356000,2022-09-23,nighttime,6,0.8540641066145366,0.03039190831232982,0.4525139664804507,91.15625,0.7384835138673967,0.694405427925247,normal_flow,2356000.csv
2356000,2022-09-24,daytime,6,0.9877400331974618,2.2453880089573204e-4,0.623024830699773,83.5703125,0.7695512438995358,0.7270126572233464,normal_flow,2356000.csv
2356000,2022-09-24,nighttime,6,0.8380574169013711,0.03721459580372025,0.23181818181819608,83.5703125,0.7695512438995358,0.7270126572233464,normal_flow,2356000.csv
2356000,2022-09-25,daytime,6,0.9952413744876024,3.3912896763257764e-5,0.6494140625000037,76.8984375,0.8005594572074753,0.7582986152442169,low_flow,2356000.csv
2356000,2022-09-25,nighttime,6,0.9743119478228308,9.813385721095314e-4,0.4992927864214999,76.8984375,0.8005594572074753,0.7582986152442169,low_flow,2356000.csv
2356000,2022-09-26,daytime,6,0.9916386444172952,1.045761201078982e-4,0.7879120879120898,71.0625,0.8239495298178788,0.7871483553545213,low_flow,2356000.csv
2356000,2022-09-26,nighttime,6,0.9590724878530792,0.00247831383096544,0.6604938271604927,71.0625,0.8239495298178788,0.7871483553545213,low_flow,2356000.csv
2356000,2022-09-27,daytime,6,0.9830203188990672,4.3001665315312823e-4,1.4263157894736669,66.0625,0.8448994167361028,0.8126691266912669,low_flow,2356000.csv
2356000,2022-09-27,nighttime,6,0.9808841805058394,5.446292330636753e-4,0.7283950617283915,66.0625,0.8448994167361028,0.8126691266912669,low_flow,2356000.csv
2356000,2022-09-28,daytime,6,0.9284766908852596,0.00749043388127445,2.586206896551787,61.640625,0.8600166646827758,0.8342657620124588,low_flow,2356000.csv
2356000,2022-09-28,nighttime,6,0.9837222434213512,3.952915180409336e-4,0.5827067669172955,61.640625,0.8600166646827758,0.8342657620124588,low_flow,2356000.csv
2356000,2022-09-29,daytime,6,0.9059801322324912,0.01284404791947864,2.736000000000087,57.5859375,0.8765027972860374,0.8516684521683927,low_flow,2356000.csv
2356000,2022-09-29,nighttime,6,0.957335096117304,0.00269160970020793,0.32346723044397296,57.5859375,0.8765027972860374,0.8516684521683927,low_flow,2356000.csv
2356000,2022-09-30,daytime,6,0.9909093840042144,1.235833277067348e-4,1.258493353028043,54.0390625,0.8887037257469349,0.8662540173788835,low_flow,2356000.csv
2356000,2022-09-30,nighttime,6,0.9867807345177524,2.609684432562598e-4,0.8977272727272697,54.0390625,0.8887037257469349,0.8662540173788835,low_flow,2356000.csv
2356000,2022-10-01,daytime,6,0.9664377047226664,0.00167073874748578,1.0739130434782638,51.3125,0.8979288179978574,0.878693012736579,low_flow,2356000.csv
2356000,2022-10-01,nighttime,6,0.9572564372196656,0.0027014717342719,1.1637168141593055,51.3125,0.8979288179978574,0.878693012736579,low_flow,2356000.csv
2356000,2022-10-02,daytime,6,0.9297198200151118,0.0072353879715898,1.0869565217391428,49.3203125,0.904535174384002,0.8892235051382772,low_flow,2356000.csv
2356000,2022-10-02,nighttime,6,0.980228403845178,5.82509504979395e-4,1.1542857142856926,49.3203125,0.904535174384002,0.8892235051382772,low_flow,2356000.csv
2356000,2022-10-03,daytime,6,0.9773462548721752,7.63975390183343e-4,1.1809815950920206,47.734375,0.9106058802523508,0.8978732690552712,low_flow,2356000.csv
2356000,2022-10-03,nighttime,6,0.9778649158329232,7.295202521124176e-4,2.0336134453781214,47.734375,0.9106058802523508,0.8978732690552712,low_flow,2356000.csv
2356000,2022-10-04,daytime,6,0.9950208006018172,3.712691675237457e-5,1.2236842105263224,46.4453125,0.91548625163671,0.9050946315914772,low_flow,2356000.csv
2356000,2022-10-04,nighttime,6,0.937362802620523,0.00576225177397914,1.058593750000006,46.4453125,0.91548625163671,0.9050946315914772,low_flow,2356000.csv
2356000,2022-10-05,daytime,6,0.9821351362631384,4.7587921889389695e-4,1.314018691588804,45.5,0.9191167718128794,0.910990755068841,low_flow,2356000.csv
2356000,2022-10-05,nighttime,6,0.974988902244359,9.305096076482456e-4,1.4022346368715135,45.5,0.9191167718128794,0.910990755068841,low_flow,2356000.csv
2356000,2022-10-06,daytime,6,0.9906299139133498,1.31286430093039e-4,1.1933333333333551,44.875,0.9205451731936676,0.9159187398325596,low_flow,2356000.csv
2356000,2022-10-06,nighttime,6,0.9932076351963716,6.904764242117464e-5,1.7768014059753785,44.875,0.9205451731936676,0.9159187398325596,low_flow,2356000.csv
2356000,2022-10-07,daytime,6,0.9888834502052908,1.8467964029443912e-4,1.1391304347826134,44.328125,0.9229258421616474,0.9197278101813277,low_flow,2356000.csv
2356000,2022-10-07,nighttime,6,0.9971527984274916,1.2148294691113954e-5,1.6261682242990652,44.328125,0.9229258421616474,0.9197278101813277,low_flow,2356000.csv
2356000,2022-10-08,daytime,6,0.979547817007022,6.231601936590208e-4,1.3590243902439267,43.75,0.9250684442328294,0.9225647740348372,low_flow,2356000.csv
2356000,2022-10-08,nighttime,6,0.9682664826034744,0.00149454610765126,1.7904191616766454,43.75,0.9250684442328294,0.9225647740348372,low_flow,2356000.csv
2356000,2022-10-09,daytime,6,0.9731564199976288,0.0010711952372743,1.442996742671044,43.0625,0.9275086299250088,0.924429631393088,low_flow,2356000.csv
2356000,2022-10-09,nighttime,6,0.9892528372745336,1.7263160322799568e-4,1.4974874371859128,43.0625,0.9275086299250088,0.924429631393088,low_flow,2356000.csv
2356000,2022-10-10,daytime,6,0.9819882995271196,4.8371034076018926e-4,1.2806122448979562,42.3203125,0.9303059159623854,0.9256556759115978,low_flow,2356000.csv
2356000,2022-10-10,nighttime,6,0.9985638502817092,3.0923079719434827e-6,1.306551297898614,42.3203125,0.9303059159623854,0.9256556759115978,low_flow,2356000.csv
2356000,2022-10-11,daytime,6,0.9862101244448896,2.8392985576575577e-4,0.8734177215190153,41.71875,0.9322699678609688,0.9261913264293932,low_flow,2356000.csv
2356000,2022-10-11,nighttime,6,0.9271403057330656,0.00776941345268096,1.3536345776031462,41.71875,0.9322699678609688,0.9261913264293932,low_flow,2356000.csv
2356000,2022-10-12,daytime,6,0.9792506876241064,6.413343042541316e-4,0.893333333333328,41.3125,0.93334126889656,0.9259254850613022,low_flow,2356000.csv
2356000,2022-10-12,nighttime,6,0.824957911384306,0.04327797776958998,1.7500000000000202,41.3125,0.93334126889656,0.9259254850613022,low_flow,2356000.csv
2356000,2022-10-13,daytime,6,0.9792769471880076,6.397176719167367e-4,0.5201938610662435,41.140625,0.9339364361385548,0.9252549299686544,low_flow,2356000.csv
2356000,2022-10-13,nighttime,6,0.6048583789091349,0.20335725704650545,3.0000000000001914,41.140625,0.9339364361385548,0.9252549299686544,low_flow,2356000.csv
2356000,2022-10-14,daytime,6,0.9880988238603896,2.116141609046585e-4,0.964285714285721,41.2578125,0.9336388525175574,0.924679601634726,low_flow,2356000.csv
2356000,2022-10-14,nighttime,6,0.9696712139867688,0.00136580414815485,1.5492957746478608,41.2578125,0.9336388525175574,0.924679601634726,low_flow,2356000.csv
2356000,2022-10-15,daytime,6,0.9629578134398108,0.00203277214882724,0.6504854368932068,42.0546875,0.9312581835495776,0.924294726818236,low_flow,2356000.csv
2356000,2022-10-15,nighttime,6,0.97130604200412,0.00122320235024009,0.6673819742489191,42.0546875,0.9312581835495776,0.924294726818236,low_flow,2356000.csv
2356000,2022-10-16,daytime,6,0.989922504817117,1.518221491488639e-4,0.6660777385158987,43.46875,0.9259016783716224,0.9240209498869182,low_flow,2356000.csv
2356000,2022-10-16,nighttime,6,0.9838125824209396,3.9092791716801846e-4,0.8926701570680659,43.46875,0.9259016783716224,0.9240209498869182,low_flow,2356000.csv
2356000,2022-10-17,daytime,6,0.979538197143227,6.237445354112753e-4,1.0284090909090902,44.328125,0.9229258421616474,0.9238543030591596,low_flow,2356000.csv
2356000,2022-10-17,nighttime,6,0.9915440975798364,1.069511204334739e-4,0.9880952380952372,44.328125,0.9229258421616474,0.9238543030591596,low_flow,2356000.csv
2356000,2022-10-18,daytime,6,0.8970740046718846,0.01534545409882469,0.9480519480519094,45.671875,0.9186406380192834,0.9236757528865612,low_flow,2356000.csv
2356000,2022-10-18,nighttime,6,0.9636594220508192,0.00195696004159478,0.34756097560975546,45.671875,0.9186406380192834,0.9236757528865612,low_flow,2356000.csv
2356000,2022-10-19,daytime,6,0.9798028733066618,6.07766444386063e-4,1.3947368421053206,47.4921875,0.9114986311153436,0.9235210094036423,low_flow,2356000.csv
2356000,2022-10-19,nighttime,6,0.9763075036742054,8.353518668283984e-4,0.3554216867470021,47.4921875,0.9114986311153436,0.9235210094036423,low_flow,2356000.csv
2356000,2022-10-20,daytime,6,0.801769265765843,0.05504835561723255,0.3647540983606407,48.1953125,0.909058445423164,0.9234376859897632,low_flow,2356000.csv
2356000,2022-10-20,nighttime,6,0.9250516710643238,0.00821537618968605,0.15531914893617707,48.1953125,0.909058445423164,0.9234376859897632,low_flow,2356000.csv
2356000,2022-10-21,daytime,6,0.9104592573985574,0.01166736843040851,0.2816773017319838,47.4140625,0.91191524818474,0.9233980081736302,low_flow,2356000.csv
2356000,2022-10-21,nighttime,6,-0.3874875837571898,0.4478586013266325,-0.02346041055717659,47.4140625,0.91191524818474,0.9233980081736302,low_flow,2356000.csv
2356000,2022-10-22,daytime,6,0.9437512410304456,0.00465690096052692,0.24830699774265735,46.046875,0.917152719914296,0.9234456215529896,low_flow,2356000.csv
2356000,2022-10-22,nighttime,6,-0.47296260867582446,0.34345544819284735,-0.03579098067286054,46.046875,0.917152719914296,0.9234456215529896,low_flow,2356000.csv
2356000,2022-10-23,daytime,6,0.7856742013183857,0.06398073546636733,0.16666666666666854,44.7890625,0.920961790263064,0.9236916240130144,low_flow,2356000.csv
2356000,2022-10-23,nighttime,6,NA,NA,7.669855206676423e-15,44.7890625,0.920961790263064,0.9236916240130144,low_flow,2356000.csv
2356000,2022-10-24,daytime,6,0.8411638812163595,0.0358397376637158,0.05340050377834134,43.796875,0.92500892750863,0.9243463079792088,low_flow,2356000.csv
2356000,2022-10-24,nighttime,6,NA,NA,-0,43.796875,0.92500892750863,0.9243463079792088,low_flow,2356000.csv
2356000,2022-10-25,daytime,6,0.8424360856008075,0.0352837093136229,0.04980340760157454,43.0390625,0.927627663373408,0.9251755743363884,low_flow,2356000.csv
2356000,2022-10-25,nighttime,6,-0.8099214136233978,0.05076104628574713,-0.10580204778157544,43.0390625,0.927627663373408,0.9251755743363884,low_flow,2356000.csv
2356000,2022-10-26,daytime,6,NA,NA,0,42.4296875,0.9299488156171885,0.9262071975558466,low_flow,2356000.csv
2356000,2022-10-26,nighttime,6,0.17200522903844487,0.7445366124931974,0.12820512820514102,42.4296875,0.9299488156171885,0.9262071975558466,low_flow,2356000.csv
2356000,2022-10-27,daytime,6,-0.38435987492347407,0.45185141281090346,-0.02382782475020038,41.7890625,0.9320914176883704,0.927627663373408,low_flow,2356000.csv
2356000,2022-10-27,nighttime,6,0.7578930754899285,0.08082800330234034,0.2578947368420992,41.7890625,0.9320914176883704,0.927627663373408,low_flow,2356000.csv
2356000,2022-10-28,daytime,6,0.6777720855862994,0.1390176475286546,0.05468749999999935,41.3125,0.93334126889656,0.929202872673888,low_flow,2356000.csv
2356000,2022-10-28,nighttime,6,NA,NA,1.3785878360819528e-14,41.3125,0.93334126889656,0.929202872673888,low_flow,2356000.csv
2356000,2022-10-29,daytime,6,0.49541508402214945,0.31767374837517365,0.18965517241380875,41.0546875,0.9343530532079516,0.9305796928937032,low_flow,2356000.csv
2356000,2022-10-29,nighttime,6,0.46475800154489194,0.3530568618495108,0.05999999999999356,41.0546875,0.9343530532079516,0.9305796928937032,low_flow,2356000.csv
2356000,2022-10-30,daytime,6,NA,NA,-1.1450441730611854e-14,40.8125,0.9349482204499464,0.931424830377336,low_flow,2356000.csv
2356000,2022-10-30,nighttime,6,0.3721042037676218,0.46760475460940215,0.07692307692306179,40.8125,0.9349482204499464,0.931424830377336,low_flow,2356000.csv
2356000,2022-10-31,daytime,6,0.18677184190940513,0.7230998855412889,0.0232558139534836,40.6484375,0.93572193786454,0.9317343173431736,low_flow,2356000.csv
2356000,2022-10-31,nighttime,6,0.8874887963441364,0.01827602964405002,0.4560000000000068,40.6484375,0.93572193786454,0.9317343173431736,low_flow,2356000.csv
2356000,2022-11-01,daytime,6,NA,NA,-8.317832153456631e-15,40.734375,0.935364837519343,0.9317620918144666,low_flow,2356000.csv
2356000,2022-11-01,nighttime,6,0.6697264610261028,0.14560769618022654,0.48514851485153687,40.734375,0.935364837519343,0.9317620918144666,low_flow,2356000.csv
2356000,2022-11-02,daytime,6,0.8500133882819771,0.03205692735616697,0.21480406386066575,41.109375,0.9341149863111534,0.9318374796651192,low_flow,2356000.csv
2356000,2022-11-02,nighttime,6,0.4977957276938602,0.3149834451016297,0.2287390029325763,41.109375,0.9341149863111534,0.9318374796651192,low_flow,2356000.csv
2356000,2022-11-03,daytime,6,0.8917806497523516,0.01693344010027093,0.30681818181819015,41.5078125,0.9328056183787644,0.9320755465619172,low_flow,2356000.csv
2356000,2022-11-03,nighttime,6,NA,NA,-0,41.5078125,0.9328056183787644,0.9320755465619172,low_flow,2356000.csv
2356000,2022-11-04,daytime,6,0.6831075955620662,0.13471990023718913,0.15853658536586315,41.53125,0.9326865849303654,0.9323413879300084,low_flow,2356000.csv
2356000,2022-11-04,nighttime,6,0.805011294880564,0.05332409938066693,0.5157894736842032,41.53125,0.9326865849303654,0.9323413879300084,low_flow,2356000.csv
2356000,2022-11-05,daytime,6,0.9677441563827532,0.00154387904513517,0.4569536423841008,41.6015625,0.9325675514819664,0.9320755465619172,low_flow,2356000.csv
2356000,2022-11-05,nighttime,6,0.919145030018055,0.00954199351502449,0.8749999999999281,41.6015625,0.9325675514819664,0.9320755465619172,low_flow,2356000.csv
2356000,2022-11-07,daytime,6,0.9532050759983473,0.00323341242715392,0.32530120481927516,43.5390625,0.9256040947506248,0.9221045113676944,low_flow,2356000.csv
2356000,2022-11-07,nighttime,6,0.8792096445652458,0.02100428058572993,0.9610389610389158,43.5390625,0.9256040947506248,0.9221045113676944,low_flow,2356000.csv
2356000,2022-11-08,daytime,6,0.8098851637699173,0.05077975429117307,0.33333333333331505,43.640625,0.9254255445780264,0.9112962742530653,low_flow,2356000.csv
2356000,2022-11-08,nighttime,6,0.3071475584169759,0.5537667547526954,0.5000000000001554,43.640625,0.9254255445780264,0.9112962742530653,low_flow,2356000.csv
2356000,2022-11-09,daytime,6,0.8509629433967658,0.03166285751402702,0.9999999999999692,42.7890625,0.9287584811331984,0.8961750585247787,low_flow,2356000.csv
2356000,2022-11-09,nighttime,6,0.8574929257125488,0.02901536353138197,0.0980392156862819,42.7890625,0.9287584811331984,0.8961750585247787,low_flow,2356000.csv
2356000,2022-11-10,daytime,6,-0.919053966954472,0.00956320066071209,-0.5631067961164502,41.2890625,0.9335198190691584,0.878494623655914,low_flow,2356000.csv
2356000,2022-11-10,nighttime,6,NA,NA,1.135087267208774e-14,41.2890625,0.9335198190691584,0.878494623655914,low_flow,2356000.csv
2356000,2022-11-11,daytime,6,NA,NA,-3.4809342861007584e-14,40.5703125,0.9360790382097368,0.8609054477641551,low_flow,2356000.csv
2356000,2022-11-11,nighttime,6,NA,NA,NA,40.5703125,0.9360790382097368,0.8609054477641551,low_flow,2356000.csv
2356000,2022-11-12,daytime,6,-0.24333213169613932,0.6422057142494264,-0.0296052631579031,42.5703125,0.9293536483751934,0.8434868864817681,low_flow,2356000.csv
2356000,2022-11-12,nighttime,6,0.8798826901281187,0.0207757158251574,0.7499999999999529,42.5703125,0.9293536483751934,0.8434868864817681,low_flow,2356000.csv
2356000,2022-11-13,daytime,6,0.8221921916437804,0.04461267330992834,0.8125000000000225,53.0625,0.8922747291989049,0.8255326746815855,low_flow,2356000.csv
2356000,2022-11-13,nighttime,6,-0.6863547206421523,0.13213287170776888,-0.05477707006368451,53.0625,0.8922747291989049,0.8255326746815855,low_flow,2356000.csv
2356000,2022-11-14,daytime,6,0.20000000000000004,0.704,0.1,70.3203125,0.8274610165456493,0.8092171566876959,low_flow,2356000.csv
2356000,2022-11-14,nighttime,6,-0.4331298431636447,0.3909331309530713,-0.09598214285713506,70.3203125,0.8274610165456493,0.8092171566876959,low_flow,2356000.csv
2356000,2022-11-15,daytime,6,0.5477225575051694,0.260574547368022,0.12499999999999306,82.8125,0.7735983811451018,0.7958298615244217,low_flow,2356000.csv
2356000,2022-11-15,nighttime,6,NA,NA,-0,82.8125,0.7735983811451018,0.7958298615244217,low_flow,2356000.csv
2356000,2022-11-16,daytime,6,-0.2,0.704,-0.2000000000006044,98.46875,0.7085466015950482,0.7851247867317382,low_flow,2356000.csv
2356000,2022-11-16,nighttime,6,0.6957010852370418,0.12480803477180057,0.7039999999999422,98.46875,0.7085466015950482,0.7851247867317382,low_flow,2356000.csv
2356000,2022-11-17,daytime,6,-0.7165452239681228,0.10913259990385224,-0.7857142857142801,107.3125,0.6689084632781812,0.7767527675276753,low_flow,2356000.csv
2356000,2022-11-17,nighttime,6,0.9229379806514776,0.00867901372565355,0.5241935483871178,107.3125,0.6689084632781812,0.7767527675276753,low_flow,2356000.csv
2356000,2022-11-18,daytime,6,0.3567530340063398,0.4875729147908941,0.3500000000000043,107.3046875,0.6689679800023807,0.7699956354402254,low_flow,2356000.csv
2356000,2022-11-18,nighttime,6,NA,NA,-0,107.3046875,0.6689679800023807,0.7699956354402254,low_flow,2356000.csv
2356000,2022-11-19,daytime,6,-0.925820099772554,0.00804989310083718,-0.9999999999999678,106.828125,0.6714081656945602,0.7645478712851644,low_flow,2356000.csv
2356000,2022-11-19,nighttime,6,-0.6629699999089119,0.15124234386661467,-0.21590909090907423,106.828125,0.6714081656945602,0.7645478712851644,low_flow,2356000.csv
2356000,2022-11-20,daytime,6,-0.6852910056145773,0.13297796176779084,-0.7623762376237475,108.484375,0.6632543744792286,0.7602467960163473,low_flow,2356000.csv
2356000,2022-11-20,nighttime,6,NA,NA,1.7404671430534778e-13,108.484375,0.6632543744792286,0.7602467960163473,low_flow,2356000.csv
2356000,2022-11-21,daytime,6,NA,NA,-1.170717809228798e-14,104.046875,0.6850970122604452,0.7581676784509781,low_flow,2356000.csv
2356000,2022-11-21,nighttime,6,-0.8058229640253819,0.05289638643770152,-0.129870129870109,104.046875,0.6850970122604452,0.7581676784509781,low_flow,2356000.csv
2356000,2022-11-22,daytime,6,0.5476369959085347,0.26066439305881534,0.16494845360825866,94.53125,0.7247946673015118,0.7591080426933302,low_flow,2356000.csv
2356000,2022-11-22,nighttime,6,NA,NA,2.231368132119933e-14,94.53125,0.7247946673015118,0.7591080426933302,low_flow,2356000.csv
2356000,2022-11-23,daytime,6,NA,NA,0,84.671875,0.7648494226877752,0.7603301194302265,low_flow,2356000.csv
2356000,2022-11-23,nighttime,6,NA,NA,NA,84.671875,0.7648494226877752,0.7603301194302265,low_flow,2356000.csv
2356000,2022-11-24,daytime,6,-0.40971801578526745,0.4198124228929277,-0.02622950819672481,76.0859375,0.8031781930722534,0.762028329960719,low_flow,2356000.csv
2356000,2022-11-24,nighttime,6,0.9315776194850584,0.00686226936672755,0.8255033557047075,76.0859375,0.8031781930722534,0.762028329960719,low_flow,2356000.csv
2356000,2022-11-25,daytime,6,-0.23354968324845235,0.6560450119431882,-0.02272727272728245,69.03125,0.8321628377574098,0.7638376383763837,low_flow,2356000.csv
2356000,2022-11-25,nighttime,6,-0.3418817293789201,0.5071575069992199,-0.9999999999993452,69.03125,0.8321628377574098,0.7638376383763837,low_flow,2356000.csv
2356000,2022-11-26,daytime,6,NA,NA,-3.9377084684468777e-14,63.4765625,0.8543625758838234,0.7626949172717534,low_flow,2356000.csv
2356000,2022-11-26,nighttime,6,NA,NA,1.4503892858779535e-14,63.4765625,0.8543625758838234,0.7626949172717534,low_flow,2356000.csv
2356000,2022-11-27,daytime,6,NA,NA,-2.486381632933504e-14,60.3359375,0.8648375193429354,0.7536801174463358,low_flow,2356000.csv
2356000,2022-11-27,nighttime,6,NA,NA,NA,60.3359375,0.8648375193429354,0.7536801174463358,low_flow,2356000.csv
2356000,2022-11-28,daytime,6,NA,NA,-3.113030662372066e-14,61.3671875,0.8610879657183669,0.7414871245486648,normal_flow,2356000.csv
2356000,2022-11-28,nighttime,6,NA,NA,4.462736264239613e-14,61.3671875,0.8610879657183669,0.7414871245486648,normal_flow,2356000.csv
2356000,2022-11-29,daytime,6,0.9365914492813648,0.00590349484221316,0.5037406483790627,66.890625,0.8415664801809308,0.7298258143871761,normal_flow,2356000.csv
2356000,2022-11-29,nighttime,6,NA,NA,2.7194799110210172e-14,66.890625,0.8415664801809308,0.7298258143871761,normal_flow,2356000.csv
2356000,2022-11-30,daytime,6,NA,NA,-2.17558392881676e-14,78.890625,0.7919295321985478,0.7195056144109828,normal_flow,2356000.csv
2356000,2022-11-30,nighttime,6,NA,NA,NA,78.890625,0.7919295321985478,0.7195056144109828,normal_flow,2356000.csv
2356000,2022-12-01,daytime,6,NA,NA,-4.462736264239443e-14,92.171875,0.7340197595524343,0.7108360115859224,normal_flow,2356000.csv
2356000,2022-12-01,nighttime,6,NA,NA,2.6326393760472827e-14,92.171875,0.7340197595524343,0.7108360115859224,normal_flow,2356000.csv
2356000,2022-12-02,daytime,6,-0.4559833243433444,0.3634292204711726,-0.2500000000000339,101.5546875,0.6960480895131532,0.7005911994603817,normal_flow,2356000.csv
2356000,2022-12-02,nighttime,6,-0.8611680696764512,0.02757351284015964,-0.4070796460176853,101.5546875,0.6960480895131532,0.7005911994603817,normal_flow,2356000.csv
2356000,2022-12-03,daytime,6,-0.8522267985732908,0.0311419228704596,-0.0660264105642246,110.6328125,0.6518271634329247,0.6870848708487085,normal_flow,2356000.csv
2356000,2022-12-03,nighttime,6,-0.8991458456059163,0.01474441862336105,-0.5879732739420721,110.6328125,0.6518271634329247,0.6870848708487085,normal_flow,2356000.csv
2356000,2022-12-04,daytime,6,NA,NA,0,130.9921875,0.536186168313296,0.6720192040630084,normal_flow,2356000.csv
2356000,2022-12-04,nighttime,6,NA,NA,NA,130.9921875,0.536186168313296,0.6720192040630084,normal_flow,2356000.csv
2356000,2022-12-05,daytime,6,-0.2548235957188128,0.6260380997892747,-0.06493506493510579,144.5859375,0.480359481014165,0.6582787763361505,normal_flow,2356000.csv
2356000,2022-12-05,nighttime,6,0.5290486946131061,0.28046534458575756,0.4310344827586733,144.5859375,0.480359481014165,0.6582787763361505,normal_flow,2356000.csv
2356000,2022-12-06,daytime,6,-0.4639284031721668,0.35403294904336835,-0.03471444568869632,136.984375,0.5101773598381145,0.6464627226917431,normal_flow,2356000.csv
2356000,2022-12-06,nighttime,6,NA,NA,NA,136.984375,0.5101773598381145,0.6464627226917431,normal_flow,2356000.csv
2356000,2022-12-07,daytime,6,-0.9379580992210778,0.00565439041518659,-0.3519061583577844,124.15625,0.5699916676586121,0.6366146887275325,normal_flow,2356000.csv
2356000,2022-12-07,nighttime,6,NA,NA,NA,124.15625,0.5699916676586121,0.6366146887275325,normal_flow,2356000.csv
2356000,2022-12-08,daytime,6,-0.7142857142857163,0.11078717201166027,-0.23809523809524935,114,0.6348053803118676,0.6303694004681982,normal_flow,2356000.csv
2356000,2022-12-08,nighttime,6,NA,NA,NA,114,0.6348053803118676,0.6303694004681982,normal_flow,2356000.csv
2356000,2022-12-09,daytime,6,NA,NA,0,111.046875,0.6495060111891442,0.6285005753283339,normal_flow,2356000.csv
2356000,2022-12-09,nighttime,6,0.3872983346207417,0.4480998731654429,0.5999999999999499,111.046875,0.6495060111891442,0.6285005753283339,normal_flow,2356000.csv
2356000,2022-12-10,daytime,6,-0.578017340780331,0.2295329550060993,-0.2947976878612608,114.75,0.6295679085823116,0.6291512915129152,normal_flow,2356000.csv
2356000,2022-12-10,nighttime,6,0.665128794568436,0.14943207146202478,0.5161290322580662,114.75,0.6295679085823116,0.6291512915129152,normal_flow,2356000.csv
2356000,2022-12-11,daytime,6,NA,NA,0,114.90625,0.6283775740983216,0.629401261754553,normal_flow,2356000.csv
2356000,2022-12-11,nighttime,6,NA,NA,-0,114.90625,0.6283775740983216,0.629401261754553,normal_flow,2356000.csv
2356000,2022-12-12,daytime,6,NA,NA,0,109.3515625,0.6587311034400667,0.6270007538785065,normal_flow,2356000.csv
2356000,2022-12-12,nighttime,6,0,1,-7.291064194657576e-15,109.3515625,0.6587311034400667,0.6270007538785065,normal_flow,2356000.csv
2356000,2022-12-13,daytime,6,NA,NA,0,104.3515625,0.6838471610522557,0.6239614331627187,normal_flow,2356000.csv
2356000,2022-12-13,nighttime,6,1,0,1.000000000000174,104.3515625,0.6838471610522557,0.6239614331627187,normal_flow,2356000.csv
2356000,2022-12-14,daytime,6,NA,NA,0,102.1328125,0.6938459707177717,0.6202079117565369,normal_flow,2356000.csv
2356000,2022-12-14,nighttime,6,NA,NA,-0,102.1328125,0.6938459707177717,0.6202079117565369,normal_flow,2356000.csv
2356000,2022-12-15,daytime,6,-0.5000000000000001,0.31250000000000006,-0.06250000000001223,101.1796875,0.6982502083085347,0.6146212752450105,normal_flow,2356000.csv
2356000,2022-12-15,nighttime,6,0.2,0.7040000000000001,0.3000000000000174,101.1796875,0.6982502083085347,0.6146212752450105,normal_flow,2356000.csv
2356000,2022-12-16,daytime,6,0.4582665201009598,0.36072008414135914,0.347826086956526,99.28125,0.7059873824544697,0.6050073403959846,normal_flow,2356000.csv
2356000,2022-12-16,nighttime,6,NA,NA,-0,99.28125,0.7059873824544697,0.6050073403959846,normal_flow,2356000.csv
2356000,2022-12-17,daytime,6,-0.41026434366536085,0.41913068174112295,-0.1683168316832005,99.296875,0.7058088322818712,0.5940364242352101,normal_flow,2356000.csv
2356000,2022-12-17,nighttime,6,NA,NA,-0,99.296875,0.7058088322818712,0.5940364242352101,normal_flow,2356000.csv
2356000,2022-12-18,daytime,6,0.3801429606348512,0.4572525359722062,0.17341040462425517,110.0078125,0.6555767170574932,0.5847954608578344,normal_flow,2356000.csv
2356000,2022-12-18,nighttime,6,-0.9098055028815584,0.01183570271507257,-0.29082969432315015,110.0078125,0.6555767170574932,0.5847954608578344,normal_flow,2356000.csv
2356000,2022-12-19,daytime,6,NA,NA,-2.2087146485450284e-14,139.28125,0.5001785501725985,0.5775344205054954,normal_flow,2356000.csv
2356000,2022-12-19,nighttime,6,-0.8881446806846056,0.01806767348533897,-0.33962264150940785,139.28125,0.5001785501725985,0.5775344205054954,normal_flow,2356000.csv
2356000,2022-12-20,daytime,6,NA,NA,NA,159.1640625,0.4347696702773479,0.5711700987977621,normal_flow,2356000.csv
2356000,2022-12-20,nighttime,6,-0.8864052604279207,0.01862274738337538,-0.6874999999999902,159.1640625,0.4347696702773479,0.5711700987977621,normal_flow,2356000.csv
2356000,2022-12-21,daytime,6,NA,NA,NA,152.375,0.4538745387453874,0.5672181883109154,normal_flow,2356000.csv
2356000,2022-12-21,nighttime,6,-0.838742136829325,0.03690946497795484,-0.12790697674417906,152.375,0.4538745387453874,0.5672181883109154,normal_flow,2356000.csv
2356000,2022-12-22,daytime,6,0.6229918232859799,0.18640968820375528,0.2772277227722586,143.1484375,0.486192119985716,0.5660913383327382,normal_flow,2356000.csv
2356000,2022-12-22,nighttime,6,NA,NA,-1.1301734695155432e-14,143.1484375,0.486192119985716,0.5660913383327382,normal_flow,2356000.csv
2356000,2022-12-23,daytime,6,NA,NA,-4.2946591841582314e-14,141.859375,0.490596357576479,0.5672697694718882,normal_flow,2356000.csv
2356000,2022-12-23,nighttime,6,NA,NA,3.000805419057607e-14,141.859375,0.490596357576479,0.5672697694718882,normal_flow,2356000.csv
2356000,2022-12-24,daytime,6,0.979300967934373,6.382406432769895e-4,1.0495049504950384,143.390625,0.4849422687775265,0.5702138634289569,normal_flow,2356000.csv
2356000,2022-12-24,nighttime,6,NA,NA,8.691736037173212e-15,143.390625,0.4849422687775265,0.5702138634289569,normal_flow,2356000.csv
2356000,2022-12-25,daytime,6,0.37139067635410183,0.46852713556223347,0.20689655172412397,141.765625,0.490953457921676,0.5751378804110622,normal_flow,2356000.csv
2356000,2022-12-25,nighttime,6,NA,NA,2.3935697448672297e-14,141.765625,0.490953457921676,0.5751378804110622,normal_flow,2356000.csv
2356000,2022-12-26,daytime,6,0.7698973538621044,0.07332919303291037,0.16935483870967688,134.90625,0.5194619688132365,0.5843986826965044,normal_flow,2356000.csv
2356000,2022-12-26,nighttime,6,-0.9703244845221408,0.00130788766144315,-0.3519736842105149,134.90625,0.5194619688132365,0.5843986826965044,normal_flow,2356000.csv
2356000,2022-12-27,daytime,6,NA,NA,-7.543820434287444e-15,125.46875,0.5632662778240686,0.6024838312899258,normal_flow,2356000.csv
2356000,2022-12-27,nighttime,6,-0.5477225575051693,0.260574547368022,-0.099999999999995,125.46875,0.5632662778240686,0.6024838312899258,normal_flow,2356000.csv
2356000,2022-12-28,daytime,6,0.4844899781441867,0.33012732961980373,0.04191616766465315,115.5078125,0.6245685037495536,0.6188548982264016,normal_flow,2356000.csv
2356000,2022-12-28,nighttime,6,NA,NA,0,115.5078125,0.6245685037495536,0.6188548982264016,normal_flow,2356000.csv
2356000,2022-12-29,daytime,6,0.17999280043196966,0.7329264494670342,0.02159827213821717,105.7421875,0.6769432210451137,0.6221322858389874,normal_flow,2356000.csv
2356000,2022-12-29,nighttime,6,-0.9258200997725512,0.00804989310083775,-0.7500000000000397,105.7421875,0.6769432210451137,0.6221322858389874,normal_flow,2356000.csv
2356000,2022-12-30,daytime,6,0.8481222655051025,0.03284859917887392,0.09281437125748668,96.5703125,0.7159266753957862,0.6203190096417094,normal_flow,2356000.csv
2356000,2022-12-30,nighttime,6,NA,NA,NA,96.5703125,0.7159266753957862,0.6203190096417094,normal_flow,2356000.csv
2356000,2022-12-31,daytime,6,NA,NA,-8.051983224090727e-15,88.296875,0.7501487918104988,0.6161131611316113,normal_flow,2356000.csv
2356000,2022-12-31,nighttime,6,-0.7745966692414841,0.07048399691021949,-0.2500000000000012,88.296875,0.7501487918104988,0.6161131611316113,normal_flow,2356000.csv
2356000,2023-01-01,daytime,6,NA,NA,-1.9674845964952303e-14,81.5078125,0.7796690870134508,0.6083164702614768,normal_flow,2356000.csv
2356000,2023-01-01,nighttime,6,NA,NA,NA,81.5078125,0.7796690870134508,0.6083164702614768,normal_flow,2356000.csv
2356000,2023-01-02,daytime,6,NA,NA,-1.3923737144427698e-14,78.296875,0.7944887513391263,0.5985993730905051,normal_flow,2356000.csv
2356000,2023-01-02,nighttime,6,-0.6957010852370429,0.1248080347717998,-0.7040000000000283,78.296875,0.7944887513391263,0.5985993730905051,normal_flow,2356000.csv
2356000,2023-01-03,daytime,6,-0.7303734511544536,0.09924699418968629,-0.07731092436975232,83.21875,0.7714557790739198,0.5889179859540531,normal_flow,2356000.csv
2356000,2023-01-03,nighttime,6,-0.9428090415820608,0.00481267833004465,-0.7500000000000149,83.21875,0.7714557790739198,0.5889179859540531,normal_flow,2356000.csv
2356000,2023-01-04,daytime,6,NA,NA,9.684634341315048e-15,105.125,0.6803356743244852,0.5787763361504583,normal_flow,2356000.csv
2356000,2023-01-04,nighttime,6,-0.8624575450871714,0.0270758813010904,-0.22580645161291668,105.125,0.6803356743244852,0.5787763361504583,normal_flow,2356000.csv
2356000,2023-01-05,daytime,6,0.8087360843031869,0.05137443084436891,0.09909909909908234,138.515625,0.5030353529341745,0.5665277943102012,normal_flow,2356000.csv
2356000,2023-01-05,nighttime,6,NA,NA,NA,138.515625,0.5030353529341745,0.5665277943102012,normal_flow,2356000.csv
2356000,2023-01-06,daytime,6,-0.05096471914376255,0.9236191092312962,-0.01298701298707336,150.609375,0.45899297702654446,0.5526445264452644,normal_flow,2356000.csv
2356000,2023-01-06,nighttime,6,-0.6531972647421801,0.1595528526983946,-0.13333333333332334,150.609375,0.45899297702654446,0.5526445264452644,normal_flow,2356000.csv
2356000,2023-01-07,daytime,6,NA,NA,-2.8038959868444974e-14,162.234375,0.427508629925009,0.5379002499702417,normal_flow,2356000.csv
2356000,2023-01-07,nighttime,6,-0.9099747605093262,0.01179200887221071,-0.2667660208643721,162.234375,0.427508629925009,0.5379002499702417,normal_flow,2356000.csv
2356000,2023-01-08,daytime,6,NA,NA,-7.45914489880066e-14,189.34375,0.3679919057255089,0.5207038844581994,normal_flow,2356000.csv
2356000,2023-01-08,nighttime,6,NA,NA,1.3597399555105261e-14,189.34375,0.3679919057255089,0.5207038844581994,normal_flow,2356000.csv
2356000,2023-01-09,daytime,6,NA,NA,-2.0601447815735367e-14,199.84375,0.3451970003571003,0.4992778637463794,normal_flow,2356000.csv
2356000,2023-01-09,nighttime,6,-0.8454889030309745,0.03396614445768109,-0.18811881188115667,199.84375,0.3451970003571003,0.4992778637463794,normal_flow,2356000.csv
2356000,2023-01-10,daytime,6,0.8854377448471422,0.01893497870936329,0.2240000000000291,186.8125,0.3742411617664564,0.4758639844462961,normal_flow,2356000.csv
2356000,2023-01-10,nighttime,6,NA,NA,1.985767881336208e-14,186.8125,0.3742411617664564,0.4758639844462961,normal_flow,2356000.csv
2356000,2023-01-11,daytime,6,0.3732780369791331,0.4660885708042543,0.03317535545023185,169.90625,0.4111415307701464,0.45533468237908187,normal_flow,2356000.csv
2356000,2023-01-11,nighttime,6,NA,NA,NA,169.90625,0.4111415307701464,0.45533468237908187,normal_flow,2356000.csv
2356000,2023-01-12,daytime,6,NA,NA,-1.0983530514415136e-14,156.828125,0.44084037614569693,0.4438162123556719,normal_flow,2356000.csv
2356000,2023-01-12,nighttime,6,-0.44721359549995793,0.373900966300059,-0.8000000000001389,156.828125,0.44084037614569693,0.4438162123556719,normal_flow,2356000.csv
2356000,2023-01-13,daytime,6,0.43000658178376583,0.3947454528100202,0.5283018867925872,147.765625,0.46869420307106296,0.44745070031345474,normal_flow,2356000.csv
2356000,2023-01-13,nighttime,6,0.8320502943378457,0.03994196807171787,0.7500000000000107,147.765625,0.46869420307106296,0.44745070031345474,normal_flow,2356000.csv
2356000,2023-01-14,daytime,6,4.102326266034696e-15,0.9999999999999938,-1.9967865352529878e-15,140.828125,0.494762528270444,0.45652501686307184,normal_flow,2356000.csv
2356000,2023-01-14,nighttime,6,NA,NA,-1.3813231294075647e-14,140.828125,0.494762528270444,0.45652501686307184,normal_flow,2356000.csv
2356000,2023-01-15,daytime,6,NA,NA,2.0057428042623916e-14,141.375,0.4922033091298655,0.46897988334722057,normal_flow,2356000.csv
2356000,2023-01-15,nighttime,6,-0.914686604094764,0.01060709181514522,-0.3794117647058758,141.375,0.4922033091298655,0.46897988334722057,normal_flow,2356000.csv
2356000,2023-01-16,daytime,6,NA,NA,-2.099301182364633e-14,150.828125,0.4582787763361504,0.4859064397095584,normal_flow,2356000.csv
2356000,2023-01-16,nighttime,6,NA,NA,2.9313130830373955e-14,150.828125,0.4582787763361504,0.4859064397095584,normal_flow,2356000.csv
2356000,2023-01-17,daytime,6,NA,NA,-1.2917529577349954e-14,155.96875,0.44328056183787645,0.4980359481014165,normal_flow,2356000.csv
2356000,2023-01-17,nighttime,6,NA,NA,5.858998303348316e-14,155.96875,0.44328056183787645,0.4980359481014165,normal_flow,2356000.csv
2356000,2023-01-18,daytime,6,0.9479002328753516,0.0040008691693384,0.6874999999999791,149.34375,0.46351624806570646,0.4969011625600127,normal_flow,2356000.csv
2356000,2023-01-18,nighttime,6,-0.8799999999999953,0.02073600000000159,-0.7039999999999306,149.34375,0.46351624806570646,0.4969011625600127,normal_flow,2356000.csv
2356000,2023-01-19,daytime,6,-0.5169842621131971,0.29361150367624056,-0.03181818181818817,137.453125,0.5075586239733365,0.4840019045351744,normal_flow,2356000.csv
2356000,2023-01-19,nighttime,6,NA,NA,NA,137.453125,0.5075586239733365,0.4840019045351744,normal_flow,2356000.csv
2356000,2023-01-20,daytime,6,NA,NA,9.337270080758927e-15,126.46875,0.5575526723009165,0.4660080149188589,normal_flow,2356000.csv
2356000,2023-01-20,nighttime,6,NA,NA,NA,126.46875,0.5575526723009165,0.4660080149188589,normal_flow,2356000.csv
2356000,2023-01-21,daytime,6,NA,NA,-1.9216514197751243e-14,119.984375,0.5951077252708011,0.4443597984366941,normal_flow,2356000.csv
2356000,2023-01-21,nighttime,6,-0.6445033866354821,0.1671033157326045,-0.23076923076922728,119.984375,0.5951077252708011,0.4443597984366941,normal_flow,2356000.csv
2356000,2023-01-22,daytime,6,-0.71066905451869955,0.11345830067616672,-0.3030303030303058,117.140625,0.6143316271872397,0.4205372376304408,normal_flow,2356000.csv
2356000,2023-01-22,nighttime,6,-0.9538591479695068,0.00314435090449651,-0.6233421750662929,117.140625,0.6143316271872397,0.4205372376304408,normal_flow,2356000.csv
2356000,2023-01-23,daytime,6,NA,NA,1.7404671430534586e-14,115.859375,0.6218902511605762,0.3979883347220569,normal_flow,2356000.csv
2356000,2023-01-23,nighttime,6,-0.7820808688600535,0.0660587682545004,-0.40776699029125546,115.859375,0.6218902511605762,0.3979883347220569,normal_flow,2356000.csv
2356000,2023-01-24,daytime,6,0.9307990631163108,0.00701746082468132,0.4819277108433532,133.171875,0.527139626234972,0.37916914653017497,normal_flow,2356000.csv
2356000,2023-01-24,nighttime,6,-0.905004288006668,0.01310764849195026,-0.32761310452416886,133.171875,0.527139626234972,0.37916914653017497,normal_flow,2356000.csv
2356000,2023-01-25,daytime,6,NA,NA,NA,193.65625,0.3572193786453994,0.36131412927032497,normal_flow,2356000.csv
2356000,2023-01-25,nighttime,6,NA,NA,NA,193.65625,0.3572193786453994,0.36131412927032497,normal_flow,2356000.csv
2356000,2023-01-26,daytime,6,NA,NA,-3.4319070426406515e-14,281.953125,0.21765266039757172,0.33962623497202715,normal_flow,2356000.csv
2356000,2023-01-26,nighttime,6,NA,NA,2.2371042969839133e-14,281.953125,0.21765266039757172,0.33962623497202715,normal_flow,2356000.csv
2356000,2023-01-27,daytime,6,0.6324555320336773,0.1778078083562199,0.7500000000000149,330.265625,0.17093203190096418,0.31299845256517084,normal_flow,2356000.csv
2356000,2023-01-27,nighttime,6,-0.8451542547285187,0.03410942316740872,-0.11904761904759475,330.265625,0.17093203190096418,0.31299845256517084,normal_flow,2356000.csv
2356000,2023-01-28,daytime,6,NA,NA,0,363.34375,0.14397095583859065,0.28333531722414,normal_flow,2356000.csv
2356000,2023-01-28,nighttime,6,-0.827652999551162,0.04199557926715661,-0.5588235294117383,363.34375,0.14397095583859065,0.28333531722414,normal_flow,2356000.csv
2356000,2023-01-29,daytime,6,1,0,1,373.375,0.13742411617664563,0.25177161449033847,normal_flow,2356000.csv
2356000,2023-01-29,nighttime,6,NA,NA,0,373.375,0.13742411617664563,0.25177161449033847,normal_flow,2356000.csv
2356000,2023-01-30,daytime,6,NA,NA,-0,350.703125,0.15396976550410665,0.21876363924929573,high_flow,2356000.csv
2356000,2023-01-30,nighttime,6,-0.961523947640824,0.00219212980669283,-0.7924528301887142,350.703125,0.15396976550410665,0.21876363924929573,high_flow,2356000.csv
2356000,2023-01-31,daytime,6,NA,NA,0,324.328125,0.17599095345792168,0.185517597111455,high_flow,2356000.csv
2356000,2023-01-31,nighttime,6,-0.8770580193070313,0.02174297846523591,-0.8000000000000109,324.328125,0.17599095345792168,0.185517597111455,high_flow,2356000.csv
2356000,2023-02-01,daytime,6,-0.7602859212697125,0.07930693349130588,-0.1734104046242864,324.875,0.17545530294012618,0.15980637225727096,high_flow,2356000.csv
2356000,2023-02-01,nighttime,6,-0.413383690957164,0.41524522196882224,-0.07594936708864143,324.875,0.17545530294012618,0.15980637225727096,high_flow,2356000.csv
2356000,2023-02-02,daytime,6,-0.610042538462836,0.1984504368045278,-0.08860759493673803,372.90625,0.13819783359123913,0.14727611792246956,high_flow,2356000.csv
2356000,2023-02-02,nighttime,6,-0.7868995982344521,0.0632790374361747,-0.3584905660377382,372.90625,0.13819783359123913,0.14727611792246956,high_flow,2356000.csv
2356000,2023-02-03,daytime,6,-0.8233311524234842,0.04406073897034991,-0.4338394793926675,424.65625,0.1081418878704916,0.14589929770265445,high_flow,2356000.csv
2356000,2023-02-03,nighttime,6,0.5477225575051745,0.2605745473680166,0.5999999999999684,424.65625,0.1081418878704916,0.14589929770265445,high_flow,2356000.csv
2356000,2023-02-04,daytime,6,NA,NA,-1.9212948981759245e-14,416.015625,0.11260564218545412,0.14954965678689044,high_flow,2356000.csv
2356000,2023-02-04,nighttime,6,NA,NA,1.1301734695156804e-14,416.015625,0.11260564218545412,0.14954965678689044,high_flow,2356000.csv
2356000,2023-02-05,daytime,6,0.8043996665398436,0.05364745112959571,0.32352941176467587,399.203125,0.12165218426377812,0.15527913343649566,high_flow,2356000.csv
2356000,2023-02-05,nighttime,6,-0.6639279357828474,0.15043791426039152,-0.3959731543623936,399.203125,0.12165218426377812,0.15527913343649566,high_flow,2356000.csv
2356000,2023-02-06,daytime,6,0.7584727410239624,0.0804583285788134,0.2696629213482956,402.8125,0.11921199857159862,0.15729873427766536,high_flow,2356000.csv
2356000,2023-02-06,nighttime,6,NA,NA,NA,402.8125,0.11921199857159862,0.15729873427766536,high_flow,2356000.csv
2356000,2023-02-07,daytime,6,NA,NA,-3.4495745177636393e-14,396.21875,0.12319961909296512,0.15356108399793675,high_flow,2356000.csv
2356000,2023-02-07,nighttime,6,NA,NA,NA,396.21875,0.12319961909296512,0.15356108399793675,high_flow,2356000.csv
2356000,2023-02-08,daytime,6,-0.7641607199008728,0.07687153909785234,-0.07299270072993942,367.046875,0.14147125342221165,0.1463714637146371,high_flow,2356000.csv
2356000,2023-02-08,nighttime,6,-0.9638753645960016,0.00193391279357918,-0.5835777126099954,367.046875,0.14147125342221165,0.1463714637146371,high_flow,2356000.csv
2356000,2023-02-09,daytime,6,0.7507759960689288,0.0854289302545426,0.17934782608691663,332.671875,0.16926556362337816,0.13906677776455184,high_flow,2356000.csv
2356000,2023-02-09,nighttime,6,-0.8021228180449862,0.05485909066653736,-0.3959390862944453,332.671875,0.16926556362337816,0.13906677776455184,high_flow,2356000.csv
2356000,2023-02-10,daytime,6,NA,NA,NA,301.203125,0.1970003571003452,0.13505931833511883,high_flow,2356000.csv
2356000,2023-02-10,nighttime,6,-0.5883484054145535,0.219306923584535,-0.153846153846156,301.203125,0.1970003571003452,0.13505931833511883,high_flow,2356000.csv
2356000,2023-02-11,daytime,6,NA,NA,NA,275.375,0.22568741816450424,0.13426179423084553,high_flow,2356000.csv
2356000,2023-02-11,nighttime,6,NA,NA,1.3388208792720599e-14,275.375,0.22568741816450424,0.13426179423084553,high_flow,2356000.csv
2356000,2023-02-12,daytime,6,NA,NA,-0,272.53125,0.22991310558266873,0.13426972979407217,high_flow,2356000.csv
2356000,2023-02-12,nighttime,6,-0.7254762501100105,0.10270042749551266,-0.394736842105215,272.53125,0.22991310558266873,0.13426972979407217,high_flow,2356000.csv
2356000,2023-02-13,daytime,6,0.6852910056145757,0.1329779617677922,0.7623762376238227,334.3125,0.16771812879419118,0.13439273102408444,high_flow,2356000.csv
2356000,2023-02-13,nighttime,6,NA,NA,1.3154693523078722e-14,334.3125,0.16771812879419118,0.13439273102408444,high_flow,2356000.csv
2356000,2023-02-14,daytime,6,0.6499753508965179,0.16233385287827265,0.8913043478260744,447.8125,0.0979050113081776,0.13534896639288974,high_flow,2356000.csv
2356000,2023-02-14,nighttime,6,NA,NA,-1.4801626729780185e-14,447.8125,0.0979050113081776,0.13534896639288974,high_flow,2356000.csv
2356000,2023-02-15,daytime,6,0.9784410980222534,6.921692410785922e-4,0.3857965451055574,535.046875,0.06814664920842757,0.13731698607308654,high_flow,2356000.csv
2356000,2023-02-15,nighttime,6,0.6101702158477543,0.19833020871695123,2.199999999999652,535.046875,0.06814664920842757,0.13731698607308654,high_flow,2356000.csv
2356000,2023-02-16,daytime,6,-0.9707253433941516,0.00127296400794077,-0.2692307692307789,542.15625,0.06588501368884657,0.13981668848946557,high_flow,2356000.csv
2356000,2023-02-16,nighttime,6,-0.6852910056145779,0.13297796176779045,-0.616000000000017,542.15625,0.06588501368884657,0.13981668848946557,high_flow,2356000.csv
2356000,2023-02-17,daytime,6,NA,NA,-2.7847474288855137e-14,499.578125,0.07808594214974408,0.14208625957227314,high_flow,2356000.csv
2356000,2023-02-17,nighttime,6,-0.8314109932105354,0.04023754009566917,-0.4838709677419565,499.578125,0.07808594214974408,0.14208625957227314,high_flow,2356000.csv
2356000,2023-02-18,daytime,6,NA,NA,-2.7350197962269052e-14,452.203125,0.09617902630639208,0.14387969686148477,high_flow,2356000.csv
2356000,2023-02-18,nighttime,6,0.9679999999999988,0.00151961600000012,0.9679999999999692,452.203125,0.09617902630639208,0.14387969686148477,high_flow,2356000.csv
2356000,2023-02-19,daytime,6,0.929669680201371,0.00724559149925264,0.5238095238095036,415.75,0.11272467563385312,0.14519303257548705,high_flow,2356000.csv
2356000,2023-02-19,nighttime,6,-0.6546536707079816,0.15830242337545403,-0.2500000000000109,415.75,0.11272467563385312,0.14519303257548705,high_flow,2356000.csv
2356000,2023-02-20,daytime,6,NA,NA,-1.0759251429785031e-14,395.796875,0.12349720271396264,0.14742689362377495,high_flow,2356000.csv
2356000,2023-02-20,nighttime,6,NA,NA,NA,395.796875,0.12349720271396264,0.14742689362377495,high_flow,2356000.csv
2356000,2023-02-21,daytime,6,NA,NA,-1.858751317824123e-14,379.109375,0.13355552910367813,0.15473157957386025,high_flow,2356000.csv
2356000,2023-02-21,nighttime,6,NA,NA,0,379.109375,0.13355552910367813,0.15473157957386025,high_flow,2356000.csv
2356000,2023-02-22,daytime,6,-0.5633458001672118,0.244372586153073,-0.02735849056604949,352.203125,0.15271991429591716,0.16780541998968376,high_flow,2356000.csv
2356000,2023-02-22,nighttime,6,-0.29277002188455903,0.5733922538253569,-0.07142857142859942,352.203125,0.15271991429591716,0.16780541998968376,high_flow,2356000.csv
2356000,2023-02-23,daytime,6,NA,NA,-4.351167857633579e-14,321.375,0.17896678966789667,0.18445423163909055,high_flow,2356000.csv
2356000,2023-02-23,nighttime,6,NA,NA,NA,321.375,0.17896678966789667,0.18445423163909055,high_flow,2356000.csv
2356000,2023-02-24,daytime,6,NA,NA,0,295.65625,0.2033091298654922,0.2032853231758124,high_flow,2356000.csv
2356000,2023-02-24,nighttime,6,NA,NA,NA,295.65625,0.2033091298654922,0.2032853231758124,high_flow,2356000.csv
2356000,2023-02-25,daytime,6,-0.6333004963811253,0.17704801807158632,-0.29411764705882065,276.84375,0.22390191643851923,0.22306868229972623,high_flow,2356000.csv
2356000,2023-02-25,nighttime,6,NA,NA,0,276.84375,0.22390191643851923,0.22306868229972623,high_flow,2356000.csv
2356000,2023-02-26,daytime,6,-0.8841795061042642,0.01934474975677397,-0.32857142857143457,260.53125,0.24538745387453875,0.24230448756100464,high_flow,2356000.csv
2356000,2023-02-26,nighttime,6,0.4559833243433483,0.363429220471168,0.207920792079257,260.53125,0.24538745387453875,0.24230448756100464,high_flow,2356000.csv
2356000,2023-02-27,daytime,6,NA,NA,-8.40225517336159e-15,247.21875,0.26342102130698725,0.2586477800261874,normal_flow,2356000.csv
2356000,2023-02-27,nighttime,6,NA,NA,NA,247.21875,0.26342102130698725,0.2586477800261874,normal_flow,2356000.csv
2356000,2023-02-28,daytime,6,-0.8551672015334452,0.02994576380767198,-0.2112676056338062,238.8125,0.2772884180454708,0.2728167281672817,normal_flow,2356000.csv
2356000,2023-02-28,nighttime,6,NA,NA,1.2062643565717331e-14,238.8125,0.2772884180454708,0.2728167281672817,normal_flow,2356000.csv
2356000,2023-03-01,daytime,6,NA,NA,-8.224000965247827e-15,228.9375,0.2940126175455303,0.2871404197912947,normal_flow,2356000.csv
2356000,2023-03-01,nighttime,6,NA,NA,2.1005637933405602e-14,228.9375,0.2940126175455303,0.2871404197912947,normal_flow,2356000.csv
2356000,2023-03-02,daytime,6,NA,NA,-1.4881317580010623e-14,213.84375,0.3178788239495298,0.3024282823473396,normal_flow,2356000.csv
2356000,2023-03-02,nighttime,6,-0.10660035817780676,0.8407051465865729,-0.06249999999999377,213.84375,0.3178788239495298,0.3024282823473396,normal_flow,2356000.csv
2356000,2023-03-03,daytime,6,0.9683296637314932,0.00148863246389321,0.7402597402597925,198.25,0.34835138673967386,0.31810895528310124,normal_flow,2356000.csv
2356000,2023-03-03,nighttime,6,NA,NA,NA,198.25,0.34835138673967386,0.31810895528310124,normal_flow,2356000.csv
2356000,2023-03-04,daytime,6,-0.5167163410201595,0.29390602896935925,-0.1354903943377337,186.46875,0.3748363290084514,0.33434511764472485,normal_flow,2356000.csv
2356000,2023-03-04,nighttime,6,0.2,0.704,0.2000000000000869,186.46875,0.3748363290084514,0.33434511764472485,normal_flow,2356000.csv
2356000,2023-03-05,daytime,6,-0.891104922700544,0.01714156037063263,-0.2023346303502093,182.1875,0.38471610522556843,0.35004562948855295,normal_flow,2356000.csv
2356000,2023-03-05,nighttime,6,NA,NA,1.5357063026943196e-14,182.1875,0.38471610522556843,0.35004562948855295,normal_flow,2356000.csv
2356000,2023-03-06,daytime,6,-0.9052752448910152,0.01303419668805969,-0.08626560726448237,193.4375,0.3578740626115939,0.361988652144586,normal_flow,2356000.csv
2356000,2023-03-06,nighttime,6,-0.683130051063961,0.13470193531897695,-0.11111111111108872,193.4375,0.3578740626115939,0.361988652144586,normal_flow,2356000.csv
2356000,2023-03-07,daytime,6,-0.8487934268276908,0.03256659137369343,-0.15384615384616504,204.34375,0.33603142483037735,0.3675118041502995,normal_flow,2356000.csv
2356000,2023-03-07,nighttime,6,NA,NA,NA,204.34375,0.33603142483037735,0.3675118041502995,normal_flow,2356000.csv
2356000,2023-03-09,daytime,6,-0.8236354084430796,0.04391384023349735,-0.3524027459954512,183.53125,0.3820378526365909,0.3593262706820617,normal_flow,2356000.csv
2356000,2023-03-09,nighttime,6,-0.7267523746672656,0.10179548060489448,-0.07042253521125923,183.53125,0.3820378526365909,0.3593262706820617,normal_flow,2356000.csv
2356000,2023-03-10,daytime,6,0.7111823583447592,0.1130774924110894,0.2023121387283128,168.375,0.414176883704321,0.35151370868547394,normal_flow,2356000.csv
2356000,2023-03-10,nighttime,6,-0.9114654303752978,0.01141057166986752,-0.4615384615384142,168.375,0.414176883704321,0.35151370868547394,normal_flow,2356000.csv
2356000,2023-03-11,daytime,6,NA,NA,-1.1953757850642058e-14,154.8125,0.4468515652898464,0.34368130778081973,normal_flow,2356000.csv
2356000,2023-03-11,nighttime,6,NA,NA,1.49511494667589e-14,154.8125,0.4468515652898464,0.34368130778081973,normal_flow,2356000.csv
2356000,2023-03-13,daytime,6,-0.9672015527315536,0.00159596594444905,-0.15654952076678863,163.4375,0.42453279371503394,0.3251239931754156,normal_flow,2356000.csv
2356000,2023-03-13,nighttime,6,-0.8223700512326634,0.04452627256642725,-0.2920353982300706,163.4375,0.42453279371503394,0.3251239931754156,normal_flow,2356000.csv
2356000,2023-03-14,daytime,6,0.6359294562593409,0.17469274636693452,0.3689320388349415,199.25,0.3462683013926913,0.3114073721382375,normal_flow,2356000.csv
2356000,2023-03-14,nighttime,6,-0.8929308994170174,0.01658197948407648,-0.5331230283911464,199.25,0.3462683013926913,0.3114073721382375,normal_flow,2356000.csv
2356000,2023-03-15,daytime,6,0.04158552410344698,0.9376576719287928,0.01167315175097231,255.875,0.25038685870729677,0.2984882752053327,normal_flow,2356000.csv
2356000,2023-03-15,nighttime,6,-0.8533604756958931,0.03067811928222015,-0.1930232558139497,255.875,0.25038685870729677,0.2984882752053327,normal_flow,2356000.csv
2356000,2023-03-16,daytime,6,NA,NA,-2.4863816329335385e-14,300.4375,0.1981311748601357,0.2862238622386224,normal_flow,2356000.csv
2356000,2023-03-16,nighttime,6,NA,NA,2.0663080237164374e-14,300.4375,0.1981311748601357,0.2862238622386224,normal_flow,2356000.csv
2356000,2023-03-17,daytime,6,-0.1662821986421051,0.7528755342761341,-0.04838709677419646,297.84375,0.2006903940007142,0.27358647780026185,normal_flow,2356000.csv
2356000,2023-03-17,nighttime,6,NA,NA,1.8061451484516757e-14,297.84375,0.2006903940007142,0.27358647780026185,normal_flow,2356000.csv
2356000,2023-03-18,daytime,6,NA,NA,NA,271.8125,0.23086537316986072,0.26091735110899494,normal_flow,2356000.csv
2356000,2023-03-18,nighttime,6,0.3114959116429886,0.5478683104271075,0.06930693069309435,271.8125,0.23086537316986072,0.26091735110899494,normal_flow,2356000.csv
2356000,2023-03-19,daytime,6,-0.46342374866583297,0.35462718311237035,-0.28225806451615443,250.875,0.25812403285323177,0.24833551561322065,high_flow,2356000.csv
2356000,2023-03-19,nighttime,6,-0.7527099294949804,0.08416738040199914,-0.11331444759206229,250.875,0.25812403285323177,0.24833551561322065,high_flow,2356000.csv
2356000,2023-03-20,daytime,6,NA,NA,-1.7247872588818623e-14,277.5625,0.22306868229972623,0.23700353132563584,high_flow,2356000.csv
2356000,2023-03-20,nighttime,6,-0.9078294297796876,0.01235160744510834,-0.19431279620852351,277.5625,0.22306868229972623,0.23700353132563584,high_flow,2356000.csv
2356000,2023-03-21,daytime,6,-0.13055824196676658,0.8052753493393394,-0.0416666666666895,352.90625,0.15212474705392215,0.22893306352418363,high_flow,2356000.csv
2356000,2023-03-21,nighttime,6,-0.6804510993672791,0.1368524410765753,-0.11872146118721356,352.90625,0.15212474705392215,0.22893306352418363,high_flow,2356000.csv
2356000,2023-03-22,daytime,6,NA,NA,-5.419665128152279e-15,365.84375,0.14224497083680515,0.22420346784113,high_flow,2356000.csv
2356000,2023-03-22,nighttime,6,NA,NA,NA,365.84375,0.14224497083680515,0.22420346784113,high_flow,2356000.csv
2356000,2023-03-23,daytime,6,-0.7420799582660049,0.09120534693116523,-0.1001241208109324,337.71875,0.16444470896321867,0.21989842479069951,high_flow,2356000.csv
2356000,2023-03-23,nighttime,6,-0.11396057645963102,0.8297991390537978,-0.04761904761904562,337.71875,0.16444470896321867,0.21989842479069951,high_flow,2356000.csv
2356000,2023-03-24,daytime,6,-0.8903555723653832,0.01737378356666194,-0.17200811359026838,305.6875,0.1924770860611832,0.21546244494703012,high_flow,2356000.csv
2356000,2023-03-24,nighttime,6,NA,NA,1.3388208792721592e-14,305.6875,0.1924770860611832,0.21546244494703012,high_flow,2356000.csv
2356000,2023-03-25,daytime,6,-0.5678741843566256,0.23975306623167228,-0.02208774583964608,276.53125,0.22413998333531723,0.2113359520691981,high_flow,2356000.csv
2356000,2023-03-25,nighttime,6,NA,NA,-2.4863816329336972e-14,276.53125,0.22413998333531723,0.2113359520691981,high_flow,2356000.csv
2356000,2023-03-26,daytime,6,NA,NA,0,250.875,0.25812403285323177,0.2068563266277824,high_flow,2356000.csv
2356000,2023-03-26,nighttime,6,0.4741046559307679,0.3421265064057593,0.5844155844155067,250.875,0.25812403285323177,0.2068563266277824,high_flow,2356000.csv
2356000,2023-03-27,daytime,6,0.2985111570629996,0.5655332664528623,0.0891089108910756,231.59375,0.2894298297821688,0.2022060865769948,high_flow,2356000.csv
2356000,2023-03-27,nighttime,6,-0.3872983346207417,0.4480998731654429,-0.6000000000001915,231.59375,0.2894298297821688,0.2022060865769948,high_flow,2356000.csv
2356000,2023-03-28,daytime,6,-0.9654704163569158,0.00176785354414622,-0.5338842975206514,222.8125,0.3034757766932508,0.200476133793596,high_flow,2356000.csv
2356000,2023-03-28,nighttime,6,-0.6625413488689005,0.15160289612371394,-0.8666666666665814,222.8125,0.3034757766932508,0.200476133793596,high_flow,2356000.csv
2356000,2023-03-29,daytime,6,0.8141523424379757,0.04859949891708829,0.3119266055045829,239.75,0.27532436614688727,0.2029202872673888,high_flow,2356000.csv
2356000,2023-03-29,nighttime,6,-0.9185586535436914,0.00967895164820738,-0.3749999999999885,239.75,0.27532436614688727,0.2029202872673888,high_flow,2356000.csv
2356000,2023-03-30,daytime,6,0.9050577590834183,0.01309313760368551,0.2241014799154244,313.46875,0.1858112129508392,0.2052890528905289,high_flow,2356000.csv
2356000,2023-03-30,nighttime,6,0.2548235957188111,0.6260380997892772,0.06493506493507134,313.46875,0.1858112129508392,0.2052890528905289,high_flow,2356000.csv
2356000,2023-03-31,daytime,6,0.8623666404708401,0.02711082213323375,0.4249578414839726,382.0625,0.13159147720509462,0.2064198706503194,high_flow,2356000.csv
2356000,2023-03-31,nighttime,6,-0.37210420376762626,0.4676047546093968,-1.7999999999998402,382.0625,0.13159147720509462,0.2064198706503194,high_flow,2356000.csv
2356000,2023-04-01,daytime,6,-0.8242368824289297,0.04362411394536947,-0.718750000000041,372.03125,0.13879300083323415,0.2066936475816371,high_flow,2356000.csv
2356000,2023-04-01,nighttime,6,-0.6400000000000046,0.17107199999999578,-0.06400000000001223,372.03125,0.13879300083323415,0.2066936475816371,high_flow,2356000.csv
2356000,2023-04-02,daytime,6,-0.8417381403631928,0.03558824646741163,-0.41509433962264847,338.125,0.16367099154862516,0.20634448279966672,high_flow,2356000.csv
2356000,2023-04-02,nighttime,6,0.906715245830683,0.01264718395953588,0.3900889453621417,338.125,0.16367099154862516,0.20634448279966672,high_flow,2356000.csv
2356000,2023-04-03,daytime,6,-0.5204834387696097,0.2897751069632066,-0.5869565217391315,311.09375,0.18837043209141768,0.2039439749236202,high_flow,2356000.csv
2356000,2023-04-03,nighttime,6,NA,NA,8.244318046042651e-15,311.09375,0.18837043209141768,0.2039439749236202,high_flow,2356000.csv
2356000,2023-04-04,daytime,6,0.7973465930221116,0.05744127910962118,0.07947019867548374,301.125,0.1971193905487442,0.19649644883545608,high_flow,2356000.csv
2356000,2023-04-04,nighttime,6,NA,NA,-0,301.125,0.1971193905487442,0.19649644883545608,high_flow,2356000.csv
2356000,2023-04-05,daytime,6,0.9478091367977928,0.00401474831661922,0.29651162790696917,310.8125,0.18878704916081415,0.1857834384795461,high_flow,2356000.csv
2356000,2023-04-05,nighttime,6,NA,NA,2.1755839288169303e-14,310.8125,0.18878704916081415,0.1857834384795461,high_flow,2356000.csv
2356000,2023-04-06,daytime,6,-0.7390760330102497,0.0932399512284902,-0.0635155096011927,322.5625,0.17777645518390667,0.17747490378129588,high_flow,2356000.csv
2356000,2023-04-06,nighttime,6,NA,NA,-8.702335715267293e-14,322.5625,0.17777645518390667,0.17747490378129588,high_flow,2356000.csv
2356000,2023-04-07,daytime,6,0.3369101405074268,0.5137558619412039,0.04127579737333653,317.90625,0.1814069753600762,0.17682815537832797,high_flow,2356000.csv
2356000,2023-04-07,nighttime,6,NA,NA,-2.737024942705021e-14,317.90625,0.1814069753600762,0.17682815537832797,high_flow,2356000.csv
2356000,2023-04-08,daytime,6,NA,NA,2.008231318908049e-14,301.40625,0.1965837400309487,0.18105781057810577,high_flow,2356000.csv
2356000,2023-04-08,nighttime,6,NA,NA,NA,301.40625,0.1965837400309487,0.18105781057810577,high_flow,2356000.csv
2356000,2023-04-09,daytime,6,-0.6799001036500855,0.1372965665949389,-0.8749999999999812,280.34375,0.2189025116057612,0.18469626631750188,high_flow,2356000.csv
2356000,2023-04-09,nighttime,6,0.7211102550927957,0.10582328368493216,0.06666666666667101,280.34375,0.2189025116057612,0.18469626631750188,high_flow,2356000.csv
2356000,2023-04-10,daytime,6,0.8132348508282574,0.04906453320115875,0.4309927360774694,278.125,0.2221164147125342,0.1861008610086101,high_flow,2356000.csv
2356000,2023-04-10,nighttime,6,NA,NA,1.6058791741706183e-14,278.125,0.2221164147125342,0.1861008610086101,high_flow,2356000.csv
2356000,2023-04-11,daytime,6,0.9400278879076892,0.00528713186793521,0.15463917525772491,322.6875,0.17771693845970718,0.18568027615760027,high_flow,2356000.csv
2356000,2023-04-11,nighttime,6,NA,NA,2.6107007145817147e-14,322.6875,0.17771693845970718,0.18568027615760027,high_flow,2356000.csv
2356000,2023-04-12,daytime,6,NA,NA,-9.211385993876332e-15,365.03125,0.14278062135460065,0.1851128833868984,high_flow,2356000.csv
2356000,2023-04-12,nighttime,6,NA,NA,1.1835176572763592e-14,365.03125,0.14278062135460065,0.1851128833868984,high_flow,2356000.csv
2356000,2023-04-13,daytime,6,0.636595070120765,0.1740985159690255,0.13508442776735513,354.65625,0.15069634567313414,0.1863428956870214,high_flow,2356000.csv
2356000,2023-04-13,nighttime,6,NA,NA,1.7916573531432487e-14,354.65625,0.15069634567313414,0.1863428956870214,high_flow,2356000.csv
2356000,2023-04-14,daytime,6,NA,NA,-5.541934964972309e-15,324.15625,0.17610998690632068,0.19014799825417608,high_flow,2356000.csv
2356000,2023-04-14,nighttime,6,0.5290486946130938,0.280465344585771,0.16233766233765615,324.15625,0.17610998690632068,0.19014799825417608,high_flow,2356000.csv
2356000,2023-04-15,daytime,6,0.7660867921429423,0.07567375715712446,0.09670329670328816,302.875,0.19503630520176168,0.19591318493830095,high_flow,2356000.csv
2356000,2023-04-15,nighttime,6,NA,NA,1.7404671430534286e-14,302.875,0.19503630520176168,0.19591318493830095,high_flow,2356000.csv
2356000,2023-04-16,daytime,6,NA,NA,-2.2173074562187777e-14,304.90625,0.1933698369241757,0.2031543863825735,high_flow,2356000.csv
2356000,2023-04-16,nighttime,6,NA,NA,2.9294991516741125e-14,304.90625,0.1933698369241757,0.2031543863825735,high_flow,2356000.csv
2356000,2023-04-17,daytime,6,NA,NA,-9.7379600366224e-15,314.6875,0.1847399119152482,0.2114153077014641,high_flow,2356000.csv
2356000,2023-04-17,nighttime,6,0.19316685232155817,0.7138535807027662,0.01865671641792547,314.6875,0.1847399119152482,0.2114153077014641,high_flow,2356000.csv
2356000,2023-04-18,daytime,6,0.7183254632931718,0.10783671136828804,0.10945273631840118,317.03125,0.1820616593262707,0.22207276911478793,high_flow,2356000.csv
2356000,2023-04-18,nighttime,6,-0.8376578325255545,0.03739320677552702,-0.13365155131263684,317.03125,0.1820616593262707,0.22207276911478793,high_flow,2356000.csv
2356000,2023-04-19,daytime,6,-0.4857481662079438,0.3286842017119446,-0.02225955480891211,311,0.1886084989882157,0.23771773201602983,high_flow,2356000.csv
2356000,2023-04-19,nighttime,6,NA,NA,1.5035449141561582e-14,311,0.1886084989882157,0.23771773201602983,high_flow,2356000.csv
2356000,2023-04-20,daytime,6,NA,NA,-8.122180000916134e-15,292.15625,0.2072372336626592,0.25759235011704956,normal_flow,2356000.csv
2356000,2023-04-20,nighttime,6,0.4152273992687023,0.4129543665511455,0.08620689655175037,292.15625,0.2072372336626592,0.25759235011704956,normal_flow,2356000.csv
2356000,2023-04-21,daytime,6,NA,NA,-1.0006169986195871e-14,268.6875,0.2348529936912272,0.2791215331508154,normal_flow,2356000.csv
2356000,2023-04-21,nighttime,6,1,0,0.3333333333333913,268.6875,0.2348529936912272,0.2791215331508154,normal_flow,2356000.csv
2356000,2023-04-22,daytime,6,NA,NA,-1.0041156594539162e-14,244.46875,0.2678847756219498,0.2996309963099631,normal_flow,2356000.csv
2356000,2023-04-22,nighttime,6,NA,NA,NA,244.46875,0.2678847756219498,0.2996309963099631,normal_flow,2356000.csv
2356000,2023-04-23,daytime,6,0.7608274120662161,0.0789645324543022,0.03911205073994404,221.65625,0.3052017616950363,0.3165575526723009,normal_flow,2356000.csv
2356000,2023-04-23,nighttime,6,0.9588566892832564,0.00250433490257319,0.3695652173913277,221.65625,0.3052017616950363,0.3165575526723009,normal_flow,2356000.csv
2356000,2023-04-24,daytime,6,0.5753736200007923,0.23217967009204943,0.0312315851502564,201.1875,0.3428163313891203,0.32960361861683135,normal_flow,2356000.csv
2356000,2023-04-24,nighttime,6,NA,NA,1.2820405294813442e-14,201.1875,0.3428163313891203,0.32960361861683135,normal_flow,2356000.csv
2356000,2023-04-25,daytime,6,0.9239911471993792,0.00844645384650031,0.2095115681233828,183.5625,0.3819783359123914,0.3371543070269412,normal_flow,2356000.csv
2356000,2023-04-25,nighttime,6,0.6009094359141419,0.20712768626482253,0.03924914675768608,183.5625,0.3819783359123914,0.3371543070269412,normal_flow,2356000.csv
2356000,2023-04-26,daytime,6,0.45835280504151626,0.3606178426666254,0.01842870999029479,169.1875,0.4123913819783359,0.3409197317779629,normal_flow,2356000.csv
2356000,2023-04-26,nighttime,6,0.5883484054145509,0.21930692358453757,0.4615384615385432,169.1875,0.4123913819783359,0.3409197317779629,normal_flow,2356000.csv
2356000,2023-04-27,daytime,6,NA,NA,NA,156.8125,0.4408998928698965,0.34255445780264254,normal_flow,2356000.csv
2356000,2023-04-27,nighttime,6,0.5412658773652789,0.2673881777067622,0.07812500000001558,156.8125,0.4408998928698965,0.34255445780264254,normal_flow,2356000.csv
2356000,2023-04-28,daytime,6,-0.07942418183940551,0.8811142390790755,-0.00630820066086422,146.125,0.47363409117962146,0.34342736975756855,normal_flow,2356000.csv
2356000,2023-04-28,nighttime,6,NA,NA,NA,146.125,0.47363409117962146,0.34342736975756855,normal_flow,2356000.csv
2356000,2023-04-29,daytime,6,NA,NA,-2.610700714579755e-14,143.65625,0.48375193429353647,0.34458596198865216,normal_flow,2356000.csv
2356000,2023-04-29,nighttime,6,0.4338609156373099,0.39004259507460504,0.4000000000000393,143.65625,0.48375193429353647,0.34458596198865216,normal_flow,2356000.csv
2356000,2023-04-30,daytime,6,NA,NA,-9.073063021523054e-15,154.0625,0.44893465063682897,0.34618497797881204,normal_flow,2356000.csv
2356000,2023-04-30,nighttime,6,0.6870171108000674,0.1316077992524061,0.2488687782805717,154.0625,0.44893465063682897,0.34618497797881204,normal_flow,2356000.csv
2356000,2023-05-01,daytime,6,0.8591740042021121,0.02835151380396429,0.23487544483984943,179.9375,0.3890608260921319,0.3475379915089473,normal_flow,2356000.csv
2356000,2023-05-01,nighttime,6,NA,NA,2.4732954138128425e-14,179.9375,0.3890608260921319,0.3475379915089473,normal_flow,2356000.csv
2356000,2023-05-02,daytime,6,0.9929300256866228,7.480011049212753e-5,0.7936117936117993,226.15625,0.2980002380668968,0.34888306947585607,normal_flow,2356000.csv
2356000,2023-05-02,nighttime,6,0.3854686994451409,0.4504345997113752,0.04370179948587566,226.15625,0.2980002380668968,0.34888306947585607,normal_flow,2356000.csv
2356000,2023-05-03,daytime,6,0.9914854056573628,1.0843882835038632e-4,0.4791208791208905,265.65625,0.23854303059159623,0.3500694361782328,normal_flow,2356000.csv
2356000,2023-05-03,nighttime,6,0.9617112313046384,0.00217097847419688,0.4881355932203461,265.65625,0.23854303059159623,0.3500694361782328,normal_flow,2356000.csv
2356000,2023-05-04,daytime,6,0.9944269351743552,4.650203027239881e-5,0.3727522096921661,286.15625,0.21312938935840972,0.35131531960480894,normal_flow,2356000.csv
2356000,2023-05-04,nighttime,6,0.9519081007419056,0.00341363194907791,0.5300000000000101,286.15625,0.21312938935840972,0.35131531960480894,normal_flow,2356000.csv
2356000,2023-05-05,daytime,6,0.9623776799666928,0.00209653239817432,0.4517906336088251,279.09375,0.2203309129865492,0.35248978296234573,normal_flow,2356000.csv
2356000,2023-05-05,nighttime,6,0.8689849926428997,0.02462296637303118,0.3926701570680534,279.09375,0.2203309129865492,0.35248978296234573,normal_flow,2356000.csv
2356000,2023-05-06,daytime,6,0.9916025790203752,1.0547893954327948e-4,0.7932917316692798,254.625,0.25223187715748124,0.35223584493909454,normal_flow,2356000.csv
2356000,2023-05-06,nighttime,6,-0.6324555320336748,0.1778078083562222,-0.24999999999999392,254.625,0.25223187715748124,0.35223584493909454,normal_flow,2356000.csv
2356000,2023-05-07,daytime,6,0.994262717998994,4.928018179032146e-5,0.6260869565217608,230.1875,0.29187001547434827,0.35059715113280165,normal_flow,2356000.csv
2356000,2023-05-07,nighttime,6,NA,NA,NA,230.1875,0.29187001547434827,0.35059715113280165,normal_flow,2356000.csv
2356000,2023-05-08,daytime,6,0.9977659260673122,7.481054277132643e-6,0.8258977149075112,209.3125,0.32549696464706585,0.34966472245367614,normal_flow,2356000.csv
2356000,2023-05-08,nighttime,6,0.7595545253127529,0.0797704789480126,3.0000000000000866,209.3125,0.32549696464706585,0.34966472245367614,normal_flow,2356000.csv
2356000,2023-05-09,daytime,6,0.994210026369111,5.018864102607928e-5,1.0950323974082226,191.21875,0.36299250089275087,0.35197000357100344,normal_flow,2356000.csv
2356000,2023-05-09,nighttime,6,0.8919017444789032,0.0168962726270132,1.916666666666714,191.21875,0.36299250089275087,0.35197000357100344,normal_flow,2356000.csv
2356000,2023-05-10,daytime,6,0.9962920888613662,2.0597418215174273e-5,0.7450735064122549,175.15625,0.3997738364480419,0.36038170059119945,normal_flow,2356000.csv
2356000,2023-05-10,nighttime,6,0.942810539434584,0.0048124286911303,2.6714285714285464,175.15625,0.3997738364480419,0.36038170059119945,normal_flow,2356000.csv
2356000,2023-05-11,daytime,6,0.9836782054974276,3.974273926852927e-4,0.801581027667981,160.625,0.4310796333769789,0.373336507558624,normal_flow,2356000.csv
2356000,2023-05-11,nighttime,6,0.911475501315752,0.01140801533903459,2.9499999999996938,160.625,0.4310796333769789,0.373336507558624,normal_flow,2356000.csv
2356000,2023-05-12,daytime,6,0.4417261042993931,0.38050607323865737,0.7804878048780282,150.75,0.4585168432329485,0.3885767567353093,normal_flow,2356000.csv
2356000,2023-05-12,nighttime,6,0.9163741427455232,0.01019751631749254,1.921052631578908,150.75,0.4585168432329485,0.3885767567353093,normal_flow,2356000.csv
2356000,2023-05-13,daytime,6,0.9768197802877032,7.997562510666387e-4,0.3618634886240432,147.53125,0.4698250208308535,0.4012062056104432,normal_flow,2356000.csv
2356000,2023-05-13,nighttime,6,0.6869094992749593,0.13169304072233315,1.8000000000001333,147.53125,0.4698250208308535,0.4012062056104432,normal_flow,2356000.csv
2356000,2023-05-14,daytime,6,0.9868055887358158,2.5999020896629304e-4,0.505936675461739,150.59375,0.45917152719914295,0.4066301630758243,normal_flow,2356000.csv
2356000,2023-05-14,nighttime,6,0.9752368720068652,9.122262320952072e-4,1.0937499999999143,150.59375,0.45917152719914295,0.4066301630758243,normal_flow,2356000.csv
2356000,2023-05-15,daytime,6,0.9434790028961638,0.00470165302854163,0.2628638635695327,159.0625,0.4349482204499464,0.4064793873745189,normal_flow,2356000.csv
2356000,2023-05-15,nighttime,6,NA,NA,NA,159.0625,0.4349482204499464,0.4064793873745189,normal_flow,2356000.csv
2356000,2023-05-16,daytime,6,0.8232775496475412,0.04408664277544227,0.17338709677419578,163.90625,0.42364004285204143,0.4039122326707138,normal_flow,2356000.csv
2356000,2023-05-16,nighttime,6,0.837408046376409,0.03750506297523522,1.435897435897358,163.90625,0.42364004285204143,0.4039122326707138,normal_flow,2356000.csv
2356000,2023-05-17,daytime,6,-0.44000000000000106,0.3825919999999988,-0.08799999999997599,163.6875,0.4241756933698369,0.3985477919295322,normal_flow,2356000.csv
2356000,2023-05-17,nighttime,6,0.9276561354872804,0.00766114141794869,0.6580645161290345,163.6875,0.4241756933698369,0.3985477919295322,normal_flow,2356000.csv
2356000,2023-05-18,daytime,6,0.9479670402677308,0.0039907055783231,0.2971698113207588,159.75,0.4328651351029639,0.3876959092171567,normal_flow,2356000.csv
2356000,2023-05-18,nighttime,6,0.8283153665625826,0.04168316510040853,0.3030303030302948,159.75,0.4328651351029639,0.3876959092171567,normal_flow,2356000.csv
2356000,2023-05-19,daytime,6,0.9053208498544216,0.0130218535602429,0.3351424694708345,156.46875,0.44173312700868944,0.3722413998333532,normal_flow,2356000.csv
2356000,2023-05-19,nighttime,6,NA,NA,2.5190971807352688e-14,156.46875,0.44173312700868944,0.3722413998333532,normal_flow,2356000.csv
2356000,2023-05-20,daytime,6,0.8548572011254958,0.03007082764157124,0.2022160664819957,170.5625,0.4097726461135579,0.35485061302225923,normal_flow,2356000.csv
2356000,2023-05-20,nighttime,6,0.5543218625245879,0.2536812014555322,0.1772727272727352,170.5625,0.4097726461135579,0.35485061302225923,normal_flow,2356000.csv
2356000,2023-05-21,daytime,6,0.8398633859829703,0.03641235226451642,0.1669626998223758,205.53125,0.3335912391381978,0.33788041106217515,normal_flow,2356000.csv
2356000,2023-05-21,nighttime,6,NA,NA,1.9273629436501524e-14,205.53125,0.3335912391381978,0.33788041106217515,normal_flow,2356000.csv
2356000,2023-05-22,daytime,6,NA,NA,-3.5021594951685534e-14,231.4375,0.2896083799547673,0.32360830059913503,normal_flow,2356000.csv
2356000,2023-05-22,nighttime,6,NA,NA,2.3733642859819942e-14,231.4375,0.2896083799547673,0.32360830059913503,normal_flow,2356000.csv
2356000,2023-05-23,daytime,6,0.8215838362577488,0.04490879035036677,0.22499999999999265,233.03125,0.2869896440899893,0.3133515851287545,normal_flow,2356000.csv
2356000,2023-05-23,nighttime,6,NA,NA,9.533769063859798e-15,233.03125,0.2869896440899893,0.3133515851287545,normal_flow,2356000.csv
2356000,2023-05-24,daytime,6,NA,NA,-1.9273629436495352e-14,235.53125,0.2825258897750268,0.3062214815696544,normal_flow,2356000.csv
2356000,2023-05-24,nighttime,6,-0.8091908426604774,0.05113869905245481,-0.3977695167285791,235.53125,0.2825258897750268,0.3062214815696544,normal_flow,2356000.csv
2356000,2023-05-25,daytime,6,0.6852095994087859,0.1330427324553462,0.13414634146341145,266.71875,0.23699559576240925,0.3015156925762806,normal_flow,2356000.csv
2356000,2023-05-25,nighttime,6,-0.851843401928598,0.03129951969588611,-0.4782608695651586,266.71875,0.23699559576240925,0.3015156925762806,normal_flow,2356000.csv
2356000,2023-05-26,daytime,6,0.8344083302332156,0.03886059008346732,0.424418604651178,299.46875,0.1992619926199262,0.2983533706304805,normal_flow,2356000.csv
2356000,2023-05-26,nighttime,6,-0.6567672978933176,0.1564951345713436,-0.19029850746267993,299.46875,0.1992619926199262,0.2983533706304805,normal_flow,2356000.csv
2356000,2023-05-27,daytime,6,0.6500836066631532,0.16224008254365796,0.11739130434782438,300.6875,0.1976550410665397,0.2957346347657025,normal_flow,2356000.csv
2356000,2023-05-27,nighttime,6,0.04724555912615034,0.929184390729442,0.00892857142857416,300.6875,0.1976550410665397,0.2957346347657025,normal_flow,2356000.csv
2356000,2023-05-28,daytime,6,0.8535651663929199,0.03059472792085961,0.11287758346581392,284.1875,0.21527199142959172,0.2964845454906162,normal_flow,2356000.csv
2356000,2023-05-28,nighttime,6,0.7873085300881967,0.06304565971344148,0.13559322033897875,284.1875,0.21527199142959172,0.2964845454906162,normal_flow,2356000.csv
2356000,2023-05-29,daytime,6,0.6569466853317864,0.1563421514686532,0.05263157894735883,260.5625,0.2450898702535413,0.3045073999127088,normal_flow,2356000.csv
2356000,2023-05-29,nighttime,6,0.7005166394541471,0.121105051148669,0.20535714285714815,260.5625,0.2450898702535413,0.3045073999127088,normal_flow,2356000.csv
2356000,2023-05-30,daytime,6,0.8396143642293822,0.03652248410846385,0.2533814247069375,236.375,0.28109748839423876,0.3185374756973376,normal_flow,2356000.csv
2356000,2023-05-30,nighttime,6,0.8182752755501889,0.04653518587893648,0.2289512555391421,236.375,0.28109748839423876,0.3185374756973376,normal_flow,2356000.csv
2356000,2023-05-31,daytime,6,-0.3468208435329381,0.5006273548276632,-0.04626334519573168,214.53125,0.3166884894655398,0.3362139427845891,normal_flow,2356000.csv
2356000,2023-05-31,nighttime,6,0.7633225336137875,0.07739544576317067,0.27419354838708637,214.53125,0.3166884894655398,0.3362139427845891,normal_flow,2356000.csv
2356000,2023-06-01,daytime,6,0.9693536323996844,0.00139440823875841,0.4236111111111164,195.5,0.3535888584692298,0.35852477879617506,normal_flow,2356000.csv
2356000,2023-06-01,nighttime,6,0.49251828131120634,0.32095870621202544,0.4158415841584007,195.5,0.3535888584692298,0.35852477879617506,normal_flow,2356000.csv
2356000,2023-06-02,daytime,6,0.9119132648833104,0.01129716484680158,0.2269076305220888,181.75,0.3854303059159624,0.3872554854580803,normal_flow,2356000.csv
2356000,2023-06-02,nighttime,6,0.5180747889917533,0.2924138383807806,0.28252788104086496,181.75,0.3854303059159624,0.3872554854580803,normal_flow,2356000.csv
2356000,2023-06-03,daytime,6,0.9802990151834028,5.783699442908225e-4,0.35514705882353204,174,0.4024520890370194,0.421068920366623,normal_flow,2356000.csv
2356000,2023-06-03,nighttime,6,0.9146591207600476,0.01061382689027569,0.2962962962962973,174,0.4024520890370194,0.421068920366623,normal_flow,2356000.csv
2356000,2023-06-04,daytime,6,0.9692553153508112,0.00140332296552111,0.4669151910531232,165.25,0.4210213069872634,0.4571519263579733,normal_flow,2356000.csv
2356000,2023-06-04,nighttime,6,0.8641691793396828,0.02642197763708772,0.4051724137930965,165.25,0.4210213069872634,0.4571519263579733,normal_flow,2356000.csv
2356000,2023-06-05,daytime,6,0.9810832350525472,5.333813687349411e-4,0.342394145321498,152.34375,0.453934055469587,0.49397293972939726,normal_flow,2356000.csv
2356000,2023-06-05,nighttime,6,0.90208141704406,0.01391264925193148,0.38709677419354704,152.34375,0.453934055469587,0.49397293972939726,normal_flow,2356000.csv
2356000,2023-06-06,daytime,6,0.9290114918625209,0.00738018381303194,0.29834254143646943,139.3125,0.5000595167241995,0.5305479506407967,normal_flow,2356000.csv
2356000,2023-06-06,nighttime,6,0.8941021220482382,0.01622775233936572,0.4651162790697555,139.3125,0.5000595167241995,0.5305479506407967,normal_flow,2356000.csv
2356000,2023-06-07,daytime,6,0.9383021146734088,0.00559251309923953,0.5172413793103465,127.40625,0.552136650398762,0.5644843867793516,normal_flow,2356000.csv
2356000,2023-06-07,nighttime,6,0.9331941023491906,0.0065454636468103,0.4537444933920651,127.40625,0.552136650398762,0.5644843867793516,normal_flow,2356000.csv
2356000,2023-06-08,daytime,6,0.9805697630717648,5.626333720564292e-4,0.3585657370517804,116.59375,0.6171884299488156,0.592897670912193,normal_flow,2356000.csv
2356000,2023-06-08,nighttime,6,0.9292515159461782,0.00733096160243444,0.3882681564245853,116.59375,0.6171884299488156,0.592897670912193,normal_flow,2356000.csv
2356000,2023-06-09,daytime,6,0.9957548553357536,2.6993628417094045e-5,0.5605810498514359,107.4375,0.6679561956909892,0.6118993770582867,normal_flow,2356000.csv
2356000,2023-06-09,nighttime,6,0.9085502827066912,0.01216217687417322,0.3739669421487694,107.4375,0.6679561956909892,0.6118993770582867,normal_flow,2356000.csv
2356000,2023-06-10,daytime,6,0.974058832020958,0.00100068781495931,0.6224066390041442,99.125,0.7064635162480657,0.6121453795183113,normal_flow,2356000.csv
2356000,2023-06-10,nighttime,6,0.9662208069167068,0.00169227922607354,0.4136125654450344,99.125,0.7064635162480657,0.6121453795183113,normal_flow,2356000.csv
2356000,2023-06-11,daytime,6,0.9974393781635472,9.826781561591125e-6,0.9784560143626748,91.125,0.7389001309367932,0.5984803396421061,normal_flow,2356000.csv
2356000,2023-06-11,nighttime,6,0.9633596481097372,0.00198917796187108,0.4911392405063385,91.125,0.7389001309367932,0.5984803396421061,normal_flow,2356000.csv
2356000,2023-06-12,daytime,6,0.9952512740330248,3.377205463312901e-5,0.9616895874263428,84.0625,0.7675871920009523,0.5790342419553227,normal_flow,2356000.csv
2356000,2023-06-12,nighttime,6,0.9846153846153856,3.5320892125620965e-4,1.27999999999999,84.0625,0.7675871920009523,0.5790342419553227,normal_flow,2356000.csv
2356000,2023-06-13,daytime,6,0.9867857176813708,2.60772164927509e-4,1.1222707423580942,78.5,0.7937150339245328,0.5566757925643773,normal_flow,2356000.csv
2356000,2023-06-13,nighttime,6,0.9823329312364903,4.654308083077621e-4,1.1064638783269956,78.5,0.7937150339245328,0.5566757925643773,normal_flow,2356000.csv
2356000,2023-06-14,daytime,6,0.9131687961362136,0.01098214815776515,0.8619854721549505,79.21875,0.7901440304725628,0.5311232789747252,normal_flow,2356000.csv
2356000,2023-06-14,nighttime,6,0.9966880656857632,1.64351991998369e-5,0.815699658703064,79.21875,0.7901440304725628,0.5311232789747252,normal_flow,2356000.csv
2356000,2023-06-15,daytime,6,0.8664912593338822,0.02554700688107471,0.2215496368038661,90.15625,0.7428877514581598,0.5010236876562314,normal_flow,2356000.csv
2356000,2023-06-15,nighttime,6,0.9424497275381728,0.00487274656511055,0.5431754874651658,90.15625,0.7428877514581598,0.5010236876562314,normal_flow,2356000.csv
2356000,2023-06-16,daytime,6,0.5866659766167753,0.22095949364031336,0.21698113207547445,113.0625,0.6386144506606356,0.4655001388723565,normal_flow,2356000.csv
2356000,2023-06-16,nighttime,6,-0.8661352193614688,0.02568025556748169,-0.27714033539273675,113.0625,0.6386144506606356,0.4655001388723565,normal_flow,2356000.csv
2356000,2023-06-17,daytime,6,-0.7774288420142341,0.06879402440052824,-0.35714285714291893,179.90625,0.3891203428163314,0.4256279014403047,normal_flow,2356000.csv
2356000,2023-06-17,nighttime,6,-0.7960979398444379,0.0581253540656254,-0.04970760233917928,179.90625,0.3891203428163314,0.4256279014403047,normal_flow,2356000.csv
2356000,2023-06-18,daytime,6,NA,NA,-8.879934403334411e-15,300.828125,0.1974764908939412,0.38294250684442327,normal_flow,2356000.csv
2356000,2023-06-18,nighttime,6,0.4894578037957895,0.3244427383365648,0.6623376623376575,300.828125,0.1974764908939412,0.38294250684442327,normal_flow,2356000.csv
2356000,2023-06-19,daytime,6,-0.6324555320336791,0.17780780835621823,-0.2499999999999705,385.015625,0.12932984168551362,0.33863032178708885,normal_flow,2356000.csv
2356000,2023-06-19,nighttime,6,NA,NA,1.050281896670238e-14,385.015625,0.12932984168551362,0.33863032178708885,normal_flow,2356000.csv
2356000,2023-06-20,daytime,6,0.9296647613532114,0.00724659286993949,0.21126760563381275,403.875,0.11855731460540413,0.2934214180851486,normal_flow,2356000.csv
2356000,2023-06-20,nighttime,6,NA,NA,NA,403.875,0.11855731460540413,0.2934214180851486,normal_flow,2356000.csv
2356000,2023-06-21,daytime,6,0.29277002188455997,0.5733922538253555,0.03571428571428323,407.78125,0.11677181287941912,0.24745070031345476,high_flow,2356000.csv
2356000,2023-06-21,nighttime,6,0.6009935625140772,0.20704706892671393,0.6883116883115578,407.78125,0.11677181287941912,0.24745070031345476,high_flow,2356000.csv
2356000,2023-06-22,daytime,6,0.167983333699321,0.7503951099365076,0.05752212389380935,441.390625,0.1006427806213546,0.2025036701979923,high_flow,2356000.csv
2356000,2023-06-22,nighttime,6,0.8046726868329923,0.05350300092459859,0.49514563106796883,441.390625,0.1006427806213546,0.2025036701979923,high_flow,2356000.csv
2356000,2023-06-23,daytime,6,0.8868421105560891,0.01848258505219011,0.2132851333032086,483.78125,0.08433519819069159,0.16189342538586676,high_flow,2356000.csv
2356000,2023-06-23,nighttime,6,NA,NA,5.4682540401141834e-15,483.78125,0.08433519819069159,0.16189342538586676,high_flow,2356000.csv
2356000,2023-06-24,daytime,6,-0.8182532991308138,0.0465460788281869,-0.30769230769232075,527.515625,0.06987263421021307,0.12977423322620324,high_flow,2356000.csv
2356000,2023-06-24,nighttime,6,0.6919053632356177,0.1277609312332905,0.31221719457015884,527.515625,0.06987263421021307,0.12977423322620324,high_flow,2356000.csv
2356000,2023-06-25,daytime,6,0.8987170342729198,0.01486786627776312,0.2857142857142864,541.546875,0.06618259730984406,0.11612109669483792,high_flow,2356000.csv
2356000,2023-06-25,nighttime,6,0.9251323245352692,0.00819793026381268,0.8103448275862202,541.546875,0.06618259730984406,0.11612109669483792,high_flow,2356000.csv
2356000,2023-06-26,daytime,6,0.634613844069584,0.17586975181264336,0.08568824065633165,513.53125,0.07421735507677657,0.11712891322461612,high_flow,2356000.csv
2356000,2023-06-26,nighttime,6,NA,NA,NA,513.53125,0.07421735507677657,0.11712891322461612,high_flow,2356000.csv
2356000,2023-06-27,daytime,6,0.7211102550927969,0.10582328368493132,0.06666666666666643,468.0625,0.08945363647184859,0.12426298456532953,high_flow,2356000.csv
2356000,2023-06-27,nighttime,6,NA,NA,NA,468.0625,0.08945363647184859,0.12426298456532953,high_flow,2356000.csv
2356000,2023-06-28,daytime,6,0.7224219619614691,0.10488071695424991,0.04142011834319487,433.203125,0.1041542673491251,0.13289687735587033,high_flow,2356000.csv
2356000,2023-06-28,nighttime,6,-0.5012804118276049,0.3110607673343692,-0.3888888888887996,433.203125,0.1041542673491251,0.13289687735587033,high_flow,2356000.csv
2356000,2023-06-29,daytime,6,0.5470252656151893,0.26130710315017386,0.05343511450382416,409.234375,0.11593857874062612,0.14203864619291354,high_flow,2356000.csv
2356000,2023-06-29,nighttime,6,0.9799366622741352,5.997681579405744e-4,1.0172413793102424,409.234375,0.11593857874062612,0.14203864619291354,high_flow,2356000.csv
2356000,2023-06-30,daytime,6,NA,NA,-4.580176692245985e-15,379.03125,0.13373407927627665,0.15215252152521525,high_flow,2356000.csv
2356000,2023-06-30,nighttime,6,0.9666803969053512,0.00164679828136532,0.5051194539249008,379.03125,0.13373407927627665,0.15215252152521525,high_flow,2356000.csv
2356000,2023-07-01,daytime,6,0.9323999448284068,0.00670019292262196,0.22592766557068977,346.40625,0.15682656826568267,0.1632781811689085,high_flow,2356000.csv
2356000,2023-07-01,nighttime,6,0.20000000000000648,0.7039999999999906,0.02000000000000368,346.40625,0.15682656826568267,0.1632781811689085,high_flow,2356000.csv
2356000,2023-07-02,daytime,6,0.7806435734153814,0.06689844970757171,0.0818181818181798,314.90625,0.1843232948458517,0.1757132087449907,high_flow,2356000.csv
2356000,2023-07-02,nighttime,6,-0.8206518066482942,0.0453642249193342,-0.42857142857137576,314.90625,0.1843232948458517,0.1757132087449907,high_flow,2356000.csv
2356000,2023-07-03,daytime,6,0.9222045955971524,0.00884277366546072,0.24278846153846476,286.828125,0.21259373884061425,0.1892235051382772,high_flow,2356000.csv
2356000,2023-07-03,nighttime,6,0.8852533362759817,0.0189947722492698,0.4897959183673298,286.828125,0.21259373884061425,0.1892235051382772,high_flow,2356000.csv
2356000,2023-07-04,daytime,6,0.9604506681684484,0.00231529393574543,0.2957746478873364,267.484375,0.23634091179621475,0.2018132761972781,high_flow,2356000.csv
2356000,2023-07-04,nighttime,6,0.6512896090258374,0.16119699876789056,0.3252032520325164,267.484375,0.23634091179621475,0.2018132761972781,high_flow,2356000.csv
2356000,2023-07-05,daytime,6,0.6618329197676796,0.15219957920254223,0.13688212927757046,258.359375,0.24806570646351625,0.2116375034718089,high_flow,2356000.csv
2356000,2023-07-05,nighttime,6,0.944466689054026,0.00454029199797706,0.4843749999999841,258.359375,0.24806570646351625,0.2116375034718089,high_flow,2356000.csv
2356000,2023-07-06,daytime,6,0.9142936514675616,0.01070358592636503,0.1931453052481248,253.21875,0.25389834543506723,0.21932706423838433,high_flow,2356000.csv
2356000,2023-07-06,nighttime,6,0.6350852961085964,0.1754475905523421,0.07333333333333461,253.21875,0.25389834543506723,0.21932706423838433,high_flow,2356000.csv
2356000,2023-07-07,daytime,6,-0.4709579447055667,0.3457926453083038,-0.02263279445727768,254.5625,0.2523509106058803,0.22581835495774313,high_flow,2356000.csv
2356000,2023-07-07,nighttime,6,0.7662337662337713,0.0755827070551276,0.3831168831168923,254.5625,0.2523509106058803,0.22581835495774313,high_flow,2356000.csv
2356000,2023-07-08,daytime,6,0.7603334070593837,0.0792768800284099,0.17256922086284676,255.375,0.25122009284608976,0.23099234218148632,high_flow,2356000.csv
2356000,2023-07-08,nighttime,6,NA,NA,-0,255.375,0.25122009284608976,0.23099234218148632,high_flow,2356000.csv
2356000,2023-07-09,daytime,6,NA,NA,-0,251.796875,0.25639804785144626,0.23230567789548864,high_flow,2356000.csv
2356000,2023-07-09,nighttime,6,0.5969128791852667,0.2109721985549592,0.15835777126098824,251.796875,0.25639804785144626,0.23230567789548864,high_flow,2356000.csv
2356000,2023-07-10,daytime,6,-0.08042577512222097,0.8796214465505696,-0.00646830530400885,243.59375,0.26883704320914176,0.23036940046819823,high_flow,2356000.csv
2356000,2023-07-10,nighttime,6,0.30714755841698355,0.5537667547526851,0.16666666666669597,243.59375,0.26883704320914176,0.23036940046819823,high_flow,2356000.csv
2356000,2023-07-11,daytime,6,NA,NA,0,247.359375,0.26306392096179027,0.22668729913105584,high_flow,2356000.csv
2356000,2023-07-11,nighttime,6,-0.7932783987031127,0.05968372876839444,-0.2517162471395874,247.359375,0.26306392096179027,0.22668729913105584,high_flow,2356000.csv
2356000,2023-07-12,daytime,6,-0.8922268747739003,0.01679667484989347,-0.32432432432436425,266.875,0.23681704558981073,0.22249335396579772,high_flow,2356000.csv
2356000,2023-07-12,nighttime,6,NA,NA,0,266.875,0.23681704558981073,0.22249335396579772,high_flow,2356000.csv
2356000,2023-07-13,daytime,6,NA,NA,0,279.84375,0.21949767884775623,0.21922786969805183,high_flow,2356000.csv
2356000,2023-07-13,nighttime,6,NA,NA,-0,279.84375,0.21949767884775623,0.21922786969805183,high_flow,2356000.csv
2356000,2023-07-14,daytime,6,NA,NA,0,285.984375,0.2133079395310082,0.21765266039757172,high_flow,2356000.csv
2356000,2023-07-14,nighttime,6,0.1236471250958256,0.8154745087883515,0.01092043681747543,285.984375,0.2133079395310082,0.21765266039757172,high_flow,2356000.csv
2356000,2023-07-15,daytime,6,0.9489750167482546,0.0038389003538484,0.2464929859719396,288.34375,0.2113438876324247,0.2184184422489386,high_flow,2356000.csv
2356000,2023-07-15,nighttime,6,-0.785584404849572,0.06403229479350953,-0.1199999999999932,288.34375,0.2113438876324247,0.2184184422489386,high_flow,2356000.csv
2356000,2023-07-16,daytime,6,0.8246976550585869,0.04340276773260033,0.10897049969897958,323.6875,0.17652660397571718,0.22165615204539144,high_flow,2356000.csv
2356000,2023-07-16,nighttime,6,0.5730430859703157,0.23452285070046427,0.12162162162162568,323.6875,0.17652660397571718,0.22165615204539144,high_flow,2356000.csv
2356000,2023-07-17,daytime,6,0.7787552326594237,0.06800898822301142,0.1209198813056396,349.234375,0.15527913343649566,0.22621513311907313,high_flow,2356000.csv
2356000,2023-07-17,nighttime,6,0.9061739438384118,0.01279200241036133,0.30029154518949447,349.234375,0.15527913343649566,0.22621513311907313,high_flow,2356000.csv
2356000,2023-07-18,daytime,6,0.8805885373149249,0.02053729629110285,0.16203143893591404,345.90625,0.15736221878347817,0.22990120223782884,high_flow,2356000.csv
2356000,2023-07-18,nighttime,6,0.6054493496206076,0.20279543114471452,0.0733137829912031,345.90625,0.15736221878347817,0.22990120223782884,high_flow,2356000.csv
2356000,2023-07-19,daytime,6,0.9834162331870644,4.1025153782485256e-4,0.4232633279483003,327.046875,0.17343173431734318,0.2334523667817323,high_flow,2356000.csv
2356000,2023-07-19,nighttime,6,0.8233311524234836,0.04406073897035018,0.21691973969630096,327.046875,0.17343173431734318,0.2334523667817323,high_flow,2356000.csv
2356000,2023-07-20,daytime,6,0.9740260730249244,0.00100320573530366,0.5701943844492382,299.609375,0.1990834424473277,0.23945958814426857,high_flow,2356000.csv
2356000,2023-07-20,nighttime,6,0.4588314677411257,0.36005084762421985,0.2500000000000019,299.609375,0.1990834424473277,0.23945958814426857,high_flow,2356000.csv
2356000,2023-07-21,daytime,6,0.96847077397914,0.00147546666306135,0.5463917525773209,272.265625,0.2302702059278657,0.24843074237193985,high_flow,2356000.csv
2356000,2023-07-21,nighttime,6,0.9301529763045968,0.00714753199910431,0.39203675344562994,272.265625,0.2302702059278657,0.24843074237193985,high_flow,2356000.csv
2356000,2023-07-22,daytime,6,-0.08464779113808531,0.8733315745239981,-0.06896551724144122,247.0625,0.26383763837638374,0.26028647383248027,normal_flow,2356000.csv
2356000,2023-07-22,nighttime,6,0.9839338649091744,3.8510754414307374e-4,0.5978975032851749,247.0625,0.26383763837638374,0.26028647383248027,normal_flow,2356000.csv
2356000,2023-07-23,daytime,6,0.8263681882590775,0.04260468261736964,0.4600484261501224,224.796875,0.2997857397928818,0.2743244851803357,normal_flow,2356000.csv
2356000,2023-07-23,nighttime,6,0.9144112043999528,0.01067467502228961,0.4075342465753377,224.796875,0.2997857397928818,0.2743244851803357,normal_flow,2356000.csv
2356000,2023-07-24,daytime,6,0.969461612826192,0.00138464969231908,0.32131822863027615,209.75,0.3247827639566718,0.2927945085902472,normal_flow,2356000.csv
2356000,2023-07-24,nighttime,6,0.9898680263941334,1.534652752793016e-4,0.4354838709677064,209.75,0.3247827639566718,0.2927945085902472,normal_flow,2356000.csv
2356000,2023-07-25,daytime,6,0.7808695652173895,0.06676610240815424,0.16975425330812413,210.140625,0.3241280799904773,0.3153910248779907,normal_flow,2356000.csv
2356000,2023-07-25,nighttime,6,0.9767378938687892,8.053945121341246e-4,0.44186046511626265,210.140625,0.3241280799904773,0.3153910248779907,normal_flow,2356000.csv
2356000,2023-07-26,daytime,6,0.977566822871216,7.492264347003658e-4,0.32502252928806896,214.625,0.3163313891203428,0.34024124112208864,normal_flow,2356000.csv
2356000,2023-07-26,nighttime,6,0.5899445023218288,0.2177437711303072,0.22147651006708205,214.625,0.3163313891203428,0.34024124112208864,normal_flow,2356000.csv
2356000,2023-07-27,daytime,6,0.989770145726236,1.5643960098585114e-4,0.6054619407321321,208.78125,0.3269253660278538,0.36613895171209776,normal_flow,2356000.csv
2356000,2023-07-27,nighttime,6,0.8731415908223324,0.02311881422847563,0.5000000000000022,208.78125,0.3269253660278538,0.36613895171209776,normal_flow,2356000.csv
2356000,2023-07-28,daytime,6,0.9342735856627514,0.00633797452134437,0.7181818181818449,195.3125,0.35406499226282584,0.3927072173947546,normal_flow,2356000.csv
2356000,2023-07-28,nighttime,6,0.9297208217718697,0.00723518418402483,0.9644670050760868,195.3125,0.35406499226282584,0.3927072173947546,normal_flow,2356000.csv
2356000,2023-07-29,daytime,6,-0.46070044275992256,0.35783999509178266,-0.6367346938777,179.015625,0.3911439114391144,0.4200214260207118,normal_flow,2356000.csv
2356000,2023-07-29,nighttime,6,0.947558739358267,0.00405301974296485,0.30303030303030365,179.015625,0.3911439114391144,0.4200214260207118,normal_flow,2356000.csv
2356000,2023-07-30,daytime,6,0.9909029576585662,1.2375785080892491e-4,0.584778469613533,164.765625,0.42191405785025593,0.44710947109471094,normal_flow,2356000.csv
2356000,2023-07-30,nighttime,6,0.9055196686473272,0.01296810862033996,0.634812286689365,164.765625,0.42191405785025593,0.44710947109471094,normal_flow,2356000.csv
2356000,2023-07-31,daytime,6,0.9624761044477956,0.00208564648181326,0.5482054890922038,152.484375,0.45357695512438995,0.4724913700749911,normal_flow,2356000.csv
2356000,2023-07-31,nighttime,6,0.9133781770887014,0.01093003380349686,0.29931454683930775,152.484375,0.45357695512438995,0.4724913700749911,normal_flow,2356000.csv
2356000,2023-08-01,daytime,6,0.974491892059272,9.676967577762764e-4,0.7017379051197787,140.921875,0.4942268777526485,0.4959727016625005,normal_flow,2356000.csv
2356000,2023-08-01,nighttime,6,0.97887439928826,6.647224253567997e-4,0.5757575757575448,140.921875,0.4942268777526485,0.4959727016625005,normal_flow,2356000.csv
2356000,2023-08-02,daytime,6,0.9859308570886623,2.955187448126624e-4,0.7991746905089467,132.40625,0.530115462444947,0.5184144744673254,normal_flow,2356000.csv
2356000,2023-08-02,nighttime,6,0.9598969428406612,0.00238013481531143,0.5186335403726648,132.40625,0.530115462444947,0.5184144744673254,normal_flow,2356000.csv
2356000,2023-08-03,daytime,6,0.9871049759499796,2.4835036496861636e-4,0.8507992895204384,125.71875,0.5618973931674801,0.5400190453517438,normal_flow,2356000.csv
2356000,2023-08-03,nighttime,6,0.93925124031422,0.00542352373514899,1.1365187713309646,125.71875,0.5618973931674801,0.5400190453517438,normal_flow,2356000.csv
2356000,2023-08-04,daytime,6,0.977845253572883,7.308120458828075e-4,0.9217391304348064,119.53125,0.5976074276871801,0.5594810141649803,normal_flow,2356000.csv
2356000,2023-08-04,nighttime,6,0.957876582973697,0.00262420187096519,1.1060606060605591,119.53125,0.5976074276871801,0.5594810141649803,normal_flow,2356000.csv
2356000,2023-08-05,daytime,6,0.990652445864968,1.3065677292508382e-4,0.6692160611854695,112.765625,0.6399833353172242,0.5779629409197318,normal_flow,2356000.csv
2356000,2023-08-05,nighttime,6,0.9168578205695672,0.01008156777131567,0.6682692307692272,112.765625,0.6399833353172242,0.5779629409197318,normal_flow,2356000.csv
2356000,2023-08-06,daytime,6,0.98392860646574,3.853589975715961e-4,0.5965877820583219,107.046875,0.6701583144863706,0.5963456731341507,normal_flow,2356000.csv
2356000,2023-08-06,nighttime,6,0.8979991308594857,0.01507564839420805,0.2804878048780486,107.046875,0.6701583144863706,0.5963456731341507,normal_flow,2356000.csv
2356000,2023-08-07,daytime,6,0.9408115435154396,0.00515123339950391,0.6294591484464905,105.078125,0.6805142244970837,0.6148474387969686,normal_flow,2356000.csv
2356000,2023-08-07,nighttime,6,0.9890478566233444,1.7926731505693648e-4,0.824022346368687,105.078125,0.6805142244970837,0.6148474387969686,normal_flow,2356000.csv
2356000,2023-08-08,daytime,6,0.9854542514301976,3.158294161595231e-4,0.8986083499006108,105.734375,0.6770027377693132,0.6310161488711661,normal_flow,2356000.csv
2356000,2023-08-08,nighttime,6,0.9152060447728492,0.0104801873662534,0.8870967741934832,105.734375,0.6770027377693132,0.6310161488711661,normal_flow,2356000.csv
2356000,2023-08-09,daytime,6,0.9881977768710438,2.0811672576830363e-4,1.0796252927400969,108.953125,0.6607546720628497,0.6399793675356108,normal_flow,2356000.csv
2356000,2023-08-09,nighttime,6,0.9206335647371352,0.0091985807496229,1.7679999999999465,108.953125,0.6607546720628497,0.6399793675356108,normal_flow,2356000.csv
2356000,2023-08-10,daytime,6,0.9878722930008595,2.1973003626889743e-4,1.1894904458599005,112.703125,0.6403999523866206,0.6413918977899457,normal_flow,2356000.csv
2356000,2023-08-10,nighttime,6,0.9830411166678082,4.289668668127868e-4,1.294871794871742,112.703125,0.6403999523866206,0.6413918977899457,normal_flow,2356000.csv
2356000,2023-08-11,daytime,6,0.998764218926488,2.2897886779379352e-6,1.221411192214113,116.3828125,0.6188548982264016,0.6399000119033448,normal_flow,2356000.csv
2356000,2023-08-11,nighttime,6,0.9840680358744988,3.7871923618453386e-4,1.540925266903857,116.3828125,0.6188548982264016,0.6399000119033448,normal_flow,2356000.csv
2356000,2023-08-12,daytime,6,0.9916267916156816,1.048724025608842e-4,0.8859649122807075,114.4609375,0.6312938935840972,0.6360115859223108,normal_flow,2356000.csv
2356000,2023-08-12,nighttime,6,0.8287917891111929,0.0414591281474767,1.4727272727272025,114.4609375,0.6312938935840972,0.6360115859223108,normal_flow,2356000.csv
2356000,2023-08-13,daytime,6,0.9970631424751188,1.2925032790090773e-5,0.9363762102351322,107.6640625,0.6668848946553981,0.630750307503075,normal_flow,2356000.csv
2356000,2023-08-13,nighttime,6,0.9384695853742012,0.00556251105960656,0.7265500794912563,107.6640625,0.6668848946553981,0.630750307503075,normal_flow,2356000.csv
2356000,2023-08-14,daytime,6,0.9824794403189864,4.5776587410024635e-4,0.5270522388059722,100.8984375,0.6994405427925247,0.6267745903265484,normal_flow,2356000.csv
2356000,2023-08-14,nighttime,6,0.989459687228239,1.6606178513680362e-4,0.9842519685039468,100.8984375,0.6994405427925247,0.6267745903265484,normal_flow,2356000.csv
2356000,2023-08-15,daytime,6,0.9669464949158808,0.00162074525517903,0.8866242038216967,101.546875,0.6961076062373527,0.6259532595325953,normal_flow,2356000.csv
2356000,2023-08-15,nighttime,6,0.43999999999999984,0.3825920000000002,0.5500000000000338,101.546875,0.6961076062373527,0.6259532595325953,normal_flow,2356000.csv
2356000,2023-08-16,daytime,6,0.9912407071619304,1.1475178723887711e-4,0.755813953488389,114.8515625,0.6286751577193191,0.6283894774431615,normal_flow,2356000.csv
2356000,2023-08-16,nighttime,6,0.9129668139430626,0.01103253479119499,0.3382352941176179,114.8515625,0.6286751577193191,0.6283894774431615,normal_flow,2356000.csv
2356000,2023-08-17,daytime,6,0.9897433186107872,1.572597707355466e-4,0.7619047619047756,127.59375,0.551303416259969,0.6343530532079514,normal_flow,2356000.csv
2356000,2023-08-17,nighttime,6,0.66366364839595815,0.15065966795168506,0.3500000000000071,127.59375,0.551303416259969,0.6343530532079514,normal_flow,2356000.csv
2356000,2023-08-18,daytime,6,0.985911307818447,2.963386300372455e-4,0.3167259786476885,130.2421875,0.539519104868468,0.6437805023211522,normal_flow,2356000.csv
2356000,2023-08-18,nighttime,6,0.8406728074767066,0.036055458734641103,0.2692307692307698,130.2421875,0.539519104868468,0.6437805023211522,normal_flow,2356000.csv
2356000,2023-08-19,daytime,6,0.985448569410756,3.16075608269237e-4,0.7609561752988412,130.2578125,0.53928103797167,0.6563861445066064,normal_flow,2356000.csv
2356000,2023-08-19,nighttime,6,0.6660351069370927,0.14867484666453068,0.2491467576791645,130.2578125,0.53928103797167,0.6563861445066064,normal_flow,2356000.csv
2356000,2023-08-20,daytime,6,0.9771394213066614,7.779355488320051e-4,0.8419512195122036,125.8515625,0.5610641590286871,0.6696782129111614,normal_flow,2356000.csv
2356000,2023-08-20,nighttime,6,0.8953994117999524,0.01583969225625335,0.40667976424362,125.8515625,0.5610641590286871,0.6696782129111614,normal_flow,2356000.csv
2356000,2023-08-21,daytime,6,0.9438523555682832,0.00464033261072396,0.615068493150697,117.6484375,0.6105225568384716,0.681895012498512,normal_flow,2356000.csv
2356000,2023-08-21,nighttime,6,0.9635460822563612,0.00196911058920226,0.8842105263157835,117.6484375,0.6105225568384716,0.681895012498512,normal_flow,2356000.csv
2356000,2023-08-22,daytime,6,0.9642750622933826,0.00189160940711606,0.5236096537250701,107.4296875,0.6681942625877871,0.6928222830615403,normal_flow,2356000.csv
2356000,2023-08-22,nighttime,6,0.9593730247232144,0.00244229823043532,0.9688385269121608,107.4296875,0.6681942625877871,0.6928222830615403,normal_flow,2356000.csv
2356000,2023-08-23,daytime,6,0.9596959629343284,0.00240388785636431,0.2955017301038079,97.2734375,0.7135460064278062,0.7047772090624133,normal_flow,2356000.csv
2356000,2023-08-23,nighttime,6,0.9772567016465088,7.7000435780529e-4,0.4610492845786839,97.2734375,0.7135460064278062,0.7047772090624133,normal_flow,2356000.csv
2356000,2023-08-24,daytime,6,0.9990712678708478,1.293414515710249e-6,0.9654768870684728,88.265625,0.7502083085346982,0.7213744395508471,normal_flow,2356000.csv
2356000,2023-08-24,nighttime,6,0.5393598899705923,0.26941251267619687,0.14545454545455444,88.265625,0.7502083085346982,0.7213744395508471,normal_flow,2356000.csv
2356000,2023-08-25,daytime,6,0.9926978837647336,7.978667455970051e-5,1.056224899598412,80.921875,0.7818116890846328,0.7402928222830616,normal_flow,2356000.csv
2356000,2023-08-25,nighttime,6,0.9763340956842212,8.334851996250935e-4,0.5338078291814965,80.921875,0.7818116890846328,0.7402928222830616,normal_flow,2356000.csv
2356000,2023-08-26,daytime,6,0.9838543550767644,3.889183366868962e-4,0.9029322548028208,74.984375,0.8079395310082134,0.7521525215252153,normal_flow,2356000.csv
2356000,2023-08-26,nighttime,6,0.9869206105273908,2.5548689508038354e-4,1.0268656716418063,74.984375,0.8079395310082134,0.7521525215252153,normal_flow,2356000.csv
2356000,2023-08-27,daytime,6,0.9889000120129082,1.841307866905357e-4,0.6376695929768574,69.3671875,0.83067491965242235,0.7547038051025672,normal_flow,2356000.csv
2356000,2023-08-27,nighttime,6,0.972528672322818,0.00112164482028691,0.9389830508474404,69.3671875,0.83067491965242235,0.7547038051025672,normal_flow,2356000.csv
2356000,2023-08-28,daytime,6,0.9893313546726028,1.701228371137999e-4,0.9438202247191462,64.5546875,0.8501368884656588,0.7521366503987621,normal_flow,2356000.csv
2356000,2023-08-28,nighttime,6,0.944110782164712,0.00459811909443723,0.8762376237623414,64.5546875,0.8501368884656588,0.7521366503987621,normal_flow,2356000.csv
2356000,2023-08-29,daytime,6,NA,NA,NA,60.7734375,0.8633496012379479,0.7479268341070507,normal_flow,2356000.csv
2356000,2023-08-29,nighttime,6,0.9384804479323028,0.00556056778093371,0.7065868263472991,60.7734375,0.8633496012379479,0.7479268341070507,normal_flow,2356000.csv
2356000,2023-08-30,daytime,6,0.8833371501341162,0.01962142725056308,0.9567307692308008,57.875,0.8754314962504464,0.7441653771376423,normal_flow,2356000.csv
2356000,2023-08-30,nighttime,6,0.8447259308959222,0.03429322306459982,0.34031413612566097,57.875,0.8754314962504464,0.7441653771376423,normal_flow,2356000.csv
2356000,2023-08-31,daytime,6,0.9607811388158636,0.00227701696967472,0.9734513274336268,57.2890625,0.8776336150458279,0.741622029123517,normal_flow,2356000.csv
2356000,2023-08-31,nighttime,6,0.9434183869906398,0.00471164597515308,0.6915167095115657,57.2890625,0.8776336150458279,0.741622029123517,normal_flow,2356000.csv
2356000,2023-09-01,daytime,6,0.8696263565463062,0.02438793124961417,0.1571428571428538,68.2578125,0.8350791572431854,0.7395389437765345,normal_flow,2356000.csv
2356000,2023-09-01,nighttime,6,NA,NA,NA,68.2578125,0.8350791572431854,0.7395389437765345,normal_flow,2356000.csv
2356000,2023-09-02,daytime,6,0.954931217133703,0.00300102103610697,0.5021186440677995,96.2734375,0.7174145935007737,0.7373169860730866,normal_flow,2356000.csv
2356000,2023-09-02,nighttime,6,0.9811157058008072,5.315576250149456e-4,0.8437499999999661,96.2734375,0.7174145935007737,0.7373169860730866,normal_flow,2356000.csv
2356000,2023-09-03,daytime,6,0.9943300175199604,4.813191069930039e-5,0.7256562235393864,122.921875,0.5775502916319486,0.7345792167599096,normal_flow,2356000.csv
2356000,2023-09-03,nighttime,6,0.9198440996365468,0.00937995298263921,0.32786885245900405,122.921875,0.5775502916319486,0.7345792167599096,normal_flow,2356000.csv
2356000,2023-09-04,daytime,6,0.8992480340440742,0.0147150734461167,0.3290598290598314,134.203125,0.5225568384716105,0.7320477720906241,normal_flow,2356000.csv
2356000,2023-09-04,nighttime,6,0.1387567588045648,0.7932006341274207,0.01375245579567903,134.203125,0.5225568384716105,0.7320477720906241,normal_flow,2356000.csv
2356000,2023-09-05,daytime,6,0.9499151091690828,0.00369992555291153,0.28359216745442706,128.59375,0.547375312462802,0.7296988453755505,normal_flow,2356000.csv
2356000,2023-09-05,nighttime,6,0.7416198487095673,0.0915156853307806,1.0999999999998218,128.59375,0.547375312462802,0.7296988453755505,normal_flow,2356000.csv
2356000,2023-09-06,daytime,6,0.9932891165793524,6.740281890209951e-5,0.3791390728476943,117.4453125,0.6117724080466611,0.7277625679482601,normal_flow,2356000.csv
2356000,2023-09-06,nighttime,6,0.7895129605312561,0.06179439823750784,0.9078947368421184,117.4453125,0.6117724080466611,0.7277625679482601,normal_flow,2356000.csv
2356000,2023-09-07,daytime,6,0.9008327833820696,0.01426359328790744,0.3070539419087194,106.0390625,0.6753957862159267,0.7260524540729278,normal_flow,2356000.csv
2356000,2023-09-07,nighttime,6,0.9712377195776376,0.00122900609439493,0.43465909090909965,106.0390625,0.6753957862159267,0.7260524540729278,normal_flow,2356000.csv
2356000,2023-09-08,daytime,6,0.9520049194099826,0.00340001264100191,0.3697183098591571,95.8671875,0.7189620283299607,0.7247470539221521,normal_flow,2356000.csv
2356000,2023-09-08,nighttime,6,0.7787889751585352,0.06798907100380827,0.23469387755101895,95.8671875,0.7189620283299607,0.7247470539221521,normal_flow,2356000.csv
2356000,2023-09-09,daytime,6,0.9251460406371236,0.0081949651684967,0.36681222707423766,88.71875,0.7484823235329128,0.7263619410387653,normal_flow,2356000.csv
2356000,2023-09-09,nighttime,6,0.8103334990296669,0.05054859967833987,0.30124223602484046,88.71875,0.7484823235329128,0.7263619410387653,normal_flow,2356000.csv
2356000,2023-09-10,daytime,6,0.9927641308025994,7.834727745569881e-5,0.34711811837685047,84.2265625,0.7668729913105583,0.7348291870015474,normal_flow,2356000.csv
2356000,2023-09-10,nighttime,6,0.96444145650874,0.00187413473357123,0.23794466403162232,84.2265625,0.7668729913105583,0.7348291870015474,normal_flow,2356000.csv
2356000,2023-09-11,daytime,6,0.994025117582508,5.3442180533626494e-5,0.48351648351649373,78.7421875,0.7927032496131413,0.7498274014998214,normal_flow,2356000.csv
2356000,2023-09-11,nighttime,6,0.8339768853503308,0.03905740834299274,0.13348314606741726,78.7421875,0.7927032496131413,0.7498274014998214,normal_flow,2356000.csv
2356000,2023-09-12,daytime,6,0.8711008323834019,0.02385166357908137,0.3106267029972782,73.21875,0.8149029877395548,0.7644804189977383,low_flow,2356000.csv
2356000,2023-09-12,nighttime,6,0.9812443054540078,5.243652145209801e-4,0.5095812633072991,73.21875,0.8149029877395548,0.7644804189977383,low_flow,2356000.csv
2356000,2023-09-13,daytime,6,0.9016188726979472,0.0140421614133108,0.3893442622950926,68.484375,0.8343054398285918,0.7738840614212593,low_flow,2356000.csv
2356000,2023-09-13,nighttime,6,0.928328638128768,0.00752109601222579,0.3765822784809976,68.484375,0.8343054398285918,0.7738840614212593,low_flow,2356000.csv
2356000,2023-09-14,daytime,6,0.9640842243642144,0.00191174975868076,0.5384177575412782,64.7734375,0.8497797881204618,0.7775344205054954,low_flow,2356000.csv
2356000,2023-09-14,nighttime,6,0.7326339059219634,0.0976706594712296,0.4057142857142783,64.7734375,0.8497797881204618,0.7775344205054954,low_flow,2356000.csv
2356000,2023-09-15,daytime,6,0.99782620874436,7.082916652367114e-6,0.5280000000000026,62.40625,0.8580526127841923,0.7775740983216284,low_flow,2356000.csv
2356000,2023-09-15,nighttime,6,0.611292495408009,0.19727469282765944,0.22866894197952412,62.40625,0.8580526127841923,0.7775740983216284,low_flow,2356000.csv
2356000,2023-09-16,daytime,6,0.9750955640481458,9.226231443832444e-4,0.4411764705882331,61.890625,0.8593024639923819,0.7767289608379955,low_flow,2356000.csv
2356000,2023-09-16,nighttime,6,0.486181617369402,0.3281875719391366,0.12751677852351015,61.890625,0.8593024639923819,0.7767289608379955,low_flow,2356000.csv
2356000,2023-09-17,daytime,6,0.9988186646791556,2.0925054023031084e-6,0.5371900826446376,66.1796875,0.8444232829425068,0.776379796056025,low_flow,2356000.csv
2356000,2023-09-17,nighttime,6,0.9603155069792376,0.00233103973924685,0.4858934169279061,66.1796875,0.8444232829425068,0.776379796056025,low_flow,2356000.csv
2356000,2023-09-18,daytime,6,0.990950086852243,1.224807938304394e-4,0.5078442765833845,76.265625,0.8025235091060589,0.7772804824822441,low_flow,2356000.csv
2356000,2023-09-18,nighttime,6,0.9236875774569624,0.00851317278012597,0.41766109785203215,76.265625,0.8025235091060589,0.7772804824822441,low_flow,2356000.csv
2356000,2023-09-19,daytime,6,0.9729602581904372,0.00108683643402543,0.5401069518716552,90.2265625,0.7423521009403642,0.7785938181962465,low_flow,2356000.csv
2356000,2023-09-19,nighttime,6,0.7096617272164637,0.11420724605700636,0.169971671388113,90.2265625,0.7423521009403642,0.7785938181962465,low_flow,2356000.csv
2356000,2023-09-20,daytime,6,0.6138155845948555,0.19491014062179132,0.16433566433565755,103.37109375,0.6884299488156171,0.780002380668968,low_flow,2356000.csv
2356000,2023-09-20,nighttime,6,0.9672137369106332,0.0015947869538418,0.25040214477211964,103.37109375,0.6884299488156171,0.780002380668968,low_flow,2356000.csv
2356000,2023-09-21,daytime,6,0.9127052388337418,0.01109795356852401,0.1578947368420976,107.75390625,0.6665277943102011,0.7805737412212832,low_flow,2356000.csv
2356000,2023-09-21,nighttime,6,0.925179795757867,0.00818767033713194,0.4308131241084243,107.75390625,0.6665277943102011,0.7805737412212832,low_flow,2356000.csv
2356000,2023-09-22,daytime,6,0.9103624148735014,0.01169223063396609,0.3209647495361739,105.921875,0.6759909534579217,0.7793675356108399,low_flow,2356000.csv
2356000,2023-09-22,nighttime,6,0.8424659590578997,0.03527070197985819,0.36632200886262856,105.921875,0.6759909534579217,0.7793675356108399,low_flow,2356000.csv
2356000,2023-09-23,daytime,6,0.9685560941622652,0.0014675342245608,0.4025069637883043,99.203125,0.7062849660754672,0.7778280363448796,low_flow,2356000.csv
2356000,2023-09-23,nighttime,6,NA,NA,9.842258284998891e-15,99.203125,0.7062849660754672,0.7778280363448796,low_flow,2356000.csv
2356000,2023-09-24,daytime,6,0.9302596345792216,0.00712597909838177,0.41151079136690455,90.09765625,0.7432448518033568,0.7772765147006309,low_flow,2356000.csv
2356000,2023-09-24,nighttime,6,0.8048988871126914,0.05338345865750659,0.18171745152355775,90.09765625,0.7432448518033568,0.7772765147006309,low_flow,2356000.csv
2356000,2023-09-25,daytime,6,0.9850418920849252,3.339440877276574e-4,0.3658536585365891,81.3359375,0.7803832877038448,0.7788437884378844,low_flow,2356000.csv
2356000,2023-09-25,nighttime,6,0.7983723279170799,0.05688211994835911,0.15555555555556713,81.3359375,0.7803832877038448,0.7788437884378844,low_flow,2356000.csv
2356000,2023-09-26,daytime,6,0.7480224410098582,0.08723966880242587,0.5086705202312749,73.8203125,0.81240328532317585,0.7842121969606792,low_flow,2356000.csv
2356000,2023-09-26,nighttime,6,0.8801821802280805,0.02067439402415967,0.36033519553073384,73.8203125,0.81240328532317585,0.7842121969606792,low_flow,2356000.csv
2356000,2023-09-27,daytime,6,NA,NA,NA,68.1171875,0.8360314248303773,0.794326072292981,low_flow,2356000.csv
2356000,2023-09-27,nighttime,6,0.9062500000000022,0.0127716064453119,0.9062500000000254,68.1171875,0.8360314248303773,0.794326072292981,low_flow,2356000.csv
2356000,2023-09-28,daytime,6,0.974965916146246,9.322135343983916e-4,0.5934426229508463,66.5234375,0.8428758481133198,0.808621989445701,low_flow,2356000.csv
2356000,2023-09-28,nighttime,6,0.6708203932499358,0.14470399860633126,0.2250000000000159,66.5234375,0.8428758481133198,0.808621989445701,low_flow,2356000.csv
2356000,2023-09-29,daytime,6,0.9133600072113928,0.0109345514773412,0.4428121720881361,69.1328125,0.8316867039638138,0.8249017974050709,low_flow,2356000.csv
2356000,2023-09-29,nighttime,6,-0.04822428221703547,0.9277196514212108,-0.00581395348836423,69.1328125,0.8316867039638138,0.8249017974050709,low_flow,2356000.csv
2356000,2023-09-30,daytime,6,0.9410972518323504,0.00510211807642904,0.41076487252124033,68.28515625,0.8349601237947863,0.8409514740308693,low_flow,2356000.csv
2356000,2023-09-30,nighttime,6,0.3087428599572454,0.5516007272200818,0.1165048543689572,68.28515625,0.8349601237947863,0.8409514740308693,low_flow,2356000.csv
2356000,2023-10-01,daytime,6,0.9725875871567382,0.00111686116990123,0.5058651026392865,64.26953125,0.8510296393286514,0.8552434234019759,low_flow,2356000.csv
2356000,2023-10-01,nighttime,6,0.9252710317595798,0.00816796911779364,0.34545454545454785,64.26953125,0.8510296393286514,0.8552434234019759,low_flow,2356000.csv
2356000,2023-10-02,daytime,6,0.97141051008867,0.00121435446259501,0.4913043478260863,59.73046875,0.8679323890013094,0.8673530928857676,low_flow,2356000.csv
2356000,2023-10-02,nighttime,6,0.9152637003596342,0.01046614721084924,0.4392857142857186,59.73046875,0.8679323890013094,0.8673530928857676,low_flow,2356000.csv
2356000,2023-10-03,daytime,6,0.9863325146630392,2.7892368896137204e-4,0.5329815303430088,55.75,0.8830496369479823,0.8772011268499782,low_flow,2356000.csv
2356000,2023-10-03,nighttime,6,0.8285171561084902,0.04158820501009339,0.3050847457627213,55.75,0.8830496369479823,0.8772011268499782,low_flow,2356000.csv
2356000,2023-10-04,daytime,6,0.9513652501417044,0.00349048950795397,0.4731182795698921,52.453125,0.8940602309248898,0.885069237789152,low_flow,2356000.csv
2356000,2023-10-04,nighttime,6,0.9286908666616448,0.00744618554218773,0.3354037267080728,52.453125,0.8940602309248898,0.885069237789152,low_flow,2356000.csv
2356000,2023-10-05,daytime,6,0.9851893915049424,3.274068019646866e-4,0.34962406015037945,49.796875,0.902868706106416,0.8913819783359124,low_flow,2356000.csv
2356000,2023-10-05,nighttime,6,0.8548932183653857,0.03005628450811897,0.5284552845528254,49.796875,0.902868706106416,0.8913819783359124,low_flow,2356000.csv
2356000,2023-10-06,daytime,6,0.7412277684026399,0.09178051051827496,0.3662790697674336,47.69140625,0.91072491370075,0.8963694798238305,low_flow,2356000.csv
2356000,2023-10-06,nighttime,6,0.8461096732343102,0.03370111574585467,0.43958868894602726,47.69140625,0.91072491370075,0.8963694798238305,low_flow,2356000.csv
2356000,2023-10-07,daytime,6,0.914324579953678,0.01069597571684739,0.7360703812317166,46.10546875,0.9167361028448994,0.8977304289171923,low_flow,2356000.csv
2356000,2023-10-07,nighttime,6,0.581318358976176,0.2262452187420539,0.12068965517244488,46.10546875,0.9167361028448994,0.8977304289171923,low_flow,2356000.csv
2356000,2023-10-08,daytime,6,0.9322667467676372,0.00672631729753795,0.7871287128713148,44.84375,0.9206642066420664,0.8883148831488314,low_flow,2356000.csv
2356000,2023-10-08,nighttime,6,0.720185446994265,0.10649007023636642,0.08855291576674483,44.84375,0.9206642066420664,0.8883148831488314,low_flow,2356000.csv
2356000,2023-10-09,daytime,6,0.9246291447699712,0.00830706663812284,0.5614525139664749,43.8125,0.9248898940602308,0.8653731698607309,low_flow,2356000.csv
2356000,2023-10-09,nighttime,6,-2.804295846497483e-15,0.9999999999999958,8.84631086370949e-15,43.8125,0.9248898940602308,0.8653731698607309,low_flow,2356000.csv
2356000,2023-10-10,daytime,6,0.963981561110362,0.00192262804650569,0.43729903536977777,42.9375,0.928103797167004,0.8354243542435424,low_flow,2356000.csv
2356000,2023-10-10,nighttime,6,0.7346405239132672,0.09628074712186031,0.04906333630686963,42.9375,0.928103797167004,0.8354243542435424,low_flow,2356000.csv
2356000,2023-10-11,daytime,6,NA,NA,NA,42.3125,0.9304249494107844,0.8047692734991866,low_flow,2356000.csv
2356000,2023-10-11,nighttime,6,0.6523280730534377,0.16030109745248766,0.21276595744681015,42.3125,0.9304249494107844,0.8047692734991866,low_flow,2356000.csv
2356000,2023-10-12,daytime,6,NA,NA,NA,42.15234375,0.930722533031782,0.7762607626076261,low_flow,2356000.csv
2356000,2023-10-12,nighttime,6,0.04056369571574572,0.9391878284508288,0.03619909502265218,42.15234375,0.930722533031782,0.7762607626076261,low_flow,2356000.csv
2356000,2023-10-13,daytime,6,NA,NA,-2.2193876320816342e-14,45.9296875,0.9176883704320914,0.7514145141451415,low_flow,2356000.csv
2356000,2023-10-13,nighttime,6,-0.5477225575051595,0.26057454736803226,-0.39999999999993785,45.9296875,0.9176883704320914,0.7514145141451415,low_flow,2356000.csv
2356000,2023-10-14,daytime,6,0.7787848041973398,0.06799153285722369,0.07135362014689907,64.0078125,0.8521009403642423,0.7309963099630996,normal_flow,2356000.csv
2356000,2023-10-14,nighttime,6,-0.2960782627319017,0.5688600622231891,-0.23376623376619607,64.0078125,0.8521009403642423,0.7309963099630996,normal_flow,2356000.csv
2356000,2023-10-15,daytime,6,NA,NA,-1.5568398756671005e-14,102.15234375,0.6937269372693727,0.7146173074633972,normal_flow,2356000.csv
2356000,2023-10-15,nighttime,6,0.5477225575051661,0.2605745473680253,0.1875000000000099,102.15234375,0.6937269372693727,0.7146173074633972,normal_flow,2356000.csv
2356000,2023-10-16,daytime,6,0.9812567051925878,5.236742865959137e-4,0.7586206896552,137.62109375,0.506903940007142,0.7009284608975123,normal_flow,2356000.csv
2356000,2023-10-16,nighttime,6,-0.8679245283018849,0.02501393768009903,-0.2169811320754654,137.62109375,0.506903940007142,0.7009284608975123,normal_flow,2356000.csv
2356000,2023-10-17,daytime,6,0.8329111846812532,0.03954555937496201,0.2207357859531811,166.21484375,0.41870015474348293,0.6894139586557156,normal_flow,2356000.csv
2356000,2023-10-17,nighttime,6,0.5700877125495619,0.23750768446495835,0.187500000000024,166.21484375,0.41870015474348293,0.6894139586557156,normal_flow,2356000.csv
2356000,2023-10-18,daytime,6,0.8069894921851741,0.05228446855004825,0.2030075187969939,164.20703125,0.42322342578264494,0.6799666706344483,normal_flow,2356000.csv
2356000,2023-10-18,nighttime,6,0.9052060501957776,0.01305293523805027,0.53846153846155,164.20703125,0.42322342578264494,0.6799666706344483,normal_flow,2356000.csv
2356000,2023-10-19,daytime,6,0.37852817872589983,0.45932616859599007,0.05970149253730791,148.36328125,0.466432567551482,0.6722413998333532,normal_flow,2356000.csv
2356000,2023-10-19,nighttime,6,NA,NA,1.392373714442816e-14,148.36328125,0.466432567551482,0.6722413998333532,normal_flow,2356000.csv
2356000,2023-10-20,daytime,6,0.9225884384445712,0.00875687847239941,0.3681528662420443,132.40234375,0.5301749791691466,0.6661706939650042,normal_flow,2356000.csv
2356000,2023-10-20,nighttime,6,0.5736791370757179,0.2338824200631917,0.15358361774744425,132.40234375,0.5301749791691466,0.6661706939650042,normal_flow,2356000.csv
2356000,2023-10-21,daytime,6,0.5010533558732743,0.3113158073958933,0.09273182957393128,118.6484375,0.6044518509701226,0.6622227512597707,normal_flow,2356000.csv
2356000,2023-10-21,nighttime,6,0.900990099009902,0.0142191456671397,0.9009900990098072,118.6484375,0.6044518509701226,0.6622227512597707,normal_flow,2356000.csv
2356000,2023-10-22,daytime,6,NA,NA,-9.231021491604711e-15,106.90625,0.6710510653493632,0.663801928341864,normal_flow,2356000.csv
2356000,2023-10-22,nighttime,6,0.41811290572887855,0.4093775564110709,0.04600484261501059,106.90625,0.6710510653493632,0.663801928341864,normal_flow,2356000.csv
2356000,2023-10-23,daytime,6,0.8508871695576767,0.03169421953477493,0.1316379955123312,96.76171875,0.7153315081537912,0.6768360909415546,normal_flow,2356000.csv
2356000,2023-10-23,nighttime,6,NA,NA,1.1794901300031681e-14,96.76171875,0.7153315081537912,0.6768360909415546,normal_flow,2356000.csv
2356000,2023-10-24,daytime,6,-0.33825504574588144,0.5119684065382664,-0.0457665903890205,87.828125,0.7521723604332817,0.7030234495893346,normal_flow,2356000.csv
2356000,2023-10-24,nighttime,6,-0.6445546088399505,0.16705840033601158,-0.09442060085835852,87.828125,0.7521723604332817,0.7030234495893346,normal_flow,2356000.csv
2356000,2023-10-25,daytime,6,NA,NA,0,80.04296875,0.7863944768479942,0.7356624211403404,normal_flow,2356000.csv
2356000,2023-10-25,nighttime,6,-0.3644686639668943,0.4775045401792339,-0.02656748140276242,80.04296875,0.7863944768479942,0.7356624211403404,normal_flow,2356000.csv
2356000,2023-10-26,daytime,6,NA,NA,0,73.2734375,0.8145458873943578,0.7684124905765187,low_flow,2356000.csv
2356000,2023-10-26,nighttime,6,NA,NA,-0,73.2734375,0.8145458873943578,0.7684124905765187,low_flow,2356000.csv
2356000,2023-10-27,daytime,6,NA,NA,0,67.35546875,0.8396619450065469,0.7985954053088918,low_flow,2356000.csv
2356000,2023-10-27,nighttime,6,0.8642489395470391,0.02639169156559852,0.33196721311475563,67.35546875,0.8396619450065469,0.7985954053088918,low_flow,2356000.csv
2356000,2023-10-28,daytime,6,0.9277514881659444,0.00764120808777987,0.1846435100548522,62.2109375,0.8584692298535889,0.8247946673015117,low_flow,2356000.csv
2356000,2023-10-28,nighttime,6,0.5196152422706612,0.29072519430054694,0.090000000000008,62.2109375,0.8584692298535889,0.8247946673015117,low_flow,2356000.csv
2356000,2023-10-29,daytime,6,0.8168335408398363,0.04725231470735461,0.1802656546489587,57.75,0.8757885965956433,0.8462960758639845,low_flow,2356000.csv
2356000,2023-10-29,nighttime,6,0.521516475719898,0.28864616448077735,0.1182519280205694,57.75,0.8757885965956433,0.8462960758639845,low_flow,2356000.csv
2356000,2023-10-30,daytime,6,0.8650251519958868,0.02609781435518956,0.1129461907298913,53.97265625,0.8892393762647304,0.8635598936634528,low_flow,2356000.csv
2356000,2023-10-30,nighttime,6,0.8754366146696976,0.02230769040178625,0.3710937499999957,53.97265625,0.8892393762647304,0.8635598936634528,low_flow,2356000.csv
2356000,2023-10-31,daytime,6,0.7256551126160077,0.10257337579488704,0.1698630136986261,50.85546875,0.8997143197238424,0.8780026187358648,low_flow,2356000.csv
2356000,2023-10-31,nighttime,6,0.5853937136296911,0.22221248607800517,0.12422360248447945,50.85546875,0.8997143197238424,0.8780026187358648,low_flow,2356000.csv
2356000,2023-11-01,daytime,6,0.5687111245916777,0.23890309893754216,0.8316831683168172,48.4140625,0.9082847280085704,0.8900964170932032,low_flow,2356000.csv
2356000,2023-11-01,nighttime,6,0.8660254037844366,0.02572142074250729,0.05555555555555841,48.4140625,0.9082847280085704,0.8900964170932032,low_flow,2356000.csv
2356000,2023-11-02,daytime,6,0.9916553451124708,1.0415936500458892e-4,0.4812286689419656,46.6484375,0.9144744673253185,0.8999920644367734,low_flow,2356000.csv
2356000,2023-11-02,nighttime,6,0.6694386813952016,0.14584583059019576,0.06790123456790692,46.6484375,0.9144744673253185,0.8999920644367734,low_flow,2356000.csv
2356000,2023-11-03,daytime,6,0.9114168797357828,0.01142289928562898,0.382550335570462,45.390625,0.9191762885370788,0.9081141133991986,low_flow,2356000.csv
2356000,2023-11-03,nighttime,6,NA,NA,1.554838468725983e-14,45.390625,0.9191762885370788,0.9081141133991986,low_flow,2356000.csv
2356000,2023-11-04,daytime,6,0.9697622757528548,0.00135765647394192,0.22727272727272552,44.29296875,0.9231639090584456,0.914601436336944,low_flow,2356000.csv
2356000,2023-11-04,nighttime,6,NA,NA,1.1533216008185911e-14,44.29296875,0.9231639090584456,0.914601436336944,low_flow,2356000.csv
2356000,2023-11-06,daytime,6,0.5786375623578478,0.228913784090101,0.06696428571427462,42.4140625,0.930008332341388,0.9238543030591596,low_flow,2356000.csv
2356000,2023-11-06,nighttime,6,0.959810954056568,0.00239028326282047,0.5112359550561847,42.4140625,0.930008332341388,0.9238543030591596,low_flow,2356000.csv
2356000,2023-11-07,daytime,6,0.22475645467378003,0.6685421562774823,0.03608247422680288,41.80078125,0.9319723842399714,0.926516684521684,low_flow,2356000.csv
2356000,2023-11-07,nighttime,6,0.8874438354543732,0.01829035442213437,0.5339366515837211,41.80078125,0.9319723842399714,0.926516684521684,low_flow,2356000.csv
2356000,2023-11-08,daytime,6,0.613530737271235,0.19517650359505495,0.13012048192770076,41.28515625,0.933579335793358,0.9276911478792208,low_flow,2356000.csv
2356000,2023-11-08,nighttime,6,0.7568892626614676,0.08146997954981845,0.22033898305083735,41.28515625,0.933579335793358,0.9276911478792208,low_flow,2356000.csv
2356000,2023-11-09,daytime,6,0.6004627596824367,0.20755594348628095,0.14949863263444735,40.86328125,0.9348291870015476,0.9264095544181248,low_flow,2356000.csv
2356000,2023-11-09,nighttime,6,0.952414792422769,0.00334265314075012,0.6791808873719966,40.86328125,0.9348291870015476,0.9264095544181248,low_flow,2356000.csv
2356000,2023-11-10,daytime,6,-0.20568833780186305,0.6958185927507066,-0.03846153846155907,40.53515625,0.9363766218307344,0.9214180851485936,low_flow,2356000.csv
2356000,2023-11-10,nighttime,6,0.9350280512623124,0.00619489638232486,0.6358381502890209,40.53515625,0.9363766218307344,0.9214180851485936,low_flow,2356000.csv
2356000,2023-11-11,daytime,6,0.8498365855987928,0.03213055529026037,0.6666666666666993,40.2734375,0.9369717890727296,0.9135221997381264,low_flow,2356000.csv
2356000,2023-11-11,nighttime,6,NA,NA,NA,40.2734375,0.9369717890727296,0.9135221997381264,low_flow,2356000.csv
2356000,2023-11-12,daytime,6,NA,NA,NA,40.15234375,0.9374479228663254,0.9045748522001348,low_flow,2356000.csv
2356000,2023-11-12,nighttime,6,0.8207320717855637,0.04532491931353529,0.5425219941349035,40.15234375,0.9374479228663254,0.9045748522001348,low_flow,2356000.csv
2356000,2023-11-13,daytime,6,NA,NA,NA,40.66015625,0.9356029044161408,0.8958933460302345,low_flow,2356000.csv
2356000,2023-11-13,nighttime,6,0.6855427991901243,0.1327777089530675,0.24956970740103077,40.66015625,0.9356029044161408,0.8958933460302345,low_flow,2356000.csv
2356000,2023-11-14,daytime,6,NA,NA,NA,42.609375,0.9291750982025948,0.8879657183668611,low_flow,2356000.csv
2356000,2023-11-14,nighttime,6,0.8864052604279136,0.01862274738337767,0.28571428571426505,42.609375,0.9291750982025948,0.8879657183668611,low_flow,2356000.csv
2356000,2023-11-15,daytime,6,NA,NA,NA,46.015625,0.9173312700868944,0.8812006507161846,low_flow,2356000.csv
2356000,2023-11-15,nighttime,6,0.8363145133966705,0.03799660019688954,0.5722543352601076,46.015625,0.9173312700868944,0.8812006507161846,low_flow,2356000.csv
2356000,2023-11-16,daytime,6,0.7011147830125334,0.12064849656632852,0.06642728904846214,53.9921875,0.8890608260921319,0.8754751418481926,low_flow,2356000.csv
2356000,2023-11-16,nighttime,6,NA,NA,-0,53.9921875,0.8890608260921319,0.8754751418481926,low_flow,2356000.csv
2356000,2023-11-17,daytime,6,-0.42257712736426434,0.4038644096111282,-0.1071428571428714,67.37890625,0.8396024282823473,0.8695710828076023,low_flow,2356000.csv
2356000,2023-11-17,nighttime,6,NA,NA,-0,67.37890625,0.8396024282823473,0.8695710828076023,low_flow,2356000.csv
2356000,2023-11-18,daytime,6,0.3001454344072411,0.5633014915536789,0.08478802992516923,76.8359375,0.8007380073800738,0.8618735864778002,low_flow,2356000.csv
2356000,2023-11-18,nighttime,6,0.9138547120755024,0.01081187339861715,0.7839999999999938,76.8359375,0.8007380073800738,0.8618735864778002,low_flow,2356000.csv
2356000,2023-11-19,daytime,6,-0.6736330697086096,0.1423915120936616,-0.17647058823530423,79.48046875,0.7889536959885728,0.8512280284093163,low_flow,2356000.csv
2356000,2023-11-19,nighttime,6,0.5551436608100279,0.2528278401494453,0.19941348973607237,79.48046875,0.7889536959885728,0.8512280284093163,low_flow,2356000.csv
2356000,2023-11-20,daytime,6,-0.30561794546444077,0.5558457956859595,-0.02457956015524549,77.8046875,0.7967503868587072,0.8376423441653771,low_flow,2356000.csv
2356000,2023-11-20,nighttime,6,0.7460038465922523,0.08857790916337938,0.08695652173913027,77.8046875,0.7967503868587072,0.8376423441653771,low_flow,2356000.csv
2356000,2023-11-21,daytime,6,-0.4852643605628318,0.32923884882751203,-0.20129870129869729,74.1953125,0.8110939173907868,0.8219378645399357,low_flow,2356000.csv
2356000,2023-11-21,nighttime,6,0.06197765075687298,0.9071525590454016,0.02112676056338243,74.1953125,0.8110939173907868,0.8219378645399357,low_flow,2356000.csv
2356000,2023-11-22,daytime,6,NA,NA,0,69.41015625,0.8304963694798239,0.8045907233265881,low_flow,2356000.csv
2356000,2023-11-22,nighttime,6,-2.9007783988558136e-14,0.9999999999999564,-1.6780363152180975e-14,69.41015625,0.8304963694798239,0.8045907233265881,low_flow,2356000.csv
2356000,2023-11-23,daytime,6,-0.7151842500282876,0.1101278887010712,-0.6153846153846654,65.265625,0.8476967027734793,0.7889378248621196,low_flow,2356000.csv
2356000,2023-11-23,nighttime,6,NA,NA,-0,65.265625,0.8476967027734793,0.7889378248621196,low_flow,2356000.csv
2356000,2023-11-24,daytime,6,NA,NA,0,65.69921875,0.8462683013926914,0.7766337340792763,low_flow,2356000.csv
2356000,2023-11-24,nighttime,6,NA,NA,0,65.69921875,0.8462683013926914,0.7766337340792763,low_flow,2356000.csv
2356000,2023-11-25,daytime,6,0.7458974297764506,0.08864871215159946,0.3211009174311883,71.78515625,0.8209141768837043,0.7692219180256319,low_flow,2356000.csv
2356000,2023-11-25,nighttime,6,0.8576900278702391,0.02893715235381214,0.8275862068965241,71.78515625,0.8209141768837043,0.7692219180256319,low_flow,2356000.csv
2356000,2023-11-26,daytime,6,-0.928476690885262,0.00749043388127397,-1.0344827586206566,82.0703125,0.7772884180454708,0.7652223941594255,low_flow,2356000.csv
2356000,2023-11-26,nighttime,6,NA,NA,7.459144898800631e-14,82.0703125,0.7772884180454708,0.7652223941594255,low_flow,2356000.csv
2356000,2023-11-27,daytime,6,0.15477082510621137,0.769697453155593,0.1612903225805874,92.22265625,0.7336626592072373,0.7569535372773083,low_flow,2356000.csv
2356000,2023-11-27,nighttime,6,NA,NA,NA,92.22265625,0.7336626592072373,0.7569535372773083,low_flow,2356000.csv
2356000,2023-11-28,daytime,6,0.8042789854699975,0.05371135867969003,0.8316831683167824,100.73828125,0.7000357100345197,0.7357378089909932,normal_flow,2356000.csv
2356000,2023-11-28,nighttime,6,-0.7985836518841378,0.05676723381232106,-0.4905660377358264,100.73828125,0.7000357100345197,0.7357378089909932,normal_flow,2356000.csv
2356000,2023-11-29,daytime,6,NA,NA,-3.729572449400427e-14,107.3046875,0.6689679800023807,0.7091854144347896,normal_flow,2356000.csv
2356000,2023-11-29,nighttime,6,-0.9219544457292912,0.00889897084101405,-0.16666666666665955,107.3046875,0.6689679800023807,0.7091854144347896,normal_flow,2356000.csv
2356000,2023-11-30,daytime,6,NA,NA,-1.824683295136717e-14,104.6640625,0.6825377931198667,0.6804428044280443,normal_flow,2356000.csv
2356000,2023-11-30,nighttime,6,-0.4646093503331701,0.3532316910776171,-0.12711864406779463,104.6640625,0.6825377931198667,0.6804428044280443,normal_flow,2356000.csv
2356000,2023-12-01,daytime,6,NA,NA,-1.5134496896117273e-14,99.578125,0.7044994643494822,0.6517081299845257,normal_flow,2356000.csv
2356000,2023-12-01,nighttime,6,NA,NA,4.2946591841578874e-14,99.578125,0.7044994643494822,0.6517081299845257,normal_flow,2356000.csv
2356000,2023-12-02,daytime,6,NA,NA,-2.6107007145802256e-14,93.703125,0.7284251874776813,0.6254215767964131,normal_flow,2356000.csv
2356000,2023-12-02,nighttime,6,NA,NA,2.100563793340444e-14,93.703125,0.7284251874776813,0.6254215767964131,normal_flow,2356000.csv
2356000,2023-12-03,daytime,6,-0.5227733021739349,0.2872749079057227,-0.47826086956519726,90.6640625,0.7407451493869778,0.6042375907630044,normal_flow,2356000.csv
2356000,2023-12-03,nighttime,6,-0.2548235957188128,0.6260380997892747,-0.12987012987006533,90.6640625,0.7407451493869778,0.6042375907630044,normal_flow,2356000.csv
2356000,2023-12-04,daytime,6,0.8887158252134555,0.01788717040333245,0.5704225352112787,108.11328125,0.6649208427568146,0.5884021743443241,normal_flow,2356000.csv
2356000,2023-12-04,nighttime,6,NA,NA,NA,108.11328125,0.6649208427568146,0.5884021743443241,normal_flow,2356000.csv
2356000,2023-12-05,daytime,6,0.9707253433941492,0.00127296400794097,0.8076923076923112,144.9453125,0.4785144625639805,0.5720549140975281,normal_flow,2356000.csv
2356000,2023-12-05,nighttime,6,-0.32387513781564625,0.5311737515535746,-0.06993006993005939,144.9453125,0.4785144625639805,0.5720549140975281,normal_flow,2356000.csv
2356000,2023-12-06,daytime,6,0.8206518066482943,0.04536422491933412,0.42857142857146663,168.98046875,0.4128079990477324,0.5521644248700551,normal_flow,2356000.csv
2356000,2023-12-06,nighttime,6,NA,NA,-0,168.98046875,0.4128079990477324,0.5521644248700551,normal_flow,2356000.csv
2356000,2023-12-07,daytime,6,0.25482359571881663,0.6260380997892694,0.03246753246752246,175.2890625,0.3993572193786454,0.5280601515692577,normal_flow,2356000.csv
2356000,2023-12-07,nighttime,6,0.39757328397294567,0.4350611884190885,0.05645161290323684,175.2890625,0.3993572193786454,0.5280601515692577,normal_flow,2356000.csv
2356000,2023-12-08,daytime,6,NA,NA,-1.9688542342234067e-14,167.16796875,0.4166765861206999,0.5012577867714161,normal_flow,2356000.csv
2356000,2023-12-08,nighttime,6,-0.890870806374746,0.01721395169769927,-0.3174603174603064,167.16796875,0.4166765861206999,0.5012577867714161,normal_flow,2356000.csv
2356000,2023-12-09,daytime,6,-0.9717661602457028,0.00118447126235936,-0.19370860927152125,152.94140625,0.4519700035710035,0.4750862992500893,normal_flow,2356000.csv
2356000,2023-12-09,nighttime,6,-0.40291148201269145,0.4283366310404349,-0.31249999999997585,152.94140625,0.4519700035710035,0.4750862992500893,normal_flow,2356000.csv
2356000,2023-12-10,daytime,6,NA,NA,-2.1005637933403166e-14,138.50390625,0.5031543863825735,0.4502241796611514,normal_flow,2356000.csv
2356000,2023-12-10,nighttime,6,NA,NA,NA,138.50390625,0.5031543863825735,0.4502241796611514,normal_flow,2356000.csv
2356000,2023-12-11,daytime,6,-0.5290486946131008,0.2804653445857634,-0.6493506493507454,130.171875,0.539757171765266,0.4262429075903662,normal_flow,2356000.csv
2356000,2023-12-11,nighttime,6,0.6831300510639671,0.134701935318972,0.11111111111110894,130.171875,0.539757171765266,0.4262429075903662,normal_flow,2356000.csv
2356000,2023-12-12,daytime,6,NA,NA,NA,142.5546875,0.488453755505297,0.40283696385350953,normal_flow,2356000.csv
2356000,2023-12-12,nighttime,6,-0.6204006972688059,0.18879414549337223,-0.06636155606406785,142.5546875,0.488453755505297,0.40283696385350953,normal_flow,2356000.csv
2356000,2023-12-13,daytime,6,NA,NA,3.84258979635183e-14,174.4296875,0.4016783716224259,0.3879419116771813,normal_flow,2356000.csv
2356000,2023-12-13,nighttime,6,-0.7211102550927968,0.10582328368493132,-0.19999999999999887,174.4296875,0.4016783716224259,0.3879419116771813,normal_flow,2356000.csv
2356000,2023-12-14,daytime,6,0.8207843911743982,0.04529930719970954,0.39002932551318414,220.0625,0.3074038804904178,0.37747093599968257,normal_flow,2356000.csv
2356000,2023-12-14,nighttime,6,NA,NA,1.7102856319022795e-14,220.0625,0.3074038804904178,0.37747093599968257,normal_flow,2356000.csv
2356000,2023-12-15,daytime,6,0.8972259316387275,0.01530098767372171,0.5725806451612675,236.7109375,0.28050232115224377,0.36934491925564417,normal_flow,2356000.csv
2356000,2023-12-15,nighttime,6,NA,NA,NA,236.7109375,0.28050232115224377,0.36934491925564417,normal_flow,2356000.csv
2356000,2023-12-16,daytime,6,NA,NA,3.480934286105744e-13,217.4765625,0.31192715152957984,0.3621830734436377,normal_flow,2356000.csv
2356000,2023-12-16,nighttime,6,NA,NA,1.160311428702251e-13,217.4765625,0.31192715152957984,0.3621830734436377,normal_flow,2356000.csv
2356000,2023-12-17,daytime,6,NA,NA,-3.0632221717738476e-14,194.28125,0.3554933936436139,0.3551997778042297,normal_flow,2356000.csv
2356000,2023-12-17,nighttime,6,NA,NA,-4.201127586680676e-14,194.28125,0.3554933936436139,0.3551997778042297,normal_flow,2356000.csv
2356000,2023-12-18,daytime,6,0.2123019439021088,0.6863315330028037,0.07211538461537148,184.046875,0.38102606832519936,0.34756179819862715,normal_flow,2356000.csv
2356000,2023-12-18,nighttime,6,0.5509731650193398,0.2571701078757113,0.5000000000000216,184.046875,0.38102606832519936,0.34756179819862715,normal_flow,2356000.csv
2356000,2023-12-19,daytime,6,0.438529009653519,0.38437273644794534,0.6249999999999635,216.1875,0.31383168670396383,0.339677816133,normal_flow,2356000.csv
2356000,2023-12-19,nighttime,6,NA,NA,3.783624224029093e-14,216.1875,0.31383168670396383,0.339677816133,normal_flow,2356000.csv
2356000,2023-12-20,daytime,6,0.969861226038887,0.00134883033101526,1.0129870129869842,252.5234375,0.25508867991905726,0.3346903146450819,normal_flow,2356000.csv
2356000,2023-12-20,nighttime,6,0.654653670707975,0.15830242337545972,0.5000000000000395,252.5234375,0.25508867991905726,0.3346903146450819,normal_flow,2356000.csv
2356000,2023-12-21,daytime,6,0.6423640548375745,0.16898376484696984,0.14736842105261666,252.2265625,0.25574336388525176,0.33279768281553784,normal_flow,2356000.csv
2356000,2023-12-21,nighttime,6,0.25,0.6328125,0.0625000000000241,252.2265625,0.25574336388525176,0.33279768281553784,normal_flow,2356000.csv
2356000,2023-12-22,daytime,6,0.9464428131042943,0.00422574742744557,0.46634615384615535,238.59375,0.27746696821806927,0.3352100940364242,normal_flow,2356000.csv
2356000,2023-12-22,nighttime,6,NA,NA,NA,238.59375,0.27746696821806927,0.3352100940364242,normal_flow,2356000.csv
2356000,2023-12-23,daytime,6,0.4808970903749201,0.3342609786673899,0.08520179372195913,219.0859375,0.3092488989406023,0.33786850771733523,normal_flow,2356000.csv
2356000,2023-12-23,nighttime,6,-0.12473451297461964,0.8138685838921871,-0.14285714285703183,219.0859375,0.3092488989406023,0.33786850771733523,normal_flow,2356000.csv
2356000,2023-12-24,daytime,6,0.6727272727272737,0.14313448534936046,0.12231404958676503,198.78125,0.34722056897988335,0.33891203428163313,normal_flow,2356000.csv
2356000,2023-12-24,nighttime,6,NA,NA,NA,198.78125,0.34722056897988335,0.33891203428163313,normal_flow,2356000.csv
2356000,2023-12-25,daytime,6,NA,NA,-1.9589673471597467e-14,180.078125,0.3885846922985358,0.33931278022457645,normal_flow,2356000.csv
2356000,2023-12-25,nighttime,6,NA,NA,NA,180.078125,0.3885846922985358,0.33931278022457645,normal_flow,2356000.csv
2356000,2023-12-26,daytime,6,-0.9053914609204556,0.01300275359541782,-0.8448275862069802,165.015625,0.42149744078085943,0.34082053723763045,normal_flow,2356000.csv
2356000,2023-12-26,nighttime,6,-0.20000000000000004,0.704,-0.19999999999999404,165.015625,0.42149744078085943,0.34082053723763045,normal_flow,2356000.csv
2356000,2023-12-27,daytime,6,NA,NA,-1.4311533537044393e-14,168.6171875,0.4136412331865254,0.34924810538427964,normal_flow,2356000.csv
2356000,2023-12-27,nighttime,6,NA,NA,NA,168.6171875,0.4136412331865254,0.34924810538427964,normal_flow,2356000.csv
2356000,2023-12-28,daytime,6,0.6289709020331541,0.1809554737260587,0.4285714285714482,187.25,0.3732888941792643,0.3648256159980955,normal_flow,2356000.csv
2356000,2023-12-28,nighttime,6,0.31149591164298995,0.5478683104271056,0.06930693069308928,187.25,0.3732888941792643,0.3648256159980955,normal_flow,2356000.csv
2356000,2023-12-29,daytime,6,0.7575724468926321,0.08103280853208747,0.8118811881188125,200.7890625,0.34359004880371385,0.3833154783160735,normal_flow,2356000.csv
2356000,2023-12-29,nighttime,6,0.8395560546693915,0.03654829454444392,0.3203883495145609,200.7890625,0.34359004880371385,0.3833154783160735,normal_flow,2356000.csv
2356000,2023-12-30,daytime,6,0.8750000000000066,0.02246093749999769,0.4374999999999521,212.46875,0.3203785263659088,0.4029599650835218,normal_flow,2356000.csv
2356000,2023-12-30,nighttime,6,NA,NA,2.4125287131434148e-14,212.46875,0.3203785263659088,0.4029599650835218,normal_flow,2356000.csv
2356000,2023-12-31,daytime,6,0.9161803425262852,0.01024415511879541,0.5366568914955981,208.4453125,0.32758004999404833,0.4234773638058961,normal_flow,2356000.csv
2356000,2023-12-31,nighttime,6,NA,NA,1.276002304291396e-14,208.4453125,0.32758004999404833,0.4234773638058961,normal_flow,2356000.csv
2356000,2024-01-01,daytime,6,0.949529814017741,0.00375657967960476,0.8311688311688323,191.84375,0.3615045827877634,0.434202277506646,normal_flow,2356000.csv
2356000,2024-01-01,nighttime,6,NA,NA,6.54829222138903e-14,191.84375,0.3615045827877634,0.434202277506646,normal_flow,2356000.csv
2356000,2024-01-02,daytime,6,0.629198228667964,0.180749429659041,0.2794520547945153,173.4609375,0.40364242352100943,0.4336586914256239,normal_flow,2356000.csv
2356000,2024-01-02,nighttime,6,NA,NA,2.4678265461205864e-14,173.4609375,0.40364242352100943,0.4336586914256239,normal_flow,2356000.csv
2356000,2024-01-03,daytime,6,-0.8925407010393889,0.01670080822214971,-1.2077922077922214,156.9765625,0.44024520890370195,0.42679839701622824,normal_flow,2356000.csv
2356000,2024-01-03,nighttime,6,0.7769309688655057,0.06908975460883553,0.21126760563382055,156.9765625,0.44024520890370195,0.42679839701622824,normal_flow,2356000.csv
2356000,2024-01-04,daytime,6,-0.9053574604251864,0.01301194888074028,-0.10928961748635502,142.484375,0.4887513391262945,0.4152243780502321,normal_flow,2356000.csv
2356000,2024-01-04,nighttime,6,NA,NA,1.50040270952889e-14,142.484375,0.4887513391262945,0.4152243780502321,normal_flow,2356000.csv
2356000,2024-01-05,daytime,6,-0.17553148878520602,0.7394069438144153,-0.01185050136737235,131.828125,0.533091298654922,0.4005991350236083,normal_flow,2356000.csv
2356000,2024-01-05,nighttime,6,NA,NA,1.4298455282875442e-14,131.828125,0.533091298654922,0.4005991350236083,normal_flow,2356000.csv
2356000,2024-01-06,daytime,6,NA,NA,-9.327073668537303e-15,123.796875,0.5721342697297941,0.3851089156052851,normal_flow,2356000.csv
2356000,2024-01-06,nighttime,6,NA,NA,-1.8100858287754875e-14,123.796875,0.5721342697297941,0.3851089156052851,normal_flow,2356000.csv
2356000,2024-01-07,daytime,6,NA,NA,-8.702335715268145e-14,116.625,0.6170098797762171,0.37147561798198625,normal_flow,2356000.csv
2356000,2024-01-07,nighttime,6,NA,NA,NA,116.625,0.6170098797762171,0.37147561798198625,normal_flow,2356000.csv
2356000,2024-01-08,daytime,6,0.9135002783911386,0.01089969856959388,0.9482758620689676,137.296875,0.508094274491132,0.35830258302583023,normal_flow,2356000.csv
2356000,2024-01-08,nighttime,6,NA,NA,1.7916573531432538e-14,137.296875,0.508094274491132,0.35830258302583023,normal_flow,2356000.csv
2356000,2024-01-09,daytime,6,0.5477225575051694,0.260574547368022,0.3749999999999792,184.2734375,0.3804309010832044,0.34366146887275323,normal_flow,2356000.csv
2356000,2024-01-09,nighttime,6,NA,NA,NA,184.2734375,0.3804309010832044,0.34366146887275323,normal_flow,2356000.csv
2356000,2024-01-10,daytime,6,NA,NA,-2.9294991516742223e-14,213.671875,0.31859302463992384,0.3275959211205015,normal_flow,2356000.csv
2356000,2024-01-10,nighttime,6,0.4441504526321903,0.3775830175741389,0.2320819112628203,213.671875,0.31859302463992384,0.3275959211205015,normal_flow,2356000.csv
2356000,2024-01-11,daytime,6,-0.9256321105624524,0.00809022557732452,-1.0762463343108544,264.734375,0.24003094869658373,0.310514621275245,normal_flow,2356000.csv
2356000,2024-01-11,nighttime,6,-0.9519716382329892,0.00340469122484004,-0.4531249999999847,264.734375,0.24003094869658373,0.310514621275245,normal_flow,2356000.csv
2356000,2024-01-12,daytime,6,NA,NA,-0,350.8125,0.15391024877990717,0.2912867515771932,normal_flow,2356000.csv
2356000,2024-01-12,nighttime,6,NA,NA,0,350.8125,0.15391024877990717,0.2912867515771932,normal_flow,2356000.csv
2356000,2024-01-13,daytime,6,0.9438798074485364,0.00463583941790484,1.4000000000000516,418.765625,0.1112367575288656,0.27056302821092726,normal_flow,2356000.csv
2356000,2024-01-13,nighttime,6,0.5563035899673185,0.251625275812386,0.29473684210525497,418.765625,0.1112367575288656,0.27056302821092726,normal_flow,2356000.csv
2356000,2024-01-14,daytime,6,0.7006490497453705,0.12100391941035324,0.6545454545454713,409.375,0.1158790620164266,0.24909732968297424,high_flow,2356000.csv
2356000,2024-01-14,nighttime,6,-0.5854905538443584,0.22211701264086228,-0.22413793103447652,409.375,0.1158790620164266,0.24909732968297424,high_flow,2356000.csv
2356000,2024-01-15,daytime,6,0.6956083436402504,0.12487982574290976,0.32258064516128737,384.5625,0.12998452565170812,0.22699281831527993,high_flow,2356000.csv
2356000,2024-01-15,nighttime,6,NA,NA,2.1755839288168334e-14,384.5625,0.12998452565170812,0.22699281831527993,high_flow,2356000.csv
2356000,2024-01-16,daytime,6,NA,NA,-0,366.203125,0.14188787049160814,0.2143832083482125,high_flow,2356000.csv
2356000,2024-01-16,nighttime,6,-0.8665069303180498,0.02554114955333859,-0.7758620689655346,366.203125,0.14188787049160814,0.2143832083482125,high_flow,2356000.csv
2356000,2024-01-17,daytime,6,-0.8864052604279182,0.01862274738337616,-0.687500000000024,339.84375,0.16265920723723365,0.2126334166567472,high_flow,2356000.csv
2356000,2024-01-17,nighttime,6,0.6625413488689113,0.15160289612370492,0.08441558441559295,339.84375,0.16265920723723365,0.2126334166567472,high_flow,2356000.csv
2356000,2024-01-18,daytime,6,NA,NA,NA,315.046875,0.18402571122485417,0.21731936674205451,high_flow,2356000.csv
2356000,2024-01-18,nighttime,6,NA,NA,-0,315.046875,0.18402571122485417,0.21731936674205451,high_flow,2356000.csv
2356000,2024-01-19,daytime,6,NA,NA,-5.858998303348302e-14,298.21875,0.2003332936555172,0.2289171923977304,high_flow,2356000.csv
2356000,2024-01-19,nighttime,6,NA,NA,NA,298.21875,0.2003332936555172,0.2289171923977304,high_flow,2356000.csv
2356000,2024-01-20,daytime,6,-0.8366680585859951,0.0378373551434138,-0.5656108597285321,278.015625,0.2222354481609332,0.24729198904892272,high_flow,2356000.csv
2356000,2024-01-20,nighttime,6,NA,NA,NA,278.015625,0.2222354481609332,0.24729198904892272,high_flow,2356000.csv
2356000,2024-01-21,daytime,6,-0.6006677798393898,0.2073593328399997,-0.2405345211581328,256.09375,0.25014879181049876,0.2680474546680951,normal_flow,2356000.csv
2356000,2024-01-21,nighttime,6,0.6201736729460428,0.1890036584551748,0.12820512820515104,256.09375,0.25014879181049876,0.2680474546680951,normal_flow,2356000.csv
2356000,2024-01-22,daytime,6,-0.9288896378049992,0.00740523411569649,-0.25301204819277134,234.25,0.28544220926080227,0.2846605562829822,normal_flow,2356000.csv
2356000,2024-01-22,nighttime,6,NA,NA,-0,234.25,0.28544220926080227,0.2846605562829822,normal_flow,2356000.csv
2356000,2024-01-23,daytime,6,-0.786899598234457,0.06327903743617191,-0.35849056603774093,213.484375,0.3189501249851208,0.2948061738681903,normal_flow,2356000.csv
2356000,2024-01-23,nighttime,6,-0.6078306738548316,0.20053798069339895,-0.35714285714291233,213.484375,0.3189501249851208,0.2948061738681903,normal_flow,2356000.csv
2356000,2024-01-24,daytime,6,-0.8851829915936557,0.019017604951555,-0.14762516046213062,195.234375,0.35418402571122487,0.3009403642423521,normal_flow,2356000.csv
2356000,2024-01-24,nighttime,6,NA,NA,-1.4503892858778242e-14,195.234375,0.35418402571122487,0.3009403642423521,normal_flow,2356000.csv
2356000,2024-01-25,daytime,6,-0.9089773100015316,0.01205062772773896,-0.3502538071066102,180.015625,0.3888822759195334,0.3052017616950363,normal_flow,2356000.csv
2356000,2024-01-25,nighttime,6,-0.8927525731124857,0.01663623534194225,-0.6034482758621016,180.015625,0.3888822759195334,0.3052017616950363,normal_flow,2356000.csv
2356000,2024-01-26,daytime,6,-0.91680168429721,0.01009499190798194,-0.292682926829284,168.46875,0.4139983335317224,0.3095068047454668,normal_flow,2356000.csv
2356000,2024-01-26,nighttime,6,NA,NA,NA,168.46875,0.4139983335317224,0.3095068047454668,normal_flow,2356000.csv
2356000,2024-01-27,daytime,6,-0.7670074284235561,0.07510424401795045,-0.09644268774704284,161.390625,0.4295321985477919,0.31514105463635284,normal_flow,2356000.csv
2356000,2024-01-27,nighttime,6,NA,NA,NA,161.390625,0.4295321985477919,0.31514105463635284,normal_flow,2356000.csv
2356000,2024-01-28,daytime,6,-0.8883982803243381,0.01798741917664691,-0.25467860048820973,164.515625,0.4225687418164504,0.3216323453557116,normal_flow,2356000.csv
2356000,2024-01-28,nighttime,6,NA,NA,-1.5004027095287973e-14,164.515625,0.4225687418164504,0.3216323453557116,normal_flow,2356000.csv
2356000,2024-01-29,daytime,6,0.9375000000000016,0.00573730468749972,0.3515624999999902,190.359375,0.36507558623973335,0.3283934452247748,normal_flow,2356000.csv
2356000,2024-01-29,nighttime,6,-0.868243142124461,0.02489616346022208,-0.41999999999998927,190.359375,0.36507558623973335,0.3283934452247748,normal_flow,2356000.csv
2356000,2024-01-31,daytime,6,0.9479002328753516,0.0040008691693384,0.6875000000000153,269.484375,0.23390072610403523,0.3244851803356743,normal_flow,2356000.csv
2356000,2024-01-31,nighttime,6,-0.937963592542152,0.00565339972671633,-0.3831775700934463,269.484375,0.23390072610403523,0.3244851803356743,normal_flow,2356000.csv
2356000,2024-02-01,daytime,6,-0.2519763153394798,0.6300347750967952,-0.5714285714286365,274.890625,0.22658016902749673,0.31245883426576204,normal_flow,2356000.csv
2356000,2024-02-01,nighttime,6,-0.3721042037676263,0.46760475460939666,-0.07692307692307128,274.890625,0.22658016902749673,0.31245883426576204,normal_flow,2356000.csv
2356000,2024-02-02,daytime,6,0.9243262576495406,0.00837309950100314,0.26555023923445353,257.75,0.24860135698131175,0.297500297583621,normal_flow,2356000.csv
2356000,2024-02-02,nighttime,6,NA,NA,NA,257.75,0.24860135698131175,0.297500297583621,normal_flow,2356000.csv
2356000,2024-02-03,daytime,6,-0.877268926613024,0.02167003061457514,-0.34632034632035735,234.484375,0.2848470420188073,0.2821767249930564,normal_flow,2356000.csv
2356000,2024-02-03,nighttime,6,-0.7901744265512596,0.06142118564490254,-0.6410256410256282,234.484375,0.2848470420188073,0.2821767249930564,normal_flow,2356000.csv
2356000,2024-02-04,daytime,6,NA,NA,5.801557143510919e-14,212.96875,0.3196048089513153,0.26776574217355076,normal_flow,2356000.csv
2356000,2024-02-04,nighttime,6,-0.52,0.29030399999999995,-0.10400000000001632,212.96875,0.3196048089513153,0.26776574217355076,normal_flow,2356000.csv
2356000,2024-02-05,daytime,6,NA,NA,NA,196.40625,0.35156528984644686,0.25605681863270247,normal_flow,2356000.csv
2356000,2024-02-05,nighttime,6,NA,NA,NA,196.40625,0.35156528984644686,0.25605681863270247,normal_flow,2356000.csv
2356000,2024-02-06,daytime,6,0.03400102004590167,0.9490181236999602,0.00289017341039011,213.140625,0.31948577550291635,0.2495179145339841,high_flow,2356000.csv
2356000,2024-02-06,nighttime,6,NA,NA,3.16448571464274e-14,213.140625,0.31948577550291635,0.2495179145339841,high_flow,2356000.csv
2356000,2024-02-07,daytime,6,NA,NA,-1.369657444629429e-14,274.9375,0.22628258540649923,0.24483990001190337,high_flow,2356000.csv
2356000,2024-02-07,nighttime,6,0.5180747889917507,0.2924138383807834,0.141263940520471,274.9375,0.22628258540649923,0.24483990001190337,high_flow,2356000.csv
2356000,2024-02-08,daytime,6,NA,NA,-2.9294991516741536e-14,326.875,0.17378883466254016,0.2349601237947863,high_flow,2356000.csv
2356000,2024-02-08,nighttime,6,-0.4856429311786313,0.32880481681443874,-0.31249999999996075,326.875,0.17378883466254016,0.2349601237947863,high_flow,2356000.csv
2356000,2024-02-09,daytime,6,-0.8534085636915273,0.03065851850498048,-0.34065934065936476,337.703125,0.16450422568741815,0.22316390905844544,high_flow,2356000.csv
2356000,2024-02-09,nighttime,6,-0.87831006565368,0.02131164112875669,-0.4285714285713598,337.703125,0.16450422568741815,0.22316390905844544,high_flow,2356000.csv
2356000,2024-02-10,daytime,6,-0.8920478011513202,0.01685149581323355,-0.27089337175793354,315.015625,0.18414474467325315,0.21038368448200612,high_flow,2356000.csv
2356000,2024-02-10,nighttime,6,NA,NA,-6.961868572201346e-14,315.015625,0.18414474467325315,0.21038368448200612,high_flow,2356000.csv
2356000,2024-02-11,daytime,6,-0.6204006972688066,0.18879414549337156,-0.06636155606408356,285.953125,0.21336745625520773,0.1962425108122049,high_flow,2356000.csv
2356000,2024-02-11,nighttime,6,-0.6816773539365182,0.13586625393177584,-0.27881040892193176,285.953125,0.21336745625520773,0.1962425108122049,high_flow,2356000.csv
2356000,2024-02-12,daytime,6,-0.8159371450409241,0.04770075674675702,-0.2958904109589087,259.578125,0.24693488870372576,0.1808197436813078,high_flow,2356000.csv
2356000,2024-02-12,nighttime,6,-0.6928465180980954,0.12702596154337104,-0.6052631578948002,259.578125,0.24693488870372576,0.1808197436813078,high_flow,2356000.csv
2356000,2024-02-13,daytime,6,0.09100315103866918,0.8638720980839785,0.130434782608655,245.046875,0.2669920247589573,0.16437725667579256,high_flow,2356000.csv
2356000,2024-02-13,nighttime,6,NA,NA,1.1739221199481078e-14,245.046875,0.2669920247589573,0.16437725667579256,high_flow,2356000.csv
2356000,2024-02-14,daytime,6,0.9135886541603,0.01087776770169915,0.549295774647878,287.75,0.2119985715986192,0.15143435305320796,high_flow,2356000.csv
2356000,2024-02-14,nighttime,6,-0.9448802102809551,0.00447355459745786,-0.32594235033258473,287.75,0.2119985715986192,0.15143435305320796,high_flow,2356000.csv
2356000,2024-02-15,daytime,6,NA,NA,-2.4863816329335072e-14,481.03125,0.08570408284728008,0.14629607586398444,high_flow,2356000.csv
2356000,2024-02-15,nighttime,6,NA,NA,2.2603469390307367e-14,481.03125,0.08570408284728008,0.14629607586398444,high_flow,2356000.csv
2356000,2024-02-16,daytime,6,-0.9191450300180608,0.00954199351502314,-0.8750000000000142,612.53125,0.04963694798238305,0.14646669047335634,high_flow,2356000.csv
2356000,2024-02-16,nighttime,6,0.8624270306440899,0.02708760769489757,0.5687732342007507,612.53125,0.04963694798238305,0.14646669047335634,high_flow,2356000.csv
2356000,2024-02-17,daytime,6,NA,NA,NA,576.125,0.05689798833472206,0.14917668531524023,high_flow,2356000.csv
2356000,2024-02-17,nighttime,6,0.97710712359288,7.801267925696004e-4,0.8910891089108717,576.125,0.05689798833472206,0.14917668531524023,high_flow,2356000.csv
2356000,2024-02-18,daytime,6,NA,NA,NA,519.015625,0.07272943697178907,0.15239455620362655,high_flow,2356000.csv
2356000,2024-02-18,nighttime,6,0.9243580852799864,0.00836614874993056,0.5846153846154066,519.015625,0.07272943697178907,0.15239455620362655,high_flow,2356000.csv
2356000,2024-02-19,daytime,6,0.4670993664969103,0.35030724478156955,0.09090909090905826,473,0.08826330198785859,0.15507280879260404,high_flow,2356000.csv
2356000,2024-02-19,nighttime,6,-0.6869094992749571,0.1316930407223348,-0.17475728155337056,473,0.08826330198785859,0.15507280879260404,high_flow,2356000.csv
2356000,2024-02-20,daytime,6,0.7302967433402259,0.09930068321372368,0.22222222222222152,431.765625,0.1049279847637186,0.15673134150696347,high_flow,2356000.csv
2356000,2024-02-20,nighttime,6,-0.7399400733959438,0.09265267017963452,-0.4852941176470611,431.765625,0.1049279847637186,0.15673134150696347,high_flow,2356000.csv
2356000,2024-02-21,daytime,6,NA,NA,-2.7879336387584232e-14,392.1875,0.12534222116414712,0.15860810221005436,high_flow,2356000.csv
2356000,2024-02-21,nighttime,6,-0.6324555320336758,0.17780780835622126,-0.12500000000000935,392.1875,0.12534222116414712,0.15860810221005436,high_flow,2356000.csv
2356000,2024-02-22,daytime,6,-0.7201760732193133,0.10649683819101816,-0.06030855539974018,356.359375,0.14920842756814665,0.16605166051660517,high_flow,2356000.csv
2356000,2024-02-22,nighttime,6,-0.31149591164298995,0.5478683104271056,-0.13861386138613127,356.359375,0.14920842756814665,0.16605166051660517,high_flow,2356000.csv
2356000,2024-02-23,daytime,6,-0.6312734938728121,0.17887296738900682,-0.16265560165976337,323.859375,0.1763480538031187,0.18409713129389357,high_flow,2356000.csv
2356000,2024-02-23,nighttime,6,-0.9114654303753,0.01141057166986695,-0.45000000000000334,323.859375,0.1763480538031187,0.18409713129389357,high_flow,2356000.csv
2356000,2024-02-24,daytime,6,-0.7719210250832161,0.0720976919172121,-0.19862068965517837,294.515625,0.20515414831567672,0.2064555806848391,high_flow,2356000.csv
2356000,2024-02-24,nighttime,6,-0.8670034686567051,0.02535588955722443,-1.4320000000000015,294.515625,0.20515414831567672,0.2064555806848391,high_flow,2356000.csv
2356000,2024-02-25,daytime,6,0.5714569554438141,0.2361229305410613,0.5657894736842117,270.46875,0.23241280799904773,0.22875848113319844,high_flow,2356000.csv
2356000,2024-02-25,nighttime,6,-0.7780548955539527,0.0684229772866517,-1.6753246753246709,270.46875,0.23241280799904773,0.22875848113319844,high_flow,2356000.csv
2356000,2024-02-26,daytime,6,0.9374660934193982,0.00574346511667667,0.17088607594935934,253.5625,0.25354124508987025,0.24802206086576992,high_flow,2356000.csv
2356000,2024-02-26,nighttime,6,NA,NA,-0,253.5625,0.25354124508987025,0.24802206086576992,high_flow,2356000.csv
2356000,2024-02-27,daytime,6,NA,NA,-1.8647862247001344e-14,241.875,0.27181287941911675,0.2628853707891918,normal_flow,2356000.csv
2356000,2024-02-27,nighttime,6,0.9820411876937908,4.808823806250894e-4,0.8793103448276184,241.875,0.27181287941911675,0.2628853707891918,normal_flow,2356000.csv
2356000,2024-02-28,daytime,6,-0.9071161070433822,0.01254045229109662,-0.1466836734693919,228.078125,0.2951434353053208,0.27504662143395625,normal_flow,2356000.csv
2356000,2024-02-28,nighttime,6,NA,NA,NA,228.078125,0.2951434353053208,0.27504662143395625,normal_flow,2356000.csv
2356000,2024-02-29,daytime,6,-0.18232322463625553,0.7295455353232252,-0.09821428571431363,210.390625,0.3236519461968813,0.28620005554894257,normal_flow,2356000.csv
2356000,2024-02-29,nighttime,6,0.9037378388935396,0.01345360347028835,1.1874999999999265,210.390625,0.3236519461968813,0.28620005554894257,normal_flow,2356000.csv
2356000,2024-03-01,daytime,6,0.2,0.7040000000000001,0.7999999999999999,193.96875,0.3563861445066064,0.2945601714081657,normal_flow,2356000.csv
2356000,2024-03-01,nighttime,6,NA,NA,0,193.96875,0.3563861445066064,0.2945601714081657,normal_flow,2356000.csv
2356000,2024-03-02,daytime,6,NA,NA,0,182.046875,0.3850136888465659,0.29760742768718007,normal_flow,2356000.csv
2356000,2024-03-02,nighttime,6,0.9271726499455308,0.00776260268987068,0.5833333333333581,182.046875,0.3850136888465659,0.29760742768718007,normal_flow,2356000.csv
2356000,2024-03-03,daytime,6,-0.4926537932910182,0.32080475938690123,-0.03467253714915911,178.890625,0.3914414950601119,0.2965718366861088,normal_flow,2356000.csv
2356000,2024-03-03,nighttime,6,NA,NA,NA,178.890625,0.3914414950601119,0.2965718366861088,normal_flow,2356000.csv
2356000,2024-03-04,daytime,6,NA,NA,0,191.78125,0.36168313296036186,0.2921477601872793,normal_flow,2356000.csv
2356000,2024-03-04,nighttime,6,NA,NA,-0,191.78125,0.36168313296036186,0.2921477601872793,normal_flow,2356000.csv
2356000,2024-03-05,daytime,6,NA,NA,3.867704762341505e-14,217.84375,0.3112129508391858,0.28251001864857356,normal_flow,2356000.csv
2356000,2024-03-05,nighttime,6,NA,NA,NA,217.84375,0.3112129508391858,0.28251001864857356,normal_flow,2356000.csv
2356000,2024-03-06,daytime,6,-0.7634786364088968,0.07729775205750068,-0.05204460966543652,232.8125,0.28734674443518626,0.2699043764631195,normal_flow,2356000.csv
2356000,2024-03-06,nighttime,6,-0.25482359571881363,0.6260380997892735,-0.06493506493504728,232.8125,0.28734674443518626,0.2699043764631195,normal_flow,2356000.csv
2356000,2024-03-07,daytime,6,NA,NA,-1.7798574304486386e-14,229.703125,0.2926437328889418,0.25639804785144626,normal_flow,2356000.csv
2356000,2024-03-07,nighttime,6,-0.9622520116945223,0.00211047217693468,-0.7664974619288549,229.703125,0.2926437328889418,0.25639804785144626,normal_flow,2356000.csv
2356000,2024-03-08,daytime,6,0.6265249609074452,0.18317858485534952,0.6129032258063832,240.140625,0.27461016545649325,0.24233226203229777,high_flow,2356000.csv
2356000,2024-03-08,nighttime,6,NA,NA,NA,240.140625,0.27461016545649325,0.24233226203229777,high_flow,2356000.csv
2356000,2024-03-09,daytime,6,-0.5139561687500468,0.29694675029474743,-0.25000000000004224,278.15625,0.22205689798833472,0.22762369559179463,high_flow,2356000.csv
2356000,2024-03-09,nighttime,6,NA,NA,NA,278.15625,0.22205689798833472,0.22762369559179463,high_flow,2356000.csv
2356000,2024-03-11,daytime,6,-0.8186292482887788,0.04635989722421227,-0.7920000000000571,336.109375,0.16605166051660517,0.1981153037336825,high_flow,2356000.csv
2356000,2024-03-11,nighttime,6,0.8154778950551568,0.0479312689354072,0.2547528517110326,336.109375,0.16605166051660517,0.1981153037336825,high_flow,2356000.csv
2356000,2024-03-12,daytime,6,-0.5599539151544336,0.2478554507409488,-0.11612903225808983,422.4375,0.1089751220092846,0.1854461770424156,high_flow,2356000.csv
2356000,2024-03-12,nighttime,6,0.88951516182593,0.0176360105434522,0.6151917773877916,422.4375,0.1089751220092846,0.1854461770424156,high_flow,2356000.csv
2356000,2024-03-13,daytime,6,NA,NA,-3.3290814481224035e-14,487.28125,0.08272824663730509,0.17470142443359918,high_flow,2356000.csv
2356000,2024-03-13,nighttime,6,NA,NA,1.8189308257321042e-14,487.28125,0.08272824663730509,0.17470142443359918,high_flow,2356000.csv
2356000,2024-03-14,daytime,6,NA,NA,-2.5803437295269593e-14,461.171875,0.0925485061302226,0.16513113518231956,high_flow,2356000.csv
2356000,2024-03-14,nighttime,6,-0.6405126152203502,0.17061828029159837,-0.41025641025636533,461.171875,0.0925485061302226,0.16513113518231956,high_flow,2356000.csv
2356000,2024-03-15,daytime,6,0.716713200345962,0.10901003361246636,0.13829787234040777,415.953125,0.11266515890965362,0.15639804785144626,high_flow,2356000.csv
2356000,2024-03-15,nighttime,6,NA,NA,NA,415.953125,0.11266515890965362,0.15639804785144626,high_flow,2356000.csv
2356000,2024-03-16,daytime,6,NA,NA,-1.4945546112700272e-14,375.640625,0.13575764789905964,0.15047414990278934,high_flow,2356000.csv
2356000,2024-03-16,nighttime,6,NA,NA,NA,375.640625,0.13575764789905964,0.15047414990278934,high_flow,2356000.csv
2356000,2024-03-17,daytime,6,NA,NA,-2.5839699905401132e-14,344.140625,0.15926675395786216,0.14844661349839303,high_flow,2356000.csv
2356000,2024-03-17,nighttime,6,-0.2548235957188111,0.6260380997892772,-0.06493506493505051,344.140625,0.15926675395786216,0.14844661349839303,high_flow,2356000.csv
2356000,2024-03-18,daytime,6,-0.8245899502893874,0.04345445997921418,-0.11825192802058596,325.796875,0.17456255207713367,0.14576439312780223,high_flow,2356000.csv
2356000,2024-03-18,nighttime,6,NA,NA,NA,325.796875,0.17456255207713367,0.14576439312780223,high_flow,2356000.csv
2356000,2024-03-19,daytime,6,0.898177426278141,0.0150239148798516,0.5378151260503975,329.46875,0.17164623259135817,0.14198309725032734,high_flow,2356000.csv
2356000,2024-03-19,nighttime,6,NA,NA,1.267330443970972e-14,329.46875,0.17164623259135817,0.14198309725032734,high_flow,2356000.csv
2356000,2024-03-20,daytime,6,0.981709546516143,4.98751582515647e-4,0.8046875000000122,355.515625,0.15004166170693964,0.14195135499742095,high_flow,2356000.csv
2356000,2024-03-20,nighttime,6,0.5180747889917533,0.2924138383807806,0.2118959107806919,355.515625,0.15004166170693964,0.14195135499742095,high_flow,2356000.csv
2356000,2024-03-21,daytime,6,0.7391404949862592,0.09319607979608947,0.4261363636363303,363.46875,0.1437924056659921,0.14440741181605363,high_flow,2356000.csv
2356000,2024-03-21,nighttime,6,NA,NA,NA,363.46875,0.1437924056659921,0.14440741181605363,high_flow,2356000.csv
2356000,2024-03-22,daytime,6,NA,NA,NA,341.21875,0.16164742292584217,0.14497480458675557,high_flow,2356000.csv
2356000,2024-03-22,nighttime,6,NA,NA,0,341.21875,0.16164742292584217,0.14497480458675557,high_flow,2356000.csv
2356000,2024-03-23,daytime,6,NA,NA,-2.9294991516742e-14,313.5625,0.18575169622663967,0.14254652223941594,high_flow,2356000.csv
2356000,2024-03-23,nighttime,6,-0.5096471914376324,0.30171715978350555,-0.259740259740342,313.5625,0.18575169622663967,0.14254652223941594,high_flow,2356000.csv
2356000,2024-03-24,daytime,6,0.8635854783751863,0.02664411898866987,0.12694125590817348,306.96875,0.1916438519223902,0.13878109748839423,high_flow,2356000.csv
2356000,2024-03-24,nighttime,6,NA,NA,-0,306.96875,0.1916438519223902,0.13878109748839423,high_flow,2356000.csv
2356000,2024-03-25,daytime,6,0.7329220430506852,0.09747053248870058,0.5055762081784667,356.140625,0.14938697774074514,0.13452366781732333,high_flow,2356000.csv
2356000,2024-03-25,nighttime,6,0.8304547985373998,0.0406815258274865,0.34482758620689563,356.140625,0.14938697774074514,0.13452366781732333,high_flow,2356000.csv
2356000,2024-03-26,daytime,6,-0.9977557480592892,7.549348385485444e-6,-0.7227722772277203,421.484375,0.1093322223544816,0.13056778954886322,high_flow,2356000.csv
2356000,2024-03-26,nighttime,6,-0.6565321642986127,0.15669575447850592,-0.17241379310344948,421.484375,0.1093322223544816,0.13056778954886322,high_flow,2356000.csv
2356000,2024-03-27,daytime,6,-0.3779644730091202,0.4600507528440988,-0.05357142857140441,423.75,0.1084989882156886,0.12834186406380194,high_flow,2356000.csv
2356000,2024-03-27,nighttime,6,-0.7406681724583484,0.09215907388334088,-0.6034482758620655,423.75,0.1084989882156886,0.12834186406380194,high_flow,2356000.csv
2356000,2024-03-28,daytime,6,0.8893607563312732,0.01768439353182938,0.2819548872180309,402,0.11956909891679562,0.12907193588064914,high_flow,2356000.csv
2356000,2024-03-28,nighttime,6,NA,NA,0,402,0.11956909891679562,0.12907193588064914,high_flow,2356000.csv
2356000,2024-03-29,daytime,6,0.8721097520248089,0.02348799224441918,0.2110497237569101,440.921875,0.1010593976907511,0.13018291473237317,high_flow,2356000.csv
2356000,2024-03-29,nighttime,6,0.6546536707079772,0.15830242337545783,0.8571428571428796,440.921875,0.1010593976907511,0.13018291473237317,high_flow,2356000.csv
2356000,2024-03-30,daytime,6,NA,NA,0,506.828125,0.07624092369955958,0.12869896440899892,high_flow,2356000.csv
2356000,2024-03-30,nighttime,6,NA,NA,0,506.828125,0.07624092369955958,0.12869896440899892,high_flow,2356000.csv
2356000,2024-03-31,daytime,6,NA,NA,0,496.625,0.07927627663373409,0.12536206007221362,high_flow,2356000.csv
2356000,2024-03-31,nighttime,6,0.20000000000000004,0.704,0.1000000000000261,496.625,0.07927627663373409,0.12536206007221362,high_flow,2356000.csv
2356000,2024-04-01,daytime,6,-0.858231753864537,0.0287227076118995,-0.13220338983051969,453.640625,0.0954053088917986,0.12259651628774353,high_flow,2356000.csv
2356000,2024-04-01,nighttime,6,NA,NA,NA,453.640625,0.0954053088917986,0.12259651628774353,high_flow,2356000.csv
2356000,2024-04-09,daytime,6,NA,NA,-8.603069528401145e-15,324.109375,0.17622902035471968,0.1434273697575685,high_flow,2356000.csv
2356000,2024-04-09,nighttime,6,NA,NA,NA,324.109375,0.17622902035471968,0.1434273697575685,high_flow,2356000.csv
2356000,2024-04-10,daytime,6,0.783888420221981,0.06500966153753188,0.23727486296005973,293.84375,0.2057493155576717,0.14045550132920684,high_flow,2356000.csv
2356000,2024-04-10,nighttime,6,NA,NA,3.72957244939984e-14,293.84375,0.2057493155576717,0.14045550132920684,high_flow,2356000.csv
2356000,2024-04-11,daytime,6,NA,NA,-1.0300723907867431e-14,268.09375,0.23556719438162124,0.13707495139467524,high_flow,2356000.csv
2356000,2024-04-11,nighttime,6,NA,NA,0,268.09375,0.23556719438162124,0.13707495139467524,high_flow,2356000.csv
2356000,2024-04-12,daytime,6,-0.4249551828713337,0.400937896832623,-0.09029345372461645,266.578125,0.23717414593500777,0.13337301114946634,high_flow,2356000.csv
2356000,2024-04-12,nighttime,6,NA,NA,8.70233571527249e-15,266.578125,0.23717414593500777,0.13337301114946634,high_flow,2356000.csv
2356000,2024-04-13,daytime,6,0.8895371728655024,0.01762911856127905,0.40703517587940463,376.65625,0.13528151410546363,0.13111534341149864,high_flow,2356000.csv
2356000,2024-04-13,nighttime,6,NA,NA,-0,376.65625,0.13528151410546363,0.13111534341149864,high_flow,2356000.csv
2356000,2024-04-14,daytime,6,0.7378861163349574,0.09405143677175468,0.1756373937676887,568.5625,0.05898107368170455,0.13192477086061183,high_flow,2356000.csv
2356000,2024-04-14,nighttime,6,NA,NA,1.4091850448018296e-14,568.5625,0.05898107368170455,0.13192477086061183,high_flow,2356000.csv
2356000,2024-04-15,daytime,6,NA,NA,-1.2613230435073048e-14,623.84375,0.04725627901440304,0.13470221798992182,high_flow,2356000.csv
2356000,2024-04-15,nighttime,6,0.4330127018922218,0.3910758879640635,0.1875000000000179,623.84375,0.04725627901440304,0.13470221798992182,high_flow,2356000.csv
2356000,2024-04-16,daytime,6,NA,NA,-1.0257015409395811e-14,581.40625,0.05499345316033805,0.13772566757925644,high_flow,2356000.csv
2356000,2024-04-16,nighttime,6,NA,NA,NA,581.40625,0.05499345316033805,0.13772566757925644,high_flow,2356000.csv
2356000,2024-04-17,daytime,6,0.02208630521496801,0.966875929081259,0.00195121951219104,525.171875,0.07064635162480656,0.13941594254652223,high_flow,2356000.csv
2356000,2024-04-17,nighttime,6,NA,NA,NA,525.171875,0.07064635162480656,0.13941594254652223,high_flow,2356000.csv
2356000,2024-04-18,daytime,6,-0.7838495153381971,0.06503216117183762,-0.48275862068966807,474.515625,0.08754910129746458,0.1389755187874459,high_flow,2356000.csv
2356000,2024-04-18,nighttime,6,0.7071067811865475,0.1161165235168155,0.7499999999999568,474.515625,0.08754910129746458,0.1389755187874459,high_flow,2356000.csv
2356000,2024-04-19,daytime,6,NA,NA,-5.438959822042076e-15,429.78125,0.1054636352815141,0.13734872832599293,high_flow,2356000.csv
2356000,2024-04-19,nighttime,6,0.9284766908852606,0.00749043388127424,0.8333333333333267,429.78125,0.1054636352815141,0.13734872832599293,high_flow,2356000.csv
2356000,2024-04-20,daytime,6,NA,NA,-1.1228820277764364e-14,389.578125,0.12659207237233663,0.13756298853311114,high_flow,2356000.csv
2356000,2024-04-20,nighttime,6,NA,NA,2.2313681321197574e-14,389.578125,0.12659207237233663,0.13756298853311114,high_flow,2356000.csv
2356000,2024-04-21,daytime,6,-0.10846522890932384,0.8379401873943043,-0.07843137254908138,353.671875,0.15152957981192716,0.14689521088759275,high_flow,2356000.csv
2356000,2024-04-21,nighttime,6,NA,NA,NA,353.671875,0.15152957981192716,0.14689521088759275,high_flow,2356000.csv
2356000,2024-04-22,daytime,6,0.8499168914421689,0.03209710274337648,0.27518427518426714,322.90625,0.17735983811451017,0.16374637939927786,high_flow,2356000.csv
2356000,2024-04-22,nighttime,6,NA,NA,1.6030618422861878e-14,322.90625,0.17735983811451017,0.16374637939927786,high_flow,2356000.csv
2356000,2024-04-23,daytime,6,NA,NA,-3.605253367753601e-15,302.390625,0.1955124389953577,0.18395429115581477,high_flow,2356000.csv
2356000,2024-04-23,nighttime,6,-0.9182793981464388,0.00974450956978389,-0.346863468634679,302.390625,0.1955124389953577,0.18395429115581477,high_flow,2356000.csv
2356000,2024-04-24,daytime,6,0.491847900963925,0.3217206830737285,0.04937027707808604,297.09375,0.2015831448637067,0.2063127405467603,high_flow,2356000.csv
2356000,2024-04-24,nighttime,6,NA,NA,5.684942929571603e-15,297.09375,0.2015831448637067,0.2063127405467603,high_flow,2356000.csv
2356000,2024-04-25,daytime,6,0.8076943748474857,0.05191630943410245,0.17268623024831295,299.546875,0.1991429591715272,0.2296313930881244,high_flow,2356000.csv
2356000,2024-04-25,nighttime,6,NA,NA,8.367630495449961e-15,299.546875,0.1991429591715272,0.2296313930881244,high_flow,2356000.csv
2356000,2024-04-26,daytime,6,0.7728757824364917,0.07151996734063436,0.18620689655172412,288.4375,0.2111653374598262,0.2535372773082569,normal_flow,2356000.csv
2356000,2024-04-26,nighttime,6,-0.5,0.31250000000000006,-0.12500000000000386,288.4375,0.2111653374598262,0.2535372773082569,normal_flow,2356000.csv
2356000,2024-04-27,daytime,6,0.8676155123584283,0.02512841658427472,0.3018867924528191,264.375,0.2403880490417807,0.2781335555291037,normal_flow,2356000.csv
2356000,2024-04-27,nighttime,6,NA,NA,NA,264.375,0.2403880490417807,0.2781335555291037,normal_flow,2356000.csv
2356000,2024-04-28,daytime,6,0.6618518383734382,0.15218363182061445,0.07131011608623632,239.796875,0.27526484942268775,0.3035987779232631,normal_flow,2356000.csv
2356000,2024-04-28,nighttime,6,NA,NA,1.145044173061472e-14,239.796875,0.27526484942268775,0.3035987779232631,normal_flow,2356000.csv
2356000,2024-04-29,daytime,6,0.8747266906071056,0.02255712086438842,0.26233603997502414,217.609375,0.3117486013569813,0.32938539062809985,normal_flow,2356000.csv
2356000,2024-04-29,nighttime,6,NA,NA,8.55142815951153e-15,217.609375,0.3117486013569813,0.32938539062809985,normal_flow,2356000.csv
2356000,2024-04-30,daytime,6,0.8907584232384108,0.01724875383098074,0.18022328548643776,197.34375,0.35037495536245683,0.35342221164147125,normal_flow,2356000.csv
2356000,2024-04-30,nighttime,6,0.5806572458540774,0.22690215343454512,0.2884615384615166,197.34375,0.35037495536245683,0.35342221164147125,normal_flow,2356000.csv
2356000,2024-05-01,daytime,6,NA,NA,-2.2780983547819935e-15,179.375,0.3903701940245209,0.37460619767488,normal_flow,2356000.csv
2356000,2024-05-01,nighttime,6,NA,NA,5.251409483350933e-15,179.375,0.3903701940245209,0.37460619767488,normal_flow,2356000.csv
2356000,2024-05-02,daytime,6,NA,NA,-2.5990498016761412e-15,165.4375,0.4204261397452684,0.3940800698329564,normal_flow,2356000.csv
2356000,2024-05-02,nighttime,6,0.6142951168339426,0.19446206377435493,0.3773584905660344,165.4375,0.4204261397452684,0.3940800698329564,normal_flow,2356000.csv
2356000,2024-05-03,daytime,6,NA,NA,-2.589622392778443e-15,155.109375,0.44613736459945247,0.4142959171527199,normal_flow,2356000.csv
2356000,2024-05-03,nighttime,6,0.8892004979524161,0.01773467779472145,0.3919597989949677,155.109375,0.44613736459945247,0.4142959171527199,normal_flow,2356000.csv
2356000,2024-05-04,daytime,6,0.8779543486357942,0.02143376793158444,0.21472392638036408,146,0.474407808594215,0.4350910605880252,normal_flow,2356000.csv
2356000,2024-05-04,nighttime,6,0.5563035899673214,0.2516252758123829,0.22105263157893207,146,0.474407808594215,0.4350910605880252,normal_flow,2356000.csv
2356000,2024-05-05,daytime,6,0.8502984265964953,0.03193839349200021,0.0732159406858189,137.25,0.508570408284728,0.4503313097647106,normal_flow,2356000.csv
2356000,2024-05-05,nighttime,6,NA,NA,4.5159385899705605e-15,137.25,0.508570408284728,0.4503313097647106,normal_flow,2356000.csv
2356000,2024-05-06,daytime,6,0.6843191382146416,0.13375211528439268,0.09756097560975524,130.5,0.538328770384478,0.45708447407054714,normal_flow,2356000.csv
2356000,2024-05-06,nighttime,6,NA,NA,1.6316879466127048e-14,130.5,0.538328770384478,0.45708447407054714,normal_flow,2356000.csv
2356000,2024-05-07,daytime,6,0.9070159885607864,0.01256706846692615,0.17719218537028497,130.609375,0.5379121533150816,0.4577391580367416,normal_flow,2356000.csv
2356000,2024-05-07,nighttime,6,0.8308675641104961,0.04048958860535048,0.4090909090909052,130.609375,0.5379121533150816,0.4577391580367416,normal_flow,2356000.csv
2356000,2024-05-08,daytime,6,0.9456740161782158,0.00434680229924863,0.1353216113955022,136.28125,0.5132722294964885,0.45269610760623735,normal_flow,2356000.csv
2356000,2024-05-08,nighttime,6,0.9170700562532332,0.01003089317019669,0.4387917329093737,136.28125,0.5132722294964885,0.45269610760623735,normal_flow,2356000.csv
2356000,2024-05-09,daytime,6,0.8098061955744295,0.05082051964487965,0.1735241502683351,141.015625,0.493691227234853,0.4410189263182954,normal_flow,2356000.csv
2356000,2024-05-09,nighttime,6,0.7780548955539459,0.06842297728665568,0.36134453781512177,141.015625,0.493691227234853,0.4410189263182954,normal_flow,2356000.csv
2356000,2024-05-10,daytime,6,0.9252652453433188,0.00816921793235857,0.22720694645441616,138.75,0.50238066896798,0.4254453834860929,normal_flow,2356000.csv
2356000,2024-05-10,nighttime,6,0.9255197512390894,0.00811437876361172,0.3974562798092188,138.75,0.50238066896798,0.4254453834860929,normal_flow,2356000.csv
2356000,2024-05-11,daytime,6,-0.8599730998621977,0.02803850812728231,-1.2097902097902582,134.15625,0.523092488989406,0.4076617862952823,normal_flow,2356000.csv
2356000,2024-05-11,nighttime,6,NA,NA,1.6316879466126588e-14,134.15625,0.523092488989406,0.4076617862952823,normal_flow,2356000.csv
2356000,2024-05-12,daytime,6,0.7853890718583296,0.06414451669711521,0.3846153846153816,147.703125,0.4689917866920605,0.3879815894933143,normal_flow,2356000.csv
2356000,2024-05-12,nighttime,6,-0.7431505414602911,0.09048507596280148,-0.4909090909090833,147.703125,0.4689917866920605,0.3879815894933143,normal_flow,2356000.csv
2356000,2024-05-13,daytime,6,-0.9430516272136558,0.00477233062192414,-0.35820895522386736,185.875,0.3765623140102369,0.36427012657223345,normal_flow,2356000.csv
2356000,2024-05-13,nighttime,6,NA,NA,-4.351167857632812e-15,185.875,0.3765623140102369,0.36427012657223345,normal_flow,2356000.csv
2356000,2024-05-14,daytime,6,NA,NA,-7.547944242833976e-15,211.859375,0.32156886084989883,0.33707495139467525,normal_flow,2356000.csv
2356000,2024-05-14,nighttime,6,-0.7520710469952282,0.08458320524109929,-0.45248868778277473,211.859375,0.32156886084989883,0.33707495139467525,normal_flow,2356000.csv
2356000,2024-05-15,daytime,6,NA,NA,-4.531503188608913e-15,240.03125,0.2747291989048923,0.3101099075506884,normal_flow,2356000.csv
2356000,2024-05-15,nighttime,6,0.9486832980505128,0.00388253704696064,1.799999999999096,240.03125,0.2747291989048923,0.3101099075506884,normal_flow,2356000.csv
2356000,2024-05-16,daytime,6,-0.9265460075231682,0.00789507341157612,-0.29113924050634077,284.328125,0.2152124747053922,0.28579137404277266,normal_flow,2356000.csv
2356000,2024-05-16,nighttime,6,NA,NA,NA,284.328125,0.2152124747053922,0.28579137404277266,normal_flow,2356000.csv
2356000,2024-05-17,daytime,6,NA,NA,-1.8918121120145403e-14,312.640625,0.1868229972622307,0.26445264452644524,normal_flow,2356000.csv
2356000,2024-05-17,nighttime,6,0.2548235957188111,0.6260380997892772,0.06493506493508469,312.640625,0.1868229972622307,0.26445264452644524,normal_flow,2356000.csv
2356000,2024-05-18,daytime,6,NA,NA,2.7350197962266975e-14,320.765625,0.17938340673729317,0.24443518628734673,high_flow,2356000.csv
2356000,2024-05-18,nighttime,6,0.4152273992686997,0.4129543665511487,0.1724137931035036,320.765625,0.17938340673729317,0.24443518628734673,high_flow,2356000.csv
2356000,2024-05-19,daytime,6,0.7959447224761427,0.0582095508487589,0.17675781249999736,321.203125,0.17920485656469468,0.22523905884220133,high_flow,2356000.csv
2356000,2024-05-19,nighttime,6,NA,NA,1.282449473828916e-14,321.203125,0.17920485656469468,0.22523905884220133,high_flow,2356000.csv
2356000,2024-05-20,daytime,6,NA,NA,-2.2506040642929277e-14,351.953125,0.15289846446851563,0.2117565369202079,high_flow,2356000.csv
2356000,2024-05-20,nighttime,6,-0.2548235957188162,0.6260380997892699,-0.06493506493500119,351.953125,0.15289846446851563,0.2117565369202079,high_flow,2356000.csv
2356000,2024-05-21,daytime,6,NA,NA,-5.327960642000334e-15,383.671875,0.13040114272110462,0.20632067610998692,high_flow,2356000.csv
2356000,2024-05-21,nighttime,6,NA,NA,9.902657882888077e-14,383.671875,0.13040114272110462,0.20632067610998692,high_flow,2356000.csv
2356000,2024-05-22,daytime,6,NA,NA,-9.941410005851611e-15,379.46875,0.13343649565527912,0.2058802523509106,high_flow,2356000.csv
2356000,2024-05-22,nighttime,6,NA,NA,-1.6952602042714607e-14,379.46875,0.13343649565527912,0.2058802523509106,high_flow,2356000.csv
2356000,2024-05-23,daytime,6,0.01778920167411468,0.9733190122359284,0.0031645569620024,356.953125,0.14849422687775266,0.2093917390786811,high_flow,2356000.csv
2356000,2024-05-23,nighttime,6,NA,NA,NA,356.953125,0.14849422687775266,0.2093917390786811,high_flow,2356000.csv
2356000,2024-05-24,daytime,6,NA,NA,-9.466976091922574e-15,326.9375,0.17361028448994167,0.2178312105701702,high_flow,2356000.csv
2356000,2024-05-24,nighttime,6,NA,NA,1.4503892858780804e-14,326.9375,0.17361028448994167,0.2178312105701702,high_flow,2356000.csv
2356000,2024-05-25,daytime,6,-0.7624165278913165,0.07796355213588492,-0.33734939759037724,296.53125,0.2021187953815022,0.2299646867436416,high_flow,2356000.csv
2356000,2024-05-25,nighttime,6,0.9869275424396516,2.5521674944200363e-4,1.363636363636343,296.53125,0.2021187953815022,0.2299646867436416,high_flow,2356000.csv
2356000,2024-05-26,daytime,6,0.3831811511047108,0.45335909501013727,0.0815709969788522,268.609375,0.23515057731222477,0.24480022219577036,high_flow,2356000.csv
2356000,2024-05-26,nighttime,6,0.1304656146106902,0.805411923740226,0.02127659574467829,268.609375,0.23515057731222477,0.24480022219577036,high_flow,2356000.csv
2356000,2024-05-27,daytime,6,0.8955334711889897,0.01579984849526831,0.1336633663366287,245.15625,0.2667539578621593,0.26162758401777564,normal_flow,2356000.csv
2356000,2024-05-27,nighttime,6,NA,NA,1.0877919644084547e-14,245.15625,0.2667539578621593,0.26162758401777564,normal_flow,2356000.csv
2356000,2024-05-28,daytime,6,NA,NA,-3.1793502091268748e-15,228.09375,0.2950244018569218,0.28190294806173866,normal_flow,2356000.csv
2356000,2024-05-28,nighttime,6,NA,NA,9.459060560072935e-15,228.09375,0.2950244018569218,0.28190294806173866,normal_flow,2356000.csv
2356000,2024-05-29,daytime,6,0.5533985905294685,0.25464127338062237,0.05468749999998511,215.421875,0.3149625044637543,0.3040828472800857,normal_flow,2356000.csv
2356000,2024-05-29,nighttime,6,-0.8825972925910647,0.0198659895737799,-0.6024096385541389,215.421875,0.3149625044637543,0.3040828472800857,normal_flow,2356000.csv
2356000,2024-05-30,daytime,6,NA,NA,-1.7226466603600757e-14,208.46875,0.32740149982144984,0.32611197079712734,normal_flow,2356000.csv
2356000,2024-05-30,nighttime,6,NA,NA,NA,208.46875,0.32740149982144984,0.32611197079712734,normal_flow,2356000.csv
2356000,2024-05-31,daytime,6,NA,NA,-8.448869626473192e-15,201.515625,0.34180454707772884,0.3474149902789351,normal_flow,2356000.csv
2356000,2024-05-31,nighttime,6,NA,NA,1.32777905758719e-14,201.515625,0.34180454707772884,0.3474149902789351,normal_flow,2356000.csv
2356000,2024-06-01,daytime,6,NA,NA,4.3511678576336946e-14,189.15625,0.3688251398643019,0.36794826012776255,normal_flow,2356000.csv
2356000,2024-06-01,nighttime,6,NA,NA,9.031877179941023e-15,189.15625,0.3688251398643019,0.36794826012776255,normal_flow,2356000.csv
2356000,2024-06-02,daytime,6,0.6093490049635777,0.19910402730911175,0.07280513918628771,174.296875,0.40191643851922393,0.3886481768043487,normal_flow,2356000.csv
2356000,2024-06-02,nighttime,6,NA,NA,1.3388208792722208e-14,174.296875,0.40191643851922393,0.3886481768043487,normal_flow,2356000.csv
2356000,2024-06-03,daytime,6,NA,NA,-3.100207098564001e-14,160.328125,0.4316152838947744,0.41030829663135343,normal_flow,2356000.csv
2356000,2024-06-03,nighttime,6,NA,NA,1.338820879271954e-14,160.328125,0.4316152838947744,0.41030829663135343,normal_flow,2356000.csv
2356000,2024-06-04,daytime,6,-0.8579708308054411,0.02882590092044456,-0.1511487303506761,151.3125,0.45702892512796095,0.43420624528825935,normal_flow,2356000.csv
2356000,2024-06-04,nighttime,6,NA,NA,NA,151.3125,0.45702892512796095,0.43420624528825935,normal_flow,2356000.csv
2356000,2024-06-05,daytime,6,0.6408254002500894,0.17034167985383725,0.09058614564831088,149.4375,0.4630996309963099,0.45951275641788675,normal_flow,2356000.csv
2356000,2024-06-05,nighttime,6,-0.7776300269414704,0.06867468714236957,-0.5017793594305588,149.4375,0.4630996309963099,0.45951275641788675,normal_flow,2356000.csv
2356000,2024-06-06,daytime,6,NA,NA,-7.215867093919863e-15,149.234375,0.46387334841090344,0.4854263381343491,normal_flow,2356000.csv
2356000,2024-06-06,nighttime,6,-0.5537209973345253,0.2543058551013443,-0.04143337066069279,149.234375,0.46387334841090344,0.4854263381343491,normal_flow,2356000.csv
2356000,2024-06-07,daytime,6,0.8080342548769455,0.05173922077073174,0.07091633466135051,147.90625,0.46803951910486846,0.5118954092766734,normal_flow,2356000.csv
2356000,2024-06-07,nighttime,6,0.8660254037844363,0.02572142074250741,0.2500000000000001,147.90625,0.46803951910486846,0.5118954092766734,normal_flow,2356000.csv
2356000,2024-06-08,daytime,6,0.9348656111008736,0.00622556697414548,0.27348837209302307,144.1875,0.48160933222235447,0.5389794865690593,normal_flow,2356000.csv
2356000,2024-06-08,nighttime,6,0.6269156688215307,0.18282271540821193,0.15116279069769295,144.1875,0.48160933222235447,0.5389794865690593,normal_flow,2356000.csv
2356000,2024-06-09,daytime,6,0.9439104179465432,0.00463083175396299,0.2721179624664897,136.453125,0.512617545530294,0.5661825973098441,normal_flow,2356000.csv
2356000,2024-06-09,nighttime,6,0.8870655251454904,0.01841109922425478,0.3934426229508166,136.453125,0.512617545530294,0.5661825973098441,normal_flow,2356000.csv
2356000,2024-06-10,daytime,6,0.870393005321302,0.02410839220134094,0.17387173396674208,126.03125,0.5600523747172955,0.5931158989009244,normal_flow,2356000.csv
2356000,2024-06-10,nighttime,6,0.7169281790988673,0.10885325989633925,0.4772727272727363,126.03125,0.5600523747172955,0.5931158989009244,normal_flow,2356000.csv
2356000,2024-06-11,daytime,6,0.9771214774352815,7.791525762492196e-4,0.2921914357682661,115.40625,0.6252231877157481,0.6196087767329286,normal_flow,2356000.csv
2356000,2024-06-11,nighttime,6,0.8902148143354985,0.01741757175827142,0.6018099547511382,115.40625,0.6252231877157481,0.6196087767329286,normal_flow,2356000.csv
2356000,2024-06-12,daytime,6,0.9074872762186116,0.0124420162054315,0.24246153846154148,106.15625,0.6746220688013331,0.6456136174264968,normal_flow,2356000.csv
2356000,2024-06-12,nighttime,6,0.888291900221994,0.01802106342646798,0.3945312500000031,106.15625,0.6746220688013331,0.6456136174264968,normal_flow,2356000.csv
2356000,2024-06-13,daytime,6,0.9876936915712904,2.262359748761584e-4,0.2949771689497703,99.8125,0.7036662302106892,0.672094591913661,normal_flow,2356000.csv
2356000,2024-06-13,nighttime,6,0.9490869072149324,0.00382222751644453,0.5040000000000047,99.8125,0.7036662302106892,0.672094591913661,normal_flow,2356000.csv
2356000,2024-06-14,daytime,6,0.9948574358219224,3.9600949448931483e-05,0.54885654885655,94.640625,0.7244375669563147,0.699551640677697,normal_flow,2356000.csv
2356000,2024-06-14,nighttime,6,0.9410530777942896,0.00510969685273991,0.5426452410383243,94.640625,0.7244375669563147,0.699551640677697,normal_flow,2356000.csv
2356000,2024-06-15,daytime,6,0.9715651121086072,0.00120131886145513,0.38725693007861334,88.859375,0.7480657064635162,0.7275840177756616,normal_flow,2356000.csv
2356000,2024-06-15,nighttime,6,0.9781800942313538,7.089681126416856e-4,0.48571428571428754,88.859375,0.7480657064635162,0.7275840177756616,normal_flow,2356000.csv
2356000,2024-06-16,daytime,6,0.8936938548808121,0.01635081204871864,1.0219780219780228,82.1875,0.7768718009760742,0.7554497480458675,low_flow,2356000.csv
2356000,2024-06-16,nighttime,6,0.9341184719229312,0.00636758831950617,0.7587628865979353,82.1875,0.7768718009760742,0.7554497480458675,low_flow,2356000.csv
2356000,2024-06-17,daytime,6,0.9955707636884736,2.938375477860393e-5,0.6711281070745788,75.5625,0.8059159623854303,0.781867238027219,low_flow,2356000.csv
2356000,2024-06-17,nighttime,6,0.8711448103687535,0.02383575597019142,0.727272727272726,75.5625,0.8059159623854303,0.781867238027219,low_flow,2356000.csv
2356000,2024-06-18,daytime,6,0.9980825641114014,5.511315795912608e-6,1.6273291925466016,69.890625,0.8290084513748364,0.8056421854541126,low_flow,2356000.csv
2356000,2024-06-18,nighttime,6,0.8767227853705726,0.02185916881089334,0.5922330097086954,69.890625,0.8290084513748364,0.8056421854541126,low_flow,2356000.csv
2356000,2024-06-19,daytime,6,0.9801343526293396,5.880459894544437e-4,1.915254237288208,65.4375,0.8471015355314844,0.8255168035551324,low_flow,2356000.csv
2356000,2024-06-19,nighttime,6,0.9835471662320338,4.038167524967948e-4,1.0068493150684774,65.4375,0.8471015355314844,0.8255168035551324,low_flow,2356000.csv
2356000,2024-06-20,daytime,6,0.9860843019783648,2.8912261298192e-4,0.9790681971640816,61.5625,0.8603142483037733,0.8424314565726302,low_flow,2356000.csv
2356000,2024-06-20,nighttime,6,0.9868707782829076,2.574331099447719e-4,0.9825581395348938,61.5625,0.8603142483037733,0.8424314565726302,low_flow,2356000.csv
2356000,2024-06-21,daytime,6,0.9967461304291426,1.5864275332188725e-5,1.044504021447736,57.765625,0.8757290798714439,0.8575010911399437,low_flow,2356000.csv
2356000,2024-06-21,nighttime,6,0.9925129155157342,8.387480148289926e-5,1.2857142857142585,57.765625,0.8757290798714439,0.8575010911399437,low_flow,2356000.csv
2356000,2024-06-22,daytime,6,0.9905680312659004,1.330235077389976e-4,0.5511627906976727,54.078125,0.8885251755743364,0.8707812561996587,low_flow,2356000.csv
2356000,2024-06-22,nighttime,6,0.9776276243338632,7.451858429690222e-4,0.5860215053763517,54.078125,0.8885251755743364,0.8707812561996587,low_flow,2356000.csv
2356000,2024-06-23,daytime,6,0.9925913395281298,8.21290507771511e-5,0.8221101908534552,50.875,0.8995952862754434,0.8814188787049161,low_flow,2356000.csv
2356000,2024-06-23,nighttime,6,0.9773944582619252,7.607399411193648e-4,0.7440974866717294,50.875,0.8995952862754434,0.8814188787049161,low_flow,2356000.csv
2356000,2024-06-24,daytime,6,0.9850278959881794,3.34567745208838e-4,1.0611764705882418,48.21875,0.9088798952505656,0.8886640479308019,low_flow,2356000.csv
2356000,2024-06-24,nighttime,6,0.9922631007744522,8.955785055574275e-5,1.2386363636362867,48.21875,0.9088798952505656,0.8886640479308019,low_flow,2356000.csv
2356000,2024-06-25,daytime,6,0.9948493005928344,3.972623330814364e-5,1.0650000000000126,46.109375,0.9166765861207,0.8916795619569099,low_flow,2356000.csv
2356000,2024-06-25,nighttime,6,0.9508656705081024,0.00356196388678622,1.8831168831168816,46.109375,0.9166765861207,0.8916795619569099,low_flow,2356000.csv
2356000,2024-06-26,daytime,6,0.9906791614060668,1.2991216008397395e-4,1.3647260273972663,44.28125,0.923342459231044,0.8897710590009126,low_flow,2356000.csv
2356000,2024-06-26,nighttime,6,0.9887115358160632,1.904248942057159e-4,1.0864553314120993,44.28125,0.923342459231044,0.8897710590009126,low_flow,2356000.csv
2356000,2024-06-27,daytime,6,0.9156166374911976,0.01038039974765556,2.312000000000033,42.890625,0.928341864063802,0.8839820656271079,low_flow,2356000.csv
2356000,2024-06-27,nighttime,6,0.9928822120111008,7.581405487098563e-5,1.321888412017116,42.890625,0.928341864063802,0.8839820656271079,low_flow,2356000.csv
2356000,2024-06-28,daytime,6,0.9843513799518968,3.65402952479553e-4,1.8363636363636395,42.5,0.9297107487203904,0.8758560488830694,low_flow,2356000.csv
2356000,2024-06-28,nighttime,6,0.9881030702238204,2.114634796423678e-4,1.3474903474903883,42.5,0.9297107487203904,0.8758560488830694,low_flow,2356000.csv
2356000,2024-06-29,daytime,6,0.995217571823958,3.425273795031169e-5,1.125000000000011,44.15625,0.9236400428520414,0.8661111772408047,low_flow,2356000.csv
2356000,2024-06-29,nighttime,6,0.961370881903088,0.00220949179311459,1.5816326530612106,44.15625,0.9236400428520414,0.8661111772408047,low_flow,2356000.csv
2356000,2024-06-30,daytime,6,0.9978145724906646,7.158921194889534e-6,1.1637279596977448,48.640625,0.907630044042376,0.8558465262071976,low_flow,2356000.csv
2356000,2024-06-30,nighttime,6,0.9972959740336408,1.095774905049932e-5,1.1075660893345292,48.640625,0.907630044042376,0.8558465262071976,low_flow,2356000.csv
2356000,2024-07-01,daytime,6,0.964627283241713,0.0018547139501776,1.1711538461538855,54.875,0.8855493393643614,0.8455302940126176,low_flow,2356000.csv
2356000,2024-07-01,nighttime,6,0.994960320716742,3.803355110444795e-5,1.433797909407636,54.875,0.8855493393643614,0.8455302940126176,low_flow,2356000.csv
2356000,2024-07-02,daytime,6,0.12458356352885218,0.8140914894569454,0.09090909090920492,64.25,0.8511486727770503,0.8349204459786533,low_flow,2356000.csv
2356000,2024-07-02,nighttime,6,0.9024502492892132,0.01380979133201355,3.1839999999998145,64.25,0.8511486727770503,0.8349204459786533,low_flow,2356000.csv
2356000,2024-07-03,daytime,6,0.9854920107089886,3.141957963909679e-4,0.7630813953488359,76.9375,0.8003809070348769,0.8216997976431377,low_flow,2356000.csv
2356000,2024-07-03,nighttime,6,0.5909851717156295,0.21672700926448585,1.6233766233766835,76.9375,0.8003809070348769,0.8216997976431377,low_flow,2356000.csv
2356000,2024-07-04,daytime,6,0.9963772529028446,1.9662671791343256e-5,0.7356979405034438,85.796875,0.7602666349244137,0.8004245526326231,low_flow,2356000.csv
2356000,2024-07-04,nighttime,6,0.9738516810963548,0.001016662617289,0.8399999999999517,85.796875,0.7602666349244137,0.8004245526326231,low_flow,2356000.csv
2356000,2024-07-05,daytime,6,0.9913659810142312,1.114976087549009e-4,0.9807046979865874,91.171875,0.7384239971431973,0.7733841209379836,low_flow,2356000.csv
2356000,2024-07-05,nighttime,6,0.941885709526436,0.00496777228897144,0.9831932773109248,91.171875,0.7384239971431973,0.7733841209379836,low_flow,2356000.csv
2356000,2024-07-06,daytime,6,0.9977561755458928,7.546473725730135e-6,1.2714285714285811,93.390625,0.7295560052374718,0.7462087846684918,normal_flow,2356000.csv
2356000,2024-07-06,nighttime,6,0.99228356771542,8.908525977758382e-5,1.6236559139785214,93.390625,0.7295560052374718,0.7462087846684918,normal_flow,2356000.csv
2356000,2024-07-07,daytime,6,0.99835964961724,4.033917181445147e-6,1.2504504504504557,92.078125,0.7345554100702297,0.721862476689283,normal_flow,2356000.csv
2356000,2024-07-07,nighttime,6,0.7219158648114282,0.10524394695736518,2.032258064516157,92.078125,0.7345554100702297,0.721862476689283,normal_flow,2356000.csv
2356000,2024-07-08,daytime,6,0.9919346818697375,9.731171293616844e-5,1.3340659340660035,89.640625,0.7448518033567433,0.7030988374399874,normal_flow,2356000.csv
2356000,2024-07-08,nighttime,6,0.9661410722190482,0.00170023209137523,1.5085714285713474,89.640625,0.7448518033567433,0.7030988374399874,normal_flow,2356000.csv
2356000,2024-07-09,daytime,6,0.8026250118926079,0.05459077144698351,2.4193548387097885,88.40625,0.7497321747411022,0.689882156886085,normal_flow,2356000.csv
2356000,2024-07-09,nighttime,6,0.9749577026692682,9.328227625258626e-4,1.1854838709677415,88.40625,0.7497321747411022,0.689882156886085,normal_flow,2356000.csv
2356000,2024-07-10,daytime,6,0.8704809860547382,0.02407641039937541,1.804532577903605,96,0.7183668610879658,0.681708526762687,normal_flow,2356000.csv
2356000,2024-07-10,nighttime,6,0.9812567051925892,5.236742865958258e-4,1.3750000000000189,96,0.7183668610879658,0.681708526762687,normal_flow,2356000.csv
2356000,2024-07-11,daytime,6,0.9892862278600596,1.7156248049584854e-4,0.9585185185185408,118.671875,0.6042137840733246,0.6786652382652859,normal_flow,2356000.csv
2356000,2024-07-11,nighttime,6,0.9870397124169936,2.508651177273795e-4,1.0327022375214971,118.671875,0.6042137840733246,0.6786652382652859,normal_flow,2356000.csv
2356000,2024-07-12,daytime,6,0.9727909800403364,0.00110042431343778,0.77372262773724,134.1875,0.522735388644209,0.6791969210014681,normal_flow,2356000.csv
2356000,2024-07-12,nighttime,6,0.96209138584167,0.00212835600719415,1.0909090909090298,134.1875,0.522735388644209,0.6791969210014681,normal_flow,2356000.csv
2356000,2024-07-13,daytime,6,0.9944967453045688,4.534538309496228e-5,0.5816917728852925,134.265625,0.5220807046780145,0.6820180137285244,normal_flow,2356000.csv
2356000,2024-07-13,nighttime,6,0.8966850716093431,0.01545957119069464,1.349999999999979,134.265625,0.5220807046780145,0.6820180137285244,normal_flow,2356000.csv
2356000,2024-07-14,daytime,6,0.9971278679041,1.2361867850581494e-5,0.725336322869965,126.359375,0.5584454231639091,0.6858310518589057,normal_flow,2356000.csv
2356000,2024-07-14,nighttime,6,0.9962165861041856,2.144425274979639e-5,0.6502242152466463,126.359375,0.5584454231639091,0.6858310518589057,normal_flow,2356000.csv
2356000,2024-07-15,daytime,6,0.9885378734817946,1.9631756741472545e-4,1.0177215189873636,115.296875,0.6261754553029402,0.6879419116771813,normal_flow,2356000.csv
2356000,2024-07-15,nighttime,6,0.9645955144876792,0.00185802702692285,0.5890410958903967,115.296875,0.6261754553029402,0.6879419116771813,normal_flow,2356000.csv
2356000,2024-07-16,daytime,6,0.8342904530892599,0.0389143174999011,1.6315789473685285,103.59375,0.6872991310558267,0.6846922985358886,normal_flow,2356000.csv
2356000,2024-07-16,nighttime,6,0.9753812770301744,9.016618044703292e-4,0.9563758389261792,103.59375,0.6872991310558267,0.6846922985358886,normal_flow,2356000.csv
2356000,2024-07-18,daytime,6,0.98009958802422,5.900990509837959e-4,1.3495575221239755,87.28125,0.7547315795738603,0.6519461968813237,normal_flow,2356000.csv
2356000,2024-07-18,nighttime,6,0.9866462104933306,2.662948927445294e-4,1.5124999999999993,87.28125,0.7547315795738603,0.6519461968813237,normal_flow,2356000.csv
2356000,2024-07-19,daytime,6,0.9028938981432686,0.01368655691958124,2.499999999999807,83.859375,0.7682418759671468,0.6405031147085665,normal_flow,2356000.csv
2356000,2024-07-19,nighttime,6,0.7022635270562163,0.1197737873331178,0.4641638225255783,83.859375,0.7682418759671468,0.6405031147085665,normal_flow,2356000.csv
2356000,2024-07-20,daytime,6,0.933131243312299,0.006557646428319,1.207792207792321,81.25,0.7807403880490418,0.6339404039201683,normal_flow,2356000.csv
2356000,2024-07-20,nighttime,6,1,0,1.0000000000000109,81.25,0.7807403880490418,0.6339404039201683,normal_flow,2356000.csv
2356000,2024-07-21,daytime,6,0.9797056848506186,6.136096405947783e-4,0.694767441860464,79.96875,0.7867515771931913,0.6262468753719795,normal_flow,2356000.csv
2356000,2024-07-21,nighttime,6,0.955302125265946,0.00295219906651787,0.664516129032254,79.96875,0.7867515771931913,0.6262468753719795,normal_flow,2356000.csv
2356000,2024-07-22,daytime,6,-0.8186289976340088,0.04636002124055718,-0.19174361759914135,84.34375,0.7662183073443638,0.6151013768202198,normal_flow,2356000.csv
2356000,2024-07-22,nighttime,6,0.9434222595560816,0.00471100724528289,0.4807197943444582,84.34375,0.7662183073443638,0.6151013768202198,normal_flow,2356000.csv
2356000,2024-07-23,daytime,6,0.9632903190337682,0.00199666601950907,0.32156862745098425,101.546875,0.6961076062373527,0.5991866047692735,normal_flow,2356000.csv
2356000,2024-07-23,nighttime,6,NA,NA,6.6941043963597915e-15,101.546875,0.6961076062373527,0.5991866047692735,normal_flow,2356000.csv
2356000,2024-07-24,daytime,6,0.8587920641947134,0.02850170109478347,0.5279999999999991,132.53125,0.5295202952029521,0.5783676546442884,normal_flow,2356000.csv
2356000,2024-07-24,nighttime,6,0.89655172413793,0.01549879043831263,0.4482758620689285,132.53125,0.5295202952029521,0.5783676546442884,normal_flow,2356000.csv
2356000,2024-07-25,daytime,6,0.7477777728932143,0.08740138663180179,0.1863905325443714,154.59375,0.4473872158076419,0.5528944966869024,normal_flow,2356000.csv
2356000,2024-07-25,nighttime,6,0.985036562622406,3.3418149706069145e-4,1.1089108910890966,154.59375,0.4473872158076419,0.5528944966869024,normal_flow,2356000.csv
2356000,2024-07-26,daytime,6,0.9797088157553144,6.13420970538418e-4,0.31994312122289537,159.828125,0.4325675514819664,0.5248065706463516,normal_flow,2356000.csv
2356000,2024-07-26,nighttime,6,0.7844645405527398,0.06467689395635093,0.4615384615384369,159.828125,0.4325675514819664,0.5248065706463516,normal_flow,2356000.csv
2356000,2024-07-27,daytime,6,0.9236053800875188,0.00853128215707511,0.3831775700934696,163.578125,0.42429472681823593,0.4965797722493354,normal_flow,2356000.csv
2356000,2024-07-27,nighttime,6,0.9135468796041994,0.01088813158903424,0.5777777777777489,163.578125,0.42429472681823593,0.4965797722493354,normal_flow,2356000.csv
2356000,2024-07-28,daytime,6,0.9918886466997868,9.84242391394406e-5,0.3888242142025612,171.875,0.4066777764551839,0.468971947783994,normal_flow,2356000.csv
2356000,2024-07-28,nighttime,6,0.8132510347420291,0.04905631251946227,0.2814371257485007,171.875,0.4066777764551839,0.468971947783994,normal_flow,2356000.csv
2356000,2024-07-29,daytime,6,0.9659452827407458,0.00171983861890926,0.28560126582278983,178.984375,0.3912629448875134,0.44266952346942823,normal_flow,2356000.csv
2356000,2024-07-29,nighttime,6,0.8179163291411993,0.046713251608319,0.5610859728506524,178.984375,0.3912629448875134,0.44266952346942823,normal_flow,2356000.csv
2356000,2024-07-30,daytime,6,0.8661635148456436,0.02566965387458888,0.17862838915470586,180.5,0.3874538745387454,0.4187080903067095,normal_flow,2356000.csv
2356000,2024-07-30,nighttime,6,0.9337957604813792,0.00642941536041957,0.29458598726114604,180.5,0.3874538745387454,0.4187080903067095,normal_flow,2356000.csv
2356000,2024-07-31,daytime,6,0.9454545454545438,0.00438166791885827,0.21487603305784775,186.421875,0.37501487918104986,0.3991707336428203,normal_flow,2356000.csv
2356000,2024-07-31,nighttime,6,0.9336041589612648,0.00646626159217951,0.3535228677379369,186.421875,0.37501487918104986,0.3991707336428203,normal_flow,2356000.csv
2356000,2024-08-01,daytime,6,0.523570314404736,0.2864066134441746,0.09790209790208668,199.1015625,0.34644685156528987,0.390437646311947,normal_flow,2356000.csv
2356000,2024-08-01,nighttime,6,0.919145030018052,0.00954199351502517,0.9655172413793004,199.1015625,0.34644685156528987,0.390437646311947,normal_flow,2356000.csv
2356000,2024-08-02,daytime,6,-0.11806046485098076,0.8237320822396287,-0.04430379746835902,205.6171875,0.33341268896559934,0.3880450739991271,normal_flow,2356000.csv
2356000,2024-08-02,nighttime,6,NA,NA,-6.694104396358349e-15,205.6171875,0.33341268896559934,0.3880450739991271,normal_flow,2356000.csv
2356000,2024-08-03,daytime,6,NA,NA,-0,200.0390625,0.34483990001190334,0.3883228187120581,normal_flow,2356000.csv
2356000,2024-08-03,nighttime,6,0.8676928861479517,0.02509972914652206,0.3150684931506742,200.0390625,0.34483990001190334,0.3883228187120581,normal_flow,2356000.csv
2356000,2024-08-04,daytime,6,0.7474093186836555,0.08764517650339748,0.10344827586205804,189.8125,0.3666230210689203,0.3919731777962941,normal_flow,2356000.csv
2356000,2024-08-04,nighttime,6,0.9193828321944372,0.00948672098148155,0.4105571847507387,189.8125,0.3666230210689203,0.3919731777962941,normal_flow,2356000.csv
2356000,2024-08-05,daytime,6,0.417365006184151,0.4103036364236834,0.19354838709674463,178.5234375,0.39221521247470537,0.4003928103797167,normal_flow,2356000.csv
2356000,2024-08-05,nighttime,6,NA,NA,-0,178.5234375,0.39221521247470537,0.4003928103797167,normal_flow,2356000.csv
2356000,2024-08-06,daytime,6,0.8170338021132595,0.04715239853853156,0.13929784824461877,171.8515625,0.4067968099035829,0.4140221402214022,normal_flow,2356000.csv
2356000,2024-08-06,nighttime,6,NA,NA,9.05042914387932e-15,171.8515625,0.4067968099035829,0.4140221402214022,normal_flow,2356000.csv
2356000,2024-08-07,daytime,6,NA,NA,-4.5315031886089075e-15,173.703125,0.4030472562790144,0.4323413879300083,normal_flow,2356000.csv
2356000,2024-08-07,nighttime,6,NA,NA,1.3433135667861735e-14,173.703125,0.4030472562790144,0.4323413879300083,normal_flow,2356000.csv
2356000,2024-08-08,daytime,6,0.4793612771621765,0.33603363524983626,0.03191489361701873,175.6171875,0.3985239852398524,0.4545768360909416,normal_flow,2356000.csv
2356000,2024-08-08,nighttime,6,0.9155833898078812,0.01038846280699398,0.3975409836065349,175.6171875,0.3985239852398524,0.4545768360909416,normal_flow,2356000.csv
2356000,2024-08-09,daytime,6,0.8337481413667297,0.03916194662102969,0.0884718498659503,169.6640625,0.4114986311153434,0.4811490695552117,normal_flow,2356000.csv
2356000,2024-08-09,nighttime,6,0.9479002328753502,0.00400086916933864,0.6534653465346533,169.6640625,0.4114986311153434,0.4811490695552117,normal_flow,2356000.csv
2356000,2024-08-10,daytime,6,0.9479002328753529,0.00400086916933825,0.27500000000000296,158.21875,0.4367337221759314,0.5107685592984962,normal_flow,2356000.csv
2356000,2024-08-10,nighttime,6,NA,NA,-0,158.21875,0.4367337221759314,0.5107685592984962,normal_flow,2356000.csv
2356000,2024-08-11,daytime,6,0.9804686029234596,5.684878331852756e-4,0.3085714285714347,144.8359375,0.479050113081776,0.5415902868706106,normal_flow,2356000.csv
2356000,2024-08-11,nighttime,6,0.5589565568382098,0.24888324308119308,0.04594594594594672,144.8359375,0.479050113081776,0.5415902868706106,normal_flow,2356000.csv
2356000,2024-08-12,daytime,6,0.9719727062546746,0.00116728566328762,0.3565022421524676,131.8515625,0.5329722652065231,0.5725627901440304,normal_flow,2356000.csv
2356000,2024-08-12,nighttime,6,0.7854091098781093,0.06413300039825517,0.28915662650602697,131.8515625,0.5329722652065231,0.5725627901440304,normal_flow,2356000.csv
2356000,2024-08-13,daytime,6,0.9985239974032202,3.26626770097726e-6,0.5374800637958509,119.90625,0.5957028925127961,0.6031623219458001,normal_flow,2356000.csv
2356000,2024-08-13,nighttime,6,0.8462638553093225,0.03363544159235479,0.3158620689655044,119.90625,0.5957028925127961,0.6031623219458001,normal_flow,2356000.csv
2356000,2024-08-14,daytime,6,0.9590974199252,0.00247531614629233,0.5367603108188964,108.65625,0.6622425901678372,0.6335714002301314,normal_flow,2356000.csv
2356000,2024-08-14,nighttime,6,0.9113854288862434,0.01143088849030378,0.5051546391752517,108.65625,0.6622425901678372,0.6335714002301314,normal_flow,2356000.csv
2356000,2024-08-15,daytime,6,0.8656183959519302,0.02587426383863113,0.6387434554973844,98.46875,0.7085466015950482,0.6649049716303614,normal_flow,2356000.csv
2356000,2024-08-15,nighttime,6,0.9831979893293724,4.210896765244264e-4,0.7670807453416006,98.46875,0.7085466015950482,0.6649049716303614,normal_flow,2356000.csv
2356000,2024-08-16,daytime,6,0.9818088614558343,4.933663990590947e-4,0.4432304038004736,89.625,0.7450303535293418,0.697063841606158,normal_flow,2356000.csv
2356000,2024-08-16,nighttime,6,0.7406560798180416,0.0921672621658863,0.3657142857142748,89.625,0.7450303535293418,0.697063841606158,normal_flow,2356000.csv
2356000,2024-08-17,daytime,6,0.9872784972369306,2.41725546242093e-4,0.5048543689320502,81.96875,0.7777050351148673,0.7284688330754275,normal_flow,2356000.csv
2356000,2024-08-17,nighttime,6,0.3725218962381958,0.4670650648329531,0.04476534296030102,81.96875,0.7777050351148673,0.7284688330754275,normal_flow,2356000.csv
2356000,2024-08-18,daytime,6,0.9929867950103972,7.360509394049077e-5,0.7106993424985155,75.2734375,0.8071658135936198,0.7581319684164584,low_flow,2356000.csv
2356000,2024-08-18,nighttime,6,0.9661300767465149,0.00170133024305641,0.5686274509803787,75.2734375,0.8071658135936198,0.7581319684164584,low_flow,2356000.csv
2356000,2024-08-19,daytime,6,0.9898302085878652,1.546110824533526e-4,0.5791015625000088,69.28125,0.8312105701702178,0.7852834979962703,low_flow,2356000.csv
2356000,2024-08-19,nighttime,6,0.9870159823211524,2.517826191664237e-4,0.4755332496863183,69.28125,0.8312105701702178,0.7852834979962703,low_flow,2356000.csv
2356000,2024-08-20,daytime,6,0.9882812468443126,2.051890999313805e-4,0.6256983240223517,64.2265625,0.8512081895012499,0.8094869658374003,low_flow,2356000.csv
2356000,2024-08-20,nighttime,6,0.9722753087012366,0.00114233235149873,0.26126914660831646,64.2265625,0.8512081895012499,0.8094869658374003,low_flow,2356000.csv
2356000,2024-08-21,daytime,6,0.9792083155477732,6.439471518421947e-4,0.8199811498586335,60.84375,0.8629329841685514,0.8301392691346269,low_flow,2356000.csv
2356000,2024-08-21,nighttime,6,0.9939339358953364,5.508409369681818e-5,1.0127186009538467,60.84375,0.8629329841685514,0.8301392691346269,low_flow,2356000.csv
2356000,2024-08-22,daytime,6,0.9802834261735928,5.792825823543978e-4,0.7077244258872959,58.484375,0.8730508272824664,0.8467880807840337,low_flow,2356000.csv
2356000,2024-08-22,nighttime,6,0.9591066070275354,0.00247421199447527,0.9395973154362128,58.484375,0.8730508272824664,0.8467880807840337,low_flow,2356000.csv
2356000,2024-08-23,daytime,6,0.9825921055033866,4.519145873742651e-4,0.6223404255319314,56.453125,0.8809070348768003,0.8605721541086379,low_flow,2356000.csv
2356000,2024-08-23,nighttime,6,0.941124195763626,0.00509749811078134,0.28890266584004654,56.453125,0.8809070348768003,0.8605721541086379,low_flow,2356000.csv
2356000,2024-08-24,daytime,6,0.9947462867838752,4.132974864654086e-5,0.7115749525616883,55.9296875,0.8825735031543864,0.872173947545927,low_flow,2356000.csv
2356000,2024-08-24,nighttime,6,0.8748743102017703,0.02250514605347437,0.2330645161290306,55.9296875,0.8825735031543864,0.872173947545927,low_flow,2356000.csv
2356000,2024-08-25,daytime,6,0.9882316079391704,2.0692764551266145e-4,0.6328815556865178,56.25,0.8816807522913939,0.8818354957743125,low_flow,2356000.csv
2356000,2024-08-25,nighttime,6,0.9701108516790928,0.00132669087850737,0.4612579762989973,56.25,0.8816807522913939,0.8818354957743125,low_flow,2356000.csv
2356000,2024-08-26,daytime,6,0.9415677202890316,0.00502174338720048,0.7888198757764545,54.6875,0.8863230567789548,0.8898147045986589,low_flow,2356000.csv
2356000,2024-08-26,nighttime,6,0.986053313144698,2.904087258119622e-4,0.6727272727272576,54.6875,0.8863230567789548,0.8898147045986589,low_flow,2356000.csv
2356000,2024-08-27,daytime,6,0.9768068725880512,8.006437017295056e-4,0.583934088568485,51.84375,0.8960242828234734,0.8964448676744832,low_flow,2356000.csv
2356000,2024-08-27,nighttime,6,0.9659090909090916,0.00172347506573998,0.7244318181818047,51.84375,0.8960242828234734,0.8964448676744832,low_flow,2356000.csv
2356000,2024-08-28,daytime,6,0.9723283790559972,0.00113798357099993,0.6620294599018101,49.1484375,0.905487441971194,0.901916438519224,low_flow,2356000.csv
2356000,2024-08-28,nighttime,6,0.9859688390081178,2.93929036432275e-4,0.6830357142856897,49.1484375,0.905487441971194,0.901916438519224,low_flow,2356000.csv
2356000,2024-08-29,daytime,6,0.9962269996528176,2.1326442096886045e-5,0.7372141372141395,47.3828125,0.9119747649089394,0.9067015831448636,low_flow,2356000.csv
2356000,2024-08-29,nighttime,6,0.974838734871678,9.416692308902432e-4,0.9503105590061832,47.3828125,0.9119747649089394,0.9067015831448636,low_flow,2356000.csv
2356000,2024-08-30,daytime,6,0.9904006582289272,1.3777876664412223e-4,0.8752345215759768,46.46875,0.9153077014641114,0.9108796571836686,low_flow,2356000.csv
2356000,2024-08-30,nighttime,6,0.9896980873718336,1.5864743777495535e-4,0.9314285714285516,46.46875,0.9153077014641114,0.9108796571836686,low_flow,2356000.csv
2356000,2024-08-31,daytime,6,0.9984187023928918,3.748776164358099e-6,0.9743171626580016,45.53125,0.91905725508868,0.9142998849343332,low_flow,2356000.csv
2356000,2024-08-31,nighttime,6,0.9902271867459352,1.4279512801585134e-4,0.9488054607508573,45.53125,0.91905725508868,0.9142998849343332,low_flow,2356000.csv
2356000,2024-09-01,daytime,6,0.9838581154647464,3.887376862851879e-4,0.9186780542146492,44.46875,0.92262825854065,0.915145022417966,low_flow,2356000.csv
2356000,2024-09-01,nighttime,6,0.9944713446388644,4.576455063022465e-5,1.203366058905989,44.46875,0.92262825854065,0.915145022417966,low_flow,2356000.csv
2356000,2024-09-02,daytime,6,0.9598599329872064,0.00238450013035658,1.0260869565217636,43.265625,0.9268539459588144,0.906388128397413,low_flow,2356000.csv
2356000,2024-09-02,nighttime,6,0.9959063891989164,2.5102174438847608e-5,0.967930029154502,43.265625,0.9268539459588144,0.906388128397413,low_flow,2356000.csv
2356000,2024-09-03,daytime,6,0.979821498822368,6.066498052330825e-4,1.191387559808622,42.1796875,0.9306630163075824,0.8852279490536841,low_flow,2356000.csv
2356000,2024-09-03,nighttime,6,0.996783818915304,1.549909735398431e-5,1.1874999999999791,42.1796875,0.9306630163075824,0.8852279490536841,low_flow,2356000.csv
2356000,2024-09-04,daytime,6,0.8907834734134596,0.0172409935203097,2.695999999999951,41.3359375,0.9332817521723604,0.8591635916359164,low_flow,2356000.csv
2356000,2024-09-04,nighttime,6,0.9875824022259148,2.3033772520502827e-4,0.9845201238389828,41.3359375,0.9332817521723604,0.8591635916359164,low_flow,2356000.csv
2356000,2024-09-05,daytime,6,0.9052028966237304,0.01305378956371359,2.37623762376242,40.890625,0.9347101535531483,0.8316390905844543,low_flow,2356000.csv
2356000,2024-09-05,nighttime,6,0.9826759854930576,4.4758256353025303e-4,0.92113245702729,40.890625,0.9347101535531483,0.8316390905844543,low_flow,2356000.csv
2356000,2024-09-06,daytime,6,NA,NA,NA,40.6484375,0.93572193786454,0.7986152442169583,low_flow,2356000.csv
2356000,2024-09-06,nighttime,6,0.986163822074946,2.8583533165784167e-4,1.4000000000000632,40.6484375,0.93572193786454,0.7986152442169583,low_flow,2356000.csv
2356000,2024-09-07,daytime,6,0.6005325641789665,0.20748899372586035,0.7402597402597181,41.734375,0.9322104511367696,0.7576002856802762,low_flow,2356000.csv
2356000,2024-09-07,nighttime,6,0.9495812474214844,0.00374899240694684,1.150000000000007,41.734375,0.9322104511367696,0.7576002856802762,low_flow,2356000.csv
2356000,2024-09-08,daytime,6,-0.9315516419063729,0.00686742022721918,-0.9743589743589692,52.0390625,0.8952505654088799,0.7092012855612427,normal_flow,2356000.csv
2356000,2024-09-08,nighttime,6,0.988081648200921,2.122241806977456e-4,0.5572519083969345,52.0390625,0.8952505654088799,0.7092012855612427,normal_flow,2356000.csv
2356000,2024-09-09,daytime,6,NA,NA,-1.7404671430534368e-14,88.2421875,0.7503273419830973,0.6556441693449192,normal_flow,2356000.csv
2356000,2024-09-09,nighttime,6,0.907959384500454,0.01231735247023979,1.2999999999998697,88.2421875,0.7503273419830973,0.6556441693449192,normal_flow,2356000.csv
2356000,2024-09-10,daytime,6,0.9183375581675448,0.0097308382246696409,0.33561643835615873,124.3203125,0.568920366623021,0.5996508352180296,normal_flow,2356000.csv
2356000,2024-09-10,nighttime,6,0.6054055145966758,0.20283708258989536,0.2443438914027224,124.3203125,0.568920366623021,0.5996508352180296,normal_flow,2356000.csv
2356000,2024-09-11,daytime,6,NA,NA,NA,138.0078125,0.5050589215569575,0.5432964329643296,normal_flow,2356000.csv
2356000,2024-09-11,nighttime,6,NA,NA,2.032017476661384e-14,138.0078125,0.5050589215569575,0.5432964329643296,normal_flow,2356000.csv
2356000,2024-09-12,daytime,6,0.8298064674438702,0.0409838585949822,0.385604113110548,141.25,0.492619926199262,0.487620521366504,normal_flow,2356000.csv
2356000,2024-09-12,nighttime,6,0.9030150838223776,0.01365298730139512,0.7248322147650929,141.25,0.492619926199262,0.487620521366504,normal_flow,2356000.csv
2356000,2024-09-13,daytime,6,0.8958205931813582,0.01571467548737137,0.7821782178218188,167.171875,0.4166170693965004,0.43319842875848114,normal_flow,2356000.csv
2356000,2024-09-13,nighttime,6,NA,NA,2.0320174766614156e-14,167.171875,0.4166170693965004,0.43319842875848114,normal_flow,2356000.csv
2356000,2024-09-14,daytime,6,-0.3754851569655192,0.4632419223059538,-0.02430846605197528,224.625,0.3000833234138793,0.3803317065428719,normal_flow,2356000.csv
2356000,2024-09-14,nighttime,6,-0.08119979429411404,0.87846800018837,-0.07142857142849653,224.625,0.3000833234138793,0.3803317065428719,normal_flow,2356000.csv
2356000,2024-09-15,daytime,6,NA,NA,-1.2824494738288507e-14,305.28125,0.1930722533031782,0.32962345752489786,normal_flow,2356000.csv
2356000,2024-09-15,nighttime,6,-0.29277002188455803,0.5733922538253582,-0.2857142857142627,305.28125,0.1930722533031782,0.32962345752489786,normal_flow,2356000.csv
2356000,2024-09-16,daytime,6,NA,NA,-1.2878720931685252e-14,402.8046875,0.11927151529579812,0.28328770384478036,normal_flow,2356000.csv
2356000,2024-09-16,nighttime,6,0.31622776601683794,0.5414697392755848,0.06250000000001596,402.8046875,0.11927151529579812,0.28328770384478036,normal_flow,2356000.csv
2356000,2024-09-17,daytime,6,0.8219949365267866,0.04470858727968056,0.1351351351351249,476.9453125,0.08695393405546958,0.24874816490100385,high_flow,2356000.csv
2356000,2024-09-17,nighttime,6,0.8775724091682302,0.02156526860470044,0.42222222222220857,476.9453125,0.08695393405546958,0.24874816490100385,high_flow,2356000.csv
2356000,2024-09-18,daytime,6,-0.4273365713718003,0.39801450709986114,-0.09974853310981,482.015625,0.08534698250208309,0.22853628536285364,high_flow,2356000.csv
2356000,2024-09-18,nighttime,6,0.7884224673901985,0.06241193880093049,0.8260869565216168,482.015625,0.08534698250208309,0.22853628536285364,high_flow,2356000.csv
2356000,2024-09-19,daytime,6,-0.9115320659197572,0.01139366256410915,-0.28447444551592077,446.5,0.0981430782049756,0.21497837559020752,high_flow,2356000.csv
2356000,2024-09-19,nighttime,6,NA,NA,NA,446.5,0.0981430782049756,0.21497837559020752,high_flow,2356000.csv
2356000,2024-09-20,daytime,6,NA,NA,-2.822751300047158e-15,404.4140625,0.11837876443280562,0.2026742848073642,high_flow,2356000.csv
2356000,2024-09-20,nighttime,6,0.9320546490018,0.00676801882433663,0.23166023166023408,404.4140625,0.11837876443280562,0.2026742848073642,high_flow,2356000.csv
2356000,2024-09-21,daytime,6,0.8940896464657914,0.01623150610270453,0.1854599406528184,365.0390625,0.14272110463040114,0.1862397333650756,high_flow,2356000.csv
2356000,2024-09-21,nighttime,6,NA,NA,4.545996269169525e-15,365.0390625,0.14272110463040114,0.1862397333650756,high_flow,2356000.csv
2356000,2024-09-22,daytime,6,NA,NA,-2.6370714288688833e-15,329.5,0.17158671586715868,0.16841249057651866,high_flow,2356000.csv
2356000,2024-09-22,nighttime,6,NA,NA,9.84427117111699e-15,329.5,0.17158671586715868,0.16841249057651866,high_flow,2356000.csv
2356000,2024-09-23,daytime,6,0.9284050602192938,0.00750526116483116,0.3105110896817802,298.3046875,0.2002142602071182,0.15608062532238226,high_flow,2356000.csv
2356000,2024-09-23,nighttime,6,NA,NA,9.03072574225844e-15,298.3046875,0.2002142602071182,0.15608062532238226,high_flow,2356000.csv
2356000,2024-09-24,daytime,6,0.9779650603729108,7.229584400779406e-4,0.4409448818897526,270.578125,0.23223425782644924,0.14874022933777725,high_flow,2356000.csv
2356000,2024-09-24,nighttime,6,0.7965662348464656,0.05786836183134262,0.38071065989850145,270.578125,0.23223425782644924,0.14874022933777725,high_flow,2356000.csv
2356000,2024-09-25,daytime,6,NA,NA,1.4503892858779687e-14,245.7109375,0.2657421735507678,0.14408998928698966,high_flow,2356000.csv
2356000,2024-09-25,nighttime,6,0.8327178037066039,0.039634443076733,0.40449438202247856,245.7109375,0.2657421735507678,0.14408998928698966,high_flow,2356000.csv
2356000,2024-09-26,daytime,6,NA,NA,1.0238042017961558e-14,223.7109375,0.3016902749672658,0.14017378883466255,high_flow,2356000.csv
2356000,2024-09-26,nighttime,6,NA,NA,1.8100858287755557e-14,223.7109375,0.3016902749672658,0.14017378883466255,high_flow,2356000.csv
2356000,2024-09-27,daytime,6,-0.06613000712660978,0.9009495884510328,-0.03061224489797888,219.578125,0.3080585644566123,0.13611871602586997,high_flow,2356000.csv
2356000,2024-09-27,nighttime,6,-0.7745966692414844,0.07048399691021932,-0.2500000000000069,219.578125,0.3080585644566123,0.13611871602586997,high_flow,2356000.csv
2356000,2024-09-28,daytime,6,0.8468261737805002,0.03339643247402797,0.38613861386138726,331.46875,0.17009879776217118,0.13150418600960204,high_flow,2356000.csv
2356000,2024-09-28,nighttime,6,NA,NA,1.8515607904824735e-14,331.46875,0.17009879776217118,0.13150418600960204,high_flow,2356000.csv
2356000,2024-09-29,daytime,6,0.26537244621714245,0.6112854308932001,0.105633802816894,709.8515625,0.03267468158552553,0.12604451850970122,high_flow,2356000.csv
2356000,2024-09-29,nighttime,6,0.7152474728151271,0.110081565402654,0.1894736842105481,709.8515625,0.03267468158552553,0.12604451850970122,high_flow,2356000.csv
2356000,2024-09-30,daytime,6,NA,NA,-2.17558392881676e-14,987.3125,0.008094274491132,0.11955719557195572,high_flow,2356000.csv
2356000,2024-09-30,nighttime,6,0.9771071235928808,7.801267925695312e-4,0.8910891089109019,987.3125,0.008094274491132,0.11955719557195572,high_flow,2356000.csv
2356000,2024-10-01,daytime,6,0.44721359549995793,0.373900966300059,0.08333333333331475,966.3671875,0.00916557552672301,0.1121255406102448,high_flow,2356000.csv
2356000,2024-10-01,nighttime,6,0.9555330859059058,0.00292199731557349,1.0000000000000222,966.3671875,0.00916557552672301,0.1121255406102448,high_flow,2356000.csv
2356000,2024-10-02,daytime,6,0.7175608803587927,0.10839243802226928,0.11702127659571468,850.4140625,0.01720033329365551,0.1035551323255168,high_flow,2356000.csv
2356000,2024-10-02,nighttime,6,NA,NA,8.702335715268997e-15,850.4140625,0.01720033329365551,0.1035551323255168,high_flow,2356000.csv
2356000,2024-10-03,daytime,6,0.5222329678670976,0.2878641347266862,0.2727272727273118,754.828125,0.02660397571717652,0.0940443597984367,high_flow,2356000.csv
2356000,2024-10-03,nighttime,6,NA,NA,9.777905298061492e-16,754.828125,0.02660397571717652,0.0940443597984367,high_flow,2356000.csv
2356000,2024-10-04,daytime,6,0.8546928566778905,0.03013722928533765,0.5445544554455767,679.3125,0.03731698607308654,0.08362893306352419,high_flow,2356000.csv
2356000,2024-10-04,nighttime,6,-0.6708203932499459,0.14470399860632294,-0.22499999999998427,679.3125,0.03731698607308654,0.08362893306352419,high_flow,2356000.csv
2356000,2024-10-05,daytime,6,NA,NA,-6.526751786451107e-14,614.828125,0.04916081418878705,0.07463000436455977,high_flow,2356000.csv
2356000,2024-10-05,nighttime,6,-0.8958205931813571,0.0157146754873717,-0.7821782178217688,614.828125,0.04916081418878705,0.07463000436455977,high_flow,2356000.csv
2356000,2024-10-06,daytime,6,NA,NA,-8.70233571526941e-14,560.625,0.06082609213188906,0.07673292861960877,high_flow,2356000.csv
2356000,2024-10-06,nighttime,6,NA,NA,2.717018843228275e-14,560.625,0.06082609213188906,0.07673292861960877,high_flow,2356000.csv
2356000,2024-10-07,daytime,6,-0.6908492797077612,0.12858784036862103,-0.5454545454545868,513.4375,0.07427687180097607,0.0901083204380431,high_flow,2356000.csv
2356000,2024-10-07,nighttime,6,NA,NA,2.7151287431635744e-14,513.4375,0.07427687180097607,0.0901083204380431,high_flow,2356000.csv
2356000,2024-10-08,daytime,6,-0.8444719032060675,0.03440244963561642,-0.1914893617021368,471.0546875,0.08873943578145459,0.10727294369717892,high_flow,2356000.csv
2356000,2024-10-08,nighttime,6,0.5200000000000049,0.2903039999999946,0.41599999999999254,471.0546875,0.08873943578145459,0.10727294369717892,high_flow,2356000.csv
2356000,2024-10-09,daytime,6,NA,NA,NA,433.734375,0.1036781335555291,0.1267864936713883,high_flow,2356000.csv
2356000,2024-10-09,nighttime,6,NA,NA,1.2256810866573962e-14,433.734375,0.1036781335555291,0.1267864936713883,high_flow,2356000.csv
2356000,2024-10-10,daytime,6,0.7063774289747328,0.11666410170479471,0.17010309278350408,396.5546875,0.12308058564456612,0.14820854660159505,high_flow,2356000.csv
2356000,2024-10-10,nighttime,6,NA,NA,4.866437735511455e-15,396.5546875,0.12308058564456612,0.14820854660159505,high_flow,2356000.csv
2356000,2024-10-11,daytime,6,0.5106904825836227,0.3005595327953075,0.1912568306011023,361.0859375,0.14545887394357815,0.17173749156846407,high_flow,2356000.csv
2356000,2024-10-11,nighttime,6,NA,NA,-0,361.0859375,0.14545887394357815,0.17173749156846407,high_flow,2356000.csv
2356000,2024-10-12,daytime,6,0.61733208332218,0.19163416430031943,0.03736263736262929,327.59375,0.17307463397214615,0.19691306590485255,high_flow,2356000.csv
2356000,2024-10-12,nighttime,6,NA,NA,4.866437735511391e-15,327.59375,0.17307463397214615,0.19691306590485255,high_flow,2356000.csv
2356000,2024-10-13,daytime,6,-0.7459478972924405,0.08861513111340875,-0.11988304093568242,297.0703125,0.2016426615879062,0.22381462524302664,high_flow,2356000.csv
2356000,2024-10-13,nighttime,6,-0.612528712956394,0.19611469065293996,-0.16079632465542631,297.0703125,0.2016426615879062,0.22381462524302664,high_flow,2356000.csv
2356000,2024-10-14,daytime,6,-0.4199812236135312,0.4070671965699485,-0.02432885906041064,270.015625,0.23330555886204024,0.25314446692854026,normal_flow,2356000.csv
2356000,2024-10-14,nighttime,6,NA,NA,1.117731192786644e-14,270.015625,0.23330555886204024,0.25314446692854026,normal_flow,2356000.csv
2356000,2024-10-15,daytime,6,-0.21070148679394204,0.6886248283394738,-0.05882352941177692,245.7578125,0.26556362337816924,0.2853350791572432,normal_flow,2356000.csv
2356000,2024-10-15,nighttime,6,NA,NA,7.911214286606704e-15,245.7578125,0.26556362337816924,0.2853350791572432,normal_flow,2356000.csv
2356000,2024-10-16,daytime,6,0.9302605094190668,0.00712580244696045,0.5625000000000124,223.578125,0.3018688251398643,0.32121969606792844,normal_flow,2356000.csv
2356000,2024-10-16,nighttime,6,-0.7194525281757703,0.10701981726720806,-0.10149253731342898,223.578125,0.3018688251398643,0.32121969606792844,normal_flow,2356000.csv
2356000,2024-10-17,daytime,6,0.7541752331411752,0.08321715128688552,0.31914893617020734,203.171875,0.3385311272467563,0.35976272665952463,normal_flow,2356000.csv
2356000,2024-10-17,nighttime,6,NA,NA,4.424916465390238e-15,203.171875,0.3385311272467563,0.35976272665952463,normal_flow,2356000.csv
2356000,2024-10-18,daytime,6,0.5160156871153327,0.2946767827003431,0.08875739644969453,184.6171875,0.37953815022021187,0.399642899654803,normal_flow,2356000.csv
2356000,2024-10-18,nighttime,6,NA,NA,-0,184.6171875,0.37953815022021187,0.399642899654803,normal_flow,2356000.csv
2356000,2024-10-19,daytime,6,0.955198702816896,0.00296577274257255,0.24834680382071744,167.84375,0.4149506011189144,0.4403642423521009,normal_flow,2356000.csv
2356000,2024-10-19,nighttime,6,NA,NA,2.947565322913005e-14,167.84375,0.4149506011189144,0.4403642423521009,normal_flow,2356000.csv
2356000,2024-10-20,daytime,6,NA,NA,-1.0020871429701704e-14,152.75,0.45268420426139744,0.4814545887394358,normal_flow,2356000.csv
2356000,2024-10-20,nighttime,6,NA,NA,2.1755839288172992e-14,152.75,0.45268420426139744,0.4814545887394358,normal_flow,2356000.csv
2356000,2024-10-21,daytime,6,NA,NA,-9.58906660568554e-15,139.11328125,0.5007737174145935,0.5224298694599849,normal_flow,2356000.csv
2356000,2024-10-21,nighttime,6,NA,NA,2.0082313189078604e-14,139.11328125,0.5007737174145935,0.5224298694599849,normal_flow,2356000.csv
2356000,2024-10-22,daytime,6,0.7158434024522726,0.10964534964850788,0.15767131594905617,126.59375,0.5571360552315201,0.5629091774788716,normal_flow,2356000.csv
2356000,2024-10-22,nighttime,6,0.7287743156914587,0.10036891981082198,0.44680851063830634,126.59375,0.5571360552315201,0.5629091774788716,normal_flow,2356000.csv
2356000,2024-10-23,daytime,6,NA,NA,-9.872397660177108e-15,115.140625,0.6270086894417332,0.6024362179105662,normal_flow,2356000.csv
2356000,2024-10-23,nighttime,6,NA,NA,6.526751786449408e-14,115.140625,0.6270086894417332,0.6024362179105662,normal_flow,2356000.csv
2356000,2024-10-24,daytime,6,NA,NA,-1.1517797270206656e-14,104.75,0.6818235924294727,0.6406380192834187,normal_flow,2356000.csv
2356000,2024-10-24,nighttime,6,0.44000000000000106,0.3825919999999988,0.1760000000000497,104.75,0.6818235924294727,0.6406380192834187,normal_flow,2356000.csv
2356000,2024-10-25,daytime,6,0.8682431421244596,0.02489616346022257,0.2153846153846092,95.33984375,0.7212831805737412,0.6772368368844979,normal_flow,2356000.csv
2356000,2024-10-25,nighttime,6,NA,NA,NA,95.33984375,0.7212831805737412,0.6772368368844979,normal_flow,2356000.csv
2356000,2024-10-26,daytime,6,0.8240200368553474,0.04372846402905125,0.11592836946275788,86.87890625,0.7562790144030472,0.7117089235408484,normal_flow,2356000.csv
2356000,2024-10-26,nighttime,6,0.8285888116464653,0.04155450899846823,0.4468085106383423,86.87890625,0.7562790144030472,0.7117089235408484,normal_flow,2356000.csv
2356000,2024-10-27,daytime,6,0.985344210299252,3.2061428317953965e-4,0.3163265306122425,79.39453125,0.7894298297821688,0.7443042494941079,normal_flow,2356000.csv
2356000,2024-10-27,nighttime,6,NA,NA,3.72957244940014e-14,79.39453125,0.7894298297821688,0.7443042494941079,normal_flow,2356000.csv
2356000,2024-10-28,daytime,6,0.622991823285984,0.18640968820375156,0.27722772277226515,72.8359375,0.8162718723961433,0.774844264571678,low_flow,2356000.csv
2356000,2024-10-28,nighttime,6,0.6013836858963976,0.20667338599204535,0.4720000000000038,72.8359375,0.8162718723961433,0.774844264571678,low_flow,2356000.csv
2356000,2024-10-29,daytime,6,0.6008327554319943,0.20720117920748413,0.18999999999999023,67.13671875,0.8404951791453399,0.8025830258302583,low_flow,2356000.csv
2356000,2024-10-29,nighttime,6,NA,NA,2.7151287431634993e-14,67.13671875,0.8404951791453399,0.8025830258302583,low_flow,2356000.csv
2356000,2024-10-30,daytime,6,0.7408121303554954,0.09206162071542626,0.2644230769230615,62.2109375,0.8584692298535889,0.8268261714875214,low_flow,2356000.csv
2356000,2024-10-30,nighttime,6,0.7564900711329833,0.08172591365442347,0.16831683168319425,62.2109375,0.8584692298535889,0.8268261714875214,low_flow,2356000.csv
2356000,2024-10-31,daytime,6,0.8624435994684806,0.02708124016328305,0.22656249999999295,58.02734375,0.8748958457326509,0.8464825615998095,low_flow,2356000.csv
2356000,2024-10-31,nighttime,6,NA,NA,3.1508456900106174e-14,58.02734375,0.8748958457326509,0.8464825615998095,low_flow,2356000.csv
