station_id,date,period,n,r,p,slope,discharge,flow_exceed_prob,flow_exceed_prob_smooth,flow_season,source_file
A2391077,2006-10-11,daytime,6,0.7344947364646416,0.09638143020705171,4.014518859603859,0.220529168844223,0.5076776574217355,0.5129944847835575,normal_flow,A2391077.csv
A2391077,2006-10-11,nighttime,6,0.7036245010676082,0.11874107434921805,3.413973019472417,0.220529168844223,0.5076776574217355,0.5129944847835575,normal_flow,A2391077.csv
A2391077,2006-10-12,daytime,6,0.12209211306115716,0.8177718124775797,0.5201235175676039,0.223293632268906,0.4908939411974765,0.5272626274649843,normal_flow,A2391077.csv
A2391077,2006-10-12,nighttime,6,0.9056904952084184,0.01292201634287475,14.786530949146558,0.223293632268906,0.4908939411974765,0.5272626274649843,normal_flow,A2391077.csv
A2391077,2006-10-13,daytime,6,0.6667838619682327,0.1480504991323865,2.7915690876611436,0.201089024543762,0.5895131531960481,0.5114589532992104,normal_flow,A2391077.csv
A2391077,2006-10-13,nighttime,6,0.8999187778068135,0.01452315723080053,4.348001208924063,0.201089024543762,0.5895131531960481,0.5114589532992104,normal_flow,A2391077.csv
A2391077,2006-10-14,daytime,6,0.9620047511851818,0.00213803268853036,1.01403280180038,0.238415211439133,0.4275681466492085,0.5025116057612189,normal_flow,A2391077.csv
A2391077,2006-10-14,nighttime,6,-0.7717245394253823,0.07221684757615691,-2.8023167498152013,0.238415211439133,0.4275681466492085,0.5025116057612189,normal_flow,A2391077.csv
A2391077,2006-10-15,daytime,6,0.9952648922003476,3.3578785303385426e-5,4.208540568013761,0.227415084838867,0.4706582549696465,0.4933023846367496,normal_flow,A2391077.csv
A2391077,2006-10-15,nighttime,6,0.9682791165631238,0.00149336266344654,1.2137513568492793,0.227415084838867,0.4706582549696465,0.4933023846367496,normal_flow,A2391077.csv
A2391077,2006-10-16,daytime,6,-0.7338660656933153,0.09681613634200424,-7.90296033183607,0.2286736369133,0.46565885013688846,0.4856167916517875,normal_flow,A2391077.csv
A2391077,2006-10-16,nighttime,6,0.984442531146682,3.611695309629735e-4,3.5948718074150063,0.2286736369133,0.46565885013688846,0.4856167916517875,normal_flow,A2391077.csv
A2391077,2006-10-17,daytime,6,0.19159981634485784,0.7161171370175983,0.29823428329612306,0.270137041807175,0.37626473038923935,0.479923025036702,normal_flow,A2391077.csv
A2391077,2006-10-17,nighttime,6,0.86175914440438,0.02734487293741941,3.591641149415963,0.270137041807175,0.37626473038923935,0.479923025036702,normal_flow,A2391077.csv
A2391077,2006-10-18,daytime,6,0.0486956243627308,0.9270142985423196,0.0263283692536788,0.178817734122276,0.6380788001428401,0.4777367773677737,normal_flow,A2391077.csv
A2391077,2006-10-18,nighttime,6,0.9018131304476612,0.01398769884942452,3.6307666317424623,0.178817734122276,0.6380788001428401,0.4777367773677737,normal_flow,A2391077.csv
A2391077,2006-10-19,daytime,6,0.979726411265344,6.123611912691233e-4,2.6184424509354605,0.174360603094101,0.6443280561837876,0.4870015474348292,normal_flow,A2391077.csv
A2391077,2006-10-19,nighttime,6,0.8831153095378952,0.01969460517229723,9.602978640717232,0.174360603094101,0.6443280561837876,0.4870015474348292,normal_flow,A2391077.csv
A2391077,2006-10-20,daytime,6,0.9257813457075308,0.00805819962901569,2.9623187716244326,0.285674721002579,0.35805261278419237,0.47899059635757646,normal_flow,A2391077.csv
A2391077,2006-10-20,nighttime,6,0.9881953895146534,2.0820076374387329e-4,0.8985273279714563,0.285674721002579,0.35805261278419237,0.47899059635757646,normal_flow,A2391077.csv
A2391077,2006-10-21,daytime,6,0.9641235951813312,0.0019075860791545,1.883542547787888,0.238998711109161,0.42602071182002144,0.4781930722533031,normal_flow,A2391077.csv
A2391077,2006-10-21,nighttime,6,0.6141129849617639,0.19463219863316183,0.8047075757408745,0.238998711109161,0.42602071182002144,0.4781930722533031,normal_flow,A2391077.csv
A2391077,2006-10-22,daytime,6,0.9570778577362684,0.00272392749244167,2.713096979994437,0.243037894368172,0.4150101178431139,0.48611276435345,normal_flow,A2391077.csv
A2391077,2006-10-22,nighttime,6,0.6384493279901919,0.1724475816678603,23.95240743167003,0.243037894368172,0.4150101178431139,0.48611276435345,normal_flow,A2391077.csv
A2391077,2006-10-23,daytime,6,-0.9714411309729524,0.00121176706485045,-5.427140569179446,0.238002106547356,0.42905606475419594,0.4935126770622545,normal_flow,A2391077.csv
A2391077,2006-10-23,nighttime,6,0.7315765966702495,0.09840658129691036,4.967715144702372,0.238002106547356,0.42905606475419594,0.4935126770622545,normal_flow,A2391077.csv
A2391077,2006-10-24,daytime,6,0.8114876869065786,0.04995576740850831,1.394956807828219,0.232381597161293,0.4492322342578264,0.5028845772328691,normal_flow,A2391077.csv
A2391077,2006-10-24,nighttime,6,0.957915534880826,0.00261938536207937,7.640866843365022,0.232381597161293,0.4492322342578264,0.5028845772328691,normal_flow,A2391077.csv
A2391077,2006-10-25,daytime,6,0.9253457409112976,0.00815185386184058,3.1769305494026097,0.226041853427887,0.4780383287703845,0.5187517359044558,normal_flow,A2391077.csv
A2391077,2006-10-25,nighttime,6,0.5878871570996554,0.21975948944715787,3.724353888208299,0.226041853427887,0.4780383287703845,0.5187517359044558,normal_flow,A2391077.csv
A2391077,2006-10-26,daytime,6,0.08337146143690746,0.8752325570459829,0.642460764612398,0.172746330499649,0.6466492084275681,0.5160219021545054,normal_flow,A2391077.csv
A2391077,2006-10-26,nighttime,6,0.9694902484793396,0.00138206748289958,5.115733780369607,0.172746330499649,0.6466492084275681,0.5160219021545054,normal_flow,A2391077.csv
A2391077,2006-10-27,daytime,6,0.935216885238594,0.00615933536626223,2.1071617986206252,0.274830758571625,0.3707296750386858,0.5069158433519819,normal_flow,A2391077.csv
A2391077,2006-10-27,nighttime,6,-0.2393543871305511,0.6478247882714538,-1.3228317894793102,0.274830758571625,0.3707296750386858,0.5069158433519819,normal_flow,A2391077.csv
A2391077,2006-10-28,daytime,6,0.4034526927006303,0.4276567804292617,2.8771977540406377,0.205271065235138,0.5775502916319486,0.5243066301630758,normal_flow,A2391077.csv
A2391077,2006-10-28,nighttime,6,0.9410214494415324,0.00511512659651349,3.712105026837484,0.205271065235138,0.5775502916319486,0.5243066301630758,normal_flow,A2391077.csv
A2391077,2006-10-29,daytime,6,-0.8842366650726772,0.01932604367889599,-15.170402521116564,0.214434757828712,0.5463635281514105,0.5408324405824704,normal_flow,A2391077.csv
A2391077,2006-10-29,nighttime,6,0.8728762441047813,0.0232134854625552,1.6561489581073483,0.214434757828712,0.5463635281514105,0.5408324405824704,normal_flow,A2391077.csv
A2391077,2006-10-30,daytime,6,0.9482633497208084,0.00394578021922685,3.108304939293479,0.204137608408928,0.5816569456017141,0.5588501368884656,normal_flow,A2391077.csv
A2391077,2006-10-30,nighttime,6,0.3960162169781468,0.43702905731146574,0.6874135572912546,0.204137608408928,0.5816569456017141,0.5588501368884656,normal_flow,A2391077.csv
A2391077,2006-10-31,daytime,6,0.9545058886077163,0.00305749135352894,2.1526765383463498,0.194129854440689,0.6062373526961076,0.5766654763321827,normal_flow,A2391077.csv
A2391077,2006-10-31,nighttime,6,0.4105645052790309,0.4187562781572248,13.535205087129784,0.194129854440689,0.6062373526961076,0.5766654763321827,normal_flow,A2391077.csv
A2391077,2006-11-01,daytime,6,0.3890997085189281,0.4458050095123265,18.306666865520924,0.19031448662281,0.6142721104630401,0.5937150339245327,normal_flow,A2391077.csv
A2391077,2006-11-01,nighttime,6,0.8850440226798816,0.01906275054808579,21.191563620682498,0.19031448662281,0.6142721104630401,0.5937150339245327,normal_flow,A2391077.csv
A2391077,2006-11-02,daytime,6,0.805458151407184,0.05308842924329282,1.3605281372307485,0.197681844234467,0.5971312938935841,0.6096496448835456,normal_flow,A2391077.csv
A2391077,2006-11-02,nighttime,6,0.6846310497988838,0.1335034466570524,0.8131145893593158,0.197681844234467,0.5971312938935841,0.6096496448835456,normal_flow,A2391077.csv
A2391077,2006-11-03,daytime,6,-0.3179514874486263,0.5391441272747398,-3.8478048662275097,0.220519751310349,0.507737174145935,0.6139070745546165,normal_flow,A2391077.csv
A2391077,2006-11-03,nighttime,6,-0.5818225150479422,0.22574476130623256,-0.9502778561126266,0.220519751310349,0.507737174145935,0.6139070745546165,normal_flow,A2391077.csv
A2391077,2006-11-04,daytime,6,0.964341939391577,0.00188457636588082,3.41173707899775,0.187675341963768,0.6189144149506011,0.6319168352973852,normal_flow,A2391077.csv
A2391077,2006-11-04,nighttime,6,0.984073565504984,3.784570930538291e-4,2.7816601815414725,0.187675341963768,0.6189144149506011,0.6319168352973852,normal_flow,A2391077.csv
A2391077,2006-11-05,daytime,6,0.7194906298140243,0.10699224917089394,2.556532654617936,0.154311314225197,0.6739078681109392,0.6406023092488989,normal_flow,A2391077.csv
A2391077,2006-11-05,nighttime,6,0.6247195106726519,0.18482677102186668,1.0550317360471635,0.154311314225197,0.6739078681109392,0.6406023092488989,normal_flow,A2391077.csv
A2391077,2006-11-06,daytime,6,0.3986916319769479,0.43364956968532614,1.5941792796121017,0.145442128181458,0.6852755624330437,0.6531762091814467,normal_flow,A2391077.csv
A2391077,2006-11-06,nighttime,6,0.9599019718433466,0.00237954194845951,1.1048162135598725,0.145442128181458,0.6852755624330437,0.6531762091814467,normal_flow,A2391077.csv
A2391077,2006-11-07,daytime,6,0.91148494026012,0.01140561968105142,3.358518503872145,0.137939423322678,0.6962861564099512,0.6572233464270126,normal_flow,A2391077.csv
A2391077,2006-11-07,nighttime,6,-0.7472364462184155,0.08775966349940925,-1.9941109343106,0.137939423322678,0.6962861564099512,0.6572233464270126,normal_flow,A2391077.csv
A2391077,2006-11-08,daytime,6,0.9989137921310438,1.769130522035441e-6,1.181456108021237,0.131360664963722,0.7049755981430782,0.6390509066380986,normal_flow,A2391077.csv
A2391077,2006-11-08,nighttime,6,0.940921527354955,0.00513229910497016,2.221218280788739,0.131360664963722,0.7049755981430782,0.6390509066380986,normal_flow,A2391077.csv
A2391077,2006-11-09,daytime,6,0.9202335796401656,0.00929025854931651,1.1446824264003392,0.124791495501995,0.7170574931555768,0.6454707772884181,normal_flow,A2391077.csv
A2391077,2006-11-09,nighttime,6,0.07105794350718568,0.8935924787367168,0.2543249412902416,0.124791495501995,0.7170574931555768,0.6454707772884181,normal_flow,A2391077.csv
A2391077,2006-11-10,daytime,6,0.9001503162620538,0.01445719037023404,9.56460945601546,0.127553343772888,0.7105106534936317,0.6568622783002024,normal_flow,A2391077.csv
A2391077,2006-11-10,nighttime,6,0.8665911132910923,0.02550969549561993,16.131637720022166,0.127553343772888,0.7105106534936317,0.6568622783002024,normal_flow,A2391077.csv
A2391077,2006-11-11,daytime,6,0.40347415740991555,0.4276298244914719,0.984093807502263,0.176424011588097,0.6408760861802166,0.6747093599968258,normal_flow,A2391077.csv
A2391077,2006-11-11,nighttime,6,0.3467022469975021,0.5007838589245219,2.0542257378508397,0.176424011588097,0.6408760861802166,0.6747093599968258,normal_flow,A2391077.csv
A2391077,2006-11-12,daytime,6,0.6567898472925752,0.15647590077126575,1.275096409391654,0.129425317049026,0.7078324009046542,0.6851922390191644,normal_flow,A2391077.csv
A2391077,2006-11-12,nighttime,6,0.06612780151741578,0.9009528823970244,0.03452253612585337,0.129425317049026,0.7078324009046542,0.6851922390191644,normal_flow,A2391077.csv
A2391077,2006-11-13,daytime,6,0.8224798868883685,0.04447295551045255,2.51848638028167,0.11085058003664,0.7349720271396263,0.6893068285521565,normal_flow,A2391077.csv
A2391077,2006-11-13,nighttime,6,0.04121782386007187,0.938208276875928,0.04585061317998203,0.11085058003664,0.7349720271396263,0.6893068285521565,normal_flow,A2391077.csv
A2391077,2006-11-14,daytime,6,-0.8735092145952562,0.02298795704123776,-5.83905277735849,0.175471693277359,0.6423640042852041,0.6755386263540055,normal_flow,A2391077.csv
A2391077,2006-11-14,nighttime,6,0.8638316012418953,0.02655034338792582,5.909862860606031,0.175471693277359,0.6423640042852041,0.6755386263540055,normal_flow,A2391077.csv
A2391077,2006-11-15,daytime,6,-0.9240753241683533,0.008427998562214,-0.5229836959508753,0.310151308774948,0.33365075586239734,0.679129468714042,normal_flow,A2391077.csv
A2391077,2006-11-15,nighttime,6,-0.900959446639288,0.0142278008755088,-0.23798980237657724,0.310151308774948,0.33365075586239734,0.679129468714042,normal_flow,A2391077.csv
A2391077,2006-11-16,daytime,6,0.8555431016680034,0.02979444470882808,2.8612574806077715,0.127547830343246,0.7105701702178312,0.6853390469388565,normal_flow,A2391077.csv
A2391077,2006-11-16,nighttime,6,0.4664860040092677,0.3510268151771784,0.8521462757076919,0.127547830343246,0.7105701702178312,0.6853390469388565,normal_flow,A2391077.csv
A2391077,2006-11-17,daytime,6,-0.26537268366751066,0.6112850998004556,-1.5483270718514914,0.0874586552381516,0.7680038090703488,0.6911637503471809,normal_flow,A2391077.csv
A2391077,2006-11-17,nighttime,6,0.0954189389489912,0.8573059755094516,0.08436468131969597,0.0874586552381516,0.7680038090703488,0.6911637503471809,normal_flow,A2391077.csv
A2391077,2006-11-18,daytime,6,0.8939497595212406,0.01627362510397883,4.782311562895479,0.082364410161972,0.7754433995952863,0.694881561718843,normal_flow,A2391077.csv
A2391077,2006-11-18,nighttime,6,-0.7911748868026726,0.06085867661260973,-6.6970175888116446,0.082364410161972,0.7754433995952863,0.694881561718843,normal_flow,A2391077.csv
A2391077,2006-11-19,daytime,6,-0.8430510049741538,0.03501641927925789,-2.57443115050876,0.0819268226623535,0.7761576002856803,0.7054596674999009,normal_flow,A2391077.csv
A2391077,2006-11-19,nighttime,6,0.4387320667690541,0.3841267520690404,3.3068683939596615,0.0819268226623535,0.7761576002856803,0.7054596674999009,normal_flow,A2391077.csv
A2391077,2006-11-20,daytime,6,-0.01532442767121873,0.977015157872784,-0.05660625502222279,0.110388301312923,0.7356267111058208,0.7129667103122644,normal_flow,A2391077.csv
A2391077,2006-11-20,nighttime,6,-0.7981594749684741,0.05699794543847496,-0.7408785733309606,0.110388301312923,0.7356267111058208,0.7129667103122644,normal_flow,A2391077.csv
A2391077,2006-11-21,daytime,6,-0.7943023080466917,0.05911561760303736,-2.067199090710542,0.225868672132492,0.47875252946077845,0.7189064793873745,normal_flow,A2391077.csv
A2391077,2006-11-21,nighttime,6,0.07589544733685469,0.8863754123960366,0.09869174561343468,0.225868672132492,0.47875252946077845,0.7189064793873745,normal_flow,A2391077.csv
A2391077,2006-11-22,daytime,6,0.09212361668214246,0.8622054905239169,1.9792602642567172,0.0995974168181419,0.7501487918104988,0.7201761695036305,normal_flow,A2391077.csv
A2391077,2006-11-22,nighttime,6,0.928945192654075,0.00739380822471172,1.199415381642402,0.0995974168181419,0.7501487918104988,0.7201761695036305,normal_flow,A2391077.csv
A2391077,2006-11-23,daytime,6,-0.7422461318379395,0.09109338067090238,-1.6999288440195628,0.0683394595980644,0.7981192715152958,0.7466849184620878,normal_flow,A2391077.csv
A2391077,2006-11-23,nighttime,6,0.9154428680073828,0.01042257497484649,2.7884797568524258,0.0683394595980644,0.7981192715152958,0.7466849184620878,normal_flow,A2391077.csv
A2391077,2006-11-24,daytime,6,-0.36920258476156753,0.47135922629334953,-1.3742418314170914,0.0642437413334846,0.8044280442804428,0.7495496567868905,normal_flow,A2391077.csv
A2391077,2006-11-24,nighttime,6,-0.7239990867081599,0.10375236385017056,-3.2036234673536494,0.0642437413334846,0.8044280442804428,0.7495496567868905,normal_flow,A2391077.csv
A2391077,2006-11-25,daytime,6,0.911583780498599,0.01138054809709407,1.4448241722405868,0.0888193696737289,0.7662778240685633,0.7387850652700075,normal_flow,A2391077.csv
A2391077,2006-11-25,nighttime,6,-0.5700455294765061,0.2375503963480208,-1.985131153708381,0.0888193696737289,0.7662778240685633,0.7387850652700075,normal_flow,A2391077.csv
A2391077,2006-11-26,daytime,6,0.9673407413045996,0.00158252314132201,2.35609228557657,0.0676802471280098,0.7995476728960837,0.7360115859223109,normal_flow,A2391077.csv
A2391077,2006-11-26,nighttime,6,0.9662306392592888,0.00169129980894652,3.3113452244633894,0.0676802471280098,0.7995476728960837,0.7360115859223109,normal_flow,A2391077.csv
A2391077,2006-11-27,daytime,6,0.9845819431368588,3.547421530693898e-4,1.7031511330079432,0.0567996464669704,0.8204380430901084,0.7398285918343055,normal_flow,A2391077.csv
A2391077,2006-11-27,nighttime,6,-0.4117181696021652,0.4173183001437191,-5.080789885633518,0.0567996464669704,0.8204380430901084,0.7398285918343055,normal_flow,A2391077.csv
A2391077,2006-11-28,daytime,6,0.07366624842097251,0.8897005102787857,0.6732377527083948,0.0546416006982327,0.8240685632662779,0.745748522001349,normal_flow,A2391077.csv
A2391077,2006-11-28,nighttime,6,0.9804373648714908,5.703017618700766e-4,9.40371212774309,0.0546416006982327,0.8240685632662779,0.745748522001349,normal_flow,A2391077.csv
A2391077,2006-11-29,daytime,6,0.8157301480117438,0.04780459125611745,2.9443948617794673,0.162948980927467,0.6614093560290442,0.7692655636233782,low_flow,A2391077.csv
A2391077,2006-11-29,nighttime,6,0.9531055426990358,0.00324707261933109,2.7417017303558375,0.162948980927467,0.6614093560290442,0.7692655636233782,low_flow,A2391077.csv
A2391077,2006-11-30,daytime,6,0.8292516703996553,0.04124340499497209,6.065580109894286,0.113445833325386,0.7312819902392572,0.7757330476530572,low_flow,A2391077.csv
A2391077,2006-11-30,nighttime,6,0.6751276325135619,0.14116923407036835,1.126569015530832,0.113445833325386,0.7312819902392572,0.7757330476530572,low_flow,A2391077.csv
A2391077,2006-12-01,daytime,6,0.9348670423702018,0.00622529641067478,0.9109376077298034,0.0966373831033707,0.7535412450898703,0.7789112407253105,low_flow,A2391077.csv
A2391077,2006-12-01,nighttime,6,0.31192327541072307,0.5472895506210198,1.740498592847069,0.0966373831033707,0.7535412450898703,0.7789112407253105,low_flow,A2391077.csv
A2391077,2006-12-02,daytime,6,0.7547602072624697,0.08283915993596597,5.928719241617918,0.194043561816216,0.6065349363171051,0.7812998452565171,low_flow,A2391077.csv
A2391077,2006-12-02,nighttime,6,0.15038991004304808,0.7761158286357341,0.0305136315715209,0.194043561816216,0.6065349363171051,0.7812998452565171,low_flow,A2391077.csv
A2391077,2006-12-03,daytime,6,-0.5041194222594255,0.3078784121405157,-2.2208015397642993,0.11173178255558,0.7338412093798358,0.7764393127802246,low_flow,A2391077.csv
A2391077,2006-12-03,nighttime,6,0.9728001602290716,0.00109968527916103,6.556660971640089,0.11173178255558,0.7338412093798358,0.7764393127802246,low_flow,A2391077.csv
A2391077,2006-12-04,daytime,6,0.8629987725266729,0.02686829343581753,16.522852955737484,0.0493201166391373,0.8334126889655993,0.7785819148514066,low_flow,A2391077.csv
A2391077,2006-12-04,nighttime,6,0.9641000124534922,0.00191007954333439,5.706435358958468,0.0493201166391373,0.8334126889655993,0.7785819148514066,low_flow,A2391077.csv
A2391077,2006-12-05,daytime,6,0.35187203605665357,0.4939752756931965,0.345005856641425,0.0544130764901638,0.8244256636114748,0.7813871364520096,low_flow,A2391077.csv
A2391077,2006-12-05,nighttime,6,0.8006181800522061,0.05566664146581874,1.1123202583901388,0.0544130764901638,0.8244256636114748,0.7813871364520096,low_flow,A2391077.csv
A2391077,2006-12-06,daytime,6,0.9488750311730496,0.00385382939476438,1.0654646233079244,0.0504346340894699,0.8315081537912153,0.7840772923858271,low_flow,A2391077.csv
A2391077,2006-12-06,nighttime,6,0.9962932357135325,2.058468655442587e-5,0.6635058544781185,0.0504346340894699,0.8315081537912153,0.7840772923858271,low_flow,A2391077.csv
A2391077,2006-12-07,daytime,6,0.963383316104936,0.00198662482230499,2.6041975596679694,0.0423518344759941,0.8471610522556838,0.7901916438519224,low_flow,A2391077.csv
A2391077,2006-12-07,nighttime,6,-0.8037582542755815,0.05398751860311058,-2.541243577705178,0.0423518344759941,0.8471610522556838,0.7901916438519224,low_flow,A2391077.csv
A2391077,2006-12-08,daytime,6,0.8744387967077389,0.02265864881480029,4.516807273190453,0.0431144870817661,0.8457921675990954,0.7981986271475618,low_flow,A2391077.csv
A2391077,2006-12-08,nighttime,6,0.6864273243338528,0.13207527512322031,6.222631169283721,0.0431144870817661,0.8457921675990954,0.7981986271475618,low_flow,A2391077.csv
A2391077,2006-12-09,daytime,6,0.9539468077493928,0.00313250774719873,2.738513694047807,0.0462580174207687,0.8402571122485418,0.8059477046383368,low_flow,A2391077.csv
A2391077,2006-12-09,nighttime,6,0.32821663071812496,0.5253538120156667,0.6043974495361324,0.0462580174207687,0.8402571122485418,0.8059477046383368,low_flow,A2391077.csv
A2391077,2006-12-10,daytime,6,-0.10161363616080812,0.8481041429752593,-0.5641182171809938,0.140339538455009,0.6933698369241756,0.8236836884497877,low_flow,A2391077.csv
A2391077,2006-12-10,nighttime,6,-0.313998289738596,0.5444818844560836,-1.195316598544397,0.140339538455009,0.6933698369241756,0.8236836884497877,low_flow,A2391077.csv
A2391077,2006-12-11,daytime,6,0.7038057543072955,0.11860383346988591,2.379917518597494,0.0503943599760532,0.8316867039638138,0.8330357497123358,low_flow,A2391077.csv
A2391077,2006-12-11,nighttime,6,-0.10621155966594754,0.8412817412488642,-0.30754960242410917,0.0503943599760532,0.8316867039638138,0.8330357497123358,low_flow,A2391077.csv
A2391077,2007-03-09,daytime,6,0.9972225140497528,1.1560928947755705e-5,0.8784791328101903,0.133016407489777,0.7025354124508987,0.772054914097528,low_flow,A2391077.csv
A2391077,2007-03-09,nighttime,6,0.9959837346982912,2.4163188503811673e-5,2.3143461738007676,0.133016407489777,0.7025354124508987,0.772054914097528,low_flow,A2391077.csv
A2391077,2007-03-10,daytime,6,0.9735818158744706,0.00103766178322613,1.079099538001042,0.107074432075024,0.7408046661111772,0.77738364480419,low_flow,A2391077.csv
A2391077,2007-03-10,nighttime,6,0.989615164540428,1.6120723599293636e-4,2.120656769753297,0.107074432075024,0.7408046661111772,0.77738364480419,low_flow,A2391077.csv
A2391077,2007-03-11,daytime,6,0.9656144758961483,0.0017532182943282,2.023552999507766,0.0707323625683784,0.7934174503035353,0.782184660556283,low_flow,A2391077.csv
A2391077,2007-03-11,nighttime,6,0.9854428047806936,3.1632547729302645e-4,2.995306641873805,0.0707323625683784,0.7934174503035353,0.782184660556283,low_flow,A2391077.csv
A2391077,2007-03-12,daytime,6,0.978864492858842,6.653437755440871e-4,1.1741520076005465,0.061784952878952,0.8134150696345673,0.7866484148712455,low_flow,A2391077.csv
A2391077,2007-03-12,nighttime,6,0.991562147284661,1.064956612564884e-4,0.8476966159228488,0.061784952878952,0.8134150696345673,0.7866484148712455,low_flow,A2391077.csv
A2391077,2007-03-13,daytime,6,0.9503244023114236,0.00364020614154885,0.5657994544840659,0.0587617047131062,0.8178193072253304,0.7910050390826489,low_flow,A2391077.csv
A2391077,2007-03-13,nighttime,6,0.9823595831173124,4.640317512340816e-4,0.5076857722900264,0.0587617047131062,0.8178193072253304,0.7910050390826489,low_flow,A2391077.csv
A2391077,2007-03-14,daytime,6,0.7120959707411549,0.1124010954125047,0.4658604867612075,0.0699884444475174,0.7952624687537198,0.7954648256159981,low_flow,A2391077.csv
A2391077,2007-03-14,nighttime,6,0.9880037191328516,2.150029350490104e-4,1.2974208845142068,0.0699884444475174,0.7952624687537198,0.7954648256159981,low_flow,A2391077.csv
A2391077,2007-03-15,daytime,6,0.9311040222183506,0.00695647088703506,1.8632614508250416,0.117990240454674,0.7256279014403048,0.797698686664286,low_flow,A2391077.csv
A2391077,2007-03-15,nighttime,6,0.989346833975401,1.696304059012234e-4,2.0283199446046,0.117990240454674,0.7256279014403048,0.797698686664286,low_flow,A2391077.csv
A2391077,2007-03-16,daytime,6,0.9997992687708628,6.043549549211956e-8,1.5176723549190367,0.0548662915825844,0.8230567789548863,0.7637543149625045,low_flow,A2391077.csv
A2391077,2007-03-16,nighttime,6,0.8057298553039134,0.05294536968518379,32.90613846009936,0.0548662915825844,0.8230567789548863,0.7637543149625045,low_flow,A2391077.csv
A2391077,2007-03-17,daytime,6,0.9780698441561534,7.161241490500218e-4,1.576770873204256,0.0503941550850868,0.8317462206880133,0.7705312859580209,low_flow,A2391077.csv
A2391077,2007-03-17,nighttime,6,0.9980416913942968,5.748703862839164e-6,2.7213524520603616,0.0503941550850868,0.8317462206880133,0.7705312859580209,low_flow,A2391077.csv
A2391077,2007-03-18,daytime,6,0.56341031759932525,0.24430652625473268,1.7501666256264168,0.0491154789924622,0.8337102725865968,0.7784192358052613,low_flow,A2391077.csv
A2391077,2007-03-18,nighttime,6,0.9738292608061128,0.0010183991159774,2.665737033573015,0.0491154789924622,0.8337102725865968,0.7784192358052613,low_flow,A2391077.csv
A2391077,2007-03-19,daytime,6,0.9882811401343125,2.0519282949111957e-4,1.9897607589228024,0.0473016314208508,0.8366265920723723,0.7833075427528469,low_flow,A2391077.csv
A2391077,2007-03-19,nighttime,6,0.973626102490218,0.00103420109439992,2.208046140842326,0.0473016314208508,0.8366265920723723,0.7833075427528469,low_flow,A2391077.csv
A2391077,2007-03-20,daytime,6,0.904128661008298,0.01334637868721002,0.7457258597760809,0.0459576770663261,0.8408522794905369,0.7802999642899655,low_flow,A2391077.csv
A2391077,2007-03-20,nighttime,6,0.9882526756697908,2.061888801795104e-4,10.494041312731891,0.0459576770663261,0.8408522794905369,0.7802999642899655,low_flow,A2391077.csv
A2391077,2007-03-21,daytime,6,0.9926058936077804,8.180708572468783e-5,2.002448278797634,0.0440294779837132,0.8447208665635043,0.7668253779311986,low_flow,A2391077.csv
A2391077,2007-03-21,nighttime,6,0.9987964305874344,2.171997263407806e-6,3.296657789352589,0.0440294779837132,0.8447208665635043,0.7668253779311986,low_flow,A2391077.csv
A2391077,2007-03-22,daytime,6,0.9935857794164616,6.158139088598026e-5,1.4888950990321874,0.0580766424536705,0.8189501249851208,0.7612704836725787,low_flow,A2391077.csv
A2391077,2007-03-22,nighttime,6,0.9781353030715322,7.118710848006518e-4,2.1750795958995015,0.0580766424536705,0.8189501249851208,0.7612704836725787,low_flow,A2391077.csv
A2391077,2007-03-23,daytime,6,-0.6760177921698793,0.140443395958111,-0.640293099937604,0.460112541913986,0.23776931317700273,0.7598777923263104,low_flow,A2391077.csv
A2391077,2007-03-23,nighttime,6,0.9769717907900928,7.893417176498888e-4,8.679657030667906,0.460112541913986,0.23776931317700273,0.7598777923263104,low_flow,A2391077.csv
A2391077,2007-03-24,daytime,6,0.634109174059913,0.17632212699836614,2.56283055870281,0.0643941909074783,0.8041899773836448,0.7582986152442169,low_flow,A2391077.csv
A2391077,2007-03-24,nighttime,6,-0.9859332394738074,2.9541890621207596e-4,-0.8589737576922936,0.0643941909074783,0.8041899773836448,0.7582986152442169,low_flow,A2391077.csv
A2391077,2007-03-25,daytime,6,-0.8359456091792765,0.03816309765022938,-1.8885103596525323,0.0387386903166771,0.8591239138197834,0.7605245407292782,low_flow,A2391077.csv
A2391077,2007-03-25,nighttime,6,0.9177107216214558,0.00987867603737903,0.8217461880019219,0.0387386903166771,0.8591239138197834,0.7605245407292782,low_flow,A2391077.csv
A2391077,2007-03-26,daytime,6,0.1842546728603519,0.7267456939251524,0.1047893421290876,0.0370631478726864,0.8667420545173193,0.7635003769392532,low_flow,A2391077.csv
A2391077,2007-03-26,nighttime,6,0.8864914969501052,0.0185950383895105,0.9623943999968666,0.0370631478726864,0.8667420545173193,0.7635003769392532,low_flow,A2391077.csv
A2391077,2007-03-27,daytime,6,0.5504200044068569,0.25774821595942465,0.2716933720485852,0.0871618688106537,0.7683013926913462,0.7663889219537356,low_flow,A2391077.csv
A2391077,2007-03-27,nighttime,6,0.9727869555953116,0.00110074837155528,2.0207968042031648,0.0871618688106537,0.7683013926913462,0.7663889219537356,low_flow,A2391077.csv
A2391077,2007-03-28,daytime,6,0.9866182081708936,2.674103743641659e-4,1.5188514414857803,0.189560160040855,0.6157005118438281,0.7667777645518391,low_flow,A2391077.csv
A2391077,2007-03-28,nighttime,6,0.8348207883347725,0.03867286894134927,1.6108405059723632,0.189560160040855,0.6157005118438281,0.7667777645518391,low_flow,A2391077.csv
A2391077,2007-03-29,daytime,6,0.9469612444317886,0.00414506247231241,1.6788371216714733,0.126246824860573,0.7119390548744197,0.7588779113597588,low_flow,A2391077.csv
A2391077,2007-03-29,nighttime,6,0.6141248187340871,0.19462114249397408,0.18006103065768583,0.126246824860573,0.7119390548744197,0.7588779113597588,low_flow,A2391077.csv
A2391077,2007-03-30,daytime,6,0.9971000706851036,1.2602191438763929e-5,1.019345359566227,0.131493046879768,0.7047375312462802,0.7610443201206205,low_flow,A2391077.csv
A2391077,2007-03-30,nighttime,6,-0.9204855333874588,0.00923245848964503,-0.06256675540893286,0.131493046879768,0.7047375312462802,0.7610443201206205,low_flow,A2391077.csv
A2391077,2007-03-31,daytime,6,0.99496052703021,3.803043976688036e-5,0.9858506299235372,0.0677386298775673,0.7993691227234853,0.8040828472800857,low_flow,A2391077.csv
A2391077,2007-03-31,nighttime,6,0.5119332120402598,0.2991827872708493,1.7295659360210862,0.0677386298775673,0.7993691227234853,0.8040828472800857,low_flow,A2391077.csv
A2391077,2007-04-01,daytime,6,0.28568179462224824,0.5831351375981499,0.9306031844960148,0.0374859608709812,0.8651351029639328,0.8094909336190136,low_flow,A2391077.csv
A2391077,2007-04-01,nighttime,6,0.986948390658799,2.5440512461754136e-4,2.418821050707323,0.0374859608709812,0.8651351029639328,0.8094909336190136,low_flow,A2391077.csv
A2391077,2007-04-02,daytime,6,0.7353980271380082,0.0957583578046891,0.3524953584350962,0.0350592434406281,0.8783478157362219,0.8112764353449986,low_flow,A2391077.csv
A2391077,2007-04-02,nighttime,6,0.961542302387368,0.00219005239676216,4.459138872096522,0.0350592434406281,0.8783478157362219,0.8112764353449986,low_flow,A2391077.csv
A2391077,2007-04-03,daytime,6,0.9725691416605744,0.00111835778189444,2.952877609004073,0.0346922390162945,0.8799547672896084,0.8126889655993333,low_flow,A2391077.csv
A2391077,2007-04-03,nighttime,6,0.9952959399600736,3.3140225143179e-5,5.797707317857207,0.0346922390162945,0.8799547672896084,0.8126889655993333,low_flow,A2391077.csv
A2391077,2007-04-04,daytime,6,0.9883548914942616,2.0262324001381853e-4,2.7687221017328865,0.0425717607140541,0.8466849184620878,0.8207316589294925,low_flow,A2391077.csv
A2391077,2007-04-04,nighttime,6,0.9889558282085592,1.8228704642111324e-4,1.5665630253735527,0.0425717607140541,0.8466849184620878,0.8207316589294925,low_flow,A2391077.csv
A2391077,2007-04-05,daytime,6,0.9718356114486376,0.00117867871555955,2.049612163373929,0.117532014846802,0.7262230686822997,0.8390151966035789,low_flow,A2391077.csv
A2391077,2007-04-05,nighttime,6,0.9953763909242358,3.201722012360862e-5,1.769700969632427,0.117532014846802,0.7262230686822997,0.8390151966035789,low_flow,A2391077.csv
A2391077,2007-04-06,daytime,6,0.9765363129019234,8.193580150971421e-4,2.1906564401830604,0.0406221635639668,0.8514462563980478,0.8494425266833313,low_flow,A2391077.csv
A2391077,2007-04-06,nighttime,6,0.9827957371604678,4.41433873631022e-4,2.780984533262589,0.0406221635639668,0.8514462563980478,0.8494425266833313,low_flow,A2391077.csv
A2391077,2007-04-07,daytime,6,0.9735935518935702,0.00103674413764134,1.1876704900336692,0.033880140632391,0.8833472205689799,0.8614291949371107,low_flow,A2391077.csv
A2391077,2007-04-07,nighttime,6,0.6102096607212661,0.198293071275504,1.2843750282373088,0.033880140632391,0.8833472205689799,0.8614291949371107,low_flow,A2391077.csv
A2391077,2007-04-08,daytime,6,0.935133161740881,0.00617508974344069,1.2105234339714488,0.03348608314991,0.8853112724675634,0.867583224219339,low_flow,A2391077.csv
A2391077,2007-04-08,nighttime,6,0.6558977264419473,0.15723761063824937,0.17009277369800666,0.03348608314991,0.8853112724675634,0.867583224219339,low_flow,A2391077.csv
A2391077,2007-04-09,daytime,6,0.9817921736705348,4.942692352034918e-4,1.42427376526834,0.0333562567830086,0.8859064397095584,0.8653295242629846,low_flow,A2391077.csv
A2391077,2007-04-09,nighttime,6,0.9758079037549336,8.708069779609984e-4,1.2170921830160848,0.0333562567830086,0.8859064397095584,0.8653295242629846,low_flow,A2391077.csv
A2391077,2007-04-10,daytime,6,0.9935183171516346,6.288216390144699e-5,1.150704200459549,0.0328846462070942,0.8879300083323414,0.8527794310201167,low_flow,A2391077.csv
A2391077,2007-04-10,nighttime,6,0.9983630381496738,4.017272911553769e-6,4.391685250500333,0.0328846462070942,0.8879300083323414,0.8527794310201167,low_flow,A2391077.csv
A2391077,2007-04-11,daytime,6,0.9219046044845164,0.00891018855643575,1.7628419884519948,0.032637283205986,0.8889417926437329,0.8415982224338372,low_flow,A2391077.csv
A2391077,2007-04-11,nighttime,6,0.9978034133304932,7.232190237333382e-6,2.559058522484742,0.032637283205986,0.8889417926437329,0.8415982224338372,low_flow,A2391077.csv
A2391077,2007-04-12,daytime,6,0.9800653533109814,5.921242919184948e-4,1.5419331240415868,0.0324040502309799,0.8899535769551243,0.8370273380153156,low_flow,A2391077.csv
A2391077,2007-04-12,nighttime,6,0.9977122677509892,7.844591591056e-6,1.3405577093584358,0.0324040502309799,0.8899535769551243,0.8370273380153156,low_flow,A2391077.csv
A2391077,2007-04-13,daytime,6,0.9492004444106332,0.00380534573639646,1.7821914013378186,0.0368019118905067,0.8683490060707059,0.8463317858985041,low_flow,A2391077.csv
A2391077,2007-04-13,nighttime,6,0.9807583583700622,5.517991387907093e-4,0.8785025641512889,0.0368019118905067,0.8683490060707059,0.8463317858985041,low_flow,A2391077.csv
A2391077,2007-04-14,daytime,6,0.9944924966240848,4.541536172320208e-5,2.218394716512978,0.0336404219269753,0.8845375550529699,0.848129190969329,low_flow,A2391077.csv
A2391077,2007-04-14,nighttime,6,0.8055866529490132,0.05302074741859005,9.91657013809466,0.0336404219269753,0.8845375550529699,0.848129190969329,low_flow,A2391077.csv
A2391077,2007-04-15,daytime,6,0.7100636805970242,0.11390813550684029,4.391450684593961,0.0317784324288368,0.8916795619569099,0.8477641550609054,low_flow,A2391077.csv
A2391077,2007-04-15,nighttime,6,0.9085865738882504,0.01215267747171673,3.225102501101423,0.0317784324288368,0.8916795619569099,0.8477641550609054,low_flow,A2391077.csv
A2391077,2007-04-16,daytime,6,0.8321810191361432,0.03988165487887109,3.0834353825801246,0.0505082793533802,0.8313296036186169,0.8488513272229496,low_flow,A2391077.csv
A2391077,2007-04-16,nighttime,6,0.9805135766762764,5.658813418334916e-4,5.322540425344571,0.0505082793533802,0.8313296036186169,0.8488513272229496,low_flow,A2391077.csv
A2391077,2007-04-17,daytime,6,0.9878092466122425,2.2201584107607995e-4,2.506048847551194,0.141881763935089,0.6900964170932032,0.8502083085346982,low_flow,A2391077.csv
A2391077,2007-04-17,nighttime,6,0.9607330736898412,0.00228256458278052,0.6629298202878602,0.141881763935089,0.6900964170932032,0.8502083085346982,low_flow,A2391077.csv
A2391077,2007-04-18,daytime,6,0.9815794466355592,5.058499778940192e-4,3.771098451876756,0.126159965991974,0.7122366384954172,0.8465777883585287,low_flow,A2391077.csv
A2391077,2007-04-18,nighttime,6,0.999379113111188,5.781311169358109e-7,2.642526020526703,0.126159965991974,0.7122366384954172,0.8465777883585287,low_flow,A2391077.csv
A2391077,2007-04-19,daytime,6,0.9874707074109564,2.3449131512111787e-4,1.984115657251634,0.0800914391875267,0.7781216521842638,0.8038170059119946,low_flow,A2391077.csv
A2391077,2007-04-19,nighttime,6,0.9977124186401626,7.843557227612665e-6,2.860664427231329,0.0800914391875267,0.7781216521842638,0.8038170059119946,low_flow,A2391077.csv
A2391077,2007-04-20,daytime,6,0.9531521628963812,0.00324067082312444,2.133573163266229,0.0372720807790756,0.8657897869301273,0.7581795817958179,low_flow,A2391077.csv
A2391077,2007-04-20,nighttime,6,0.9907999585660868,1.26571794318109e-4,8.057136856364412,0.0372720807790756,0.8657897869301273,0.7581795817958179,low_flow,A2391077.csv
A2391077,2007-04-21,daytime,6,0.7727980698534425,0.07156691231742743,2.007904896689204,0.0350529439747334,0.8784073324604214,0.7447526088164107,normal_flow,A2391077.csv
A2391077,2007-04-21,nighttime,6,0.8233673938397299,0.04404322914893505,17.81710300996245,0.0350529439747334,0.8784073324604214,0.7447526088164107,normal_flow,A2391077.csv
A2391077,2007-04-22,daytime,6,0.3417942136497636,0.5072734408535291,1.9235608124231467,0.0351715162396431,0.8778716819426259,0.7386263540054755,normal_flow,A2391077.csv
A2391077,2007-04-22,nighttime,6,0.9980907927236468,5.464129036722062e-6,2.6734423185985916,0.0351715162396431,0.8778716819426259,0.7386263540054755,normal_flow,A2391077.csv
A2391077,2007-04-23,daytime,6,0.9782568566010594,7.04006736480461e-4,2.278386905621731,0.0308210887014866,0.9016188548982264,0.737824862119589,normal_flow,A2391077.csv
A2391077,2007-04-23,nighttime,6,0.9982982498235208,4.341466399892057e-6,1.3745675901061345,0.0308210887014866,0.9016188548982264,0.737824862119589,normal_flow,A2391077.csv
A2391077,2007-04-24,daytime,6,0.8907007106771132,0.0172666390262949,0.93649620118523,0.0285974927246571,0.9062611593857874,0.7293457128119668,normal_flow,A2391077.csv
A2391077,2007-04-24,nighttime,6,0.9923826597585252,8.681481474266256e-5,1.0226295132041314,0.0285974927246571,0.9062611593857874,0.7293457128119668,normal_flow,A2391077.csv
A2391077,2007-04-25,daytime,6,0.9707328404002856,0.00127231531040358,2.886007699585434,0.0492407120764256,0.8334722056897989,0.7141927548307742,normal_flow,A2391077.csv
A2391077,2007-04-25,nighttime,6,0.9965435425089428,1.7900000262368867e-5,1.2390220075188354,0.0492407120764256,0.8334722056897989,0.7141927548307742,normal_flow,A2391077.csv
A2391077,2007-04-26,daytime,6,0.3682223311375201,0.4726297100431525,1.0965162189727022,0.438797861337662,0.24753005594572075,0.694127683212316,normal_flow,A2391077.csv
A2391077,2007-04-26,nighttime,6,0.9825116865589238,4.560873379486784e-4,1.4932144803519225,0.438797861337662,0.24753005594572075,0.694127683212316,normal_flow,A2391077.csv
A2391077,2007-04-27,daytime,6,0.855394658848272,0.02985415724172956,7.457932319963679,0.527408540248871,0.2053922152124747,0.6840098400984009,normal_flow,A2391077.csv
A2391077,2007-04-27,nighttime,6,-0.6380930782082261,0.1727642573683677,-0.358118352461409,0.527408540248871,0.2053922152124747,0.6840098400984009,normal_flow,A2391077.csv
A2391077,2007-04-28,daytime,6,0.984492626146991,3.5885336960881427e-4,2.6265068898882853,0.15812174975872,0.6669444113795977,0.6516684521683926,normal_flow,A2391077.csv
A2391077,2007-04-28,nighttime,6,0.9923954300486104,8.652434203964735e-5,6.407226734033862,0.15812174975872,0.6669444113795977,0.6516684521683926,normal_flow,A2391077.csv
A2391077,2007-04-29,daytime,6,0.9066624013836484,0.01266128671910375,2.080139674718004,0.0709941312670708,0.7926437328889417,0.6446930920922113,normal_flow,A2391077.csv
A2391077,2007-04-29,nighttime,6,0.4200056715980157,0.4070369933280767,2.5188396994642113,0.0709941312670708,0.7926437328889417,0.6446930920922113,normal_flow,A2391077.csv
A2391077,2007-04-30,daytime,6,0.7991028428752338,0.05648543035540476,4.738112167976937,0.0347410403192043,0.8796571836686109,0.6027020592786573,normal_flow,A2391077.csv
A2391077,2007-04-30,nighttime,6,0.9615975067595884,0.00218381016361284,6.527881094580332,0.0347410403192043,0.8796571836686109,0.6027020592786573,normal_flow,A2391077.csv
A2391077,2007-05-01,daytime,6,0.9957076573663124,2.7596766426540137e-5,1.419798154466125,0.132106825709343,0.7041423640042852,0.595913184938301,normal_flow,A2391077.csv
A2391077,2007-05-01,nighttime,6,0.980412451064363,5.717505122034014e-4,2.336018766894185,0.132106825709343,0.7041423640042852,0.595913184938301,normal_flow,A2391077.csv
A2391077,2007-05-02,daytime,6,0.9763560431918212,8.319461206023346e-4,1.9876880515062776,0.22921222448349,0.4628020473753125,0.5924770860611832,normal_flow,A2391077.csv
A2391077,2007-05-02,nighttime,6,0.9869452350011064,2.5452789227066463e-4,1.4409491411550397,0.22921222448349,0.4628020473753125,0.5924770860611832,normal_flow,A2391077.csv
A2391077,2007-05-03,daytime,6,0.4226257022564682,0.40380455990033864,0.760905572751439,0.244134962558746,0.4112605642185454,0.5921874380034123,normal_flow,A2391077.csv
A2391077,2007-05-03,nighttime,6,0.4913725216082316,0.3222614171420865,0.28270838369304646,0.244134962558746,0.4112605642185454,0.5921874380034123,normal_flow,A2391077.csv
A2391077,2007-05-04,daytime,6,0.9851401611358342,3.295815803478039e-4,1.1699845267277746,0.184893667697906,0.6263540054755387,0.628210927270563,normal_flow,A2391077.csv
A2391077,2007-05-04,nighttime,6,0.9817014292944238,4.99193009228994e-4,0.809773519000938,0.184893667697906,0.6263540054755387,0.628210927270563,normal_flow,A2391077.csv
A2391077,2007-05-05,daytime,6,0.4743499127143994,0.34184135548741623,0.1973731317104821,0.265709549188614,0.3806689679800024,0.6644328056183788,normal_flow,A2391077.csv
A2391077,2007-05-05,nighttime,6,0.21187380474699816,0.6869448543635485,2.876964747885562,0.265709549188614,0.3806689679800024,0.6644328056183788,normal_flow,A2391077.csv
A2391077,2007-05-06,daytime,6,0.985326959824889,3.2136762307661973e-4,2.983725355737952,0.0835418328642845,0.7737769313177003,0.666301630758243,normal_flow,A2391077.csv
A2391077,2007-05-06,nighttime,6,0.9667118265277682,0.00164371038566814,1.7934826343913273,0.0835418328642845,0.7737769313177003,0.666301630758243,normal_flow,A2391077.csv
A2391077,2007-05-07,daytime,6,0.7347611515407164,0.09619747521480423,0.7106846434499683,0.437723845243454,0.2480061897393167,0.660084116970202,normal_flow,A2391077.csv
A2391077,2007-05-07,nighttime,6,0.985351544536594,3.2029425856862316e-4,3.485151932536099,0.437723845243454,0.2480061897393167,0.660084116970202,normal_flow,A2391077.csv
A2391077,2007-05-08,daytime,6,0.8916355350004631,0.01697803168888785,3.001388967999248,0.0675904080271721,0.7997857397928818,0.6175256913859462,normal_flow,A2391077.csv
A2391077,2007-05-08,nighttime,6,0.9814423150984406,5.133859844365836e-4,1.0909457591262548,0.0675904080271721,0.7997857397928818,0.6175256913859462,normal_flow,A2391077.csv
A2391077,2007-05-09,daytime,6,0.7535719023309134,0.08360781517841574,5.638680978494889,0.0394960939884186,0.8547196762290203,0.6199857159861921,normal_flow,A2391077.csv
A2391077,2007-05-09,nighttime,6,0.9872547515271836,2.4262686021171912e-4,1.9937965407812648,0.0394960939884186,0.8547196762290203,0.6199857159861921,normal_flow,A2391077.csv
A2391077,2007-05-10,daytime,6,0.38218976236652585,0.4546283974125773,1.649156646845645,0.0518143177032471,0.8291274848232353,0.641157798674761,normal_flow,A2391077.csv
A2391077,2007-05-10,nighttime,6,0.3480352792306011,0.4990255864877281,1.490546829702032,0.0518143177032471,0.8291274848232353,0.641157798674761,normal_flow,A2391077.csv
A2391077,2007-05-11,daytime,6,0.8990235487085255,0.01477957531968624,2.635600821896577,0.0744369029998779,0.7878823949529817,0.6490616196484545,normal_flow,A2391077.csv
A2391077,2007-05-11,nighttime,6,-0.4428621596528084,0.3791353500995081,-6.053545350172948,0.0744369029998779,0.7878823949529817,0.6490616196484545,normal_flow,A2391077.csv
A2391077,2007-05-12,daytime,6,0.9972161888601532,1.1613619975886024e-5,1.7500865890396675,0.100772604346275,0.7487203904297107,0.6377613776137762,normal_flow,A2391077.csv
A2391077,2007-05-12,nighttime,6,0.9935187773303752,6.287324501877676e-5,3.1661540352871262,0.100772604346275,0.7487203904297107,0.6377613776137762,normal_flow,A2391077.csv
A2391077,2007-05-13,daytime,6,0.9966935104861282,1.638123464320737e-5,1.8640745090242217,0.139051303267479,0.6949767884775622,0.6149704400269809,normal_flow,A2391077.csv
A2391077,2007-05-13,nighttime,6,0.9967655990963732,1.567510570941045e-5,2.136775101867154,0.139051303267479,0.6949767884775622,0.6149704400269809,normal_flow,A2391077.csv
A2391077,2007-05-14,daytime,6,0.962531736563764,0.00207950584756541,1.9448764509429504,0.135272458195686,0.6993810260683252,0.5739554814902987,normal_flow,A2391077.csv
A2391077,2007-05-14,nighttime,6,0.5370019151452557,0.27192503218785424,7.542845713440607,0.135272458195686,0.6993810260683252,0.5739554814902987,normal_flow,A2391077.csv
A2391077,2007-05-15,daytime,6,0.954085233812638,0.00311385066221971,2.714722272454673,0.453098893165588,0.24128079990477325,0.5895210887592747,normal_flow,A2391077.csv
A2391077,2007-05-15,nighttime,6,0.9258877406692028,0.00803540497698299,2.3630656828432826,0.453098893165588,0.24128079990477325,0.5895210887592747,normal_flow,A2391077.csv
A2391077,2007-05-16,daytime,6,0.9812305532328828,5.251320337069756e-4,1.7759381524973192,0.106997683644295,0.7410427330079753,0.5467999841288735,normal_flow,A2391077.csv
A2391077,2007-05-16,nighttime,6,0.988645463089822,1.9265631794474595e-4,1.4297338909916222,0.106997683644295,0.7410427330079753,0.5467999841288735,normal_flow,A2391077.csv
A2391077,2007-05-17,daytime,6,0.9270674019649524,0.00778477556451144,2.4484227573654582,0.0783122107386589,0.7803832877038448,0.5066500019838908,normal_flow,A2391077.csv
A2391077,2007-05-17,nighttime,6,0.7425901852902249,0.09086175600732724,1.9246372290407572,0.0783122107386589,0.7803832877038448,0.5066500019838908,normal_flow,A2391077.csv
A2391077,2007-05-18,daytime,6,0.9228786872318828,0.0086921982288317,2.9239229543494747,0.217650502920151,0.5298178788239495,0.4681982303694005,normal_flow,A2391077.csv
A2391077,2007-05-18,nighttime,6,0.999013936354774,1.4580028832068993e-6,1.8229030012025629,0.217650502920151,0.5298178788239495,0.4681982303694005,normal_flow,A2391077.csv
A2391077,2007-05-19,daytime,6,-0.5300340591498213,0.27940176302028563,-0.3017857001747301,0.230383306741714,0.45685037495536246,0.4305479506407967,normal_flow,A2391077.csv
A2391077,2007-05-19,nighttime,6,0.9719598231171048,0.00116835396359371,1.5634190069057845,0.230383306741714,0.45685037495536246,0.4305479506407967,normal_flow,A2391077.csv
A2391077,2007-05-20,daytime,6,0.7530363474499693,0.083955282814183907,2.1985513077381813,1.21328520774841,0.03880490417807403,0.39024322501289527,normal_flow,A2391077.csv
A2391077,2007-05-20,nighttime,6,0.9639055795582536,0.00193069874535683,3.3332467323211934,1.21328520774841,0.03880490417807403,0.39024322501289527,normal_flow,A2391077.csv
A2391077,2007-05-21,daytime,6,-0.6775658588867087,0.13918492772638122,-0.8133870801142289,0.645807266235352,0.15855255326746817,0.3526207197555847,normal_flow,A2391077.csv
A2391077,2007-05-21,nighttime,6,0.7953060801984408,0.05856110444227296,0.46703822096609554,0.645807266235352,0.15855255326746817,0.3526207197555847,normal_flow,A2391077.csv
A2391077,2007-05-22,daytime,6,0.3376365706597481,0.5127901675190644,1.5238114645016512,0.225300043821335,0.4814902987739555,0.3098361306193707,normal_flow,A2391077.csv
A2391077,2007-05-22,nighttime,6,0.878128524034201,0.02137392738690034,0.17182267662726242,0.225300043821335,0.4814902987739555,0.3098361306193707,normal_flow,A2391077.csv
A2391077,2007-05-23,daytime,6,0.9258941822757816,0.00803402590057308,0.6139083413245239,0.64477527141571,0.15896917033686467,0.2990556679760346,normal_flow,A2391077.csv
A2391077,2007-05-23,nighttime,6,0.9547885454384664,0.00301990561926674,2.4129074441125047,0.64477527141571,0.15896917033686467,0.2990556679760346,normal_flow,A2391077.csv
A2391077,2007-05-24,daytime,6,-0.42831133566942303,0.3968199823098509,-0.11476046247947788,0.430087864398956,0.25246994405427925,0.2579375471174067,normal_flow,A2391077.csv
A2391077,2007-05-24,nighttime,6,0.8774882687621094,0.02159428953573597,2.5560954703836924,0.430087864398956,0.25246994405427925,0.2579375471174067,normal_flow,A2391077.csv
A2391077,2007-05-25,daytime,6,0.9927792853068248,7.801984160710252e-5,1.6309168601477406,0.430320352315903,0.2523509106058803,0.2124866087370551,high_flow,A2391077.csv
A2391077,2007-05-25,nighttime,6,0.959367111918441,0.00244300429978676,1.9929699061186703,0.430320352315903,0.2523509106058803,0.2124866087370551,high_flow,A2391077.csv
A2391077,2007-05-26,daytime,6,0.8324120175064893,0.03977518224337103,1.884795738287505,0.489816963672638,0.22312819902392572,0.17888346625401738,high_flow,A2391077.csv
A2391077,2007-05-26,nighttime,6,0.9429678058376356,0.00478625326957582,0.9006699922988021,0.489816963672638,0.22312819902392572,0.17888346625401738,high_flow,A2391077.csv
A2391077,2007-05-27,daytime,6,0.9473214875045896,0.00408944640564766,6.2553108410399405,0.687222480773926,0.14414950601118914,0.14951791453398405,high_flow,A2391077.csv
A2391077,2007-05-27,nighttime,6,0.9932484092360856,6.822208458316663e-5,0.7435681131776976,0.687222480773926,0.14414950601118914,0.14951791453398405,high_flow,A2391077.csv
A2391077,2007-05-28,daytime,6,0.9416033107226384,0.0050156885620022,0.45207669657088256,0.734970152378082,0.13063920961790262,0.14911320080942744,high_flow,A2391077.csv
A2391077,2007-05-28,nighttime,6,0.8139684198085602,0.04869255614206679,2.3155651862149917,0.734970152378082,0.13063920961790262,0.14911320080942744,high_flow,A2391077.csv
A2391077,2007-05-29,daytime,6,-0.6253704204075075,0.18423185375724893,-1.2463616187440358,1.06558048725128,0.05761218902511605,0.14124508987025355,high_flow,A2391077.csv
A2391077,2007-05-29,nighttime,6,0.1639432371190715,0.7562883270722511,0.34235346762072816,1.06558048725128,0.05761218902511605,0.14124508987025355,high_flow,A2391077.csv
A2391077,2007-05-30,daytime,6,0.878470322256651,0.02125672984517012,0.5718938765541376,0.934446096420288,0.07957386025473158,0.11166924572471532,high_flow,A2391077.csv
A2391077,2007-05-30,nighttime,6,-0.95413024918906,0.00310779530064277,-0.3098587830460618,0.934446096420288,0.07957386025473158,0.11166924572471532,high_flow,A2391077.csv
A2391077,2007-05-31,daytime,6,0.9076702469228431,0.01239362938621866,2.8758100805795475,0.753127872943878,0.12427092012855612,0.103888425981034,high_flow,A2391077.csv
A2391077,2007-05-31,nighttime,6,0.01716207137373722,0.9742594203692752,0.02388828704450407,0.753127872943878,0.12427092012855612,0.103888425981034,high_flow,A2391077.csv
A2391077,2007-06-01,daytime,6,0.8861072513088277,0.01871865409729072,1.1122413506011284,0.856848955154419,0.0986192119985716,0.0904733563464667,high_flow,A2391077.csv
A2391077,2007-06-01,nighttime,6,0.963223985068931,0.00200384358587618,0.7741579161457119,0.856848955154419,0.0986192119985716,0.0904733563464667,high_flow,A2391077.csv
A2391077,2007-06-02,daytime,6,0.9945865937366876,4.387813121054957e-5,1.9076453156990325,1.3728301525116,0.02577074157838352,0.07755425941356188,high_flow,A2391077.csv
A2391077,2007-06-02,nighttime,6,0.98075089596921206,5.522258429153512e-4,0.7516239587143947,1.3728301525116,0.02577074157838352,0.07755425941356188,high_flow,A2391077.csv
A2391077,2007-06-03,daytime,6,0.9764456521754415,8.256768900835482e-4,2.042254612862007,1.53320527076721,0.01636709915486251,0.06557552672300916,high_flow,A2391077.csv
A2391077,2007-06-03,nighttime,6,0.7700150506423327,0.07325730958689394,3.101643451685749,1.53320527076721,0.01636709915486251,0.06557552672300916,high_flow,A2391077.csv
A2391077,2007-06-04,daytime,6,0.7324271359119641,0.09781438500506244,2.5521091122104735,1.27611839771271,0.03273419830972503,0.06087767329286196,high_flow,A2391077.csv
A2391077,2007-06-04,nighttime,6,0.00818868574006721,0.9877172459343168,0.04461249396702866,1.27611839771271,0.03273419830972503,0.06087767329286196,high_flow,A2391077.csv
A2391077,2007-06-05,daytime,6,0.9679247122253546,0.00152673621442829,1.2459014791846243,1.1963357925415,0.04053088917985954,0.05847319763520216,high_flow,A2391077.csv
A2391077,2007-06-05,nighttime,6,-0.7510144330227805,0.08527293655941622,-6.5247291330267005,1.1963357925415,0.04053088917985954,0.05847319763520216,high_flow,A2391077.csv
A2391077,2007-06-06,daytime,6,0.2485952084306604,0.6347887267980059,0.18815730099400468,1.21727752685547,0.03785263659088204,0.06148077609808356,high_flow,A2391077.csv
A2391077,2007-06-06,nighttime,6,0.970128160912106,0.00132516243488854,1.1309314495715543,1.21727752685547,0.03785263659088204,0.06148077609808356,high_flow,A2391077.csv
A2391077,2007-06-07,daytime,6,-0.00317841333426013,0.9952323960532704,-0.00891013655037099,1.1797182559967,0.04225687418164504,0.06438519223901916,high_flow,A2391077.csv
A2391077,2007-06-07,nighttime,6,0.6818402100497414,0.135735511832195,1.7479727022968898,1.1797182559967,0.04225687418164504,0.06438519223901916,high_flow,A2391077.csv
A2391077,2007-06-08,daytime,6,-0.5459525305292414,0.26243564693846116,-1.0132348116147616,1.11028516292572,0.05124389953576955,0.06540491211363726,high_flow,A2391077.csv
A2391077,2007-06-08,nighttime,6,0.9710488978023806,0.00124511655831338,1.9258543218266233,1.11028516292572,0.05124389953576955,0.06540491211363726,high_flow,A2391077.csv
A2391077,2007-06-09,daytime,6,0.8408291430065924,0.03598671695573562,1.4034047140141992,1.05896890163422,0.05856445661230806,0.06888068880688807,high_flow,A2391077.csv
A2391077,2007-06-09,nighttime,6,0.982957743844748,4.331828786784469e-4,1.2034226838574298,1.05896890163422,0.05856445661230806,0.06888068880688807,high_flow,A2391077.csv
A2391077,2007-06-10,daytime,6,0.9727865179725492,0.00110078361285555,10.83829560801085,1.17020416259766,0.04344720866563504,0.07641550609054477,high_flow,A2391077.csv
A2391077,2007-06-10,nighttime,6,-0.37811595005133014,0.45985600965746865,-3.263877418134612,1.17020416259766,0.04344720866563504,0.07641550609054477,high_flow,A2391077.csv
A2391077,2007-06-11,daytime,6,0.6596564008256676,0.15403900792049566,2.2217900105394692,0.964824795722961,0.07368170455898107,0.08296631353410308,high_flow,A2391077.csv
A2391077,2007-06-11,nighttime,6,0.9227383151493268,0.00872345020644771,1.9436165960461895,0.964824795722961,0.07368170455898107,0.08296631353410308,high_flow,A2391077.csv
A2391077,2007-06-12,daytime,6,-0.01915212076030152,0.9712753313942102,-0.15126551760181878,0.873157501220703,0.0945720747530056,0.09217950244018568,high_flow,A2391077.csv
A2391077,2007-06-12,nighttime,6,0.9979042697295306,6.583525736716096e-6,1.1072176125396525,0.873157501220703,0.0945720747530056,0.09217950244018568,high_flow,A2391077.csv
A2391077,2007-06-13,daytime,6,0.9631492758452352,0.00201194260898528,2.0335269025486293,0.83935022354126,0.1027258659683371,0.100833234138793,high_flow,A2391077.csv
A2391077,2007-06-13,nighttime,6,0.955411766914904,0.00293784262662876,1.0292000077303585,0.83935022354126,0.1027258659683371,0.100833234138793,high_flow,A2391077.csv
A2391077,2007-06-14,daytime,6,0.744483243249074,0.0895920265983187,3.140420958262699,0.756172955036163,0.12314010236876562,0.11308177597905011,high_flow,A2391077.csv
A2391077,2007-06-14,nighttime,6,0.43434768495484977,0.3894500361057967,0.8441424621304947,0.756172955036163,0.12314010236876562,0.11308177597905011,high_flow,A2391077.csv
A2391077,2007-06-15,daytime,6,-0.03606859088138901,0.9459205752728056,-0.05612860804714154,0.704195201396942,0.13956671824782765,0.12660397571717652,high_flow,A2391077.csv
A2391077,2007-06-15,nighttime,6,0.1853036292654269,0.7252259817661972,0.6304818735010383,0.704195201396942,0.13956671824782765,0.12660397571717652,high_flow,A2391077.csv
A2391077,2007-06-16,daytime,6,0.9342751384311792,0.00633767841286999,52.42821310458354,0.667821764945984,0.15075586239733366,0.14044756576598025,high_flow,A2391077.csv
A2391077,2007-06-16,nighttime,6,-0.140607133716383,0.7904792266769688,-1.9322590391786316,0.667821764945984,0.15075586239733366,0.14044756576598025,high_flow,A2391077.csv
A2391077,2007-06-17,daytime,6,0.6548384696908566,0.15814405778571736,3.8967993770988096,0.706194519996643,0.13879300083323415,0.15452128714835536,high_flow,A2391077.csv
A2391077,2007-06-17,nighttime,6,0.6743264700940763,0.14182387592410062,0.12071099024503688,0.706194519996643,0.13879300083323415,0.15452128714835536,high_flow,A2391077.csv
A2391077,2007-06-18,daytime,6,0.47033944096723046,0.3465148935634216,0.4363718409897292,0.78870564699173,0.11462921080823713,0.15688608498988216,high_flow,A2391077.csv
A2391077,2007-06-18,nighttime,6,0.9469479784141857,0.00414711758334383,1.350304072962948,0.78870564699173,0.11462921080823713,0.15688608498988216,high_flow,A2391077.csv
A2391077,2007-06-19,daytime,6,0.9232898082020294,0.0086009815092315,1.283204468029471,0.612135648727417,0.17093203190096418,0.16484148712454866,high_flow,A2391077.csv
A2391077,2007-06-19,nighttime,6,0.7212062313470902,0.1057541907459794,0.408876839709054,0.612135648727417,0.17093203190096418,0.16484148712454866,high_flow,A2391077.csv
A2391077,2007-06-20,daytime,6,0.9119464973910464,0.01128877111832144,1.71941299316534,0.613664209842682,0.17033686465896916,0.17504265365234298,high_flow,A2391077.csv
A2391077,2007-06-20,nighttime,6,-0.34700007152499346,0.5003908671308918,-0.16179152838228564,0.613664209842682,0.17033686465896916,0.17504265365234298,high_flow,A2391077.csv
A2391077,2007-06-21,daytime,6,0.9399236604209058,0.00530533710738858,1.3861157310625387,0.493176519870758,0.2215807641947387,0.1851803356743245,high_flow,A2391077.csv
A2391077,2007-06-21,nighttime,6,0.7174683955814422,0.10845974466201996,0.4586507710819167,0.493176519870758,0.2215807641947387,0.1851803356743245,high_flow,A2391077.csv
A2391077,2007-06-22,daytime,6,-0.9876379459133856,2.2828598495135737e-4,-3.361938074905536,0.444480836391449,0.2450898702535413,0.1894337975637821,high_flow,A2391077.csv
A2391077,2007-06-22,nighttime,6,-0.13730620300191224,0.795335011965438,-0.8790825464513434,0.444480836391449,0.2450898702535413,0.1894337975637821,high_flow,A2391077.csv
A2391077,2007-06-23,daytime,6,0.8262003215940978,0.04268456725628476,2.084378379929905,0.417830377817154,0.25889775026782524,0.19810340038884255,high_flow,A2391077.csv
A2391077,2007-06-23,nighttime,6,0.9971033948784236,1.2573330121789324e-5,2.420543426799983,0.417830377817154,0.25889775026782524,0.19810340038884255,high_flow,A2391077.csv
A2391077,2007-06-24,daytime,6,0.02960569086481013,0.955604438351385,0.13465685445942177,0.397304475307465,0.26967027734793475,0.2049557592350117,high_flow,A2391077.csv
A2391077,2007-06-24,nighttime,6,0.8776656529464166,0.02153312959533832,0.4799059866410749,0.397304475307465,0.26967027734793475,0.2049557592350117,high_flow,A2391077.csv
A2391077,2007-06-25,daytime,6,0.932765198144556,0.00662880978528795,0.782524284283521,0.936525404453278,0.07891917628853708,0.2125619965877078,high_flow,A2391077.csv
A2391077,2007-06-25,nighttime,6,-0.502954056363066,0.3091832443175091,-0.11162956361045552,0.936525404453278,0.07891917628853708,0.2125619965877078,high_flow,A2391077.csv
A2391077,2007-06-26,daytime,6,0.967741043055518,0.00154417546935198,0.6080607996773593,0.556134104728699,0.1930127365789787,0.2156767051541483,high_flow,A2391077.csv
A2391077,2007-06-26,nighttime,6,-0.7696345454086748,0.0734898190801905,-3.1308499880097065,0.556134104728699,0.1930127365789787,0.2156767051541483,high_flow,A2391077.csv
A2391077,2007-06-27,daytime,6,0.9191359508448618,0.00954410688450317,0.440038402756519,0.438784718513489,0.24758957266992024,0.2053763440860215,high_flow,A2391077.csv
A2391077,2007-06-27,nighttime,6,0.9769978220365876,7.875650582131127e-4,1.7812301435304891,0.438784718513489,0.24758957266992024,0.2053763440860215,high_flow,A2391077.csv
A2391077,2007-06-28,daytime,6,0.7617798134057989,0.07836392426384085,1.3432356116446884,0.426232188940048,0.25479109629805974,0.2019323096456771,high_flow,A2391077.csv
A2391077,2007-06-28,nighttime,6,0.6907800374642133,0.12864213755054926,0.4587774713789263,0.426232188940048,0.25479109629805974,0.2019323096456771,high_flow,A2391077.csv
A2391077,2007-06-29,daytime,6,0.9513333892769448,0.0034950265495047,0.9209449901784368,0.568899273872375,0.18694203071062968,0.1908423600365036,high_flow,A2391077.csv
A2391077,2007-06-29,nighttime,6,0.9531696811286712,0.00323826685943422,2.1017265294300955,0.568899273872375,0.18694203071062968,0.1908423600365036,high_flow,A2391077.csv
A2391077,2007-06-30,daytime,6,0.488413801946452,0.325634375133715,0.7464200667407175,0.397448658943176,0.2696107606237353,0.17923263103598777,high_flow,A2391077.csv
A2391077,2007-06-30,nighttime,6,-0.4766310404528503,0.3391932797022419,-2.494573584446727,0.397448658943176,0.2696107606237353,0.17923263103598777,high_flow,A2391077.csv
A2391077,2007-07-01,daytime,6,0.9188379909595604,0.00961358946412107,0.909760161173566,0.428304642438889,0.25354124508987025,0.17082093401579176,high_flow,A2391077.csv
A2391077,2007-07-01,nighttime,6,-0.6422828318383298,0.16905533294061398,-4.0285484083933945,0.428304642438889,0.25354124508987025,0.17082093401579176,high_flow,A2391077.csv
A2391077,2007-07-02,daytime,6,0.8858309932658253,0.01880777164399214,1.8204997207682363,0.42922505736351,0.25288656112367575,0.16116335356901956,high_flow,A2391077.csv
A2391077,2007-07-02,nighttime,6,0.9889124958793828,1.8371761276412865e-4,1.0540765993814292,0.42922505736351,0.25288656112367575,0.16116335356901956,high_flow,A2391077.csv
A2391077,2007-07-03,daytime,6,0.8648725996319617,0.0261554478999931,2.5340677296205087,0.638710081577301,0.16134983930484467,0.15983017894695076,high_flow,A2391077.csv
A2391077,2007-07-03,nighttime,6,0.7354728888533483,0.09570680038936635,3.5443869238045576,0.638710081577301,0.16134983930484467,0.15983017894695076,high_flow,A2391077.csv
A2391077,2007-07-04,daytime,6,0.8688365215710442,0.02467752817671011,3.405044637624811,1.53259444236755,0.01642661587906201,0.15006943617823276,high_flow,A2391077.csv
A2391077,2007-07-04,nighttime,6,0.993062157294476,7.203352022405164e-5,4.744246245895466,1.53259444236755,0.01642661587906201,0.15006943617823276,high_flow,A2391077.csv
A2391077,2007-07-05,daytime,6,-0.7239313579157793,0.10380070944340657,-1.874068506604797,0.775481820106506,0.11867634805380312,0.14029282228306153,high_flow,A2391077.csv
A2391077,2007-07-05,nighttime,6,0.3220511767958227,0.5336243193936886,0.02768131580167951,0.775481820106506,0.11867634805380312,0.14029282228306153,high_flow,A2391077.csv
A2391077,2007-07-06,daytime,6,0.6611918120562277,0.1527404189714497,1.5340750965169707,1.08295273780823,0.05523152005713605,0.12937745506487322,high_flow,A2391077.csv
A2391077,2007-07-06,nighttime,6,4.488599450594336e-4,0.999326710127628,3.613982207967522e-4,1.08295273780823,0.05523152005713605,0.12937745506487322,high_flow,A2391077.csv
A2391077,2007-07-07,daytime,6,0.9924080059601982,8.623876515654039e-5,1.9910504544605552,0.979443192481995,0.07094393524580407,0.12124350275760824,high_flow,A2391077.csv
A2391077,2007-07-07,nighttime,6,-0.90189883363943,0.01396370335435725,-0.6063646386618182,0.979443192481995,0.07094393524580407,0.12124350275760824,high_flow,A2391077.csv
A2391077,2007-07-08,daytime,6,0.9623590650016716,0.00209859439038542,0.9335178901756428,0.726883172988892,0.1327222949648851,0.11020910209102092,high_flow,A2391077.csv
A2391077,2007-07-08,nighttime,6,0.6722590434954133,0.14351919625268114,8.390404838043787,0.726883172988892,0.1327222949648851,0.11020910209102092,high_flow,A2391077.csv
A2391077,2007-07-09,daytime,6,0.9160012546509269,0.01028734510935472,0.8931189368382869,0.751142263412476,0.12480657064635164,0.0941594254652224,high_flow,A2391077.csv
A2391077,2007-07-09,nighttime,6,0.9406165323881996,0.00518488952037792,0.47323287569755695,0.751142263412476,0.12480657064635164,0.0941594254652224,high_flow,A2391077.csv
A2391077,2007-07-10,daytime,6,0.7404719388765784,0.09229198955710702,3.2892197882177037,1.0571277141571,0.05892155695750506,0.07923659881760108,high_flow,A2391077.csv
A2391077,2007-07-10,nighttime,6,0.9876333213007604,2.2845646566689915e-4,3.444672475965794,1.0571277141571,0.05892155695750506,0.07923659881760108,high_flow,A2391077.csv
A2391077,2007-07-11,daytime,6,-0.16572595499998413,0.7536869068137675,-0.06660929738732613,1.15018653869629,0.04660159504820854,0.07443558306550807,high_flow,A2391077.csv
A2391077,2007-07-11,nighttime,6,0.9984077044474972,3.801089132627143e-6,4.400813437883311,1.15018653869629,0.04660159504820854,0.07443558306550807,high_flow,A2391077.csv
A2391077,2007-07-12,daytime,6,0.8885621546860342,0.01793565055272125,2.064695902286644,0.848807692527771,0.1009403642423521,0.07926834107050748,high_flow,A2391077.csv
A2391077,2007-07-12,nighttime,6,-0.9529205958554396,0.00327253039152318,-4.338194051508623,0.848807692527771,0.1009403642423521,0.07926834107050748,high_flow,A2391077.csv
A2391077,2007-07-13,daytime,6,0.8525039163989535,0.0310282463848089,3.2572958842721147,0.886455655097961,0.09106058802523508,0.07738761258580328,high_flow,A2391077.csv
A2391077,2007-07-13,nighttime,6,0.9730425531512696,0.00108026086947641,1.4076543104096986,0.886455655097961,0.09106058802523508,0.07738761258580328,high_flow,A2391077.csv
A2391077,2007-07-14,daytime,6,0.6770587914814474,0.13959660154929396,2.526209322289443,1.01661908626556,0.06493274610165456,0.08016109193349998,high_flow,A2391077.csv
A2391077,2007-07-14,nighttime,6,0.9554388863764472,0.00293429692876017,2.078237632654919,1.01661908626556,0.06493274610165456,0.08016109193349998,high_flow,A2391077.csv
A2391077,2007-07-15,daytime,6,0.96781925574897,0.00153673725661614,2.0911938815534232,0.83240795135498,0.1040947506249256,0.08233543625758838,high_flow,A2391077.csv
A2391077,2007-07-15,nighttime,6,0.9398744044234932,0.00531395122835837,0.4983292911488917,0.83240795135498,0.1040947506249256,0.08233543625758838,high_flow,A2391077.csv
A2391077,2007-07-16,daytime,6,-0.9228875280881232,0.00869023175581328,-0.3056502762529077,1.63337516784668,0.01279609570289251,0.08090306709518708,high_flow,A2391077.csv
A2391077,2007-07-16,nighttime,6,0.9155687763845894,0.01039200774077422,11.03451322336566,1.63337516784668,0.01279609570289251,0.08090306709518708,high_flow,A2391077.csv
A2391077,2007-07-17,daytime,6,-0.6196771439514227,0.1894622221979356,-1.17482323758982,1.31841433048248,0.02904416140935603,0.08120858627941117,high_flow,A2391077.csv
A2391077,2007-07-17,nighttime,6,0.5995514009741673,0.20843083613663835,1.6182788795753669,1.31841433048248,0.02904416140935603,0.08120858627941117,high_flow,A2391077.csv
A2391077,2007-07-18,daytime,6,0.7952423581030506,0.05859623496707197,2.1072060633790084,0.895089745521545,0.08933460302344959,0.08674364162996469,high_flow,A2391077.csv
A2391077,2007-07-18,nighttime,6,0.04119836086531704,0.9382374217926912,0.00870637769438297,0.895089745521545,0.08933460302344959,0.08674364162996469,high_flow,A2391077.csv
A2391077,2007-07-19,daytime,6,0.8655036649281119,0.02591742635564323,9.493801254315953,0.897885918617249,0.08891798595405309,0.08748164901003849,high_flow,A2391077.csv
A2391077,2007-07-19,nighttime,6,-0.7601291283389628,0.07940620329401554,-3.9355019323885214,0.897885918617249,0.08891798595405309,0.08748164901003849,high_flow,A2391077.csv
A2391077,2007-07-20,daytime,6,0.8382660552636759,0.03712149566003175,1.1473877306281506,0.889355480670929,0.09046542078324007,0.08867991905725509,high_flow,A2391077.csv
A2391077,2007-07-20,nighttime,6,0.9502026505445286,0.0036579208828454,0.4530900880386684,0.889355480670929,0.09046542078324007,0.08867991905725509,high_flow,A2391077.csv
A2391077,2007-07-21,daytime,6,0.9622550925071176,0.00211012989202482,0.811364374720852,0.864835023880005,0.0968337102725866,0.0906201642661588,high_flow,A2391077.csv
A2391077,2007-07-21,nighttime,6,0.2468399785572035,0.6372600090271832,0.30156695120492416,0.864835023880005,0.0968337102725866,0.0906201642661588,high_flow,A2391077.csv
A2391077,2007-07-22,daytime,6,0.7323739349342462,0.097851380123499,0.892949289119033,0.837078809738159,0.1035591001071301,0.0960242828234734,high_flow,A2391077.csv
A2391077,2007-07-22,nighttime,6,0.846717261394374,0.03344266213184428,0.7087438091578815,0.837078809738159,0.1035591001071301,0.0960242828234734,high_flow,A2391077.csv
A2391077,2007-07-23,daytime,6,0.9177025467307284,0.00988061121222994,0.7221263194988319,0.802565574645996,0.1112367575288656,0.1029877395548149,high_flow,A2391077.csv
A2391077,2007-07-23,nighttime,6,0.9930128181693868,7.306050531236988e-5,0.6250109187018668,0.802565574645996,0.1112367575288656,0.1029877395548149,high_flow,A2391077.csv
A2391077,2007-07-24,daytime,6,0.9510088523751026,0.00354140619447622,1.0326651295373517,0.739499270915985,0.1293893584097131,0.10904257429671071,high_flow,A2391077.csv
A2391077,2007-07-24,nighttime,6,0.8274321355473735,0.04209999492083128,0.8203828109105211,0.739499270915985,0.1293893584097131,0.10904257429671071,high_flow,A2391077.csv
A2391077,2007-07-25,daytime,6,0.9831892239326694,4.2152790689609695e-4,0.8925188072822005,0.695807993412018,0.14194738721580763,0.10916954330833632,high_flow,A2391077.csv
A2391077,2007-07-25,nighttime,6,0.9908028316772256,1.2649287313526572e-4,2.158891940131329,0.695807993412018,0.14194738721580763,0.10916954330833632,high_flow,A2391077.csv
A2391077,2007-07-26,daytime,6,0.7061749219591051,0.1168163385693867,0.3473565327422061,1.06520307064056,0.05767170574931556,0.1083164702614768,high_flow,A2391077.csv
A2391077,2007-07-26,nighttime,6,0.9799254125284702,6.004386736390312e-4,1.0462905569008294,1.06520307064056,0.05767170574931556,0.1083164702614768,high_flow,A2391077.csv
A2391077,2007-07-27,daytime,6,0.8800356774643293,0.02072392842629719,0.17702109510225242,0.773886024951935,0.11891441495060112,0.11182002142602072,high_flow,A2391077.csv
A2391077,2007-07-27,nighttime,6,-0.949281500477568,0.00379331601392436,-5.011912627776796,0.773886024951935,0.11891441495060112,0.11182002142602072,high_flow,A2391077.csv
A2391077,2007-07-28,daytime,6,0.7832209599845085,0.06539616307552791,0.8423300737834475,0.769013583660126,0.12016426615879064,0.11396659127881602,high_flow,A2391077.csv
A2391077,2007-07-28,nighttime,6,0.8893862048378973,0.0176764148595886,1.1435351712180477,0.769013583660126,0.12016426615879064,0.11396659127881602,high_flow,A2391077.csv
A2391077,2007-07-29,daytime,6,0.7206893867964375,0.10612650041655798,1.4023300259055562,0.68341189622879,0.14599452446137365,0.11754949807562592,high_flow,A2391077.csv
A2391077,2007-07-29,nighttime,6,0.9352942804935576,0.00614478927704164,1.389198214932871,0.68341189622879,0.14599452446137365,0.11754949807562592,high_flow,A2391077.csv
A2391077,2007-07-30,daytime,6,0.57356434263207,0.2339979534556288,0.4578653838104769,0.521027803421021,0.2085466015950482,0.12126730944728802,high_flow,A2391077.csv
A2391077,2007-07-30,nighttime,6,0.9125680512275324,0.01113233847988608,2.470019912603993,0.521027803421021,0.2085466015950482,0.12126730944728802,high_flow,A2391077.csv
A2391077,2007-07-31,daytime,6,0.4162647614768615,0.41166727737874814,0.11540562909470532,0.836369216442108,0.1036186168313296,0.11938261318097051,high_flow,A2391077.csv
A2391077,2007-07-31,nighttime,6,0.9861525849676896,2.862987274467169e-4,1.2671116050994855,0.836369216442108,0.1036186168313296,0.11938261318097051,high_flow,A2391077.csv
A2391077,2007-08-01,daytime,6,-0.41366365980738423,0.4148970814748736,-0.06671654698937737,1.29611968994141,0.03094869658374003,0.11544657382057692,high_flow,A2391077.csv
A2391077,2007-08-01,nighttime,6,0.977689142116933,7.411086824984305e-4,1.2303154226595128,1.29611968994141,0.03094869658374003,0.11544657382057692,high_flow,A2391077.csv
A2391077,2007-08-02,daytime,6,0.16989984743306888,0.7476023897939048,0.4385323697757174,0.94863098859787,0.07653850732055707,0.1132484228068087,high_flow,A2391077.csv
A2391077,2007-08-02,nighttime,6,0.2332479386878832,0.6564729724759564,0.41643582990511496,0.94863098859787,0.07653850732055707,0.1132484228068087,high_flow,A2391077.csv
A2391077,2007-08-03,daytime,6,0.24821871969849824,0.6353186124578389,1.0784288420730677,0.697195887565613,0.14147125342221165,0.11784708169662342,high_flow,A2391077.csv
A2391077,2007-08-03,nighttime,6,0.7876578913608693,0.06284659181774696,0.2466131664591576,0.697195887565613,0.14147125342221165,0.11784708169662342,high_flow,A2391077.csv
A2391077,2007-08-04,daytime,6,0.7136559515878714,0.11125027961489704,1.0567469497260686,0.759121239185333,0.12266396857516962,0.11877157481252232,high_flow,A2391077.csv
A2391077,2007-08-04,nighttime,6,0.8307631701010545,0.04053809201819987,0.6449440057699027,0.759121239185333,0.12266396857516962,0.11877157481252232,high_flow,A2391077.csv
A2391077,2007-08-05,daytime,6,0.968307390850265,0.00149071584346688,1.022175139692043,0.668344140052795,0.15057731222473514,0.12146173074633972,high_flow,A2391077.csv
A2391077,2007-08-05,nighttime,6,0.4121543253344266,0.4167750844180271,0.7856793298021489,0.668344140052795,0.15057731222473514,0.12146173074633972,high_flow,A2391077.csv
A2391077,2007-08-06,daytime,6,0.07632308261666812,0.8857376751792417,0.06606343101407071,0.644283771514893,0.15932627068206165,0.12404475657659804,high_flow,A2391077.csv
A2391077,2007-08-06,nighttime,6,0.6898219412556374,0.12939446027602308,0.6989885830121754,0.644283771514893,0.15932627068206165,0.12404475657659804,high_flow,A2391077.csv
A2391077,2007-08-07,daytime,6,-0.8767086516051268,0.02186407399529737,-0.31779675780017735,0.920378088951111,0.08296631353410308,0.12311232789747252,high_flow,A2391077.csv
A2391077,2007-08-07,nighttime,6,0.9938612533868524,5.6410648062456086e-5,1.2623072114246574,0.920378088951111,0.08296631353410308,0.12311232789747252,high_flow,A2391077.csv
A2391077,2007-08-08,daytime,6,0.1953034234523345,0.7107696357798721,0.03572970171951263,0.984301686286926,0.07034876800380907,0.12969090981232392,high_flow,A2391077.csv
A2391077,2007-08-08,nighttime,6,0.9843656440382206,3.647388525691074e-4,0.6601404649099137,0.984301686286926,0.07034876800380907,0.12969090981232392,high_flow,A2391077.csv
A2391077,2007-08-09,daytime,6,-0.2219710623171736,0.6725117915559375,-0.7168425813285986,0.812883615493774,0.1089751220092846,0.13696385350950285,high_flow,A2391077.csv
A2391077,2007-08-09,nighttime,6,-0.47590316116892745,0.34003744090939125,-0.5754762268838337,0.812883615493774,0.1089751220092846,0.13696385350950285,high_flow,A2391077.csv
A2391077,2007-08-10,daytime,6,0.07544168560907821,0.8870521577989876,0.0193624425373077,0.745315551757812,0.12665158909653612,0.14211006626195294,high_flow,A2391077.csv
A2391077,2007-08-10,nighttime,6,-0.09092864555657222,0.8639829315307248,-0.14799199231970347,0.745315551757812,0.12665158909653612,0.14211006626195294,high_flow,A2391077.csv
A2391077,2007-08-11,daytime,6,-0.8004537637140601,0.05575521472293272,-4.18662345659228,0.726880729198456,0.13278181168908462,0.14414157044796255,high_flow,A2391077.csv
A2391077,2007-08-11,nighttime,6,-0.00463038934858959,0.9930544656160598,-0.03151481202024533,0.726880729198456,0.13278181168908462,0.14414157044796255,high_flow,A2391077.csv
A2391077,2007-08-12,daytime,6,0.8631069281924488,0.02682690121722575,1.292772948720617,0.641303777694702,0.16051660516605165,0.15260088084751816,high_flow,A2391077.csv
A2391077,2007-08-12,nighttime,6,0.9923156880194912,8.8346101794014e-5,0.4619086195577606,0.641303777694702,0.16051660516605165,0.15260088084751816,high_flow,A2391077.csv
A2391077,2007-08-13,daytime,6,0.9383661540967864,0.00558103124189809,2.670349744705083,0.576667964458466,0.1847399119152482,0.16007618140697535,high_flow,A2391077.csv
A2391077,2007-08-13,nighttime,6,0.9375137198784974,0.00573481286490165,1.4915483294800618,0.576667964458466,0.1847399119152482,0.16007618140697535,high_flow,A2391077.csv
A2391077,2007-08-14,daytime,6,0.7382838970857567,0.09377981387086166,1.8939034172450755,0.552583396434784,0.1945601714081657,0.16766654763321823,high_flow,A2391077.csv
A2391077,2007-08-14,nighttime,6,0.962311634738364,0.00210385279449344,0.5751050419578084,0.552583396434784,0.1945601714081657,0.16766654763321823,high_flow,A2391077.csv
A2391077,2007-08-15,daytime,6,0.4759759585609349,0.33995297975162986,1.2917593333491375,0.53395688533783,0.2022973455541007,0.18117684402650475,high_flow,A2391077.csv
A2391077,2007-08-15,nighttime,6,0.9883731880054178,2.0198826348484948e-4,0.5241318579086245,0.53395688533783,0.2022973455541007,0.18117684402650475,high_flow,A2391077.csv
A2391077,2007-08-16,daytime,6,0.5983596404803575,0.2095771646333523,1.174232367570645,0.702534317970276,0.14004285204142364,0.1962821886283379,high_flow,A2391077.csv
A2391077,2007-08-16,nighttime,6,0.9937220802708008,5.89947006364706e-5,1.591746722532774,0.702534317970276,0.14004285204142364,0.1962821886283379,high_flow,A2391077.csv
A2391077,2007-08-17,daytime,6,0.9871521616954952,2.4654004691233524e-4,1.0892991410607544,0.659561038017273,0.15373169860730865,0.2096218704122525,high_flow,A2391077.csv
A2391077,2007-08-17,nighttime,6,0.29708108162865876,0.5674881451801715,1.953269618400106,0.659561038017273,0.15373169860730865,0.2096218704122525,high_flow,A2391077.csv
A2391077,2007-08-18,daytime,6,0.9778919565663196,7.277455513131247e-4,1.858956688074916,0.608243346214294,0.17194381621235566,0.2212157282863151,high_flow,A2391077.csv
A2391077,2007-08-18,nighttime,6,-0.34702570292971635,0.5003570497453937,-1.5848868905096705,0.608243346214294,0.17194381621235566,0.2212157282863151,high_flow,A2391077.csv
A2391077,2007-08-19,daytime,6,0.20528681125229076,0.6963954507928403,0.5712294675582841,0.43582421541214,0.24955362456850377,0.23423401975955244,high_flow,A2391077.csv
A2391077,2007-08-19,nighttime,6,-0.7364761180900609,0.09501706808027732,-3.8656634806934465,0.43582421541214,0.24955362456850377,0.23423401975955244,high_flow,A2391077.csv
A2391077,2007-08-20,daytime,6,-0.44711957353382353,0.3740137985891442,-3.6702605317724113,0.410250961780548,0.2627068206165933,0.24537951831131213,high_flow,A2391077.csv
A2391077,2007-08-20,nighttime,6,0.9978631530439452,6.844293826022919e-6,2.435325910647429,0.410250961780548,0.2627068206165933,0.24537951831131213,high_flow,A2391077.csv
A2391077,2007-08-21,daytime,6,0.6553957241329557,0.15766691850789472,2.19679393638906,0.391633450984955,0.27318176407570527,0.2563345633456334,normal_flow,A2391077.csv
A2391077,2007-08-21,nighttime,6,0.7448426904844316,0.08935183835456065,0.9543053613276204,0.391633450984955,0.27318176407570527,0.2563345633456334,normal_flow,A2391077.csv
A2391077,2007-08-22,daytime,6,0.8949395523148292,0.01597673377251599,0.8254723095918338,0.373186260461807,0.28562075943340076,0.26785303336904337,normal_flow,A2391077.csv
A2391077,2007-08-22,nighttime,6,0.9912752034886466,1.1385103644323244e-4,4.133855356501565,0.373186260461807,0.28562075943340076,0.26785303336904337,normal_flow,A2391077.csv
A2391077,2007-08-23,daytime,6,0.98612273695808,2.8753141354053336e-4,1.2636305009839108,0.356329143047333,0.2969289370313058,0.2757449509978971,normal_flow,A2391077.csv
A2391077,2007-08-23,nighttime,6,0.9991058505663756,1.198897376805591e-6,2.0292409431138525,0.356329143047333,0.2969289370313058,0.2757449509978971,normal_flow,A2391077.csv
A2391077,2007-08-24,daytime,6,0.9947944706406452,4.05757753572797e-5,1.626370542618455,0.3411003947258,0.3090703487680038,0.2903781295877475,normal_flow,A2391077.csv
A2391077,2007-08-24,nighttime,6,0.9904480464788076,1.364239648653336e-4,1.0402227413211893,0.3411003947258,0.3090703487680038,0.2903781295877475,normal_flow,A2391077.csv
A2391077,2007-08-25,daytime,6,0.9836828992273168,3.971994705298326e-4,1.6014064115654931,0.35138201713562,0.3005594572074753,0.3054715708447407,normal_flow,A2391077.csv
A2391077,2007-08-25,nighttime,6,0.8648122247624594,0.02617827391159016,1.077879265446056,0.35138201713562,0.3005594572074753,0.3054715708447407,normal_flow,A2391077.csv
A2391077,2007-08-26,daytime,6,0.9299354358373816,0.00719158974252093,1.1154749502682757,0.317875146865845,0.32805618378764434,0.3154941871999365,normal_flow,A2391077.csv
A2391077,2007-08-26,nighttime,6,0.6912168747419637,0.1282997524965747,4.9559731112907475,0.317875146865845,0.32805618378764434,0.3154941871999365,normal_flow,A2391077.csv
A2391077,2007-08-27,daytime,6,-0.9363108955164776,0.00595528192296959,-0.7699063670086242,0.318283379077911,0.3276990834424473,0.32656826568265684,normal_flow,A2391077.csv
A2391077,2007-08-27,nighttime,6,0.977913878876256,7.263083504278311e-4,0.8468725173700895,0.318283379077911,0.3276990834424473,0.32656826568265684,normal_flow,A2391077.csv
A2391077,2007-08-28,daytime,6,0.4155097703534073,0.4126038866012671,2.2985143325956297,0.293838143348694,0.3490655874300678,0.33906280998293853,normal_flow,A2391077.csv
A2391077,2007-08-28,nighttime,6,0.39226470511169326,0.4417821410116109,0.6627080693146274,0.293838143348694,0.3490655874300678,0.33906280998293853,normal_flow,A2391077.csv
A2391077,2007-08-29,daytime,6,0.9840708291773826,3.7858680282342984e-4,1.9489953725669864,0.277531504631042,0.3673372217593144,0.35284688330754277,normal_flow,A2391077.csv
A2391077,2007-08-29,nighttime,6,0.9979894691746434,6.059287781332915e-6,2.6303375269037463,0.277531504631042,0.3673372217593144,0.35284688330754277,normal_flow,A2391077.csv
A2391077,2007-08-30,daytime,6,0.35241205141773135,0.493265698783881,0.21868125204581723,0.325979650020599,0.3206761099869063,0.36755148196643256,normal_flow,A2391077.csv
A2391077,2007-08-30,nighttime,6,0.9814635557948836,5.122150867290919e-4,1.3600903911053388,0.325979650020599,0.3206761099869063,0.36755148196643256,normal_flow,A2391077.csv
A2391077,2007-08-31,daytime,6,-0.5947028232835151,0.21311046940126996,-1.4961426721705589,0.284202396869659,0.35954053088917987,0.3838550966154823,normal_flow,A2391077.csv
A2391077,2007-08-31,nighttime,6,0.36553243951290265,0.4761214598990565,0.11106840193688812,0.284202396869659,0.35954053088917987,0.3838550966154823,normal_flow,A2391077.csv
A2391077,2007-09-01,daytime,6,0.5007080284122034,0.3117038441919144,0.34885925152585295,0.266045689582825,0.38013331746220685,0.3955878268460104,normal_flow,A2391077.csv
A2391077,2007-09-01,nighttime,6,0.8514198528850475,0.03147405804512238,0.29886432656358175,0.266045689582825,0.38013331746220685,0.3955878268460104,normal_flow,A2391077.csv
A2391077,2007-09-02,daytime,6,0.3863259956885421,0.4493401540971007,0.4183648109515676,0.32440122961998,0.32228306154029285,0.3954449867079316,normal_flow,A2391077.csv
A2391077,2007-09-02,nighttime,6,0.9797124794024198,6.132002337101037e-4,1.0911170752549877,0.32440122961998,0.32228306154029285,0.3954449867079316,normal_flow,A2391077.csv
A2391077,2007-09-03,daytime,6,0.9834223734696108,4.099486394628835e-4,1.3855833080670996,0.242841705679893,0.4156648018093084,0.3909217156687696,normal_flow,A2391077.csv
A2391077,2007-09-03,nighttime,6,0.9832454826573734,4.187191645308931e-4,0.4832856879749423,0.242841705679893,0.4156648018093084,0.3909217156687696,normal_flow,A2391077.csv
A2391077,2007-09-04,daytime,6,0.9228233386884218,0.00870451433200702,1.5603298772436187,0.232116669416428,0.45012498512081894,0.4036860691187557,normal_flow,A2391077.csv
A2391077,2007-09-04,nighttime,6,0.9013426382732318,0.01411978291697007,1.3282642753073861,0.232116669416428,0.45012498512081894,0.4036860691187557,normal_flow,A2391077.csv
A2391077,2007-09-05,daytime,6,0.9961480078466278,2.22281876959983e-5,0.7425896383325282,0.225675120949745,0.4799428639447685,0.4190017061460937,normal_flow,A2391077.csv
A2391077,2007-09-05,nighttime,6,0.9810276575805836,5.365101201089958e-4,0.9964195241480088,0.225675120949745,0.4799428639447685,0.4190017061460937,normal_flow,A2391077.csv
A2391077,2007-09-06,daytime,6,0.9437735455183422,0.00465324372002159,0.7668443311269794,0.220746666193008,0.506189739316748,0.4127286434154664,normal_flow,A2391077.csv
A2391077,2007-09-06,nighttime,6,0.9895651062325188,1.6276239972768042e-4,1.283937276493544,0.220746666193008,0.506189739316748,0.4127286434154664,normal_flow,A2391077.csv
A2391077,2007-09-07,daytime,6,0.8738553170814803,0.02286508410602006,0.6350988095048632,0.215497136116028,0.5414831567670515,0.41785501725985,normal_flow,A2391077.csv
A2391077,2007-09-07,nighttime,6,0.98885215124421,1.8571910098014757e-4,1.1674618464614588,0.215497136116028,0.5414831567670515,0.41785501725985,normal_flow,A2391077.csv
A2391077,2007-09-08,daytime,6,0.9906865673189716,1.2970611874889114e-4,1.3021926339310654,0.224376812577248,0.4850613022259255,0.43311510534460185,normal_flow,A2391077.csv
A2391077,2007-09-08,nighttime,6,0.9936361746524244,6.061854761336874e-5,2.0845574649758007,0.224376812577248,0.4850613022259255,0.43311510534460185,normal_flow,A2391077.csv
A2391077,2007-09-09,daytime,6,0.420442449214144,0.40649752161377734,0.9738483420073148,0.354027181863785,0.2984168551362933,0.4268023647978415,normal_flow,A2391077.csv
A2391077,2007-09-09,nighttime,6,0.9567408172414044,0.0027665586544932,4.389853671141356,0.354027181863785,0.2984168551362933,0.4268023647978415,normal_flow,A2391077.csv
A2391077,2007-09-10,daytime,6,0.920980393327359,0.00911944426462467,0.7436958235517611,0.415076434612274,0.26020711820021425,0.44723644010633656,normal_flow,A2391077.csv
A2391077,2007-09-10,nighttime,6,0.4983508398306905,0.3143573427447866,2.1116831917950467,0.415076434612274,0.26020711820021425,0.44723644010633656,normal_flow,A2391077.csv
A2391077,2007-09-11,daytime,6,0.922533640527418,0.00876911603599029,2.2774385587256005,0.218959122896194,0.5191643851922391,0.4590247192794509,normal_flow,A2391077.csv
A2391077,2007-09-11,nighttime,6,0.9269930474516886,0.00780045860009897,1.3187693805550995,0.218959122896194,0.5191643851922391,0.4590247192794509,normal_flow,A2391077.csv
A2391077,2007-09-12,daytime,6,0.9994420007401448,4.669578907881286e-7,1.2309247022713443,0.20488353073597,0.578800142840138,0.4514779986509543,normal_flow,A2391077.csv
A2391077,2007-09-12,nighttime,6,0.6335709215897584,0.17680513870063955,2.817184942835109,0.20488353073597,0.578800142840138,0.4514779986509543,normal_flow,A2391077.csv
A2391077,2007-09-13,daytime,6,0.9613593983360842,0.00221079707966003,0.7750592362521996,0.391597658395767,0.2732412807999048,0.4613657104312978,normal_flow,A2391077.csv
A2391077,2007-09-13,nighttime,6,0.9982642531592246,4.516610899015111e-6,0.8303352051449406,0.391597658395767,0.2732412807999048,0.4613657104312978,normal_flow,A2391077.csv
A2391077,2007-09-14,daytime,6,0.8656895107699475,0.02584752716681975,2.8504594586493694,0.251525074243546,0.3975717176526604,0.4686505574733167,normal_flow,A2391077.csv
A2391077,2007-09-14,nighttime,6,0.9907369161564082,1.2830967527172673e-4,0.5848871322554593,0.251525074243546,0.3975717176526604,0.4686505574733167,normal_flow,A2391077.csv
A2391077,2007-09-15,daytime,6,0.9414784251508131,0.00503695047910165,1.372255855901931,0.201643273234367,0.5884418521604571,0.47363409117962146,normal_flow,A2391077.csv
A2391077,2007-09-15,nighttime,6,0.9888554931651456,1.856079748321162e-4,2.340842849263326,0.201643273234367,0.5884418521604571,0.47363409117962146,normal_flow,A2391077.csv
A2391077,2007-09-16,daytime,6,-0.2534417736081281,0.6279769684259491,-0.23680595569546503,0.373322814702988,0.28544220926080227,0.4823989207634012,normal_flow,A2391077.csv
A2391077,2007-09-16,nighttime,6,0.9858599631290522,2.9849738003767104e-4,0.950967543477849,0.373322814702988,0.28544220926080227,0.4823989207634012,normal_flow,A2391077.csv
A2391077,2007-09-17,daytime,6,0.9624236266509948,0.00209144713523998,1.2750646408885835,0.183975011110306,0.6287941911677182,0.5035630678887434,normal_flow,A2391077.csv
A2391077,2007-09-17,nighttime,6,0.981847339702818,4.912877898745228e-4,0.1877212065885681,0.183975011110306,0.6287941911677182,0.5035630678887434,normal_flow,A2391077.csv
A2391077,2007-09-18,daytime,6,0.06584244352056047,0.9013790557007476,0.00860640136710744,0.200099647045135,0.5924889894060231,0.5074792683410705,normal_flow,A2391077.csv
A2391077,2007-09-18,nighttime,6,0.9835250305495956,4.0490107143959533e-4,1.4676979059442512,0.200099647045135,0.5924889894060231,0.5074792683410705,normal_flow,A2391077.csv
A2391077,2007-09-19,daytime,6,0.9270721333135852,0.00778377813722498,0.6980532569711547,0.306325435638428,0.33692417569336985,0.48575169622663966,normal_flow,A2391077.csv
A2391077,2007-09-19,nighttime,6,-0.5958706088794641,0.21197952695271555,-1.5149649887502683,0.306325435638428,0.33692417569336985,0.48575169622663966,normal_flow,A2391077.csv
A2391077,2007-09-20,daytime,6,0.5631106040997745,0.24461346478836044,0.48733045087948906,0.184165343642235,0.6282585406499226,0.4639090584454232,normal_flow,A2391077.csv
A2391077,2007-09-20,nighttime,6,0.9543148672240356,0.00308302159855905,0.621655616325802,0.184165343642235,0.6282585406499226,0.4639090584454232,normal_flow,A2391077.csv
A2391077,2007-09-21,daytime,6,0.9698990593086846,0.00134546321679957,1.1395885709523697,0.189769342541695,0.6154624449470301,0.46428202991707335,normal_flow,A2391077.csv
A2391077,2007-09-21,nighttime,6,0.9701777523445148,0.00132078822949554,1.3456358230287648,0.189769342541695,0.6154624449470301,0.46428202991707335,normal_flow,A2391077.csv
A2391077,2007-09-22,daytime,6,0.9842637578008284,3.694956003603113e-4,1.2445453621256746,0.189154908061028,0.6162361623616236,0.46623814625243026,normal_flow,A2391077.csv
A2391077,2007-09-22,nighttime,6,0.9986578426701862,2.7008705750474435e-6,0.7958935523522067,0.189154908061028,0.6162361623616236,0.46623814625243026,normal_flow,A2391077.csv
A2391077,2007-09-23,daytime,6,0.9844369276298652,3.614290725748571e-4,0.7312425617664082,0.18896047770977,0.6165337459826211,0.4575645756457565,normal_flow,A2391077.csv
A2391077,2007-09-23,nighttime,6,0.960956285905748,0.00225685806987378,1.0697405663979338,0.18896047770977,0.6165337459826211,0.4575645756457565,normal_flow,A2391077.csv
A2391077,2007-09-24,daytime,6,0.8573468144316989,0.02907340576239077,1.1999343501510942,0.189469411969185,0.6158790620164266,0.478494623655914,normal_flow,A2391077.csv
A2391077,2007-09-24,nighttime,6,0.968952493617715,0.00143095739338955,0.8102105379847347,0.189469411969185,0.6158790620164266,0.478494623655914,normal_flow,A2391077.csv
A2391077,2007-09-25,daytime,6,0.9530611057652352,0.00325318039879985,0.7485182071179067,0.32851767539978,0.3189501249851208,0.4749593302384637,normal_flow,A2391077.csv
A2391077,2007-09-25,nighttime,6,0.9957157675114662,2.749265423404062e-5,0.844460484328918,0.32851767539978,0.3189501249851208,0.4749593302384637,normal_flow,A2391077.csv
A2391077,2007-09-26,daytime,6,0.9911835059808056,1.162531946471297e-4,1.16758057477414,0.555615484714508,0.1932508034757767,0.4636392492957187,normal_flow,A2391077.csv
A2391077,2007-09-26,nighttime,6,0.5109801705803264,0.300238393114057,3.358023410938661,0.555615484714508,0.1932508034757767,0.4636392492957187,normal_flow,A2391077.csv
A2391077,2007-09-27,daytime,6,-0.8917297177675693,0.0169490843197217,-0.5464278996706484,0.43304854631424,0.25116057612189024,0.47996667063444826,normal_flow,A2391077.csv
A2391077,2007-09-27,nighttime,6,0.8105120355937587,0.0504566850553283,1.98652091161159,0.43304854631424,0.25116057612189024,0.47996667063444826,normal_flow,A2391077.csv
A2391077,2007-09-28,daytime,6,-0.4074714093677281,0.4226197259057764,-0.11390252741085448,0.383842170238495,0.2788358528746578,0.4659762726659525,normal_flow,A2391077.csv
A2391077,2007-09-28,nighttime,6,-0.9944120715282186,4.675017553012108e-5,-0.3235558013650527,0.383842170238495,0.2788358528746578,0.4659762726659525,normal_flow,A2391077.csv
A2391077,2007-09-29,daytime,6,-0.5074141753709995,0.3042004839835463,-0.3637441151580357,0.238691464066505,0.42691346268301394,0.46523429750426537,normal_flow,A2391077.csv
A2391077,2007-09-29,nighttime,6,0.6977107286888294,0.123256789355574,0.16730048458107533,0.238691464066505,0.42691346268301394,0.46523429750426537,normal_flow,A2391077.csv
A2391077,2007-09-30,daytime,6,0.8484070487161358,0.03272879925544223,1.549298889162237,0.229948252439499,0.4583382930603499,0.4558862040233306,normal_flow,A2391077.csv
A2391077,2007-09-30,nighttime,6,-0.9748410262183116,9.414984549674864e-4,-0.5778575793224521,0.229948252439499,0.4583382930603499,0.4558862040233306,normal_flow,A2391077.csv
A2391077,2007-10-01,daytime,6,0.9528721140429768,0.00327922004798823,0.35036322056464547,0.196504324674606,0.5993929294131651,0.45471570844740705,normal_flow,A2391077.csv
A2391077,2007-10-01,nighttime,6,-0.943507767695405,0.00469691459315964,-0.9035517024187028,0.196504324674606,0.5993929294131651,0.45471570844740705,normal_flow,A2391077.csv
A2391077,2007-10-02,daytime,6,0.9589448546946276,0.00249368769807472,0.30123757759968867,0.206058546900749,0.5757647899059636,0.45397770106733326,normal_flow,A2391077.csv
A2391077,2007-10-02,nighttime,6,0.4924987740462857,0.3209808694500783,0.15489417182245602,0.206058546900749,0.5757647899059636,0.45397770106733326,normal_flow,A2391077.csv
A2391077,2007-10-03,daytime,6,-0.9630847582495616,0.00201894976290004,-0.44969514096239566,0.240249738097191,0.4226877752648494,0.4709240963377376,normal_flow,A2391077.csv
A2391077,2007-10-03,nighttime,6,0.7794895175299893,0.06757616222942242,1.24670552297898,0.240249738097191,0.4226877752648494,0.4709240963377376,normal_flow,A2391077.csv
A2391077,2007-10-04,daytime,6,-0.6886440123430059,0.1303220047107341,-0.4784196245296462,0.20410118997097,0.5818354957743126,0.4901519660357894,normal_flow,A2391077.csv
A2391077,2007-10-04,nighttime,6,0.08803822049708795,0.8682838494165166,0.06748433348666556,0.20410118997097,0.5818354957743126,0.4901519660357894,normal_flow,A2391077.csv
A2391077,2007-10-05,daytime,6,0.99189560904515,9.825557625345828e-5,0.899392512207403,0.241861641407013,0.4184025711224854,0.5072451692258858,normal_flow,A2391077.csv
A2391077,2007-10-05,nighttime,6,-0.82581621910183,0.04286761724777514,-0.940125090983608,0.241861641407013,0.4184025711224854,0.5072451692258858,normal_flow,A2391077.csv
A2391077,2007-10-06,daytime,6,0.9660811223595266,0.00170622372139975,1.5894065113786604,0.194769099354744,0.6043328175217236,0.5231361345871524,normal_flow,A2391077.csv
A2391077,2007-10-06,nighttime,6,0.9880841798792268,2.121342093255697e-4,0.8859595845968083,0.194769099354744,0.6043328175217236,0.5231361345871524,normal_flow,A2391077.csv
A2391077,2007-10-07,daytime,6,0.9041489663620992,0.01334081909132278,1.066785571490828,0.226354241371155,0.4760147601476014,0.5339364361385549,normal_flow,A2391077.csv
A2391077,2007-10-07,nighttime,6,0.977980958519637,7.21919445487654e-4,1.5302784924713162,0.226354241371155,0.4760147601476014,0.5339364361385549,normal_flow,A2391077.csv
A2391077,2007-10-08,daytime,6,0.9789353198798464,6.609077050309943e-4,1.4163833684568243,0.196671828627586,0.5989763123437686,0.5421299051700195,normal_flow,A2391077.csv
A2391077,2007-10-08,nighttime,6,0.9994977243531644,3.783578808487346e-7,1.9993308861265389,0.196671828627586,0.5989763123437686,0.5421299051700195,normal_flow,A2391077.csv
A2391077,2007-10-09,daytime,6,0.7771709397992576,0.0689471428311037,0.8567253533867714,0.194589763879776,0.6048089513153196,0.54047137245566,normal_flow,A2391077.csv
A2391077,2007-10-09,nighttime,6,0.9687863224261716,0.00144623485732174,1.580227817059769,0.194589763879776,0.6048089513153196,0.54047137245566,normal_flow,A2391077.csv
A2391077,2007-10-10,daytime,6,0.7489871985250361,0.08660330443617709,0.24858448151194776,0.206865608692169,0.5731460540411856,0.5402094988691822,normal_flow,A2391077.csv
A2391077,2007-10-10,nighttime,6,0.992484254025253,8.451738747754062e-5,1.2884774418242728,0.206865608692169,0.5731460540411856,0.5402094988691822,normal_flow,A2391077.csv
A2391077,2007-10-11,daytime,6,0.979162820149988,6.467584687624088e-4,1.674068735847416,0.225222632288933,0.481668848946554,0.5486608737055112,normal_flow,A2391077.csv
A2391077,2007-10-11,nighttime,6,0.969142800756157,0.00141355951827673,2.0802959534301197,0.225222632288933,0.481668848946554,0.5486608737055112,normal_flow,A2391077.csv
A2391077,2007-10-12,daytime,6,0.8756408051374135,0.02223619352892704,0.8299517388603788,0.220540255308151,0.5075586239733365,0.5479744474864103,normal_flow,A2391077.csv
A2391077,2007-10-12,nighttime,6,0.9867099554793762,2.637642461005805e-4,0.794098799047333,0.220540255308151,0.5075586239733365,0.5479744474864103,normal_flow,A2391077.csv
A2391077,2007-10-13,daytime,6,0.9994678488335946,4.24701947282088e-7,1.1241606907327295,0.219174802303314,0.5172003332936556,0.5579216759909534,normal_flow,A2391077.csv
A2391077,2007-10-13,nighttime,6,0.8085440220701005,0.05147414031605024,2.343128072703264,0.219174802303314,0.5172003332936556,0.5579216759909534,normal_flow,A2391077.csv
A2391077,2007-10-14,daytime,6,0.8261182412125697,0.04272365321673242,0.9317949915145672,0.201467633247375,0.5889179859540531,0.5605919930167044,normal_flow,A2391077.csv
A2391077,2007-10-14,nighttime,6,0.9889126559877413,1.8371231671974463e-4,1.2899737984501447,0.201467633247375,0.5889179859540531,0.5605919930167044,normal_flow,A2391077.csv
A2391077,2007-10-15,daytime,6,0.9358775100895876,0.0060357145491752,0.6781492081151355,0.204231768846512,0.5812403285323176,0.5441137959766694,normal_flow,A2391077.csv
A2391077,2007-10-15,nighttime,6,0.7449427346327818,0.08928503864971558,0.16920742819653137,0.204231768846512,0.5812403285323176,0.5441137959766694,normal_flow,A2391077.csv
A2391077,2007-10-16,daytime,6,0.7412769215426706,0.09174729196894728,2.8455614769305866,0.206357136368752,0.574514938697774,0.5456771019323097,normal_flow,A2391077.csv
A2391077,2007-10-16,nighttime,6,0.97083982506734,0.00126307602438631,0.54523421894478,0.206357136368752,0.574514938697774,0.5456771019323097,normal_flow,A2391077.csv
A2391077,2007-10-17,daytime,6,0.9578162804233114,0.00263166704445498,1.391753853769565,0.207227736711502,0.5718366861087966,0.5426655556878149,normal_flow,A2391077.csv
A2391077,2007-10-17,nighttime,6,0.9920600928043872,9.431291509639668e-5,1.5122132771547807,0.207227736711502,0.5718366861087966,0.5426655556878149,normal_flow,A2391077.csv
A2391077,2007-10-18,daytime,6,0.7814596277781353,0.06642110889850476,0.9690680489815772,0.21387991309166,0.5494583978097846,0.5414038011347856,normal_flow,A2391077.csv
A2391077,2007-10-18,nighttime,6,0.949043228955481,0.00382873178777668,1.01874437785206,0.21387991309166,0.5494583978097846,0.5414038011347856,normal_flow,A2391077.csv
A2391077,2007-10-19,daytime,6,0.9818917428933734,4.888945331421216e-4,1.4375123010839157,0.207344770431519,0.571539102487799,0.5480061897393167,normal_flow,A2391077.csv
A2391077,2007-10-19,nighttime,6,0.9622029855743124,0.00211592277160005,1.354120974853002,0.207344770431519,0.571539102487799,0.5480061897393167,normal_flow,A2391077.csv
A2391077,2007-10-20,daytime,6,0.8620285203249803,0.02724097234881088,0.7240030892308189,0.208513811230659,0.567610998690632,0.5220132523905884,normal_flow,A2391077.csv
A2391077,2007-10-20,nighttime,6,0.9963116763518816,2.0380509517914888e-5,1.5957185971302437,0.208513811230659,0.567610998690632,0.5220132523905884,normal_flow,A2391077.csv
A2391077,2007-10-21,daytime,6,0.978033352032342,7.185006112887263e-4,1.2997541577793197,0.174170553684235,0.6443875729079871,0.5005237471729556,normal_flow,A2391077.csv
A2391077,2007-10-21,nighttime,6,0.9811252866515544,5.310201023268599e-4,4.0318952389856815,0.174170553684235,0.6443875729079871,0.5005237471729556,normal_flow,A2391077.csv
A2391077,2007-10-22,daytime,6,0.929791250812032,0.00722086380722522,2.5357839804118374,0.477721005678177,0.22884180454707773,0.4837201920406301,normal_flow,A2391077.csv
A2391077,2007-10-22,nighttime,6,0.9618967122753124,0.00215013047328667,3.899966982523717,0.477721005678177,0.22884180454707773,0.4837201920406301,normal_flow,A2391077.csv
A2391077,2007-10-23,daytime,6,0.9829357870779368,4.342966023960222e-4,1.0776814383860205,0.186682119965553,0.6224259016783716,0.4846922985358886,normal_flow,A2391077.csv
A2391077,2007-10-23,nighttime,6,0.9938164548755416,5.72361277315762e-5,0.7963637071295575,0.186682119965553,0.6224259016783716,0.4846922985358886,normal_flow,A2391077.csv
A2391077,2007-10-24,daytime,6,0.998688311689298,2.5796609395798495e-6,0.8665842003094896,0.210861593484879,0.5596357576478991,0.4874261000674523,normal_flow,A2391077.csv
A2391077,2007-10-24,nighttime,6,0.964663534503295,0.00185093697282997,1.1636421140083448,0.210861593484879,0.5596357576478991,0.4874261000674523,normal_flow,A2391077.csv
A2391077,2007-10-25,daytime,6,0.975587328276717,8.866930967694383e-4,0.930412055470582,0.212693333625793,0.5542197357457446,0.4522120382494147,normal_flow,A2391077.csv
A2391077,2007-10-25,nighttime,6,0.9989338629415276,1.704366429773312e-6,1.4809830717337762,0.212693333625793,0.5542197357457446,0.4522120382494147,normal_flow,A2391077.csv
A2391077,2007-10-26,daytime,6,0.9541593112463556,0.00310388902280528,1.21776038486461,0.204346686601639,0.5807046780145221,0.41968813236519464,normal_flow,A2391077.csv
A2391077,2007-10-26,nighttime,6,0.9982408899496336,4.638980498921852e-6,1.223424238290799,0.204346686601639,0.5807046780145221,0.41968813236519464,normal_flow,A2391077.csv
A2391077,2007-10-27,daytime,6,0.8590249613610573,0.02841007603233441,3.364857265279148,0.779674768447876,0.11766456374241162,0.3816728167281673,normal_flow,A2391077.csv
A2391077,2007-10-27,nighttime,6,0.9913712870277586,1.11360807271807e-4,2.047977844958235,0.779674768447876,0.11766456374241162,0.3816728167281673,normal_flow,A2391077.csv
A2391077,2007-10-28,daytime,6,0.8021143408449374,0.05486362519439808,0.20244909464040545,0.551667034626007,0.1948577550291632,0.34835535452128713,normal_flow,A2391077.csv
A2391077,2007-10-28,nighttime,6,0.8152204605550855,0.04806070920802365,1.1744485013512094,0.551667034626007,0.1948577550291632,0.34835535452128713,normal_flow,A2391077.csv
A2391077,2007-10-29,daytime,6,0.9376101431159845,0.00571731528367157,0.38745322749834665,0.306372761726379,0.33686465896917034,0.3108003015514026,normal_flow,A2391077.csv
A2391077,2007-10-29,nighttime,6,-0.3390082101182639,0.5109682096293822,-0.02563332731461876,0.306372761726379,0.33686465896917034,0.3108003015514026,normal_flow,A2391077.csv
A2391077,2007-10-30,daytime,6,0.9094764833655904,0.01192086279753727,0.38525204986388056,0.198441371321678,0.5958219259611951,0.3003015514026108,normal_flow,A2391077.csv
A2391077,2007-10-30,nighttime,6,-0.32545951431751546,0.5290476983092084,-0.5745901559121943,0.198441371321678,0.5958219259611951,0.3003015514026108,normal_flow,A2391077.csv
A2391077,2007-10-31,daytime,6,0.9020943846621082,0.01390902666835529,0.5034401080153103,0.189705431461334,0.6155219616712296,0.2634091179621474,normal_flow,A2391077.csv
A2391077,2007-10-31,nighttime,6,0.9729784069476758,0.00108538460573684,1.8927159386838188,0.189705431461334,0.6155219616712296,0.2634091179621474,normal_flow,A2391077.csv
A2391077,2007-11-01,daytime,6,0.7669755116776605,0.07512395535744014,2.110901638279689,1.16934454441071,0.04362575883823354,0.23080982422727453,high_flow,A2391077.csv
A2391077,2007-11-01,nighttime,6,0.9993539560257254,6.25924404448188e-7,2.1081322172968098,1.16934454441071,0.04362575883823354,0.23080982422727453,high_flow,A2391077.csv
A2391077,2007-11-02,daytime,6,0.949737652543472,0.00372596638380685,0.7356503705884302,1.03959941864014,0.06159980954648256,0.1988374399873031,high_flow,A2391077.csv
A2391077,2007-11-02,nighttime,6,0.9775708320869944,7.489596663684678e-4,0.7993755233355158,1.03959941864014,0.06159980954648256,0.1988374399873031,high_flow,A2391077.csv
A2391077,2007-11-03,daytime,6,-0.8601753900834281,0.02795953231867957,-0.5369291948013596,2.41039848327637,0.001309367932389,0.16555172003332935,high_flow,A2391077.csv
A2391077,2007-11-03,nighttime,6,0.3862369422208096,0.44945380234613,0.6948021545479273,2.41039848327637,0.001309367932389,0.16555172003332935,high_flow,A2391077.csv
A2391077,2007-11-04,daytime,6,0.7942299970999493,0.05915565703602593,0.8312410580129289,0.996491074562073,0.06784906558743006,0.1636908304566917,high_flow,A2391077.csv
A2391077,2007-11-04,nighttime,6,0.19022364679682235,0.7181061545395062,0.02614231538344359,0.996491074562073,0.06784906558743006,0.1636908304566917,high_flow,A2391077.csv
A2391077,2007-11-05,daytime,6,0.9690316785513592,0.00142370551800302,0.5256561739358634,0.928828120231628,0.08106177835971907,0.15727889536959885,high_flow,A2391077.csv
A2391077,2007-11-05,nighttime,6,0.8010520231217961,0.05543323619957329,0.390603195384678,0.928828120231628,0.08106177835971907,0.15727889536959885,high_flow,A2391077.csv
A2391077,2007-11-06,daytime,6,0.9026455093965904,0.01375548735151755,0.4340689403435536,0.978202402591705,0.07136055231520057,0.14197119390548743,high_flow,A2391077.csv
A2391077,2007-11-06,nighttime,6,0.9674635453632284,0.00157070943537083,0.6026455467017353,0.978202402591705,0.07136055231520057,0.14197119390548743,high_flow,A2391077.csv
A2391077,2007-11-07,daytime,6,0.9380436031164292,0.00563897991098803,0.30962680088128797,0.991280496120453,0.06903940007142007,0.11003451970003572,high_flow,A2391077.csv
A2391077,2007-11-07,nighttime,6,0.9885976227764746,1.9428007400876073e-4,0.8307310389929152,0.991280496120453,0.06903940007142007,0.11003451970003572,high_flow,A2391077.csv
A2391077,2007-11-08,daytime,6,0.9120159964338496,0.01127122710609326,0.35382175532496074,0.981626749038696,0.07064635162480656,0.07738364480418998,high_flow,A2391077.csv
A2391077,2007-11-08,nighttime,6,0.9960789939165576,2.3031291719813812e-5,1.282076227197137,0.981626749038696,0.07064635162480656,0.07738364480418998,high_flow,A2391077.csv
A2391077,2007-11-09,daytime,6,0.9193752188894324,0.00948848813091448,0.5662837272995971,0.958119213581085,0.07463397214617308,0.08358925524739118,high_flow,A2391077.csv
A2391077,2007-11-09,nighttime,6,0.9880727862349088,2.1253926895577343e-4,1.4548595921060592,0.958119213581085,0.07463397214617308,0.08358925524739118,high_flow,A2391077.csv
A2391077,2007-11-10,daytime,6,0.9933796351074616,6.559876421341644e-5,1.402207900812266,0.927358150482178,0.08141887870491608,0.08927111851763679,high_flow,A2391077.csv
A2391077,2007-11-10,nighttime,6,0.9917108397873218,1.0278049071434365e-4,2.698421476438076,0.927358150482178,0.08141887870491608,0.08927111851763679,high_flow,A2391077.csv
A2391077,2007-11-11,daytime,6,0.7858977068845955,0.06385248559320113,0.0967361705912876,0.892672061920166,0.08975122009284608,0.0997341586319089,high_flow,A2391077.csv
A2391077,2007-11-11,nighttime,6,0.9811830184756966,5.27786843469497e-4,1.9937591184040169,0.892672061920166,0.08975122009284608,0.0997341586319089,high_flow,A2391077.csv
A2391077,2007-11-12,daytime,6,0.9806751304000269,5.565674356548283e-4,1.245724887157941,0.85668683052063,0.0986787287227711,0.10830456691663692,high_flow,A2391077.csv
A2391077,2007-11-12,nighttime,6,0.9951694835820531,3.4944475929452935e-5,1.140061649884234,0.85668683052063,0.0986787287227711,0.10830456691663692,high_flow,A2391077.csv
A2391077,2007-11-13,daytime,6,0.9764225793246248,8.272888661842952e-4,1.0434338927421556,0.819891214370728,0.1072491370074991,0.1109193349998016,high_flow,A2391077.csv
A2391077,2007-11-13,nighttime,6,0.9942144808604408,5.011152045269645e-5,1.961748707699984,0.819891214370728,0.1072491370074991,0.1109193349998016,high_flow,A2391077.csv
A2391077,2007-11-14,daytime,6,0.9879881478591942,2.1556032518710695e-4,0.888818024359391,0.782847285270691,0.11677181287941912,0.11921596635321192,high_flow,A2391077.csv
A2391077,2007-11-14,nighttime,6,0.992710287796454,7.951616871241077e-5,1.4443763516318668,0.782847285270691,0.11677181287941912,0.11921596635321192,high_flow,A2391077.csv
A2391077,2007-11-15,daytime,6,0.8873297399318675,0.01832673001797436,0.6126702402439448,0.748510360717773,0.1257588382335436,0.1279292147760187,high_flow,A2391077.csv
A2391077,2007-11-15,nighttime,6,0.9709062104016256,0.0012573596911535799,1.964661963688065,0.748510360717773,0.1257588382335436,0.1279292147760187,high_flow,A2391077.csv
A2391077,2007-11-16,daytime,6,0.964957641827648,0.00182043487204312,0.9847150225554976,0.713690459728241,0.13670991548625164,0.13725746934888702,high_flow,A2391077.csv
A2391077,2007-11-16,nighttime,6,0.9992293705568892,8.905757811306352e-7,2.0700182719664286,0.713690459728241,0.13670991548625164,0.13725746934888702,high_flow,A2391077.csv
A2391077,2007-11-17,daytime,6,-0.27620003516304426,0.5962351086431292,-0.18674473951583223,0.679617702960968,0.14682775860016664,0.14709359996825774,high_flow,A2391077.csv
A2391077,2007-11-17,nighttime,6,0.9933092360138552,6.699972362752182e-5,1.8611954684088048,0.679617702960968,0.14682775860016664,0.14709359996825774,high_flow,A2391077.csv
A2391077,2007-11-18,daytime,6,0.9854191625867796,3.1735128051338135e-4,1.337410244268835,0.646625399589539,0.15825496964647065,0.15710431297861366,high_flow,A2391077.csv
A2391077,2007-11-18,nighttime,6,0.997934542020446,6.394769255600608e-6,1.0220653084722098,0.646625399589539,0.15825496964647065,0.15710431297861366,high_flow,A2391077.csv
A2391077,2007-11-19,daytime,6,0.9426547262337098,0.00483843122992065,1.1730947944009065,0.548772811889648,0.1964051898583502,0.16723405943736858,high_flow,A2391077.csv
A2391077,2007-11-19,nighttime,6,0.9904907572959878,1.3520860525692026e-4,1.2140695707577494,0.548772811889648,0.1964051898583502,0.16723405943736858,high_flow,A2391077.csv
A2391077,2007-11-20,daytime,6,-0.5274212368534789,0.2822253610589785,-0.31260306306481117,0.768400430679321,0.1202832996071896,0.17738761258580327,high_flow,A2391077.csv
A2391077,2007-11-20,nighttime,6,0.9913237370788106,1.125897435593303e-4,1.8114009712531465,0.768400430679321,0.1202832996071896,0.17738761258580327,high_flow,A2391077.csv
A2391077,2007-11-21,daytime,6,0.6850884626429392,0.13313913990223125,1.602225184108473,0.550164878368378,0.1958100226163552,0.1875292623893981,high_flow,A2391077.csv
A2391077,2007-11-21,nighttime,6,0.9581862172421256,0.00258603519219318,0.22397368719839933,0.550164878368378,0.1958100226163552,0.1875292623893981,high_flow,A2391077.csv
A2391077,2007-11-22,daytime,6,0.8318746841688327,0.04002305740555983,1.529921036091684,0.54168713092804,0.1997381264135222,0.197500297583621,high_flow,A2391077.csv
A2391077,2007-11-22,nighttime,6,0.9977940865605656,7.293714106346163e-6,1.2155139805416464,0.54168713092804,0.1997381264135222,0.197500297583621,high_flow,A2391077.csv
A2391077,2007-11-23,daytime,6,0.9884571167236808,1.9908825526439585e-4,1.835332280061121,0.516547203063965,0.2105701702178312,0.2074713327778439,high_flow,A2391077.csv
A2391077,2007-11-23,nighttime,6,0.997949959128313,6.299693543230872e-6,2.06309226644135,0.516547203063965,0.2105701702178312,0.2074713327778439,high_flow,A2391077.csv
A2391077,2007-11-24,daytime,6,0.9531411930191068,0.00324217662653453,0.5612122377598744,0.492110669612885,0.22217593143673373,0.21721620442010872,high_flow,A2391077.csv
A2391077,2007-11-24,nighttime,6,0.9985010418348832,3.368629384907011e-6,2.0618382943598785,0.492110669612885,0.22217593143673373,0.21721620442010872,high_flow,A2391077.csv
A2391077,2007-11-25,daytime,6,0.9337200205454348,0.00644396835755563,0.37351656728936566,0.471575170755386,0.2315795738602547,0.22561203031385152,high_flow,A2391077.csv
A2391077,2007-11-25,nighttime,6,0.9882353887260736,2.067949707845734e-4,0.8231176782943515,0.471575170755386,0.2315795738602547,0.22561203031385152,high_flow,A2391077.csv
A2391077,2007-11-26,daytime,6,-0.46082547087356,0.3576922685936594,-0.18275381137362703,0.451837599277496,0.24169741697416977,0.23608300599135024,high_flow,A2391077.csv
A2391077,2007-11-26,nighttime,6,0.9696754366408749,0.00136542579639077,0.42366622391202186,0.451837599277496,0.24169741697416977,0.23608300599135024,high_flow,A2391077.csv
A2391077,2007-11-27,daytime,6,0.9650662116457616,0.00180923828705326,0.7311163540649731,0.433680325746536,0.25098202594929175,0.24291949371106616,high_flow,A2391077.csv
A2391077,2007-11-27,nighttime,6,0.9855616206378268,3.1119523654770276e-4,0.7989447352937268,0.433680325746536,0.25098202594929175,0.24291949371106616,high_flow,A2391077.csv
A2391077,2007-11-28,daytime,6,0.8199361039377208,0.04571540354660289,0.18562800382219308,0.417205333709717,0.25937388406142126,0.25566400825298574,normal_flow,A2391077.csv
A2391077,2007-11-28,nighttime,6,0.974294750159886,9.826473052511454e-4,1.2064664112020205,0.417205333709717,0.25937388406142126,0.25566400825298574,normal_flow,A2391077.csv
A2391077,2007-11-29,daytime,6,0.9469967844907184,0.00413955923211466,1.04597645362542,0.403436928987503,0.2663373407927628,0.26453993572193785,normal_flow,A2391077.csv
A2391077,2007-11-29,nighttime,6,0.991510200603434,1.0780908235516283e-4,1.6106901302725032,0.403436928987503,0.2663373407927628,0.26453993572193785,normal_flow,A2391077.csv
A2391077,2007-11-30,daytime,6,0.29544377384872417,0.5697285430432277,1.052866729033321,0.388874560594559,0.27532436614688727,0.27351108994960915,normal_flow,A2391077.csv
A2391077,2007-11-30,nighttime,6,0.9619887942169936,0.00213981736873293,1.4791873499188453,0.388874560594559,0.27532436614688727,0.27351108994960915,normal_flow,A2391077.csv
A2391077,2007-12-01,daytime,6,0.8897257787999768,0.01757011625926772,0.6056417812370531,0.377434611320496,0.2828829901202238,0.2881323651946197,normal_flow,A2391077.csv
A2391077,2007-12-01,nighttime,6,0.9980374685049064,5.7735154295152e-6,1.3152797464208623,0.377434611320496,0.2828829901202238,0.2881323651946197,normal_flow,A2391077.csv
A2391077,2009-10-20,daytime,6,0.9528659503574404,0.00328007101202979,0.8223901705671371,0.267224192619324,0.3792405665992144,0.34829980557870094,normal_flow,A2391077.csv
A2391077,2009-10-20,nighttime,6,0.9827361627770408,4.444874558151909e-4,1.3850327864849483,0.267224192619324,0.3792405665992144,0.34829980557870094,normal_flow,A2391077.csv
A2391077,2009-10-21,daytime,6,0.9520726851607836,0.00339049608126818,0.5762839379154701,0.261191785335541,0.3865611236757529,0.36709518708090305,normal_flow,A2391077.csv
A2391077,2009-10-21,nighttime,6,0.996451592429754,1.8864455078759945e-5,0.5020539043799478,0.261191785335541,0.3865611236757529,0.36709518708090305,normal_flow,A2391077.csv
A2391077,2009-10-22,daytime,6,0.9531040521806412,0.00324727739698451,1.3075998057870983,0.25738263130188,0.3906082609213189,0.3803753521406182,normal_flow,A2391077.csv
A2391077,2009-10-22,nighttime,6,0.9859560273423322,2.9446478340462533e-4,0.5382923722524011,0.25738263130188,0.3906082609213189,0.3803753521406182,normal_flow,A2391077.csv
A2391077,2009-10-23,daytime,6,0.813107211431923,0.04912939051943978,0.3969609826776428,0.253013551235199,0.3953695988572789,0.3933936436138555,normal_flow,A2391077.csv
A2391077,2009-10-23,nighttime,6,0.993348229318444,6.622192250028887e-5,0.457385462013475,0.253013551235199,0.3953695988572789,0.3933936436138555,normal_flow,A2391077.csv
A2391077,2009-10-24,daytime,6,0.9515359411253989,0.00346623216121689,0.4162733760772159,0.248752847313881,0.4025711224854184,0.4039122326707138,normal_flow,A2391077.csv
A2391077,2009-10-24,nighttime,6,0.9985471622163378,3.1645731587678087e-6,0.917669792619058,0.248752847313881,0.4025711224854184,0.4039122326707138,normal_flow,A2391077.csv
A2391077,2009-10-25,daytime,6,-0.1605363835376509,0.761264090948282,-0.08762436142350168,0.246163249015808,0.407511010593977,0.4089314764115383,normal_flow,A2391077.csv
A2391077,2009-10-25,nighttime,6,0.9022281866057424,0.01387167484962366,0.2144756455398861,0.246163249015808,0.407511010593977,0.4089314764115383,normal_flow,A2391077.csv
A2391077,2009-10-26,daytime,6,0.7590589294512695,0.08008527148266964,0.6345186319944893,0.244155496358871,0.4111415307701464,0.4084156648018093,normal_flow,A2391077.csv
A2391077,2009-10-26,nighttime,6,-0.7486004814594779,0.08685813615529597,-0.19514834685080276,0.244155496358871,0.4111415307701464,0.4084156648018093,normal_flow,A2391077.csv
A2391077,2009-10-27,daytime,6,0.6099613267255016,0.1985269257920516,0.1513994659813883,0.241339713335037,0.4199500059516724,0.4124945443002817,normal_flow,A2391077.csv
A2391077,2009-10-27,nighttime,6,0.9451236845077228,0.0044344874603385,0.27670935462991425,0.241339713335037,0.4199500059516724,0.4124945443002817,normal_flow,A2391077.csv
A2391077,2009-10-28,daytime,6,0.9118245162616008,0.01131959541206424,0.1931119393583579,0.237802550196648,0.4295321985477919,0.418053406340515,normal_flow,A2391077.csv
A2391077,2009-10-28,nighttime,6,0.99226180137648,8.95878963301084e-5,0.45353328982021546,0.237802550196648,0.4295321985477919,0.418053406340515,normal_flow,A2391077.csv
A2391077,2009-10-29,daytime,6,0.9825595740917928,4.536002700804782e-4,0.27846877012053567,0.234734758734703,0.43935245804070944,0.4235487838749355,normal_flow,A2391077.csv
A2391077,2009-10-29,nighttime,6,0.9890778279202438,1.7828929046938643e-4,0.8471423816662927,0.234734758734703,0.43935245804070944,0.4235487838749355,normal_flow,A2391077.csv
A2391077,2009-10-30,daytime,6,0.9710162556831162,0.00124791214699138,0.4749998145022918,0.232392206788063,0.449172717533627,0.42931000277744713,normal_flow,A2391077.csv
A2391077,2009-10-30,nighttime,6,0.995141589117754,3.534889510617252e-5,1.2751687656816226,0.232392206788063,0.449172717533627,0.42931000277744713,normal_flow,A2391077.csv
A2391077,2009-10-31,daytime,6,0.8881876903228125,0.01805405055919447,1.5295531922720988,0.230813711881638,0.45494583978097847,0.4350831250247986,normal_flow,A2391077.csv
A2391077,2009-10-31,nighttime,6,0.9757147959294042,8.77495348920254e-4,0.8993725479845162,0.230813711881638,0.45494583978097847,0.4350831250247986,normal_flow,A2391077.csv
A2391077,2009-11-01,daytime,6,0.4949315647103978,0.31822119137640714,1.1971587067312288,0.238931998610497,0.4263182954410189,0.44071340713407137,normal_flow,A2391077.csv
A2391077,2009-11-01,nighttime,6,0.9892813032208696,1.7171995295919086e-4,1.3229730503943626,0.238931998610497,0.4263182954410189,0.44071340713407137,normal_flow,A2391077.csv
A2391077,2009-11-02,daytime,6,0.09960694250004934,0.8510837135311939,0.03522243042257887,0.284414738416672,0.35930246399238186,0.4464508193469032,normal_flow,A2391077.csv
A2391077,2009-11-02,nighttime,6,0.994598084773775,4.3692216365272515e-5,0.9132537351165164,0.284414738416672,0.35930246399238186,0.4464508193469032,normal_flow,A2391077.csv
A2391077,2009-11-03,daytime,6,-0.1385860527102454,0.7934517693127552,-0.07285702612311376,0.235509783029556,0.4358409713129389,0.45218029599650833,normal_flow,A2391077.csv
A2391077,2009-11-03,nighttime,6,-0.08837700474280537,0.8677796269611767,-0.0064830622527764,0.235509783029556,0.4358409713129389,0.45218029599650833,normal_flow,A2391077.csv
A2391077,2009-11-04,daytime,6,0.9767360028509712,8.05524949627645e-4,2.310060702345329,0.229218527674675,0.4626234972027139,0.4577391580367416,normal_flow,A2391077.csv
A2391077,2009-11-04,nighttime,6,0.8477599444309583,0.03300131526789768,0.9264724368811676,0.229218527674675,0.4626234972027139,0.4577391580367416,normal_flow,A2391077.csv
A2391077,2009-11-05,daytime,6,0.9889967612646404,1.8094080599741555e-4,0.5704893310270344,0.227876722812653,0.4689917866920605,0.4625996905130342,normal_flow,A2391077.csv
A2391077,2009-11-05,nighttime,6,0.982202847669189,4.722894237958937e-4,1.045069071602935,0.227876722812653,0.4689917866920605,0.4625996905130342,normal_flow,A2391077.csv
A2391077,2009-11-06,daytime,6,0.8412775245048497,0.03578990262792656,0.33412060527733667,0.226193755865097,0.47702654445899295,0.46705947704638334,normal_flow,A2391077.csv
A2391077,2009-11-06,nighttime,6,0.99909978628109,1.2152123498408274e-6,0.77182894742683406,0.226193755865097,0.47702654445899295,0.46705947704638334,normal_flow,A2391077.csv
A2391077,2009-11-07,daytime,6,0.5557259124129171,0.2522239065132686,0.20108354992586872,0.225107684731483,0.4819664325675515,0.4707812561996588,normal_flow,A2391077.csv
A2391077,2009-11-07,nighttime,6,0.9996677136371508,1.6560299583226298e-7,1.3520189818829222,0.225107684731483,0.4819664325675515,0.4707812561996588,normal_flow,A2391077.csv
A2391077,2009-11-08,daytime,6,0.9888952530972076,1.842884124885468e-4,0.3554841759287953,0.223999217152596,0.487025354124509,0.4744514541919613,normal_flow,A2391077.csv
A2391077,2009-11-08,nighttime,6,0.8204526491765037,0.04546182025730868,1.9907516628573785,0.223999217152596,0.487025354124509,0.4744514541919613,normal_flow,A2391077.csv
A2391077,2009-11-09,daytime,6,0.9526468491839356,0.00331039085862003,0.6241408026485468,0.222807347774506,0.493572193786454,0.4802087053128596,normal_flow,A2391077.csv
A2391077,2009-11-09,nighttime,6,0.985823442046294,3.000376277049646e-4,1.1149799124731252,0.222807347774506,0.493572193786454,0.4802087053128596,normal_flow,A2391077.csv
A2391077,2009-11-10,daytime,6,0.9558942738092046,0.00287507285702734,0.835820284650301,0.222146317362785,0.4970836805142245,0.49112010474943457,normal_flow,A2391077.csv
A2391077,2009-11-10,nighttime,6,0.994459631134922,4.59584980269695e-5,1.463362287637439,0.222146317362785,0.4970836805142245,0.49112010474943457,normal_flow,A2391077.csv
A2391077,2009-11-11,daytime,6,0.8848061279944247,0.01914015229825506,1.0203653104413113,0.221184715628624,0.503332936555172,0.4972820695948895,normal_flow,A2391077.csv
A2391077,2009-11-11,nighttime,6,0.9978461702427536,6.953478145392595e-6,1.3526647840035555,0.221184715628624,0.503332936555172,0.4972820695948895,normal_flow,A2391077.csv
A2391077,2009-11-12,daytime,6,0.976941206355766,7.914316743768419e-4,0.6108670594808037,0.221343964338303,0.5024401856921795,0.50277744712931,normal_flow,A2391077.csv
A2391077,2009-11-12,nighttime,6,0.8398649614443605,0.03641165600155766,2.3531930636029363,0.221343964338303,0.5024401856921795,0.50277744712931,normal_flow,A2391077.csv
A2391077,2009-11-13,daytime,6,0.7952603916415498,0.05858629194341864,0.430276996764001,0.220738083124161,0.5062492560409475,0.4996270285283498,normal_flow,A2391077.csv
A2391077,2009-11-13,nighttime,6,0.9984366953369396,3.663971907405007e-6,1.2578316268161989,0.220738083124161,0.5062492560409475,0.4996270285283498,normal_flow,A2391077.csv
A2391077,2009-11-14,daytime,6,0.879979766715466,0.02074284748387142,1.2490282686463068,0.220932126045227,0.504999404832758,0.5032496131412927,normal_flow,A2391077.csv
A2391077,2009-11-14,nighttime,6,0.9973675911987184,1.0385243407043574e-5,1.5838825643351178,0.220932126045227,0.504999404832758,0.5032496131412927,normal_flow,A2391077.csv
A2391077,2009-11-15,daytime,6,0.9721240236450732,0.0011547742933328,0.6174538189363831,0.220179706811905,0.509998809665516,0.4992104114589533,normal_flow,A2391077.csv
A2391077,2009-11-15,nighttime,6,0.9986917907994208,2.565997526708012e-6,1.6829067933334194,0.220179706811905,0.509998809665516,0.4992104114589533,normal_flow,A2391077.csv
A2391077,2009-11-16,daytime,6,0.6106933294888668,0.19783792763334324,1.38507859906038,0.21982242166996,0.5126770622544935,0.5014323691624013,normal_flow,A2391077.csv
A2391077,2009-11-16,nighttime,6,0.999582876034994,2.60952315073356e-7,0.8250921964323982,0.21982242166996,0.5126770622544935,0.5014323691624013,normal_flow,A2391077.csv
A2391077,2009-11-17,daytime,6,0.7626816222838854,0.07779713161463833,1.45500606408165,0.218607425689697,0.522973455541007,0.503888425981034,normal_flow,A2391077.csv
A2391077,2009-11-17,nighttime,6,0.9719178539839736,0.00117183749989147,1.226086607209219,0.218607425689697,0.522973455541007,0.503888425981034,normal_flow,A2391077.csv
A2391077,2009-11-18,daytime,6,-0.12149198189839136,0.8186586563037987,-0.14628418556369333,0.217900410294533,0.5282704439947625,0.5054517319366743,normal_flow,A2391077.csv
A2391077,2009-11-18,nighttime,6,0.9957023300884518,2.766526109293073e-5,0.6127314376549117,0.217900410294533,0.5282704439947625,0.5054517319366743,normal_flow,A2391077.csv
A2391077,2009-11-19,daytime,6,0.9322335973804996,0.00673282665787786,0.7843930202020021,0.214689701795578,0.5450541602190215,0.5095306114351467,normal_flow,A2391077.csv
A2391077,2009-11-19,nighttime,6,0.9951946310541372,3.458187430040471e-5,2.0685485523650975,0.214689701795578,0.5450541602190215,0.5095306114351467,normal_flow,A2391077.csv
A2391077,2009-11-20,daytime,6,0.971476088775272,0.00120881654754681,1.7565691798749934,0.240522965788841,0.42173550767765744,0.4783676546442884,normal_flow,A2391077.csv
A2391077,2009-11-20,nighttime,6,0.9898047168852752,1.5538582846084823e-4,1.745407181244676,0.240522965788841,0.42173550767765744,0.4783676546442884,normal_flow,A2391077.csv
A2391077,2009-11-21,daytime,6,0.7072268079992072,0.1160265186885179,3.3049030690047365,0.217390790581703,0.5313653136531366,0.45398563663055985,normal_flow,A2391077.csv
A2391077,2009-11-21,nighttime,6,0.993350808835103,6.617062855505688e-5,1.2284195582287505,0.217390790581703,0.5313653136531366,0.45398563663055985,normal_flow,A2391077.csv
A2391077,2009-11-22,daytime,6,-0.8801635214102619,0.02068069965276571,-1.943235377321797,0.240689605474472,0.4213784073324604,0.4501051462127525,normal_flow,A2391077.csv
A2391077,2009-11-22,nighttime,6,0.9852079480956004,3.265889133377988e-4,0.492701517415722,0.240689605474472,0.4213784073324604,0.4501051462127525,normal_flow,A2391077.csv
A2391077,2009-11-23,daytime,6,0.8945015719980386,0.01610778302353324,0.9416991506081868,0.218812555074692,0.520354719676229,0.4510336071102647,normal_flow,A2391077.csv
A2391077,2009-11-23,nighttime,6,0.6760974152239638,0.1403785494161776,0.4125597787586126,0.218812555074692,0.520354719676229,0.4510336071102647,normal_flow,A2391077.csv
A2391077,2009-11-24,daytime,6,0.9803014531539148,5.782272811404831e-4,0.8576119735007316,0.217545658349991,0.5304130460659445,0.45095028369638535,normal_flow,A2391077.csv
A2391077,2009-11-24,nighttime,6,0.9996907822500628,1.4340864229138244e-7,1.445455789335239,0.217545658349991,0.5304130460659445,0.45095028369638535,normal_flow,A2391077.csv
A2391077,2009-11-25,daytime,6,0.5836977353932371,0.2238871951945196,0.142549578981507,0.218787342309952,0.5205332698488275,0.4508034757766933,normal_flow,A2391077.csv
A2391077,2009-11-25,nighttime,6,0.9970742483883578,1.2827511489738044e-5,1.5914939333340088,0.218787342309952,0.5205332698488275,0.4508034757766933,normal_flow,A2391077.csv
A2391077,2009-11-26,daytime,6,0.8591342947610473,0.02836711092670883,1.0604550382929785,0.209635660052299,0.5645161290322581,0.44863706701583145,normal_flow,A2391077.csv
A2391077,2009-11-26,nighttime,6,0.9286497250805318,0.00745467540458063,3.8587697402945342,0.209635660052299,0.5645161290322581,0.44863706701583145,normal_flow,A2391077.csv
A2391077,2009-11-27,daytime,6,0.8511528420671711,0.03158432478779,0.8235560535536637,1.24959337711334,0.03499583382930604,0.4460222989326667,normal_flow,A2391077.csv
A2391077,2009-11-27,nighttime,6,0.998493025398928,3.4047475235142747e-6,1.3792860713460375,1.24959337711334,0.03499583382930604,0.4460222989326667,normal_flow,A2391077.csv
A2391077,2009-11-28,daytime,6,-0.8259435469569533,0.0428068966785097,-0.6204280530616056,0.700517535209656,0.14051898583501965,0.45153751537515374,normal_flow,A2391077.csv
A2391077,2009-11-28,nighttime,6,0.9682957636159688,0.00149180401403844,0.24526454168815223,0.700517535209656,0.14051898583501965,0.45153751537515374,normal_flow,A2391077.csv
A2391077,2009-11-29,daytime,6,0.9778735681460488,7.289521618393951e-4,0.6256204456076256,0.232878416776657,0.44679204856564697,0.45288656112367576,normal_flow,A2391077.csv
A2391077,2009-11-29,nighttime,6,0.7005973219478601,0.12104342344963212,0.2004653221752327,0.232878416776657,0.44679204856564697,0.45288656112367576,normal_flow,A2391077.csv
A2391077,2009-11-30,daytime,6,0.9002268688648867,0.01443541186314621,0.4324957016557544,0.218513548374176,0.5239257231281991,0.45475141848192674,normal_flow,A2391077.csv
A2391077,2009-11-30,nighttime,6,0.07617459029941012,0.8859591186788219,0.00626692127929337,0.218513548374176,0.5239257231281991,0.45475141848192674,normal_flow,A2391077.csv
A2391077,2009-12-01,daytime,6,0.9858634047447024,2.9835243601524403e-4,0.5729069327096868,0.219985514879227,0.5114272110463041,0.45009721064952585,normal_flow,A2391077.csv
A2391077,2009-12-01,nighttime,6,0.9437841148505862,0.00465151117098705,0.6289176833386327,0.219985514879227,0.5114272110463041,0.45009721064952585,normal_flow,A2391077.csv
A2391077,2009-12-02,daytime,6,0.9670865228287828,0.00160711793404813,0.8771969188342247,0.218773186206818,0.5207713367456255,0.447030115462445,normal_flow,A2391077.csv
A2391077,2009-12-02,nighttime,6,0.9434172154240728,0.00471183921835526,0.9678634428341738,0.218773186206818,0.5207713367456255,0.447030115462445,normal_flow,A2391077.csv
A2391077,2009-12-03,daytime,6,0.4683762560250334,0.34881094501967785,0.25142101868558303,0.222380623221397,0.4957743125818355,0.43787644328056186,normal_flow,A2391077.csv
A2391077,2009-12-03,nighttime,6,0.9995025183623972,3.711704092653212e-7,1.0972722301381956,0.222380623221397,0.4957743125818355,0.43787644328056186,normal_flow,A2391077.csv
A2391077,2009-12-04,daytime,6,0.9554450061341234,0.00293349710072122,1.8982679125849835,0.220815196633339,0.505832638971551,0.43890806650001984,normal_flow,A2391077.csv
A2391077,2009-12-04,nighttime,6,0.999490849863458,3.8878479783325114e-7,0.7881696667658504,0.220815196633339,0.505832638971551,0.43890806650001984,normal_flow,A2391077.csv
A2391077,2009-12-05,daytime,6,0.989959412028104,1.5071399729210295e-4,0.8703923278576424,0.220987766981125,0.5044637543149625,0.4671705749315558,normal_flow,A2391077.csv
A2391077,2009-12-05,nighttime,6,0.9620223619412333,0.00213606389625111,1.2042578485623603,0.220987766981125,0.5044637543149625,0.4671705749315558,normal_flow,A2391077.csv
A2391077,2009-12-06,daytime,6,0.94080630989215,0.00515213524619148,0.6613199139495677,0.213518336415291,0.5516009998809666,0.4902749672658017,normal_flow,A2391077.csv
A2391077,2009-12-06,nighttime,6,0.9961314474419116,2.2419600545665568e-5,1.763505989137805,0.213518336415291,0.5516009998809666,0.4902749672658017,normal_flow,A2391077.csv
A2391077,2009-12-07,daytime,6,0.9820667369489864,4.795191995379448e-4,0.9317047189679004,0.232374057173729,0.44935126770622547,0.494643494822045,normal_flow,A2391077.csv
A2391077,2009-12-07,nighttime,6,0.8472273189461454,0.03322641972510205,10.769757025340104,0.232374057173729,0.44935126770622547,0.494643494822045,normal_flow,A2391077.csv
A2391077,2009-12-08,daytime,6,0.952309190418398,0.00335738567158055,0.47000335273904215,0.231968626379967,0.45054160219021544,0.4941038765226362,normal_flow,A2391077.csv
A2391077,2009-12-08,nighttime,6,0.9752275078234818,9.129134064330152e-4,1.433843094237254,0.231968626379967,0.45054160219021544,0.4941038765226362,normal_flow,A2391077.csv
A2391077,2009-12-09,daytime,6,-0.24357303666200503,0.6418657741550942,-0.06629530417937843,0.224573656916618,0.48440661825973097,0.4757608221243503,normal_flow,A2391077.csv
A2391077,2009-12-09,nighttime,6,0.996864944870598,1.4727449441147256e-5,0.9154987418374568,0.224573656916618,0.48440661825973097,0.4757608221243503,normal_flow,A2391077.csv
A2391077,2009-12-10,daytime,6,0.7897385670402687,0.06166698995683342,0.15987235770174674,0.264080762863159,0.3832281871205809,0.45327143594016583,normal_flow,A2391077.csv
A2391077,2009-12-10,nighttime,6,0.7524059214993497,0.0843651329948835,1.9543617621299203,0.264080762863159,0.3832281871205809,0.45327143594016583,normal_flow,A2391077.csv
A2391077,2009-12-11,daytime,6,0.7506381537974782,0.08551916984564868,1.059261093831787,0.204522892832756,0.5799904773241281,0.45984208229179063,normal_flow,A2391077.csv
A2391077,2009-12-11,nighttime,6,0.9668251788767992,0.00163259754901827,0.53910937126354,0.204522892832756,0.5799904773241281,0.45984208229179063,normal_flow,A2391077.csv
A2391077,2009-12-12,daytime,6,0.9971376694479688,1.2277678837855346e-5,0.7260941951956327,0.229882672429085,0.45893346030234494,0.4614252271554974,normal_flow,A2391077.csv
A2391077,2009-12-12,nighttime,6,0.9310129701445348,0.00697465354129528,1.4259728558598586,0.229882672429085,0.45893346030234494,0.4614252271554974,normal_flow,A2391077.csv
A2391077,2009-12-13,daytime,6,0.9738624616461524,0.00101582816385143,0.9490860578989182,0.22398330271244,0.4870848708487085,0.46293695195016465,normal_flow,A2391077.csv
A2391077,2009-12-13,nighttime,6,0.9985312664972078,3.2341829934611628e-6,1.6583584975650574,0.22398330271244,0.4870848708487085,0.46293695195016465,normal_flow,A2391077.csv
A2391077,2009-12-14,daytime,6,0.9297579800683624,0.00722762704229638,0.5930337549471743,0.219878599047661,0.5123199619092965,0.4613855493393644,normal_flow,A2391077.csv
A2391077,2009-12-14,nighttime,6,0.9900526503662936,1.479325031498e-4,1.2281915275475022,0.219878599047661,0.5123199619092965,0.4613855493393644,normal_flow,A2391077.csv
A2391077,2009-12-15,daytime,6,0.988426252472848,2.00152286549609e-4,0.801751440749229,0.219357967376709,0.515831448637067,0.4666111177240805,normal_flow,A2391077.csv
A2391077,2009-12-15,nighttime,6,0.9937666309060345,5.8161236956354584e-5,1.048761623750124,0.219357967376709,0.515831448637067,0.4666111177240805,normal_flow,A2391077.csv
A2391077,2009-12-16,daytime,6,-0.9769932954740268,7.878738581258438e-4,-0.10111523894928218,0.46209716796875,0.23628139507201523,0.4778478752529461,normal_flow,A2391077.csv
A2391077,2009-12-16,nighttime,6,0.9642500785472264,0.00189424010921379,2.6504776603085087,0.46209716796875,0.23628139507201523,0.4778478752529461,normal_flow,A2391077.csv
A2391077,2009-12-17,daytime,6,-0.9036174439325956,0.01348671811378348,-2.0141052691682044,0.579021275043488,0.1834305439828592,0.4718009760742769,normal_flow,A2391077.csv
A2391077,2009-12-17,nighttime,6,0.9358724310180748,0.00603666030814525,0.7701109419274712,0.579021275043488,0.1834305439828592,0.4718009760742769,normal_flow,A2391077.csv
A2391077,2009-12-18,daytime,6,0.983597466255682,4.013581754784912e-4,0.8305885208047775,0.199216976761818,0.5943340078562076,0.480200769749633,normal_flow,A2391077.csv
A2391077,2009-12-18,nighttime,6,0.9979000198882624,6.610244336099324e-6,0.5104789304576072,0.199216976761818,0.5943340078562076,0.480200769749633,normal_flow,A2391077.csv
A2391077,2009-12-19,daytime,6,0.966390992353197,0.00167536630650518,0.9587896327506236,0.217703089118004,0.5295798119271515,0.4761814069753601,normal_flow,A2391077.csv
A2391077,2009-12-19,nighttime,6,0.3327237499858775,0.5193314819977968,0.3736586617762735,0.217703089118004,0.5295798119271515,0.4761814069753601,normal_flow,A2391077.csv
A2391077,2009-12-20,daytime,6,0.9631150747840832,0.00201565563416427,0.928346734866614,0.218060314655304,0.527139626234972,0.48014918858866007,normal_flow,A2391077.csv
A2391077,2009-12-20,nighttime,6,0.9989531108111448,1.6433917773907032e-6,1.0305605959346718,0.218060314655304,0.527139626234972,0.48014918858866007,normal_flow,A2391077.csv
A2391077,2009-12-21,daytime,6,0.9609757898523392,0.00225461869672553,0.946369731667154,0.217886045575142,0.528329960718962,0.4821132404872436,normal_flow,A2391077.csv
A2391077,2009-12-21,nighttime,6,0.980227065492027,5.825881069715782e-4,1.4531914082675248,0.217886045575142,0.528329960718962,0.4821132404872436,normal_flow,A2391077.csv
A2391077,2009-12-22,daytime,6,0.9338700067288273,0.00641516496500904,1.4424634442715132,0.217988967895508,0.5277347934769671,0.48238701741856127,normal_flow,A2391077.csv
A2391077,2009-12-22,nighttime,6,0.9765325022737456,8.196231236477879e-4,1.330786491155154,0.217988967895508,0.5277347934769671,0.48238701741856127,normal_flow,A2391077.csv
A2391077,2009-12-23,daytime,6,-0.3907818387404423,0.4436654762309389,-0.2416458158384232,0.187580466270447,0.6190929651231997,0.4822560806253224,normal_flow,A2391077.csv
A2391077,2009-12-23,nighttime,6,0.9382783928234462,0.00559676920475483,2.0162491753763763,0.187580466270447,0.6190929651231997,0.4822560806253224,normal_flow,A2391077.csv
A2391077,2009-12-24,daytime,6,0.8093348634171514,0.05106414808324067,1.7099853420661624,0.254062384366989,0.3937031305796929,0.5075546561917232,normal_flow,A2391077.csv
A2391077,2009-12-24,nighttime,6,0.8627380089988451,0.02696821468238621,1.270947627289891,0.254062384366989,0.3937031305796929,0.5075546561917232,normal_flow,A2391077.csv
A2391077,2009-12-25,daytime,6,0.854843755605314,0.03007625756097253,2.116823315055945,0.220323294401169,0.5092250922509225,0.5348847359441337,normal_flow,A2391077.csv
A2391077,2009-12-25,nighttime,6,0.993687937529829,5.9637455925968195e-5,0.6702710226754922,0.220323294401169,0.5092250922509225,0.5348847359441337,normal_flow,A2391077.csv
A2391077,2009-12-26,daytime,6,0.9485448274356068,0.0039033349231076,1.361441534342244,0.218902453780174,0.5197000357100345,0.5291790659842083,normal_flow,A2391077.csv
A2391077,2009-12-26,nighttime,6,0.9801415399508132,5.876219776692603e-4,1.548923391940129,0.218902453780174,0.5197000357100345,0.5291790659842083,normal_flow,A2391077.csv
A2391077,2009-12-27,daytime,6,0.8368470624519877,0.0377568472286311,0.36612266730872933,0.219035252928734,0.518450184501845,0.5273737253501567,normal_flow,A2391077.csv
A2391077,2009-12-27,nighttime,6,0.9856478033469438,3.075001506001922e-4,1.628985981460171,0.219035252928734,0.518450184501845,0.5273737253501567,normal_flow,A2391077.csv
A2391077,2009-12-28,daytime,6,0.9994944234267537,3.833468924981823e-7,0.7002046180407522,0.219297513365746,0.516545649327461,0.5256556759115978,normal_flow,A2391077.csv
A2391077,2009-12-28,nighttime,6,0.9970477481860556,1.3060820554848803e-5,0.9892361647650416,0.219297513365746,0.516545649327461,0.5256556759115978,normal_flow,A2391077.csv
A2391077,2009-12-29,daytime,6,-0.8894262541701693,0.01766386200360878,-0.46546767603708433,0.219304829835892,0.516426615879062,0.5236360750704281,normal_flow,A2391077.csv
A2391077,2009-12-29,nighttime,6,0.9990722570753198,1.2906611440571045e-6,1.4439814281549164,0.219304829835892,0.516426615879062,0.5236360750704281,normal_flow,A2391077.csv
A2391077,2009-12-30,daytime,6,0.9642119533119432,0.00189825804471199,0.39813720800762,0.219606548547745,0.5138673967384835,0.5214617307463397,normal_flow,A2391077.csv
A2391077,2009-12-30,nighttime,6,0.9743926112188772,9.752116667173568e-4,1.0115991525312555,0.219606548547745,0.5138673967384835,0.5214617307463397,normal_flow,A2391077.csv
A2391077,2009-12-31,daytime,6,0.4667706355612532,0.3506928322124003,0.10028698308913728,0.189532160758972,0.6157600285680276,0.5131849383009959,normal_flow,A2391077.csv
A2391077,2009-12-31,nighttime,6,0.9917697238344724,1.0132741969860172e-4,1.5119642442487042,0.189532160758972,0.6157600285680276,0.5131849383009959,normal_flow,A2391077.csv
A2391077,2010-01-01,daytime,6,0.928856167322046,0.00741212209662602,1.540855181384309,0.199618309736252,0.5933817402690156,0.5197674879974606,normal_flow,A2391077.csv
A2391077,2010-01-01,nighttime,6,0.8568914205004008,0.02925466174681922,1.3624911382957403,0.199618309736252,0.5933817402690156,0.5197674879974606,normal_flow,A2391077.csv
A2391077,2010-01-02,daytime,6,0.5544096231463249,0.2535900165956665,1.4215651651095136,0.220379516482353,0.5087489584573265,0.5183906677776455,normal_flow,A2391077.csv
A2391077,2010-01-02,nighttime,6,0.9537907322371636,0.00315360939858801,0.3719515946093516,0.220379516482353,0.5087489584573265,0.5183906677776455,normal_flow,A2391077.csv
A2391077,2010-01-03,daytime,6,0.92204252996832,0.00887916261751035,1.1937544016098471,0.221321359276772,0.502499702416379,0.5160774510970916,normal_flow,A2391077.csv
A2391077,2010-01-03,nighttime,6,0.33676690022182,0.5139463442644736,0.05499309924445467,0.221321359276772,0.502499702416379,0.5160774510970916,normal_flow,A2391077.csv
A2391077,2010-01-04,daytime,6,0.9485723697200068,0.00389919380631054,0.8399734288284062,0.221617713570595,0.5013688846565885,0.5102646510336071,normal_flow,A2391077.csv
A2391077,2010-01-04,nighttime,6,0.9877142169235114,2.254834877936448e-4,1.7902866634678547,0.221617713570595,0.5013688846565885,0.5102646510336071,normal_flow,A2391077.csv
A2391077,2010-01-05,daytime,6,0.9553944169161348,0.00294011213482133,0.790166161927244,0.22195565700531,0.4980359481014165,0.49635360869737727,normal_flow,A2391077.csv
A2391077,2010-01-05,nighttime,6,0.9962563872502476,2.0995721944370545e-5,2.1462248259261933,0.22195565700531,0.4980359481014165,0.49635360869737727,normal_flow,A2391077.csv
A2391077,2010-01-06,daytime,6,0.4430857196150192,0.378865812543526,0.29647814215972934,0.222494393587112,0.495119628615641,0.5013609490933619,normal_flow,A2391077.csv
A2391077,2010-01-06,nighttime,6,0.9769015209036488,7.941476266207985e-4,1.2090319873986684,0.222494393587112,0.495119628615641,0.5013609490933619,normal_flow,A2391077.csv
A2391077,2010-01-07,daytime,6,0.9013559428156688,0.01411603962828084,0.7127427224296595,0.222543716430664,0.49494107844304247,0.4983533706304805,normal_flow,A2391077.csv
A2391077,2010-01-07,nighttime,6,0.9971596370149852,1.2090035285862847e-5,1.1562656448930866,0.222543716430664,0.49494107844304247,0.4983533706304805,normal_flow,A2391077.csv
A2391077,2010-01-08,daytime,6,0.9306738645733978,0.00704257495758095,0.394958640632716,0.222964823246002,0.4924413760266635,0.4880530095623537,normal_flow,A2391077.csv
A2391077,2010-01-08,nighttime,6,0.9904431198899132,1.365645023172531e-4,0.7962964006204953,0.222964823246002,0.4924413760266635,0.4880530095623537,normal_flow,A2391077.csv
A2391077,2010-01-09,daytime,6,0.278663387197968,0.5928244826877658,0.0768712038167508,0.223722487688065,0.488572788953696,0.4930405110502718,normal_flow,A2391077.csv
A2391077,2010-01-09,nighttime,6,0.9855422035052586,3.120307779533869e-4,2.4507356094771167,0.223722487688065,0.488572788953696,0.4930405110502718,normal_flow,A2391077.csv
A2391077,2010-01-10,daytime,6,0.9665417910063172,0.00166045019830816,0.3100788221147491,0.224404141306877,0.485001785501726,0.4945403325000992,normal_flow,A2391077.csv
A2391077,2010-01-10,nighttime,6,0.9958911125116594,2.528974950362082e-5,0.9480167448068832,0.224404141306877,0.485001785501726,0.4945403325000992,normal_flow,A2391077.csv
A2391077,2010-01-11,daytime,6,0.950574724657311,0.00360391730330167,0.6555957069968249,0.237193137407303,0.43125818354957746,0.4962544141570448,normal_flow,A2391077.csv
A2391077,2010-01-11,nighttime,6,0.982603380841616,4.513310602898851e-4,0.731876785220997,0.237193137407303,0.43125818354957746,0.4962544141570448,normal_flow,A2391077.csv
A2391077,2010-01-12,daytime,6,0.1009583735327373,0.8490769535159827,0.48234875477109246,0.34250086545944203,0.3078800142840138,0.4928937031305797,normal_flow,A2391077.csv
A2391077,2010-01-12,nighttime,6,0.9844252790190834,3.619689053580352e-4,1.9571520675508831,0.34250086545944203,0.3078800142840138,0.4928937031305797,normal_flow,A2391077.csv
A2391077,2010-01-13,daytime,6,0.8759363316232303,0.02213290951509961,1.3660369388838849,0.200375750660896,0.5915367218188311,0.489048922747292,normal_flow,A2391077.csv
A2391077,2010-01-13,nighttime,6,0.9755561086201788,8.889530793744425e-4,0.3129890560823287,0.200375750660896,0.5915367218188311,0.489048922747292,normal_flow,A2391077.csv
A2391077,2010-01-14,daytime,6,0.9448183271500548,0.00448351096130838,1.6950935807709513,0.227933332324028,0.4687537197952625,0.4889616315517994,normal_flow,A2391077.csv
A2391077,2010-01-14,nighttime,6,0.9969150282786946,1.4260895866017025e-5,1.6575327477559605,0.227933332324028,0.4687537197952625,0.4889616315517994,normal_flow,A2391077.csv
A2391077,2010-01-15,daytime,6,0.9953891675371878,3.184065136751826e-5,0.98788053403974,0.229518547654152,0.4612546125461255,0.5014244335991747,normal_flow,A2391077.csv
A2391077,2010-01-15,nighttime,6,0.9775536401347936,7.501039302443871e-4,0.9235818958320468,0.229518547654152,0.4612546125461255,0.5014244335991747,normal_flow,A2391077.csv
A2391077,2010-01-16,daytime,6,-0.12342635115798842,0.815800615739316,-0.05690745510144142,0.156855583190918,0.6681942625877871,0.5086140538824743,normal_flow,A2391077.csv
A2391077,2010-01-16,nighttime,6,0.993285792390751,6.746953553068848e-5,1.8079008702830752,0.156855583190918,0.6681942625877871,0.5086140538824743,normal_flow,A2391077.csv
A2391077,2010-01-17,daytime,6,0.5182151072821555,0.2922598687039871,0.7663390954825647,0.217427909374237,0.5312462802047375,0.5048367257866128,normal_flow,A2391077.csv
A2391077,2010-01-17,nighttime,6,0.9517382127723212,0.00343759447964151,0.5969504582476216,0.217427909374237,0.5312462802047375,0.5048367257866128,normal_flow,A2391077.csv
A2391077,2010-01-18,daytime,6,0.9826328910789436,4.498056053505612e-4,0.6334908905632369,0.217919915914536,0.5282109272705631,0.5007419751616871,normal_flow,A2391077.csv
A2391077,2010-01-18,nighttime,6,0.9742930763379426,9.827747283878015e-4,0.372678776328557,0.217919915914536,0.5282109272705631,0.5007419751616871,normal_flow,A2391077.csv
A2391077,2010-01-19,daytime,6,0.9270586012396498,0.00778663103274986,0.8362407139089577,0.231853500008583,0.45095821925961194,0.4999246121493473,normal_flow,A2391077.csv
A2391077,2010-01-19,nighttime,6,0.9506041134734162,0.0035996685729009,1.1647769905719143,0.231853500008583,0.45095821925961194,0.4999246121493473,normal_flow,A2391077.csv
A2391077,2010-01-20,daytime,6,0.9466400526207824,0.00419496051468097,0.6971827554492857,0.234407156705856,0.4403642423521009,0.5071618458120065,normal_flow,A2391077.csv
A2391077,2010-01-20,nighttime,6,0.9991314582882176,1.131219459052977e-6,2.3808729937626776,0.234407156705856,0.4403642423521009,0.5071618458120065,normal_flow,A2391077.csv
A2391077,2010-01-21,daytime,6,0.98382493293792,3.903332276961373e-4,1.0942774514111788,0.222718268632889,0.493810260683252,0.4952704043169464,normal_flow,A2391077.csv
A2391077,2010-01-21,nighttime,6,0.9988662808344394,1.927250124064123e-6,1.4825453789677618,0.222718268632889,0.493810260683252,0.4952704043169464,normal_flow,A2391077.csv
A2391077,2010-03-25,daytime,6,-0.9800064122021632,5.956191756326432e-4,-0.5195018985767393,0.102896675467491,0.7456850374955363,0.7605721541086379,low_flow,A2391077.csv
A2391077,2010-03-25,nighttime,6,0.9279595220534288,0.00759780676065581,1.1126530911614478,0.102896675467491,0.7456850374955363,0.7605721541086379,low_flow,A2391077.csv
A2391077,2010-03-26,daytime,6,0.19775927864894816,0.7072281393700236,0.2501046371852627,0.16489876806736,0.6590286870610642,0.7800380907034877,low_flow,A2391077.csv
A2391077,2010-03-26,nighttime,6,0.9982689766679648,4.492069208761276e-6,1.0463231492304093,0.16489876806736,0.6590286870610642,0.7800380907034877,low_flow,A2391077.csv
A2391077,2010-03-27,daytime,6,-0.9912141097572726,1.154487013987622e-4,-0.5156315452874333,0.16495318710804,0.6589096536126652,0.786311153434115,low_flow,A2391077.csv
A2391077,2010-03-27,nighttime,6,0.9958866041600198,2.534523862363363e-5,0.28299863703603184,0.16495318710804,0.6589096536126652,0.786311153434115,low_flow,A2391077.csv
A2391077,2010-03-28,daytime,6,-0.98979590345262,1.556541359583992e-4,-0.34757930620692706,0.391346037387848,0.27353886442090225,0.7896758322421934,low_flow,A2391077.csv
A2391077,2010-03-28,nighttime,6,0.9991867312349628,9.9184017582295e-7,0.34700299326784817,0.391346037387848,0.27353886442090225,0.7896758322421934,low_flow,A2391077.csv
A2391077,2010-03-29,daytime,6,-0.9643427279490284,0.00188449351546511,-0.10260992125680132,0.0716189965605736,0.7918700154743483,0.7789509185414435,low_flow,A2391077.csv
A2391077,2010-03-29,nighttime,6,0.9875222092413348,2.3257152687351107e-4,0.9544645043602972,0.0716189965605736,0.7918700154743483,0.7789509185414435,low_flow,A2391077.csv
A2391077,2010-03-30,daytime,6,-0.9202265977459856,0.00929186274336556,-0.12911808232553676,0.0361459665000439,0.8718604927984763,0.7397889140181725,normal_flow,A2391077.csv
A2391077,2010-03-30,nighttime,6,0.991691603852513,1.0325740782150358e-4,0.12214464431696267,0.0361459665000439,0.8718604927984763,0.7397889140181725,normal_flow,A2391077.csv
A2391077,2010-03-31,daytime,6,-0.8920505669360895,0.01685064845317156,-0.0695945766780909,0.0345357432961464,0.8806094512558029,0.7327818116890846,normal_flow,A2391077.csv
A2391077,2010-03-31,nighttime,6,0.9808931852068646,5.441178913210336e-4,0.08095149011150972,0.0345357432961464,0.8806094512558029,0.7327818116890846,normal_flow,A2391077.csv
A2391077,2010-04-01,daytime,6,-0.8295857682487917,0.04108701483815268,-0.08030156219006082,0.0368780978024006,0.8676943221045114,0.7269848827520533,normal_flow,A2391077.csv
A2391077,2010-04-01,nighttime,6,0.9863107441782656,2.7981093341994986e-4,0.1163781215495758,0.0368780978024006,0.8676943221045114,0.7269848827520533,normal_flow,A2391077.csv
A2391077,2010-04-02,daytime,6,-0.24252287410941983,0.6433479645495948,-0.03132634281089453,0.036323681473732,0.8706701583144864,0.7149664722453676,normal_flow,A2391077.csv
A2391077,2010-04-02,nighttime,6,0.9309915269195008,0.00697893901741769,0.08326975087153214,0.036323681473732,0.8706701583144864,0.7149664722453676,normal_flow,A2391077.csv
A2391077,2010-04-03,daytime,6,-0.7407917901326629,0.09207538735826576,-0.04427915878697124,0.0338148139417171,0.8837043209141768,0.7127960957028925,normal_flow,A2391077.csv
A2391077,2010-04-03,nighttime,6,0.9538302746771412,0.00314825660630169,0.03352374369451706,0.0338148139417171,0.8837043209141768,0.7127960957028925,normal_flow,A2391077.csv
A2391077,2010-04-04,daytime,6,-0.8937659910902125,0.01632903627412747,-0.0188422246677984,0.0334901139140129,0.8851922390191644,0.72223148037932,normal_flow,A2391077.csv
A2391077,2010-04-04,nighttime,6,0.7922132741297603,0.06027735562299999,0.03393849562824239,0.0334901139140129,0.8851922390191644,0.72223148037932,normal_flow,A2391077.csv
A2391077,2010-04-05,daytime,6,-0.9607797963167072,0.00227717182875099,-0.01285521725423544,0.142306834459305,0.6896202832996072,0.7632821489505217,normal_flow,A2391077.csv
A2391077,2010-04-05,nighttime,6,0.8949017118725938,0.01598803578904761,0.02434262440051794,0.142306834459305,0.6896202832996072,0.7632821489505217,normal_flow,A2391077.csv
A2391077,2010-04-06,daytime,6,-0.8175500045845162,0.04689530344151664,-0.0983780000896959,0.383718132972717,0.27895488632305676,0.7615482283855096,normal_flow,A2391077.csv
A2391077,2010-04-06,nighttime,6,0.8496312869407373,0.03221615012123804,0.05524554064337693,0.383718132972717,0.27895488632305676,0.7615482283855096,normal_flow,A2391077.csv
A2391077,2016-02-12,daytime,6,-0.9999769347196752,7.980045992476226e-10,-0.3681140373049836,0.0375556796789169,0.8647780026187358,0.8073324604213784,low_flow,A2391077.csv
A2391077,2016-02-12,nighttime,6,-0.9999845432168852,3.5836636997429736e-10,-0.3941602211884283,0.0375556796789169,0.8647780026187358,0.8073324604213784,low_flow,A2391077.csv
A2391077,2016-02-13,daytime,6,-0.9999898909639184,1.5328839921681948e-10,-0.36421911659172623,0.037242703139782,0.8658493036543269,0.8082014045946911,low_flow,A2391077.csv
A2391077,2016-02-13,nighttime,6,-0.9999935947715182,6.154029646312717e-11,-0.381908854866411,0.037242703139782,0.8658493036543269,0.8082014045946911,low_flow,A2391077.csv
A2391077,2016-02-14,daytime,6,-0.9999859690870642,2.9529839561092907e-10,-0.3730374671242704,0.127044841647148,0.7112248541840257,0.80926477006705555,low_flow,A2391077.csv
A2391077,2016-02-14,nighttime,6,-0.9999754531485302,9.038144802939683e-10,-0.3856457839414492,0.127044841647148,0.7112248541840257,0.80926477006705555,low_flow,A2391077.csv
A2391077,2016-02-15,daytime,6,-0.9999913147768412,1.1314932439995124e-10,-0.3777340388138204,0.150904074311256,0.6777169384597072,0.8100821330793954,low_flow,A2391077.csv
A2391077,2016-02-15,nighttime,6,-0.9999992530152888,8.369790294782309e-13,-0.3892744278652139,0.150904074311256,0.6777169384597072,0.8100821330793954,low_flow,A2391077.csv
A2391077,2016-02-16,daytime,6,-0.9999952471659804,3.388409314569195e-11,-0.39142179407567385,0.0750333145260811,0.7872277109867872,0.7695234694282427,low_flow,A2391077.csv
A2391077,2016-02-16,nighttime,6,-0.9999870933038872,2.49873131807048e-10,-0.3959260517639274,0.0750333145260811,0.7872277109867872,0.7695234694282427,low_flow,A2391077.csv
A2391077,2016-02-17,daytime,6,-0.9999824975844532,4.5949914415536555e-10,-0.3964410074888222,0.138070553541183,0.6962266396857517,0.7149625044637543,normal_flow,A2391077.csv
A2391077,2016-02-17,nighttime,6,-0.999987245124892,2.4402922100074396e-10,-0.4081226624081614,0.138070553541183,0.6962266396857517,0.7149625044637543,normal_flow,A2391077.csv
A2391077,2016-02-18,daytime,6,-0.9999899730753694,1.508083222713476e-10,-0.3909345732060848,0.114415057003498,0.7300321390310678,0.7033607110264651,normal_flow,A2391077.csv
A2391077,2016-02-18,nighttime,6,-0.9998736362030296,2.3950704900664333e-8,-0.39941956503960446,0.114415057003498,0.7300321390310678,0.7033607110264651,normal_flow,A2391077.csv
A2391077,2016-02-19,daytime,6,-0.9999628620980529,2.0688100308294367e-9,-0.38458168923095926,0.0870821624994278,0.7684204261397453,0.6991032813553942,normal_flow,A2391077.csv
A2391077,2016-02-19,nighttime,6,-0.9999799294411008,6.042369593040068e-10,-0.3854651992964609,0.0870821624994278,0.7684204261397453,0.6991032813553942,normal_flow,A2391077.csv
A2391077,2016-02-20,daytime,6,-0.9999863741188992,2.7849568873698935e-10,-0.3904901826001099,0.0372085124254227,0.8659683371027259,0.6978494623655914,normal_flow,A2391077.csv
A2391077,2016-02-20,nighttime,6,-0.9996884183635454,1.4560954960548257e-7,-0.3900030413039786,0.0372085124254227,0.8659683371027259,0.6978494623655914,normal_flow,A2391077.csv
A2391077,2016-02-21,daytime,6,-0.9999735264738082,1.0512621065865627e-9,-0.39807292162576496,0.0363153927028179,0.8708487084870848,0.6971709717097171,normal_flow,A2391077.csv
A2391077,2016-02-21,nighttime,6,-0.9999844230592184,3.6395973636017135e-10,-0.40759518383070714,0.0363153927028179,0.8708487084870848,0.6971709717097171,normal_flow,A2391077.csv
A2391077,2016-02-22,daytime,6,-0.9999820019402224,4.858923185838157e-10,-0.3913694948732769,0.0367343798279762,0.8688251398643019,0.7067809387771297,normal_flow,A2391077.csv
A2391077,2016-02-22,nighttime,6,-0.9999759992724728,8.64045470123118e-10,-0.39855171226567426,0.0367343798279762,0.8688251398643019,0.7067809387771297,normal_flow,A2391077.csv
A2391077,2016-02-23,daytime,6,-0.999986418580009,2.766812008757549e-10,-0.39351098453677474,0.434564888477325,0.25032734198309725,0.7185057334444312,normal_flow,A2391077.csv
A2391077,2016-02-23,nighttime,6,-0.999624947138346,2.1097059521277857e-7,-0.3976969307166684,0.434564888477325,0.25032734198309725,0.7185057334444312,normal_flow,A2391077.csv
A2391077,2016-02-24,daytime,6,-0.9989079361290888,1.7882540476283495e-6,-0.3955565587615325,1.18159747123718,0.04201880728484704,0.7228226798397016,normal_flow,A2391077.csv
A2391077,2016-02-24,nighttime,6,-0.9770003378241828,7.873934583621181e-4,-0.4256085441561943,1.18159747123718,0.04201880728484704,0.7228226798397016,normal_flow,A2391077.csv
A2391077,2016-02-25,daytime,6,-0.9999214396217976,9.257357108121613e-9,-0.3903651367538116,0.143642649054527,0.6878347815736222,0.7331508153791215,normal_flow,A2391077.csv
A2391077,2016-02-25,nighttime,6,-0.999656547279296,1.7691940023626662e-7,-0.37434670086103666,0.143642649054527,0.6878347815736222,0.7331508153791215,normal_flow,A2391077.csv
A2391077,2016-02-26,daytime,6,-0.9999507096626028,3.6442461647376045e-9,-0.3922452575397514,0.0677658692002296,0.7992500892750863,0.7411895409276673,normal_flow,A2391077.csv
A2391077,2016-02-26,nighttime,6,-0.9999112792406936,1.1806710520798373e-8,-0.3950629560221072,0.0677658692002296,0.7992500892750863,0.7411895409276673,normal_flow,A2391077.csv
A2391077,2016-02-27,daytime,6,-0.99997968153901,6.192555913700909e-10,-0.3849434391883269,0.0430368520319462,0.8459707177716939,0.7436614688727532,normal_flow,A2391077.csv
A2391077,2016-02-27,nighttime,6,-0.9998364084601652,4.0141098824138136e-8,-0.3927167281025484,0.0430368520319462,0.8459707177716939,0.7436614688727532,normal_flow,A2391077.csv
A2391077,2016-02-28,daytime,6,-0.9999908563432108,1.2540930698586302e-10,-0.37859003297535754,0.0393356308341026,0.8556719438162124,0.7356068721977542,normal_flow,A2391077.csv
A2391077,2016-02-28,nighttime,6,-0.9997691384086248,7.993945943479061e-8,-0.383902915348301,0.0393356308341026,0.8556719438162124,0.7356068721977542,normal_flow,A2391077.csv
A2391077,2016-02-29,daytime,6,-0.999923606827541,8.753652285432008e-9,-0.38367666397937394,0.0394041314721107,0.8553743601952148,0.7291830337658215,normal_flow,A2391077.csv
A2391077,2016-02-29,nighttime,6,-0.9999732338010792,1.074634518951505e-9,-0.3866721721453438,0.0394041314721107,0.8553743601952148,0.7291830337658215,normal_flow,A2391077.csv
A2391077,2016-03-01,daytime,6,-0.999980280873705,5.832620789223218e-10,-0.3855269242747655,0.0398631170392036,0.8535888584692298,0.7259215172796889,normal_flow,A2391077.csv
A2391077,2016-03-01,nighttime,6,-0.9999658760816116,1.7466428416126251e-9,-0.3961306966025266,0.0398631170392036,0.8535888584692298,0.7259215172796889,normal_flow,A2391077.csv
A2391077,2016-03-02,daytime,6,-0.999966917892478,1.641620654193281e-9,-0.371712179758468,0.0403579846024513,0.8519819069158433,0.7565964369321112,low_flow,A2391077.csv
A2391077,2016-03-02,nighttime,6,-0.9998694339807764,2.5570115152671952e-8,-0.39071679242262025,0.0403579846024513,0.8519819069158433,0.7565964369321112,low_flow,A2391077.csv
A2391077,2016-03-03,daytime,6,-0.9999865530097078,2.712311061224858e-10,-0.3818215467430805,0.0407240353524685,0.8511486727770503,0.7986192119985716,low_flow,A2391077.csv
A2391077,2016-03-03,nighttime,6,-0.9999587115536313,2.557068512385231e-9,-0.3802550416476233,0.0407240353524685,0.8511486727770503,0.7986192119985716,low_flow,A2391077.csv
A2391077,2016-03-04,daytime,6,-0.9999588197545732,2.543684003137426e-9,-0.3835234492811283,0.0409905426204205,0.8506130222592548,0.8055628298218466,low_flow,A2391077.csv
A2391077,2016-03-04,nighttime,6,-0.9996937298298826,1.406877613676527e-7,-0.38598924721806926,0.0409905426204205,0.8506130222592548,0.8055628298218466,low_flow,A2391077.csv
A2391077,2016-03-05,daytime,6,-0.9999964827180136,1.8556887100149307e-11,-0.38366770735887373,0.0635528489947319,0.8054993453160338,0.8086973772963536,low_flow,A2391077.csv
A2391077,2016-03-05,nighttime,6,-0.9999859659649,2.954298297531032e-10,-0.3904305420538442,0.0635528489947319,0.8054993453160338,0.8086973772963536,low_flow,A2391077.csv
A2391077,2016-03-06,daytime,6,-0.999959381282466,2.474786813139466e-9,-0.39781739261510674,0.103275045752525,0.7451493869777407,0.8090386065150974,low_flow,A2391077.csv
A2391077,2016-03-06,nighttime,6,-0.9999811633282994,5.322269593164458e-10,-0.39670924804312174,0.103275045752525,0.7451493869777407,0.8090386065150974,low_flow,A2391077.csv
A2391077,2016-03-07,daytime,6,-0.9999754273113616,9.057181216786667e-10,-0.40429525946245054,0.0829023867845535,0.7744911320080943,0.8087846684918462,low_flow,A2391077.csv
A2391077,2016-03-07,nighttime,6,-0.999879594893204,2.174521183395824e-8,-0.40839233096312466,0.0829023867845535,0.7744911320080943,0.8087846684918462,low_flow,A2391077.csv
A2391077,2016-03-08,daytime,6,-0.9999203084751732,9.52585564380814e-9,-0.3974565475898934,0.0574113875627518,0.8199023925723128,0.8085862794111812,low_flow,A2391077.csv
A2391077,2016-03-08,nighttime,6,-0.993202272551372,6.915658927023797e-5,-0.3920734218896008,0.0574113875627518,0.8199023925723128,0.8085862794111812,low_flow,A2391077.csv
A2391077,2016-03-09,daytime,6,-0.9999857321081986,3.0535765240687017e-10,-0.3874215665097771,0.127558201551437,0.7104511367694322,0.8085664405031147,low_flow,A2391077.csv
A2391077,2016-03-09,nighttime,6,-0.9978740386038172,6.774763420622472e-6,-0.404775558493882,0.127558201551437,0.7104511367694322,0.8085664405031147,low_flow,A2391077.csv
A2391077,2016-03-10,daytime,6,-0.9999890533665758,1.797425191229662e-10,-0.3930169281233058,0.155292168259621,0.6723604332817522,0.7672459627822085,low_flow,A2391077.csv
A2391077,2016-03-10,nighttime,6,-0.9992773098929584,7.832327625709582e-7,-0.3940086388188594,0.155292168259621,0.6723604332817522,0.7672459627822085,low_flow,A2391077.csv
A2391077,2016-03-11,daytime,6,-0.999971479407948,1.2201246568182851e-9,-0.38400690884364386,0.0715682730078697,0.7919890489227472,0.7371106614291949,normal_flow,A2391077.csv
A2391077,2016-03-11,nighttime,6,-0.9999318860503223,6.959107203357362e-9,-0.39832297617930496,0.0715682730078697,0.7919890489227472,0.7371106614291949,normal_flow,A2391077.csv
A2391077,2016-03-12,daytime,6,-0.9999674193912956,1.5922268032244352e-9,-0.38407199314011087,0.0429122522473335,0.8462683013926914,0.7352656429790104,normal_flow,A2391077.csv
A2391077,2016-03-12,nighttime,6,-0.9999790362613457,6.59212900996863e-10,-0.38410703940657304,0.0429122522473335,0.8462683013926914,0.7352656429790104,normal_flow,A2391077.csv
A2391077,2016-03-13,daytime,6,-0.9999765928934355,8.218325442895507e-10,-0.3896086717958619,0.0407264567911625,0.8510891560528508,0.7385390628099829,normal_flow,A2391077.csv
A2391077,2016-03-13,nighttime,6,-0.999981212255134,5.294657198812004e-10,-0.3942319593995649,0.0407264567911625,0.8510891560528508,0.7385390628099829,normal_flow,A2391077.csv
A2391077,2016-03-14,daytime,6,-0.9999109668905624,1.1889988986165292e-8,-0.40540286692308936,0.0404377840459347,0.8518628734674444,0.7461611712891323,normal_flow,A2391077.csv
A2391077,2016-03-14,nighttime,6,-0.999963539747343,1.9940008014992212e-9,-0.3970877976653451,0.0404377840459347,0.8518628734674444,0.7461611712891323,normal_flow,A2391077.csv
A2391077,2016-03-15,daytime,6,-0.9997341108169262,1.0603618772203068e-7,-0.4014099841315577,0.0402110405266285,0.8523985239852399,0.7470856644050311,normal_flow,A2391077.csv
A2391077,2016-03-15,nighttime,6,-0.9998941815461092,1.6795725322326462e-8,-0.41016922122764526,0.0402110405266285,0.8523985239852399,0.7470856644050311,normal_flow,A2391077.csv
A2391077,2016-03-16,daytime,6,-0.9545599208390008,0.0030502888354677,-0.5176935877034008,0.0399830266833305,0.8532912748482323,0.7395905249375074,normal_flow,A2391077.csv
A2391077,2016-03-16,nighttime,6,-0.550093178838868,0.2580900188031327,-0.03219164082646184,0.0399830266833305,0.8532912748482323,0.7395905249375074,normal_flow,A2391077.csv
A2391077,2016-03-19,daytime,6,-0.957837764925126,0.00262900616544641,-0.4103283532628803,0.0549045205116272,0.8229377455064874,0.759675435464032,low_flow,A2391077.csv
A2391077,2016-03-19,nighttime,6,-0.9005894612538593,0.01433247272222778,-0.47285091546407154,0.0549045205116272,0.8229377455064874,0.759675435464032,low_flow,A2391077.csv
A2391077,2016-03-20,daytime,6,-0.8117838731243265,0.04980415826417791,-0.42776737711053825,0.0395438633859158,0.8546006427806213,0.7585128754513352,low_flow,A2391077.csv
A2391077,2016-03-20,nighttime,6,-0.9747235001175076,9.502775732981704e-4,-0.40681440645625433,0.0395438633859158,0.8546006427806213,0.7585128754513352,low_flow,A2391077.csv
A2391077,2016-03-21,daytime,6,-0.6822576617757412,0.13540062627516217,-0.16231987450999252,0.0386738106608391,0.8594810141649804,0.7573304765305717,low_flow,A2391077.csv
A2391077,2016-03-21,nighttime,6,-0.9812424236878547,5.244701082859651e-4,-0.4284108789498846,0.0386738106608391,0.8594810141649804,0.7573304765305717,low_flow,A2391077.csv
A2391077,2016-03-22,daytime,6,NA,NA,-4.040372262499475e-13,0.074062243103981,0.7883585287465777,0.7572947664960521,low_flow,A2391077.csv
A2391077,2016-03-22,nighttime,6,-0.9819364343607252,4.864916032815321e-4,-0.43428504709437754,0.074062243103981,0.7883585287465777,0.7572947664960521,low_flow,A2391077.csv
A2391077,2016-03-23,daytime,6,-0.28559874695598697,0.583249545263454,-0.8716243564707137,0.129727244377136,0.7074753005594572,0.7572987342776654,low_flow,A2391077.csv
A2391077,2016-03-23,nighttime,6,-0.6605674173133841,0.15326794333661595,-0.2627233938865049,0.129727244377136,0.7074753005594572,0.7572987342776654,low_flow,A2391077.csv
A2391077,2016-03-24,daytime,6,-0.9545884509984472,0.00304648912648666,-0.498817676605304,0.0427980087697506,0.8463278181168908,0.7576756735309288,low_flow,A2391077.csv
A2391077,2016-03-24,nighttime,6,-0.608060650203646,0.20032051434470716,-0.04564645374912563,0.0427980087697506,0.8463278181168908,0.7576756735309288,low_flow,A2391077.csv
A2391077,2016-03-25,daytime,6,-0.972491613565182,0.00112465903260743,-0.6994534384617275,0.0404380969703197,0.8518033567432448,0.7993056382176725,low_flow,A2391077.csv
A2391077,2016-03-25,nighttime,6,NA,NA,-0,0.0404380969703197,0.8518033567432448,0.7993056382176725,low_flow,A2391077.csv
A2391077,2016-03-26,daytime,6,-0.8365770625828138,0.03787831190171341,-0.10055463432900728,0.0801516324281693,0.7779431020116653,0.8308455342617942,low_flow,A2391077.csv
A2391077,2016-03-26,nighttime,6,-0.8013851939086508,0.05525429913285484,-0.5011248605875551,0.0801516324281693,0.7779431020116653,0.8308455342617942,low_flow,A2391077.csv
A2391077,2016-03-27,daytime,6,-0.9101903611153696,0.01173646485383959,-0.4228797064103597,0.0520859286189079,0.8288299012022379,0.8345197000357101,low_flow,A2391077.csv
A2391077,2016-03-27,nighttime,6,NA,NA,NA,0.0520859286189079,0.8288299012022379,0.8345197000357101,low_flow,A2391077.csv
A2391077,2016-03-28,daytime,6,-0.9665729710290408,0.00165737428146855,-0.7750515441604119,0.0493249855935574,0.8333531722413998,0.8350632861167321,low_flow,A2391077.csv
A2391077,2016-03-28,nighttime,6,NA,NA,3.156391815685181e-13,0.0493249855935574,0.8333531722413998,0.8350632861167321,low_flow,A2391077.csv
A2391077,2016-03-29,daytime,6,-0.9009565671059364,0.01422861409029541,-0.44200055033181535,0.0406570509076118,0.8513272229496488,0.8014561758520811,low_flow,A2391077.csv
A2391077,2016-03-29,nighttime,6,-0.971063997797075,0.00124382439041985,-0.4342880187876051,0.0406570509076118,0.8513272229496488,0.8014561758520811,low_flow,A2391077.csv
A2391077,2016-03-30,daytime,6,-0.8132590924450459,0.04905221981627928,-0.2773573432592306,0.0401315279304981,0.8524580407094393,0.7944292346149268,low_flow,A2391077.csv
A2391077,2016-03-30,nighttime,6,-0.952330626693318,0.00335439252049211,-0.4013664723700914,0.0401315279304981,0.8524580407094393,0.7944292346149268,low_flow,A2391077.csv
A2391077,2016-03-31,daytime,6,-0.6988534917354083,0.1223784582741416,-1.791097346218555,0.0387668050825596,0.8589453636471849,0.79523866206404,low_flow,A2391077.csv
A2391077,2016-03-31,nighttime,6,-0.9138159952694512,0.01082145028784863,-0.4180309278001039,0.0387668050825596,0.8589453636471849,0.79523866206404,low_flow,A2391077.csv
A2391077,2016-04-01,daytime,6,0.7334282682104006,0.09711937358474028,0.1453823666577318,0.0391144342720509,0.8566242114034044,0.7884140776891639,low_flow,A2391077.csv
A2391077,2016-04-01,nighttime,6,-0.6923741715771953,0.12739459793214805,-0.7635833587512728,0.0391144342720509,0.8566242114034044,0.7884140776891639,low_flow,A2391077.csv
A2391077,2016-04-02,daytime,6,-0.5079512887865979,0.30360246871224233,-0.7209554167963556,0.0361020304262638,0.8722175931436734,0.77340395984605,low_flow,A2391077.csv
A2391077,2016-04-02,nighttime,6,-0.7997126607862414,0.05615526224015623,-0.5625001206679375,0.0361020304262638,0.8722175931436734,0.77340395984605,low_flow,A2391077.csv
A2391077,2016-04-03,daytime,6,-0.5835242103283129,0.22405882837548735,-0.3142781044228787,0.0351632945239544,0.8780502321152244,0.7718446216720232,low_flow,A2391077.csv
A2391077,2016-04-03,nighttime,6,NA,NA,3.864255997660249e-13,0.0351632945239544,0.8780502321152244,0.7718446216720232,low_flow,A2391077.csv
A2391077,2016-04-04,daytime,6,-0.951023668548778,0.00353928226474026,-0.37315086892276694,0.0379865020513535,0.8627544339959529,0.7596952743720986,low_flow,A2391077.csv
A2391077,2016-04-04,nighttime,6,-0.8562324205355001,0.02951790090406578,-0.4470290052196854,0.0379865020513535,0.8627544339959529,0.7596952743720986,low_flow,A2391077.csv
A2391077,2016-04-05,daytime,6,-0.8559330355841566,0.02963785952405899,-0.6979200801279705,0.288334101438522,0.35537436019521484,0.7536285362853629,low_flow,A2391077.csv
A2391077,2016-04-05,nighttime,6,-0.8443690468077907,0.03444672222731847,-0.5109228713061204,0.288334101438522,0.35537436019521484,0.7536285362853629,low_flow,A2391077.csv
A2391077,2016-04-06,daytime,6,-0.8696816060316103,0.02436773463844319,-0.7225806451612702,0.14728656411171,0.6829544101892632,0.7551839066777765,low_flow,A2391077.csv
A2391077,2016-04-06,nighttime,6,-0.8685160540928719,0.02479549297570812,-0.428996736920177,0.14728656411171,0.6829544101892632,0.7551839066777765,low_flow,A2391077.csv
A2391077,2016-04-07,daytime,6,-0.9986472758470272,2.7435563013636e-6,-0.4993237189768715,0.1228192076087,0.7196167122961552,0.7586001666468277,low_flow,A2391077.csv
A2391077,2016-04-07,nighttime,6,-0.8166347647711014,0.04735158705017842,-0.2450281868734267,0.1228192076087,0.7196167122961552,0.7586001666468277,low_flow,A2391077.csv
A2391077,2016-04-08,daytime,6,-0.8724376831546437,0.02337036078078746,-0.18514399716543456,0.104355365037918,0.7439590524937507,0.754926000872912,low_flow,A2391077.csv
A2391077,2016-04-08,nighttime,6,-0.9343683746841516,0.00631991091328946,-0.4264521781123544,0.104355365037918,0.7439590524937507,0.754926000872912,low_flow,A2391077.csv
A2391077,2016-04-09,daytime,6,-0.7259525806365976,0.1023622290811943,-0.21793519436452224,0.184672296047211,0.6266515890965362,0.7504622465579495,low_flow,A2391077.csv
A2391077,2016-04-09,nighttime,6,-0.7539319051312126,0.0833746100137344,-0.22269927082422816,0.184672296047211,0.6266515890965362,0.7504622465579495,low_flow,A2391077.csv
A2391077,2016-04-10,daytime,6,-0.9535192304822429,0.00319048293581885,-0.5053951880501726,0.0959112644195557,0.7545530294012618,0.7500773717414594,low_flow,A2391077.csv
A2391077,2016-04-10,nighttime,6,-1,0,-0.9999999999937343,0.0959112644195557,0.7545530294012618,0.7500773717414594,low_flow,A2391077.csv
A2391077,2016-04-11,daytime,6,-0.8000242802763933,0.05598688935819294,-0.5313920234876438,0.172760203480721,0.6465896917033687,0.7520652303297226,low_flow,A2391077.csv
A2391077,2016-04-11,nighttime,6,-0.6295146223828482,0.1804628194380833,-0.31958762886619496,0.172760203480721,0.6465896917033687,0.7520652303297226,low_flow,A2391077.csv
A2391077,2016-04-12,daytime,6,-0.7844157897159957,0.06470502223561947,-0.02384933872685992,0.105549179017544,0.7423521009403642,0.755191842241003,low_flow,A2391077.csv
A2391077,2016-04-12,nighttime,6,NA,NA,1.4918255698628469e-12,0.105549179017544,0.7423521009403642,0.755191842241003,low_flow,A2391077.csv
A2391077,2016-04-13,daytime,6,-0.840733880956121,0.036028596979789,-0.6273467892583627,0.0356390699744225,0.8746577788358528,0.7827242788556917,low_flow,A2391077.csv
A2391077,2016-04-13,nighttime,6,NA,NA,2.810386643426712e-13,0.0356390699744225,0.8746577788358528,0.7827242788556917,low_flow,A2391077.csv
A2391077,2016-04-14,daytime,6,-0.9218732688530236,0.00891724475099124,-0.22562399575017344,0.0298839285969734,0.9037019402452088,0.785874697456652,low_flow,A2391077.csv
A2391077,2016-04-14,nighttime,6,-0.6039791224840821,0.2041943239910002,-0.6172925742577304,0.0298839285969734,0.9037019402452088,0.785874697456652,low_flow,A2391077.csv
A2391077,2016-04-15,daytime,6,NA,NA,-1.6270193210618126e-12,0.0648789182305336,0.8038328770384479,0.7941633932468357,low_flow,A2391077.csv
A2391077,2016-04-15,nighttime,6,-0.8501879196877679,0.03198432345839124,-0.4279225662295561,0.0648789182305336,0.8038328770384479,0.7941633932468357,low_flow,A2391077.csv
A2391077,2016-04-16,daytime,6,NA,NA,-1.9034449204605255e-12,0.0731436759233475,0.7896678966789668,0.8054239574653811,low_flow,A2391077.csv
A2391077,2016-04-16,nighttime,6,NA,NA,6.19488929143599e-13,0.0731436759233475,0.7896678966789668,0.8054239574653811,low_flow,A2391077.csv
A2391077,2016-04-17,daytime,6,-0.937363061455936,0.00576220465917823,-0.3971399422713559,0.037136185914278,0.8664444708963218,0.8246359560369797,low_flow,A2391077.csv
A2391077,2016-04-17,nighttime,6,-0.9199208291562334,0.00936224961202675,-0.6437676578574195,0.037136185914278,0.8664444708963218,0.8246359560369797,low_flow,A2391077.csv
A2391077,2016-04-18,daytime,6,-0.9517362771959949,0.00343786796559157,-0.5441958337189285,0.0277060437947512,0.907868110939174,0.8353807086457962,low_flow,A2391077.csv
A2391077,2016-04-18,nighttime,6,-0.9558389222094988,0.00288223970299517,-0.4935732744442378,0.0277060437947512,0.907868110939174,0.8353807086457962,low_flow,A2391077.csv
A2391077,2016-04-19,daytime,6,-0.6101701431184892,0.1983302771943564,-0.36263742689422257,0.0267942603677511,0.9096536126651588,0.8525254929968654,low_flow,A2391077.csv
A2391077,2016-04-19,nighttime,6,-0.9723305906206924,0.00113780252554801,-0.3944888313774914,0.0267942603677511,0.9096536126651588,0.8525254929968654,low_flow,A2391077.csv
A2391077,2016-04-20,daytime,6,-0.735041043959509,0.09600438287758847,-0.6328691322984895,0.0871040374040604,0.7683609094155458,0.8532277903424196,low_flow,A2391077.csv
A2391077,2016-04-20,nighttime,6,-0.9457092058591988,0.00434122469733161,-0.35521630249793085,0.0871040374040604,0.7683609094155458,0.8532277903424196,low_flow,A2391077.csv
A2391077,2016-04-21,daytime,6,-0.977561891957886,7.495545963051936e-4,-0.5118053270190804,0.114318884909153,0.7302106892036663,0.8136848787842718,low_flow,A2391077.csv
A2391077,2016-04-21,nighttime,6,-0.9816934873368196,4.996250926276924e-4,-0.14312705634849604,0.114318884909153,0.7302106892036663,0.8136848787842718,low_flow,A2391077.csv
A2391077,2016-04-22,daytime,6,-0.986380040801258,2.769916592522874e-4,-0.6002504604828647,0.044357892125845,0.8439471491489109,0.7751418481926755,low_flow,A2391077.csv
A2391077,2016-04-22,nighttime,6,NA,NA,-4.196486414410481e-13,0.044357892125845,0.8439471491489109,0.7751418481926755,low_flow,A2391077.csv
A2391077,2016-04-23,daytime,6,-0.950224130492774,0.0036547925051922,-0.41682288020041475,0.0253414250910282,0.912867515771932,0.741899773836448,normal_flow,A2391077.csv
A2391077,2016-04-23,nighttime,6,-0.893207279171013,0.01649805915055608,-0.3407353674648705,0.0253414250910282,0.912867515771932,0.741899773836448,normal_flow,A2391077.csv
A2391077,2016-04-24,daytime,6,-0.6682444958597238,0.14683578199626796,-0.2941175489313385,0.0242513064295053,0.9148315676705154,0.7114827599888902,normal_flow,A2391077.csv
A2391077,2016-04-24,nighttime,6,-0.941787678663042,0.00498438023291336,-0.4509355519390764,0.0242513064295053,0.9148315676705154,0.7114827599888902,normal_flow,A2391077.csv
A2391077,2016-04-25,daytime,6,-0.7852255804771006,0.06423851420325516,-0.17900684959042878,0.0238543897867203,0.915724318533508,0.6730151172479467,normal_flow,A2391077.csv
A2391077,2016-04-25,nighttime,6,-0.8796026716065956,0.02087066428516987,-0.4848156978738744,0.0238543897867203,0.915724318533508,0.6730151172479467,normal_flow,A2391077.csv
A2391077,2016-04-26,daytime,6,-0.9811417432534016,5.300974540787724e-4,-0.9951918849852508,0.0298456009477377,0.90376145696940835,0.6353410308296631,normal_flow,A2391077.csv
A2391077,2016-04-26,nighttime,6,-0.910727892742066,0.01159853626429419,-0.27206024395573686,0.0298456009477377,0.90376145696940835,0.6353410308296631,normal_flow,A2391077.csv
A2391077,2016-04-27,daytime,6,-0.9347792738006108,0.00624189858109264,-0.5641514751603776,0.0973908454179764,0.7528865611236758,0.6251200253938023,normal_flow,A2391077.csv
A2391077,2016-04-27,nighttime,6,-0.4646895141029991,0.3531374063509581,-0.2159364592579794,0.0973908454179764,0.7528865611236758,0.6251200253938023,normal_flow,A2391077.csv
A2391077,2016-04-28,daytime,6,NA,NA,8.354255653714808e-13,0.379502505064011,0.28151410546363526,0.6269610760623735,normal_flow,A2391077.csv
A2391077,2016-04-28,nighttime,6,-0.7963699749427264,0.05797600211265866,-0.5605825311126584,0.379502505064011,0.28151410546363526,0.6269610760623735,normal_flow,A2391077.csv
A2391077,2016-04-29,daytime,6,-0.8157504932699303,0.04779438095586887,-0.32654737552574026,0.320908278226852,0.3255564813712653,0.6368646589691703,normal_flow,A2391077.csv
A2391077,2016-04-29,nighttime,6,-0.44721359549995793,0.373900966300059,-0.3333333333357642,0.320908278226852,0.3255564813712653,0.6368646589691703,normal_flow,A2391077.csv
A2391077,2016-04-30,daytime,6,-0.9104503923030548,0.01166964328499349,-0.6420040836251089,0.345529973506927,0.3052017616950363,0.6222116414712534,normal_flow,A2391077.csv
A2391077,2016-04-30,nighttime,6,NA,NA,-2.0885689258914725e-12,0.345529973506927,0.3052017616950363,0.6222116414712534,normal_flow,A2391077.csv
A2391077,2016-05-01,daytime,6,-0.9399816232411116,0.00529520905826324,-0.3541041152970917,0.310222953557968,0.33341268896559934,0.5850890766972185,normal_flow,A2391077.csv
A2391077,2016-05-01,nighttime,6,-0.9141797211380304,0.01073164205846744,-0.7255721965244393,0.310222953557968,0.33341268896559934,0.5850890766972185,normal_flow,A2391077.csv
A2391077,2016-05-02,daytime,6,-0.99117680462393,1.1642972748339462e-4,-0.4488636703006933,0.366861373186111,0.2894298297821688,0.5391818434313376,normal_flow,A2391077.csv
A2391077,2016-05-02,nighttime,6,-0.997533170259994,9.120367812703796e-6,-0.4306788427499616,0.366861373186111,0.2894298297821688,0.5391818434313376,normal_flow,A2391077.csv
A2391077,2016-05-03,daytime,6,-0.997123157493511,1.2402429515930353e-5,-0.4193605502317406,0.300328403711319,0.34275681466492086,0.5222433837241598,normal_flow,A2391077.csv
A2391077,2016-05-03,nighttime,6,-0.9565899614248262,0.0027857455526983,-0.906482725955879,0.300328403711319,0.34275681466492086,0.5222433837241598,normal_flow,A2391077.csv
A2391077,2016-05-04,daytime,6,-0.9999896179607372,1.616795493557558e-10,-0.444628154226215,0.0939595103263855,0.7563385311272468,0.5088997341586319,normal_flow,A2391077.csv
A2391077,2016-05-04,nighttime,6,-0.927414778689987,0.00771170975954419,-0.4490426770112301,0.0939595103263855,0.7563385311272468,0.5088997341586319,normal_flow,A2391077.csv
A2391077,2016-05-05,daytime,6,-0.6580387977397061,0.15541215791302726,-0.2785951805714155,0.0696619302034378,0.7959766694441138,0.5083601158592231,normal_flow,A2391077.csv
A2391077,2016-05-05,nighttime,6,-0.9735499896865092,0.00104015231449012,-0.4572100182982444,0.0696619302034378,0.7959766694441138,0.5083601158592231,normal_flow,A2391077.csv
A2391077,2016-05-06,daytime,6,-0.9627853450417816,0.00205162595932717,-0.4161635963435458,0.0349579155445099,0.8787644328056183,0.5469864698646987,normal_flow,A2391077.csv
A2391077,2016-05-06,nighttime,6,-0.9980727625502598,5.567787166273835e-6,-0.474175869100006,0.0349579155445099,0.8787644328056183,0.5469864698646987,normal_flow,A2391077.csv
A2391077,2016-05-07,daytime,6,-0.901496968182965,0.01407639097869335,-0.5878989118024375,0.185726910829544,0.6241518866801571,0.5838828710867754,normal_flow,A2391077.csv
A2391077,2016-05-07,nighttime,6,-0.9223429716720152,0.00881176129009131,-0.5220550238457338,0.185726910829544,0.6241518866801571,0.5838828710867754,normal_flow,A2391077.csv
A2391077,2016-05-08,daytime,6,-0.90890850115182,0.0120685685475029,-0.3880169985606512,0.287684947252274,0.35602904416140935,0.622536999563544,normal_flow,A2391077.csv
A2391077,2016-05-08,nighttime,6,-0.911436187309707,0.01141799607875081,-0.4331674924974557,0.287684947252274,0.35602904416140935,0.622536999563544,normal_flow,A2391077.csv
A2391077,2016-05-09,daytime,6,-0.984371745204296,3.644549811162639e-4,-0.4463448656522179,0.483268201351166,0.22622306868229972,0.6458120065071619,normal_flow,A2391077.csv
A2391077,2016-05-09,nighttime,6,-0.9198239394382224,0.00938460712700843,-0.7820542678835877,0.483268201351166,0.22622306868229972,0.6458120065071619,normal_flow,A2391077.csv
A2391077,2016-05-10,daytime,6,-0.9739215841481744,0.0010112579062835,-0.509081297141234,0.162615805864334,0.6616474229258421,0.6706185771535135,normal_flow,A2391077.csv
A2391077,2016-05-10,nighttime,6,-0.9768226005918604,7.995624100308707e-4,-0.5009642098874235,0.162615805864334,0.6616474229258421,0.6706185771535135,normal_flow,A2391077.csv
A2391077,2016-05-11,daytime,6,-0.9990223962629472,1.4330964476718846e-6,-0.43406561107620145,0.132543995976448,0.7036067134864897,0.6806808713248422,normal_flow,A2391077.csv
A2391077,2016-05-11,nighttime,6,-0.9945240868250904,4.489633830895152e-5,-0.45353183555025095,0.132543995976448,0.7036067134864897,0.6806808713248422,normal_flow,A2391077.csv
A2391077,2016-05-12,daytime,6,-0.999556268108142,2.953033028187603e-7,-0.4602814759753907,0.103895254433155,0.7447922866325437,0.6795064079673054,normal_flow,A2391077.csv
A2391077,2016-05-12,nighttime,6,-0.9543848786171348,0.00307365236032047,-0.5183636064687206,0.103895254433155,0.7447922866325437,0.6795064079673054,normal_flow,A2391077.csv
A2391077,2016-05-13,daytime,6,-0.9086021994117328,0.01214858851659221,-0.5165303451366984,0.0383578576147556,0.8609094155457684,0.6817363012339801,normal_flow,A2391077.csv
A2391077,2016-05-13,nighttime,6,-0.971098340134988,0.00124088805030605,-0.44989706586224454,0.0383578576147556,0.8609094155457684,0.6817363012339801,normal_flow,A2391077.csv
A2391077,2016-05-14,daytime,6,-0.9874077048464288,2.368504915623487e-4,-0.4372822700076515,0.0349400229752064,0.8790024997024164,0.6795341824385985,normal_flow,A2391077.csv
A2391077,2016-05-14,nighttime,6,-0.8269224636946255,0.0423414094238664,-0.33225737685382833,0.0349400229752064,0.8790024997024164,0.6795341824385985,normal_flow,A2391077.csv
A2391077,2016-05-15,daytime,6,-0.9570830870337864,0.00272326862472648,-0.933318999637526,0.0335217528045177,0.8850136888465658,0.6479109629805976,normal_flow,A2391077.csv
A2391077,2016-05-15,nighttime,6,-0.9983805014357422,3.932039608790749e-6,-0.4157926221959875,0.0335217528045177,0.8850136888465658,0.6479109629805976,normal_flow,A2391077.csv
A2391077,2016-05-16,daytime,6,-0.994506818591561,4.517968448921204e-5,-0.44349736894755143,0.147403419017792,0.6825377931198667,0.6450263857477284,normal_flow,A2391077.csv
A2391077,2016-05-16,nighttime,6,NA,NA,-9.732418161691617e-14,0.147403419017792,0.6825377931198667,0.6450263857477284,normal_flow,A2391077.csv
A2391077,2016-05-17,daytime,6,-0.9579930046992376,0.00260981896864855,-0.3718471664770755,0.162735775113106,0.6615283894774432,0.6813752331071697,normal_flow,A2391077.csv
A2391077,2016-05-17,nighttime,6,-0.9944806564027684,4.561066231016706e-5,-0.45523866788447354,0.162735775113106,0.6615283894774432,0.6813752331071697,normal_flow,A2391077.csv
A2391077,2016-05-18,daytime,6,-0.9984121919425456,3.77970010219734e-6,-0.4334194507535584,0.222753912210464,0.493691227234853,0.6435225965162877,normal_flow,A2391077.csv
A2391077,2016-05-18,nighttime,6,-0.8622899104566201,0.02714033133940451,-0.43967831418181336,0.222753912210464,0.493691227234853,0.6435225965162877,normal_flow,A2391077.csv
A2391077,2016-05-19,daytime,6,-0.9979215715690172,6.47530784922635e-6,-0.4366997708311629,0.109149448573589,0.7387215807641947,0.6102884577232869,normal_flow,A2391077.csv
A2391077,2016-05-19,nighttime,6,-0.9979783510588464,6.12646535715089e-6,-0.4321159614843203,0.109149448573589,0.7387215807641947,0.6102884577232869,normal_flow,A2391077.csv
A2391077,2016-05-20,daytime,6,-0.724285718995464,0.1035478727346998,-0.17486274299141374,0.0515260249376297,0.8294250684442328,0.5741975161687101,normal_flow,A2391077.csv
A2391077,2016-05-20,nighttime,6,-0.33448494976879206,0.5169836938117629,-0.01364403640213707,0.0515260249376297,0.8294250684442328,0.5741975161687101,normal_flow,A2391077.csv
A2391077,2016-05-21,daytime,6,-0.9992267043072932,8.967481324507585e-7,-0.4940475714277455,0.0431878678500652,0.8457326508748958,0.5439868269650439,normal_flow,A2391077.csv
A2391077,2016-05-21,nighttime,6,NA,NA,7.464208277039976e-13,0.0431878678500652,0.8457326508748958,0.5439868269650439,normal_flow,A2391077.csv
A2391077,2016-05-22,daytime,6,-0.995745032960406,2.7118599216476673e-5,-0.4334040486707564,0.670013129711151,0.14980359481014166,0.5082569535372773,normal_flow,A2391077.csv
A2391077,2016-05-22,nighttime,6,-0.9948791495896508,3.926752107870943e-5,-0.43255158376429426,0.670013129711151,0.14980359481014166,0.5082569535372773,normal_flow,A2391077.csv
A2391077,2016-05-23,daytime,6,0.7337444158310941,0.09690035390917384,16.058265125575726,0.336331069469452,0.31276038566837283,0.46570646351624806,normal_flow,A2391077.csv
A2391077,2016-05-23,nighttime,6,-0.9999800256218928,5.984596865014879e-10,-0.46480154357582737,0.336331069469452,0.31276038566837283,0.46570646351624806,normal_flow,A2391077.csv
A2391077,2016-05-24,daytime,6,-0.999964050087282,1.938571105876984e-9,-0.4691898554915191,0.0855254456400871,0.7714557790739198,0.44171725588223626,normal_flow,A2391077.csv
A2391077,2016-05-24,nighttime,6,-0.9934889740246088,6.34521764211402e-5,-0.5306817907844716,0.0855254456400871,0.7714557790739198,0.44171725588223626,normal_flow,A2391077.csv
A2391077,2016-05-25,daytime,6,-0.96363455075861,0.00195962317819345,-0.4736117818256149,0.875751912593842,0.0938578740626116,0.4165416815458477,normal_flow,A2391077.csv
A2391077,2016-05-25,nighttime,6,-0.9998448573900272,3.610197706220161e-8,-0.4651975513288912,0.875751912593842,0.0938578740626116,0.4165416815458477,normal_flow,A2391077.csv
A2391077,2016-06-06,daytime,6,0.9642147413559774,0.00189796407632878,61.28814823609143,0.731049299240112,0.13200809427449114,0.1948736261556164,high_flow,A2391077.csv
A2391077,2016-06-06,nighttime,6,0.07050119470721757,0.8944234181588149,3.336740476928327,0.731049299240112,0.13200809427449114,0.1948736261556164,high_flow,A2391077.csv
A2391077,2016-06-07,daytime,6,-0.9999822699900164,4.715270942809201e-10,-0.4857014514109855,0.457005113363266,0.23913819783359125,0.1890409871840654,high_flow,A2391077.csv
A2391077,2016-06-07,nighttime,6,-0.999217110363792,9.1913435085925e-7,-0.4966955339194471,0.457005113363266,0.23913819783359125,0.1890409871840654,high_flow,A2391077.csv
A2391077,2016-06-08,daytime,6,-0.9998838654706572,2.0230060191977793e-8,-0.4915241397353909,1.00361585617065,0.06648018093084157,0.17808197436813078,high_flow,A2391077.csv
A2391077,2016-06-08,nighttime,6,-0.9996497655008274,1.839748259978945e-7,-0.4921257975951051,1.00361585617065,0.06648018093084157,0.17808197436813078,high_flow,A2391077.csv
A2391077,2016-06-09,daytime,6,-0.9998841584780728,2.0128110049987688e-8,-0.4909775177525541,0.578481614589691,0.18360909415545767,0.16867833194460977,high_flow,A2391077.csv
A2391077,2016-06-09,nighttime,6,-0.9992741085263116,7.901864045618945e-7,-0.49016164458564226,0.578481614589691,0.18360909415545767,0.16867833194460977,high_flow,A2391077.csv
A2391077,2016-06-10,daytime,6,-0.999949130287886,3.881525597345507e-9,-0.49425972547398184,0.790315389633179,0.1140935602904416,0.16253223822560806,high_flow,A2391077.csv
A2391077,2016-06-10,nighttime,6,-0.9999384267188298,5.68678671065731e-9,-0.49024774116085823,0.790315389633179,0.1140935602904416,0.16253223822560806,high_flow,A2391077.csv
A2391077,2016-06-11,daytime,6,0.9141862759376956,0.01073002692851099,88.77691633997618,0.665707170963287,0.15123199619092964,0.15769551243899535,high_flow,A2391077.csv
A2391077,2016-06-11,nighttime,6,-0.9998709726032204,2.4971029651092057e-8,-0.493845958772111,0.665707170963287,0.15123199619092964,0.15769551243899535,high_flow,A2391077.csv
A2391077,2016-06-12,daytime,6,0.9389178333746278,0.0054825968884288,78.60191204325737,0.656599879264832,0.15450541602190215,0.15257310637622506,high_flow,A2391077.csv
A2391077,2016-06-12,nighttime,6,-0.9089338816182294,0.01206194948933137,-0.48989229432189496,0.656599879264832,0.15450541602190215,0.15257310637622506,high_flow,A2391077.csv
A2391077,2016-06-18,daytime,6,0.1712947460101703,0.7455709367831642,19.298754271105455,0.548007726669312,0.1967622902035472,0.12890925683450383,high_flow,A2391077.csv
A2391077,2016-06-18,nighttime,6,0.27387672126742457,0.5994564534329687,8.72664452368161,0.548007726669312,0.1967622902035472,0.12890925683450383,high_flow,A2391077.csv
A2391077,2016-06-19,daytime,6,-0.7301145907287558,0.09942822638513292,-107.43379754962668,0.549644231796265,0.1960480895131532,0.11995000595167242,high_flow,A2391077.csv
A2391077,2016-06-19,nighttime,6,-0.07643787079524664,0.8855664974189917,-11.774125218093946,0.549644231796265,0.1960480895131532,0.11995000595167242,high_flow,A2391077.csv
A2391077,2016-06-20,daytime,6,-0.5599921502855254,0.24781608211778147,-17.069187969341424,0.554957628250122,0.1934888703725747,0.1113121453795183,high_flow,A2391077.csv
A2391077,2016-06-20,nighttime,6,-0.9999700522500732,1.345288158935162e-9,-0.5091033350445944,0.554957628250122,0.1934888703725747,0.1113121453795183,high_flow,A2391077.csv
A2391077,2016-06-23,daytime,6,-0.00247891281234372,0.9962816383979548,-0.1819571769042616,2.5546541213989298,6.546839661945007e-4,0.08114113399198508,high_flow,A2391077.csv
A2391077,2016-06-23,nighttime,6,0.07755320652826497,0.8839034120818396,1.4645148416783935,2.5546541213989298,6.546839661945007e-4,0.08114113399198508,high_flow,A2391077.csv
A2391077,2016-07-03,daytime,6,0.3806580645821946,0.4565916868956251,0.4059091898256539,1.85843944549561,0.006784906558743,0.01019719874618101,high_flow,A2391077.csv
A2391077,2016-07-03,nighttime,6,0.41843736381193447,0.4089760171929582,80.87428278715248,1.85843944549561,0.006784906558743,0.01019719874618101,high_flow,A2391077.csv
A2391077,2016-07-04,daytime,6,-0.9996464675820668,1.8745566263967941e-7,-0.5110443951763622,3.04351544380188,5.951672419950006e-5,0.0091020910209102,high_flow,A2391077.csv
A2391077,2016-07-04,nighttime,6,-0.9991869010066556,9.914261774083918e-7,-0.5030301211002675,3.04351544380188,5.951672419950006e-5,0.0091020910209102,high_flow,A2391077.csv
A2391077,2016-07-05,daytime,6,-0.7049274922080941,0.11775602246943932,-1.8958482495220277,2.00136590003967,0.0043447208665635,0.0075229139388168,high_flow,A2391077.csv
A2391077,2016-07-05,nighttime,6,0.757110566893164,0.08132825041380139,61.608601253210445,2.00136590003967,0.0043447208665635,0.0075229139388168,high_flow,A2391077.csv
A2391077,2016-07-07,daytime,6,-0.9997496850753044,9.397850022660529e-8,-0.4965167554735736,1.72812962532043,0.01005832638971551,0.0076776574217355,high_flow,A2391077.csv
A2391077,2016-07-07,nighttime,6,-0.999680683035068,1.5292870683050802e-7,-0.4833764146572598,1.72812962532043,0.01005832638971551,0.0076776574217355,high_flow,A2391077.csv
A2391077,2016-07-08,daytime,6,-0.9889457837584804,1.826181562437862e-4,-0.5301549822629542,1.67543113231659,0.01101059397690751,0.0080704678014522,high_flow,A2391077.csv
A2391077,2016-07-08,nighttime,6,-0.995745001895832,2.711899491050672e-5,-0.49547456832155073,1.67543113231659,0.01101059397690751,0.0080704678014522,high_flow,A2391077.csv
A2391077,2016-07-09,daytime,6,-0.9993212719823564,6.908512474990799e-7,-0.5004319043540918,1.7441463470459,0.00964170932031901,0.0076895607665754,high_flow,A2391077.csv
A2391077,2016-07-09,nighttime,6,-0.9247151768155564,0.00828835706921991,-0.4691962084608398,1.7441463470459,0.00964170932031901,0.0076895607665754,high_flow,A2391077.csv
A2391077,2016-07-10,daytime,6,-0.9997890566677092,6.674094097480339e-8,-0.5162470479639326,2.08308744430542,0.0033924532793715,0.0082569535372773,high_flow,A2391077.csv
A2391077,2016-07-10,nighttime,6,-0.9999081064249132,1.2666255718916308e-8,-0.5019042439075811,2.08308744430542,0.0033924532793715,0.0082569535372773,high_flow,A2391077.csv
A2391077,2016-07-11,daytime,6,-0.9999895331315644,1.6433242892249686e-10,-0.5124735710715659,2.70072031021118,4.166170693965004e-4,0.0096179026306392,high_flow,A2391077.csv
A2391077,2016-07-11,nighttime,6,0.02844365039793503,0.9573460304463046,0.20352493955743176,2.70072031021118,4.166170693965004e-4,0.0096179026306392,high_flow,A2391077.csv
A2391077,2016-07-14,daytime,6,0.9239981049179627,0.00844492766469131,34.008602133600576,1.76555502414703,0.008689441733127,0.01680752291393881,high_flow,A2391077.csv
A2391077,2016-07-14,nighttime,6,-0.5113627096410536,0.29981451855797503,-0.34603355320160534,1.76555502414703,0.008689441733127,0.01680752291393881,high_flow,A2391077.csv
A2391077,2016-07-15,daytime,6,0.7738493986596542,0.07093300786832402,3.1808569714893697,1.63216030597687,0.01297464587549101,0.01716859104074911,high_flow,A2391077.csv
A2391077,2016-07-15,nighttime,6,-0.43125679317355686,0.39321790161517856,-1.415411287349735,1.63216030597687,0.01297464587549101,0.01716859104074911,high_flow,A2391077.csv
A2391077,2016-07-21,daytime,6,-0.9999088307616436,1.2467366142093164e-8,-0.5072598030600299,1.21480691432953,0.03844780383287704,0.02449708368051422,high_flow,A2391077.csv
A2391077,2016-07-21,nighttime,6,-0.9983738367302436,3.964460351106626e-6,-0.4972880295461389,1.21480691432953,0.03844780383287704,0.02449708368051422,high_flow,A2391077.csv
A2391077,2016-07-22,daytime,6,-0.9999530855846968,3.3013919164177974e-9,-0.49175376193637177,1.55246210098267,0.01547434829187001,0.02523112327897472,high_flow,A2391077.csv
A2391077,2016-07-22,nighttime,6,-0.9996826243905228,1.5107493204608604e-7,-0.49690712657729247,1.55246210098267,0.01547434829187001,0.02523112327897472,high_flow,A2391077.csv
A2391077,2016-07-23,daytime,6,-0.9991627811138146,1.051109776874309e-6,-0.4964190586181327,1.03183686733246,0.06243304368527556,0.02578264492322342,high_flow,A2391077.csv
A2391077,2016-07-23,nighttime,6,-0.9999642012604604,1.9223016899941735e-9,-0.5004479849896789,1.03183686733246,0.06243304368527556,0.02578264492322342,high_flow,A2391077.csv
A2391077,2016-07-29,daytime,6,-0.99997501192543,9.36598004737953e-10,-0.5069465283150664,1.46572089195251,0.01970003571003452,0.03780105542990913,high_flow,A2391077.csv
A2391077,2016-07-29,nighttime,6,-0.9980184903425292,5.885680703513573e-6,-0.5066301846673215,1.46572089195251,0.01970003571003452,0.03780105542990913,high_flow,A2391077.csv
A2391077,2016-07-30,daytime,6,-0.9999314566890918,7.047117190793891e-9,-0.5069051244901941,1.4443416595459,0.02124747053922152,0.04432012062056104,high_flow,A2391077.csv
A2391077,2016-07-30,nighttime,6,-0.9994148347417716,5.135273834865279e-7,-0.4929269259108717,1.4443416595459,0.02124747053922152,0.04432012062056104,high_flow,A2391077.csv
A2391077,2016-07-31,daytime,6,-0.999982092583534,4.81010475494477e-10,-0.5002706663243696,1.25390863418579,0.03440066658731103,0.04864500257905805,high_flow,A2391077.csv
A2391077,2016-07-31,nighttime,6,-0.9999079094777268,1.2720605944460133e-8,-0.5106572907433221,1.25390863418579,0.03440066658731103,0.04864500257905805,high_flow,A2391077.csv
A2391077,2016-08-01,daytime,6,-0.9997578667629252,8.793565878976063e-8,-0.5090100204304824,1.28490030765533,0.03172241399833353,0.05403325000991945,high_flow,A2391077.csv
A2391077,2016-08-01,nighttime,6,-0.9999843707264112,3.6640938045094533e-10,-0.5091209863481083,1.28490030765533,0.03172241399833353,0.05403325000991945,high_flow,A2391077.csv
A2391077,2016-08-02,daytime,6,-0.9999500752415416,3.738660042428474e-9,-0.5130633055534077,1.10029029846191,0.05296988453755505,0.05545768360909416,high_flow,A2391077.csv
A2391077,2016-08-02,nighttime,6,-0.9999880428567554,2.1445905708303267e-10,-0.521008812593957,1.10029029846191,0.05296988453755505,0.05545768360909416,high_flow,A2391077.csv
A2391077,2016-08-03,daytime,6,-0.999968885018,1.4521980954309236e-9,-0.5119382387336073,1.0079619884491,0.06588501368884657,0.06204023330555886,high_flow,A2391077.csv
A2391077,2016-08-03,nighttime,6,-0.999871895754144,2.4614995569498616e-8,-0.5172781966818952,1.0079619884491,0.06588501368884657,0.06204023330555886,high_flow,A2391077.csv
A2391077,2016-08-04,daytime,6,-0.9996471623670516,1.867196296831453e-7,-0.521478377270949,0.922201037406921,0.08266872991310559,0.07080506288933858,high_flow,A2391077.csv
A2391077,2016-08-04,nighttime,6,-0.99970022893425,1.3478056867395758e-7,-0.5133163046437759,0.922201037406921,0.08266872991310559,0.07080506288933858,high_flow,A2391077.csv
A2391077,2016-08-05,daytime,6,-0.9998820782333688,2.0857494684982483e-8,-0.5098931247877385,0.852347135543823,0.1001071301035591,0.07546323850335278,high_flow,A2391077.csv
A2391077,2016-08-05,nighttime,6,-0.9997660307252944,8.210602833062928e-8,-0.5273705523220468,0.852347135543823,0.1001071301035591,0.07546323850335278,high_flow,A2391077.csv
A2391077,2016-08-06,daytime,6,-0.9999261266475744,8.185706724373491e-9,-0.5155612545111266,0.793227136135101,0.11326032615164862,0.08473197635202158,high_flow,A2391077.csv
A2391077,2016-08-06,nighttime,6,-0.9999861141369428,2.892244505469691e-10,-0.5164681843113637,0.793227136135101,0.11326032615164862,0.08473197635202158,high_flow,A2391077.csv
A2391077,2016-08-07,daytime,6,-0.9999486538045574,3.954579994270869e-9,-0.5155615444965858,0.744373440742493,0.12730627306273062,0.096151251835099,high_flow,A2391077.csv
A2391077,2016-08-07,nighttime,6,-0.9998514700932088,3.3090061448092126e-8,-0.5192246307341745,0.744373440742493,0.12730627306273062,0.096151251835099,high_flow,A2391077.csv
A2391077,2016-08-08,daytime,6,-0.9999844804189546,3.612842247329244e-10,-0.51602513198663,0.853671669960022,0.0995714795857636,0.1077966908701345,high_flow,A2391077.csv
A2391077,2016-08-08,nighttime,6,-0.9999142970193092,1.1017186604712253e-8,-0.5221096847456512,0.853671669960022,0.0995714795857636,0.1077966908701345,high_flow,A2391077.csv
A2391077,2016-08-09,daytime,6,-0.9999299302804254,7.3644763889401745e-9,-0.505248159263159,1.30378329753876,0.03065111296274253,0.11357378089909932,high_flow,A2391077.csv
A2391077,2016-08-09,nighttime,6,-0.997290374321608,1.1003159843014832e-5,-0.4992085436859688,1.30378329753876,0.03065111296274253,0.11357378089909932,high_flow,A2391077.csv
A2391077,2016-08-10,daytime,6,-0.9998690463095204,2.5722180721466207e-8,-0.5113783972491973,0.850378215312958,0.1007618140697536,0.12354481609332224,high_flow,A2391077.csv
A2391077,2016-08-10,nighttime,6,-0.9999581769192571,2.623718546397282e-9,-0.5131671754786798,0.850378215312958,0.1007618140697536,0.12354481609332224,high_flow,A2391077.csv
A2391077,2016-08-11,daytime,6,-0.9999070496913774,1.2959238275363546e-8,-0.5194217705193505,0.643716812133789,0.15962385430305917,0.12140618180375352,high_flow,A2391077.csv
A2391077,2016-08-11,nighttime,6,-0.9999522363739642,3.421991475016654e-9,-0.5263521010152954,0.643716812133789,0.15962385430305917,0.12140618180375352,high_flow,A2391077.csv
A2391077,2016-08-12,daytime,6,-0.9977868713993224,7.341487421144028e-6,-0.5029240067405524,0.881998717784882,0.0920723723366266,0.12051739872237432,high_flow,A2391077.csv
A2391077,2016-08-12,nighttime,6,-0.9999355765799276,6.2254318899965805e-9,-0.5213746729308896,0.881998717784882,0.0920723723366266,0.12051739872237432,high_flow,A2391077.csv
A2391077,2016-08-13,daytime,6,-0.9999467133226444,4.259129322456618e-9,-0.5116457227208748,0.645517706871033,0.15873110344006666,0.11447049954370513,high_flow,A2391077.csv
A2391077,2016-08-13,nighttime,6,-0.9983215108425229,4.2236243522049895e-6,-0.5340796119172115,0.645517706871033,0.15873110344006666,0.11447049954370513,high_flow,A2391077.csv
A2391077,2016-08-14,daytime,6,-0.999978106787969,7.189638527084781e-10,-0.4978117247875547,0.557390153408051,0.1925366027853827,0.10748720390429713,high_flow,A2391077.csv
A2391077,2016-08-14,nighttime,6,-0.9989459927849644,1.6658113492655065e-6,-0.5166936785600723,0.557390153408051,0.1925366027853827,0.10748720390429713,high_flow,A2391077.csv
A2391077,2016-08-15,daytime,6,-0.999977891868482,7.331488159387527e-10,-0.48826294069136233,0.519909024238586,0.2090822521128437,0.1028210927270563,high_flow,A2391077.csv
A2391077,2016-08-15,nighttime,6,-0.9997782698813076,7.37409177060237e-8,-0.49990720539623373,0.519909024238586,0.2090822521128437,0.1028210927270563,high_flow,A2391077.csv
A2391077,2016-08-16,daytime,6,-0.9999591213290095,2.5065644574458004e-9,-0.4960661947203096,0.776262521743774,0.11837876443280562,0.099960322183867,high_flow,A2391077.csv
A2391077,2016-08-16,nighttime,6,-0.9999781979979452,7.129857588454324e-10,-0.4943619583063637,0.776262521743774,0.11837876443280562,0.099960322183867,high_flow,A2391077.csv
A2391077,2016-08-17,daytime,6,-0.9999574525580994,2.715388706930435e-9,-0.48862360808263205,0.533467531204224,0.2025354124508987,0.1013569813117486,high_flow,A2391077.csv
A2391077,2016-08-17,nighttime,6,-0.9996982553497512,1.3656101403037389e-7,-0.4964209827402308,0.533467531204224,0.2025354124508987,0.1013569813117486,high_flow,A2391077.csv
A2391077,2016-08-18,daytime,6,-0.9999799431437596,6.03412189162905e-10,-0.4785745133803414,1.2623152732849101,0.03380549934531603,0.0980319803198032,high_flow,A2391077.csv
A2391077,2016-08-18,nighttime,6,-0.9999948826439338,3.928093265752971e-11,-0.48641765051053015,1.2623152732849101,0.03380549934531603,0.0980319803198032,high_flow,A2391077.csv
A2391077,2016-08-19,daytime,6,-0.9999135182116896,1.1218326161061314e-8,-0.4846625564862917,0.989889860153198,0.06933698369241757,0.0913859461175257,high_flow,A2391077.csv
A2391077,2016-08-19,nighttime,6,-0.999908241382988,1.2629079406515808e-8,-0.4836830020309704,0.989889860153198,0.06933698369241757,0.0913859461175257,high_flow,A2391077.csv
A2391077,2016-08-20,daytime,6,-0.9999916646334752,1.0421721308747673e-10,-0.501922967089379,1.75020694732666,0.00940364242352101,0.09000119033448399,high_flow,A2391077.csv
A2391077,2016-08-20,nighttime,6,-0.9999690147155508,1.4401169042890663e-9,-0.5038221370848192,1.75020694732666,0.00940364242352101,0.09000119033448399,high_flow,A2391077.csv
A2391077,2016-08-21,daytime,6,-0.9999698892908252,1.35996856051219e-9,-0.5019974780894596,1.77350008487701,0.0085108915605285,0.08505733444431218,high_flow,A2391077.csv
A2391077,2016-08-21,nighttime,6,-0.9981634036425946,5.056531771156474e-6,-0.5379914856105191,1.77350008487701,0.0085108915605285,0.08505733444431218,high_flow,A2391077.csv
A2391077,2016-08-22,daytime,6,-0.999978779847326,6.754375415995273e-10,-0.49363240720595897,1.0678699016571,0.05731460540411855,0.07578066103241678,high_flow,A2391077.csv
A2391077,2016-08-22,nighttime,6,-0.9991945650672046,9.728268933887696e-7,-0.5109684123800741,1.0678699016571,0.05731460540411855,0.07578066103241678,high_flow,A2391077.csv
A2391077,2016-08-23,daytime,6,-0.999992029511211,9.529278412491e-11,-0.49612573467039073,1.0707869529724101,0.05665992143792406,0.06547236440106337,high_flow,A2391077.csv
A2391077,2016-08-23,nighttime,6,-0.9999722230014122,1.157331759984567e-9,-0.4989140293039463,1.0707869529724101,0.05665992143792406,0.06547236440106337,high_flow,A2391077.csv
A2391077,2016-08-24,daytime,6,-0.9999892887593742,1.7209539916164256e-10,-0.5037116929723534,1.10975742340088,0.05160099988096655,0.06483355156132206,high_flow,A2391077.csv
A2391077,2016-08-24,nighttime,6,-0.9999975539917598,8.974427149199698e-12,-0.5083645040593999,1.10975742340088,0.05160099988096655,0.06483355156132206,high_flow,A2391077.csv
A2391077,2016-08-26,daytime,6,-0.9998534511040524,3.221329467067401e-8,-0.4902770434880538,1.05244839191437,0.05993334126889656,0.06624608181565686,high_flow,A2391077.csv
A2391077,2016-08-26,nighttime,6,-0.9998318321962552,4.2418237397248714e-8,-0.4890067705682507,1.05244839191437,0.05993334126889656,0.06624608181565686,high_flow,A2391077.csv
A2391077,2016-08-27,daytime,6,-0.9999756704504338,8.878832724850796e-10,-0.49454911252263295,0.978514552116394,0.07130103559100107,0.06918224020949887,high_flow,A2391077.csv
A2391077,2016-08-27,nighttime,6,-0.9989692683441828,1.5930640908074854e-6,-0.5009488053810948,0.978514552116394,0.07130103559100107,0.06918224020949887,high_flow,A2391077.csv
A2391077,2016-08-28,daytime,6,-0.9999852230047576,3.275377692391299e-10,-0.4945769185991308,0.914153873920441,0.08457326508748958,0.08053406340515018,high_flow,A2391077.csv
A2391077,2016-08-28,nighttime,6,-0.9999872586760634,2.435109692631106e-10,-0.4989956348129328,0.914153873920441,0.08457326508748958,0.08053406340515018,high_flow,A2391077.csv
A2391077,2016-08-29,daytime,6,-0.9999837252327846,3.972999165430295e-10,-0.4945384421672831,1.097660779953,0.05338650160695155,0.09394119747649088,high_flow,A2391077.csv
A2391077,2016-08-29,nighttime,6,-0.9999664554299554,1.6878383963992327e-9,-0.48738280969302394,1.097660779953,0.05338650160695155,0.09394119747649088,high_flow,A2391077.csv
A2391077,2016-08-30,daytime,6,-0.9998496949642892,3.3885707824164374e-8,-0.48378831954465074,1.0870019197464,0.05445780264254255,0.1055072808792604,high_flow,A2391077.csv
A2391077,2016-08-30,nighttime,6,-0.99996597834764,1.7361895544010075e-9,-0.48717672291856656,1.0870019197464,0.05445780264254255,0.1055072808792604,high_flow,A2391077.csv
A2391077,2016-08-31,daytime,6,-0.999942734904827,4.918842793297485e-9,-0.4793724847127579,0.814417004585266,0.1087965718366861,0.11508550569376662,high_flow,A2391077.csv
A2391077,2016-08-31,nighttime,6,-0.9998589596703644,2.9837159061976314e-8,-0.49877668588247903,0.814417004585266,0.1087965718366861,0.11508550569376662,high_flow,A2391077.csv
A2391077,2016-09-01,daytime,6,-0.999997693205256,7.981946848087607e-12,-0.4717192704555521,0.798265933990479,0.1118319247708606,0.111665277943102,high_flow,A2391077.csv
A2391077,2016-09-01,nighttime,6,-0.9992339416667692,8.800432759756026e-7,-0.4715211313472612,0.798265933990479,0.1118319247708606,0.111665277943102,high_flow,A2391077.csv
A2391077,2016-09-02,daytime,6,-0.999983296798722,4.184930693290687e-10,-0.4693127412447662,0.683927774429321,0.14569694084037615,0.113609490933619,high_flow,A2391077.csv
A2391077,2016-09-02,nighttime,6,-0.999992844382669,7.680410588796481e-11,-0.47565708170530224,0.683927774429321,0.14569694084037615,0.113609490933619,high_flow,A2391077.csv
A2391077,2016-09-03,daytime,6,-0.9998759729388774,2.3073113899783195e-8,-0.46953648225142697,0.792629241943359,0.1133793596000476,0.11753362694917271,high_flow,A2391077.csv
A2391077,2016-09-03,nighttime,6,-0.9999261645792088,8.177302781972806e-9,-0.4656969537511084,0.792629241943359,0.1133793596000476,0.11753362694917271,high_flow,A2391077.csv
A2391077,2016-09-04,daytime,6,-0.9999250393806682,8.428431070507042e-9,-0.4734463183290803,0.589440584182739,0.1796809903582907,0.11831924770860612,high_flow,A2391077.csv
A2391077,2016-09-04,nighttime,6,-0.999656987917782,1.7646575388549517e-7,-0.47373877183721946,0.589440584182739,0.1796809903582907,0.11831924770860612,high_flow,A2391077.csv
A2391077,2016-09-05,daytime,6,-0.9998718804968914,2.4620859099551204e-8,-0.4688712420529997,0.519071519374847,0.2096179026306392,0.11998968376780542,high_flow,A2391077.csv
A2391077,2016-09-05,nighttime,6,-0.9991872601786153,9.905505998707748e-7,-0.47015661040720974,0.519071519374847,0.2096179026306392,0.11998968376780542,high_flow,A2391077.csv
A2391077,2016-09-06,daytime,6,-0.9999864423423356,2.7571387599688945e-10,-0.46369647227283034,0.47378146648407,0.23080585644566123,0.11832321549021942,high_flow,A2391077.csv
A2391077,2016-09-06,nighttime,6,-0.9999695601487988,1.3898627091680572e-9,-0.47106868300499816,0.47378146648407,0.23080585644566123,0.11832321549021942,high_flow,A2391077.csv
A2391077,2016-09-07,daytime,6,-0.999952781841223,3.344279139696885e-9,-0.45091854288957495,0.540046274662018,0.2003332936555172,0.11752569138594612,high_flow,A2391077.csv
A2391077,2016-09-07,nighttime,6,-0.9998565150173344,3.088043334564494e-8,-0.4674266340391819,0.540046274662018,0.2003332936555172,0.11752569138594612,high_flow,A2391077.csv
A2391077,2016-09-08,daytime,6,-0.9999230055871968,8.89198118756596e-9,-0.4673545978711657,2.79579305648804,2.975836209975003e-4,0.1153473792802444,high_flow,A2391077.csv
A2391077,2016-09-08,nighttime,6,-0.9999256590662188,8.289656227846352e-9,-0.4537605035318699,2.79579305648804,2.975836209975003e-4,0.1153473792802444,high_flow,A2391077.csv
A2391077,2016-09-09,daytime,6,-0.999986952525312,2.553537830220063e-10,-0.452336725770445,0.933324456214905,0.08004999404832758,0.1145776296472642,high_flow,A2391077.csv
A2391077,2016-09-09,nighttime,6,-0.9998160668082036,5.0744017206266985e-8,-0.4607134896123506,0.933324456214905,0.08004999404832758,0.1145776296472642,high_flow,A2391077.csv
A2391077,2016-09-10,daytime,6,-0.9995435058502596,3.125327994184124e-7,-0.466492929874014,0.774965107440948,0.11879538150220212,0.10999484188390272,high_flow,A2391077.csv
A2391077,2016-09-10,nighttime,6,-0.9999632303165816,2.027989571535783e-9,-0.4624825480711069,0.774965107440948,0.11879538150220212,0.10999484188390272,high_flow,A2391077.csv
A2391077,2016-09-11,daytime,6,-0.99961254585771675,2.2515198611272257e-7,-0.4694982539536896,0.92020046710968,0.08308534698250208,0.10932825457286832,high_flow,A2391077.csv
A2391077,2016-09-11,nighttime,6,-0.9999245699938732,8.534314149928838e-9,-0.4686829151045909,0.92020046710968,0.08308534698250208,0.10932825457286832,high_flow,A2391077.csv
A2391077,2016-09-12,daytime,6,-0.9997825480256676,7.092290056409676e-8,-0.4714389666085771,0.809727728366852,0.10962980597547912,0.10526524620084912,high_flow,A2391077.csv
A2391077,2016-09-12,nighttime,6,-0.9997892169916328,6.6639532435171e-8,-0.46791961620514816,0.809727728366852,0.10962980597547912,0.10526524620084912,high_flow,A2391077.csv
A2391077,2016-09-13,daytime,6,-0.9986396906527872,2.774403693723458e-6,-0.48738087711371625,1.3242290019989,0.02838947744316152,0.0984089195730667,high_flow,A2391077.csv
A2391077,2016-09-13,nighttime,6,-0.9993376691055038,6.578780443146729e-7,-0.4859747639758174,1.3242290019989,0.02838947744316152,0.0984089195730667,high_flow,A2391077.csv
A2391077,2016-09-14,daytime,6,-0.9998954543326848,1.6394123500144693e-8,-0.4846499280985834,1.17796516418457,0.04249494107844304,0.09220330912986548,high_flow,A2391077.csv
A2391077,2016-09-14,nighttime,6,-0.9924759695785788,8.470357910352186e-5,-0.4694221142145515,1.17796516418457,0.04249494107844304,0.09220330912986548,high_flow,A2391077.csv
A2391077,2016-09-15,daytime,6,-0.9999893464863496,1.7024542507211854e-10,-0.48299007419593454,0.950358211994171,0.07612189025116058,0.0896798000238067,high_flow,A2391077.csv
A2391077,2016-09-15,nighttime,6,-0.9999262904210556,8.14945280639734e-9,-0.494948005135066,0.950358211994171,0.07612189025116058,0.0896798000238067,high_flow,A2391077.csv
A2391077,2016-09-16,daytime,6,-0.9998274505088828,4.46574216410679e-8,-0.4740247112049214,0.851481258869171,0.1002856802761576,0.10119033448399,high_flow,A2391077.csv
A2391077,2016-09-16,nighttime,6,-0.9997857132392554,6.887330384848645e-8,-0.48173784868121344,0.851481258869171,0.1002856802761576,0.10119033448399,high_flow,A2391077.csv
A2391077,2016-09-17,daytime,6,-0.9985907306479884,2.9776607270513084e-6,-0.49174232468737233,0.94514536857605,0.07695512438995358,0.1024084434392731,high_flow,A2391077.csv
A2391077,2016-09-17,nighttime,6,-0.9999164691710076,1.0465807674218593e-8,-0.4899917446504438,0.94514536857605,0.07695512438995358,0.1024084434392731,high_flow,A2391077.csv
A2391077,2016-09-18,daytime,6,-0.9999892274088292,1.740724557260649e-10,-0.492857416970787,0.837773323059082,0.1033805499345316,0.1077054318930286,high_flow,A2391077.csv
A2391077,2016-09-18,nighttime,6,-0.9999968179457536,1.5188187731012522e-11,-0.4933703611329539,0.837773323059082,0.1033805499345316,0.1077054318930286,high_flow,A2391077.csv
A2391077,2016-09-19,daytime,6,-0.9999870387204018,2.5199106451954575e-10,-0.484399054479388,0.775379717350006,0.11873586477800262,0.11020910209102092,high_flow,A2391077.csv
A2391077,2016-09-19,nighttime,6,-0.9985903479616176,2.979277730890612e-6,-0.5041930980295892,0.775379717350006,0.11873586477800262,0.11020910209102092,high_flow,A2391077.csv
A2391077,2016-09-20,daytime,6,-0.9999787979625472,6.742848227874918e-10,-0.4935761699540665,0.821829438209534,0.10677300321390312,0.1154187993492838,high_flow,A2391077.csv
A2391077,2016-09-20,nighttime,6,-0.9999565391579348,2.833226144119046e-9,-0.49571013176990586,0.821829438209534,0.10677300321390312,0.1154187993492838,high_flow,A2391077.csv
A2391077,2016-09-21,daytime,6,-0.9999914973130164,1.0844322155739239e-10,-0.4878811390010516,0.709884166717529,0.13772169979764315,0.11413323810657462,high_flow,A2391077.csv
A2391077,2016-09-21,nighttime,6,-0.9999305217773832,7.240667433516992e-9,-0.49024401138691065,0.709884166717529,0.13772169979764315,0.11413323810657462,high_flow,A2391077.csv
A2391077,2016-09-22,daytime,6,-0.9999906695231456,1.3058629134923139e-10,-0.48706222340571,0.635055899620056,0.16248065706463516,0.11707336428202993,high_flow,A2391077.csv
A2391077,2016-09-22,nighttime,6,-0.9999341533557364,6.503528092863892e-9,-0.49585577302906936,0.635055899620056,0.16248065706463516,0.11707336428202993,high_flow,A2391077.csv
A2391077,2016-09-23,daytime,6,-0.9999515185550124,3.5256187855254503e-9,-0.4833982383262229,0.605468094348907,0.17295560052374717,0.11811689084632782,high_flow,A2391077.csv
A2391077,2016-09-23,nighttime,6,-0.9999870192077108,2.5275035904356366e-10,-0.48971396628338526,0.605468094348907,0.17295560052374717,0.11811689084632782,high_flow,A2391077.csv
A2391077,2016-09-24,daytime,6,-0.9997654391677436,8.252172341729584e-8,-0.49097252623511334,0.858270764350891,0.0983216283775741,0.12327897472523112,high_flow,A2391077.csv
A2391077,2016-09-24,nighttime,6,-0.9997766552781796,7.481872661020563e-8,-0.4923504075153605,0.858270764350891,0.0983216283775741,0.12327897472523112,high_flow,A2391077.csv
A2391077,2016-09-25,daytime,6,-0.9999042055913407,1.3764413563545692e-8,-0.49168576663258656,0.544580101966858,0.1982502083085347,0.12198151013768202,high_flow,A2391077.csv
A2391077,2016-09-25,nighttime,6,-0.999559059863198,2.915994407650812e-7,-0.5080732342267308,0.544580101966858,0.1982502083085347,0.12198151013768202,high_flow,A2391077.csv
A2391077,2016-09-26,daytime,6,-0.9998442887540608,3.6367100481122333e-8,-0.5013108789750401,0.766077756881714,0.12064039995238662,0.118093084156648,high_flow,A2391077.csv
A2391077,2016-09-26,nighttime,6,-0.9999814132379712,5.181983735155784e-10,-0.5012524292301825,0.766077756881714,0.12064039995238662,0.118093084156648,high_flow,A2391077.csv
A2391077,2016-09-27,daytime,6,-0.9999487860082716,3.934242259251476e-9,-0.4850129745454004,0.566420018672943,0.1877752648494227,0.11725191445462842,high_flow,A2391077.csv
A2391077,2016-09-27,nighttime,6,-0.9999178676706886,1.0118302256349332e-8,-0.49565125716196606,0.566420018672943,0.1877752648494227,0.11725191445462842,high_flow,A2391077.csv
A2391077,2016-09-28,daytime,6,-0.99805244415182,5.685767158534439e-6,-0.4724512863134754,1.7597508430481,0.00910605880252351,0.11937864539935722,high_flow,A2391077.csv
A2391077,2016-09-28,nighttime,6,-0.9997719106202188,7.803121460528397e-8,-0.4839363333996258,1.7597508430481,0.00910605880252351,0.11937864539935722,high_flow,A2391077.csv
A2391077,2016-09-29,daytime,6,-0.999908711735862,1.2499940376452149e-8,-0.485724320918988,0.906862258911133,0.08659683371027259,0.11990636035392611,high_flow,A2391077.csv
A2391077,2016-09-29,nighttime,6,-0.9999962764794744,2.0796881844193137e-11,-0.4801209683240753,0.906862258911133,0.08659683371027259,0.11990636035392611,high_flow,A2391077.csv
A2391077,2016-09-30,daytime,6,-0.9998685255972256,2.5927141575666097e-8,-0.48034962604873105,0.883548498153687,0.0917747887156291,0.11905328730706662,high_flow,A2391077.csv
A2391077,2016-09-30,nighttime,6,-0.9998256205003204,4.560966357852397e-8,-0.47677444435520233,0.883548498153687,0.0917747887156291,0.11905328730706662,high_flow,A2391077.csv
A2391077,2016-10-01,daytime,6,-0.9999071299502572,1.2936868713892553e-8,-0.4875026460857452,0.593701720237732,0.17771693845970718,0.11718049438558902,high_flow,A2391077.csv
A2391077,2016-10-01,nighttime,6,-0.9996268241460728,2.0886434265616218e-7,-0.48928278752564575,0.593701720237732,0.17771693845970718,0.11718049438558902,high_flow,A2391077.csv
A2391077,2016-10-02,daytime,6,-0.999890718379203,1.7913056419653657e-8,-0.4820610830889774,1.06622886657715,0.05749315557671706,0.11821608538666031,high_flow,A2391077.csv
A2391077,2016-10-02,nighttime,6,-0.9998925939661584,1.7303464637402294e-8,-0.49094981705351287,1.06622886657715,0.05749315557671706,0.11821608538666031,high_flow,A2391077.csv
A2391077,2016-10-03,daytime,6,-0.9997758219334792,7.537807513881649e-8,-0.4772508379597071,1.15990233421326,0.04505416021902155,0.11418481926754752,high_flow,A2391077.csv
A2391077,2016-10-03,nighttime,6,-0.9998498659511568,3.380865690486181e-8,-0.4891479566285301,1.15990233421326,0.04505416021902155,0.11418481926754752,high_flow,A2391077.csv
A2391077,2016-10-04,daytime,6,-0.9998820997458392,2.0849885462274317e-8,-0.4865201582390973,0.824186146259308,0.1061183192477086,0.11731143117882792,high_flow,A2391077.csv
A2391077,2016-10-04,nighttime,6,-0.999777170806162,7.447374238757987e-8,-0.4790353501794592,0.824186146259308,0.1061183192477086,0.11731143117882792,high_flow,A2391077.csv
A2391077,2016-10-05,daytime,6,-0.9999659326676672,1.7408549294217175e-9,-0.4798173489076754,0.706485509872437,0.13867396738483517,0.11648613260326152,high_flow,A2391077.csv
A2391077,2016-10-05,nighttime,6,-0.9997838323193174,7.0087648665424e-8,-0.4728770966586964,0.706485509872437,0.13867396738483517,0.11648613260326152,high_flow,A2391077.csv
A2391077,2016-10-06,daytime,6,-0.9999898629145773,1.5414023045996907e-10,-0.46760122238929686,0.683959722518921,0.14563742411617664,0.12969090981232392,high_flow,A2391077.csv
A2391077,2016-10-06,nighttime,6,-0.999910896863474,1.190869969681696e-8,-0.4967101484527228,0.683959722518921,0.14563742411617664,0.12969090981232392,high_flow,A2391077.csv
A2391077,2016-10-07,daytime,6,-0.9999320321272864,6.929290588546209e-9,-0.4551262230826736,0.670263886451721,0.14968456136174266,0.13852715946514305,high_flow,A2391077.csv
A2391077,2016-10-07,nighttime,6,-0.9978077229048627,7.203850164491192e-6,-0.47500610569827856,0.670263886451721,0.14968456136174266,0.13852715946514305,high_flow,A2391077.csv
A2391077,2016-10-10,daytime,6,-0.9992614931682025,8.178871229326874e-7,-0.4689283804498678,0.70943558216095,0.13778121652184264,0.14305836606753164,high_flow,A2391077.csv
A2391077,2016-10-10,nighttime,6,-0.999969126346411,1.4297590147855314e-9,-0.4673772375260353,0.70943558216095,0.13778121652184264,0.14305836606753164,high_flow,A2391077.csv
A2391077,2016-10-11,daytime,6,-0.999992086998456,9.392314241485604e-11,-0.4697060695639285,0.620797634124756,0.16753957862159266,0.15333888822759195,high_flow,A2391077.csv
A2391077,2016-10-11,nighttime,6,-0.9999804153298888,5.753351991126738e-10,-0.4868881533674164,0.620797634124756,0.16753957862159266,0.15333888822759195,high_flow,A2391077.csv
A2391077,2016-10-12,daytime,6,-0.999928548402334,7.657813821506845e-9,-0.47315609386098734,0.598434865474701,0.17539578621592666,0.16408760861802166,high_flow,A2391077.csv
A2391077,2016-10-12,nighttime,6,-0.9993260930625784,6.810728128507247e-7,-0.4817043261730429,0.598434865474701,0.17539578621592666,0.16408760861802166,high_flow,A2391077.csv
A2391077,2016-10-13,daytime,6,-0.9999878042353736,2.2310410525925574e-10,-0.4562616171202236,0.52346807718277,0.2071777169384597,0.17097170971709716,high_flow,A2391077.csv
A2391077,2016-10-13,nighttime,6,-0.9996834170783296,1.5032125471851664e-7,-0.48037332078856065,0.52346807718277,0.2071777169384597,0.17097170971709716,high_flow,A2391077.csv
A2391077,2016-10-14,daytime,6,-0.9999940801236196,5.256730081027764e-11,-0.4489949114804441,0.498001962900162,0.2191405785025592,0.17704241558544617,high_flow,A2391077.csv
A2391077,2016-10-14,nighttime,6,-0.9999359610729368,6.151344957790172e-9,-0.4621745641998,0.498001962900162,0.2191405785025592,0.17704241558544617,high_flow,A2391077.csv
A2391077,2016-10-15,daytime,6,-0.999905022483076,1.3530664698397458e-8,-0.45816610782274353,0.626307010650635,0.16593262706820616,0.18628734674443517,high_flow,A2391077.csv
A2391077,2016-10-15,nighttime,6,-0.999942713270056,4.922560140594301e-9,-0.4523929583424768,0.626307010650635,0.16593262706820616,0.18628734674443517,high_flow,A2391077.csv
A2391077,2016-10-16,daytime,6,-0.999971006747264,1.260900870328418e-9,-0.4550330149402592,0.751031458377838,0.12486608737055112,0.1972860373765028,high_flow,A2391077.csv
A2391077,2016-10-16,nighttime,6,-0.999422584633218,5.000165010966831e-7,-0.4532928261007711,0.751031458377838,0.12486608737055112,0.1972860373765028,high_flow,A2391077.csv
A2391077,2016-10-17,daytime,6,-0.9997134916691378,1.2311877617210398e-7,-0.46324255000743514,0.831552505493164,0.1041542673491251,0.21113359520691985,high_flow,A2391077.csv
A2391077,2016-10-17,nighttime,6,-0.9999371705215736,5.921191027950161e-9,-0.4636568437165915,0.831552505493164,0.1041542673491251,0.21113359520691985,high_flow,A2391077.csv
A2391077,2016-10-18,daytime,6,-0.9997887861100274,6.691224971214908e-8,-0.4736676188649304,0.542302429676056,0.1992619926199262,0.21621632345355712,high_flow,A2391077.csv
A2391077,2016-10-18,nighttime,6,-0.999936392548273,6.068733197846548e-9,-0.4747522179492553,0.542302429676056,0.1992619926199262,0.21621632345355712,high_flow,A2391077.csv
A2391077,2016-10-19,daytime,6,-0.9999790552861052,6.58016966176452e-10,-0.4733946599135333,0.401191979646683,0.26734912510415426,0.22590564615323572,high_flow,A2391077.csv
A2391077,2016-10-19,nighttime,6,-0.9999730843812006,1.0866660535175023e-9,-0.4801960491073607,0.401191979646683,0.26734912510415426,0.22590564615323572,high_flow,A2391077.csv
A2391077,2016-10-20,daytime,6,-0.9999612692189068,2.2500810566372804e-9,-0.46590928902312423,0.451590925455093,0.24193548387096775,0.23733682498115305,high_flow,A2391077.csv
A2391077,2016-10-20,nighttime,6,-0.9999472071173264,4.180559122279325e-9,-0.480154653922541,0.451590925455093,0.24193548387096775,0.23733682498115305,high_flow,A2391077.csv
A2391077,2016-10-21,daytime,6,-0.999782753173208,7.078914901630603e-8,-0.4631833670795696,0.461699843406677,0.23669801214141173,0.24727215014085624,high_flow,A2391077.csv
A2391077,2016-10-21,nighttime,6,-0.9999242545135828,8.605850778600052e-9,-0.4634867608915471,0.461699843406677,0.23669801214141173,0.24727215014085624,high_flow,A2391077.csv
A2391077,2016-10-22,daytime,6,-0.9999164828222156,1.046238720648167e-8,-0.46895236398345413,0.36836713552475,0.2883585287465778,0.25683053604729594,normal_flow,A2391077.csv
A2391077,2016-10-22,nighttime,6,-0.9999081318445447,1.2659249307624596e-8,-0.46849687834062864,0.36836713552475,0.2883585287465778,0.25683053604729594,normal_flow,A2391077.csv
A2391077,2016-10-23,daytime,6,-0.9999604223200168,2.349558132193379e-9,-0.466041956031167,0.340015709400177,0.3098440661825973,0.2652938142284649,normal_flow,A2391077.csv
A2391077,2016-10-23,nighttime,6,-0.99985227246292,3.273352585712873e-8,-0.4812322949082964,0.340015709400177,0.3098440661825973,0.2652938142284649,normal_flow,A2391077.csv
A2391077,2016-10-24,daytime,6,-0.999927175732678,7.954867759343542e-9,-0.4609748839365724,0.32501345872879,0.32156886084989883,0.2816410744752609,normal_flow,A2391077.csv
A2391077,2016-10-24,nighttime,6,-0.9999214267859924,9.260382393541893e-9,-0.4729875931796871,0.32501345872879,0.32156886084989883,0.2816410744752609,normal_flow,A2391077.csv
A2391077,2016-10-25,daytime,6,-0.9989915718746568,1.5248781769375291e-6,-0.4603314882800707,0.507695615291595,0.2140221402214022,0.299008054596675,normal_flow,A2391077.csv
A2391077,2016-10-25,nighttime,6,-0.9999677598706822,1.559122152026443e-9,-0.458946502181134,0.507695615291595,0.2140221402214022,0.299008054596675,normal_flow,A2391077.csv
A2391077,2016-10-26,daytime,6,-0.9999500798180202,3.737974652183385e-9,-0.44192578722878584,0.336191147565842,0.3128794191167718,0.3115502122763163,normal_flow,A2391077.csv
A2391077,2016-10-26,nighttime,6,-0.9997637810295196,8.36925125835324e-8,-0.45662419949713023,0.336191147565842,0.3128794191167718,0.3115502122763163,normal_flow,A2391077.csv
A2391077,2016-10-27,daytime,6,-0.999922484817502,9.01267239754738e-9,-0.4465662455734651,0.29614120721817,0.34686346863468637,0.3197635202158473,normal_flow,A2391077.csv
A2391077,2016-10-27,nighttime,6,-0.9996111045379024,2.268301124474941e-7,-0.4544781165693425,0.29614120721817,0.34686346863468637,0.3197635202158473,normal_flow,A2391077.csv
A2391077,2016-10-28,daytime,6,-0.9999670421485688,1.6293120567131107e-9,-0.4369866019192436,0.287508398294449,0.35620759433400784,0.32690949490140064,normal_flow,A2391077.csv
A2391077,2016-10-28,nighttime,6,-0.9998745676858698,2.3598911412133512e-8,-0.4477300636699925,0.287508398294449,0.35620759433400784,0.32690949490140064,normal_flow,A2391077.csv
A2391077,2016-10-29,daytime,6,-0.999957212181928,2.746156895142257e-9,-0.43090648787895736,0.281381487846375,0.36251636709915486,0.33759869856763086,normal_flow,A2391077.csv
A2391077,2016-10-29,nighttime,6,-0.9999456095234712,4.437405453236266e-9,-0.4452903837706262,0.281381487846375,0.36251636709915486,0.33759869856763086,normal_flow,A2391077.csv
A2391077,2016-10-30,daytime,6,-0.9999782653236,7.085891036305901e-10,-0.4396250993170712,0.361936390399933,0.2928817997857398,0.35172400111097885,normal_flow,A2391077.csv
A2391077,2016-10-30,nighttime,6,-0.9999186450538536,9.927671664677652e-9,-0.4362937477045178,0.361936390399933,0.2928817997857398,0.35172400111097885,normal_flow,A2391077.csv
A2391077,2016-10-31,daytime,6,-0.9997764582968716,7.495075426705816e-8,-0.46371124180942674,0.275402963161469,0.37007499107249137,0.35057731222473515,normal_flow,A2391077.csv
A2391077,2016-10-31,nighttime,6,-0.9999884180047758,2.0121314324167424e-10,-0.46813983888234034,0.275402963161469,0.37007499107249137,0.35057731222473515,normal_flow,A2391077.csv
A2391077,2016-11-01,daytime,6,-0.9999094472168994,1.2299338533235684e-8,-0.45769720340262854,0.279594928026199,0.36465896917033686,0.3579494504622466,normal_flow,A2391077.csv
A2391077,2016-11-01,nighttime,6,-0.9999254092378757,8.345465188102415e-9,-0.4707971388930763,0.279594928026199,0.36465896917033686,0.3579494504622466,normal_flow,A2391077.csv
A2391077,2016-11-02,daytime,6,-0.999817495643506,4.9958720795980334e-8,-0.46782618272060505,0.260013490915298,0.3873943578145459,0.37233662659207234,normal_flow,A2391077.csv
A2391077,2016-11-02,nighttime,6,-0.9999745001392998,9.753560530455144e-10,-0.46828101296492447,0.260013490915298,0.3873943578145459,0.37233662659207234,normal_flow,A2391077.csv
A2391077,2016-11-03,daytime,6,-0.9999819630259472,4.87995715470919e-10,-0.4561865449329662,0.257450342178345,0.3905487441971194,0.3807086457961354,normal_flow,A2391077.csv
A2391077,2016-11-03,nighttime,6,-0.9999221700922992,9.086006071950176e-9,-0.4700452484426418,0.257450342178345,0.3905487441971194,0.3807086457961354,normal_flow,A2391077.csv
A2391077,2016-11-04,daytime,6,-0.9998957235713344,1.6309793434170347e-8,-0.4506454644829007,0.293822526931763,0.34912510415426734,0.38093084156648016,normal_flow,A2391077.csv
A2391077,2016-11-04,nighttime,6,-0.9999523830378572,3.401008642813237e-9,-0.45972053803702706,0.293822526931763,0.34912510415426734,0.38093084156648016,normal_flow,A2391077.csv
A2391077,2016-11-05,daytime,6,-0.9998223868205632,4.7316860732579454e-8,-0.46236993372462976,0.251792788505554,0.3970360671348649,0.37531643058366065,normal_flow,A2391077.csv
A2391077,2016-11-05,nighttime,6,-0.9999843640341748,3.6672322956336725e-10,-0.4643410945024326,0.251792788505554,0.3970360671348649,0.37531643058366065,normal_flow,A2391077.csv
A2391077,2016-11-06,daytime,6,-0.9998364301092928,4.0130475553869794e-8,-0.4578026150382437,0.221749514341354,0.500238066896798,0.3674999008054597,normal_flow,A2391077.csv
A2391077,2016-11-06,nighttime,6,-0.999985876593633,2.9920450250658054e-10,-0.4721683373884419,0.221749514341354,0.500238066896798,0.3674999008054597,normal_flow,A2391077.csv
A2391077,2016-11-07,daytime,6,-0.9999910291720856,1.2071326923485054e-10,-0.4549799285434652,0.362117350101471,0.2926437328889418,0.3799071539102488,normal_flow,A2391077.csv
A2391077,2016-11-07,nighttime,6,-0.9981966517853051,4.87516487255397e-6,-0.46357632430024426,0.362117350101471,0.2926437328889418,0.3799071539102488,normal_flow,A2391077.csv
A2391077,2016-11-08,daytime,6,-0.9999747943803486,9.529768861560571e-10,-0.4475807275099974,0.236819326877594,0.4321509344125699,0.38684680395191046,normal_flow,A2391077.csv
A2391077,2016-11-08,nighttime,6,-0.9998585233299818,3.0022056365529485e-8,-0.46251782963001514,0.236819326877594,0.4321509344125699,0.38684680395191046,normal_flow,A2391077.csv
A2391077,2016-11-09,daytime,6,-0.9998947332341166,1.6621054763961807e-8,-0.4314093989470249,0.237738788127899,0.4298297821687894,0.3944966869023529,normal_flow,A2391077.csv
A2391077,2016-11-09,nighttime,6,-0.9999428444080262,4.900049183974626e-9,-0.4502326806197871,0.237738788127899,0.4298297821687894,0.3944966869023529,normal_flow,A2391077.csv
A2391077,2016-11-10,daytime,6,-0.999925227102022,8.386270380892768e-9,-0.430398729181054,0.234925985336304,0.438459707177717,0.40055945720747527,normal_flow,A2391077.csv
A2391077,2016-11-10,nighttime,6,-0.999954136315174,3.155168142103058e-9,-0.44503618915508514,0.234925985336304,0.438459707177717,0.40055945720747527,normal_flow,A2391077.csv
A2391077,2016-11-11,daytime,6,-0.999966548115524,1.6785241456891127e-9,-0.42445070397161294,0.292313277721405,0.35019640518985834,0.4070348768003809,normal_flow,A2391077.csv
A2391077,2016-11-11,nighttime,6,-0.9999769433473734,7.97407716950859e-10,-0.44044131242502416,0.292313277721405,0.35019640518985834,0.4070348768003809,normal_flow,A2391077.csv
A2391077,2016-11-12,daytime,6,-0.9999872269020108,2.4472700638358126e-10,-0.4403442528720369,0.393200486898422,0.2719914295917153,0.4173590445581875,normal_flow,A2391077.csv
A2391077,2016-11-12,nighttime,6,-0.998797291437258,2.1688919666287928e-6,-0.4291651883811985,0.393200486898422,0.2719914295917153,0.4173590445581875,normal_flow,A2391077.csv
A2391077,2016-11-13,daytime,6,-0.9995309446303552,3.299678105635703e-7,-0.45611296263988865,0.444307237863541,0.24526842042613975,0.4223544816093322,normal_flow,A2391077.csv
A2391077,2016-11-13,nighttime,6,-0.9999957758179704,2.6765533041301288e-11,-0.4607604246476932,0.444307237863541,0.24526842042613975,0.4223544816093322,normal_flow,A2391077.csv
A2391077,2016-11-14,daytime,6,-0.9999906194374352,1.3199201832499408e-10,-0.4577094461349963,0.225849747657776,0.47899059635757646,0.4194064198706503,normal_flow,A2391077.csv
A2391077,2016-11-14,nighttime,6,-0.9999744050199556,9.82646121545182e-10,-0.47091366486133074,0.225849747657776,0.47899059635757646,0.4194064198706503,normal_flow,A2391077.csv
A2391077,2016-11-15,daytime,6,-0.9999836508575076,4.0093950534320916e-10,-0.451922581986172,0.226739525794983,0.474169741697417,0.4449470301154624,normal_flow,A2391077.csv
A2391077,2016-11-15,nighttime,6,-0.9996458867115628,1.880721293376683e-7,-0.45117724306442863,0.226739525794983,0.474169741697417,0.4449470301154624,normal_flow,A2391077.csv
A2391077,2016-11-16,daytime,6,-0.9999622177051608,2.141225737815309e-9,-0.43663563301738334,0.225783362984657,0.47940721342697296,0.45621552989723446,normal_flow,A2391077.csv
A2391077,2016-11-16,nighttime,6,-0.9997413148756148,1.0036833502261849e-7,-0.4333496619404595,0.225783362984657,0.47940721342697296,0.45621552989723446,normal_flow,A2391077.csv
A2391077,2016-11-17,daytime,6,-0.9999784338573736,6.976427464888417e-10,-0.4071388127004624,0.225977092981339,0.4783359123913819,0.4628139507201523,normal_flow,A2391077.csv
A2391077,2016-11-17,nighttime,6,-0.999990188286506,1.4440411024670186e-10,-0.42452756470225106,0.225977092981339,0.4783359123913819,0.4628139507201523,normal_flow,A2391077.csv
A2391077,2016-11-18,daytime,6,-0.9999903645400248,1.3926268611365462e-10,-0.41725745457633073,0.223902598023415,0.4876800380907035,0.4688767210252748,normal_flow,A2391077.csv
A2391077,2016-11-18,nighttime,6,-0.9999909881891552,1.2181873611375648e-10,-0.4270477466227127,0.223902598023415,0.4876800380907035,0.4688767210252748,normal_flow,A2391077.csv
A2391077,2016-11-19,daytime,6,-0.9999517370801329,3.4939079415345304e-9,-0.4123057014429179,0.221059188246727,0.5039876205213665,0.4812125540610245,normal_flow,A2391077.csv
A2391077,2016-11-19,nighttime,6,-0.9999177506109056,1.014716480257646e-8,-0.4239039805289806,0.221059188246727,0.5039876205213665,0.4812125540610245,normal_flow,A2391077.csv
A2391077,2016-11-20,daytime,6,-0.9999400923749244,5.383277811354603e-9,-0.40117705611355703,0.227225944399834,0.4719676229020355,0.4988136332976233,normal_flow,A2391077.csv
A2391077,2016-11-20,nighttime,6,-0.9999321123220908,6.912948779635851e-9,-0.4193137394734727,0.227225944399834,0.4719676229020355,0.4988136332976233,normal_flow,A2391077.csv
A2391077,2016-11-21,daytime,6,-0.9999735709112418,1.047735868565233e-9,-0.3895376099639257,0.230585932731628,0.45601714081656947,0.5181883109153672,normal_flow,A2391077.csv
A2391077,2016-11-21,nighttime,6,-0.9999693724796728,1.4070531371076676e-9,-0.4118261918698912,0.230585932731628,0.45601714081656947,0.5181883109153672,normal_flow,A2391077.csv
A2391077,2016-11-22,daytime,6,-0.00693531964528131,0.989597187321864,-0.46223484752354826,0.152685537934303,0.6757528865611236,0.5216482164821649,normal_flow,A2391077.csv
A2391077,2016-11-22,nighttime,6,-0.999992799280517,7.777535492906792e-11,-0.399108055272822,0.152685537934303,0.6757528865611236,0.5216482164821649,normal_flow,A2391077.csv
A2391077,2016-11-23,daytime,6,-0.9999679375118028,1.541988243914769e-9,-0.4043409461236556,0.195909067988396,0.6011784311391501,0.5252430266238146,normal_flow,A2391077.csv
A2391077,2016-11-23,nighttime,6,-0.9999898735498468,1.5381696985291518e-10,-0.40720743931431863,0.195909067988396,0.6011784311391501,0.5252430266238146,normal_flow,A2391077.csv
A2391077,2016-11-24,daytime,6,-0.999718379995114,1.1895357311090662e-7,-0.40970482736661906,0.217794582247734,0.528806094512558,0.528540253144467,normal_flow,A2391077.csv
A2391077,2016-11-24,nighttime,6,-0.9999043348178344,1.3727302862575598e-8,-0.4151129861154056,0.217794582247734,0.528806094512558,0.528540253144467,normal_flow,A2391077.csv
A2391077,2016-11-25,daytime,6,-0.999965636550276,1.771249726404508e-9,-0.4185931756739077,0.217729911208153,0.529401261754553,0.5321072888148236,normal_flow,A2391077.csv
A2391077,2016-11-25,nighttime,6,-0.9999429430441894,4.883151435207094e-9,-0.42138009493163303,0.217729911208153,0.529401261754553,0.5321072888148236,normal_flow,A2391077.csv
A2391077,2016-11-26,daytime,6,-0.9999103411451422,1.2057705010837088e-8,-0.42852135758227783,0.216845840215683,0.535233900726104,0.5352299329444907,normal_flow,A2391077.csv
A2391077,2016-11-26,nighttime,6,-0.999837934973007,3.939548113647883e-8,-0.4342752108117559,0.216845840215683,0.535233900726104,0.5352299329444907,normal_flow,A2391077.csv
A2391077,2016-11-27,daytime,6,-0.9998612275406076,2.8885357002868406e-8,-0.4191921416630644,0.216648668050766,0.5360076181406975,0.5451335158512876,normal_flow,A2391077.csv
A2391077,2016-11-27,nighttime,6,-0.999774549043864,7.623647080824206e-8,-0.4337383498366523,0.216648668050766,0.5360076181406975,0.5451335158512876,normal_flow,A2391077.csv
A2391077,2016-11-28,daytime,6,-0.999909079945191,1.2399308756379744e-8,-0.41392831837166766,0.216668337583542,0.5358885846922985,0.5558385906439709,normal_flow,A2391077.csv
A2391077,2016-11-28,nighttime,6,-0.9999194642837728,9.728741204928156e-9,-0.4265889929702761,0.216668337583542,0.5358885846922985,0.5558385906439709,normal_flow,A2391077.csv
A2391077,2016-11-29,daytime,6,-0.999968524234883,1.486070092651412e-9,-0.4112993752109566,0.217480838298798,0.5308891798595405,0.5610562234654605,normal_flow,A2391077.csv
A2391077,2016-11-29,nighttime,6,-0.9999716332511094,1.206997250964636e-9,-0.4218800973105109,0.217480838298798,0.5308891798595405,0.5610562234654605,normal_flow,A2391077.csv
A2391077,2016-11-30,daytime,6,-0.9999852502901924,3.263293046896767e-10,-0.4085183663992584,0.2179234623909,0.528091893822164,0.5351545450938381,normal_flow,A2391077.csv
A2391077,2016-11-30,nighttime,6,-0.9998992248164283,1.5232944717688664e-8,-0.4146469728498212,0.2179234623909,0.528091893822164,0.5351545450938381,normal_flow,A2391077.csv
A2391077,2016-12-01,daytime,6,-0.9999771664665464,7.820494226062408e-10,-0.4104647566590728,0.21779203414917,0.5288656112367576,0.5286116732135063,normal_flow,A2391077.csv
A2391077,2016-12-01,nighttime,6,-0.9999423933447348,4.977694511679922e-9,-0.4244052550286121,0.21779203414917,0.5288656112367576,0.5286116732135063,normal_flow,A2391077.csv
A2391077,2016-12-02,daytime,6,-0.9999875188173788,2.33668907280667e-10,-0.40407708672580783,0.217337921261787,0.5318414474467326,0.5354164186803159,normal_flow,A2391077.csv
A2391077,2016-12-02,nighttime,6,-0.999932861341266,6.761247927802321e-9,-0.413215764326388,0.217337921261787,0.5318414474467326,0.5354164186803159,normal_flow,A2391077.csv
A2391077,2016-12-03,daytime,6,-0.9999148220397814,1.0882618365305376e-8,-0.3950150299348907,0.217013463377953,0.53451970003571,0.5358965202555251,normal_flow,A2391077.csv
A2391077,2016-12-03,nighttime,6,-0.999959871919918,2.4153619082398774e-9,-0.4127691687589172,0.217013463377953,0.53451970003571,0.5358965202555251,normal_flow,A2391077.csv
A2391077,2016-12-04,daytime,6,-0.9999720626817076,1.1707297276154232e-9,-0.3981985814039481,0.170069962739944,0.6525413641233186,0.5353330952664366,normal_flow,A2391077.csv
A2391077,2016-12-04,nighttime,6,-0.9999384051394028,5.690773434766126e-9,-0.4065728637632108,0.170069962739944,0.6525413641233186,0.5353330952664366,normal_flow,A2391077.csv
A2391077,2016-12-05,daytime,6,-0.9998948414888302,1.6586887269322773e-8,-0.40386471782416195,0.18222650885582,0.6325437447922866,0.5349125104154268,normal_flow,A2391077.csv
A2391077,2016-12-05,nighttime,6,-0.9999295848200712,7.437271776921997e-9,-0.4085805499070158,0.18222650885582,0.6325437447922866,0.5349125104154268,normal_flow,A2391077.csv
A2391077,2016-12-06,daytime,6,-0.999983693929232,3.9882974804034056e-10,-0.397334882009068,0.21701754629612,0.5342816331389121,0.5331746220688014,normal_flow,A2391077.csv
A2391077,2016-12-06,nighttime,6,-0.999964318207663,1.909762741717916e-9,-0.4082739554827576,0.21701754629612,0.5342816331389121,0.5331746220688014,normal_flow,A2391077.csv
A2391077,2016-12-07,daytime,6,-0.9999779712654556,7.278923735508874e-10,-0.3902780985066051,0.370371788740158,0.2872277109867873,0.5366027853826926,normal_flow,A2391077.csv
A2391077,2016-12-07,nighttime,6,-0.9998955962478204,1.6349646195858413e-8,-0.40410821248920975,0.370371788740158,0.2872277109867873,0.5366027853826926,normal_flow,A2391077.csv
A2391077,2016-12-08,daytime,6,-0.999829524309654,4.3590464319501666e-8,-0.4078945761033976,0.221233367919922,0.5030353529341745,0.5371820814982343,normal_flow,A2391077.csv
A2391077,2016-12-08,nighttime,6,-0.9999826198431638,4.5310215246490856e-10,-0.3953069815914307,0.221233367919922,0.5030353529341745,0.5371820814982343,normal_flow,A2391077.csv
A2391077,2016-12-09,daytime,6,-0.9998977399915728,1.5685129313214268e-8,-0.426230916020521,0.182873845100403,0.6308772765147006,0.5468356941633933,normal_flow,A2391077.csv
A2391077,2016-12-09,nighttime,6,-0.9999803419419488,5.79655071192135e-10,-0.4295889541697564,0.182873845100403,0.6308772765147006,0.5468356941633933,normal_flow,A2391077.csv
A2391077,2016-12-10,daytime,6,-0.9999876232262692,2.2977584400433607e-10,-0.4217644727986217,0.2165836840868,0.5366027853826926,0.5470499543705114,normal_flow,A2391077.csv
A2391077,2016-12-10,nighttime,6,-0.9999890260605552,1.806403596233662e-10,-0.4265555166863484,0.2165836840868,0.5366027853826926,0.5470499543705114,normal_flow,A2391077.csv
A2391077,2016-12-11,daytime,6,-0.9999908237873,1.2630393294252727e-10,-0.40773613675308906,0.218113228678703,0.526782525889775,0.5465182716343292,normal_flow,A2391077.csv
A2391077,2016-12-11,nighttime,6,-0.999992471687522,8.501301981399864e-11,-0.4313330216167961,0.218113228678703,0.526782525889775,0.5465182716343292,normal_flow,A2391077.csv
A2391077,2016-12-12,daytime,6,-0.9999873632229388,2.3953119277404544e-10,-0.39873251340991983,0.21770253777504,0.5296988453755506,0.5406102448121255,normal_flow,A2391077.csv
A2391077,2016-12-12,nighttime,6,-0.9999768427573944,8.043806185133711e-10,-0.4182580136997495,0.21770253777504,0.5296988453755506,0.5406102448121255,normal_flow,A2391077.csv
A2391077,2016-12-13,daytime,6,-0.9977998463877116,7.25568876119564e-6,-0.373314239679462,0.220209255814552,0.5098202594929175,0.5475141848192675,normal_flow,A2391077.csv
A2391077,2016-12-13,nighttime,6,-0.999973432287324,1.0587556589338712e-9,-0.4011538291197468,0.220209255814552,0.5098202594929175,0.5475141848192675,normal_flow,A2391077.csv
A2391077,2016-12-14,daytime,6,-0.9980865557861038,5.488400322777097e-6,-0.399862643172961,0.203938156366348,0.5823116295679086,0.553922152124747,normal_flow,A2391077.csv
A2391077,2016-12-14,nighttime,6,-0.9999758671516724,8.735845251943724e-10,-0.4116133908125833,0.203938156366348,0.5823116295679086,0.553922152124747,normal_flow,A2391077.csv
A2391077,2016-12-15,daytime,6,-0.9999493224091994,3.852262238471094e-9,-0.4194427673372385,0.216561108827591,0.5367813355552911,0.5700829266357179,normal_flow,A2391077.csv
A2391077,2016-12-15,nighttime,6,-0.9999860057258684,2.9375819238989915e-10,-0.4249381829874972,0.216561108827591,0.5367813355552911,0.5700829266357179,normal_flow,A2391077.csv
A2391077,2016-12-16,daytime,6,-0.9999824683164804,4.610371962842243e-10,-0.4157229597799108,0.15469141304493,0.6736698012141412,0.5710986787287228,normal_flow,A2391077.csv
A2391077,2016-12-16,nighttime,6,-0.9999922041030972,9.116377587914491e-11,-0.43478255466700344,0.15469141304493,0.6736698012141412,0.5710986787287228,normal_flow,A2391077.csv
A2391077,2016-12-17,daytime,6,-0.9999894140541504,1.6809278115622067e-10,-0.41871893763280266,0.21690359711647,0.5350553505535055,0.5632940522953617,normal_flow,A2391077.csv
A2391077,2016-12-17,nighttime,6,-0.9999648764341904,1.8504756474300694e-9,-0.42211482387719496,0.21690359711647,0.5350553505535055,0.5632940522953617,normal_flow,A2391077.csv
A2391077,2016-12-18,daytime,6,-0.9999829333848164,4.3690154524311703e-10,-0.4087606565441075,0.218150466680527,0.526544458992977,0.563972542951236,normal_flow,A2391077.csv
A2391077,2016-12-18,nighttime,6,-0.9999876169562384,2.300087098002617e-10,-0.4312163406292594,0.218150466680527,0.526544458992977,0.563972542951236,normal_flow,A2391077.csv
A2391077,2016-12-19,daytime,6,-0.99993929049701,5.528353753110896e-9,-0.4292317603041152,0.209790945053101,0.5639209617902631,0.5396024282823474,normal_flow,A2391077.csv
A2391077,2016-12-19,nighttime,6,-0.9999901537314716,1.4542302860384347e-10,-0.4241747498791972,0.209790945053101,0.5639209617902631,0.5396024282823474,normal_flow,A2391077.csv
A2391077,2016-12-20,daytime,6,-0.9999686075524654,1.478213174910394e-9,-0.4192560648706425,0.110099770128727,0.7361028448994167,0.5082014045946911,normal_flow,A2391077.csv
A2391077,2016-12-20,nighttime,6,-0.9998685768768004,2.590692099474589e-8,-0.4311108489454216,0.110099770128727,0.7361028448994167,0.5082014045946911,normal_flow,A2391077.csv
A2391077,2016-12-21,daytime,6,-0.999974121568912,1.0045311280627543e-9,-0.4132485690730991,0.183161333203316,0.6304011427211046,0.4890370194024521,normal_flow,A2391077.csv
A2391077,2016-12-21,nighttime,6,-0.9999680697412884,1.5292958549851076e-9,-0.4248398864827154,0.183161333203316,0.6304011427211046,0.4890370194024521,normal_flow,A2391077.csv
A2391077,2016-12-22,daytime,6,-0.9999810941683124,5.361423289360337e-10,-0.4037747464019331,0.217702656984329,0.529639328651351,0.4802721898186724,normal_flow,A2391077.csv
A2391077,2016-12-22,nighttime,6,-0.9998740760156114,2.3784276387596005e-8,-0.4183169635347913,0.217702656984329,0.529639328651351,0.4802721898186724,normal_flow,A2391077.csv
A2391077,2016-12-23,daytime,6,-0.9999837194858842,3.9758055219839937e-10,-0.3917830317837126,0.219049453735352,0.5182716343292465,0.47458239098520016,normal_flow,A2391077.csv
A2391077,2016-12-23,nighttime,6,-0.9999318629209136,6.963834150931043e-9,-0.4036702617779153,0.219049453735352,0.5182716343292465,0.47458239098520016,normal_flow,A2391077.csv
A2391077,2016-12-24,daytime,6,-0.9999798918816376,6.065005708841643e-10,-0.3830278691870876,0.219607084989548,0.513807880014284,0.47261833908661666,normal_flow,A2391077.csv
A2391077,2016-12-24,nighttime,6,-0.9999775009655354,7.593041331810692e-10,-0.39200763747347966,0.219607084989548,0.513807880014284,0.47261833908661666,normal_flow,A2391077.csv
A2391077,2016-12-25,daytime,6,-0.9999674254175456,1.5916378506195294e-9,-0.37694302894129966,0.214319586753845,0.5467801452208071,0.46348847359441336,normal_flow,A2391077.csv
A2391077,2016-12-25,nighttime,6,-0.9999728650309356,1.1044498293666943e-9,-0.3916651465598612,0.214319586753845,0.5467801452208071,0.46348847359441336,normal_flow,A2391077.csv
A2391077,2016-12-26,daytime,6,-0.999946260284475,4.3318579380747056e-9,-0.3834226538270462,0.639232873916626,0.16123080585644567,0.4596119509582193,normal_flow,A2391077.csv
A2391077,2016-12-26,nighttime,6,-0.99992937627269,7.481390163372505e-9,-0.37599883580109766,0.639232873916626,0.16123080585644567,0.4596119509582193,normal_flow,A2391077.csv
A2391077,2016-12-27,daytime,6,-0.9999398048688068,5.435071671897662e-9,-0.3900244934540397,1.05826163291931,0.05868349006070705,0.4532317581240328,normal_flow,A2391077.csv
A2391077,2016-12-27,nighttime,6,-0.9999918105226436,1.0060103443123784e-10,-0.3869761907025038,1.05826163291931,0.05868349006070705,0.4532317581240328,normal_flow,A2391077.csv
A2391077,2016-12-28,daytime,6,-0.999974256178298,9.94108002957098e-10,-0.3740019822512636,0.491886287927628,0.22235448160933224,0.435194222909971,normal_flow,A2391077.csv
A2391077,2016-12-28,nighttime,6,-0.9997737345090624,7.67883166315688e-8,-0.3902709233679093,0.491886287927628,0.22235448160933224,0.435194222909971,normal_flow,A2391077.csv
A2391077,2016-12-29,daytime,6,-0.9999469298814848,4.224581484466901e-9,-0.365776936166418,0.231881275773048,0.45083918581121296,0.4239138197833591,normal_flow,A2391077.csv
A2391077,2016-12-29,nighttime,6,-0.9998551993152432,3.1449339423810134e-8,-0.3776922491753445,0.231881275773048,0.45083918581121296,0.4239138197833591,normal_flow,A2391077.csv
A2391077,2016-12-30,daytime,6,-0.9999876338314432,2.2938224162915992e-10,-0.3700583763344298,0.231733486056328,0.4514343530532079,0.4190651906519065,normal_flow,A2391077.csv
A2391077,2016-12-30,nighttime,6,-0.9999523920454292,3.399722055500358e-9,-0.3738953665156418,0.231733486056328,0.4514343530532079,0.4190651906519065,normal_flow,A2391077.csv
A2391077,2016-12-31,daytime,6,-0.9999774900291108,7.600424812579665e-10,-0.3739589349754968,0.17443436384201,0.6442090227353886,0.4152323136134587,normal_flow,A2391077.csv
A2391077,2016-12-31,nighttime,6,-0.9999538862876176,3.189662674714572e-9,-0.3780832812939948,0.17443436384201,0.6442090227353886,0.4152323136134587,normal_flow,A2391077.csv
A2391077,2017-01-01,daytime,6,-0.9997955435621112,6.269937910273135e-8,-0.3810440069382238,0.250845968723297,0.3981073681704559,0.4116811490695552,normal_flow,A2391077.csv
A2391077,2017-01-01,nighttime,6,-0.9999347733502696,6.381634998650048e-9,-0.3814492161826558,0.250845968723297,0.3981073681704559,0.4116811490695552,normal_flow,A2391077.csv
A2391077,2017-01-02,daytime,6,-0.9999824064848104,4.642949422149299e-10,-0.39057390891514343,0.228133216500282,0.46839661945006544,0.4054437963734476,normal_flow,A2391077.csv
A2391077,2017-01-02,nighttime,6,-0.9999430679640172,4.861792816065142e-9,-0.39244638672316234,0.228133216500282,0.46839661945006544,0.4054437963734476,normal_flow,A2391077.csv
A2391077,2017-01-03,daytime,6,-0.9999456299564816,4.4340720866026205e-9,-0.3967734001464822,0.228149026632309,0.46821806927746695,0.42492163631313734,normal_flow,A2391077.csv
A2391077,2017-01-03,nighttime,6,-0.9999909596357854,1.2259190827172253e-10,-0.4060455768803219,0.228149026632309,0.46821806927746695,0.42492163631313734,normal_flow,A2391077.csv
A2391077,2017-01-04,daytime,6,-0.9999824158581953,4.6380034599508766e-10,-0.3966760037735372,0.228691309690475,0.4655398166884895,0.4510137682021982,normal_flow,A2391077.csv
A2391077,2017-01-04,nighttime,6,-0.9999832769843312,4.194865412085131e-10,-0.4179586901914501,0.228691309690475,0.4655398166884895,0.4510137682021982,normal_flow,A2391077.csv
A2391077,2017-01-05,daytime,6,-0.9999807865480952,5.53731554767284e-10,-0.3924071287559904,0.229518577456474,0.461195095821926,0.44714121334761736,normal_flow,A2391077.csv
A2391077,2017-01-05,nighttime,6,-0.9999282269876296,7.726863092571977e-9,-0.4083170810550861,0.229518577456474,0.461195095821926,0.44714121334761736,normal_flow,A2391077.csv
A2391077,2017-01-06,daytime,6,-0.9999771544427426,7.828732678302634e-10,-0.37548156579566505,0.230375438928604,0.456909891679562,0.4269650438439868,normal_flow,A2391077.csv
A2391077,2017-01-06,nighttime,6,-0.9999137501966934,1.1158222048266256e-8,-0.3901635078164742,0.230375438928604,0.456909891679562,0.4269650438439868,normal_flow,A2391077.csv
A2391077,2017-01-07,daytime,6,-0.9997168386107274,1.2025920656941948e-7,-0.35672420155145623,0.229593425989151,0.4607784787525295,0.43534499861127646,normal_flow,A2391077.csv
A2391077,2017-01-07,nighttime,6,-0.9997288872427048,1.1024322707021069e-7,-0.3680882905081947,0.229593425989151,0.4607784787525295,0.43534499861127646,normal_flow,A2391077.csv
A2391077,2017-01-08,daytime,6,-0.9999927402392568,7.905599776317002e-11,-0.3637980638762747,0.229616403579712,0.4605404118557314,0.4226004840693568,normal_flow,A2391077.csv
A2391077,2017-01-08,nighttime,6,-0.9999831495906836,4.2590204897467063e-10,-0.36540783841598473,0.229616403579712,0.4605404118557314,0.4226004840693568,normal_flow,A2391077.csv
A2391077,2017-01-09,daytime,6,-0.9999629671007148,2.057128050075953e-9,-0.35837970768470223,0.231329441070557,0.45321985477919297,0.42588977502678255,normal_flow,A2391077.csv
A2391077,2017-01-09,nighttime,6,-0.999975815985745,8.77292746014399e-10,-0.3662180123982408,0.231329441070557,0.45321985477919297,0.42588977502678255,normal_flow,A2391077.csv
A2391077,2017-01-12,daytime,6,-0.9999975609826772,8.923200995794214e-12,-0.3659475488667964,0.630698502063751,0.16426615879062018,0.3981232392969091,normal_flow,A2391077.csv
A2391077,2017-01-12,nighttime,6,-0.6940350831926274,0.12610041448522133,-15.819283105452769,0.630698502063751,0.16426615879062018,0.3981232392969091,normal_flow,A2391077.csv
A2391077,2017-01-13,daytime,6,-0.9998136719512002,5.2073978172499914e-8,-0.37090027855004143,0.674500167369843,0.14819664325675516,0.3829107645915169,normal_flow,A2391077.csv
A2391077,2017-01-13,nighttime,6,-0.9997660544442956,8.208938256948727e-8,-0.3692307607188719,0.674500167369843,0.14819664325675516,0.3829107645915169,normal_flow,A2391077.csv
A2391077,2017-01-14,daytime,6,-0.9999905561179978,1.3377993977204204e-10,-0.38803851296738606,0.205412074923515,0.577133674562552,0.37989921834702217,normal_flow,A2391077.csv
A2391077,2017-01-14,nighttime,6,-0.9999844391065976,3.6321022125161704e-10,-0.38673833755508974,0.205412074923515,0.577133674562552,0.37989921834702217,normal_flow,A2391077.csv
A2391077,2017-01-15,daytime,6,-0.9999856672616404,3.081396111644648e-10,-0.39170123055001327,0.231361106038094,0.4530413046065945,0.3955243423401976,normal_flow,A2391077.csv
A2391077,2017-01-15,nighttime,6,-0.9999580084270476,2.6449012768022415e-9,-0.3943058962557637,0.231361106038094,0.4530413046065945,0.3955243423401976,normal_flow,A2391077.csv
A2391077,2017-01-16,daytime,6,-0.9999866779182898,2.6621560945487885e-10,-0.3883295179689082,0.232745155692101,0.4474467325318415,0.4116890846327818,normal_flow,A2391077.csv
A2391077,2017-01-16,nighttime,6,-0.9999837908361834,3.941033580785556e-10,-0.3970947794553707,0.232745155692101,0.4474467325318415,0.4116890846327818,normal_flow,A2391077.csv
A2391077,2017-01-17,daytime,6,-0.999978735936271,6.782358020249037e-10,-0.3826521275047464,0.230063289403915,0.45786215926675394,0.42241796611514504,normal_flow,A2391077.csv
A2391077,2017-01-17,nighttime,6,-0.9998821728100704,2.0824052118086463e-8,-0.3841804252684524,0.230063289403915,0.45786215926675394,0.42241796611514504,normal_flow,A2391077.csv
A2391077,2017-01-18,daytime,6,-0.999889848327564,1.819941815401606e-8,-0.39098226819336585,0.229107722640038,0.4636352815141055,0.42105304924016984,normal_flow,A2391077.csv
A2391077,2017-01-18,nighttime,6,-0.9999627637345077,2.079783386962911e-9,-0.3924085256662674,0.229107722640038,0.4636352815141055,0.42105304924016984,normal_flow,A2391077.csv
A2391077,2017-01-19,daytime,6,-0.9999879608313657,2.1741149962474782e-10,-0.4053604524942249,1.02123045921326,0.06415902868706107,0.4195770344800222,normal_flow,A2391077.csv
A2391077,2017-01-19,nighttime,6,-0.999987911310764,2.1920372786232988e-10,-0.4078468269627548,1.02123045921326,0.06415902868706107,0.4195770344800222,normal_flow,A2391077.csv
A2391077,2017-01-20,daytime,6,-0.9999878953218244,2.1978396379331838e-10,-0.3964873818242592,0.467666745185852,0.23300797524104272,0.43709082252112846,normal_flow,A2391077.csv
A2391077,2017-01-20,nighttime,6,-0.9999950094122954,3.735888630892716e-11,-0.40783504535500026,0.467666745185852,0.23300797524104272,0.43709082252112846,normal_flow,A2391077.csv
A2391077,2017-01-21,daytime,6,-0.9999934843148488,6.368109117755792e-11,-0.39123891969283714,0.244016617536545,0.4117366980121414,0.45556878149426655,normal_flow,A2391077.csv
A2391077,2017-01-21,nighttime,6,-0.9999564947472716,2.839019351087823e-9,-0.4049589914622802,0.244016617536545,0.4117366980121414,0.45556878149426655,normal_flow,A2391077.csv
A2391077,2017-01-22,daytime,6,-0.9999864767305304,2.7431698916014483e-10,-0.37946500219881546,0.138890892267227,0.6951553386501607,0.4620878466849185,normal_flow,A2391077.csv
A2391077,2017-01-22,nighttime,6,-0.999947971755622,4.060336900962587e-9,-0.3957928977572953,0.138890892267227,0.6951553386501607,0.4620878466849185,normal_flow,A2391077.csv
A2391077,2017-01-23,daytime,6,-0.9994543776476068,4.464744102362213e-7,-0.3841131915674133,0.132776290178299,0.7030115462444947,0.4713645200968139,normal_flow,A2391077.csv
A2391077,2017-01-23,nighttime,6,-0.9997976803608314,6.13957137911795e-8,-0.37467409252661055,0.132776290178299,0.7030115462444947,0.4713645200968139,normal_flow,A2391077.csv
A2391077,2017-01-24,daytime,6,-0.9999382928194142,5.711546720220328e-9,-0.382564223123574,0.190415307879448,0.6141530770146412,0.4823314684759751,normal_flow,A2391077.csv
A2391077,2017-01-24,nighttime,6,-0.999994566492468,4.4284425941782735e-11,-0.3849595611880447,0.190415307879448,0.6141530770146412,0.4823314684759751,normal_flow,A2391077.csv
A2391077,2017-01-25,daytime,6,-0.9999792355118924,6.46741473106642e-10,-0.38098999104969394,0.236541375517845,0.43292465182716344,0.48124826409554416,normal_flow,A2391077.csv
A2391077,2017-01-25,nighttime,6,-0.9999691459638927,1.4279426300709926e-9,-0.3911552226380603,0.236541375517845,0.43292465182716344,0.48124826409554416,normal_flow,A2391077.csv
A2391077,2017-01-26,daytime,6,-0.9999439813758164,4.707041487515611e-9,-0.3840660989695391,0.238306656479836,0.42792524699440543,0.4778121652184264,normal_flow,A2391077.csv
A2391077,2017-01-26,nighttime,6,-0.9999665023006538,1.6831249984218767e-9,-0.3883021105731937,0.238306656479836,0.42792524699440543,0.4778121652184264,normal_flow,A2391077.csv
A2391077,2017-01-27,daytime,6,-0.9999721798436392,1.160930884050982e-9,-0.3834667295302453,0.238686591386795,0.4269729794072134,0.5007419751616871,normal_flow,A2391077.csv
A2391077,2017-01-27,nighttime,6,-0.999960298651942,2.364264267868837e-9,-0.3949327349535395,0.238686591386795,0.4269729794072134,0.5007419751616871,normal_flow,A2391077.csv
A2391077,2017-01-28,daytime,6,-0.9999713638186116,1.2300345854832614e-9,-0.36973396135237535,0.239202857017517,0.42536602785382693,0.5315279926992819,normal_flow,A2391077.csv
A2391077,2017-01-28,nighttime,6,-0.999964402216794,1.900780698986341e-9,-0.3888674681707149,0.239202857017517,0.42536602785382693,0.5315279926992819,normal_flow,A2391077.csv
A2391077,2017-01-29,daytime,6,-0.9999381473248676,5.738511815027953e-9,-0.36740989578416927,0.15323443710804,0.6749196524223307,0.5138396222671904,normal_flow,A2391077.csv
A2391077,2017-01-29,nighttime,6,-0.9999839708510724,3.853983638082428e-10,-0.37665625033172545,0.15323443710804,0.6749196524223307,0.5138396222671904,normal_flow,A2391077.csv
A2391077,2017-01-30,daytime,6,-0.9999747323768452,9.576711037407146e-10,-0.36677655853264807,0.200158253312111,0.5921914057850256,0.496349640915764,normal_flow,A2391077.csv
A2391077,2017-01-30,nighttime,6,-0.9999224637930944,9.017562003436536e-9,-0.3693986442741841,0.200158253312111,0.5921914057850256,0.496349640915764,normal_flow,A2391077.csv
A2391077,2017-01-31,daytime,6,-0.9999631590109412,2.035862710878745e-9,-0.3718189566666139,0.191403314471245,0.6119509582192596,0.47622108479149305,normal_flow,A2391077.csv
A2391077,2017-01-31,nighttime,6,-0.9999699263885168,1.3566195618363123e-9,-0.3780665836839782,0.191403314471245,0.6119509582192596,0.47622108479149305,normal_flow,A2391077.csv
A2391077,2017-02-01,daytime,6,-0.9999873523939572,2.3994189634906175e-10,-0.379082882375111,0.234183073043823,0.44161409356029047,0.478812046184978,normal_flow,A2391077.csv
A2391077,2017-02-01,nighttime,6,-0.9999143980327564,1.09912315613351e-8,-0.3807105287740252,0.234183073043823,0.44161409356029047,0.478812046184978,normal_flow,A2391077.csv
A2391077,2017-02-02,daytime,6,-0.9999975693187124,8.86231010156285e-12,-0.37682492327383577,0.243950515985489,0.4120937983573384,0.4821806927746697,normal_flow,A2391077.csv
A2391077,2017-02-02,nighttime,6,-0.9999869231222368,2.5650597994135456e-10,-0.3890865637162554,0.243950515985489,0.4120937983573384,0.4821806927746697,normal_flow,A2391077.csv
A2391077,2017-02-03,daytime,6,-0.9999738715922156,1.0240316211621987e-9,-0.3735306754778793,0.24553170800209,0.4081061778359719,0.48219656390112287,normal_flow,A2391077.csv
A2391077,2017-02-03,nighttime,6,-0.9999181401426436,1.0051280096681585e-8,-0.3826434358426106,0.24553170800209,0.4081061778359719,0.48219656390112287,normal_flow,A2391077.csv
A2391077,2017-02-04,daytime,6,-0.9999840130710392,3.8337080341020757e-10,-0.3669794637846863,0.139109671115875,0.6947982383049637,0.4863825735031544,normal_flow,A2391077.csv
A2391077,2017-02-04,nighttime,6,-0.9999480213871964,4.052594066211114e-9,-0.3799977189925498,0.139109671115875,0.6947982383049637,0.4863825735031544,normal_flow,A2391077.csv
A2391077,2017-02-05,daytime,6,-0.9882079338557276,2.0775937587755156e-4,-0.37773364016013855,0.681148171424866,0.14641114153077014,0.49602031504186006,normal_flow,A2391077.csv
A2391077,2017-02-05,nighttime,6,-0.9999840549237108,3.813661598177027e-10,-0.3722838559361913,0.681148171424866,0.14641114153077014,0.49602031504186006,normal_flow,A2391077.csv
A2391077,2017-02-06,daytime,6,-0.9999540007645892,3.173845822012573e-9,-0.3907113416018533,0.236599922180176,0.4328056183787644,0.4829504424076499,normal_flow,A2391077.csv
A2391077,2017-02-06,nighttime,6,-0.9999364873851312,6.050650270937027e-9,-0.3835931798349416,0.236599922180176,0.4328056183787644,0.4829504424076499,normal_flow,A2391077.csv
A2391077,2017-02-07,daytime,6,-0.9999932770038292,6.779786433583812e-11,-0.400083983545906,0.249445497989655,0.4010832043804309,0.47149148910843947,normal_flow,A2391077.csv
A2391077,2017-02-07,nighttime,6,-0.9999723858117492,1.1438045606290876e-9,-0.4086758549605663,0.249445497989655,0.4010832043804309,0.47149148910843947,normal_flow,A2391077.csv
A2391077,2017-02-08,daytime,6,-0.9999884881785172,1.987822879912315e-10,-0.381741256073438,0.169694185256958,0.6530174979169147,0.45767567353092886,normal_flow,A2391077.csv
A2391077,2017-02-08,nighttime,6,-0.999795917142394,6.247046914658209e-8,-0.39853124893889136,0.169694185256958,0.6530174979169147,0.45767567353092886,normal_flow,A2391077.csv
A2391077,2017-02-09,daytime,6,-0.99998060576619,5.642008101720069e-10,-0.3692073575449008,0.224772796034813,0.483454350672539,0.46769432210451134,normal_flow,A2391077.csv
A2391077,2017-02-09,nighttime,6,-0.9999002914197346,1.49122058263951e-8,-0.3644569217651108,0.224772796034813,0.483454350672539,0.46769432210451134,normal_flow,A2391077.csv
A2391077,2017-02-10,daytime,6,-0.9999808026819242,5.528019944927965e-10,-0.36611404905139344,0.238259553909302,0.42816331389120343,0.4891520850692378,normal_flow,A2391077.csv
A2391077,2017-02-10,nighttime,6,-0.999969540689416,1.3916402722747632e-9,-0.37506717511881577,0.238259553909302,0.42816331389120343,0.4891520850692378,normal_flow,A2391077.csv
A2391077,2017-02-11,daytime,6,-0.9999055609500518,1.3377680094285996e-8,-0.3721657701460752,0.223563805222511,0.489763123437686,0.5069277466968218,normal_flow,A2391077.csv
A2391077,2017-02-11,nighttime,6,-0.9999318428155854,6.967944372220318e-9,-0.3707944805537537,0.223563805222511,0.489763123437686,0.5069277466968218,normal_flow,A2391077.csv
A2391077,2017-02-12,daytime,6,-0.9999273055314842,7.926536552744578e-9,-0.3920180265270653,0.207931518554688,0.5699321509344125,0.5002499702416379,normal_flow,A2391077.csv
A2391077,2017-02-12,nighttime,6,-0.9999772668153524,7.751906520974556e-10,-0.3805956721285581,0.207931518554688,0.5699321509344125,0.5002499702416379,normal_flow,A2391077.csv
A2391077,2017-02-13,daytime,6,-0.9999725722328062,1.128413303138755e-9,-0.40417793397600826,0.225865498185158,0.4788715629091775,0.5363329762329881,normal_flow,A2391077.csv
A2391077,2017-02-13,nighttime,6,-0.999959482890201,2.4624210225236522e-9,-0.4057541578241347,0.225865498185158,0.4788715629091775,0.5363329762329881,normal_flow,A2391077.csv
A2391077,2017-02-14,daytime,6,-0.9999772912174688,7.735273507325186e-10,-0.3993939873689329,0.241211697459221,0.4203071062968694,0.5526484942268778,normal_flow,A2391077.csv
A2391077,2017-02-14,nighttime,6,-0.9997931782111052,6.415845511533725e-8,-0.40892371337753675,0.241211697459221,0.4203071062968694,0.5526484942268778,normal_flow,A2391077.csv
A2391077,2017-02-15,daytime,6,-0.9999629801052689,2.055683541481271e-9,-0.3881570953919751,0.247615367174149,0.4047137245566004,0.5716898781891044,normal_flow,A2391077.csv
A2391077,2017-02-15,nighttime,6,-0.9999614401306104,2.230266624371418e-9,-0.3992071868650288,0.247615367174149,0.4047137245566004,0.5716898781891044,normal_flow,A2391077.csv
A2391077,2017-02-16,daytime,6,-0.999101155731254,1.2115184315973272e-6,-0.39929505910123625,0.200246915221214,0.5918938221640281,0.5745942943300401,normal_flow,A2391077.csv
A2391077,2017-02-16,nighttime,6,-0.9999361280666036,6.1193055269621116e-9,-0.39473797454044873,0.200246915221214,0.5918938221640281,0.5745942943300401,normal_flow,A2391077.csv
A2391077,2017-02-17,daytime,6,-0.9997880710832704,6.736603934582405e-8,-0.393659284010253,0.111645251512527,0.7339602428282347,0.5893742808395825,normal_flow,A2391077.csv
A2391077,2017-02-17,nighttime,6,-0.9998549758082884,3.1546499196787565e-8,-0.393031209227464,0.111645251512527,0.7339602428282347,0.5893742808395825,normal_flow,A2391077.csv
A2391077,2017-02-18,daytime,6,-0.9999242098104938,8.616011562865533e-9,-0.4084955106645335,0.153525829315186,0.6747411022497322,0.6086259572273142,normal_flow,A2391077.csv
A2391077,2017-02-18,nighttime,6,-0.999963308419362,2.0193834361482675e-9,-0.4075499915734662,0.153525829315186,0.6747411022497322,0.6086259572273142,normal_flow,A2391077.csv
A2391077,2017-02-19,daytime,6,-0.9998229921513404,4.6994894745348314e-8,-0.4200628146957775,0.199042156338692,0.5946315914772051,0.6242788556917828,normal_flow,A2391077.csv
A2391077,2017-02-19,nighttime,6,-0.9999529787708388,3.3164420058620487e-9,-0.421186016161452,0.199042156338692,0.5946315914772051,0.6242788556917828,normal_flow,A2391077.csv
A2391077,2017-02-20,daytime,6,-0.9999957849251204,2.6650246916071295e-11,-0.4238760412239254,0.143748670816422,0.6876562314010237,0.6350037693925327,normal_flow,A2391077.csv
A2391077,2017-02-20,nighttime,6,-0.9999177876174912,1.01380359250296e-8,-0.43261681904910054,0.143748670816422,0.6876562314010237,0.6350037693925327,normal_flow,A2391077.csv
A2391077,2017-02-21,daytime,6,-0.9999810981182964,5.359183212706985e-10,-0.41253926872583147,0.151086762547493,0.6775383882871087,0.6523390072610403,normal_flow,A2391077.csv
A2391077,2017-02-21,nighttime,6,-0.9999387297890938,5.6309431113593175e-9,-0.42738342305413346,0.151086762547493,0.6775383882871087,0.6523390072610403,normal_flow,A2391077.csv
A2391077,2017-02-22,daytime,6,-0.999961459960966,2.227973290675643e-9,-0.4068148033629602,0.144312307238579,0.6867039638138317,0.6738999325477125,normal_flow,A2391077.csv
A2391077,2017-02-22,nighttime,6,-0.999937159593553,5.923250947874917e-9,-0.4131660371262843,0.144312307238579,0.6867039638138317,0.6738999325477125,normal_flow,A2391077.csv
A2391077,2017-02-23,daytime,6,-0.9999497404994774,3.788962610988486e-9,-0.41308008354765,0.137827903032303,0.6965837400309487,0.6968694203071063,normal_flow,A2391077.csv
A2391077,2017-02-23,nighttime,6,-0.999982472865462,4.6079797550024924e-10,-0.4120815893021418,0.137827903032303,0.6965837400309487,0.6968694203071063,normal_flow,A2391077.csv
A2391077,2017-02-24,daytime,6,-0.9998282653025716,4.4236676982079364e-8,-0.4134329127021622,0.13117952644825,0.7051541483156767,0.7076895607665754,normal_flow,A2391077.csv
A2391077,2017-02-24,nighttime,6,-0.9999659536893302,1.7387071729306394e-9,-0.4189130860517265,0.13117952644825,0.7051541483156767,0.7076895607665754,normal_flow,A2391077.csv
A2391077,2017-02-25,daytime,6,-0.999915209954212,1.0783723004324532e-8,-0.4164113188430891,0.12481564283371,0.7169384597071777,0.7095663214696664,normal_flow,A2391077.csv
A2391077,2017-02-25,nighttime,6,-0.9998924949433546,1.733538457038955e-8,-0.4204812109737978,0.12481564283371,0.7169384597071777,0.7095663214696664,normal_flow,A2391077.csv
A2391077,2017-02-26,daytime,6,-0.9999886796423444,1.92225020817967e-10,-0.41175829175025,0.118798539042473,0.7245566004047137,0.7157481252231878,normal_flow,A2391077.csv
A2391077,2017-02-26,nighttime,6,-0.9998758671506964,2.3112490034963627e-8,-0.4266745872263571,0.118798539042473,0.7245566004047137,0.7157481252231878,normal_flow,A2391077.csv
A2391077,2017-02-27,daytime,6,-0.9999645224358338,1.887964011702734e-9,-0.39808141705800704,0.113641396164894,0.7308058564456612,0.7270801095107725,normal_flow,A2391077.csv
A2391077,2017-02-27,nighttime,6,-0.9999629811995888,2.0555620107107412e-9,-0.41115290001927024,0.113641396164894,0.7308058564456612,0.7270801095107725,normal_flow,A2391077.csv
A2391077,2017-02-28,daytime,6,-0.9999888819883423,1.8541458767894907e-10,-0.3895731178444111,0.109057545661926,0.7389001309367932,0.7328849740110305,normal_flow,A2391077.csv
A2391077,2017-02-28,nighttime,6,-0.999944076791266,4.691020465402384e-9,-0.3942646463286202,0.109057545661926,0.7389001309367932,0.7328849740110305,normal_flow,A2391077.csv
A2391077,2017-03-01,daytime,6,-0.9999706054072914,1.2960504216719956e-9,-0.3763098359925931,0.104524381458759,0.7437209855969528,0.7399833353172242,normal_flow,A2391077.csv
A2391077,2017-03-01,nighttime,6,-0.9999831276866435,4.2701003542954244e-10,-0.38710405681371446,0.104524381458759,0.7437209855969528,0.7399833353172242,normal_flow,A2391077.csv
A2391077,2017-03-02,daytime,6,-0.9999818775549034,4.926315485024288e-10,-0.37462935507252026,0.100333489477634,0.7492560409475062,0.7467126929333809,normal_flow,A2391077.csv
A2391077,2017-03-02,nighttime,6,-0.9998354585037376,4.0608628598137627e-8,-0.37734777344821746,0.100333489477634,0.7492560409475062,0.7467126929333809,normal_flow,A2391077.csv
A2391077,2017-03-03,daytime,6,-0.9999184855263852,9.966643297131177e-9,-0.39089222721090205,0.0961740463972092,0.7541959290560648,0.7503868587072967,normal_flow,A2391077.csv
A2391077,2017-03-03,nighttime,6,-0.9999090535103576,1.2406519846156571e-8,-0.39423142907982184,0.0961740463972092,0.7541959290560648,0.7503868587072967,normal_flow,A2391077.csv
A2391077,2017-03-04,daytime,6,-0.9999599174754854,2.409880958729158e-9,-0.3868987039217297,0.0916430950164795,0.7621116533745983,0.7203229774233226,normal_flow,A2391077.csv
A2391077,2017-03-04,nighttime,6,-0.9999349507056844,6.346978411322879e-9,-0.4027589676580397,0.0916430950164795,0.7621116533745983,0.7203229774233226,normal_flow,A2391077.csv
A2391077,2017-03-05,daytime,6,-0.9999679591639375,1.5399063165695303e-9,-0.3963740160783306,0.0877925604581833,0.7674681585525532,0.722140221402214,normal_flow,A2391077.csv
A2391077,2017-03-05,nighttime,6,-0.999757610922152,8.812157711208329e-8,-0.39277795030152846,0.0877925604581833,0.7674681585525532,0.722140221402214,normal_flow,A2391077.csv
A2391077,2017-03-06,daytime,6,-0.9999942999091446,4.873646103955679e-11,-0.4058039270402174,0.0899450853466988,0.7646113557909773,0.7285640598341467,normal_flow,A2391077.csv
A2391077,2017-03-06,nighttime,6,-0.999923332422896,8.816650745656588e-9,-0.41201877709936,0.0899450853466988,0.7646113557909773,0.7285640598341467,normal_flow,A2391077.csv
A2391077,2017-03-07,daytime,6,-0.999979191868257,6.49463015215956e-10,-0.40634345356008167,0.0827795714139938,0.7747291989048922,0.7341824385985796,normal_flow,A2391077.csv
A2391077,2017-03-07,nighttime,6,-0.9999234611169724,8.787076732582746e-9,-0.41314519375535586,0.0827795714139938,0.7747291989048922,0.7341824385985796,normal_flow,A2391077.csv
A2391077,2017-03-08,daytime,6,-0.9999783580029352,7.025589871326094e-10,-0.3926534908577066,0.0774551033973694,0.7840138078800143,0.7261635519581002,normal_flow,A2391077.csv
A2391077,2017-03-08,nighttime,6,-0.9995489618747856,3.051072070369836e-7,-0.40164257032267425,0.0774551033973694,0.7840138078800143,0.7261635519581002,normal_flow,A2391077.csv
A2391077,2017-03-09,daytime,6,-0.9998870267635788,1.914370728518992e-8,-0.3823069118895384,0.0746081992983818,0.7876443280561838,0.7266119112804031,normal_flow,A2391077.csv
A2391077,2017-03-09,nighttime,6,-0.9999796099439796,6.236273381498514e-10,-0.3974643605060641,0.0746081992983818,0.7876443280561838,0.7266119112804031,normal_flow,A2391077.csv
A2391077,2017-03-10,daytime,6,-0.9999460911691114,4.3591647377653965e-9,-0.3838046282941913,0.0983918979763985,0.7516962266396857,0.7313494425266833,normal_flow,A2391077.csv
A2391077,2017-03-10,nighttime,6,-0.9999422316222292,5.005681813518839e-9,-0.389038708300118,0.0983918979763985,0.7516962266396857,0.7313494425266833,normal_flow,A2391077.csv
A2391077,2017-03-11,daytime,6,-0.9997130876746296,1.2346621455176238e-7,-0.3953632544472788,0.427047282457352,0.25419592905606475,0.7361464904971631,normal_flow,A2391077.csv
A2391077,2017-03-11,nighttime,6,-0.999966402995218,1.6931191340256675e-9,-0.39000123526866515,0.427047282457352,0.25419592905606475,0.7361464904971631,normal_flow,A2391077.csv
A2391077,2017-03-12,daytime,6,-0.999991471650552,1.0909880631841087e-10,-0.4020300767701144,0.104336746037006,0.7441971193905488,0.7406062770305122,normal_flow,A2391077.csv
A2391077,2017-03-12,nighttime,6,-0.9999238433224016,8.699538465968266e-9,-0.4161548275413186,0.104336746037006,0.7441971193905488,0.7406062770305122,normal_flow,A2391077.csv
A2391077,2017-03-13,daytime,6,-0.9999581138236776,2.631640906711347e-9,-0.4044277536215113,0.0566392652690411,0.8209141768837043,0.6967741935483871,normal_flow,A2391077.csv
A2391077,2017-03-13,nighttime,6,-0.9999564550870808,2.8441978776676053e-9,-0.4058934841547017,0.0566392652690411,0.8209141768837043,0.6967741935483871,normal_flow,A2391077.csv
A2391077,2017-03-14,daytime,6,-0.9999759021154628,8.710550618323403e-10,-0.4086708589746222,0.0608009845018387,0.8150815379121533,0.6572154108637861,normal_flow,A2391077.csv
A2391077,2017-03-14,nighttime,6,-0.9999223703403092,9.039312183298945e-9,-0.4106584570132533,0.0608009845018387,0.8150815379121533,0.6572154108637861,normal_flow,A2391077.csv
A2391077,2017-03-15,daytime,6,-0.9999793792467004,6.378188158387504e-10,-0.392476570743885,0.187841325998306,0.6186168313296037,0.6589215569575051,normal_flow,A2391077.csv
A2391077,2017-03-15,nighttime,6,-0.9996749974171576,1.5842285380963127e-7,-0.3947765196027023,0.187841325998306,0.6186168313296037,0.6589215569575051,normal_flow,A2391077.csv
A2391077,2017-03-16,daytime,6,-0.9996525471909624,1.810642089103816e-7,-0.3823135546880919,0.0993136987090111,0.7504463754314963,0.6621195889378249,normal_flow,A2391077.csv
A2391077,2017-03-16,nighttime,6,-0.9999690072760692,1.4408085199512056e-9,-0.3877119197791834,0.0993136987090111,0.7504463754314963,0.6621195889378249,normal_flow,A2391077.csv
A2391077,2017-03-17,daytime,6,-0.999982034008308,4.841623867145631e-10,-0.40220535944756414,0.0568852126598358,0.8203190096417093,0.6560885608856089,normal_flow,A2391077.csv
A2391077,2017-03-17,nighttime,6,-0.9999577698563916,2.675039887461666e-9,-0.4021437505612836,0.0568852126598358,0.8203190096417093,0.6560885608856089,normal_flow,A2391077.csv
A2391077,2017-03-18,daytime,6,-0.9996241476722844,2.1187091098943737e-7,-0.4192358438027928,0.0536196418106556,0.8261516486132603,0.6578939015196603,normal_flow,A2391077.csv
A2391077,2017-03-18,nighttime,6,-0.9999759244205784,8.694433092312535e-10,-0.4199655521141531,0.0536196418106556,0.8261516486132603,0.6578939015196603,normal_flow,A2391077.csv
A2391077,2017-03-19,daytime,6,-0.9999829221601494,4.3747643054689557e-10,-0.3953176818706895,0.0518476665019989,0.8290084513748364,0.6945006546839662,normal_flow,A2391077.csv
A2391077,2017-03-19,nighttime,6,-0.9997260500114276,1.125626145772253e-7,-0.4105440589153412,0.0518476665019989,0.8290084513748364,0.6945006546839662,normal_flow,A2391077.csv
A2391077,2017-03-20,daytime,6,-0.9999774282440512,7.64220499941968e-10,-0.3906832295340717,0.807820916175842,0.1099869063206761,0.6924453438082768,normal_flow,A2391077.csv
A2391077,2017-03-20,nighttime,6,-0.9999156727335038,1.0666331982788588e-8,-0.40176502815939863,0.807820916175842,0.1099869063206761,0.6924453438082768,normal_flow,A2391077.csv
A2391077,2017-03-21,daytime,6,-0.999037552541551,1.3890119054127668e-6,-0.4047049863800991,0.611641585826874,0.17122961552196167,0.6904495496567868,normal_flow,A2391077.csv
A2391077,2017-03-21,nighttime,6,-0.999971185404237,1.245409431370347e-9,-0.3925962483692924,0.611641585826874,0.17122961552196167,0.6904495496567868,normal_flow,A2391077.csv
A2391077,2017-03-22,daytime,6,-0.9999123653645756,1.1519407479424926e-8,-0.4018232488233135,0.0673765242099762,0.8003213903106773,0.6538586676189343,normal_flow,A2391077.csv
A2391077,2017-03-22,nighttime,6,-0.9999505492802544,3.668000062293051e-9,-0.40524466701295914,0.0673765242099762,0.8003213903106773,0.6538586676189343,normal_flow,A2391077.csv
A2391077,2017-03-23,daytime,6,-0.9999805880316202,5.652331171157776e-10,-0.4084915514319955,0.0502563267946243,0.8319842875848114,0.6659604015394993,normal_flow,A2391077.csv
A2391077,2017-03-23,nighttime,6,-0.9999529722030523,3.317368524965803e-9,-0.4119835519384541,0.0502563267946243,0.8319842875848114,0.6659604015394993,normal_flow,A2391077.csv
A2391077,2017-03-24,daytime,6,-0.999920837742608,9.39974645150913e-9,-0.4114972478150088,0.137463718652725,0.6971789072729437,0.6666547633218267,normal_flow,A2391077.csv
A2391077,2017-03-24,nighttime,6,-0.9997853271257028,6.912171789856628e-8,-0.41313544419817727,0.137463718652725,0.6971789072729437,0.6666547633218267,normal_flow,A2391077.csv
A2391077,2017-03-25,daytime,6,-0.9999679887842612,1.5370604983691655e-9,-0.3985931465473444,0.0793365240097046,0.7787763361504583,0.6653453953894377,normal_flow,A2391077.csv
A2391077,2017-03-25,nighttime,6,-0.9990332064025096,1.401582964136102e-6,-0.4041023500864705,0.0793365240097046,0.7787763361504583,0.6653453953894377,normal_flow,A2391077.csv
A2391077,2017-03-26,daytime,6,-0.9999831497333576,4.2589483671722333e-10,-0.3938443070243482,0.0650765150785446,0.8032972265206523,0.6663690830456691,normal_flow,A2391077.csv
A2391077,2017-03-26,nighttime,6,-0.9999192188504432,9.788127613042973e-9,-0.3866859967647966,0.0650765150785446,0.8032972265206523,0.6663690830456691,normal_flow,A2391077.csv
A2391077,2017-03-27,daytime,6,-0.999927748580568,7.830212829032836e-9,-0.3913577127166534,0.125332355499268,0.7133674562552077,0.6671388326786494,normal_flow,A2391077.csv
A2391077,2017-03-27,nighttime,6,-0.999856590219404,3.0848073046986274e-8,-0.39206065807103463,0.125332355499268,0.7133674562552077,0.6671388326786494,normal_flow,A2391077.csv
A2391077,2017-03-28,daytime,6,-0.999702189789866,1.330231753590097e-7,-0.404074230175566,0.0721024125814438,0.7909772646113558,0.7159861921199857,normal_flow,A2391077.csv
A2391077,2017-03-28,nighttime,6,-0.9999815037772598,5.131622196093052e-10,-0.40625653048808014,0.0721024125814438,0.7909772646113558,0.7159861921199857,normal_flow,A2391077.csv
A2391077,2017-03-29,daytime,6,-0.999952709228442,3.354572730878136e-9,-0.4095825898029064,0.403667211532593,0.26621830734436375,0.7611117724080466,normal_flow,A2391077.csv
A2391077,2017-03-29,nighttime,6,-0.9998681039955316,2.6093686724022982e-8,-0.4081637074781511,0.403667211532593,0.26621830734436375,0.7611117724080466,normal_flow,A2391077.csv
A2391077,2017-03-30,daytime,6,-0.9999883196647498,2.0464455056178492e-10,-0.43471579050090686,0.0674531385302544,0.8001428401380788,0.7644843867793517,normal_flow,A2391077.csv
A2391077,2017-03-30,nighttime,6,-0.999981636067404,5.058479341215987e-10,-0.4358486461383393,0.0674531385302544,0.8001428401380788,0.7644843867793517,normal_flow,A2391077.csv
A2391077,2017-03-31,daytime,6,-0.999906920474342,1.2995293933984245e-8,-0.44259434505377415,0.0923426449298859,0.7608618021664088,0.7645042256874182,normal_flow,A2391077.csv
A2391077,2017-03-31,nighttime,6,-0.9998613198316556,2.8846950076440565e-8,-0.4429422160281429,0.0923426449298859,0.7608618021664088,0.7645042256874182,normal_flow,A2391077.csv
A2391077,2017-04-01,daytime,6,-0.9995009080421144,3.735770135370035e-7,-0.4504503301815904,0.0671200603246689,0.8006784906558743,0.7372693726937269,normal_flow,A2391077.csv
A2391077,2017-04-01,nighttime,6,-0.9999688667460284,1.4539041658689466e-9,-0.4483483209960507,0.0671200603246689,0.8006784906558743,0.7372693726937269,normal_flow,A2391077.csv
A2391077,2017-04-02,daytime,6,-0.999911139563922,1.1843914821074166e-8,-0.4463458994358449,0.0456177406013012,0.8415069634567314,0.7046661111772408,normal_flow,A2391077.csv
A2391077,2017-04-02,nighttime,6,-0.9998631979046873,2.8070939810108168e-8,-0.4523885124506178,0.0456177406013012,0.8415069634567314,0.7046661111772408,normal_flow,A2391077.csv
A2391077,2017-04-03,daytime,6,-0.9999779543169808,7.290128524419586e-10,-0.4486254071793619,0.0460439249873161,0.8405546958695393,0.6998611276435345,normal_flow,A2391077.csv
A2391077,2017-04-03,nighttime,6,-0.9999784047356668,6.995281268913255e-10,-0.45724102162940794,0.0460439249873161,0.8405546958695393,0.6998611276435345,normal_flow,A2391077.csv
A2391077,2017-04-04,daytime,6,-0.9999913579421508,1.120274230904638e-10,-0.4471397976135847,0.0449652075767517,0.8426972979407213,0.706070705868349,normal_flow,A2391077.csv
A2391077,2017-04-04,nighttime,6,-0.9998927573752828,1.7250854136716772e-8,-0.45423539232016263,0.0449652075767517,0.8426972979407213,0.706070705868349,normal_flow,A2391077.csv
A2391077,2017-04-05,daytime,6,-0.9999818403971,4.946537719691754e-10,-0.4259311102908662,0.0418470799922943,0.8481133198428759,0.7102130698726342,normal_flow,A2391077.csv
A2391077,2017-04-05,nighttime,6,-0.9998288205349524,4.39511058956714e-8,-0.43276350166564725,0.0418470799922943,0.8481133198428759,0.7102130698726342,normal_flow,A2391077.csv
A2391077,2017-04-06,daytime,6,-0.9999949405306454,3.8397280468544766e-11,-0.42878181085016104,0.0408585704863071,0.8509106058802524,0.748577550291632,normal_flow,A2391077.csv
A2391077,2017-04-06,nighttime,6,-0.9998474257402872,3.491658120950325e-8,-0.4316908652724708,0.0408585704863071,0.8509106058802524,0.748577550291632,normal_flow,A2391077.csv
A2391077,2017-04-07,daytime,6,-0.9999797827035232,6.131044834429477e-10,-0.4216248029855523,0.0499931834638119,0.8322818712058089,0.7513748363290085,normal_flow,A2391077.csv
A2391077,2017-04-07,nighttime,6,-0.9999652162734018,1.8148404115353075e-9,-0.4254109591397875,0.0499931834638119,0.8322818712058089,0.7513748363290085,normal_flow,A2391077.csv
A2391077,2017-04-08,daytime,6,-0.9999715897766944,1.2106997168740344e-9,-0.4187961868542728,0.367885410785675,0.28865611236757527,0.7580089671864461,normal_flow,A2391077.csv
A2391077,2017-04-08,nighttime,6,-0.999894636435654,1.6651636191741027e-8,-0.42007189561797753,0.367885410785675,0.28865611236757527,0.7580089671864461,normal_flow,A2391077.csv
A2391077,2017-04-09,daytime,6,-0.999971397611354,1.227133254637164e-9,-0.4492719418451054,0.366188049316406,0.28972741340316627,0.7621513311907313,normal_flow,A2391077.csv
A2391077,2017-04-09,nighttime,6,-0.999956741142816,2.806952611530081e-9,-0.43151300484105104,0.366188049316406,0.28972741340316627,0.7621513311907313,normal_flow,A2391077.csv
A2391077,2017-04-10,daytime,6,-0.999969810951529,1.3670542145465504e-9,-0.4648880434047248,0.113462761044502,0.7312224735150578,0.7636273459508789,normal_flow,A2391077.csv
A2391077,2017-04-10,nighttime,6,-0.9998734384731172,2.402571651049317e-8,-0.47110776657986486,0.113462761044502,0.7312224735150578,0.7636273459508789,normal_flow,A2391077.csv
A2391077,2017-04-11,daytime,6,-0.9999942914071536,4.888195541349906e-11,-0.4597019156220516,0.0629078671336174,0.8065111296274253,0.7637662183073444,normal_flow,A2391077.csv
A2391077,2017-04-11,nighttime,6,-0.999718656652698,1.1871998386977677e-7,-0.4669431968417464,0.0629078671336174,0.8065111296274253,0.7637662183073444,normal_flow,A2391077.csv
A2391077,2017-04-12,daytime,6,-0.9999030988023292,1.4084308221547325e-8,-0.4652894053331647,0.04000199213624,0.8531127246756338,0.7339324683569416,normal_flow,A2391077.csv
A2391077,2017-04-12,nighttime,6,-0.999760149827546,8.628525877638786e-8,-0.4631268817501889,0.04000199213624,0.8531127246756338,0.7339324683569416,normal_flow,A2391077.csv
A2391077,2017-04-13,daytime,6,-0.9997261196803569,1.1250537229152913e-7,-0.4576347343203227,0.0455522909760475,0.8416855136293299,0.6885965956433758,normal_flow,A2391077.csv
A2391077,2017-04-13,nighttime,6,-0.9999308443949616,7.173581194076191e-9,-0.454301207058973,0.0455522909760475,0.8416855136293299,0.6885965956433758,normal_flow,A2391077.csv
A2391077,2017-04-14,daytime,6,-0.999977970221034,7.279613962837588e-10,-0.4422202541392586,0.0453744605183601,0.8421021306987263,0.6829940880053962,normal_flow,A2391077.csv
A2391077,2017-04-14,nighttime,6,-0.9982697343297482,4.488138883107878e-6,-0.4415246732472993,0.0453744605183601,0.8421021306987263,0.6829940880053962,normal_flow,A2391077.csv
A2391077,2017-04-15,daytime,6,-0.9998324751912075,4.209449158621026e-8,-0.4475766803192426,0.0384945273399353,0.8603737650279729,0.6828472800857041,normal_flow,A2391077.csv
A2391077,2017-04-15,nighttime,6,-0.9999281720575884,7.73869467731418e-9,-0.4439192216561668,0.0384945273399353,0.8603737650279729,0.6828472800857041,normal_flow,A2391077.csv
A2391077,2017-04-16,daytime,6,-0.9998993629194288,1.5191223361575765e-8,-0.4390091389508546,0.0379674173891544,0.8628139507201523,0.718819188191882,normal_flow,A2391077.csv
A2391077,2017-04-16,nighttime,6,-0.9999548528516474,3.057351495628154e-9,-0.44036071453698544,0.0379674173891544,0.8628139507201523,0.718819188191882,normal_flow,A2391077.csv
A2391077,2017-04-17,daytime,6,-0.9998390025233964,3.8878194666756584e-8,-0.4355844457426972,0.0377408303320408,0.8636471848589453,0.7218029599650835,normal_flow,A2391077.csv
A2391077,2017-04-17,nighttime,6,-0.9999313899422592,7.060848549338006e-9,-0.4369830115312205,0.0377408303320408,0.8636471848589453,0.7218029599650835,normal_flow,A2391077.csv
A2391077,2017-04-18,daytime,6,-0.9998645744307212,2.7508885363528818e-8,-0.43467083152727054,0.0449654348194599,0.8426377812165219,0.6855850493988811,normal_flow,A2391077.csv
A2391077,2017-04-18,nighttime,6,-0.9998892784480408,1.8388214420097956e-8,-0.4349303487415295,0.0449654348194599,0.8426377812165219,0.6855850493988811,normal_flow,A2391077.csv
A2391077,2017-04-19,daytime,6,-0.999360214727968,6.138568513482312e-7,-0.44561328855568927,0.253173768520355,0.3951910486846804,0.6508114113399198,normal_flow,A2391077.csv
A2391077,2017-04-19,nighttime,6,-0.9995451154625868,3.103328512252223e-7,-0.4261606742378004,0.253173768520355,0.3951910486846804,0.6508114113399198,normal_flow,A2391077.csv
A2391077,2017-04-20,daytime,6,-0.9963354743831674,2.0118516999116508e-5,-0.460893121233786,0.619541585445404,0.16807522913938816,0.6426814268142681,normal_flow,A2391077.csv
A2391077,2017-04-20,nighttime,6,-0.9972563890220542,1.1280775667175649e-5,-0.395593134853182,0.619541585445404,0.16807522913938816,0.6426814268142681,normal_flow,A2391077.csv
A2391077,2017-04-21,daytime,6,-0.9985059573263264,3.346577792366634e-6,-0.45488974182838415,0.0883444845676422,0.7668729913105583,0.6301114946633337,normal_flow,A2391077.csv
A2391077,2017-04-21,nighttime,6,-0.99519939555176,3.451338771033142e-5,-0.36751646615163086,0.0883444845676422,0.7668729913105583,0.6301114946633337,normal_flow,A2391077.csv
A2391077,2017-04-22,daytime,6,-0.9999874976946832,2.344604802488037e-10,-0.42981617648065257,0.0512355156242847,0.8300797524104273,0.6220132523905885,normal_flow,A2391077.csv
A2391077,2017-04-22,nighttime,6,-0.994190603432864,5.0525601792012146e-5,-0.4299776005249668,0.0512355156242847,0.8300797524104273,0.6220132523905885,normal_flow,A2391077.csv
A2391077,2017-04-23,daytime,6,-0.9999777060442654,7.45525153170228e-10,-0.4272583013996313,0.0523785389959812,0.8282347339602428,0.603769392532635,normal_flow,A2391077.csv
A2391077,2017-04-23,nighttime,6,-0.9996865768556042,1.4733570674923212e-7,-0.4285732385182875,0.0523785389959812,0.8282347339602428,0.603769392532635,normal_flow,A2391077.csv
A2391077,2017-04-24,daytime,6,-0.9999356890280036,6.203718686784876e-9,-0.43611855040562575,0.3094542324543,0.33448399000119033,0.5889100503908264,normal_flow,A2391077.csv
A2391077,2017-04-24,nighttime,6,-0.9999551009626036,3.023840082166089e-9,-0.42844289078278985,0.3094542324543,0.33448399000119033,0.5889100503908264,normal_flow,A2391077.csv
A2391077,2017-04-25,daytime,6,-0.999867023775826,2.6522838605542018e-8,-0.4358171490441043,0.566117882728577,0.1879538150220212,0.5767964131254216,normal_flow,A2391077.csv
A2391077,2017-04-25,nighttime,6,-0.9989900969221992,1.5293413376186142e-6,-0.4235519836425266,0.566117882728577,0.1879538150220212,0.5767964131254216,normal_flow,A2391077.csv
A2391077,2017-04-26,daytime,6,-0.9999639201218364,1.952612928807429e-9,-0.47043663776084854,0.3744757771492,0.2849065587430068,0.5695353727730825,normal_flow,A2391077.csv
A2391077,2017-04-26,nighttime,6,-0.9999970722010916,1.285799712262192e-11,-0.4513260731719701,0.3744757771492,0.2849065587430068,0.5695353727730825,normal_flow,A2391077.csv
A2391077,2017-04-27,daytime,6,-0.999929834072758,7.384713296126625e-9,-0.4695085656974368,0.113499470055103,0.7311629567908582,0.592738959647661,normal_flow,A2391077.csv
A2391077,2017-04-27,nighttime,6,-0.9997483606353846,9.49755875355936e-8,-0.47835649594470975,0.113499470055103,0.7311629567908582,0.592738959647661,normal_flow,A2391077.csv
A2391077,2017-04-28,daytime,6,-0.9999716791534992,1.2030941621232138e-9,-0.45707124272156807,0.169582173228264,0.6531365313653137,0.6283815418799349,normal_flow,A2391077.csv
A2391077,2017-04-28,nighttime,6,-0.9922552701059182,8.973899399173266e-5,-0.4748476452518387,0.169582173228264,0.6531365313653137,0.6283815418799349,normal_flow,A2391077.csv
A2391077,2017-04-29,daytime,6,-0.999742567938932,9.939836892418833e-8,-0.4545935276866678,0.121977597475052,0.7206284966075467,0.6207832400904654,normal_flow,A2391077.csv
A2391077,2017-04-29,nighttime,6,-0.9992985253403271,7.379274610848966e-7,-0.4531729413038923,0.121977597475052,0.7206284966075467,0.6207832400904654,normal_flow,A2391077.csv
A2391077,2017-04-30,daytime,6,-0.9999969569599672,1.3890124872080928e-11,-0.4465027350007155,0.202416062355042,0.5867158671586716,0.6124826409554418,normal_flow,A2391077.csv
A2391077,2017-04-30,nighttime,6,-0.9987304509344702,2.4166091437622463e-6,-0.4681481596123497,0.202416062355042,0.5867158671586716,0.6124826409554418,normal_flow,A2391077.csv
A2391077,2017-05-01,daytime,6,-0.9996555370208072,1.779616799682297e-7,-0.45047765635723025,0.177370175719261,0.6399238185930246,0.6054556997182875,normal_flow,A2391077.csv
A2391077,2017-05-01,nighttime,6,-0.999955379811618,2.986397398356643e-9,-0.45537811997225097,0.177370175719261,0.6399238185930246,0.6054556997182875,normal_flow,A2391077.csv
A2391077,2017-05-02,daytime,6,-0.9998206679370804,4.8237099527899466e-8,-0.4698517956637474,0.147902816534042,0.6819426258778717,0.6319327064238385,normal_flow,A2391077.csv
A2391077,2017-05-02,nighttime,6,-0.9999919565874812,9.704446723422071e-11,-0.4669920150849052,0.147902816534042,0.6819426258778717,0.6319327064238385,normal_flow,A2391077.csv
A2391077,2017-05-03,daytime,6,-0.9999414268266584,5.146124476063495e-9,-0.4685475479105329,0.111768193542957,0.7337221759314367,0.6681982303694005,normal_flow,A2391077.csv
A2391077,2017-05-03,nighttime,6,-0.9996128040301612,2.248520542401657e-7,-0.46788493018625343,0.111768193542957,0.7337221759314367,0.6681982303694005,normal_flow,A2391077.csv
A2391077,2017-05-04,daytime,6,-0.9992718182052912,7.95180030483451e-7,-0.4575009265067209,0.105150163173676,0.7432448518033568,0.6958814426853946,normal_flow,A2391077.csv
A2391077,2017-05-04,nighttime,6,-0.9998850521539584,1.981875156099472e-8,-0.4718583089547263,0.105150163173676,0.7432448518033568,0.6958814426853946,normal_flow,A2391077.csv
A2391077,2017-05-05,daytime,6,-0.999938613648763,5.652310516677678e-9,-0.46770289210987587,0.13295179605484,0.7027139626234972,0.6928817997857398,normal_flow,A2391077.csv
A2391077,2017-05-05,nighttime,6,-0.9998645208783128,2.753064528772465e-8,-0.47002140511422097,0.13295179605484,0.7027139626234972,0.6928817997857398,normal_flow,A2391077.csv
A2391077,2017-05-06,daytime,6,-0.999711715057613,1.246503325881232e-7,-0.4739153317765692,0.169819176197052,0.6528984644685156,0.6981232392969091,normal_flow,A2391077.csv
A2391077,2017-05-06,nighttime,6,-0.999986103433169,2.8967051272051596e-10,-0.4802338246373334,0.169819176197052,0.6528984644685156,0.6981232392969091,normal_flow,A2391077.csv
A2391077,2017-05-07,daytime,6,-0.9999047609064184,1.360529548697624e-8,-0.4804667790100105,0.130984768271446,0.7055707653850732,0.6990358290679681,normal_flow,A2391077.csv
A2391077,2017-05-07,nighttime,6,-0.9999619272993212,2.1742682117093463e-9,-0.477304366897827,0.130984768271446,0.7055707653850732,0.6990358290679681,normal_flow,A2391077.csv
A2391077,2017-05-08,daytime,6,-0.9999785521326006,6.900115908477391e-10,-0.4844234725907314,0.120040759444237,0.7228306154029283,0.7089473475379915,normal_flow,A2391077.csv
A2391077,2017-05-08,nighttime,6,-0.9999449783290714,4.54099312180109e-9,-0.4639937395127851,0.120040759444237,0.7228306154029283,0.7089473475379915,normal_flow,A2391077.csv
A2391077,2017-05-09,daytime,6,-0.999915159732968,1.0796501030435004e-8,-0.4938934546445848,0.113207183778286,0.7316390905844542,0.6942030710629687,normal_flow,A2391077.csv
A2391077,2017-05-09,nighttime,6,-0.9997431152044044,9.89762214244752e-8,-0.474785934611601,0.113207183778286,0.7316390905844542,0.6942030710629687,normal_flow,A2391077.csv
A2391077,2017-05-10,daytime,6,-0.9998463500291008,3.54106566276364e-8,-0.4836142504217481,0.112918347120285,0.7319366742054517,0.670122604451851,normal_flow,A2391077.csv
A2391077,2017-05-10,nighttime,6,-0.9998784825290632,2.2148846420756833e-8,-0.4856246798316131,0.112918347120285,0.7319366742054517,0.670122604451851,normal_flow,A2391077.csv
A2391077,2017-05-11,daytime,6,-0.9999908432059608,1.2576993172735042e-10,-0.48585506878668366,0.134740903973579,0.7001547434829187,0.6390628099829385,normal_flow,A2391077.csv
A2391077,2017-05-11,nighttime,6,-0.999644431347831,1.8962112250154787e-7,-0.4816370204440627,0.134740903973579,0.7001547434829187,0.6390628099829385,normal_flow,A2391077.csv
A2391077,2017-05-12,daytime,6,-0.999866233428692,2.6839046623533948e-8,-0.46848101859934,0.144736528396606,0.6861683132960362,0.6063841606157997,normal_flow,A2391077.csv
A2391077,2017-05-12,nighttime,6,-0.9983817771230212,3.9258491435175564e-6,-0.4561434349497295,0.144736528396606,0.6861683132960362,0.6063841606157997,normal_flow,A2391077.csv
A2391077,2017-05-13,daytime,6,-0.9997733525609817,7.704777108725071e-8,-0.48081000477807295,0.113166153430939,0.7317581240328532,0.5839900011903345,normal_flow,A2391077.csv
A2391077,2017-05-13,nighttime,6,-0.9997919770212568,6.490583858046828e-8,-0.4887689768484472,0.113166153430939,0.7317581240328532,0.5839900011903345,normal_flow,A2391077.csv
A2391077,2017-05-14,daytime,6,-0.9999710455580364,1.2575274270164044e-9,-0.4963941135342896,0.111383460462093,0.7343173431734318,0.5880411062175138,normal_flow,A2391077.csv
A2391077,2017-05-14,nighttime,6,-0.9998868588174658,1.9200666621848928e-8,-0.4960269123940534,0.111383460462093,0.7343173431734318,0.5880411062175138,normal_flow,A2391077.csv
A2391077,2017-05-15,daytime,6,-0.999914391524988,1.0992902786635738e-8,-0.49073037877413417,0.110482983291149,0.7353886442090227,0.5669999603221839,normal_flow,A2391077.csv
A2391077,2017-05-15,nighttime,6,-0.99991297174617,1.1360545874697184e-8,-0.49250257636859074,0.110482983291149,0.7353886442090227,0.5669999603221839,normal_flow,A2391077.csv
A2391077,2017-05-16,daytime,6,-0.9948321815152272,3.9990515058191005e-5,-0.5538160553381813,0.241738677024841,0.4187596714676824,0.5330873308733087,normal_flow,A2391077.csv
A2391077,2017-05-16,nighttime,6,-0.9998123582343044,5.281084497003914e-8,-0.4939518215963082,0.241738677024841,0.4187596714676824,0.5330873308733087,normal_flow,A2391077.csv
A2391077,2017-05-17,daytime,6,-0.9992080431233752,9.405451856787188e-7,-0.48930826492542245,0.325978010892868,0.32073562671110584,0.510792365988176,normal_flow,A2391077.csv
A2391077,2017-05-17,nighttime,6,-0.9993022997933196,7.300085524031698e-7,-0.4942220245480036,0.325978010892868,0.32073562671110584,0.510792365988176,normal_flow,A2391077.csv
A2391077,2017-05-18,daytime,6,-0.9999140636497716,1.1077267113456913e-8,-0.5067688338412902,0.40065199136734,0.2678252588977503,0.47413799944451057,normal_flow,A2391077.csv
A2391077,2017-05-18,nighttime,6,-0.9976091777557328,8.567213498487625e-6,-0.503574937129696,0.40065199136734,0.2678252588977503,0.47413799944451057,normal_flow,A2391077.csv
A2391077,2017-05-19,daytime,6,-0.9996978862620164,1.3689527864782616e-7,-0.49380425247273224,0.428949356079102,0.25306511129627424,0.4649327461016546,normal_flow,A2391077.csv
A2391077,2017-05-19,nighttime,6,-0.9810383837912464,5.359055767338511e-4,-0.4721358072069469,0.428949356079102,0.25306511129627424,0.4649327461016546,normal_flow,A2391077.csv
A2391077,2017-05-20,daytime,6,-0.9999759772587123,8.656312167913926e-10,-0.483028008870195,0.277885377407074,0.36680157124151885,0.429044161409356,normal_flow,A2391077.csv
A2391077,2017-05-20,nighttime,6,-0.998543417586192,3.180903326152468e-6,-0.5663209238491822,0.277885377407074,0.36680157124151885,0.429044161409356,normal_flow,A2391077.csv
A2391077,2017-05-21,daytime,6,-0.9999486065315676,3.961865023793774e-9,-0.4705346155497974,0.125044584274292,0.7136650398762052,0.3990913780105543,normal_flow,A2391077.csv
A2391077,2017-05-21,nighttime,6,-0.9933976601158764,6.52424369759982e-5,-0.4931507043585984,0.125044584274292,0.7136650398762052,0.3990913780105543,normal_flow,A2391077.csv
A2391077,2017-05-22,daytime,6,-0.9991838138860648,9.989678036932118e-7,-0.4741253894467782,0.258085042238235,0.3899535769551244,0.3660397571717653,normal_flow,A2391077.csv
A2391077,2017-05-22,nighttime,6,-0.9998265846034348,4.5106742096907655e-8,-0.4726514464677701,0.258085042238235,0.3899535769551244,0.3660397571717653,normal_flow,A2391077.csv
A2391077,2017-05-23,daytime,6,-0.9987029866868756,2.5222743555022327e-6,-0.47667466048609314,0.507641851902008,0.2141411736698012,0.33614649049716305,normal_flow,A2391077.csv
A2391077,2017-05-23,nighttime,6,-0.9995675483138428,2.804812539307863e-7,-0.4725953976597005,0.507641851902008,0.2141411736698012,0.33614649049716305,normal_flow,A2391077.csv
A2391077,2017-05-24,daytime,6,-0.9992949856271052,7.453926869539941e-7,-0.4741070290132749,0.25170224905014,0.3972146173074634,0.3302702059278657,normal_flow,A2391077.csv
A2391077,2017-05-24,nighttime,6,-0.9957214742075992,2.7419513552094696e-5,-0.48368888993483944,0.25170224905014,0.3972146173074634,0.3302702059278657,normal_flow,A2391077.csv
A2391077,2017-05-25,daytime,6,-0.9998795485129098,2.1761967324480752e-8,-0.4697038407158252,0.582722783088684,0.18212117605047015,0.3304130460659445,normal_flow,A2391077.csv
A2391077,2017-05-25,nighttime,6,-0.9986276213171944,2.823842488570456e-6,-0.4758716136670083,0.582722783088684,0.18212117605047015,0.3304130460659445,normal_flow,A2391077.csv
A2391077,2017-05-26,daytime,6,-0.9996017731136736,2.3784540315369122e-7,-0.4833149688869493,0.210314244031906,0.5620759433400786,0.33364282029917075,normal_flow,A2391077.csv
A2391077,2017-05-26,nighttime,6,-0.9997975594251703,6.146913127736925e-8,-0.47270844682122065,0.210314244031906,0.5620759433400786,0.33364282029917075,normal_flow,A2391077.csv
A2391077,2017-05-27,daytime,6,-0.999968074138612,1.5288746676493591e-9,-0.47921275407964065,0.6762455701828,0.14783954291155815,0.3377812165218426,normal_flow,A2391077.csv
A2391077,2017-05-27,nighttime,6,-0.9999582005773112,2.6207510898710014e-9,-0.48111432068027055,0.6762455701828,0.14783954291155815,0.3377812165218426,normal_flow,A2391077.csv
A2391077,2017-05-28,daytime,6,-0.9997445834335932,9.78481022078092e-8,-0.4944773479989754,0.378140360116959,0.2824663730508273,0.32971471650200374,normal_flow,A2391077.csv
A2391077,2017-05-28,nighttime,6,-0.9999747356112202,9.57425947632274e-10,-0.4918377189331439,0.378140360116959,0.2824663730508273,0.32971471650200374,normal_flow,A2391077.csv
A2391077,2017-05-29,daytime,6,-0.9999116247671512,1.171492755828758e-8,-0.4962335269009367,0.457882195711136,0.23854303059159623,0.2985517597111455,normal_flow,A2391077.csv
A2391077,2017-05-29,nighttime,6,-0.9999520284803476,3.4518448490098332e-9,-0.5014492782268891,0.457882195711136,0.23854303059159623,0.2985517597111455,normal_flow,A2391077.csv
A2391077,2017-05-30,daytime,6,-0.9999932401931354,6.854232882520257e-11,-0.5117285319598425,0.370518505573273,0.2869896440899893,0.2941792643732889,normal_flow,A2391077.csv
A2391077,2017-05-30,nighttime,6,-0.9999049271220988,1.3557848493790541e-8,-0.5022816962450246,0.370518505573273,0.2869896440899893,0.2941792643732889,normal_flow,A2391077.csv
A2391077,2017-05-31,daytime,6,-0.994556483336096,4.4367159706245e-5,-0.5344578619046377,0.313639551401138,0.33061540292822283,0.300436455977463,normal_flow,A2391077.csv
A2391077,2017-05-31,nighttime,6,-0.999766828545054,8.154705246155328e-8,-0.5105736336962163,0.313639551401138,0.33061540292822283,0.300436455977463,normal_flow,A2391077.csv
A2391077,2017-06-01,daytime,6,-0.99988714845925,1.910248676576469e-8,-0.5146790394823221,0.323898702859879,0.32287822878228783,0.2937229694877594,normal_flow,A2391077.csv
A2391077,2017-06-01,nighttime,6,-0.9999725739197552,1.128274501577902e-9,-0.5161044094850564,0.323898702859879,0.32287822878228783,0.2937229694877594,normal_flow,A2391077.csv
A2391077,2017-06-02,daytime,6,-0.9970173709473708,1.3330847250917312e-5,-0.5144242405593138,0.3315409719944,0.3162718723961433,0.3041820418204182,normal_flow,A2391077.csv
A2391077,2017-06-02,nighttime,6,-0.9998460284714428,3.5559022290026346e-8,-0.5164608330987528,0.3315409719944,0.3162718723961433,0.3041820418204182,normal_flow,A2391077.csv
A2391077,2017-06-03,daytime,6,-0.9994302912695184,4.86759601758077e-7,-0.5193678503509694,0.333058953285217,0.31514105463635284,0.28862833789628217,normal_flow,A2391077.csv
A2391077,2017-06-03,nighttime,6,-0.9999805132906328,5.695940630843484e-10,-0.519759915677134,0.333058953285217,0.31514105463635284,0.28862833789628217,normal_flow,A2391077.csv
A2391077,2017-06-04,daytime,6,-0.999977883414791,7.337096028691311e-10,-0.5249858747716719,0.442446112632751,0.24580407094393525,0.2995556084593104,normal_flow,A2391077.csv
A2391077,2017-06-04,nighttime,6,-0.9999600548976724,2.393384931521237e-9,-0.5333610086689549,0.442446112632751,0.24580407094393525,0.2995556084593104,normal_flow,A2391077.csv
A2391077,2017-06-05,daytime,6,-0.9998615131377044,2.876658854991776e-8,-0.5116674013412318,0.441780656576157,0.24622068801333177,0.3042494941078443,normal_flow,A2391077.csv
A2391077,2017-06-05,nighttime,6,-0.9966387855387736,1.6927656879929207e-5,-0.5004252372902516,0.441780656576157,0.24622068801333177,0.3042494941078443,normal_flow,A2391077.csv
A2391077,2017-06-06,daytime,6,-0.999940155762995,5.371891893007307e-9,-0.5153054338786136,0.322100341320038,0.32436614688727533,0.3139983335317224,normal_flow,A2391077.csv
A2391077,2017-06-06,nighttime,6,-0.9997709813009392,7.866834081373853e-8,-0.5120194110240283,0.322100341320038,0.32436614688727533,0.3139983335317224,normal_flow,A2391077.csv
A2391077,2017-06-07,daytime,6,-0.998499790432994,3.374254910017171e-6,-0.5246302335422713,0.342135399580002,0.3079990477324128,0.32177121771217715,normal_flow,A2391077.csv
A2391077,2017-06-07,nighttime,6,-0.9999563986954816,2.851569188914274e-9,-0.5187611315822508,0.342135399580002,0.3079990477324128,0.32177121771217715,normal_flow,A2391077.csv
A2391077,2017-06-08,daytime,6,-0.9997657094525566,8.233166058650277e-8,-0.508434783432677,0.356904208660126,0.2965123199619093,0.32807602269571084,normal_flow,A2391077.csv
A2391077,2017-06-08,nighttime,6,-0.998173541945778,5.000877050267753e-6,-0.5322839090713117,0.356904208660126,0.2965123199619093,0.32807602269571084,normal_flow,A2391077.csv
A2391077,2017-06-09,daytime,6,-0.9999917893497836,1.0112188870197716e-10,-0.5124023730063034,0.304014265537262,0.33900726104035234,0.33440860215053764,normal_flow,A2391077.csv
A2391077,2017-06-09,nighttime,6,-0.9766272440006664,8.130444830517284e-4,-0.4541057593585637,0.304014265537262,0.33900726104035234,0.33440860215053764,normal_flow,A2391077.csv
A2391077,2017-06-10,daytime,6,-0.9960396150418552,2.3495914901030615e-5,-0.49464707622315207,0.316206961870193,0.3287703844780383,0.34107050747926837,normal_flow,A2391077.csv
A2391077,2017-06-10,nighttime,6,-0.995752606798014,2.702221129053662e-5,-0.47757147958127993,0.316206961870193,0.3287703844780383,0.34107050747926837,normal_flow,A2391077.csv
A2391077,2017-06-11,daytime,6,-0.9999082945413446,1.2614451104349886e-8,-0.5034887828123309,0.337384939193726,0.3117486013569813,0.34162996468674367,normal_flow,A2391077.csv
A2391077,2017-06-11,nighttime,6,-0.9997648822202094,8.291405686149127e-8,-0.5087710537725831,0.337384939193726,0.3117486013569813,0.34162996468674367,normal_flow,A2391077.csv
A2391077,2017-06-12,daytime,6,-0.9998661085205924,2.6889192255399252e-8,-0.4971328181870881,0.290490061044693,0.35287465777883587,0.35761218902511605,normal_flow,A2391077.csv
A2391077,2017-06-12,nighttime,6,-0.996089905329003,2.2903370097676556e-5,-0.4712348333814656,0.290490061044693,0.35287465777883587,0.35761218902511605,normal_flow,A2391077.csv
A2391077,2017-06-13,daytime,6,-0.9999329914424464,6.735069738987863e-9,-0.4891819326168048,0.262937784194946,0.3847756219497679,0.37045193032575485,normal_flow,A2391077.csv
A2391077,2017-06-13,nighttime,6,-0.9996146497647814,2.227135944207291e-7,-0.4780436313220639,0.262937784194946,0.3847756219497679,0.37045193032575485,normal_flow,A2391077.csv
A2391077,2017-06-14,daytime,6,-0.9998767977161668,2.2767269080996236e-8,-0.4994431256547172,0.248385071754456,0.4035829067968099,0.3854977582033885,normal_flow,A2391077.csv
A2391077,2017-06-14,nighttime,6,-0.9998892173082088,1.8408527393551764e-8,-0.4933867654938974,0.248385071754456,0.4035829067968099,0.3854977582033885,normal_flow,A2391077.csv
A2391077,2017-06-15,daytime,6,-0.9969117193505126,1.429148885159426e-5,-0.4869161643714469,0.239249184727669,0.4251874776812285,0.4044915287862556,normal_flow,A2391077.csv
A2391077,2017-06-15,nighttime,6,-0.9982657700149894,4.508722566512022e-6,-0.5091092066869153,0.239249184727669,0.4251874776812285,0.4044915287862556,normal_flow,A2391077.csv
A2391077,2017-06-16,daytime,6,-0.9641782102684112,0.00190181765797232,-0.4114242107494607,0.24207304418087,0.41786692060468994,0.4123120263460699,normal_flow,A2391077.csv
A2391077,2017-06-16,nighttime,6,-0.9994353965585664,4.78075577809554e-7,-0.4945105582805948,0.24207304418087,0.41786692060468994,0.4123120263460699,normal_flow,A2391077.csv
A2391077,2017-06-17,daytime,6,-0.9999971375058438,1.2290797463483047e-11,-0.4989178499949553,0.242658972740173,0.4162004523271039,0.42730230528111735,normal_flow,A2391077.csv
A2391077,2017-06-17,nighttime,6,-0.9997757601188536,7.54196486589761e-8,-0.5080915845367256,0.242658972740173,0.4162004523271039,0.42730230528111735,normal_flow,A2391077.csv
A2391077,2017-06-18,daytime,6,-0.999942788970226,4.909559262951306e-9,-0.49042461130705106,0.323255181312561,0.32353291274848234,0.42745308098242274,normal_flow,A2391077.csv
A2391077,2017-06-18,nighttime,6,-0.999184199564868,9.9802405496746e-7,-0.495200035176168,0.323255181312561,0.32353291274848234,0.42745308098242274,normal_flow,A2391077.csv
A2391077,2017-06-19,daytime,6,-0.99995116222692,3.577633876940988e-9,-0.4960108979558488,0.224276229739189,0.4855374360195215,0.4353132563583701,normal_flow,A2391077.csv
A2391077,2017-06-19,nighttime,6,-0.9969680017162827,1.377558378797822e-5,-0.4736749661326911,0.224276229739189,0.4855374360195215,0.4353132563583701,normal_flow,A2391077.csv
A2391077,2017-06-20,daytime,6,-0.99989081179105,1.788244658610002e-8,-0.4929380782456466,0.234831228852272,0.438816807522914,0.4216759909534579,normal_flow,A2391077.csv
A2391077,2017-06-20,nighttime,6,-0.9999651400741256,1.8228004668051598e-9,-0.4892327918186285,0.234831228852272,0.438816807522914,0.4216759909534579,normal_flow,A2391077.csv
A2391077,2017-06-21,daytime,6,-0.9999348690112464,6.362930399737634e-9,-0.4840157686072005,0.213763892650604,0.5500535650517796,0.4049398881085585,normal_flow,A2391077.csv
A2391077,2017-06-21,nighttime,6,-0.9985982541627416,2.9459599492424112e-6,-0.4807203849486029,0.213763892650604,0.5500535650517796,0.4049398881085585,normal_flow,A2391077.csv
A2391077,2017-06-22,daytime,6,-0.9998817522511162,2.09729684727727e-8,-0.4881197952831834,0.199850767850876,0.5929056064754196,0.3965639011228822,normal_flow,A2391077.csv
A2391077,2017-06-22,nighttime,6,-0.9998449741666784,3.6047650626906945e-8,-0.49771880871077745,0.199850767850876,0.5929056064754196,0.3965639011228822,normal_flow,A2391077.csv
A2391077,2017-06-23,daytime,6,-0.9998976860965372,1.5701666744803442e-8,-0.49644953625672594,0.243371933698654,0.4138197833591239,0.3934571281196683,normal_flow,A2391077.csv
A2391077,2017-06-23,nighttime,6,-0.999968090172174,1.5273394219368495e-9,-0.4967398004063366,0.243371933698654,0.4138197833591239,0.3934571281196683,normal_flow,A2391077.csv
A2391077,2017-06-24,daytime,6,-0.9994995631049922,3.75592964848748e-7,-0.5188094022108,0.209793210029602,0.5638614450660636,0.3887037257469349,normal_flow,A2391077.csv
A2391077,2017-06-24,nighttime,6,-0.9998968432688896,1.5961417898634737e-8,-0.5021152702993581,0.209793210029602,0.5638614450660636,0.3887037257469349,normal_flow,A2391077.csv
A2391077,2017-06-25,daytime,6,-0.9999407511533018,5.26553475825307e-9,-0.5065160634569523,0.312908798456192,0.33103201999761933,0.3797682815537833,normal_flow,A2391077.csv
A2391077,2017-06-25,nighttime,6,-0.9998205636220072,4.8293231927043976e-8,-0.5090295138104143,0.312908798456192,0.33103201999761933,0.3797682815537833,normal_flow,A2391077.csv
A2391077,2017-06-26,daytime,6,-0.9922801040130144,8.916515054920649e-5,-0.5082624861788403,0.237782597541809,0.429651231996191,0.3623219458001032,normal_flow,A2391077.csv
A2391077,2017-06-26,nighttime,6,-0.9997797108881786,7.278559416347414e-8,-0.5043355730902609,0.237782597541809,0.429651231996191,0.3623219458001032,normal_flow,A2391077.csv
A2391077,2017-06-27,daytime,6,-0.9996200314926394,2.165366706994701e-7,-0.5019540203502234,0.674308657646179,0.14831567670515414,0.33739634170535254,normal_flow,A2391077.csv
A2391077,2017-06-27,nighttime,6,-0.9994315987596888,4.845281354531455e-7,-0.5179949532288434,0.674308657646179,0.14831567670515414,0.33739634170535254,normal_flow,A2391077.csv
A2391077,2017-06-28,daytime,6,-0.999954653643322,3.084391473273984e-9,-0.5246095529751408,0.72360634803772,0.13373407927627665,0.32220767368964015,normal_flow,A2391077.csv
A2391077,2017-06-28,nighttime,6,-0.9999540854255744,3.162173819651031e-9,-0.5135906555809695,0.72360634803772,0.13373407927627665,0.32220767368964015,normal_flow,A2391077.csv
A2391077,2017-06-29,daytime,6,-0.9997048988051128,1.3061422343390882e-7,-0.5174900154040127,0.384593367576599,0.2779431020116653,0.2915446573820577,normal_flow,A2391077.csv
A2391077,2017-06-29,nighttime,6,-0.9984977882883166,3.3832650645395674e-6,-0.5117375928752184,0.384593367576599,0.2779431020116653,0.2915446573820577,normal_flow,A2391077.csv
A2391077,2017-06-30,daytime,6,-0.9999191387692916,9.807543590348468e-9,-0.5172352858256065,0.267815351486206,0.3785858826330199,0.25695750505892156,normal_flow,A2391077.csv
A2391077,2017-06-30,nighttime,6,-0.9991834797003188,9.99785910440706e-7,-0.5113105100913334,0.267815351486206,0.3785858826330199,0.25695750505892156,normal_flow,A2391077.csv
A2391077,2017-07-01,daytime,6,-0.9999823904004732,4.6514426288559177e-10,-0.5272275078259259,0.296519756317139,0.34656588501368885,0.23217474110224973,high_flow,A2391077.csv
A2391077,2017-07-01,nighttime,6,-0.9999945545924048,4.447861508296677e-11,-0.5238527076547291,0.296519756317139,0.34656588501368885,0.23217474110224973,high_flow,A2391077.csv
A2391077,2017-07-02,daytime,6,-0.9998369495773036,3.9875993128623634e-8,-0.5425486965324268,0.378700733184814,0.28216878942982976,0.2002658413680911,high_flow,A2391077.csv
A2391077,2017-07-02,nighttime,6,-0.9999595373387972,2.455807304132287e-9,-0.5457597619819414,0.378700733184814,0.28216878942982976,0.2002658413680911,high_flow,A2391077.csv
A2391077,2017-07-03,daytime,6,-0.999931041330722,7.132783143361174e-9,-0.5476457880825584,1.03834307193756,0.06183787644328056,0.1828353767408642,high_flow,A2391077.csv
A2391077,2017-07-04,daytime,6,-0.9993220108199574,6.893481669667286e-7,-0.5447358430095438,0.799591302871704,0.1116533745982621,0.16075467206284966,high_flow,A2391077.csv
A2391077,2017-07-04,nighttime,6,-0.999458660977646,4.3949258654284154e-7,-0.5595769062912255,0.799591302871704,0.1116533745982621,0.16075467206284966,high_flow,A2391077.csv
A2391077,2017-07-05,daytime,6,-0.9999320931972552,6.916844218088243e-9,-0.538398750993227,0.515421390533447,0.21098678728722772,0.15738205769154465,high_flow,A2391077.csv
A2391077,2017-07-05,nighttime,6,-0.877360595583936,0.02163836098223556,-0.421015461728438,0.515421390533447,0.21098678728722772,0.15738205769154465,high_flow,A2391077.csv
A2391077,2017-07-06,daytime,6,-0.9999448926184068,4.555151583414186e-9,-0.5288325332353565,0.890290200710297,0.0901083204380431,0.14971233583303575,high_flow,A2391077.csv
A2391077,2017-07-06,nighttime,6,-0.99907144283711,1.2929272975932167e-6,-0.5283892889978098,0.890290200710297,0.0901083204380431,0.14971233583303575,high_flow,A2391077.csv
A2391077,2017-07-07,daytime,6,-0.9999830997834396,4.284235661924342e-10,-0.524798548052498,0.961579918861389,0.07409832162837758,0.13529738523191684,high_flow,A2391077.csv
A2391077,2017-07-07,nighttime,6,-0.9973024239996798,1.0905559398901566e-5,-0.5189756599948293,0.961579918861389,0.07409832162837758,0.13529738523191684,high_flow,A2391077.csv
A2391077,2017-07-08,daytime,6,-0.994182471079507,5.066702092595002e-5,-0.5143917902996522,1.18129396438599,0.04207832400904654,0.11660516605166052,high_flow,A2391077.csv
A2391077,2017-07-08,nighttime,6,-0.9995865196984092,2.5641359417713557e-7,-0.5237668363257291,1.18129396438599,0.04207832400904654,0.11660516605166052,high_flow,A2391077.csv
A2391077,2017-07-09,daytime,6,-0.9998912510432068,1.773886035456769e-8,-0.5308880179630875,0.912495136260986,0.08522794905368408,0.0955997301908503,high_flow,A2391077.csv
A2391077,2017-07-09,nighttime,6,-0.9999900302021008,1.4909480974502703e-10,-0.534358175948928,0.912495136260986,0.08522794905368408,0.0955997301908503,high_flow,A2391077.csv
A2391077,2017-07-10,daytime,6,-0.9998074104028616,5.5632557742327334e-8,-0.5345131224489169,0.98929226398468,0.06957505058921556,0.07710193230964568,high_flow,A2391077.csv
A2391077,2017-07-10,nighttime,6,-0.9979642972634684,6.21191038405262e-6,-0.5424557827447436,0.98929226398468,0.06957505058921556,0.07710193230964568,high_flow,A2391077.csv
A2391077,2017-07-11,daytime,6,-0.9999719489824132,1.180278345380998e-9,-0.529823596366113,0.857976019382477,0.0984406618259731,0.07387612585803277,high_flow,A2391077.csv
A2391077,2017-07-11,nighttime,6,-0.9999356264824134,6.215791269397831e-9,-0.535140356049548,0.857976019382477,0.0984406618259731,0.07387612585803277,high_flow,A2391077.csv
A2391077,2017-07-12,daytime,6,-0.9999816020045952,5.077262386393156e-10,-0.5229913802885217,0.859742164611816,0.0977264611355791,0.06957505058921556,high_flow,A2391077.csv
A2391077,2017-07-12,nighttime,6,-0.9998923895534116,1.736938925749741e-8,-0.533172655859939,0.859742164611816,0.0977264611355791,0.06957505058921556,high_flow,A2391077.csv
A2391077,2017-07-13,daytime,6,-0.999948866406592,3.921899714126595e-9,-0.5202949864137767,1.48856163024902,0.01868825139864301,0.05878665238265286,high_flow,A2391077.csv
A2391077,2017-07-13,nighttime,6,-0.9994964707762902,3.802486858722435e-7,-0.5261804830741653,1.48856163024902,0.01868825139864301,0.05878665238265286,high_flow,A2391077.csv
A2391077,2017-07-14,daytime,6,-0.999961202057756,2.2578912826669687e-9,-0.5226923834985684,1.03896522521973,0.06171884299488156,0.05616791651787486,high_flow,A2391077.csv
A2391077,2017-07-14,nighttime,6,-0.9985310087341248,3.2353180147436023e-6,-0.5410231204854957,1.03896522521973,0.06171884299488156,0.05616791651787486,high_flow,A2391077.csv
A2391077,2017-07-15,daytime,6,-0.9998944522543224,1.6709902008287526e-8,-0.5332179642148408,0.85844486951828,0.0982025949291751,0.05353727730825695,high_flow,A2391077.csv
A2391077,2017-07-15,nighttime,6,-0.9993132115652724,7.073555594941315e-7,-0.526059882097623,0.85844486951828,0.0982025949291751,0.05353727730825695,high_flow,A2391077.csv
A2391077,2017-07-16,daytime,6,-0.9958866344470232,2.534486564638684e-5,-0.5259099750574852,1.28704690933228,0.03148434710153553,0.05348172836567076,high_flow,A2391077.csv
A2391077,2017-07-16,nighttime,6,-0.99947108672568,4.195498960815293e-7,-0.536919078991343,1.28704690933228,0.03148434710153553,0.05348172836567076,high_flow,A2391077.csv
A2391077,2017-07-17,daytime,6,-0.9999528472815964,3.3350158600993432e-9,-0.5280639255958082,1.98001623153687,0.0047018212117605,0.05022814744276475,high_flow,A2391077.csv
A2391077,2017-07-17,nighttime,6,-0.999921505978706,9.241725255332217e-9,-0.5437689638815362,1.98001623153687,0.0047018212117605,0.05022814744276475,high_flow,A2391077.csv
A2391077,2017-07-18,daytime,6,-0.9999738197366168,1.0281003141631427e-9,-0.5259321103272416,1.61677706241608,0.01345077966908701,0.04860135698131175,high_flow,A2391077.csv
A2391077,2017-07-18,nighttime,6,-0.9994674964828664,4.252644952920445e-7,-0.561957334560044,1.61677706241608,0.01345077966908701,0.04860135698131175,high_flow,A2391077.csv
A2391077,2017-07-19,daytime,6,-0.9997885191004852,6.7081527135481e-8,-0.5200013392253556,1.14561533927917,0.04713724556600405,0.04807760980835614,high_flow,A2391077.csv
A2391077,2017-07-19,nighttime,6,-0.9996714524754722,1.6189748152917066e-7,-0.5363571479871307,1.14561533927917,0.04713724556600405,0.04807760980835614,high_flow,A2391077.csv
A2391077,2017-07-20,daytime,6,-0.9999605824443416,2.330584918721801e-9,-0.5196455795574558,1.12497055530548,0.04916081418878705,0.04250684442328294,high_flow,A2391077.csv
A2391077,2017-07-20,nighttime,6,-0.9999845344908964,3.5877110820814174e-10,-0.5358265515507158,1.12497055530548,0.04916081418878705,0.04250684442328294,high_flow,A2391077.csv
A2391077,2017-07-21,daytime,6,-0.9999750642236064,9.326816640920723e-10,-0.530875087356856,1.11354100704193,0.05082728246637305,0.04708169662341785,high_flow,A2391077.csv
A2391077,2017-07-21,nighttime,6,-0.999965704700598,1.7642311731110561e-9,-0.5262356409393352,1.11354100704193,0.05082728246637305,0.04708169662341785,high_flow,A2391077.csv
A2391077,2017-07-22,daytime,6,-0.999973623566636,1.0435651802424998e-9,-0.5322613881127649,1.25194847583771,0.03463873348410903,0.04362179105662024,high_flow,A2391077.csv
A2391077,2017-07-22,nighttime,6,-0.999563190148742,2.861625969526686e-7,-0.5318251451727213,1.25194847583771,0.03463873348410903,0.04362179105662024,high_flow,A2391077.csv
A2391077,2017-07-23,daytime,6,-0.9998851257445144,1.9793383914335687e-8,-0.5145184446974349,1.18894112110138,0.04124508987025354,0.03964607388009364,high_flow,A2391077.csv
A2391077,2017-07-23,nighttime,6,-0.9974999860866708,9.367291719821089e-6,-0.5241845328089659,1.18894112110138,0.04124508987025354,0.03964607388009364,high_flow,A2391077.csv
A2391077,2017-07-24,daytime,6,-0.99997417416901,1.000451706918359e-9,-0.5161379238117582,1.23357319831848,0.03642423521009404,0.04118954092766734,high_flow,A2391077.csv
A2391077,2017-07-24,nighttime,6,-0.9875219110394676,2.3258262006381963e-4,-0.4875997929593973,1.23357319831848,0.03642423521009404,0.04118954092766734,high_flow,A2391077.csv
A2391077,2017-07-25,daytime,6,-0.9997627263522868,8.444149673971793e-8,-0.5084013485035253,1.1596440076828,0.04517319366742054,0.04605404118557314,high_flow,A2391077.csv
A2391077,2017-07-25,nighttime,6,-0.9995814454117676,2.6274525213664105e-7,-0.5221861081311487,1.1596440076828,0.04517319366742054,0.04605404118557314,high_flow,A2391077.csv
A2391077,2017-07-26,daytime,6,-0.9999579594545204,2.651074044951285e-9,-0.5063875499146568,0.888478815555573,0.09058445423163908,0.05037495536245685,high_flow,A2391077.csv
A2391077,2017-07-26,nighttime,6,-0.9998683185815304,2.6008852277628023e-8,-0.5192352882254148,0.888478815555573,0.09058445423163908,0.05037495536245685,high_flow,A2391077.csv
A2391077,2017-07-27,daytime,6,-0.9973695568818558,1.036974617490765e-5,-0.5188088135454924,1.5936815738678,0.01416498035948101,0.05177955005356505,high_flow,A2391077.csv
A2391077,2017-07-27,nighttime,6,-0.9998727042340232,2.4305286689675683e-8,-0.5141714160645693,1.5936815738678,0.01416498035948101,0.05177955005356505,high_flow,A2391077.csv
A2391077,2017-07-28,daytime,6,-0.997883506142904,6.714578904630243e-6,-0.4974084019434036,0.903210580348969,0.08731103440066659,0.04943855890171805,high_flow,A2391077.csv
A2391077,2017-07-28,nighttime,6,-0.9996155216032544,2.217070388483953e-7,-0.5181539632336224,0.903210580348969,0.08731103440066659,0.04943855890171805,high_flow,A2391077.csv
A2391077,2017-07-29,daytime,6,-0.997790240415526,7.319160962390626e-6,-0.5330590952806086,1.73770940303802,0.00982025949291751,0.04632385033527755,high_flow,A2391077.csv
A2391077,2017-07-29,nighttime,6,-0.9978835680824928,6.714186042286563e-6,-0.502150736172326,1.73770940303802,0.00982025949291751,0.04632385033527755,high_flow,A2391077.csv
A2391077,2017-07-31,daytime,6,-0.9988660815127384,1.9279277237995246e-6,-0.5296268348634663,1.08559429645538,0.05463635281514106,0.04373685672340594,high_flow,A2391077.csv
A2391077,2017-07-31,nighttime,6,-0.9998222940539258,4.736629898133557e-8,-0.5253483330525929,1.08559429645538,0.05463635281514106,0.04373685672340594,high_flow,A2391077.csv
A2391077,2017-08-01,daytime,6,-0.9999823352300437,4.680633903294608e-10,-0.5136676265858181,0.941410005092621,0.07766932508034757,0.04382414791889854,high_flow,A2391077.csv
A2391077,2017-08-01,nighttime,6,-0.9996706258333298,1.6271314604068292e-7,-0.516837414442661,0.941410005092621,0.07766932508034757,0.04382414791889854,high_flow,A2391077.csv
A2391077,2017-08-02,daytime,6,-0.9998186447402264,4.933161300846342e-8,-0.5143919095162817,0.93833202123642,0.07826449232234257,0.04335198190691584,high_flow,A2391077.csv
A2391077,2017-08-02,nighttime,6,-0.99996277917322,2.078059136594168e-9,-0.5123599254944148,0.93833202123642,0.07826449232234257,0.04335198190691584,high_flow,A2391077.csv
A2391077,2017-08-03,daytime,6,-0.999605883172115,2.329615023293117e-7,-0.506310475420085,0.995072245597839,0.06820616593262707,0.03897155100583264,high_flow,A2391077.csv
A2391077,2017-08-03,nighttime,6,-0.9996253622664032,2.1050385630622443e-7,-0.5176122785950852,0.995072245597839,0.06820616593262707,0.03897155100583264,high_flow,A2391077.csv
A2391077,2017-08-04,daytime,6,-0.9999055391907474,1.3383845297423851e-8,-0.5135060437878554,1.59845638275146,0.01404594691108201,0.04076498829504424,high_flow,A2391077.csv
A2391077,2017-08-04,nighttime,6,-0.999058724474452,1.3285824376172075e-6,-0.5211484766493194,1.59845638275146,0.01404594691108201,0.04076498829504424,high_flow,A2391077.csv
A2391077,2017-08-05,daytime,6,-0.9999632820640068,2.022285483711135e-9,-0.5181446813074316,2.01226878166199,0.0041066539697655,0.03871364520096813,high_flow,A2391077.csv
A2391077,2017-08-05,nighttime,6,-0.999984417716594,3.642094424761982e-10,-0.5211154265959874,2.01226878166199,0.0041066539697655,0.03871364520096813,high_flow,A2391077.csv
A2391077,2017-08-06,daytime,6,-0.9970940789656194,1.265429624062573e-5,-0.5182424340248695,1.98697566986084,0.004642304487561,0.04336785303336904,high_flow,A2391077.csv
A2391077,2017-08-06,nighttime,6,-0.9998302124344914,4.323927879952995e-8,-0.5261926464835226,1.98697566986084,0.004642304487561,0.04336785303336904,high_flow,A2391077.csv
A2391077,2017-08-07,daytime,6,-0.9998062918861192,5.6280615836213245e-8,-0.522746475929661,1.27979648113251,0.03243661468872753,0.04458992977026544,high_flow,A2391077.csv
A2391077,2017-08-07,nighttime,6,-0.9996147318744052,2.2261869993058797e-7,-0.5228274692665216,1.27979648113251,0.03243661468872753,0.04458992977026544,high_flow,A2391077.csv
A2391077,2017-08-08,daytime,6,-0.99998346605953,4.1005452124437414e-10,-0.5234268933363144,1.21837067604065,0.03773360314248304,0.04205054953775344,high_flow,A2391077.csv
A2391077,2017-08-08,nighttime,6,-0.9995318558821632,3.286870736195037e-7,-0.5207430694366406,1.21837067604065,0.03773360314248304,0.04205054953775344,high_flow,A2391077.csv
A2391077,2017-08-09,daytime,6,-0.9999408346048168,5.250712425252435e-9,-0.5127829862030331,1.21654796600342,0.03809070348768004,0.03946355592588184,high_flow,A2391077.csv
A2391077,2017-08-09,nighttime,6,-0.9997897004773536,6.633418349620289e-8,-0.5191982679765587,1.21654796600342,0.03809070348768004,0.03946355592588184,high_flow,A2391077.csv
A2391077,2017-08-10,daytime,6,-0.999888619733832,1.8607654670016898e-8,-0.5141783006403247,1.3880672454834,0.02487799071539102,0.03711066142919494,high_flow,A2391077.csv
A2391077,2017-08-10,nighttime,6,-0.9999543278846748,3.1288655427163703e-9,-0.5154155267553917,1.3880672454834,0.02487799071539102,0.03711066142919494,high_flow,A2391077.csv
A2391077,2017-08-11,daytime,6,-0.9999367765538926,5.99567984803983e-9,-0.5137510141288887,1.19096982479095,0.04106653969765504,0.03863825735031544,high_flow,A2391077.csv
A2391077,2017-08-11,nighttime,6,-0.9998992360716252,1.5229542345621402e-8,-0.5195800602032227,1.19096982479095,0.04106653969765504,0.03863825735031544,high_flow,A2391077.csv
A2391077,2017-08-12,daytime,6,-0.9998441362620648,3.6438363966471255e-8,-0.5047740911662465,1.0711498260498,0.05654088798952506,0.04620481688687854,high_flow,A2391077.csv
A2391077,2017-08-12,nighttime,6,-0.999650856020467,1.8283099707559117e-7,-0.5178216207753396,1.0711498260498,0.05654088798952506,0.04620481688687854,high_flow,A2391077.csv
A2391077,2017-08-13,daytime,6,-0.9999748502223884,9.48759017110907e-10,-0.5066732277795566,0.933980464935303,0.07963337697893108,0.05270404316946395,high_flow,A2391077.csv
A2391077,2017-08-13,nighttime,6,-0.99995229129799,3.414126075857747e-9,-0.5122856213742221,0.933980464935303,0.07963337697893108,0.05270404316946395,high_flow,A2391077.csv
A2391077,2017-08-14,daytime,6,-0.9998922583205238,1.7411778897324446e-8,-0.501787683772016,1.06985068321228,0.05689798833472206,0.06113954687933976,high_flow,A2391077.csv
A2391077,2017-08-14,nighttime,6,-0.9998519699451378,3.2867723830067395e-8,-0.50316984804934,1.06985068321228,0.05689798833472206,0.06113954687933976,high_flow,A2391077.csv
A2391077,2017-08-15,daytime,6,-0.9998365536375716,4.0069886875280964e-8,-0.4922843296347462,1.53165984153748,0.01654564932746101,0.06542078324009047,high_flow,A2391077.csv
A2391077,2017-08-15,nighttime,6,-0.9999760334460436,8.615866796826862e-10,-0.500962754842141,1.53165984153748,0.01654564932746101,0.06542078324009047,high_flow,A2391077.csv
A2391077,2017-08-16,daytime,6,-0.9999212061667032,9.312457653871381e-9,-0.4925168844918942,1.21261048316956,0.03886442090227354,0.06584533587271356,high_flow,A2391077.csv
A2391077,2017-08-16,nighttime,6,-0.999957043147644,2.767897112568717e-9,-0.4991043047360685,1.21261048316956,0.03886442090227354,0.06584533587271356,high_flow,A2391077.csv
A2391077,2017-08-17,daytime,6,-0.9998580098934052,3.0240354211403276e-8,-0.501799712886944,1.1733318567276,0.04297107487203904,0.07383248026028648,high_flow,A2391077.csv
A2391077,2017-08-17,nighttime,6,-0.9998598951809808,2.9442665384637238e-8,-0.48833273287382367,1.1733318567276,0.04297107487203904,0.07383248026028648,high_flow,A2391077.csv
A2391077,2017-08-18,daytime,6,-0.9987281479680024,2.425382708193358e-6,-0.5064302814702594,0.886443912982941,0.0911201047494346,0.08293457128119669,high_flow,A2391077.csv
A2391077,2017-08-18,nighttime,6,-0.9999686402898608,1.4751317099512741e-9,-0.5150176150861395,0.886443912982941,0.0911201047494346,0.08293457128119669,high_flow,A2391077.csv
A2391077,2017-08-19,daytime,6,-0.9999818604888016,4.935598154474154e-10,-0.5191595884915282,0.744077086448669,0.12754433995952863,0.08846962663175019,high_flow,A2391077.csv
A2391077,2017-08-19,nighttime,6,-0.9999219800736872,9.130425894895477e-9,-0.5181648766339625,0.744077086448669,0.12754433995952863,0.08846962663175019,high_flow,A2391077.csv
A2391077,2017-08-20,daytime,6,-0.999579981329692,2.645864761705019e-7,-0.5315601996045359,0.844830393791199,0.1015950482085466,0.0952862754433996,high_flow,A2391077.csv
A2391077,2017-08-20,nighttime,6,-0.9999971967041936,1.1787690052153692e-11,-0.514730359263925,0.844830393791199,0.1015950482085466,0.0952862754433996,high_flow,A2391077.csv
A2391077,2017-08-21,daytime,6,-0.9999218671538728,9.156873975497934e-9,-0.5348766894928741,0.733478009700775,0.13117486013569812,0.1004086815061699,high_flow,A2391077.csv
A2391077,2017-08-21,nighttime,6,-0.9999364994379708,6.0483540396786175e-9,-0.5310010872972818,0.733478009700775,0.13117486013569812,0.1004086815061699,high_flow,A2391077.csv
A2391077,2017-08-22,daytime,6,-0.999970172062473,1.3345455166296534e-9,-0.5097642756701377,0.864989817142487,0.09665516009998808,0.106586517478078,high_flow,A2391077.csv
A2391077,2017-08-22,nighttime,6,-0.9999290309222064,7.554736282521923e-9,-0.5318847778460094,0.864989817142487,0.09665516009998808,0.106586517478078,high_flow,A2391077.csv
A2391077,2017-08-23,daytime,6,-0.9999529342223936,3.322729002784574e-9,-0.5060338785017813,1.16639161109924,0.04410189263182954,0.12004920049200492,high_flow,A2391077.csv
A2391077,2017-08-23,nighttime,6,-0.997728123969376,7.736267993801816e-6,-0.5297012273379592,1.16639161109924,0.04410189263182954,0.12004920049200492,high_flow,A2391077.csv
A2391077,2017-08-24,daytime,6,-0.9999529182040524,3.324991081474042e-9,-0.5094352434917239,0.647087752819061,0.15789786930127367,0.13319049319525453,high_flow,A2391077.csv
A2391077,2017-08-24,nighttime,6,-0.9999164742636574,1.0464531586681131e-8,-0.5127635171887439,0.647087752819061,0.15789786930127367,0.13319049319525453,high_flow,A2391077.csv
A2391077,2017-08-25,daytime,6,-0.9999307517275384,7.192818824442605e-9,-0.5050229174307866,0.637934923171997,0.16140935602904416,0.14662143395627503,high_flow,A2391077.csv
A2391077,2017-08-25,nighttime,6,-0.999584211992799,2.5928355975216634e-7,-0.4980020058717553,0.637934923171997,0.16140935602904416,0.14662143395627503,high_flow,A2391077.csv
A2391077,2017-08-26,daytime,6,-0.9998116834300712,5.3191356617060985e-8,-0.49785649022798273,0.753454208374023,0.12409236995595764,0.14304249494107846,high_flow,A2391077.csv
A2391077,2017-08-26,nighttime,6,-0.99970073530378,1.3432563662848618e-7,-0.5078095918810788,0.753454208374023,0.12409236995595764,0.14304249494107846,high_flow,A2391077.csv
A2391077,2017-08-27,daytime,6,-0.9993444753736722,6.444279600085167e-7,-0.5041432193789086,0.645478367805481,0.15879062016426615,0.13860651509740904,high_flow,A2391077.csv
A2391077,2017-08-27,nighttime,6,-0.99999077354086785,1.2769092946260444e-10,-0.5027811896258271,0.645478367805481,0.15879062016426615,0.13860651509740904,high_flow,A2391077.csv
A2391077,2017-08-28,daytime,6,-0.999825785067989,4.552362001840592e-8,-0.5206005426094449,0.651390373706818,0.15646946792048566,0.13738047057889935,high_flow,A2391077.csv
A2391077,2017-08-28,nighttime,6,-0.999597128680004,2.43425256637623e-7,-0.5206970634729837,0.651390373706818,0.15646946792048566,0.13738047057889935,high_flow,A2391077.csv
A2391077,2017-08-29,daytime,6,-0.999683825795276,1.4993338824389406e-7,-0.5114305575063178,0.670572757720947,0.14956552791334363,0.13740824505019245,high_flow,A2391077.csv
A2391077,2017-08-29,nighttime,6,-0.9995215513209256,3.433149461675333e-7,-0.5125156455803919,0.670572757720947,0.14956552791334363,0.13740824505019245,high_flow,A2391077.csv
A2391077,2017-08-30,daytime,6,-0.9999628390674664,2.07137670172097e-9,-0.49371910595204377,0.498996913433075,0.21848589453636472,0.14262191009006864,high_flow,A2391077.csv
A2391077,2017-08-30,nighttime,6,-0.98866467278078,1.9200622867539377e-4,-0.5736769594754441,0.498996913433075,0.21848589453636472,0.14262191009006864,high_flow,A2391077.csv
A2391077,2017-08-31,daytime,6,-0.9999827691608464,4.453501689781367e-10,-0.4861134530854365,0.462347596883774,0.23598381145101777,0.15198984247906996,high_flow,A2391077.csv
A2391077,2017-08-31,nighttime,6,-0.9999102636059748,1.2078569312375865e-8,-0.4966578650567888,0.462347596883774,0.23598381145101777,0.15198984247906996,high_flow,A2391077.csv
A2391077,2017-09-01,daytime,6,-0.9998509452639744,3.3324315699512973e-8,-0.4942696132399554,0.445838510990143,0.24443518628734676,0.15539816688489466,high_flow,A2391077.csv
A2391077,2017-09-01,nighttime,6,-0.9999419495016584,5.05469272550722e-9,-0.49345861883146863,0.445838510990143,0.24443518628734676,0.15539816688489466,high_flow,A2391077.csv
A2391077,2017-09-02,daytime,6,-0.9998030716138866,5.816736536672787e-8,-0.4910258990592219,1.22069013118744,0.03743601952148553,0.15883426576201246,high_flow,A2391077.csv
A2391077,2017-09-02,nighttime,6,-0.999843202183723,3.687640530316997e-8,-0.4916042081765424,1.22069013118744,0.03743601952148553,0.15883426576201246,high_flow,A2391077.csv
A2391077,2017-09-03,daytime,6,-0.9994174472287908,5.089527470591631e-7,-0.4886304697871509,1.0451648235321,0.06100464230448756,0.16502797286037377,high_flow,A2391077.csv
A2391077,2017-09-03,nighttime,6,-0.9997314889550628,1.081375923009211e-7,-0.4917354999592327,1.0451648235321,0.06100464230448756,0.16502797286037377,high_flow,A2391077.csv
A2391077,2017-09-04,daytime,6,-0.9998349516016494,4.085921265761262e-8,-0.5064406548705468,0.919434249401093,0.08320438043090109,0.16389715510058325,high_flow,A2391077.csv
A2391077,2017-09-04,nighttime,6,-0.999984733143797,3.496135683095498e-10,-0.5044377165065392,0.919434249401093,0.08320438043090109,0.16389715510058325,high_flow,A2391077.csv
A2391077,2017-09-05,daytime,6,-0.999302749655466,7.290675774978256e-7,-0.5216234914156948,0.732471883296967,0.13159147720509462,0.16050073403959847,high_flow,A2391077.csv
A2391077,2017-09-05,nighttime,6,-0.99997135033519,1.2311931827059728e-9,-0.5250154733035632,0.732471883296967,0.13159147720509462,0.16050073403959847,high_flow,A2391077.csv
A2391077,2017-09-06,daytime,6,-0.9999030297137286,1.410439871208059e-8,-0.5202291137798494,0.599567651748657,0.17486013569813116,0.15975082331468476,high_flow,A2391077.csv
A2391077,2017-09-06,nighttime,6,-0.9969058638746192,1.4345706411543668e-5,-0.5571314016236774,0.599567651748657,0.17486013569813116,0.15975082331468476,high_flow,A2391077.csv
A2391077,2017-09-07,daytime,6,-0.9999805535021336,5.672457418934417e-10,-0.5125743484886642,0.576811254024506,0.1846208784668492,0.15796928937031307,high_flow,A2391077.csv
A2391077,2017-09-07,nighttime,6,-0.9991265081010134,1.1441489144315785e-6,-0.5328135432980081,0.576811254024506,0.1846208784668492,0.15796928937031307,high_flow,A2391077.csv
A2391077,2017-09-08,daytime,6,-0.9999802014812428,5.879681371385972e-10,-0.5040085769409683,0.520020365715027,0.20902273538864424,0.15664008252985756,high_flow,A2391077.csv
A2391077,2017-09-08,nighttime,6,-0.9997650417679934,8.280157070331863e-8,-0.512796073118234,0.520020365715027,0.20902273538864424,0.15664008252985756,high_flow,A2391077.csv
A2391077,2017-09-09,daytime,6,-0.9999221580680656,9.088813714553073e-9,-0.49912534908065065,0.51043713092804,0.2129508391858112,0.15706463516248065,high_flow,A2391077.csv
A2391077,2017-09-09,nighttime,6,-0.9997747121588384,7.612619986453672e-8,-0.507322655414969,0.51043713092804,0.2129508391858112,0.15706463516248065,high_flow,A2391077.csv
A2391077,2017-09-10,daytime,6,-0.9999941196866302,5.1867026325087105e-11,-0.4940699450348562,0.501356840133667,0.2169979764313772,0.17176526603975717,high_flow,A2391077.csv
A2391077,2017-09-10,nighttime,6,-0.9998124693544856,5.2748316995822713e-8,-0.5042029121929339,0.501356840133667,0.2169979764313772,0.17176526603975717,high_flow,A2391077.csv
A2391077,2017-09-11,daytime,6,-0.9999361336513612,6.1182354801264485e-9,-0.4844988331114865,0.696469008922577,0.14182835376740863,0.1804943855890172,high_flow,A2391077.csv
A2391077,2017-09-11,nighttime,6,-0.9951985787024064,3.4525124580885896e-5,-0.5056896519765001,0.696469008922577,0.14182835376740863,0.1804943855890172,high_flow,A2391077.csv
A2391077,2017-09-12,daytime,6,-0.9999743534324012,9.866112099348603e-10,-0.4816536281593003,0.825849413871765,0.1055231520057136,0.1929095742570329,high_flow,A2391077.csv
A2391077,2017-09-12,nighttime,6,-0.9999940354464176,5.336374306049334e-11,-0.4766044886507152,0.825849413871765,0.1055231520057136,0.1929095742570329,high_flow,A2391077.csv
A2391077,2017-09-13,daytime,6,-0.9995691030417424,2.7846828016282465e-7,-0.4815505160390022,0.70768791437149,0.13831686703963814,0.2027893504741499,high_flow,A2391077.csv
A2391077,2017-09-13,nighttime,6,-0.9997430553060296,9.90223818210865e-8,-0.4869819268762554,0.70768791437149,0.13831686703963814,0.2027893504741499,high_flow,A2391077.csv
A2391077,2017-09-14,daytime,6,-0.9999781907273746,7.13461371943712e-10,-0.4935973009093784,0.559396862983704,0.1917628853707892,0.2103241677578066,high_flow,A2391077.csv
A2391077,2017-09-14,nighttime,6,-0.9999429577716428,4.880630921507752e-9,-0.5059640247681759,0.559396862983704,0.1917628853707892,0.2103241677578066,high_flow,A2391077.csv
A2391077,2017-09-15,daytime,6,-0.9999491986322232,3.871102898425964e-9,-0.4945744038827322,0.503540337085724,0.2160457088441852,0.2174939491330397,high_flow,A2391077.csv
A2391077,2017-09-15,nighttime,6,-0.9998652965898912,2.7216290945128498e-8,-0.49655424475092264,0.503540337085724,0.2160457088441852,0.2174939491330397,high_flow,A2391077.csv
A2391077,2017-09-16,daytime,6,-0.9999254458469488,8.337275407777714e-9,-0.49146712211875504,0.433853209018707,0.25080347577669326,0.21543863825735032,high_flow,A2391077.csv
A2391077,2017-09-16,nighttime,6,-0.9999634595472516,2.002782636089643e-9,-0.4969439317492255,0.433853209018707,0.25080347577669326,0.21543863825735032,high_flow,A2391077.csv
A2391077,2017-09-17,daytime,6,-0.9998714091621428,2.480234220771847e-8,-0.4875848740849873,0.419794082641602,0.2579454826806333,0.2152600880847518,high_flow,A2391077.csv
A2391077,2017-09-17,nighttime,6,-0.9999786018422178,6.868168358030124e-10,-0.4990868976080993,0.419794082641602,0.2579454826806333,0.2152600880847518,high_flow,A2391077.csv
A2391077,2017-09-18,daytime,6,-0.9999608927015414,2.2940412841133843e-9,-0.49032283759133966,0.55898243188858,0.1919414355433877,0.22091417688370432,high_flow,A2391077.csv
A2391077,2017-09-18,nighttime,6,-0.9999091117067908,1.2390647364072861e-8,-0.4939874787884438,0.55898243188858,0.1919414355433877,0.22091417688370432,high_flow,A2391077.csv
A2391077,2017-09-19,daytime,6,-0.9999844884863628,3.6090871688033824e-10,-0.4973222792254392,0.398093700408936,0.26943221045113674,0.23161925167638772,high_flow,A2391077.csv
A2391077,2017-09-19,nighttime,6,-0.9999003343690408,1.4899361990524894e-8,-0.4969686915390681,0.398093700408936,0.26943221045113674,0.23161925167638772,high_flow,A2391077.csv
A2391077,2017-09-20,daytime,6,-0.9999308041573642,7.181931300028635e-9,-0.4881608768907429,0.382417231798172,0.27978812046184975,0.24292742927429276,high_flow,A2391077.csv
A2391077,2017-09-20,nighttime,6,-0.9999377179555666,5.818458790521155e-9,-0.4902798546766862,0.382417231798172,0.27978812046184975,0.24292742927429276,high_flow,A2391077.csv
A2391077,2017-09-21,daytime,6,-0.9999842846637312,3.7045575044366987e-10,-0.47472663959078,0.369381040334702,0.2878823949529818,0.25551323255168035,normal_flow,A2391077.csv
A2391077,2017-09-21,nighttime,6,-0.9997035869916916,1.3177798571857458e-7,-0.4901014576494611,0.369381040334702,0.2878823949529818,0.25551323255168035,normal_flow,A2391077.csv
A2391077,2017-09-28,daytime,6,-0.9999087718762468,1.2483476219073885e-8,-0.46331361573237245,0.319041609764099,0.3271039162004523,0.3077570130540015,normal_flow,A2391077.csv
A2391077,2017-09-28,nighttime,6,-0.9999286278417554,7.640795674382967e-9,-0.4657089423542081,0.319041609764099,0.3271039162004523,0.3077570130540015,normal_flow,A2391077.csv
A2391077,2017-09-29,daytime,6,-0.9999623204647584,2.1295943163191452e-9,-0.4680652765655929,0.428616523742676,0.25336269491727176,0.317101138753323,normal_flow,A2391077.csv
A2391077,2017-09-29,nighttime,6,-0.999952763725998,3.346845674040615e-9,-0.4704186630900886,0.428616523742676,0.25336269491727176,0.317101138753323,normal_flow,A2391077.csv
A2391077,2017-09-30,daytime,6,-0.9999866672592944,2.6664177705533477e-10,-0.46935437222224485,0.284799486398697,0.35912391381978337,0.32459627822084675,normal_flow,A2391077.csv
A2391077,2017-09-30,nighttime,6,-0.9999867026679168,2.652273851825991e-10,-0.4742016604479709,0.284799486398697,0.35912391381978337,0.32459627822084675,normal_flow,A2391077.csv
A2391077,2017-10-01,daytime,6,-0.9999889867824748,1.819357724828791e-10,-0.4619141052619282,0.28250777721405,0.36126651589096537,0.34261397452684206,normal_flow,A2391077.csv
A2391077,2017-10-01,nighttime,6,-0.9998049360750312,5.70711911515975e-8,-0.47420141845539104,0.28250777721405,0.36126651589096537,0.34261397452684206,normal_flow,A2391077.csv
A2391077,2017-10-02,daytime,6,-0.999998232993934,4.6834628975494475e-12,-0.4568273628416099,0.262347131967545,0.3853707891917629,0.35927865730270203,normal_flow,A2391077.csv
A2391077,2017-10-02,nighttime,6,-0.9996101958888376,2.278912527882412e-7,-0.454350826368042,0.262347131967545,0.3853707891917629,0.35927865730270203,normal_flow,A2391077.csv
A2391077,2017-10-10,daytime,6,-0.9999847224413266,3.501039156058644e-10,-0.4429541240128779,0.195915251970291,0.6011189144149506,0.43972542951235966,normal_flow,A2391077.csv
A2391077,2017-10-10,nighttime,6,-0.9999880644307876,2.1368586847889188e-10,-0.4486307750501281,0.195915251970291,0.6011189144149506,0.43972542951235966,normal_flow,A2391077.csv
A2391077,2017-10-11,daytime,6,-0.9997271098657672,1.1169337711114114e-7,-0.4397659227170596,0.63090193271637,0.16414712534222117,0.43250803475776695,normal_flow,A2391077.csv
A2391077,2017-10-11,nighttime,6,-0.9999565898441644,2.826621542547195e-9,-0.4471411212919687,0.63090193271637,0.16414712534222117,0.43250803475776695,normal_flow,A2391077.csv
A2391077,2017-10-12,daytime,6,-0.999936987448536,5.955747364746681e-9,-0.4593383171163832,0.249570995569229,0.4007261040352339,0.43270642383843194,normal_flow,A2391077.csv
A2391077,2017-10-12,nighttime,6,-0.9999726127764664,1.1250797482950798e-9,-0.4666225700784978,0.249570995569229,0.4007261040352339,0.43270642383843194,normal_flow,A2391077.csv
A2391077,2017-10-13,daytime,6,-0.9999774247702494,7.644557448057398e-10,-0.45320217247953337,0.229836776852608,0.45923104392334246,0.4398484307423719,normal_flow,A2391077.csv
A2391077,2017-10-13,nighttime,6,-0.9995724336812132,2.741803531098311e-7,-0.4525323983298728,0.229836776852608,0.45923104392334246,0.4398484307423719,normal_flow,A2391077.csv
A2391077,2017-10-14,daytime,6,-0.9999777957528916,7.395374108046765e-10,-0.4408266218707162,0.219320341944695,0.5162480657064635,0.43851128833868985,normal_flow,A2391077.csv
A2391077,2017-10-14,nighttime,6,-0.9999010720500848,1.4679624820564176e-8,-0.4502818093173771,0.219320341944695,0.5162480657064635,0.43851128833868985,normal_flow,A2391077.csv
A2391077,2017-10-15,daytime,6,-0.9998896151285086,1.827655727137751e-8,-0.4389455528803533,0.216580152511597,0.536662302106892,0.43498393048446615,normal_flow,A2391077.csv
A2391077,2017-10-15,nighttime,6,-0.9997461653495376,9.66398671222103e-8,-0.4394285177290498,0.216580152511597,0.536662302106892,0.43498393048446615,normal_flow,A2391077.csv
A2391077,2017-10-16,daytime,6,-0.9999193544649008,9.755291249909218e-9,-0.43769871185009,0.214923828840256,0.5438043090108321,0.4357179700829266,normal_flow,A2391077.csv
A2391077,2017-10-16,nighttime,6,-0.9994410223846534,4.685966337401699e-7,-0.44652169954064863,0.214923828840256,0.5438043090108321,0.4357179700829266,normal_flow,A2391077.csv
A2391077,2017-10-17,daytime,6,-0.9999717900239422,1.1936928989831646e-9,-0.4064827221896464,0.213692128658295,0.550351148672777,0.4296948775939372,normal_flow,A2391077.csv
A2391077,2017-10-17,nighttime,6,-0.9999270455567938,7.98333203072289e-9,-0.41893367012730137,0.213692128658295,0.550351148672777,0.4296948775939372,normal_flow,A2391077.csv
A2391077,2017-10-18,daytime,6,-0.999968083723432,1.5279568092165103e-9,-0.38851572086918146,0.371367871761322,0.2865730270205928,0.4226123874141967,normal_flow,A2391077.csv
A2391077,2017-10-18,nighttime,6,-0.9999279222191996,7.792622498218489e-9,-0.40441989601563294,0.371367871761322,0.2865730270205928,0.4226123874141967,normal_flow,A2391077.csv
A2391077,2017-10-19,daytime,6,-0.9999217197986138,9.191445051286062e-9,-0.3920623507262234,0.366467654705048,0.2896083799547673,0.4484386779351665,normal_flow,A2391077.csv
A2391077,2017-10-19,nighttime,6,-0.9999725478639409,1.1304193170899035e-9,-0.3929335533275624,0.366467654705048,0.2896083799547673,0.4484386779351665,normal_flow,A2391077.csv
A2391077,2017-10-20,daytime,6,-0.9985184379725942,3.2909130279603673e-6,-0.40786269558872434,0.220484882593155,0.5079157243185335,0.44979169146530174,normal_flow,A2391077.csv
A2391077,2017-10-20,nighttime,6,-0.9999622291579666,2.139927819236558e-9,-0.41289234445411016,0.220484882593155,0.5079157243185335,0.44979169146530174,normal_flow,A2391077.csv
A2391077,2017-10-21,daytime,6,-0.9999281259886532,7.748624614567067e-9,-0.4336429685784281,0.245621502399445,0.4079871443875729,0.44795460857834385,normal_flow,A2391077.csv
A2391077,2017-10-21,nighttime,6,-0.9998865546432376,1.9304043444115136e-8,-0.4302108666264565,0.245621502399445,0.4079871443875729,0.44795460857834385,normal_flow,A2391077.csv
A2391077,2017-10-22,daytime,6,-0.9999603286665988,2.3606908230786934e-9,-0.4365170409961114,0.291394203901291,0.35168432329484584,0.42992104114589536,normal_flow,A2391077.csv
A2391077,2017-10-22,nighttime,6,-0.9999732662752614,1.0720285044072167e-9,-0.4473196903365078,0.291394203901291,0.35168432329484584,0.42992104114589536,normal_flow,A2391077.csv
A2391077,2017-10-23,daytime,6,-0.9999975973048778,8.659408840035985e-12,-0.437962888060202,0.229788988828659,0.45946911082014047,0.41745030353529344,normal_flow,A2391077.csv
A2391077,2017-10-23,nighttime,6,-0.998099649953504,5.413564052975697e-6,-0.4489148400063005,0.229788988828659,0.45946911082014047,0.41745030353529344,normal_flow,A2391077.csv
A2391077,2017-10-24,daytime,6,-0.9994336288469516,4.810735852911904e-7,-0.43207670808732707,0.275445371866226,0.3698964408998929,0.4149783755902075,normal_flow,A2391077.csv
A2391077,2017-10-24,nighttime,6,-0.9999700123061422,1.3488791909667199e-9,-0.4403458071425611,0.275445371866226,0.3698964408998929,0.4149783755902075,normal_flow,A2391077.csv
A2391077,2017-10-25,daytime,6,-0.9999808994004602,5.472458699050585e-10,-0.4278851269511876,0.222543984651566,0.494881561718843,0.409602031504186,normal_flow,A2391077.csv
A2391077,2017-10-25,nighttime,6,-0.9996822413810066,1.5143976778724358e-7,-0.4374067981321748,0.222543984651566,0.494881561718843,0.409602031504186,normal_flow,A2391077.csv
A2391077,2017-10-26,daytime,6,-0.9998377820387164,3.946986608872965e-8,-0.4274844677498434,0.21352082490921,0.5515414831567671,0.41616871007419753,normal_flow,A2391077.csv
A2391077,2017-10-26,nighttime,6,-0.9998978281431672,1.5658099202437012e-8,-0.43522250566992504,0.21352082490921,0.5515414831567671,0.41616871007419753,normal_flow,A2391077.csv
A2391077,2017-10-27,daytime,6,-0.9999219036834796,9.14831382502778e-9,-0.4288785635468221,0.240869104862213,0.4210213069872634,0.4372455660040471,normal_flow,A2391077.csv
A2391077,2017-10-27,nighttime,6,-0.9999852362384618,3.2695137311664795e-10,-0.433936206187132,0.240869104862213,0.4210213069872634,0.4372455660040471,normal_flow,A2391077.csv
A2391077,2017-10-28,daytime,6,-0.9998893161357147,1.8375698730172138e-8,-0.4283466623653503,0.237067729234695,0.4316748006189739,0.44064595484664526,normal_flow,A2391077.csv
A2391077,2017-10-28,nighttime,6,-0.9999653967235672,1.7960593930733994e-9,-0.4315088336062242,0.237067729234695,0.4316748006189739,0.44064595484664526,normal_flow,A2391077.csv
A2391077,2017-10-29,daytime,6,-0.999823838020635,4.6546831039533267e-8,-0.4483180751341992,0.442967355251312,0.24574455421973573,0.45032734198309726,normal_flow,A2391077.csv
A2391077,2017-10-29,nighttime,6,-0.9999257736945109,8.264112163318174e-9,-0.4363832871251792,0.442967355251312,0.24574455421973573,0.45032734198309726,normal_flow,A2391077.csv
A2391077,2017-10-30,daytime,6,-0.9997299591506033,1.0937324454688817e-7,-0.4552869365500202,0.293039172887802,0.34960123794786335,0.4635400547553863,normal_flow,A2391077.csv
A2391077,2017-10-30,nighttime,6,-0.9999961512448052,2.2219346316890536e-11,-0.4597351031106872,0.293039172887802,0.34960123794786335,0.4635400547553863,normal_flow,A2391077.csv
A2391077,2017-10-31,daytime,6,-0.9999778699665324,7.346021529473349e-10,-0.45561490524117887,0.220689862966537,0.5067253898345435,0.4694639527040432,normal_flow,A2391077.csv
A2391077,2017-10-31,nighttime,6,-0.9999654811132084,1.7873097524381e-9,-0.46686900552752825,0.220689862966537,0.5067253898345435,0.4694639527040432,normal_flow,A2391077.csv
