site_id,date,n_hour_daylight,solar_daylight_mean,solar_daylight_sum,solar_daylight_max,n_DO_WT_daylight,r_DO_WT_daylight,p_DO_WT_daylight
14209710,2007-10-02,12,0.45166666666666666,5.42,0.93,12,0.21637116120395786,0.49939274356135577
14209710,2007-10-03,12,0.73,8.76,1.46,12,0.24894767468491127,0.43523876321916133
14209710,2007-10-04,12,0.8341666666666666,10.01,1.67,12,-0.318860647059081,0.3124075549412046
14209710,2007-10-05,12,0.8933333333333333,10.72,1.7,12,-0.1261969895015594,0.6959378573699206
14209710,2007-10-06,12,0.44416666666666665,5.33,0.82,12,-0.18890129614691148,0.5565452911422756
14209710,2007-10-07,12,0.485,5.82,0.94,12,-0.4608479683256323,0.1316009337219606
14209710,2007-10-08,12,0.7791666666666667,9.35,1.53,12,-0.4978116799155939,0.09956852071390368
14209710,2007-10-09,12,0.3441666666666667,4.13,0.72,12,0.22131333406899875,0.4893982473157614
14209710,2007-10-10,12,0.6816666666666666,8.18,1.29,12,-0.005727391891394822,0.9859058629663384
14209710,2007-10-11,12,0.6575,7.89,1.19,12,-0.09838197471103823,0.7609855549527074
14209710,2007-10-12,12,0.8258333333333333,9.91,1.65,12,-0.10315925568759432,0.7496993610212246
14209710,2007-10-13,12,1.0516666666666667,12.620000000000001,1.98,12,-0.5917050247554522,0.042695376841482384
14209710,2007-10-14,12,0.93,11.16,1.73,12,-0.6507871095364687,0.021915060921891657
14209710,2007-10-15,12,0.5033333333333333,6.04,0.99,12,-0.2333695295269549,0.4654039513231786
14209710,2007-10-16,12,0.5016666666666667,6.0200000000000005,1.04,12,0.22768327684883866,0.4766516091535651
14209710,2007-10-17,12,0.49,5.88,1.05,12,0.42915087305248006,0.16387485727910178
14209710,2007-10-18,11,0.3809090909090909,4.19,0.77,11,0.41240761106553714,0.207500616789985
14209710,2007-10-19,10,0.553,5.53,0.91,10,0.6775769133151456,0.03133171273498738
14209710,2007-10-20,10,0.501,5.01,0.88,10,-0.8962581595302721,4.463511851100353e-4
14209710,2007-10-21,10,0.778,7.779999999999999,1.41,10,-0.7559474299705318,0.011421371865747432
14209710,2007-10-22,10,1.28,12.8,1.98,10,-0.789255212788318,0.006633318874619128
14209710,2007-10-23,10,1.27,12.7,1.96,10,-0.9569329517968355,1.4286803539776315e-5
14209710,2007-10-24,10,0.378,3.7800000000000002,0.55,10,-0.5317384289250442,0.11366760709501139
14209710,2007-10-25,10,1.2349999999999999,12.35,2,10,-0.5211954947283146,0.12237787576740439
14209710,2007-10-26,10,1.306,13.06,2.05,10,-0.6246333606100896,0.05352358528654716
14209710,2007-10-27,10,1.17,11.7,1.89,10,-0.7885181588412585,0.006720163626226978
14209710,2007-10-28,10,1.1500000000000001,11.5,1.84,10,-0.7554891672204853,0.011500457966498295
14209710,2007-10-30,10,1.1320000000000001,11.32,1.87,10,-0.542227936306893,0.1053974983980539
14209710,2007-10-31,10,0.879,8.79,1.42,10,-0.6248838020703169,0.0533994334545739
14209710,2007-11-01,10,0.951,9.51,1.57,10,-0.32220111626440967,0.36390947579448274
14209710,2007-11-02,10,1.036,10.36,1.73,10,-0.43305213351229815,0.21125297370235044
14209710,2007-11-03,10,1.037,10.37,1.72,10,-0.634992882805104,0.048546263110780405
14209710,2007-11-05,10,1.042,10.42,1.73,10,-0.8874359808842027,6.1188903232215e-4
14209710,2007-11-06,10,0.873,8.73,1.49,10,-0.8153765779691325,0.0040412630013178285
14209710,2007-11-07,10,0.778,7.78,1.35,10,-0.6918015760714277,0.026666511045112883
14209710,2007-11-08,10,0.602,6.0200000000000005,1.12,10,-0.8981897319421479,4.150238900396798e-4
14209710,2007-11-09,10,0.342,3.42,0.59,10,-0.7267898871314201,0.01725863394188542
14209710,2007-11-10,10,0.851,8.51,1.44,10,0.2240423446719191,0.533775527965123
14209710,2007-11-11,10,0.594,5.94,1.01,10,-0.09611613136669184,0.7916776117894617
14209710,2007-11-12,10,0.169,1.69,0.35,10,-0.5790303342682809,0.07943205537954387
14209710,2007-11-13,10,0.809,8.09,1.37,10,-3.0328205001120042e-15,0.9999999999999933
14209710,2007-11-14,10,0.558,5.58,1.07,10,-0.6641408310083738,0.036221247046603136
14209710,2007-11-15,10,0.303,3.0300000000000002,0.55,10,-0.7839980783878023,0.007270499186595595
14209710,2007-11-16,10,0.301,3.01,0.62,10,0.13400504203456257,0.7120714437749451
14209710,2007-11-17,10,0.293,2.93,0.66,10,-0.9641540122283007,6.917278873419944e-6
14209710,2007-11-18,10,0.155,1.55,0.26,10,-0.8492908102381368,0.001873922757450793
14209710,2007-11-19,10,0.315,3.15,0.55,10,-0.8607533668498881,0.001385601424871656
14209710,2007-11-20,10,0.708,7.08,1.31,10,-0.6736330697086087,0.03271723178168252
14209710,2007-11-21,10,0.761,7.61,1.36,10,-0.35391919864828186,0.3157060613691475
14209710,2007-11-22,10,0.86,8.6,1.51,10,-0.27950849718747073,0.43414527322156127
14209710,2007-11-23,10,0.834,8.34,1.48,10,-0.6428086293643945,0.045002408096918446
14209710,2007-11-24,10,0.379,3.79,0.76,10,-0.8834574261334107,6.99598509167837e-4
14209710,2007-11-25,10,0.823,8.23,1.49,10,-0.7780058152830653,0.008048366293412084
14209710,2007-11-26,10,0.20099999999999998,2.01,0.38,10,-0.6639948087212664,0.03627704716352137
14209710,2007-11-27,10,0.543,5.43,0.96,10,-0.7352146220938084,0.015397821744732757
14209710,2007-11-28,10,0.17099999999999999,1.71,0.48,10,-0.8692342875865884,0.0010892400195396646
14209710,2007-11-30,10,0.35000000000000003,3.5,0.65,10,-0.4537843165207457,0.18773741121269616
14209710,2007-12-01,9,0.2888888888888889,2.6,0.53,9,-0.5529073355808604,0.12258406954775712
14209710,2007-12-02,9,0.18,1.6199999999999999,0.31,9,-0.7857142857142844,0.012075149629834577
14209710,2007-12-03,9,0.1322222222222222,1.19,0.26,9,NA,NA
14209710,2007-12-04,9,0.44555555555555554,4.01,0.82,9,-0.700000000000001,0.035769574970261266
14209710,2007-12-05,9,0.3622222222222222,3.2600000000000002,0.67,9,-0.9143368661286188,5.566476732903121e-4
14209710,2007-12-06,9,0.28888888888888886,2.6,0.52,9,-0.8838834764831821,0.0015652779531729285
14209710,2007-12-07,9,0.38,3.42,0.67,9,NA,NA
14209710,2007-12-08,9,0.7611111111111112,6.8500000000000005,1.31,9,0.3286878675669538,0.3877936153408523
14209710,2007-12-09,9,0.30666666666666664,2.7600000000000002,0.51,9,-0.6614378277661477,0.05235630655490232
14209710,2007-12-10,9,0.5877777777777777,5.29,1.08,9,-0.3535533905932733,0.35061666282020815
14209710,2007-12-11,9,0.2988888888888889,2.69,0.56,9,-0.7646014547562574,0.016407448278259774
14209710,2007-12-12,9,0.4477777777777778,4.03,0.86,9,-0.7834789631600094,0.012492361066960177
14209710,2007-12-13,9,0.45666666666666667,4.11,0.79,9,-0.8374782761443423,0.004842101029438977
14209710,2007-12-14,9,0.35555555555555557,3.2,0.7,9,-0.9335508361188164,2.3326758866005858e-4
14209710,2007-12-15,9,0.37555555555555553,3.38,0.65,9,-0.943119125143015,1.3666401542356145e-4
14209710,2007-12-16,9,0.21555555555555556,1.9400000000000002,0.38,9,-0.9734250823650701,9.815541744919627e-6
14209710,2007-12-17,9,0.31,2.79,0.6,9,-0.18898223650461365,0.6262832660486097
14209710,2007-12-18,9,0.2677777777777778,2.41,0.47,9,-0.14173667737846116,0.7160466945126807
14209710,2007-12-19,9,0.10333333333333333,0.93,0.21,9,-0.763717303458111,0.01660856505715457
14209710,2007-12-20,9,0.45111111111111113,4.06,0.75,9,-0.24896764872145313,0.5182805055808546
14209710,2007-12-21,9,0.36444444444444446,3.2800000000000002,0.66,9,-0.5211684385622214,0.15020413150303222
14209710,2007-12-22,9,0.20666666666666667,1.86,0.41,9,-0.3571428571428563,0.3453987174163623
14209710,2007-12-23,9,0.11444444444444445,1.03,0.25,9,-0.9487774087891074,9.524098330668697e-5
14209710,2007-12-24,9,0.45666666666666667,4.11,0.79,9,-0.8392857142857144,0.004664921576331901
14209710,2007-12-25,9,0.18,1.62,0.32,9,0.6760659859742274,0.04558562110153579
14209710,2007-12-26,9,0.34,3.06,0.6,9,-0.433860915637313,0.24331387583841294
14209710,2007-12-27,9,0.1411111111111111,1.27,0.27,9,0.6815542010964779,0.043198481698561
14209710,2007-12-28,9,0.3022222222222222,2.72,0.52,9,-0.8489722314008432,0.003790381881876371
14209710,2007-12-29,9,0.24222222222222223,2.18,0.43,9,-0.9512751140127523,8.015122964904843e-5
14209710,2007-12-30,9,0.3433333333333333,3.09,0.59,9,-0.8208227579691003,0.006696467217186892
14209710,2007-12-31,9,0.5788888888888889,5.21,1.04,9,-0.8508637212650143,0.0036338708595831533
14209710,2008-01-01,9,0.38222222222222224,3.44,0.68,9,-0.8539069910612518,0.003391464574757336
14209710,2008-01-02,9,0.14666666666666667,1.32,0.3,9,-0.8674614293654199,0.002445707758737881
14209710,2008-01-03,9,0.2277777777777778,2.0500000000000003,0.52,9,-0.9128709291752767,5.898392224376374e-4
14209710,2008-01-04,9,0.33111111111111113,2.98,0.79,9,-0.8566137570182207,0.0031854114058128915
14209710,2008-01-05,9,0.31,2.79,0.53,9,-0.6567632969106999,0.05464728065525415
14209710,2008-01-06,9,0.36333333333333334,3.27,0.63,9,-0.316227766016838,0.4070838220655887
14209710,2008-01-07,9,0.3988888888888889,3.59,0.8,9,0.17960530202677527,0.6438045801921276
14209710,2008-01-08,9,0.1988888888888889,1.79,0.36,9,NA,NA
14209710,2008-01-09,9,0.29333333333333333,2.64,0.6,9,-0.9381884539970059,1.8192350654823143e-4
14209710,2008-01-10,9,0.3211111111111111,2.89,0.56,9,-0.4704029142491613,0.2012903204777097
14209710,2008-01-11,9,0.3888888888888889,3.5,0.74,9,-0.7822580645161248,0.012724269381369441
14209710,2008-01-12,9,0.4,3.6,0.67,9,-0.11118739749916458,0.7758114726217692
14209710,2008-01-13,9,0.7077777777777778,6.37,1.11,9,-0.759256602365295,0.01764830711013558
14209710,2008-01-14,9,0.19,1.71,0.43,9,-0.8685849933716207,0.002376631108997426
14209710,2008-01-15,9,0.55,4.95,0.89,9,-0.40118870990143973,0.2845412741513677
14209710,2008-01-16,9,0.7277777777777777,6.55,1.17,9,-0.863868425581361,0.002675895702097614
14209710,2008-01-18,9,0.6344444444444445,5.71,0.99,9,-0.8546645570144609,0.003332898183456711
14209710,2008-01-19,9,0.2911111111111111,2.62,0.54,9,-0.7802309606564413,0.013115664918932436
14209710,2008-01-20,9,0.5,4.5,0.85,9,-0.698963245328829,0.03616328386687295
14209710,2008-01-21,9,1.0033333333333334,9.03,1.61,9,-0.837601627608787,0.00482986521566031
14209710,2008-01-22,9,0.9866666666666667,8.88,1.6,9,-0.8234554706150227,0.0063757674191029495
14209710,2008-01-23,9,1.0066666666666666,9.06,1.59,9,-0.9114295823019711,6.237994360119999e-4
14209710,2008-01-24,9,0.8277777777777778,7.45,1.34,9,-0.7190233885442837,0.02903276402457475
14209710,2008-01-25,9,1.0355555555555556,9.32,1.64,9,-0.9333090994364723,2.3619437813296332e-4
14209710,2008-01-26,9,0.27555555555555555,2.48,0.43,9,-0.8953364277235348,0.001100984055823006
14209710,2008-01-27,9,0.5755555555555556,5.18,0.97,9,-0.9320546490018008,2.5179836004368515e-4
14209710,2008-01-28,9,0.6333333333333333,5.7,1.01,9,-0.7079708495782335,0.03283527615882275
14209710,2008-01-29,9,0.3655555555555556,3.29,0.55,9,-0.4490132550669405,0.22535942204154913
14209710,2008-01-30,9,0.3622222222222222,3.2600000000000002,0.64,9,-0.6773926184227795,0.04500102703294868
14209710,2008-01-31,9,0.4711111111111111,4.24,0.73,9,-0.22786635759382684,0.5554138874204494
14209710,2008-02-01,9,0.4577777777777778,4.12,0.68,9,-0.8647058823529422,0.002620963262916162
14209710,2008-02-02,9,0.27444444444444444,2.47,0.55,9,NA,NA
14209710,2008-02-03,10,0.528,5.28,1.07,10,-0.7745010284632501,0.008529660521011301
14209710,2008-02-04,10,0.447,4.47,0.73,10,-0.5704192071044343,0.0850898085870411
14209710,2008-02-05,11,0.2881818181818182,3.17,0.76,11,-0.608006215717244,0.04719599925596752
14209710,2008-02-06,11,0.29818181818181816,3.28,0.69,11,-0.5723592683375412,0.0657564095315677
14209710,2008-02-07,11,0.3690909090909091,4.0600000000000005,0.74,11,-0.61920614666924,0.042205018805361594
14209710,2008-02-08,11,0.25727272727272726,2.83,0.51,11,-0.936827385930128,2.1381638752761554e-5
14209710,2008-02-09,11,0.5781818181818182,6.36,1.1,11,-0.7913296303294061,0.0037147205953477853
14209710,2008-02-10,11,0.4963636363636364,5.46,0.91,11,-0.49888143036621846,0.11826076723392655
14209710,2008-02-11,11,0.5518181818181818,6.069999999999999,1.14,11,-0.6467921047552772,0.03149297427415977
14209710,2008-02-13,11,0.6545454545454545,7.2,1.15,11,-0.6512308430231069,0.029968566856439123
14209710,2008-02-14,11,0.850909090909091,9.36,1.55,11,-0.8025106376959494,0.002949966521171347
14209710,2008-02-15,11,0.8290909090909091,9.12,1.7,11,-0.9408987695849547,1.593809148341746e-5
14209710,2008-02-16,11,0.83,9.13,1.46,11,-0.7341675135720025,0.01009550747494823
14209710,2008-02-17,11,1.1345454545454545,12.48,1.99,11,-0.8874487251599738,2.672964192880806e-4
14209710,2008-02-18,11,1.199090909090909,13.19,2.09,11,-0.8659379419311299,5.68556854238171e-4
14209710,2008-02-19,11,0.6881818181818182,7.57,1.29,11,-0.9669965907828042,1.203037010022441e-6
14209710,2008-02-20,11,0.8527272727272728,9.38,1.6,11,-0.8877630709931659,2.640774060872491e-4
14209710,2008-02-21,11,0.9772727272727273,10.75,1.7,11,-0.9109567337702138,9.645152227637586e-5
14209710,2008-02-22,11,0.6972727272727273,7.67,1.34,11,-0.8307244709438192,0.0015394575212879507
14209710,2008-02-23,11,1.2,13.2,2.13,11,-0.9022326055002129,1.449963170862696e-4
14209710,2008-02-24,11,1.040909090909091,11.45,1.81,11,-0.8554176578549716,7.86171303122315e-4
14209710,2008-02-25,11,0.5645454545454546,6.21,0.94,11,-0.2891462046062372,0.38847475063254744
14209710,2008-02-26,11,1.1445454545454545,12.59,2.06,11,-0.8710500311715648,4.8098907383852793e-4
14209710,2008-02-27,11,1.0463636363636364,11.51,1.91,11,-0.8742622644088166,4.314512154627373e-4
14209710,2008-02-28,11,1.2618181818181817,13.88,2.12,11,-0.964623928902582,1.638562762103144e-6
14209710,2008-02-29,11,0.7327272727272727,8.06,1.46,11,-0.950969602109015,6.978107287645062e-6
14209710,2008-03-01,11,0.7572727272727272,8.33,1.38,11,-0.016878989451392226,0.9607152363619647
14209710,2008-03-02,11,1.0718181818181818,11.79,1.91,11,-0.9033485936035107,1.3792424031580782e-4
14209710,2008-03-03,11,0.48818181818181816,5.37,0.75,11,-0.9284313736718621,3.703034828508796e-5
14209710,2008-03-04,11,0.8709090909090909,9.58,1.44,11,-0.8724025615101055,4.596333995403262e-4
14209710,2008-03-05,11,1.4918181818181817,16.41,2.47,11,-0.9617215689390075,2.3266632183916395e-6
14209710,2008-03-06,11,1.01,11.11,1.59,11,-0.9745368134970681,3.785404262465741e-7
14209710,2008-03-07,11,0.5809090909090909,6.390000000000001,0.91,11,-0.9507257874862447,7.133085559875877e-6
14209710,2008-03-08,11,0.9045454545454545,9.950000000000001,1.45,11,-0.9290969721342762,3.554040967052554e-5
14209710,2008-03-10,12,0.5583333333333333,6.7,1.29,12,-0.9069094116760734,4.700872860766934e-5
14209710,2008-03-27,13,1.0292307692307692,13.379999999999999,2.01,13,-0.9472952388800563,8.978384763218479e-7
14209710,2008-03-28,13,0.7553846153846154,9.82,1.42,13,-0.872877658724135,9.82882872464464e-5
14209710,2008-03-29,13,0.8507692307692307,11.06,1.73,13,-0.939172091473462,1.9441195680860263e-6
14209710,2008-03-30,13,1.0092307692307692,13.12,1.89,13,-0.8881787223427393,5.0052598943646335e-5
14209710,2008-03-31,13,1.1315384615384616,14.709999999999999,1.94,13,-0.9568310994396232,3.051390120274034e-7
14209710,2008-04-01,13,1.7353846153846153,22.56,2.98,13,-0.9674098920987084,6.635994112080059e-8
14209710,2008-04-02,13,1.7507692307692309,22.76,2.95,13,-0.9830183597841711,1.896062121068743e-9
14209710,2008-04-03,13,1.4992307692307691,19.49,2.43,13,-0.9587032063046572,2.399776112943479e-7
14209710,2008-04-04,13,0.9038461538461539,11.75,1.77,13,-0.4606192119662384,0.11318713355315572
14209710,2008-04-05,13,0.6784615384615384,8.82,1.23,13,-0.9390235013295666,1.9698127766138735e-6
14209710,2008-04-06,13,0.966923076923077,12.57,1.97,13,-0.869331257638725,1.1353785723971025e-4
14209710,2008-04-07,13,0.88,11.44,1.75,13,-0.8181208693089711,6.308951319750659e-4
14209710,2008-04-08,13,0.9192307692307692,11.95,1.89,13,-0.9049174554054544,2.1208537894042507e-5
14209710,2008-04-09,13,0.8353846153846154,10.86,1.67,13,-0.8990081522349364,2.920474439582942e-5
14209710,2008-04-10,13,0.9376923076923077,12.19,1.72,13,-0.8157969053217357,6.733146083678503e-4
14209710,2008-04-11,14,1.6764285714285714,23.47,2.98,14,-0.9800473666530699,8.726732905577002e-10
14209710,2008-04-12,14,1.6842857142857142,23.58,3.05,14,-0.9756363262712878,2.8652725873028636e-9
14209710,2008-04-13,14,1.1914285714285715,16.68,2.39,14,-0.9659641214795945,2.085573658453739e-8
14209710,2008-04-14,14,0.8885714285714286,12.44,1.97,14,-0.9042217056181582,9.041622564269633e-6
14209710,2008-04-15,14,0.8342857142857143,11.68,1.62,14,-0.8758249761625263,4.029364566673847e-5
14209710,2008-04-16,14,0.7607142857142857,10.65,1.73,14,-0.95992002864088255,5.488585151328171e-8
14209710,2008-04-17,14,0.9628571428571429,13.48,1.74,14,-0.9819304693372065,4.833895235980324e-10
14209710,2008-04-18,14,0.8057142857142857,11.28,1.53,14,-0.9652538855248768,2.357063144804475e-8
14209710,2008-04-19,14,0.8628571428571429,12.08,1.65,14,-0.8447435012917544,1.4346251267638977e-4
14209710,2008-04-20,14,1.1864285714285714,16.61,2.15,14,-0.9066562682831719,7.789459983858425e-6
14209710,2008-04-21,14,0.8721428571428571,12.21,1.84,14,-0.8589507043799836,8.330990048135311e-5
14209710,2008-04-22,14,0.5521428571428572,7.73,1.31,14,-0.9011402056016389,1.0858776764663316e-5
14209710,2008-04-23,14,0.6771428571428572,9.48,1.6,14,-0.8842801855473771,2.6898772149376267e-5
14209710,2008-04-24,14,0.9492857142857143,13.290000000000001,1.66,14,-0.7465861901746812,0.0021587115129178673
14209710,2008-04-25,14,1.525,21.35,2.65,14,-0.9531979185107653,1.3712695717784805e-7
14209710,2008-04-26,14,1.5335714285714286,21.47,2.93,14,-0.9775425591422877,1.7646611664716667e-9
14209710,2008-04-27,14,1.062857142857143,14.88,1.99,14,-0.9265901745157994,1.926184825220655e-6
14209710,2008-04-28,14,1.1807142857142856,16.53,2.22,14,-0.9545102443518952,1.1594639103747617e-7
14209710,2008-04-29,14,1,14,1.8,14,-0.6038703423410586,0.022203692855689492
14209710,2008-04-30,14,1.2242857142857142,17.14,2.31,14,-0.9509333683208308,1.811763478698901e-7
14209710,2008-05-01,14,1.2685714285714287,17.76,2.33,14,-0.9816709913638212,5.262676072811106e-10
14209710,2008-05-02,14,1.28,17.919999999999998,2.62,14,-0.9597610134754501,5.6185964842897004e-8
14209710,2008-05-03,14,0.8442857142857143,11.82,1.47,14,-0.7159509846050763,0.003978870228529261
14209710,2008-05-04,14,1.96,27.44,3.24,14,-0.9778172904407197,1.640005222990899e-9
14209710,2008-05-05,15,1.6146666666666667,24.22,3.09,15,-0.9789947828295931,2.3260186550057175e-10
14209710,2008-05-06,15,0.8293333333333334,12.44,1.53,15,-0.9046829520315103,3.6087398148163183e-6
14209710,2008-05-07,15,0.6953333333333334,10.43,1.41,15,-0.7913562255707768,4.406366743888321e-4
14209710,2008-05-08,15,1.048,15.72,2.06,15,-0.9719736403159119,1.4904971712126195e-9
14209710,2008-05-09,15,1.6173333333333333,24.26,3.17,15,-0.9771025975630926,4.056216963798435e-10
14209710,2008-05-10,15,0.654,9.81,1.36,15,-0.9109620945192296,2.3535824122201506e-6
14209710,2008-05-11,15,1.1886666666666668,17.830000000000002,2.25,15,-0.7327236898584853,0.0018890795519986036
14209710,2008-05-12,15,1.158,17.37,2.03,15,-0.9701197231858737,2.250123738267943e-9
14209710,2008-05-13,15,0.5559999999999999,8.34,1.04,15,-0.7392993666693479,0.0016350137844161118
14209710,2008-05-14,15,1.0753333333333333,16.13,2.32,15,-0.7274144263050802,0.002116564345665204
14209710,2008-05-15,15,1.944,29.16,3.37,15,-0.9890065337362347,3.5423460196963864e-12
14209710,2008-05-16,15,1.85,27.75,3.26,15,-0.9927995821598555,2.2839213312725567e-13
14209710,2008-05-17,15,1.922,28.830000000000002,3.31,15,-0.9885211111979224,4.685544696135911e-12
14209710,2008-05-18,15,1.816,27.240000000000002,3.25,15,-0.9941959113055125,5.643862229022301e-14
14209710,2008-05-19,15,1.464,21.96,2.85,15,-0.9951158009232345,1.8425366729021607e-14
14209710,2008-05-20,15,0.83,12.450000000000001,1.77,15,-0.8990251327379993,5.1765478721985525e-6
14209710,2008-05-21,15,0.842,12.63,1.64,15,-0.9450835461828135,1.1064057153841264e-7
14209710,2008-05-22,15,0.7086666666666667,10.63,1.3,15,-0.9720184497107487,1.4752345880533645e-9
14209710,2008-05-23,15,0.5686666666666667,8.53,1.24,15,-0.8443803727762726,7.507389585817504e-5
14209710,2008-05-24,15,1.464,21.96,2.81,15,-0.9918413999256557,5.132901900419758e-13
14209710,2008-05-25,16,0.55125,8.82,1.22,16,-0.9373539046720907,8.595339787364933e-8
14209710,2008-05-26,16,0.5625,9,1.19,16,-0.874236759169871,9.508243879492028e-6
14209710,2008-05-27,16,0.7825,12.52,1.54,16,-0.819257236970495,1.0324915516515915e-4
14209710,2008-05-28,16,0.431875,6.91,0.87,16,-0.8522420711271825,2.7641132453872284e-5
14209710,2008-05-29,16,0.9506249999999999,15.209999999999999,2.13,16,-0.9700670789963985,5.333958592634681e-10
14209710,2008-05-31,16,1.165,18.64,2.48,16,-0.9613626368740543,3.1116901075488818e-9
14209710,2008-06-01,16,0.640625,10.25,1.44,16,-0.9421699930716685,4.973982127035706e-8
14209710,2008-06-02,16,1.1875,19,2.56,16,-0.9614738551851124,3.0504340501934898e-9
14209710,2008-06-03,16,0.846875,13.55,1.84,16,-0.34770855744693296,0.18695360205258169
14209710,2008-06-04,16,0.989375,15.83,1.78,16,-0.8081178139969042,1.5204972839012187e-4
14209710,2008-06-05,16,0.565625,9.05,1.05,16,-0.9044994769135588,1.5044004928076299e-6
14209710,2008-06-06,16,0.6775,10.84,1.28,16,-0.7209049714063115,0.0016267559125708576
14209710,2008-06-07,16,0.84875,13.58,1.5,16,-0.8922120475435583,3.394004677791487e-6
14209710,2008-06-08,16,1.656875,26.51,3.28,16,-0.9692035235652308,6.494063177699418e-10
14209710,2008-06-09,16,0.7225,11.56,1.68,16,-0.9666187946397945,1.1338046602803543e-9
14209710,2008-06-10,16,0.501875,8.03,1.08,16,-0.9671616716165573,1.0123219841299296e-9
14209710,2008-06-11,16,0.74625,11.94,1.52,16,-0.938332509492483,7.71868127216195e-8
14209710,2008-06-12,16,1.730625,27.69,3.35,16,-0.9923045659313182,4.199354794326565e-14
14209710,2008-06-13,16,1.845,29.52,3.32,16,-0.9781411442916295,6.035307663437926e-11
14209710,2008-06-14,16,1.84375,29.5,3.42,16,-0.9882740099660144,7.924728672898029e-13
14209710,2008-06-15,16,1.845625,29.53,3.48,16,-0.9796474848078391,3.6759198520316244e-11
14209710,2008-06-16,16,1.815,29.04,3.41,16,-0.9706185135489931,4.689845374251909e-10
14209710,2008-06-17,16,1.086875,17.39,1.92,16,-0.9355451609281715,1.043945242819303e-7
14209710,2008-06-18,16,1.34875,21.58,2.51,16,-0.9756393933817513,1.280104209864098e-10
14209710,2008-06-19,16,1.81375,29.02,3.27,16,-0.9568791453596698,6.6306918379423505e-9
14209710,2008-06-20,16,1.658125,26.53,3.24,16,-0.9505296697773225,1.7052389987443204e-8
14209710,2008-06-21,16,1.176875,18.83,2.08,16,-0.9139006767437016,7.472116750261597e-7
14209710,2008-06-22,16,1.266875,20.27,2.74,16,-0.9625029908514171,2.53069969920345e-9
14209710,2008-06-23,16,1.245,19.92,1.93,16,-0.9232308516257223,3.4335879043427356e-7
14209710,2008-06-24,16,1.890625,30.25,3.39,16,-0.9789494853864874,4.6459659573139433e-11
14209710,2008-06-25,16,1.728125,27.65,3.1,16,-0.96830406992233,7.924928588079911e-10
14209710,2008-06-26,16,1.5374999999999999,24.599999999999998,3.07,16,-0.9791658403988305,4.324318313185876e-11
14209710,2008-06-27,16,1.705625,27.29,3.42,16,-0.9737653366651209,2.139925586972539e-10
14209710,2008-06-28,16,1.871875,29.95,3.36,16,-0.9734473174724249,2.3262832071251116e-10
14209710,2008-06-29,16,1.535,24.56,3.14,16,-0.9440134476103663,3.9844493100861094e-8
14209710,2008-06-30,16,1.523125,24.37,2.97,16,-0.9551571828952156,8.681587537456752e-9
14209710,2008-07-01,16,1.515,24.24,3.23,16,-0.9618183286771991,2.8671880023648094e-9
14209710,2008-07-02,16,1.224375,19.59,2.42,16,-0.9707389730024217,4.558354511066868e-10
14209710,2008-07-04,16,0.849375,13.59,1.48,16,-0.9085788084329363,1.1206830412141195e-6
14209710,2008-07-05,16,0.62,9.92,1.21,16,-0.6993394242083747,0.0025693683549301762
14209710,2008-07-06,16,1.26875,20.3,2.45,16,-0.9606393301560467,3.5362554522905456e-9
14209710,2008-07-07,15,1.9366666666666668,29.05,3.39,15,-0.9259426486375979,7.374102125238143e-7
14209710,2008-07-08,15,2.0273333333333334,30.41,3.41,15,-0.9503953010537487,5.7857686131864203e-8
14209710,2008-07-09,15,2.036,30.54,3.42,15,-0.9334107945638905,3.7635065453725007e-7
14209710,2008-07-10,15,1.9786666666666666,29.68,3.31,15,-0.9097118942741642,2.5689116393797614e-6
14209710,2008-07-11,15,2.0866666666666664,31.3,3.49,15,-0.9307816226390273,4.80961460623647e-7
14209710,2008-07-12,15,2.0686666666666667,31.03,3.47,15,-0.9687763830018381,2.9849683351404776e-9
14209710,2008-07-13,15,2.0073333333333334,30.11,3.35,15,-0.955319847139692,2.9675799789703583e-8
14209710,2008-07-14,15,1.7133333333333334,25.7,3.18,15,-0.9468279111661441,9.008190408018295e-8
14209710,2008-07-15,15,1.902,28.53,3.29,15,-0.9504804535797747,5.722699316202688e-8
14209710,2008-07-16,15,1.94,29.1,3.38,15,-0.9098737799726712,2.540135805027512e-6
14209710,2008-07-18,15,1.5493333333333335,23.240000000000002,2.91,15,-0.9477368391498407,8.070977614915293e-8
14209710,2008-07-19,15,1.668,25.02,3.26,15,-0.9401052573549037,1.9213295063452251e-7
14209710,2008-07-20,15,1.942,29.13,3.32,15,-0.9703658193753055,2.1336253980098105e-9
14209710,2008-07-21,15,1.848,27.72,3.24,15,-0.9373272160480767,2.5623684968385165e-7
14209710,2008-07-22,15,1.0766666666666667,16.15,2.11,15,-0.7092416691935843,0.0030667925743436877
14209710,2008-07-23,15,1.5073333333333334,22.61,2.76,15,-0.9191005840888475,1.287818501272381e-6
14209710,2008-07-24,15,1.9626666666666666,29.44,3.37,15,-0.9609375802052561,1.2560435540543167e-8
14209710,2008-07-25,15,1.7613333333333334,26.419999999999998,3.17,15,-0.9480285897826505,7.788106705272653e-8
14209710,2008-07-26,15,1.3493333333333333,20.24,2.53,15,-0.9445093856286143,1.182136470630035e-7
14209710,2008-07-27,15,1.13,16.95,2.05,15,-0.3731929884538093,0.1706581840810688
14209710,2008-07-28,15,1.9126666666666667,28.69,3.33,15,-0.9807898623464225,1.3070965069692727e-10
14209710,2008-07-29,15,0.6933333333333334,10.4,1.37,15,-0.2634942670091961,0.3426754332708709
14209710,2008-07-30,15,1.4173333333333333,21.26,2.79,15,-0.9200346303951974,1.1969360507739944e-6
14209710,2008-07-31,15,1.86,27.9,3.3,15,-0.95048094286857,5.7223385944752745e-8
14209710,2008-08-01,15,0.8553333333333334,12.83,1.79,15,-0.6632135253885197,0.007034697076683252
14209710,2008-08-02,15,1.1626666666666667,17.44,2.26,15,-0.8571791406626328,4.4390764529071975e-5
14209710,2008-08-03,15,1.6720000000000002,25.080000000000002,3.16,15,-0.9388292432152255,2.1966308097173155e-7
14209710,2008-08-04,15,1.792,26.88,3.19,15,-0.9545063044594989,3.3302949074915555e-8
14209710,2008-08-05,15,1.736,26.04,3.09,15,-0.9598776315901679,1.4909678238357234e-8
14209710,2008-08-06,15,1.3006666666666666,19.509999999999998,2.29,15,-0.7052031509767362,0.003318210234593491
14209710,2008-08-07,15,1.3853333333333333,20.78,2.67,15,-0.9329957488822812,3.9146397077582674e-7
14209710,2008-08-08,15,1.1386666666666667,17.08,2.28,15,-0.8277153617119478,1.3939007197929346e-4
14209710,2008-08-09,15,0.9773333333333334,14.66,1.98,15,0.11116533478857635,0.6932735669321803
14209710,2008-08-10,15,1.0613333333333332,15.92,2.12,15,-0.9205634486875873,1.147905064695004e-6
14209710,2008-08-11,15,1.676,25.14,3.12,15,-0.9622391192119115,1.010909033698991e-8
14209710,2008-08-12,14,1.6271428571428572,22.78,2.82,14,-0.943098475969635,4.331930492401308e-7
14209710,2008-08-13,14,1.8085714285714285,25.32,3.08,14,-0.939068476624555,6.47368096287604e-7
14209710,2008-08-14,14,1.83,25.62,3.11,14,-0.9361207445555275,8.539770395576206e-7
14209710,2008-08-15,14,1.555,21.77,2.75,14,-0.9269799226126606,1.8672391699193221e-6
14209710,2008-08-16,14,1.6457142857142857,23.04,2.88,14,-0.8884986138146341,2.1730797108511125e-5
14209710,2008-08-17,14,0.94,13.16,1.74,14,-0.08903340330237385,0.7621378811496898
14209710,2008-08-18,14,0.5,7,1.18,14,-0.07625615870904943,0.7955589228955704
14209710,2008-08-19,14,0.8571428571428571,12,1.66,14,-0.7842196999862098,8.990978449417102e-4
14209710,2008-08-20,14,0.5385714285714286,7.54,1.19,14,-0.4261215910347497,0.1286934584723864
14209710,2008-08-21,14,1.0142857142857142,14.2,2.15,14,0.27254327251089433,0.3458324021804413
14209710,2008-08-22,14,1.727142857142857,24.18,3.07,14,-0.9204462895165171,3.077807210839028e-6
14209710,2008-08-23,14,1.5935714285714286,22.31,2.84,14,-0.8715815456824653,4.882497206303269e-5
14209710,2008-08-24,14,0.8557142857142858,11.98,1.95,14,-0.8270010307723011,2.636711619677039e-4
14209710,2008-08-25,14,1.1464285714285714,16.05,2.23,14,-0.16449678410978277,0.5741447795329706
14209710,2008-08-26,14,1.6085714285714285,22.52,2.84,14,-0.9214809164028471,2.851830271466239e-6
14209710,2008-08-27,14,1.0007142857142857,14.01,1.88,14,-0.5689641245189716,0.03372141027626374
14209710,2008-08-29,14,1.2642857142857142,17.7,2.44,14,-0.9075183153331001,7.3818168538752496e-6
14209710,2008-08-30,14,1.1292857142857142,15.81,1.95,14,-0.46703462069081275,0.09224147338671965
14209710,2008-08-31,14,1.0678571428571428,14.95,2.05,14,-0.281614922872614,0.3293615121802387
14209710,2008-09-01,13,1.166923076923077,15.17,1.82,13,-0.8049816159253805,9.012763057761418e-4
14209710,2008-09-02,13,1.7115384615384615,22.25,2.89,13,-0.8586659590805821,1.7109957540009681e-4
14209710,2008-09-03,13,1.696923076923077,22.06,2.89,13,-0.9340670495048919,2.998431276467532e-6
14209710,2008-09-04,13,1.7153846153846153,22.3,2.88,13,-0.9102692544546598,1.558553567255217e-5
14209710,2008-09-05,13,1.6492307692307693,21.44,2.77,13,-0.8937026062709954,3.829869322195241e-5
14209710,2008-09-06,13,1.5038461538461538,19.55,2.78,13,-0.8764634828835005,8.458061116116468e-5
14209710,2008-09-07,13,1.7015384615384614,22.12,2.87,13,-0.8749974142266317,8.998660001830796e-5
14209710,2008-09-08,13,1.716923076923077,22.32,2.91,13,-0.887263720043821,5.2251864875841095e-5
14209710,2008-09-09,13,1.6246153846153846,21.12,2.76,13,-0.8377169272248346,3.507528355297043e-4
14209710,2008-09-10,13,1.6692307692307693,21.7,2.85,13,-0.8348211005083395,3.8432071056314923e-4
14209710,2008-09-11,13,1.653846153846154,21.5,2.83,13,-0.8941097313839067,3.7529155883741786e-5
14209710,2008-09-12,13,1.606923076923077,20.89,2.78,13,-0.8459126747638562,2.681827808888234e-4
14209710,2008-09-13,13,1.6115384615384616,20.95,2.77,13,-0.8634165561441546,1.4312992094804382e-4
14209710,2008-09-14,13,1.6023076923076922,20.83,2.76,13,-0.8799249410972653,7.284328301104705e-5
14209710,2008-09-15,12,1.5941666666666667,19.13,2.66,12,-0.8892582065530966,1.0862200002167756e-4
14209710,2008-09-16,12,1.4258333333333333,17.11,2.4,12,-0.7876717538893404,0.002350082165232508
14209710,2008-09-17,12,1.2091666666666667,14.51,2.23,12,-0.7012855954283711,0.011044797105262688
14209710,2008-09-18,12,0.615,7.38,1.05,12,-0.4331893675321866,0.1595095401675597
14209710,2008-09-19,12,1.1233333333333333,13.48,2.13,12,-0.5509687753603864,0.06336357733736583
14209710,2008-09-20,12,0.6683333333333333,8.02,1.29,12,0.36977027157576436,0.23679344334176544
14209710,2008-09-21,12,0.8016666666666666,9.62,1.42,12,0.10605591884376213,0.7428778095445077
14209710,2008-09-22,12,1.1033333333333333,13.24,1.8,12,0.1595223649993187,0.620444040088246
14209710,2008-09-23,12,1.4933333333333334,17.919999999999998,2.56,12,-0.8480311387793086,4.917350025131791e-4
14209710,2008-09-24,12,0.7341666666666666,8.81,1.5,12,-0.7447398018429591,0.005456194679228667
14209710,2008-09-25,12,0.7291666666666666,8.75,1.27,12,-0.7491083950341858,0.005045439955448739
14209710,2008-09-26,12,1.0275,12.33,1.72,12,-0.6267284320299737,0.029194013791111407
14209710,2008-09-27,12,1.4416666666666667,17.3,2.49,12,-0.7678221990891323,0.003543800257969439
14209710,2008-09-28,12,1.4849999999999999,17.82,2.5,12,-0.8066701408518515,0.0015220460316946393
14209710,2008-09-29,12,1.3283333333333334,15.94,2.37,12,-0.7791832415371107,0.0028152371463058363
14209710,2008-09-30,12,0.8408333333333333,10.09,1.52,12,-0.7022926244639631,0.010880412581183956
14209710,2008-10-01,12,0.8308333333333333,9.97,1.37,12,-0.3937200651420087,0.20540378875901144
14209710,2008-10-02,12,0.5141666666666667,6.17,0.97,12,0.7093121197987294,0.009784569344477656
14209710,2008-10-03,12,0.25416666666666665,3.05,0.59,12,-0.06024752331287234,0.8524498283804073
14209710,2008-10-04,12,0.605,7.26,1.12,12,0.5430460384793921,0.06806609076203378
14209710,2008-10-05,12,0.485,5.82,0.91,12,-0.1675063025432,0.6028149148973025
14209710,2008-10-06,12,0.6658333333333334,7.99,1.3,12,-0.5923103923042391,0.04243021660402614
14209710,2008-10-07,12,0.9824999999999999,11.79,1.72,12,0.27350052315625456,0.38970118944364385
14209710,2008-10-08,12,1.2166666666666668,14.6,2.14,12,-0.39968593722335666,0.19800234943122108
14209710,2008-10-09,12,0.6583333333333333,7.9,1.17,12,0.2064145362191847,0.5198000080939744
14209710,2008-10-10,12,0.8891666666666667,10.67,1.63,12,-0.1318032050321539,0.6830371192113929
14209710,2008-10-11,12,1.2866666666666666,15.44,2.3,12,-0.27500717156253174,0.38698928051046777
14209710,2008-10-12,12,0.9483333333333334,11.379999999999999,1.9,12,-0.4439092326576788,0.1482830436511049
14209710,2008-10-13,12,0.5616666666666666,6.74,0.99,12,-0.5128664613301753,0.08817679796433299
14209710,2008-10-15,12,0.8766666666666667,10.52,1.58,12,-0.5556521107220614,0.06069229602320928
14209710,2008-10-16,12,0.4966666666666667,5.96,1.03,12,-0.7313783202818941,0.006869960400444926
14209710,2008-10-17,11,1.079090909090909,11.87,1.93,11,-0.6010721594819571,0.050481606813904845
14209710,2008-10-18,10,1.093,10.93,1.72,10,-0.07589048998186967,0.8349423687264348
14209710,2008-10-19,10,1.118,11.18,1.84,10,-0.363318997966982,0.3021009108482734
14209710,2008-10-20,10,0.697,6.97,1.17,10,0.5054311961981105,0.1361554703294848
14209710,2008-10-21,10,1.125,11.25,1.78,10,-0.48985065299595776,0.1506701549403821
14209710,2008-10-22,10,1.315,13.15,2.03,10,-0.724168967607103,0.01786797608608852
14209710,2008-10-23,10,1.036,10.36,1.63,10,-0.6677386193407865,0.03486467910461872
14209710,2008-10-24,10,1.176,11.76,1.89,10,-0.6840750738489706,0.029136835173278988
14209710,2008-10-25,10,1.052,10.52,1.76,10,-0.28090955522279143,0.4317471810133586
14209710,2008-10-26,10,1.18,11.8,1.88,10,-0.7921863797938741,0.006295826005285363
14209710,2008-10-27,10,1.139,11.39,1.84,10,-0.7565908240007938,0.011310981701833221
14209710,2008-10-28,10,0.88,8.8,1.59,10,-0.5696388678539605,0.08561494488704914
14209710,2008-10-29,10,0.86,8.6,1.41,10,-0.6422581493938482,0.0452461548012164
14209710,2008-10-30,10,0.427,4.2700000000000005,0.74,10,0.4328398385112444,0.21150211778505026
14209710,2008-10-31,10,0.471,4.71,0.99,10,0.05905064195547351,0.8712762035564352
14209710,2008-11-01,10,0.40399999999999997,4.04,0.75,10,-0.35196695752359897,0.31857121129681537
14209710,2008-11-03,10,0.35200000000000004,3.52,0.54,10,-0.3404522681600599,0.3357442242004883
14209710,2008-11-04,10,0.537,5.37,0.92,10,-0.5975114362087938,0.06812504721020586
14209710,2008-11-05,10,0.296,2.96,0.46,10,-0.23852833574847332,0.5069066666250552
14209710,2008-11-06,10,0.256,2.56,0.52,10,-0.8512531177828756,0.0017826490971216114
14209710,2008-11-07,10,0.402,4.0200000000000005,0.67,10,-0.8474804022422959,0.0019610863919746176
14209710,2008-11-08,10,0.359,3.59,0.62,10,-0.6591261645324118,0.03817094881243094
14209710,2008-11-09,10,0.363,3.63,0.59,10,0.2,0.579584
14209710,2008-11-10,10,0.536,5.36,1,10,0.3238810360525577,0.36126923606984085
14209710,2008-11-11,10,0.197,1.97,0.39,10,-0.03407990882954985,0.925536724248194
14209710,2008-11-12,10,0.17200000000000001,1.72,0.32,10,-0.9318428906275747,8.690643834871124e-5
14209710,2008-11-13,10,0.6799999999999999,6.8,1.15,10,-0.6805801107703545,0.030303824831060422
14209710,2008-11-14,10,0.882,8.82,1.52,10,-0.9316949906249116,8.764728544067816e-5
14209710,2008-11-15,10,0.75,7.5,1.39,10,-0.9515418655450616,2.2749087243261137e-5
14209710,2008-11-16,10,0.712,7.12,1.24,10,-0.8158522532813404,0.004002222899419831
14209710,2008-11-17,10,0.659,6.59,1.22,10,-0.8254898842683495,0.003268067811102855
14209710,2008-11-18,10,0.411,4.11,0.76,10,-0.7449940813387524,0.013418692890115574
14209710,2008-11-19,10,0.34500000000000003,3.45,0.64,10,-0.7881784024780607,0.006760466642713072
14209710,2008-11-20,10,0.299,2.9899999999999998,0.52,10,-0.3644054444067478,0.30054880480970764
14209710,2008-11-21,10,0.445,4.45,0.8,10,-0.8796768905263848,7.911292941363689e-4
14209710,2008-11-22,10,0.452,4.5200000000000005,0.86,10,-0.24397501823713397,0.496953750974198
14209710,2008-11-23,10,0.7919999999999999,7.92,1.42,10,-0.5621993481189084,0.09072611999059917
14209710,2008-11-24,10,0.633,6.33,1.16,10,-0.8632489525324147,0.0012929793500287684
14209710,2008-11-25,10,0.147,1.47,0.34,10,-0.5265964584857699,0.11786562646083085
14209710,2008-11-26,10,0.737,7.37,1.37,10,-0.6733766202218081,0.0328087402047708
14209710,2008-11-27,10,0.386,3.86,0.68,10,-0.6216136026223565,0.05503566473596945
14209710,2008-11-28,10,0.323,3.23,0.68,10,-0.9121040025835938,2.3458205158093088e-4
14209710,2008-11-29,10,0.328,3.2800000000000002,0.59,10,-0.49617978535113727,0.14466573103220404
14209710,2008-11-30,9,0.4988888888888889,4.49,0.83,9,-0.853771409590828,0.003402020296023061
14209710,2008-12-01,9,0.3933333333333333,3.54,0.74,9,-0.452432288941179,0.22141145744729684
14209710,2008-12-02,9,0.4355555555555556,3.92,0.69,9,-0.7535786586030582,0.0190332307236903
14209710,2008-12-04,9,0.7855555555555556,7.07,1.31,9,-0.9557790087219492,5.733446838719301e-5
14209710,2008-12-05,9,0.7255555555555555,6.53,1.26,9,-0.7218381724612685,0.028112749059752203
14209710,2008-12-06,9,0.72,6.4799999999999995,1.23,9,-0.5202659817144739,0.15103792268246588
14209710,2008-12-07,9,0.2177777777777778,1.96,0.37,9,-0.8471737420873579,0.003943430787443493
14209710,2008-12-08,9,0.42777777777777776,3.85,0.71,9,-0.4801382997483624,0.19083350176843697
14209710,2008-12-09,9,0.4444444444444445,4,0.77,9,-0.36835983447734794,0.32933993328389216
14209710,2008-12-10,9,0.3844444444444444,3.46,0.61,9,-0.6640522775104377,0.05110209189718702
14209710,2008-12-12,9,0.18555555555555556,1.67,0.36,9,-0.957461618961459,5.0138477145723045e-5
14209710,2008-12-13,9,0.21666666666666667,1.95,0.38,9,-0.18195633571851283,0.6393968805286341
14209710,2008-12-14,9,0.2555555555555556,2.3000000000000003,0.53,9,-0.9895626250120301,3.786093229368142e-7
14209710,2008-12-15,9,0.6944444444444444,6.25,1.27,9,-0.9310966757394082,2.6419206213972913e-4
14209710,2008-12-16,9,0.7666666666666667,6.9,1.34,9,-0.879026937109655,0.0017977594244566646
14209710,2008-12-17,9,0.16666666666666666,1.5,0.26,9,-0.8777651549318746,0.0018618593321990677
14209710,2008-12-18,9,0.3888888888888889,3.5,0.79,9,-0.267238545530751,0.4869538516480567
14209710,2008-12-19,9,0.3566666666666667,3.21,0.67,9,-0.20412414523193326,0.5983311559987428
14209710,2008-12-20,9,0.14444444444444443,1.3,0.31,9,NA,NA
14209710,2008-12-21,9,0.1088888888888889,0.98,0.16,9,NA,NA
14209710,2008-12-22,9,0.26222222222222225,2.36,0.43,9,-0.6559042041699448,0.05507512139501678
14209710,2008-12-23,9,0.36777777777777776,3.31,0.63,9,-0.7600065066233914,0.01747056747537547
14209710,2008-12-24,9,0.1911111111111111,1.72,0.35,9,-0.7487012977269322,0.02027894726219745
14209710,2008-12-25,9,0.2733333333333333,2.46,0.55,9,-0.261978449065565,0.4958911958420926
14209710,2008-12-26,9,0.20555555555555555,1.85,0.48,9,-0.47937644619880687,0.19164053739303258
14209710,2008-12-27,9,0.17777777777777778,1.6,0.33,9,-0.9881256989407857,5.93800891128769e-7
14209710,2008-12-28,9,0.3477777777777778,3.13,0.62,9,-0.9507170448411181,8.336447777400307e-5
14209710,2008-12-29,9,0.3433333333333333,3.09,0.73,9,NA,NA
14209710,2008-12-30,9,0.39111111111111113,3.52,0.66,9,-0.8869685939836246,0.0014289515961354818
14209710,2008-12-31,9,0.21444444444444444,1.93,0.44,9,0.3198010745334065,0.40150762455186684
14209710,2009-01-01,9,0.1088888888888889,0.98,0.18,9,-0.8803408430829508,0.0017326532331595822
14209710,2009-01-02,9,0.46555555555555556,4.19,0.74,9,-0.9858058024163299,1.1064109946840824e-6
14209710,2009-01-03,9,0.44222222222222224,3.98,0.71,9,-0.9203579866168438,4.339293731102731e-4
14209710,2009-01-04,9,0.20777777777777778,1.87,0.5,9,NA,NA
14209710,2009-01-05,9,0.28,2.52,0.52,9,-0.8552631578947368,0.003287115889891129
14209710,2009-01-06,9,0.19444444444444445,1.75,0.39,9,-0.5612665688336708,0.1158577405857182
14209710,2009-01-07,9,0.19666666666666666,1.77,0.38,9,-0.4716211091418996,0.1999647527417915
14209710,2009-01-08,9,0.40444444444444444,3.64,0.68,9,0.17677669529663714,0.6491203783599094
14209710,2009-01-09,9,0.5022222222222222,4.52,0.81,9,-0.7115124735378854,0.03158350418685462
14209710,2009-01-10,9,0.33999999999999997,3.06,0.6,9,-0.9072647087265546,7.2958313374225e-4
14209710,2009-01-11,9,0.33,2.97,0.57,9,-0.7154879991467901,0.03021592684264239
14209710,2009-01-12,9,0.5033333333333333,4.53,0.83,9,-0.6821910402406463,0.04292680941518117
14209710,2009-01-13,9,0.6044444444444445,5.44,1,9,-0.7130240959073817,0.0310588499838163
14209710,2009-01-14,9,0.6866666666666666,6.18,1.15,9,-0.7589285714285701,0.017726432488299027
14209710,2009-01-16,9,0.8411111111111111,7.57,1.33,9,-0.9275204136012629,3.142569947884315e-4
14209710,2009-01-17,9,0.9644444444444444,8.68,1.55,9,-0.4963066086372303,0.17415851486187126
14209710,2009-01-18,9,0.95,8.55,1.56,9,-0.748586238139735,0.020308968626551124
14209710,2009-01-19,9,0.9455555555555556,8.51,1.54,9,-0.986690271720408,8.840889924936484e-7
14209710,2009-01-20,9,0.9688888888888889,8.72,1.51,9,-0.8959786703810408,0.0010782182172279747
14209710,2009-01-21,9,0.7644444444444445,6.88,1.24,9,-0.9502238641401715,8.627889439405848e-5
14209710,2009-01-22,9,0.5977777777777777,5.38,1.05,9,-0.9660917830792963,2.2866495586842683e-5
14209710,2009-01-23,9,0.66,5.94,1.12,9,-0.917081446942106,4.980550978335115e-4
14209710,2009-01-24,9,0.31222222222222223,2.81,0.55,9,-0.8790135580096777,0.001798430957487849
14209710,2009-01-25,9,0.49777777777777776,4.48,0.81,9,-0.28676966733820075,0.45436646456854557
14209710,2009-01-26,9,1.0722222222222222,9.65,1.7,9,-0.6761234037828124,0.045560219081925334
14209710,2009-01-27,9,0.2911111111111111,2.62,0.43,9,-0.7756717518813394,0.014025278056816899
14209710,2009-01-28,9,0.5355555555555556,4.82,0.81,9,-0.9755304412103886,7.3680262541055566e-6
14209710,2009-01-29,9,0.8144444444444445,7.33,1.32,9,-0.8289555265957677,0.005739838724972501
14209710,2009-01-30,9,0.7755555555555556,6.98,1.16,9,-0.913008710615828,5.866621791000806e-4
14209710,2009-01-31,9,0.8,7.2,1.3,9,-0.8963279287562916,0.0010659764834454063
14209710,2009-02-01,9,0.6555555555555556,5.9,0.97,9,-0.9661943482678017,2.2627611324957082e-5
14209710,2009-02-02,10,0.903,9.03,1.55,10,-0.9119483711536702,2.3620232169060956e-4
14209710,2009-02-03,10,1.027,10.27,1.75,10,-0.9129973043304713,2.254395595981002e-4
14209710,2009-02-04,10,0.988,9.88,1.7,10,-0.8912155996126018,5.362822602283144e-4
14209710,2009-02-05,11,0.37,4.07,0.62,11,-0.9570993098068766,3.86020799365018e-6
14209710,2009-02-06,11,0.44545454545454544,4.9,0.83,11,-0.6300146400247798,0.03774690962522935
14209710,2009-02-07,11,0.9636363636363636,10.6,1.83,11,-0.907164532867094,1.1571139088813766e-4
14209710,2009-02-08,11,0.4354545454545454,4.79,0.88,11,-0.9613010659508532,2.442418955969577e-6
14209710,2009-02-09,11,0.5045454545454545,5.55,0.89,11,-0.75847289626349,0.006814172974449163
14209710,2009-02-10,11,0.35454545454545455,3.9,0.95,11,-0.5990159537477606,0.05148528495731174
14209710,2009-02-11,11,0.8045454545454546,8.85,1.44,11,-0.8771257960875173,3.9063978913888783e-4
14209710,2009-02-12,11,0.4290909090909091,4.72,0.74,11,-0.9327019111072827,2.825167151438575e-5
14209710,2009-02-13,11,0.42272727272727273,4.65,0.87,11,-0.7693383452278209,0.005634534812772203
14209710,2009-02-14,11,0.6581818181818182,7.24,1.2,11,-0.6342229938831838,0.036103481533575024
14209710,2009-02-15,11,0.6936363636363636,7.63,1.57,11,-0.8603109005207366,6.783318674730419e-4
14209710,2009-02-16,11,0.7509090909090909,8.26,1.39,11,-0.9550199898008013,4.762060108774701e-6
14209710,2009-02-17,11,0.6254545454545455,6.88,1.12,11,-0.7903577021130169,0.0037875000877012894
14209710,2009-02-18,11,0.9727272727272728,10.7,1.75,11,-0.9224610125129349,5.264142270388467e-5
14209710,2009-02-19,11,0.8845454545454545,9.73,1.68,11,-0.9663862576883147,1.3052868475656715e-6
14209710,2009-02-20,11,1.2027272727272726,13.23,2.09,11,-0.9670480099481541,1.19471456022941e-6
14209710,2009-02-21,11,0.8654545454545455,9.52,1.74,11,-0.9495555045466224,7.91424195526087e-6
14209710,2009-02-22,11,0.5827272727272726,6.41,1.16,11,-0.929559135634371,3.453322354822532e-5
14209710,2009-02-23,11,0.4627272727272727,5.09,0.99,11,-0.9401995847747252,1.6787121226482273e-5
14209710,2009-02-24,11,0.5109090909090909,5.62,0.89,11,-0.7566105649048036,0.0070331931780742854
14209710,2009-02-25,11,0.6145454545454545,6.76,1.02,11,-0.7958470348865545,0.0033899602620082758
14209710,2009-02-27,11,0.9654545454545455,10.620000000000001,1.78,11,-0.9635044273173311,1.8821104329447355e-6
14209710,2009-02-28,11,0.6472727272727273,7.12,1.15,11,-0.950089057264586,7.550337966882139e-6
14209710,2009-03-01,11,0.3281818181818182,3.61,0.54,11,-0.9321267806449557,2.932972544293639e-5
14209710,2009-03-02,11,0.9736363636363636,10.71,1.64,11,-0.9274403764466405,3.9336895208832835e-5
14209710,2009-03-03,11,0.7654545454545455,8.42,1.46,11,-0.7161104716803642,0.013184697053359942
14209710,2009-03-04,11,1.0236363636363637,11.26,1.83,11,-0.8759019044797406,4.0770740435780266e-4
14209710,2009-03-05,11,0.6672727272727272,7.34,1.16,11,-0.3796445430078492,0.2494848614674828
14209710,2009-03-06,11,1.4036363636363636,15.44,2.31,11,-0.9587929647322209,3.2282159426455737e-6
14209710,2009-03-07,11,0.5636363636363636,6.2,0.85,11,-0.7050239879106311,0.015389410861615738
14209710,2009-03-09,11,0.8154545454545454,8.97,1.47,11,-0.5791803928233947,0.06187739658890606
14209710,2009-03-10,12,0.6858333333333333,8.23,1.16,12,-0.787266087648062,0.002370875004257896
14209710,2009-03-11,12,1.4583333333333333,17.5,2.52,12,-0.9387526581126837,6.121110692571306e-6
14209710,2009-03-12,12,1.5308333333333333,18.37,2.62,12,-0.9739763933786286,8.998239875261754e-8
14209710,2009-03-13,12,1.3483333333333334,16.18,2.39,12,-0.99300271796258,1.305647363754101e-10
14209710,2009-03-14,12,0.4275,5.13,0.83,12,-0.811912850969239,0.0013391136366343614
14209710,2009-03-15,12,0.6991666666666667,8.39,1.3,12,0.8701043299882939,2.3324256223696034e-4
14209710,2009-03-16,12,0.7558333333333334,9.07,1.49,12,-0.9150173044380082,3.022566631433529e-5
14209710,2009-03-17,12,0.6866666666666666,8.24,1.11,12,-0.8918342950429587,9.699586764428894e-5
14209710,2009-03-18,12,1.1783333333333335,14.14,2.35,12,-0.9237420934091124,1.7850986234472073e-5
14209710,2009-03-19,13,0.5915384615384616,7.69,1.22,13,-0.9489711580579347,7.540922507733232e-7
14209710,2009-03-20,13,0.5692307692307692,7.4,1.15,13,-0.7450472910262261,0.0034733825823084576
14209710,2009-03-21,13,0.9192307692307692,11.95,1.71,13,-0.8973120181704247,3.189898871529466e-5
14209710,2009-03-22,13,0.8023076923076923,10.43,1.61,13,-0.45894076036762527,0.11467838269726494
14209710,2009-03-23,13,0.5323076923076923,6.92,1.1,13,-0.9257395542618787,5.6744014844778995e-6
14209710,2009-03-24,13,0.7038461538461539,9.15,1.4,13,-0.8945270368156633,3.6753313889639783e-5
14209710,2009-03-25,13,0.6638461538461539,8.63,1.4,13,-0.09296574135896615,0.7625965705604553
14209710,2009-03-26,13,1.0361538461538462,13.47,2.07,13,-0.8824922907643354,6.501123857014208e-5
14209710,2009-03-27,13,0.6415384615384615,8.34,1.16,13,-0.927368790408623,5.038693222836313e-6
14209710,2009-03-28,13,0.4230769230769231,5.5,0.88,13,-0.2666555411346871,0.3784973012349153
14209710,2009-03-29,13,1.1199999999999999,14.559999999999999,2.05,13,-0.8373163278071802,3.55252416951186e-4
14209710,2009-03-30,13,0.9007692307692308,11.71,1.79,13,-0.9528960579125623,4.892838269432952e-7
14209710,2009-03-31,13,0.6707692307692308,8.72,1.43,13,-0.7936600096219707,0.0012009126904419124
14209710,2009-04-01,13,0.44769230769230767,5.82,0.98,13,-0.7494854201795556,0.0031832234172763847
14209710,2009-04-02,13,0.8707692307692307,11.32,1.63,13,-0.9414987310810238,1.5759239650328893e-6
14209710,2009-04-03,13,0.9646153846153847,12.540000000000001,1.86,13,-0.8039561242946005,9.256971838137282e-4
14209710,2009-04-04,13,1.7292307692307693,22.48,2.97,13,-0.9805554254840659,3.9747071443213705e-9
14209710,2009-04-05,13,1.7146153846153847,22.29,2.82,13,-0.966434230523991,7.790194296089266e-8
14209710,2009-04-06,13,1.7684615384615385,22.990000000000002,3,13,-0.9803641888475599,4.192982244072418e-9
14209710,2009-04-07,13,1.3407692307692307,17.43,2.7,13,-0.9912795237018183,4.9294721397545364e-11
14209710,2009-04-08,13,0.6653846153846154,8.65,1.53,13,-0.7482155171078588,0.003264251876900024
14209710,2009-04-09,13,0.8753846153846154,11.38,1.6,13,-0.9204653243127712,8.1906848619127e-6
14209710,2009-04-10,13,1.0669230769230769,13.870000000000001,1.85,13,-0.9297096047859863,4.2272518604367755e-6
14209710,2009-04-11,13,0.786923076923077,10.23,1.5,13,-0.884020068586287,6.068086049502293e-5
14209710,2009-04-12,14,0.42214285714285715,5.91,0.66,14,-0.9178082191780822,3.7214642716848375e-6
14209710,2009-04-13,14,0.8714285714285714,12.2,1.75,14,-0.9273651343283036,1.8104479652356821e-6
14209710,2009-04-14,14,1.1514285714285715,16.12,2.22,14,-0.9403954202081195,5.689074217792668e-7
14209710,2009-04-15,14,0.9178571428571428,12.85,1.81,14,-0.5878843308405507,0.02703473665085798
14209710,2009-04-16,14,1.465,20.51,2.75,14,-0.9760717166161155,2.5738759914917565e-9
14209710,2009-04-17,14,0.9107142857142857,12.75,1.69,14,-0.8045574228987908,5.204982616424054e-4
14209710,2009-04-18,14,1.4507142857142856,20.31,2.67,14,-0.9693094062044028,1.1292464585372312e-8
14209710,2009-04-19,14,1.775,24.85,3.12,14,-0.9693681948300378,1.116472198662292e-8
14209710,2009-04-20,14,1.85,25.9,3.17,14,-0.9710475528205829,7.989238304970078e-9
14209710,2009-04-21,14,1.8678571428571429,26.15,3.21,14,-0.976925738079479,2.073420760130363e-9
14209710,2009-04-22,14,1.177142857142857,16.48,2.29,14,-0.957700664667291,7.547410069765837e-8
14209710,2009-04-23,14,1.2735714285714286,17.83,2.38,14,-0.8692243593239354,5.416616390419341e-5
14209710,2009-04-24,14,1.7871428571428571,25.02,2.98,14,-0.9822447170654495,4.3538764662666643e-10
14209710,2009-04-25,14,0.8564285714285714,11.99,1.52,14,-0.7694498202332687,0.0012920587101177123
14209710,2009-04-26,14,1.0664285714285713,14.93,2.01,14,-0.9698988174295745,1.0064993064218521e-8
14209710,2009-04-27,14,0.9178571428571428,12.85,1.71,14,-0.8579980676520477,8.655622625268221e-5
14209710,2009-04-28,14,0.7385714285714285,10.34,1.54,14,-0.7029213341708451,0.005046295766905157
14209710,2009-04-29,14,1.072142857142857,15.01,2.08,14,-0.6640968704283952,0.009591452939789193
14209710,2009-04-30,14,1.7721428571428572,24.81,2.96,14,-0.9710361467613217,8.007943500697373e-9
14209710,2009-05-01,14,1.5064285714285715,21.09,2.92,14,-0.9791864860795415,1.12231605810299e-9
14209710,2009-05-02,14,0.8342857142857143,11.68,1.8,14,-0.7495099568292858,0.002027544858319679
14209710,2009-05-03,14,1.3378571428571429,18.73,2.3,14,-0.814278110138795,3.9196957805862114e-4
14209710,2009-05-04,14,0.5357142857142857,7.5,0.97,14,-0.19700990307278324,0.4996240825397199
14209710,2009-05-05,15,0.9593333333333334,14.39,2.2,15,-0.42214125604933345,0.11701462721122324
14209710,2009-05-06,15,0.6806666666666666,10.21,1.59,15,-0.9753903616560425,6.455138928504534e-10
14209710,2009-05-07,15,1.2586666666666666,18.88,2.64,15,-0.9783024850109412,2.8670074378359406e-10
14209710,2009-05-08,15,1.7066666666666666,25.6,3.21,15,-0.9843956056889631,3.413679278849757e-11
14209710,2009-05-09,15,1.8853333333333333,28.28,3.35,15,-0.9881491522732497,5.7596419463139885e-12
14209710,2009-05-10,15,1.2853333333333332,19.28,2.42,15,-0.9897735823771082,2.217767375125784e-12
14209710,2009-05-11,15,1.2006666666666668,18.01,2.31,15,-0.9710241216939318,1.846679568483479e-9
14209710,2009-05-12,15,1.2886666666666666,19.33,2.59,15,-0.936281675898539,2.8460097464163686e-7
14209710,2009-05-13,15,0.49266666666666664,7.39,0.88,15,-0.9684526984884612,3.189436774235112e-9
14209710,2009-05-14,15,1.442,21.63,2.73,15,-0.9547590999961595,3.213803196331628e-8
14209710,2009-05-15,15,1.9020000000000001,28.53,3.4,15,-0.9893228137691984,2.9323369513038994e-12
14209710,2009-05-16,15,1.9126666666666667,28.69,3.38,15,-0.991308067927756,7.73683764377754e-13
14209710,2009-05-17,15,1.9106666666666667,28.66,3.31,15,-0.9873386531807737,8.836913852411412e-12
14209710,2009-05-18,15,1.772,26.58,3.32,15,-0.9871605828930025,9.67253887554564e-12
14209710,2009-05-19,15,1.0646666666666667,15.97,1.92,15,-0.9446788637701996,1.1593434419439275e-7
14209710,2009-05-20,15,1.5906666666666667,23.86,2.74,15,-0.98287089513632,6.234542429213828e-11
14209710,2009-05-21,15,1.9473333333333334,29.21,3.39,15,-0.9878730584405144,6.6852934442356906e-12
14209710,2009-05-22,15,1.9333333333333333,29,3.34,15,-0.9800468686040319,1.6697689321449384e-10
14209710,2009-05-23,15,1.926,28.89,3.4,15,-0.9764174212519077,4.904992572118588e-10
14209710,2009-05-24,15,1.9986666666666666,29.98,3.44,15,-0.9703540210240121,2.1390921154194363e-9
14209710,2009-05-25,15,2.030666666666667,30.46,3.46,15,-0.9672683567144458,4.0411839492680216e-9
14209710,2009-05-26,16,1.305,20.88,2.33,16,-0.9631129933086234,2.2598732665209344e-9
14209710,2009-05-27,16,1.83125,29.3,3.42,16,-0.9760819974331585,1.1272299471728714e-10
14209710,2009-05-28,16,1.908125,30.53,3.45,16,-0.9850324181998203,4.337942489523137e-12
14209710,2009-05-29,16,1.84625,29.54,3.35,16,-0.9762854781220325,1.0623631272836645e-10
14209710,2009-05-30,16,1.8825,30.12,3.41,16,-0.9721673508100552,3.2233707348619893e-10
14209710,2009-05-31,16,1.74875,27.98,3.2,16,-0.9745722127225828,1.7232953089726973e-10
14209710,2009-06-01,16,1.260625,20.17,2.41,16,-0.8825685901504559,6.021410484194596e-6
14209710,2009-06-02,16,0.89625,14.34,1.86,16,-0.8423165715477224,4.23792027493058e-5
14209710,2009-06-03,16,1.39625,22.34,2.67,16,-0.9821265805797652,1.4905312193788796e-11
14209710,2009-06-04,16,0.959375,15.35,2.27,16,-0.9390427246372794,7.131125797652957e-8
14209710,2009-06-05,16,0.535,8.56,1.12,16,-0.9696612884265104,5.854874499513331e-10
14209710,2009-06-06,16,0.641875,10.27,1.22,16,-0.8446445815399494,3.8438465039828735e-5
14209710,2009-06-07,16,0.63125,10.1,1.17,16,-0.7407700302327307,0.0010284942954453529
14209710,2009-06-08,16,1.310625,20.97,2.27,16,-0.9799858668793375,3.27179308937423e-11
14209710,2009-06-09,16,1.274375,20.39,2.5,16,-0.9393288505971997,6.905405404193028e-8
14209710,2009-06-10,16,0.71875,11.5,1.47,16,-0.9120224874010776,8.646267404851114e-7
14209710,2009-06-11,16,0.935625,14.97,2.06,16,-0.9520160726586365,1.382835403637916e-8
14209710,2009-06-12,16,1.2,19.2,2.45,16,-0.7539655965572012,7.414700860018883e-4
14209710,2009-06-13,16,0.800625,12.81,1.74,16,-0.9256761429205168,2.755583529841121e-7
14209710,2009-06-14,16,0.8775000000000001,14.040000000000001,1.83,16,-0.919431724857976,4.7655979664564396e-7
14209710,2009-06-15,16,1.559375,24.95,3.1,16,-0.9595029951845412,4.302788664223671e-9
14209710,2009-06-16,16,0.973125,15.57,1.8,16,-0.8602325267042634,1.9151697183604017e-5
14209710,2009-06-17,16,0.9712500000000001,15.540000000000001,1.85,16,-0.8766226427842587,8.370185193748379e-6
14209710,2009-06-18,16,1.286875,20.59,2.55,16,-0.9674495317415905,9.525430223585321e-10
14209710,2009-06-19,16,0.964375,15.43,1.95,16,-0.7475311477800815,8.71841556065199e-4
14209710,2009-06-20,16,0.924375,14.79,1.66,16,-0.6776239749433456,0.003922875603086026
14209710,2009-06-21,16,1.225625,19.61,2.31,16,-0.5827768120330484,0.017829412264450117
14209710,2009-06-23,16,1.763125,28.21,3.4,16,-0.9735042110727262,2.2919614694232103e-10
14209710,2009-06-24,16,1.533125,24.53,3.15,16,-0.9734517216262243,2.3236107650343857e-10
14209710,2009-06-25,16,0.945625,15.13,1.78,16,-0.2489951456666514,0.3523954135711139
14209710,2009-06-26,16,1.87125,29.94,3.43,16,-0.956116487441138,7.481214157572148e-9
14209710,2009-06-27,16,1.879375,30.07,3.48,16,-0.9714653939337347,3.830206479985181e-10
14209710,2009-06-28,16,1.923125,30.77,3.51,16,-0.9690617260567962,6.703755733829688e-10
14209710,2009-06-29,16,1.98875,31.82,3.52,16,-0.9520237878219582,1.38130829037721e-8
14209710,2009-06-30,16,1.9949999999999999,31.919999999999998,3.53,16,-0.9588860991138867,4.7752430502846414e-9
14209710,2009-07-01,16,1.995,31.92,3.52,16,-0.9756075341691972,1.2917601775368262e-10
14209710,2009-07-02,16,1.97125,31.54,3.49,16,-0.9636614286963996,2.037885083551175e-9
14209710,2009-07-03,16,1.953125,31.25,3.48,16,-0.9551109493286202,8.743356861361665e-9
14209710,2009-07-04,16,1.916875,30.67,3.43,16,-0.9426046676742605,4.7236184112031595e-8
14209710,2009-07-05,16,1.555,24.88,2.8,16,-0.9297302641756615,1.881282366646651e-7
14209710,2009-07-06,15,0.8173333333333334,12.26,1.51,15,-0.4251755271759884,0.11412995571175615
14209710,2009-07-07,15,1.228,18.42,2.52,15,-0.9553276172995183,2.964282943443703e-8
14209710,2009-07-08,15,0.8,12,1.45,15,0.4379975971727376,0.10248280770146892
14209710,2009-07-09,15,1.3213333333333332,19.82,2.41,15,-0.9672121353226922,4.085961479469567e-9
14209710,2009-07-10,15,1.5273333333333334,22.91,2.91,15,-0.9584089294442277,1.8767697126181802e-8
14209710,2009-07-11,15,1.304,19.560000000000002,2.49,15,-0.9634025590328632,8.271614562570912e-9
14209710,2009-07-12,15,0.32466666666666666,4.87,0.68,15,-0.9189842565570546,1.2995305519730121e-6
14209710,2009-07-13,15,0.8693333333333333,13.040000000000001,1.56,15,-0.7722338524379706,7.412705418620286e-4
14209710,2009-07-14,15,1.774,26.61,3.38,15,-0.9709397212503798,1.881541270820559e-9
14209710,2009-07-15,15,1.9586666666666668,29.38,3.29,15,-0.9617524257618358,1.0973676873657542e-8
14209710,2009-07-16,15,1.9813333333333334,29.72,3.41,15,-0.9573808415915767,2.194116865429761e-8
14209710,2009-07-17,15,1.8953333333333333,28.43,3.33,15,-0.9505725477675109,5.6551398133637476e-8
14209710,2009-07-18,15,1.9233333333333333,28.85,3.29,15,-0.9255447046607329,7.628039882425625e-7
14209710,2009-07-19,15,1.9866666666666666,29.8,3.41,15,-0.9393153043758182,2.0881045885581998e-7
14209710,2009-07-20,15,1.8446666666666667,27.67,3.24,15,-0.9609428074569567,1.2549673096726734e-8
14209710,2009-07-21,15,1.8786666666666667,28.18,3.22,15,-0.9373199158983103,2.564263392489386e-7
14209710,2009-07-22,15,1.6846666666666668,25.27,2.97,15,-0.9196247112445569,1.2361370246159193e-6
14209710,2009-07-23,15,1.474,22.11,2.72,15,-0.8734516509344926,2.1067041873651268e-5
14209710,2009-07-24,15,1.7753333333333334,26.63,3.2,15,-0.9354112782554587,3.101788506843458e-7
14209710,2009-07-25,15,1.7353333333333334,26.03,3,15,-0.9273087257848005,6.55552051405475e-7
14209710,2009-07-26,15,1.82,27.3,3.17,15,-0.9368341399657137,2.6930252836696323e-7
14209710,2009-07-27,15,1.8533333333333333,27.8,3.23,15,-0.9279951263764059,6.173850390477254e-7
14209710,2009-07-28,15,1.8393333333333333,27.59,3.22,15,-0.9307542161141517,4.82168240758801e-7
14209710,2009-07-29,15,1.7886666666666666,26.83,3.15,15,-0.9039395092247928,3.788682163101735e-6
14209710,2009-07-30,15,1.6493333333333333,24.74,2.92,15,-0.8211264819621121,1.7492500951294144e-4
14209710,2009-07-31,15,1.7673333333333332,26.509999999999998,3.17,15,-0.8762640759772379,1.833249826912652e-5
14209710,2009-08-01,15,1.6353333333333333,24.53,3.04,15,-0.8562422738511655,4.62084992266055e-5
14209710,2009-08-02,15,1.438,21.57,2.81,15,-0.8726505140290273,2.1905096315197037e-5
14209710,2009-08-06,15,0.5773333333333334,8.66,1.21,15,-0.9104669293368599,2.4369893478828465e-6
14209710,2009-08-07,15,0.5746666666666667,8.62,1.21,15,-0.7433054616210288,0.001494238543445297
14209710,2009-08-08,15,0.9073333333333333,13.61,1.75,15,-0.8346358843327285,1.0868540715869156e-4
14209710,2009-08-09,15,1.1753333333333333,17.63,2.23,15,-0.8815499068405547,1.398702323664618e-5
14209710,2009-08-10,15,1.426,21.39,2.73,15,-0.9012872274672982,4.492813322329256e-6
14209710,2009-08-11,15,0.902,13.53,2.13,15,-0.8656420801037109,3.048772556889431e-5
14209710,2009-08-13,14,1.072142857142857,15.01,1.87,14,-0.2869980071961759,0.3198005505525508
14209710,2009-08-14,14,0.8200000000000001,11.48,1.33,14,0.36406209627011316,0.2006644805638941
14209710,2009-08-15,14,0.895,12.53,1.69,14,-0.13472426674290586,0.6460926354971297
14209710,2009-08-16,14,1.6492857142857142,23.09,3.09,14,-0.8993817244332803,1.2023227378160411e-5
14209710,2009-08-17,14,1.7157142857142857,24.02,3.03,14,-0.8878741763406918,2.2439867664133717e-5
14209710,2009-08-18,14,1.7842857142857143,24.98,3.08,14,-0.8709521030779594,5.020722529278079e-5
14209710,2009-08-19,14,1.7235714285714285,24.13,2.97,14,-0.8246383865749869,2.8447902213841103e-4
14209710,2009-08-20,14,1.4757142857142858,20.66,2.71,14,-0.7741934252340651,0.0011533247299966457
14209710,2009-08-21,14,1.1028571428571428,15.44,2.2,14,-0.751883071620181,0.0019257959196019993
14209710,2009-08-22,14,1.8,25.2,3.15,14,-0.7543134541550606,0.0018258319843036954
14209710,2009-08-23,14,1.4664285714285714,20.53,2.71,14,-0.6465853676983848,0.01246018309708499
14209710,2009-08-24,14,1.7764285714285715,24.87,3.1,14,-0.8575908846519804,8.797481330838265e-5
14209710,2009-08-25,14,1.0635714285714286,14.89,2.16,14,-0.7260262314700697,0.0032821770316250314
14209710,2009-08-26,14,1.7578571428571428,24.61,3.08,14,-0.8672941825773934,5.888615051028762e-5
14209710,2009-08-27,14,1.6771428571428573,23.48,2.95,14,-0.7665309761450897,0.0013838228386190987
14209710,2009-08-28,14,0.7585714285714286,10.620000000000001,1.53,14,-0.3527330616537141,0.216087002903048
14209710,2009-08-29,14,0.9085714285714286,12.719999999999999,1.72,14,-0.6106795634727726,0.0203564098951039
14209710,2009-08-30,14,1.332142857142857,18.65,2.76,14,-0.8324442921942123,2.2038491136594054e-4
14209710,2009-08-31,14,1.3842857142857143,19.38,2.66,14,-0.7152275077272519,0.00403303488640155
14209710,2009-09-01,13,1.2707692307692309,16.52,2.29,13,-0.7106454446121913,0.006476762249768974
14209710,2009-09-02,13,1.7038461538461538,22.150000000000002,2.88,13,-0.7598828386020784,0.0025769011463529904
14209710,2009-09-03,13,1.4284615384615384,18.57,2.45,13,-0.5325083920881957,0.06100067152740206
14209710,2009-09-04,13,1.1738461538461538,15.26,2.04,13,-0.5707266577234414,0.04164963429868848
14209710,2009-09-05,13,0.8469230769230769,11.01,1.64,13,0.3119794033464348,0.29940493014792224
14209710,2009-09-06,13,0.8184615384615385,10.64,1.63,13,-0.10701390682824914,0.7278644438948272
14209710,2009-09-07,13,1.1484615384615384,14.93,2.16,13,-0.21508080253461,0.4803911172742614
14209710,2009-09-08,13,1.57,20.41,2.82,13,-0.7843216102498937,0.0015025889453837982
14209710,2009-09-09,13,1.1753846153846155,15.28,2.28,13,-0.7839867165828482,0.001514413347718022
14209710,2009-09-10,13,1.5923076923076922,20.7,2.79,13,-0.8127730820265089,7.318446294554308e-4
14209710,2009-09-11,13,1.626923076923077,21.15,2.78,13,-0.8250770880795448,5.163948666492234e-4
14209710,2009-09-12,13,1.516923076923077,19.72,2.66,13,-0.7995560891980384,0.0010364536873508788
14209710,2009-09-13,13,0.8115384615384615,10.55,1.47,13,-0.44541417977886005,0.1271799832504335
14209710,2009-09-14,13,1.1276923076923078,14.66,2,13,-0.6390622137270072,0.01870044632995982
14209710,2009-09-15,12,1.6091666666666666,19.31,2.62,12,-0.7113621369881611,0.009480647032332968
14209710,2009-09-16,12,0.8733333333333334,10.48,1.36,12,-0.5913664450222591,0.04284419072424712
14209710,2009-09-17,12,1.5575,18.69,2.66,12,-0.6150823024189886,0.03328089210438408
14209710,2009-09-18,12,1.665,19.98,2.69,12,-0.7656081396169611,0.003701022878393566
14209710,2009-09-19,12,0.915,10.98,1.67,12,0.44041908091055215,0.15188078843580252
14209710,2009-09-20,12,1.6208333333333333,19.45,2.67,12,-0.6615229765095425,0.019136013835401693
14209710,2009-09-21,12,1.6275,19.53,2.66,12,-0.7548901608377065,0.004538233954841645
14209710,2009-09-22,12,1.5933333333333333,19.12,2.62,12,-0.7397590501715983,0.005954718857410178
14209710,2009-09-23,12,1.4866666666666666,17.84,2.45,12,-0.5725089853817026,0.05172528561968482
14209710,2009-09-24,12,1.2475,14.97,2.27,12,-0.6155941637453273,0.033093123472332224
14209710,2009-09-25,12,1.5066666666666666,18.08,2.58,12,-0.6411759263557624,0.024642509974522768
14209710,2009-09-26,12,1.4458333333333333,17.35,2.47,12,-0.7266414841214003,0.00743182646378161
14209710,2009-09-27,12,1.5275,18.33,2.56,12,-0.8032761045607364,0.0016503161433480253
14209710,2009-09-28,12,0.7766666666666666,9.32,1.45,12,-0.5254154609859667,0.07938230118191415
14209710,2009-09-29,12,0.8991666666666667,10.790000000000001,1.71,12,0.032442662133597415,0.9202725741155071
14209710,2009-09-30,12,0.7608333333333334,9.13,1.34,12,0.26845647870171074,0.39885056734978097
14209710,2009-10-01,12,0.8658333333333333,10.39,1.51,12,-0.5077246625933919,0.09196301372390317
14209710,2009-10-02,12,0.8875,10.65,1.65,12,0.2193812284984973,0.4932947015995335
14209710,2009-10-03,12,0.9,10.8,1.83,12,-0.09831947974164157,0.7611334863495042
14209710,2009-10-04,12,1.0083333333333333,12.1,1.85,12,-6.521104154960122e-4,0.998395197934284
14209710,2009-10-06,12,1.3425,16.11,2.35,12,-0.6875576318432715,0.013474341404271149
14209710,2009-10-07,12,1.21,14.52,2.28,12,-0.7406669312873523,0.005861391156212284
14209710,2009-10-08,12,1.2433333333333334,14.92,2.21,12,-0.690896731587472,0.012850221627900529
14209710,2009-10-09,12,1.185,14.22,2.22,12,-0.6056156154236201,0.03689278549122973
14209710,2009-10-10,12,1.0958333333333332,13.15,1.92,12,-0.321871919506892,0.30760217708188176
14209710,2009-10-11,12,1.0966666666666667,13.16,2.06,12,-0.41913994493828827,0.17501906481089805
14209710,2009-10-12,12,0.935,11.22,1.76,12,-0.6183896385474424,0.03208102146880496
14209710,2009-10-13,12,0.5383333333333333,6.46,1.13,12,-0.41852412820138757,0.1757196850828352
14209710,2009-10-14,12,0.5841666666666667,7.010000000000001,1.11,12,0.2371083630819815,0.45807667983586187
14209710,2009-10-15,12,0.4841666666666667,5.81,1.03,12,-0.4059674640914617,0.1903888462906711
14209710,2009-10-16,12,0.5375,6.45,1.06,12,-0.4723646131200204,0.12098669798059762
14209710,2009-10-17,11,0.39181818181818184,4.31,0.9,11,0.23368939467199107,0.48919446514718956
14209710,2009-10-18,11,0.6981818181818182,7.68,1.28,11,-0.043699683764133225,0.8984843337740782
14209710,2009-10-19,10,0.791,7.91,1.36,10,0.11642373044600117,0.7487471204497727
14209710,2009-10-20,10,0.741,7.41,1.33,10,-0.2831428374356489,0.4279373318828522
14209710,2009-10-21,10,0.721,7.21,1.3,10,0.32523567854869506,0.35914721628642254
14209710,2009-10-22,10,0.595,5.95,1.1,10,-0.036376064470160833,0.9205325673595236
14209710,2009-10-23,10,0.376,3.76,0.63,10,0.8944271909999137,4.7761405759404267e-4
14209710,2009-10-24,10,1.188,11.88,1.89,10,-0.2063780674698276,0.5672897834121908
14209710,2009-10-25,10,0.431,4.31,0.73,10,-0.3331175835804163,0.3469250549163627
14209710,2009-10-26,10,0.371,3.71,0.78,10,0.44408867126756396,0.1985337849094596
14209710,2009-10-27,10,0.667,6.67,1.05,10,-0.5849221162794248,0.07570467672983316
14209710,2009-10-28,10,0.588,5.88,0.96,10,-0.13804034144590016,0.7037252168604979
14209710,2009-10-29,10,0.327,3.27,0.58,10,-0.2499999999999973,0.4860420227050829
14209710,2009-10-30,10,0.385,3.85,0.62,10,-0.6786641734357226,0.03095688533302009
14209710,2009-10-31,10,0.671,6.71,1.29,10,-0.317063243737113,0.37204376543899004
14209710,2009-11-02,10,0.892,8.92,1.67,10,-0.6434353115859123,0.04472599131056929
14209710,2009-11-03,10,0.768,7.68,1.27,10,-0.8874749347988353,6.110722569554071e-4
14209710,2009-11-04,10,0.899,8.99,1.56,10,-0.7776195914785398,0.008100438142452022
14209710,2009-11-05,10,0.292,2.92,0.51,10,-0.586662768005431,0.07462559688562224
14209710,2009-11-06,10,0.588,5.88,1.04,10,0.45374260648651954,0.18778310025949208
14209710,2009-11-07,10,0.37,3.7,0.61,10,-0.6321954228176407,0.049858565838256104
14209710,2009-11-08,10,0.329,3.29,0.55,10,-0.6241407967213568,0.053768322971933326
14209710,2009-11-09,10,0.268,2.68,0.53,10,0.126804542497462,0.7270323789560384
14209710,2009-11-10,10,0.533,5.33,0.98,10,-0.42563226750691824,0.22006101497902722
14209710,2009-11-11,10,0.593,5.93,1.12,10,-0.22821773229381842,0.5259726132332068
14209710,2009-11-12,10,0.477,4.77,0.82,10,-0.35680917072985047,0.3114895567596535
14209710,2009-11-13,10,0.476,4.76,0.91,10,0.21611067700719838,0.5487249379732827
14209710,2009-11-14,10,0.49,4.8999999999999995,0.88,10,-0.4149625013793658,0.23308831678217698
14209710,2009-11-15,10,0.247,2.47,0.38,10,-0.7926864390574788,0.006239494059319323
14209710,2009-11-16,10,0.189,1.89,0.38,10,-0.7313944282584683,0.016223322615132846
14209710,2009-11-17,10,0.46699999999999997,4.67,0.85,10,-0.4282801805401218,0.2168940225291604
14209710,2009-11-19,10,0.186,1.86,0.34,10,-0.7605125179710875,0.010654266363288593
14209710,2009-11-20,10,0.206,2.06,0.39,10,-0.40526179615255614,0.24530120381037948
14209710,2009-11-21,10,0.442,4.42,0.8,10,-0.7184212081071027,0.019256238174913985
14209710,2009-11-22,10,0.484,4.84,0.9,10,0.7624563678786225,0.010338909873523148
14209710,2009-11-23,10,0.573,5.7299999999999995,1.15,10,-0.6990399724072137,0.024486021509977078
14209710,2009-11-24,10,0.597,5.97,1.07,10,-0.5209358673735517,0.1225974443980169
14209710,2009-11-25,10,0.538,5.38,1.16,10,-0.4551495636817569,0.18624553035932276
14209710,2009-11-26,10,0.124,1.24,0.26,10,-0.4796942886861128,0.16061657006904068
14209710,2009-11-27,10,0.544,5.4399999999999995,1,10,-0.9104844795228156,2.518485601312435e-4
14209710,2009-11-28,10,0.40800000000000003,4.08,0.75,10,-0.2638217421623954,0.46140824093865973
14209710,2009-11-29,10,0.59,5.9,1.04,10,-0.5453824335365366,0.10298699485036752
14209710,2009-11-30,9,0.5133333333333333,4.62,0.84,9,-0.6798794193419291,0.04391820500749175
14209710,2009-12-01,9,0.7477777777777778,6.7299999999999995,1.28,9,-0.4231139606876791,0.2564984734914748
14209710,2009-12-02,9,0.8677777777777778,7.81,1.42,9,NA,NA
14209710,2009-12-03,9,0.6655555555555556,5.99,1.11,9,-0.6883675211583313,0.04034885624022976
14209710,2009-12-04,9,0.5844444444444444,5.26,0.93,9,-0.6446099425404325,0.06089834213938967
14209710,2009-12-05,9,0.7866666666666667,7.08,1.32,9,-0.818557734497625,0.006981012770537711
14209710,2009-12-06,9,0.7088888888888889,6.38,1.26,9,-0.7504168169697284,0.019834815056186835
14209710,2009-12-07,9,0.8244444444444444,7.42,1.4,9,-0.613807174711235,0.0787025665487169
14209710,2009-12-08,9,0.8222222222222222,7.3999999999999995,1.38,9,NA,NA
14209710,2009-12-09,9,0.81,7.29,1.37,9,NA,NA
14209710,2009-12-10,9,0.8233333333333334,7.41,1.38,9,-0.7559289460184574,0.018451528513015146
14209710,2009-12-11,9,0.7433333333333333,6.69,1.28,9,-0.8923183765153762,0.0012124606164157696
14209710,2009-12-12,9,0.33666666666666667,3.0300000000000002,0.59,9,-0.9367518316507415,1.9687590490090768e-4
14209710,2009-12-13,9,0.42666666666666664,3.84,0.79,9,-0.1216660658480726,0.7551810308628
14209710,2009-12-14,9,0.2788888888888889,2.5100000000000002,0.51,9,-0.5342139253964906,0.1384511562053854
14209710,2009-12-15,9,0.1388888888888889,1.25,0.3,9,-0.0857492925712529,0.8263798231866081
14209710,2009-12-16,9,0.21222222222222223,1.9100000000000001,0.33,9,-0.9649826629829168,2.5565190090987324e-5
14209710,2009-12-17,9,0.18444444444444447,1.6600000000000001,0.34,9,-0.9147550817044594,5.474234987414825e-4
14209710,2009-12-18,9,0.35888888888888887,3.23,0.7,9,-0.9205746178983232,4.299054806183977e-4
14209710,2009-12-19,9,0.2677777777777778,2.41,0.48,9,-0.5277608755395585,0.14419478509795033
14209710,2009-12-20,9,0.21222222222222223,1.91,0.37,9,-0.5830006053876391,0.09942561224219876
14209710,2009-12-21,9,0.18444444444444444,1.6600000000000001,0.34,9,-0.894097749238179,0.0011458329794293552
14209710,2009-12-22,9,0.5022222222222222,4.5200000000000005,0.91,9,NA,NA
14209710,2009-12-24,9,0.6077777777777778,5.47,1.06,9,-0.5303300858899123,0.14189160270147805
14209710,2009-12-25,9,0.731111111111111,6.58,1.27,9,NA,NA
14209710,2009-12-26,9,0.7588888888888888,6.83,1.29,9,-0.6029411764705896,0.08567298261746975
14209710,2009-12-27,9,0.35777777777777775,3.22,0.62,9,-0.7810570832046023,0.012955195747289863
14209710,2009-12-28,9,0.7066666666666667,6.36,1.19,9,-0.8256518824104006,0.006116347401814356
14209710,2009-12-29,9,0.18,1.62,0.41,9,-0.938834520248514,1.7546741344353066e-4
14209710,2009-12-30,9,0.37444444444444447,3.37,0.63,9,-0.5830829448712553,0.09936623766326305
14209710,2009-12-31,9,0.11444444444444445,1.03,0.21,9,NA,NA
14209710,2010-01-01,9,0.21,1.89,0.33,9,-0.8932574314990279,0.0011769719476212867
14209710,2010-01-02,9,0.41333333333333333,3.7199999999999998,0.71,9,-0.8820013265861193,0.0016527340112254235
14209710,2010-01-03,9,0.3377777777777778,3.04,0.57,9,-0.7777316339209678,0.013609246987025697
14209710,2010-01-04,9,0.25,2.25,0.43,9,-0.8059298783774618,0.008719178382264913
14209710,2010-01-05,9,0.22,1.98,0.51,9,0.05076730825668208,0.8967995582910058
14209710,2010-01-06,9,0.3211111111111111,2.89,0.53,9,-0.8656792013305544,0.002558102163592571
14209710,2010-01-07,9,0.37,3.33,0.85,9,-0.8852506597852134,0.0015038002309308055
14209710,2010-01-08,9,0.25222222222222224,2.27,0.49,9,-0.7984909655181125,0.009868982470042281
14209710,2010-01-09,9,0.4866666666666667,4.38,0.86,9,-0.8521155829478003,0.003532762975240756
14209710,2010-01-10,9,0.4411111111111111,3.97,0.8,9,-0.7690218081297558,0.015426278854751766
14209710,2010-01-11,9,0.2633333333333333,2.37,0.46,9,-0.8461538461538456,0.004032078905833162
14209710,2010-01-12,9,0.18666666666666668,1.6800000000000002,0.33,9,-0.7067703622062754,0.033266797810626934
14209710,2010-01-13,9,0.21333333333333335,1.9200000000000002,0.38,9,0.553398590529467,0.12218249162428788
14209710,2010-01-14,9,0.42,3.78,0.72,9,-0.5236349380886436,0.14793901088845757
14209710,2010-01-15,9,0.1388888888888889,1.25,0.25,9,-0.87887074880408,0.0018056097642686862
14209710,2010-01-16,9,0.3422222222222222,3.08,0.6,9,-0.48507125007266405,0.18565438008643373
14209710,2010-01-17,9,0.18888888888888888,1.7,0.34,9,-0.6240377207533826,0.0724718113557369
14209710,2010-01-18,9,0.6,5.4,1.18,9,-0.8721668298570016,0.0021654220763621564
14209710,2010-01-19,9,0.35,3.15,0.58,9,-0.20254787341673475,0.6012206131484117
14209710,2010-01-20,9,0.3288888888888889,2.96,0.51,9,-0.8479441117136564,0.0038773642933151134
14209710,2010-01-21,9,0.6066666666666667,5.46,1.08,9,-0.5543218625245854,0.12142988674013955
14209710,2010-01-22,9,0.35888888888888887,3.23,0.62,9,0.10097258697519482,0.7960399959249407
14209710,2010-01-23,9,0.6900000000000001,6.21,1.08,9,-0.20773456835215498,0.5917312210482982
14209710,2010-01-24,9,0.2688888888888889,2.42,0.59,9,-0.2857142857142849,0.45610276052492893
14209710,2010-01-25,9,0.5733333333333334,5.16,0.95,9,-0.9508189121875863,8.277128127751225e-5
14209710,2010-01-26,9,0.5522222222222222,4.97,0.85,9,-0.3347193406976016,0.3786125536139706
14209710,2010-01-27,9,0.7455555555555555,6.71,1.2,9,-0.4472135954999554,0.22745281805976597
14209710,2010-01-28,9,0.5266666666666666,4.74,0.99,9,-0.9068141371290889,7.41729362524513e-4
14209710,2010-01-29,9,0.5222222222222223,4.7,0.81,9,-0.5051814855409218,0.1653730007579433
14209710,2010-01-30,9,0.3877777777777778,3.49,0.66,9,-0.10425720702853612,0.7895233959093387
14209710,2010-01-31,9,0.5922222222222222,5.33,0.91,9,-0.6274950199005562,0.07043818536457336
14209710,2010-02-01,9,0.30666666666666664,2.7600000000000002,0.52,9,-0.4931969619160722,0.17729848698996958
14209710,2010-02-02,10,0.8270000000000001,8.27,1.47,10,-0.7101020482723835,0.02139524960308033
14209710,2010-02-03,10,0.426,4.26,0.72,10,-0.6241638020753171,0.053756875939104026
14209710,2010-02-04,10,0.375,3.75,0.78,10,-0.17390208591006243,0.6308863009644007
14209710,2010-02-05,11,0.7936363636363637,8.73,1.49,11,-0.7058874385096493,0.015208806198283428
14209710,2010-02-06,11,0.3981818181818182,4.38,0.73,11,-0.40710761125635647,0.21398561548073936
14209710,2010-02-07,11,0.6245454545454545,6.87,1.13,11,-0.6767019983251997,0.022208809780168984
14209710,2010-02-08,11,0.7318181818181818,8.05,1.34,11,-0.8267376522398567,0.0016990866515896445
14209710,2010-02-09,11,0.8863636363636364,9.75,1.66,11,-0.8293144608952012,0.001594569316402456
14209710,2010-02-10,11,0.2736363636363636,3.01,0.49,11,-0.6922737150203727,0.018239186539247138
14209710,2010-02-11,11,0.26636363636363636,2.93,0.5,11,-0.8348245104514666,0.0013872899193318315
14209710,2010-02-12,11,0.44727272727272727,4.92,0.81,11,-0.5789196507568076,0.062022750090702086
14209710,2010-02-13,11,0.31636363636363635,3.48,0.57,11,-0.7474870392950161,0.00818137819037779
14209710,2010-02-14,11,0.6163636363636363,6.78,1.11,11,-0.20184335693983352,0.5517301304599938
14209710,2010-02-15,11,0.7572727272727273,8.33,1.44,11,-0.7994862354917326,0.0031440469224428363
14209710,2010-02-16,11,0.7909090909090909,8.700000000000001,1.49,11,-0.7441929449261248,0.00862771755341402
14209710,2010-02-17,11,1.1290909090909091,12.42,1.98,11,-0.7465506689024756,0.008306496587614376
14209710,2010-02-18,11,1.220909090909091,13.43,2.11,11,-0.7977647343851261,0.003258663073254126
14209710,2010-02-19,11,1.1818181818181819,13,2.09,11,-0.6879745454275881,0.019279812712415703
14209710,2010-02-20,11,1.249090909090909,13.74,2.12,11,-0.6975191820412626,0.017024686731105552
14209710,2010-02-21,11,1.3027272727272727,14.33,2.21,11,-0.818826563607468,0.002052138896801497
14209710,2010-02-22,11,1.1027272727272728,12.13,1.88,11,-0.8637560284660385,6.093919869162343e-4
14209710,2010-02-23,11,0.48000000000000004,5.28,0.87,11,-0.9023768760695426,1.440668422862314e-4
14209710,2010-02-24,11,0.5809090909090909,6.39,1.12,11,-0.7696341944375933,0.005604681219152289
14209710,2010-02-25,11,0.8018181818181819,8.82,1.41,11,-0.8115075511135619,0.002425037263659164
14209710,2010-02-26,11,0.3336363636363636,3.67,0.55,11,-0.7769296910011446,0.004904664374347877
14209710,2010-02-27,11,0.7918181818181819,8.71,1.37,11,-0.6787136827065726,0.02166434946327654
14209710,2010-02-28,11,1,11,1.77,11,-0.8395214980221872,0.0012271464737695437
14209710,2010-03-01,11,0.7436363636363637,8.18,1.32,11,-0.9149085377939717,7.90916949749133e-5
14209710,2010-03-02,11,0.5681818181818182,6.25,1.06,11,-0.5902813361009521,0.055901295680069796
14209710,2010-03-03,11,0.7345454545454546,8.08,1.32,11,-0.5411018458675875,0.08563029926472594
14209710,2010-03-04,11,0.9772727272727273,10.75,1.63,11,-0.7745524002504927,0.005125245894569464
14209710,2010-03-05,11,1.1354545454545455,12.49,1.96,11,-0.7916970001752898,0.0036874829120545154
14209710,2010-03-06,11,1.4218181818181819,15.64,2.29,11,-0.929632762955132,3.437481256430756e-5
14209710,2010-03-07,11,0.8663636363636363,9.53,1.57,11,-0.8907602178081057,2.3484308419155294e-4
14209710,2010-03-08,11,1.2527272727272727,13.78,2.17,11,-0.6068402005437791,0.047737898782340527
14209710,2010-03-09,11,0.8618181818181818,9.48,1.57,11,-0.8385578044688793,0.0012588093469448074
14209710,2010-03-10,11,1.0445454545454544,11.49,1.7,11,-0.6697121756436691,0.02417625174259657
14209710,2010-03-11,12,0.3491666666666667,4.19,0.58,12,-0.35157837975321127,0.2624310884244868
14209710,2010-03-12,12,0.5866666666666667,7.04,1.22,12,-0.09874620280149411,0.7601235395674946
14209710,2010-03-13,12,0.91,10.92,1.62,12,-0.5788654211371844,0.04859952246575182
14209710,2010-03-15,12,1.0975,13.17,2.01,12,-0.9411183156601673,5.047164055965667e-6
14209710,2010-03-16,12,0.5741666666666667,6.89,0.91,12,-0.3413218101708879,0.27756585198448813
14209710,2010-03-17,12,1.35,16.2,2.34,12,-0.8569324336420509,3.693919178187177e-4
14209710,2010-03-18,12,1.625,19.5,2.7,12,-0.895811276985207,8.098566461848537e-5
14209710,2010-03-19,13,1.5023076923076923,19.53,2.71,13,-0.9579184657866944,2.6575107379740066e-7
14209710,2010-03-20,13,1.2315384615384615,16.009999999999998,2.36,13,-0.9578060439110916,2.696207328309673e-7
14209710,2010-03-21,13,0.6776923076923077,8.81,1.54,13,-0.6458372129556963,0.01710283866090983
14209710,2010-03-23,13,1.4461538461538461,18.8,2.69,13,-0.955070612228264,3.788735053131045e-7
14209710,2010-03-24,13,1.4238461538461538,18.51,2.73,13,-0.9467630727552965,9.478644568484929e-7
14209710,2010-03-25,13,0.536923076923077,6.9799999999999995,1.14,13,-0.38724854797467906,0.191116288135224
14209710,2010-03-26,13,0.9476923076923077,12.32,2.01,13,-0.3740230617070368,0.20803280351328918
14209710,2010-03-27,13,1.2615384615384615,16.4,2.34,13,-0.9544578863128916,4.076930985486287e-7
14209710,2010-03-28,13,0.4046153846153846,5.26,0.85,13,-0.23087508159890752,0.4479133530676297
14209710,2010-03-29,13,0.3776923076923077,4.91,0.76,13,-0.9324277007698414,3.4211083542804706e-6
14209710,2010-03-30,13,0.5107692307692308,6.64,1.12,13,-0.9349288794797338,2.793810343505039e-6
14209710,2010-03-31,13,0.9492307692307692,12.34,1.87,13,-0.9627800006050935,1.3656003242410049e-7
14209710,2010-04-01,13,1.1446153846153846,14.88,2.18,13,-0.9625640357240149,1.4091657371104343e-7
14209710,2010-04-02,13,0.806923076923077,10.49,1.66,13,-0.5646387817792416,0.04438515193167255
14209710,2010-04-03,13,0.6307692307692307,8.2,1.44,13,-0.9744266770742437,1.772683302451391e-8
14209710,2010-04-04,13,0.6392307692307693,8.31,1.42,13,-0.980020810922756,4.609422029447973e-9
14209710,2010-04-05,13,0.5184615384615385,6.74,1.11,13,-0.8178688158637575,6.353910266112498e-4
14209710,2010-04-06,13,0.92,11.96,1.83,13,-0.7016012168618776,0.0075241301757818
14209710,2010-04-07,13,0.8753846153846154,11.379999999999999,1.58,13,-0.9686045631690168,5.416268363734842e-8
14209710,2010-04-08,13,1.1976923076923076,15.57,2.3,13,-0.6821134884879845,0.01021692978332234
14209710,2010-04-09,13,1.156153846153846,15.03,2.12,13,-0.9355792837005094,2.6469968570456637e-6
14209710,2010-04-10,13,1.4453846153846153,18.79,2.66,13,-0.9797451753656222,4.9675843464692996e-9
14209710,2010-04-11,13,1.2261538461538461,15.94,2.44,13,-0.9718549414104201,2.987892179363267e-8
14209710,2010-04-12,14,1.0457142857142858,14.64,2.11,14,-0.873711382480757,4.4376016372346814e-5
14209710,2010-04-13,14,1.1785714285714286,16.5,2.29,14,-0.7464212678936615,0.002166305645317809
14209710,2010-04-14,14,1.455,20.37,2.7,14,-0.9605376640038374,5.006988860354514e-8
14209710,2010-04-15,14,1.417857142857143,19.85,2.58,14,-0.9367695250890249,8.043868542936834e-7
14209710,2010-04-16,14,1.3207142857142857,18.49,2.32,14,-0.904107534361651,9.10416896232959e-6
14209710,2010-04-17,14,0.8214285714285714,11.5,1.53,14,-0.8902516341053477,1.9837524961537904e-5
14209710,2010-04-18,14,1.5321428571428573,21.45,2.88,14,-0.9772805195065288,1.8907933970151615e-9
14209710,2010-04-19,14,0.8157142857142857,11.42,1.56,14,-0.8520654484990609,1.0916890361814366e-4
14209710,2010-04-20,14,0.41785714285714287,5.85,0.97,14,-0.9018581961629242,1.0410745521762475e-5
14209710,2010-04-21,14,1.0757142857142856,15.06,2.07,14,-0.7246594253997565,0.003370594387436222
14209710,2010-04-22,14,1.1635714285714285,16.29,2.36,14,-0.9438474783258667,4.0074351104275193e-7
14209710,2010-04-23,14,1.2114285714285713,16.96,2.36,14,-0.9511829554922228,1.758124954953076e-7
14209710,2010-04-24,14,1.1457142857142857,16.04,2.25,14,-0.5616784619533722,0.03659788488600713
14209710,2010-04-30,14,1.1107142857142858,15.549999999999999,1.96,14,-0.8823645967506838,2.9556064380684018e-5
14209710,2010-05-01,14,1.075,15.05,1.9,14,-0.9100830623861587,6.27123354814348e-6
14209710,2010-05-02,14,1.1585714285714286,16.22,2.09,14,-0.9418471731316008,4.922341424947354e-7
14209710,2010-05-03,14,1.1592857142857143,16.23,2.21,14,-0.6645450006276519,0.009525428535884683
14209710,2010-05-04,14,1.13,15.82,2.16,14,-0.9583192789300542,6.918204010452522e-8
14209710,2010-05-05,15,1.262,18.93,2.56,15,-0.8636664740024483,3.3355752114454845e-5
14209710,2010-05-06,15,1.218,18.27,2.48,15,-0.9653704980274936,5.802663650723582e-9
14209710,2010-05-07,15,1.5886666666666667,23.830000000000002,3.2,15,-0.9515748854767445,4.9621191495995696e-8
14209710,2010-05-08,15,1.782,26.73,3.19,15,-0.9730880774963181,1.1480336466318204e-9
14209710,2010-05-09,15,1.6413333333333333,24.62,3.12,15,-0.9100580147035834,2.507715218967921e-6
14209710,2010-05-10,15,1.034,15.51,1.98,15,-0.8706277053745671,2.4144939281914435e-5
14209710,2010-05-11,15,0.806,12.09,1.43,15,-0.878882521886336,1.6057995197236037e-5
14209710,2010-05-12,15,1.3213333333333332,19.82,2.68,15,-0.9748265641833807,7.468930242395316e-10
14209710,2010-05-13,15,1.9133333333333333,28.7,3.36,15,-0.9678997274270122,3.5660430146591368e-9
14209710,2010-05-14,15,1.904,28.56,3.29,15,-0.9641990870605907,7.183047953607711e-9
14209710,2010-05-15,15,1.5106666666666666,22.66,3.01,15,-0.9528826254597867,4.1664361156977474e-8
14209710,2010-05-16,15,1.3573333333333333,20.36,2.44,15,-0.9383666975662756,2.304260927263428e-7
14209710,2010-05-17,15,1.2406666666666666,18.61,2.84,15,-0.9423195275743667,1.5121998567739858e-7
14209710,2010-05-18,15,0.924,13.86,1.94,15,-0.6708684701481002,0.0061865045050776175
14209710,2010-05-19,15,0.954,14.31,1.93,15,-0.924267489460802,8.493063179398016e-7
14209710,2010-05-20,15,1.2613333333333334,18.919999999999998,2.42,15,-0.8673593734695857,2.816358186944405e-5
14209710,2010-05-21,15,0.8166666666666667,12.25,1.41,15,-0.9523099683518188,4.5005236647273224e-8
14209710,2010-05-22,15,1.1833333333333333,17.75,2.28,15,-0.8881083893053539,9.818416497732351e-6
14209710,2010-05-23,15,1.002,15.03,1.99,15,-0.8984691343632594,5.357249857405866e-6
14209710,2010-05-24,15,0.9426666666666667,14.14,1.57,15,-0.9621338134733672,1.0291125345415077e-8
14209710,2010-05-25,15,0.774,11.61,1.8,15,-0.8824046417469942,1.3372399109549702e-5
14209710,2010-05-26,16,0.94875,15.18,1.9,16,-0.7984250816287458,2.0883818683310444e-4
14209710,2010-05-27,16,1.24125,19.86,2.29,16,-0.9032930329311211,1.6371825788112937e-6
14209710,2010-05-28,16,0.594375,9.51,1.33,16,0.15391121883271586,0.5692787290479797
14209710,2010-05-29,16,0.963125,15.41,2.04,16,-0.8236505236263932,8.799771205642213e-5
14209710,2010-05-30,16,0.93125,14.9,2.17,16,-0.9347825464450367,1.1312100618835565e-7
14209710,2010-05-31,16,0.9975,15.96,2.1,16,-0.7797670274957889,3.6788603950805286e-4
14209710,2010-06-01,16,0.630625,10.09,1.18,16,-0.446798561272291,0.08273738727857524
14209710,2010-06-02,16,0.6,9.6,1.18,16,-0.2664367836747112,0.3185314033565838
14209710,2010-06-03,16,0.919375,14.71,2.02,16,-0.9399718760255042,6.42019592023087e-8
14209710,2010-06-04,16,0.90375,14.46,1.75,16,-0.4653005129351032,0.06933943365868862
14209710,2010-06-05,16,1.764375,28.23,3.41,16,-0.99107170090148,1.1844633264407145e-13
14209710,2010-06-06,16,0.5525,8.84,1.22,16,-0.7976765089084902,2.1387040587508312e-4
14209710,2010-06-08,16,1.1575,18.52,2.7,16,-0.9863485596734827,2.2854975277275264e-12
14209710,2010-06-09,16,0.8456250000000001,13.530000000000001,1.6,16,-0.524153831245272,0.03714542151142938
14209710,2010-06-10,16,0.691875,11.07,1.37,16,-0.547912213676223,0.028005994726587744
14209710,2010-06-11,16,0.8925,14.28,1.66,16,-0.9326446492991304,1.4096044239220937e-7
14209710,2010-06-12,16,1.931875,30.91,3.43,16,-0.9876933000268185,1.1098487756050116e-12
14209710,2010-06-13,16,1.63,26.08,2.73,16,-0.9649352686943962,1.5928383759249262e-9
14209710,2010-06-14,16,1.154375,18.47,2.28,16,-0.9400568329746714,6.358313260295381e-8
14209710,2010-06-15,16,1.108125,17.73,2.21,16,-0.8785047697273749,7.555401805029046e-6
14209710,2010-06-16,16,0.54125,8.66,0.97,16,-0.9027192434589134,1.703730013039255e-6
14209710,2010-06-17,16,0.939375,15.03,1.64,16,-0.9407518044308834,5.8708600663296656e-8
14209710,2010-06-18,16,1.29875,20.78,2.54,16,-0.9625177209733935,2.5238479501887166e-9
14209710,2010-06-19,16,0.98,15.68,1.75,16,-0.5759498902073498,0.019550793348699812
14209710,2010-06-20,16,0.5493750000000001,8.790000000000001,1.1,16,-0.4228426507366294,0.10272569822036219
14209710,2010-06-21,16,1.0725,17.16,1.95,16,-0.9730009792532107,2.6111118647381897e-10
14209710,2010-06-22,16,1.475625,23.61,3.27,16,-0.9574486371087874,6.050653092255143e-9
14209710,2010-06-23,16,1.646875,26.35,2.98,16,-0.9393540112126263,6.885850515739746e-8
14209710,2010-06-24,16,1.8675,29.88,3.35,16,-0.9577359716887361,5.774805977338054e-9
14209710,2010-06-25,16,1.325,21.2,2.52,16,-0.845490246433637,3.7085156702985435e-5
14209710,2010-06-26,16,1.8475,29.56,3.44,16,-0.9195691834190246,4.7107300470262255e-7
14209710,2010-06-27,16,1.811875,28.99,3.25,16,-0.9458219686191844,3.1816555815866966e-8
14209710,2010-06-28,16,1.344375,21.51,2.47,16,-0.9490707123285478,2.081839922277251e-8
14209710,2010-06-29,16,1.408125,22.53,2.78,16,-0.8528611283485023,2.6886985047268132e-5
14209710,2010-06-30,16,1.8275,29.24,3.4,16,-0.9255211156430961,2.794897406132177e-7
14209710,2010-07-01,16,0.848125,13.57,1.68,16,-0.7986039089023768,2.0765068046025399e-4
14209710,2010-07-02,16,0.8725,13.96,1.88,16,-0.4556912212378542,0.07608409947240892
14209710,2010-07-03,16,1.30375,20.86,2.27,16,-0.9571867586489139,6.311766685318234e-9
14209710,2010-07-04,16,0.92375,14.78,1.72,16,-0.8659957228285706,1.4492570285537475e-5
14209710,2010-07-05,16,1.095,17.52,2.05,16,-0.7498151754441622,8.235721332394195e-4
14209710,2010-07-06,16,1.96,31.36,3.48,16,-0.9657756234172622,1.3470957934592229e-9
14209710,2010-07-07,15,2.0873333333333335,31.31,3.47,15,-0.9663229619919291,4.8517285315409995e-9
14209710,2010-07-08,15,1.9733333333333334,29.6,3.32,15,-0.9565640424909082,2.477359660580909e-8
14209710,2010-07-09,15,1.9813333333333334,29.72,3.38,15,-0.9228536417087615,9.544873970762267e-7
14209710,2010-07-10,15,1.8299999999999998,27.45,3.23,15,-0.9363732021457563,2.820173123011821e-7
14209710,2010-07-11,15,1.7293333333333334,25.94,3.2,15,-0.930045777102566,5.14254867928835e-7
14209710,2010-07-12,15,1.14,17.1,2.19,15,-0.8336638401245212,1.1262630179969536e-4
14209710,2010-07-13,15,1.5633333333333335,23.45,2.66,15,-0.8725844966586911,2.1975371173676134e-5
14209710,2010-07-14,15,2.026666666666667,30.400000000000002,3.42,15,-0.9569270988522816,2.3478866592051802e-8
14209710,2010-07-15,15,2.008,30.12,3.39,15,-0.9483207659779181,7.513215578330734e-8
14209710,2010-07-16,15,1.9313333333333333,28.97,3.37,15,-0.9079068006256907,2.908649564926399e-6
14209710,2010-07-17,15,1.7813333333333332,26.72,3.28,15,-0.9061568081398321,3.273027676782503e-6
14209710,2010-07-18,15,1.4833333333333334,22.25,2.98,15,-0.9124169047514599,2.1221917304781747e-6
14209710,2010-07-19,15,1.7066666666666666,25.6,3.39,15,-0.9232504745285101,9.239226561308369e-7
14209710,2010-07-20,15,1.6293333333333333,24.439999999999998,3.01,15,-0.924451003312292,8.363950074252878e-7
14209710,2010-07-21,15,1.7546666666666666,26.32,3.24,15,-0.9304909042697921,4.938923657933009e-7
14209710,2010-07-22,15,1.5353333333333334,23.03,2.66,15,-0.8759364010203582,1.8635057070454686e-5
14209710,2010-07-23,15,1.864,27.96,3.39,15,-0.934701602451789,3.324345242019607e-7
14209710,2010-07-24,15,1.9586666666666666,29.38,3.35,15,-0.9302538423221247,5.046510574354151e-7
14209710,2010-07-26,15,1.9086666666666667,28.63,3.32,15,-0.860864034042799,3.780436982898552e-5
14209710,2010-07-27,15,1.8286666666666667,27.43,3.16,15,-0.8965988328699794,6.004156244906273e-6
14209710,2010-07-28,15,1.446,21.69,2.64,15,-0.6394775188835512,0.010258390649199546
14209710,2010-07-29,15,1.752,26.28,3.21,15,-0.9276830165990303,6.345022891165484e-7
14209710,2010-07-30,15,1.6513333333333333,24.77,3.16,15,-0.9200924367930274,1.1914925634014728e-6
14209710,2010-07-31,15,1.1426666666666667,17.14,2.34,15,-0.8968434709159578,5.916015628027472e-6
14209710,2010-08-01,15,1.5553333333333332,23.33,3.13,15,-0.9068110379095976,3.1325929237949033e-6
14209710,2010-08-02,15,1.5706666666666667,23.56,2.91,15,-0.8743385972005677,2.0170421914578065e-5
14209710,2010-08-03,15,1.5053333333333332,22.58,2.94,15,-0.9135237799303377,1.959150816848553e-6
14209710,2010-08-04,15,1.4293333333333333,21.44,2.84,15,-0.8973538401693011,5.735600686976303e-6
14209710,2010-08-05,15,1.656,24.84,3.05,15,-0.8907300577985352,8.471296701169009e-6
14209710,2010-08-06,15,1.5066666666666666,22.599999999999998,3.01,15,-0.8000297847007578,3.419649965141661e-4
14209710,2010-08-07,15,0.9973333333333333,14.959999999999999,2.03,15,-0.6657260710618326,0.006746799984047291
14209710,2010-08-08,15,1.284,19.26,2.7,15,-0.8290920027275299,1.3277397970740305e-4
14209710,2010-08-09,15,0.9653333333333334,14.48,2,15,-0.23710068675432688,0.39485137043818863
14209710,2010-08-10,15,0.898,13.47,1.56,15,-0.6279725600333548,0.012186355459594341
14209710,2010-08-11,15,1.4786666666666666,22.18,2.98,15,-0.8783419346173011,1.6507265687557966e-5
14209710,2010-08-12,15,1.7053333333333334,25.58,3.11,15,-0.8924568754726668,7.670963912139364e-6
14209710,2010-08-13,14,1.8992857142857142,26.59,3.18,14,-0.9121997320685763,5.461597649756831e-6
14209710,2010-08-14,14,1.9042857142857144,26.66,3.17,14,-0.8857912516779987,2.49433410174313e-5
14209710,2010-08-15,14,1.762857142857143,24.68,3.06,14,-0.8918839750413826,1.819810297062819e-5
14209710,2010-08-16,14,1.8371428571428572,25.72,3.13,14,-0.8676126409753094,5.80851379030974e-5
14209710,2010-08-17,14,1.5107142857142857,21.15,2.92,14,-0.8164821751899446,3.667355468952974e-4
14209710,2010-08-18,14,1.3678571428571429,19.15,2.81,14,-0.8009488330431264,5.760441792285549e-4
14209710,2010-08-19,14,1.305,18.27,2.92,14,-0.518646414135142,0.05740558487922437
14209710,2010-08-20,14,1.7978571428571428,25.169999999999998,3.15,14,-0.8433947219949918,1.506404959215534e-4
14209710,2010-08-21,14,1.1357142857142857,15.9,2.14,14,-0.6627914568926355,0.009785796906906907
14209710,2010-08-22,14,1.0792857142857142,15.11,1.94,14,0.11612900082158767,0.6925877586457905
14209710,2010-08-23,14,1.7842857142857143,24.98,3.1,14,-0.9174393617537369,3.8196807496199e-6
14209710,2010-08-25,14,1.7428571428571429,24.4,3.02,14,-0.7877522737357553,8.210688034094886e-4
14209710,2010-08-26,14,1.0778571428571428,15.09,1.82,14,-0.43079049191319935,0.12410893315228877
14209710,2010-08-27,14,1.41,19.74,2.61,14,-0.8227326584441997,3.0221178042956113e-4
14209710,2010-08-28,14,1.625,22.75,2.93,14,-0.7803219633384894,9.919601826034099e-4
14209710,2010-08-29,14,0.9928571428571429,13.9,1.91,14,-0.40368184028897736,0.15231780410597895
14209710,2010-08-30,14,1.1392857142857142,15.95,2.08,14,-0.6144733830454346,0.019378908574808087
14209710,2010-08-31,14,0.5735714285714285,8.03,0.98,14,-0.24422662003777829,0.40008604978421025
14209710,2010-09-01,13,1.0653846153846154,13.85,1.76,13,-0.5360948789547457,0.05895647039519608
14209710,2010-09-02,13,1.7138461538461538,22.28,2.9,13,-0.9286531380772918,4.579246013591509e-6
14209710,2010-09-03,13,1.6392307692307693,21.31,2.71,13,-0.8466198386651085,2.618573471935577e-4
14209710,2010-09-05,13,1.0753846153846154,13.98,2,13,-0.3912838934855366,0.18613284594856958
14209710,2010-09-06,13,1.2338461538461538,16.04,2.28,13,-0.8671422176103546,1.2385634700276906e-4
14209710,2010-09-07,13,0.7015384615384616,9.12,1.4,13,0.17249939935808478,0.5730674797178994
14209710,2010-09-08,13,0.71,9.23,1.29,13,-0.23074009109144888,0.448186311158565
14209710,2010-09-09,13,0.7123076923076923,9.26,1.4,13,0.47770291794528574,0.09874717705358707
14209710,2010-09-10,13,0.8623076923076923,11.209999999999999,1.55,13,-0.6773431485160636,0.010975110131380594
14209710,2010-09-11,13,1.5846153846153845,20.6,2.76,13,-0.8092906705790955,8.04146143849696e-4
14209710,2010-09-12,13,1.53,19.89,2.64,13,-0.8413170880221202,3.1231034965093575e-4
14209710,2010-09-13,13,1.3307692307692307,17.3,2.62,13,-0.8314419985290674,4.2665835630404785e-4
14209710,2010-09-14,13,1.2592307692307692,16.37,2.47,13,-0.8106117623729483,7.760842760102075e-4
14209710,2010-09-15,13,0.7046153846153846,9.16,1.74,13,-0.4694809935961691,0.10553009345748916
14209710,2010-09-16,12,0.6383333333333333,7.66,1.2,12,-0.551362712916407,0.06313580298198133
14209710,2010-09-17,12,0.5883333333333334,7.06,1.27,12,-0.6648960211985732,0.018318752872514672
14209710,2010-09-18,12,0.5183333333333333,6.22,0.95,12,-0.4542498335059488,0.13794636833164153
14209710,2010-09-19,12,0.8575,10.29,1.63,12,0.07690622445778189,0.812223198175033
14209710,2010-09-20,12,0.6075,7.29,1.03,12,0.10976425998968738,0.7341695578680145
14209710,2010-09-21,12,1.0375,12.45,1.82,12,-0.6497534639011923,0.022197304206492914
14209710,2010-09-22,12,1.1375,13.65,2.04,12,-0.584351573048944,0.046010657458991654
14209710,2010-09-23,12,0.46,5.52,0.81,12,-0.029476527061828964,0.927544080055084
14209710,2010-09-24,12,1.1466666666666667,13.76,2.23,12,-0.8043678259391329,0.0016081859496771384
14209710,2010-09-25,12,1.4616666666666667,17.54,2.48,12,-0.8857707568518816,1.260694685387652e-4
14209710,2010-09-26,12,0.5525,6.63,1.27,12,-0.4479778379823029,0.14415856506662486
14209710,2010-09-27,12,1.3658333333333332,16.39,2.4,12,-0.7499299828170867,0.0049708760351740095
14209710,2010-09-28,12,1.0258333333333334,12.31,1.66,12,-0.769087805327745,0.0034562371451031687
14209710,2010-09-29,12,1.3625,16.35,2.4,12,-0.8007710575103598,0.0017501866396131072
14209710,2010-09-30,12,1.4341666666666666,17.21,2.44,12,-0.7849674196495722,0.0024913621485274616
14209710,2010-10-01,12,0.7891666666666667,9.47,1.72,12,-0.4921596128820753,0.10408787791945698
14209710,2010-10-02,12,1.215,14.58,2.35,12,-0.7392882693208467,0.006003551958121376
14209710,2010-10-03,12,0.6833333333333333,8.2,1.26,12,-0.24099753183723577,0.4505130004463225
14209710,2010-10-04,12,0.69,8.28,1.18,12,0.06716347300332483,0.8357049832264001
14209710,2010-10-05,12,1.3741666666666668,16.49,2.39,12,-0.6527705275058792,0.021380808456891123
14209710,2010-10-06,12,1.2941666666666667,15.53,2.26,12,-0.8053308718151254,0.001571710955415663
14209710,2010-10-07,12,0.30333333333333334,3.64,0.72,12,-0.5082191439084527,0.09159422032895796
14209710,2010-10-08,12,0.7058333333333333,8.47,1.35,12,-0.4989072862453313,0.0987079434775861
14209710,2010-10-09,12,0.2891666666666667,3.4699999999999998,0.52,12,0.20947099719072293,0.5134972578712484
14209710,2010-10-10,12,0.5591666666666667,6.71,1.14,12,0.7015995290954339,0.010993354925512622
14209710,2010-10-11,12,1.0716666666666665,12.86,1.9,12,-0.33113308926625934,0.2930831097606853
14209710,2010-10-13,12,1.24,14.88,2.22,12,-0.8706224152123361,2.2883580134573935e-4
14209710,2010-10-14,12,1.0958333333333332,13.15,2.03,12,-0.793520638595846,0.002065490998865341
14209710,2010-10-15,12,1.145,13.74,2.1,12,-0.6731321288128742,0.016430894853047526
14209710,2010-10-16,12,1.1291666666666667,13.55,2.13,12,-0.5273757254761439,0.07806481032421936
14209710,2010-10-17,11,1.2963636363636364,14.26,2.15,11,-0.7869763021787473,0.004048947958615513
14209710,2010-10-18,11,1.1790909090909092,12.97,2.06,11,-0.7058425754862804,0.015218152296336737
14209710,2010-10-19,10,1.323,13.23,2.03,10,-0.8586367965448941,0.0014678529443743898
14209710,2010-10-20,10,1.332,13.32,2.04,10,-0.834204300696059,0.0026924202832839094
14209710,2010-10-21,10,0.573,5.73,0.91,10,-0.6197932428843977,0.055960689978133325
14209710,2010-10-22,10,0.8170000000000001,8.17,1.49,10,-0.7221873380821707,0.01833848209925415
14209710,2010-10-23,10,0.424,4.24,0.69,10,-0.2748495367316097,0.44216358541452827
14209710,2010-10-24,10,0.533,5.33,1.01,10,-0.21670684223737757,0.5475956050048041
14209710,2010-10-25,10,0.582,5.82,1.04,10,0.40662503039522613,0.24356378120273708
14209710,2010-10-26,10,0.419,4.19,0.67,10,-0.2442983782441679,0.4963654921630386
14209710,2010-10-27,10,0.728,7.28,1.39,10,-0.7913704752247013,0.006388512959637953
14209710,2010-10-28,10,0.323,3.23,0.57,10,-0.2901727323203633,0.41604749012287
14209710,2010-10-29,10,0.858,8.58,1.43,10,-0.49438480879463154,0.1463535356473389
14209710,2010-10-30,10,0.233,2.33,0.4,10,0.5238095238095231,0.12018079348826471
14209710,2010-10-31,10,0.749,7.49,1.46,10,-0.2648580734092425,0.4595840525058098
14209710,2010-11-01,10,0.237,2.37,0.38,10,-0.22757856514770888,0.5271640562712507
14209710,2010-11-02,10,0.975,9.75,1.63,10,-0.8753410771989907,9.065244016827089e-4
14209710,2010-11-03,10,1.014,10.14,1.73,10,-0.7132629516214911,0.020564158283361257
14209710,2010-11-04,10,0.974,9.74,1.62,10,-0.6534196381862075,0.040474349418622574
14209710,2010-11-05,10,0.544,5.44,0.93,10,-0.585430169505663,0.07538868109743718
14209710,2010-11-06,10,0.308,3.08,0.58,10,-0.29945602856425907,0.40058865339752303
14209710,2010-11-08,10,0.566,5.66,0.94,10,0.2273955002731219,0.5275055015832392
14209710,2010-11-09,10,0.249,2.49,0.5,10,0.1817903617305245,0.6152170212380044
14209710,2010-11-10,10,0.621,6.21,1.07,10,-0.6236095644623233,0.054033103770699295
14209710,2010-11-11,10,0.40800000000000003,4.08,0.85,10,-0.7626665021722425,0.010305217499336146
14209710,2010-11-12,10,0.695,6.95,1.26,10,-0.2237311273663423,0.5343589875689752
14209710,2010-11-13,10,0.182,1.82,0.31,10,-0.6149543613480272,0.058469422636895654
14209710,2010-11-14,10,0.308,3.08,0.56,10,-0.7763265674485416,0.008276502480990305
14209710,2010-11-15,10,0.39,3.9,0.73,10,0.08334405213630132,0.8189460195465217
14209710,2010-11-16,10,0.449,4.49,0.82,10,-0.17206180040291974,0.6345612548263128
14209710,2010-11-17,10,0.135,1.35,0.28,10,0.1111111111111111,0.759922968348739
14209710,2010-11-18,10,0.396,3.96,0.71,10,-0.5157158087305052,0.12706407813619164
14209710,2010-11-19,10,0.292,2.92,0.53,10,-0.9115921252846082,2.3994215026671903e-4
14209710,2010-11-20,10,0.477,4.77,0.83,10,-0.713074032812295,0.020613193047300905
14209710,2010-11-21,10,0.233,2.33,0.45,10,-0.6761781868435318,0.03181844175441667
14209710,2010-11-22,10,0.18,1.8,0.34,10,NA,NA
14209710,2010-11-23,10,0.504,5.04,0.91,10,-0.8393942319784655,0.0023865463468666975
14209710,2010-11-24,10,0.429,4.29,0.74,10,-0.6397160282004807,0.04638323772832697
14209710,2010-11-25,10,0.42,4.2,0.78,10,-0.9332962636877329,7.98701528858505e-5
14209710,2010-11-26,10,0.281,2.81,0.59,10,-0.7112318551628911,0.02109557932732854
14209710,2010-11-27,10,0.416,4.16,0.76,10,-0.6780045351473918,0.031183925983428097
14209710,2010-11-28,10,0.441,4.41,0.81,10,-0.3924186481772521,0.26200781810629165
14209710,2010-11-29,10,0.354,3.54,0.75,10,-0.6704309419009636,0.03387233164362005
14209710,2010-11-30,10,0.134,1.34,0.26,10,-0.811249317872093,0.00439153709574685
14209710,2010-12-01,9,0.39222222222222225,3.5300000000000002,0.67,9,-0.9021342216356464,8.763599689488805e-4
14209710,2010-12-02,9,0.4222222222222222,3.8000000000000003,0.79,9,-0.7470178808339961,0.02072112401822794
14209710,2010-12-03,9,0.7200000000000001,6.48,1.27,9,NA,NA
14209710,2010-12-04,9,0.4955555555555555,4.46,0.94,9,NA,NA
14209710,2010-12-05,9,0.5744444444444444,5.17,1.06,9,-0.11704114719613108,0.764270834067576
14209710,2010-12-06,9,0.4722222222222222,4.25,0.8,9,-0.8576886118286325,0.0031060347964127094
14209710,2010-12-07,9,0.20333333333333334,1.83,0.49,9,-0.7727272727272738,0.014634623747072159
14209710,2010-12-08,9,0.4633333333333333,4.17,0.83,9,-0.8045748724808343,0.008921479677782418
14209710,2010-12-09,9,0.22777777777777777,2.05,0.39,9,-0.9238809633728571,3.7168740521443416e-4
14209710,2010-12-10,9,0.3788888888888889,3.4099999999999997,0.7,9,NA,NA
14209710,2010-12-11,9,0.09222222222222222,0.8300000000000001,0.19,9,NA,NA
14209710,2010-12-12,9,0.10444444444444445,0.9400000000000001,0.16,9,-0.8655784229010967,0.002564562069737488
14209710,2010-12-13,9,0.3433333333333333,3.09,0.59,9,-0.930769230769231,2.6852482551644456e-4
14209710,2010-12-14,9,0.27555555555555555,2.48,0.51,9,-0.9970405380501671,4.629472075208222e-9
14209710,2010-12-15,9,0.3433333333333333,3.09,0.63,9,-0.964855454786994,2.5888475263533904e-5
14209710,2010-12-16,9,0.53,4.77,0.94,9,-0.447213595499958,0.22745281805976306
14209710,2010-12-17,9,0.6322222222222222,5.69,1.09,9,NA,NA
14209710,2010-12-18,9,0.30666666666666664,2.76,0.59,9,-0.32868786756696133,0.38779361534084067
14209710,2010-12-19,9,0.42333333333333334,3.81,0.97,9,-0.8215838362577488,0.0066026559272444685
14209710,2010-12-21,9,0.19777777777777777,1.78,0.35,9,-0.8584464741978385,0.0030508931228646965
14209710,2010-12-22,9,0.41333333333333333,3.72,0.68,9,-0.8662988929826826,0.0025186264198022047
14209710,2010-12-23,9,0.23666666666666666,2.13,0.47,9,-0.9314124513441665,2.600604605861172e-4
14209710,2010-12-24,9,0.19444444444444445,1.75,0.37,9,-0.9383148632568358,1.8064736779881173e-4
14209710,2010-12-25,9,0.3,2.7,0.51,9,-0.8746474853815187,0.0020269952751072575
14209710,2010-12-26,9,0.24222222222222223,2.18,0.41,9,0.3001225239993905,0.4326481703072045
14209710,2010-12-27,9,0.12777777777777777,1.15,0.2,9,-0.9793552972481218,4.079604190679101e-6
14209710,2010-12-28,9,0.13555555555555557,1.22,0.21,9,-0.9441103659303238,1.2863490277735388e-4
14209710,2010-12-29,9,0.3522222222222222,3.17,0.59,9,-0.9123281522252041,6.024719789844482e-4
14209710,2010-12-30,9,0.5422222222222223,4.88,0.87,9,-0.3535533905932748,0.35061666282020604
14209710,2010-12-31,9,0.64,5.76,1.11,9,-0.01620509308880505,0.9669944790190924
14209710,2011-01-01,9,0.4588888888888889,4.13,0.76,9,-0.973067265599682,1.0282330406247922e-5
14209710,2011-01-02,9,0.7255555555555555,6.53,1.26,9,-0.7454342820849892,0.021142864519598657
14209710,2011-01-03,9,0.8133333333333334,7.32,1.37,9,-0.7000000000000002,0.035769574970261606
14209710,2011-01-04,9,0.4,3.6,0.68,9,-0.980383995877834,3.4147759804165047e-6
14209710,2011-01-05,9,0.24222222222222223,2.18,0.45,9,-0.9085679396721937,6.952338370295129e-4
14209710,2011-01-06,9,0.2966666666666667,2.67,0.53,9,-0.9690623745951957,1.6638175712227218e-5
14209710,2011-01-07,9,0.25222222222222224,2.27,0.43,9,-0.8711650655464617,0.002223128542943755
14209710,2011-01-08,9,0.41000000000000003,3.69,0.76,9,-0.4464285714285703,0.22836927946004734
14209710,2011-01-09,9,0.4211111111111111,3.79,0.69,9,-0.75,0.019942126131992522
14209710,2011-01-10,9,0.6177777777777778,5.5600000000000005,1.11,9,NA,NA
14209710,2011-01-11,9,0.36444444444444446,3.28,0.61,9,-0.8561726894780871,0.0032183836076816433
14209710,2011-01-12,9,0.13777777777777778,1.24,0.26,9,NA,NA
14209710,2011-01-13,9,0.23666666666666666,2.13,0.37,9,-0.6420818711718927,0.062252786080993584
14209710,2011-01-14,9,0.26333333333333336,2.37,0.5,9,-0.9192648820240451,4.546369958692842e-4
14209710,2011-01-15,9,0.15777777777777777,1.42,0.28,9,-0.9463817837564679,1.1149897800727152e-4
14209710,2011-01-16,9,0.17444444444444446,1.57,0.32,9,0.8453885345502908,0.004099489482265237
14209710,2011-01-17,9,0.5077777777777778,4.57,0.93,9,-0.7184212081070995,0.029232110900589428
14209710,2011-01-18,9,0.2211111111111111,1.99,0.35,9,-0.8,0.009627924725379808
14209710,2011-01-19,9,0.6855555555555556,6.17,1.14,9,-0.9175687511770434,4.8812380216071034e-4
14209710,2011-01-20,9,0.4211111111111111,3.79,0.81,9,-0.9622504486493766,3.316504168007063e-5
14209710,2011-01-21,9,0.36444444444444446,3.28,0.58,9,-0.8943501173214767,0.0011365942621001878
14209710,2011-01-22,9,0.9011111111111111,8.11,1.4,9,NA,NA
14209710,2011-01-23,9,0.48444444444444446,4.36,0.81,9,-0.9634994438824317,2.951697999462811e-5
14209710,2011-01-24,9,0.4633333333333333,4.17,0.71,9,-0.9317810424162082,2.552954956701927e-4
14209710,2011-01-25,9,0.6088888888888889,5.48,0.98,9,-0.9036961141150616,8.296808246244833e-4
14209710,2011-01-26,9,0.7877777777777778,7.09,1.31,9,-0.9493311975587306,9.17358044291206e-5
14209710,2011-01-27,9,0.7177777777777778,6.46,1.12,9,-0.9274260335029679,3.156618366789197e-4
14209710,2011-01-28,9,0.44222222222222224,3.98,0.69,9,-0.8848873194830054,0.0015199719207073283
14209710,2011-01-29,9,0.5877777777777777,5.29,0.99,9,-0.8209326898616117,0.006682861238749153
14209710,2011-01-30,9,0.6333333333333333,5.7,0.99,9,NA,NA
14209710,2011-01-31,9,0.5088888888888888,4.58,0.79,9,-0.4432026302139592,0.2321564114004144
14209710,2011-02-01,9,1.1133333333333333,10.02,1.76,9,-0.10482848367219247,0.7883911389854987
14209710,2011-02-02,9,1.0655555555555556,9.59,1.7,9,-0.9603247147149276,3.939897626808911e-5
14209710,2011-02-03,10,0.556,5.56,0.96,10,-0.9450933096305008,3.720256008865062e-5
14209710,2011-02-04,10,0.319,3.19,0.51,10,-0.9674756269604833,4.7071910039650535e-6
14209710,2011-02-05,11,0.34454545454545454,3.79,0.65,11,-0.9476405430700269,9.332786505440589e-6
14209710,2011-02-06,11,0.47363636363636363,5.21,0.89,11,-0.8036290595848434,0.00288050120884032
14209710,2011-02-08,11,0.6790909090909091,7.470000000000001,1.27,11,NA,NA
14209710,2011-02-09,11,0.9845454545454545,10.83,1.82,11,-0.5299465476284796,0.09358813045557056
14209710,2011-02-10,11,0.9018181818181819,9.92,1.61,11,-0.9660221719182849,1.3694022428543766e-6
14209710,2011-02-11,11,0.5727272727272728,6.3,1.03,11,-0.9655974626719989,1.4472394487221748e-6
14209710,2011-02-12,11,0.43454545454545457,4.78,0.81,11,-0.9739143500083183,4.216203250429263e-7
14209710,2011-02-13,11,0.4881818181818182,5.37,0.95,11,-0.9161232635323838,7.426953487479833e-5
14209710,2011-02-14,11,0.34454545454545454,3.79,0.63,11,-0.48996328134996125,0.12604506197165352
14209710,2011-02-15,11,0.3,3.3,0.57,11,-0.9646538104394095,1.6324144467584677e-6
14209710,2011-02-16,11,0.5599999999999999,6.16,1.18,11,-0.9704361874562435,7.368014740264662e-7
14209710,2011-02-17,11,0.6981818181818181,7.68,1.19,11,-0.9414031165854836,1.5346450847835226e-5
14209710,2011-02-18,11,0.5654545454545454,6.22,0.98,11,-0.9389021210827508,1.8454382355414176e-5
14209710,2011-02-19,11,1.0709090909090908,11.78,1.88,11,-0.7483314773547894,0.008069728848040813
14209710,2011-02-20,11,0.6863636363636364,7.55,1.26,11,-0.8515660290330107,8.797627268709277e-4
14209710,2011-02-21,11,0.7318181818181818,8.05,1.43,11,-0.9365019722253439,2.187131959686353e-5
14209710,2011-02-22,11,0.7127272727272728,7.84,1.25,11,-0.44497190922574975,0.17025121991757808
14209710,2011-02-23,11,0.5390909090909091,5.93,0.93,11,-0.8331993559332355,0.0014461884889591557
14209710,2011-02-24,11,0.8618181818181818,9.48,1.57,11,-0.5896461139383031,0.05623218370908819
14209710,2011-02-25,11,1.32,14.52,2.28,11,-0.7188398968691606,0.012678969794484962
14209710,2011-02-26,11,0.7245454545454546,7.97,1.18,11,-0.9714081828491989,6.347861922538941e-7
14209710,2011-02-27,11,0.5172727272727272,5.69,0.92,11,-0.9827804977021051,6.588172461367217e-8
14209710,2011-02-28,11,0.2109090909090909,2.32,0.37,11,-0.9726164655369723,5.236023796283608e-7
14209710,2011-03-01,11,0.44545454545454544,4.9,0.73,11,-0.9748401948170277,3.5882118266211854e-7
14209710,2011-03-02,11,0.6254545454545455,6.88,1.13,11,-0.6267831705280086,0.03904366873676444
14209710,2011-03-03,11,0.6745454545454546,7.42,1.15,11,-0.9470779954677186,9.784523879335306e-6
14209710,2011-03-04,11,0.4390909090909091,4.83,0.8,11,-0.9363876371905431,2.204539943454892e-5
14209710,2011-03-05,11,0.9863636363636363,10.85,2.23,11,-0.9541190690603242,5.1997445774153695e-6
14209710,2011-03-06,11,1.02,11.22,1.8,11,-0.9489791839229524,8.322337339900528e-6
14209710,2011-03-07,11,0.9972727272727273,10.97,1.69,11,-0.9173933315688185,6.947153148237559e-5
14209710,2011-03-08,11,0.9627272727272728,10.59,1.71,11,-0.9382399352339194,1.9352867919622413e-5
14209710,2011-03-09,11,0.42363636363636364,4.66,0.75,11,-0.9632999709600651,1.929453051163752e-6
14209710,2011-03-10,11,0.600909090909091,6.61,1.16,11,-0.20858284573057342,0.5382328826954266
14209710,2011-03-11,12,1.0991666666666666,13.190000000000001,2.54,12,-0.44195002479793055,0.15029585126178133
14209710,2011-03-12,12,0.4533333333333333,5.4399999999999995,0.94,12,-0.9453730204367191,3.4940550967433636e-6
14209710,2011-03-14,12,0.7041666666666666,8.45,1.37,12,-0.9509715133901223,2.0543288759867343e-6
14209710,2011-03-15,12,0.4125,4.95,0.7,12,-0.8859455463713628,1.251459787463601e-4
14209710,2011-03-16,12,0.5525,6.63,1.11,12,-0.9074069136901681,4.580529366332802e-5
14209710,2011-03-17,12,0.7475,8.97,1.34,12,-0.9694062396758873,2.0051203313365262e-7
14209710,2011-03-18,12,0.7175,8.61,1.4,12,-0.773154069802131,0.003185991067394055
14209710,2011-03-19,13,0.8446153846153847,10.98,1.57,13,-0.9598646349382055,2.0559201181568835e-7
14209710,2011-03-20,13,0.6261538461538462,8.14,1.25,13,-0.9933978983974822,1.0711200466436012e-11
14209710,2011-03-21,13,0.6423076923076922,8.35,1.24,13,-0.8164540760951432,6.610976322934286e-4
14209710,2011-03-22,13,0.7584615384615385,9.86,1.34,13,-0.9450224922400523,1.127516079149788e-6
14209710,2011-03-23,13,0.97,12.61,1.92,13,-0.9818912092746622,2.694127912405357e-9
14209710,2011-03-24,13,0.42153846153846153,5.4799999999999995,0.85,13,-0.8758126765321126,8.694734609152964e-5
14209710,2011-03-25,13,0.8338461538461539,10.84,1.54,13,-0.8495183597333207,2.3715842913589108e-4
14209710,2011-03-26,13,0.85,11.049999999999999,1.71,13,-0.8573153778945767,1.797980469750335e-4
14209710,2011-03-27,13,0.5653846153846154,7.35,1.11,13,-0.7228065722493171,0.005248886125895257
14209710,2011-03-28,13,0.8023076923076923,10.43,1.46,13,-0.9639135940563509,1.1545010799234902e-7
14209710,2011-03-29,13,0.44076923076923075,5.73,0.81,13,-0.8323101973917262,4.154441219036307e-4
14209710,2011-03-30,13,0.45076923076923076,5.86,0.99,13,-0.9847626703284806,1.0481286968185767e-9
14209710,2011-03-31,13,0.6884615384615385,8.95,1.51,13,-0.9364837233460842,2.4532811406206427e-6
14209710,2011-04-01,13,0.9538461538461539,12.4,1.99,13,-0.9894761315754597,1.381329747704151e-10
14209710,2011-04-02,13,1.0561538461538462,13.73,1.94,13,-0.6583967181966436,0.014413955021358152
14209710,2011-04-03,13,0.9384615384615385,12.2,1.69,13,-0.9848450995575612,1.017481215899337e-9
14209710,2011-04-04,13,0.3130769230769231,4.07,0.6,13,-0.9661614336976755,8.140557774313232e-8
14209710,2011-04-05,13,0.9892307692307692,12.86,1.71,13,-0.8963155439761399,3.357268754446732e-5
14209710,2011-04-06,13,0.7438461538461538,9.67,1.56,13,-0.8578737336678047,1.761602124165993e-4
14209710,2011-04-07,13,1.2323076923076923,16.02,2.17,13,-0.9786002289853356,6.707094109852276e-9
14209710,2011-04-08,13,1.68,21.84,2.93,13,-0.9850565363849494,9.421981598606217e-10
14209710,2011-04-09,13,1.0276923076923077,13.36,2.02,13,-0.9650353119044442,9.72540909045398e-8
14209710,2011-04-10,13,0.5623076923076923,7.3100000000000005,1,13,-0.961824354425254,1.5670286247087874e-7
14209710,2011-04-11,13,1.2153846153846155,15.8,2.33,13,-0.38928808618453226,0.18858718629499574
14209710,2011-04-12,14,1.315,18.41,2.93,14,-0.9821990385065785,4.421081029279947e-10
14209710,2011-04-13,14,0.8707142857142858,12.19,1.72,14,-0.6015930993855523,0.022848799474745298
14209710,2011-04-14,14,0.5357142857142857,7.5,1.16,14,-0.7409454895817029,0.002430710328007289
14209710,2011-04-15,14,0.4357142857142857,6.1,0.85,14,-0.9431306812566912,4.317545239550291e-7
14209710,2011-04-16,14,0.635,8.89,1.2,14,-0.9481409387684505,2.510040892516498e-7
14209710,2011-04-17,14,1.3071428571428572,18.3,2.43,14,-0.9802387962214133,8.239678786201348e-10
14209710,2011-04-18,14,1.417142857142857,19.84,2.39,14,-0.9481781642523006,2.499453228381268e-7
14209710,2011-04-19,14,1.5071428571428571,21.1,2.87,14,-0.9796190018706992,9.90378530857019e-10
14209710,2011-04-20,14,1.2464285714285714,17.45,2.22,14,-0.9857943792703339,1.1507900277273818e-10
14209710,2011-04-21,14,1.1885714285714286,16.64,2.32,14,-0.7347056468703991,0.002762438101631155
14209710,2011-04-22,14,1.8464285714285715,25.85,3.24,14,-0.9867691188817038,7.527996964242482e-11
14209710,2011-04-23,14,1.7785714285714285,24.9,3.15,14,-0.9855462322233406,1.276112592427733e-10
14209710,2011-04-24,14,0.7592857142857143,10.63,1.32,14,-0.8838715592247945,2.744854659867174e-5
14209710,2011-04-25,14,0.9392857142857143,13.15,1.73,14,-0.45465282326185547,0.10240185082584595
14209710,2011-04-26,14,1.0364285714285715,14.51,1.94,14,-0.9554955980860912,1.0188890314925835e-7
14209710,2011-04-27,14,0.9107142857142857,12.75,1.84,14,-0.9628217741145745,3.5186003440556155e-8
14209710,2011-04-28,14,0.8714285714285714,12.2,1.63,14,-0.5957932309421716,0.02455548184246008
14209710,2011-04-29,14,1.2442857142857142,17.419999999999998,2.44,14,-0.9734028523500613,4.826364884442752e-9
14209710,2011-04-30,14,1.2835714285714286,17.97,2.45,14,-0.9609879940547292,4.678376977794057e-8
14209710,2011-05-01,14,1.8842857142857143,26.38,3.22,14,-0.9935307271483944,1.0437503660315904e-12
14209710,2011-05-02,14,0.91,12.74,1.67,14,-0.684257797462811,0.006950986105789762
14209710,2011-05-03,14,1.332857142857143,18.66,2.42,14,-0.9651411989440192,2.402714085963425e-8
14209710,2011-05-04,14,1.9785714285714286,27.7,3.34,14,-0.9891954102845882,2.24421881023476e-11
14209710,2011-05-05,14,0.745,10.43,1.49,14,-0.9778707016242546,1.616641349112889e-9
14209710,2011-05-07,15,0.918,13.77,1.93,15,-0.9703362181452642,2.1473633459773534e-9
14209710,2011-05-08,15,1.1833333333333333,17.75,2.46,15,-0.8543449290929003,5.0078661996753555e-5
14209710,2011-05-09,15,0.8653333333333333,12.98,1.68,15,-0.8874862579285067,1.0162952194532742e-5
14209710,2011-05-10,15,1.3173333333333332,19.76,2.71,15,-0.990564626423475,1.316646629198533e-12
14209710,2011-05-11,15,0.5886666666666667,8.83,1.18,15,-0.9031110309736731,3.99796105681708e-6
14209710,2011-05-12,15,1.5346666666666666,23.02,2.75,15,-0.9600697781075782,1.4458356306738846e-8
14209710,2011-05-13,15,1.4946666666666666,22.42,2.72,15,-0.992525745788019,2.9091287862007024e-13
14209710,2011-05-14,15,0.858,12.87,1.79,15,-0.9151910858741108,1.7333867711535844e-6
14209710,2011-05-15,15,0.5666666666666667,8.5,1.26,15,-0.6690286843516403,0.006382573529581514
14209710,2011-05-16,15,1.2806666666666666,19.21,2.42,15,-0.9410643350429589,1.734004336358679e-7
14209710,2011-05-17,15,1.158,17.37,2.09,15,-0.9789517958234363,2.3568909642017935e-10
14209710,2011-05-18,15,1.8026666666666666,27.04,3.14,15,-0.9854772400195223,2.145673381489664e-11
14209710,2011-05-19,15,1.9886666666666666,29.83,3.43,15,-0.9748327226531274,7.457171917131915e-10
14209710,2011-05-20,15,1.756,26.34,3.13,15,-0.9830829956396185,5.752448975777646e-11
14209710,2011-05-21,15,0.8666666666666667,13,1.76,15,-0.8648692749437166,3.1584251663177786e-5
14209710,2011-05-22,15,0.8106666666666666,12.16,1.43,15,-0.7880172634932484,4.843185992141725e-4
14209710,2011-05-23,15,1.1053333333333333,16.580000000000002,2.16,15,-0.9153517645289521,1.7128298062334785e-6
14209710,2011-05-24,15,1.5053333333333334,22.580000000000002,2.89,15,-0.988605802108206,4.466255413862319e-12
14209710,2011-05-25,15,0.7113333333333334,10.67,1.63,15,-0.960192057619207,1.4177170729278658e-8
14209710,2011-05-26,16,0.7787499999999999,12.459999999999999,1.45,16,-0.9176892586619777,5.509485316692191e-7
14209710,2011-05-27,16,1.0125,16.2,2.04,16,-0.9503175654979766,1.756082660679966e-8
14209710,2011-05-28,16,1.196875,19.15,2.29,16,-0.9765836221276881,9.730912010605033e-11
14209710,2011-05-29,16,0.49375,7.9,1.08,16,-0.8540432960993111,2.549470280040909e-5
14209710,2011-05-30,16,1.115,17.84,2.26,16,-0.9797827601169121,3.509521888937633e-11
14209710,2011-05-31,16,0.845,13.52,1.84,16,-0.9679492245334967,8.559154484473302e-10
14209710,2011-06-01,16,1.00375,16.06,2.3,16,-0.9114664805261868,9.02243810737801e-7
14209710,2011-06-02,16,1.030625,16.49,1.9,16,-0.9360193437351433,9.926239140816712e-8
14209710,2011-06-03,16,1.910625,30.57,3.47,16,-0.9882701375959124,7.942985046690671e-13
14209710,2011-06-04,16,1.834375,29.35,3.42,16,-0.9842796575348527,6.103695101146689e-12
14209710,2011-06-05,16,1.2125,19.4,2.63,16,-0.9649302291764853,1.5944201369176462e-9
14209710,2011-06-06,16,1.039375,16.63,2.22,16,-0.9593539790715472,4.41309470331872e-9
14209710,2011-06-07,16,0.774375,12.39,1.54,16,-0.8667088315960821,1.3988889787996639e-5
14209710,2011-06-08,16,0.689375,11.03,1.2,16,-0.8039870432893884,1.7443489098056957e-4
14209710,2011-06-09,16,1.489375,23.83,2.95,16,-0.9841451447326263,6.476501287058403e-12
14209710,2011-06-10,16,0.7725,12.36,1.64,16,-0.9750773554761416,1.499478855106919e-10
14209710,2011-06-11,16,1.3062500000000001,20.900000000000002,2.49,16,-0.9527208345916027,1.2491301292561473e-8
14209710,2011-06-12,16,0.860625,13.77,1.88,16,-0.9041540312282246,1.5414543356511435e-6
14209710,2011-06-13,16,1.009375,16.15,2.05,16,-0.9254081141506325,2.8238527640555995e-7
14209710,2011-06-14,16,1.074375,17.19,2.49,16,-0.9672833099817589,9.866824751937444e-10
14209710,2011-06-15,16,1.0925,17.48,2.07,16,-0.9187276147139642,5.055223533361007e-7
14209710,2011-06-16,16,1.2293749999999999,19.669999999999998,2.34,16,-0.9504706773070966,1.7192526304613603e-8
14209710,2011-06-17,16,1.8525,29.64,3.39,16,-0.9736122160044585,2.2279950356380874e-10
14209710,2011-06-18,16,0.535,8.56,1.25,16,-0.9637608242585988,1.999714149176594e-9
14209710,2011-06-19,16,0.895,14.32,1.67,16,-0.9440252261610265,3.978711066679001e-8
14209710,2011-06-20,16,0.945,15.12,1.66,16,-0.9759546757361266,1.1695157221308513e-10
14209710,2011-06-21,16,1.74125,27.86,3.4,16,-0.971304730596727,3.982042314113459e-10
14209710,2011-06-22,16,0.92625,14.82,1.76,16,-0.9272810976989323,2.3753761371671242e-7
14209710,2011-06-23,16,1.164375,18.63,2.2,16,-0.9185177059956615,5.144399422469222e-7
14209710,2011-06-24,16,1.235,19.76,2.14,16,-0.845655147810721,3.6825970657251476e-5
14209710,2011-06-25,16,1.909375,30.55,3.41,16,-0.9805024466834567,2.728241367891936e-11
14209710,2011-06-26,16,1.451875,23.23,3,16,-0.9516538898697672,1.4561619221267855e-8
14209710,2011-06-27,16,0.881875,14.11,1.69,16,-0.9744924742367611,1.761108900944709e-10
14209710,2011-06-28,16,0.75,12,1.58,16,-0.32563225214398506,0.21841204422731741
14209710,2011-06-29,16,0.681875,10.91,1.38,16,-0.580726025900081,0.018333629495303524
14209710,2011-06-30,16,1.05375,16.86,1.86,16,-0.5387856655779919,0.031286459228854514
14209710,2011-07-01,16,1.950625,31.21,3.48,16,-0.9848340508259364,4.75424937672204e-12
14209710,2011-07-02,16,1.91875,30.7,3.46,16,-0.9742244185357792,1.893469868628108e-10
14209710,2011-07-03,16,1.32625,21.22,2.61,16,-0.9360740261372734,9.868459259333631e-8
14209710,2011-07-04,16,1.94,31.04,3.45,16,-0.9553161701889477,8.472005422447452e-9
14209710,2011-07-05,16,1.934375,30.95,3.44,16,-0.9700397742421023,5.367721895314179e-10
14209710,2011-07-06,16,1.90875,30.54,3.39,16,-0.9596866284764801,4.170098740102624e-9
14209710,2011-07-07,15,0.9746666666666667,14.620000000000001,1.56,15,0.16958365139879136,0.54569880336842
14209710,2011-07-08,15,1.624,24.36,2.94,15,-0.947422291990505,8.385568388096196e-8
14209710,2011-07-09,15,1.9926666666666668,29.89,3.35,15,-0.9597551586900196,1.520348758089796e-8
14209710,2011-07-10,15,1.7893333333333332,26.84,3.06,15,-0.9542269976839566,3.463111250666477e-8
14209710,2011-07-12,15,0.8666666666666667,13,1.72,15,0.08254727184857612,0.7699291967336559
14209710,2011-07-13,15,1.118,16.77,2.13,15,-0.8748432962141987,1.9674513609894315e-5
14209710,2011-07-14,15,0.9593333333333334,14.39,1.65,15,-0.701960089242504,0.0035317752733568185
14209710,2011-07-15,15,1.4306666666666668,21.46,2.5,15,-0.978308245112418,2.8621034489279607e-10
14209710,2011-07-16,15,1.0453333333333332,15.68,1.88,15,0.0583720338493862,0.8362942144685023
14209710,2011-07-17,15,0.5773333333333334,8.66,1.05,15,0.5774391401620875,0.024188096540379848
14209710,2011-07-18,15,1.0866666666666667,16.3,2.01,15,-0.7713382054756932,7.586427111247929e-4
14209710,2011-07-19,15,0.8686666666666667,13.03,1.76,15,0.4577759534198061,0.08618699728003247
14209710,2011-07-20,15,1.376,20.64,2.42,15,-0.9719723282052967,1.4909460887277363e-9
14209710,2011-07-21,15,0.838,12.57,1.74,15,0.35156817489366704,0.19879590872785832
14209710,2011-07-22,15,1.6433333333333333,24.65,2.96,15,-0.9630238023105693,8.83603420531196e-9
14209710,2011-07-23,15,1.954,29.31,3.37,15,-0.9654272068888354,5.7419625199856504e-9
14209710,2011-07-24,15,1.734,26.009999999999998,3.04,15,-0.9737549332631406,9.768355445761818e-10
14209710,2011-07-25,15,0.9486666666666667,14.23,1.62,15,-0.12627110958959584,0.6538490638797677
14209710,2011-07-26,15,1.2913333333333332,19.37,2.32,15,-0.9503919861013326,5.788235636267831e-8
14209710,2011-07-27,15,1.6053333333333333,24.08,2.83,15,-0.9178116674661241,1.4226468009622827e-6
14209710,2011-07-28,15,1.9066666666666667,28.6,3.32,15,-0.9516701296407194,4.9001574173629976e-8
14209710,2011-07-29,15,1.832,27.48,3.28,15,-0.9501353327789344,5.981942737011816e-8
14209710,2011-07-30,15,1.7813333333333334,26.72,3.19,15,-0.9610924211586781,1.22449044792024e-8
14209710,2011-07-31,15,1.5873333333333333,23.81,2.69,15,-0.9472910452450543,8.519844269328748e-8
14209710,2011-08-01,15,1.906,28.59,3.31,15,-0.9541578040499665,3.4966936622598165e-8
14209710,2011-08-02,15,1.7913333333333332,26.87,3.25,15,-0.9319405927170346,4.321925918829851e-7
14209710,2011-08-03,15,1.8,27,3.16,15,-0.9340037120566399,3.5561072404350125e-7
14209710,2011-08-04,15,1.7246666666666668,25.87,3.14,15,-0.9402287580903405,1.8962956060713218e-7
14209710,2011-08-05,15,1.2733333333333334,19.1,2.41,15,-0.9250657359967149,7.943348624176122e-7
14209710,2011-08-06,15,1.2313333333333334,18.47,2.51,15,-0.90882887000274315,2.7307081587513277e-6
14209710,2011-08-07,15,1.4673333333333334,22.01,2.95,15,-0.9345904674563298,3.360380210834888e-7
14209710,2011-08-08,15,1.1486666666666667,17.23,2.37,15,-0.8891454421504232,9.265706050251288e-6
14209710,2011-08-09,15,1.3173333333333335,19.76,2.6,15,-0.8895134799083679,9.07588988019038e-6
14209710,2011-08-10,15,1.7433333333333334,26.15,3.2,15,-0.9455996487374736,1.0418504349626054e-7
14209710,2011-08-11,15,1.6473333333333333,24.71,3.15,15,-0.9112794138520585,2.30139612539546e-6
14209710,2011-08-12,15,1.6293333333333333,24.44,3.14,15,-0.9439404276411708,1.2614265983263177e-7
14209710,2011-08-13,14,0.9328571428571428,13.06,1.64,14,-0.9060436969728239,8.090217180138642e-6
14209710,2011-08-14,14,1.4071428571428573,19.7,2.36,14,-0.8974137532488755,1.3445827682898687e-5
14209710,2011-08-15,14,1.595,22.33,2.68,14,-0.8749202814241805,4.200175772526286e-5
14209710,2011-08-16,14,1.8892857142857142,26.45,3.2,14,-0.9448833741950392,3.591965530152964e-7
14209710,2011-08-17,14,1.8985714285714286,26.58,3.2,14,-0.9454452914795465,3.3819273914645456e-7
14209710,2011-08-18,14,1.657857142857143,23.21,3.09,14,-0.9332460544477605,1.1051043542877681e-6
14209710,2011-08-19,14,1.7892857142857144,25.05,3.1,14,-0.9343253879507061,1.0045184845348738e-6
14209710,2011-08-20,14,1.8042857142857143,25.26,3.08,14,-0.9497383138724749,2.0877193924488228e-7
14209710,2011-08-21,14,1.6907142857142858,23.67,2.92,14,-0.9224314101495502,2.656440736549288e-6
14209710,2011-08-22,14,1.2349999999999999,17.29,2.38,14,-0.9097829609222136,6.3936060440439724e-06
14209710,2011-08-23,14,1.4021428571428571,19.63,2.68,14,-0.9305949336739111,1.3878864511107872e-6
14209710,2011-08-24,14,1.5107142857142857,21.15,2.69,14,-0.9232346869742296,2.500032918711179e-6
14209710,2011-08-25,14,1.6385714285714286,22.94,2.91,14,-0.9046411926741491,8.814834770592556e-6
14209710,2011-08-26,14,1.6407142857142858,22.97,2.93,14,-0.86412995643063,6.734545365546317e-5
14209710,2011-08-27,14,1.717142857142857,24.04,3.01,14,-0.8831870401885231,2.8390077874575008e-5
14209710,2011-08-28,14,1.46,20.44,2.66,14,-0.8378469322535853,1.832947305978058e-4
14209710,2011-08-29,14,0.9542857142857143,13.36,2.2,14,-0.553493575918586,0.040041037104465736
14209710,2011-08-30,14,0.8228571428571428,11.52,1.6,14,-0.2220808408692013,0.44541349047863044
14209710,2011-08-31,14,0.9078571428571429,12.71,1.52,14,0.1663155673370535,0.5698589376711534
14209710,2011-09-01,13,1.78,23.14,2.96,13,-0.9285067319969564,4.629840153791881e-6
14209710,2011-09-02,13,1.766923076923077,22.97,2.97,13,-0.9174131494741136,1.0015308535167346e-5
14209710,2011-09-03,13,1.8,23.400000000000002,2.97,13,-0.9093321900974223,1.647154044110547e-5
14209710,2011-09-04,13,1.7184615384615385,22.34,2.87,13,-0.9131997419999095,1.3059261728842483e-5
14209710,2011-09-05,13,1.643846153846154,21.37,2.74,13,-0.899489198156663,2.8474919969752456e-5
14209710,2011-09-06,13,1.6746153846153846,21.77,2.81,13,-0.854084689034984,2.0203999612925313e-4
14209710,2011-09-07,13,1.583846153846154,20.59,2.72,13,-0.9196132133736519,8.670579104305842e-6
14209710,2011-09-08,13,1.386153846153846,18.02,2.46,13,-0.8127593563360661,7.321191537409128e-4
14209710,2011-09-09,13,1.5292307692307692,19.88,2.64,13,-0.83932603608364,3.331325605585511e-4
14209710,2011-09-10,13,1.5123076923076924,19.66,2.66,13,-0.8175197687709161,6.416587430795443e-4
14209710,2011-09-11,13,1.4130769230769231,18.37,2.49,13,-0.8378994151289246,3.4871816041234197e-4
14209710,2011-09-12,13,1.156153846153846,15.030000000000001,2.19,13,-0.7836277378494262,0.0015271689133203633
14209710,2011-09-13,13,0.8484615384615385,11.03,1.51,13,-0.7911659484234052,0.0012763503712293525
14209710,2011-09-14,13,0.7838461538461539,10.19,1.64,13,-0.8140815434926366,7.060447355170542e-4
14209710,2011-09-15,13,0.6392307692307693,8.31,1.07,13,0.26110949132515726,0.38886549289989847
14209710,2011-09-16,12,1.255,15.06,2.19,12,-0.5021265518386051,0.09620813855327853
14209710,2011-09-17,12,0.505,6.06,0.82,12,-0.06226296316496698,0.8475639872406027
14209710,2011-09-18,12,0.6775,8.13,1.2,12,-0.7019380131017002,0.010938089493967712
14209710,2011-09-19,12,1.3599999999999999,16.32,2.31,12,-0.5079939438301398,0.09176205489490331
14209710,2011-09-20,12,1.59,19.08,2.63,12,-0.7594428163996764,0.004166783274449662
14209710,2011-09-21,12,1.3458333333333332,16.15,2.51,12,-0.8148933534531301,0.0012429466625800368
14209710,2011-09-22,12,1.025,12.3,1.72,12,-0.667432392681203,0.01772127395704053
14209710,2011-09-23,12,1.4708333333333334,17.65,2.47,12,-0.7981981479884656,0.001857519849699722
14209710,2011-09-24,12,1.2958333333333334,15.549999999999999,2.38,12,-0.727338799402652,0.007347024995206066
14209710,2011-09-25,12,0.8108333333333333,9.73,1.69,12,0.2449235510077267,0.4429384832687425
14209710,2011-09-26,12,0.5633333333333334,6.76,1.2,12,-0.6447162399228613,0.023610745073223614
14209710,2011-09-27,12,0.8175,9.81,1.43,12,0.2256046204299404,0.480794227126759
14209710,2011-09-28,12,1.4933333333333334,17.92,2.5,12,-0.7934557446356355,0.0020684962344516846
14209710,2011-09-29,12,1.4616666666666667,17.54,2.46,12,-0.8155635483055896,0.0012220744090204628
14209710,2011-09-30,12,0.9924999999999999,11.91,1.72,12,-0.7172370043789043,0.008648610015468274
14209710,2011-10-01,12,0.6308333333333334,7.57,1.18,12,0.11327916207382037,0.7259419947910517
14209710,2011-10-02,12,0.505,6.06,1.2,12,-0.120889790118304,0.708219128276357
14209710,2011-10-03,12,0.6733333333333333,8.08,1.12,12,0.35142307839244313,0.26265660525050966
14209710,2011-10-04,12,0.6358333333333334,7.63,1.44,12,-0.4445361378407674,0.14764265681992478
14209710,2011-10-05,12,0.6516666666666666,7.82,1.17,12,0.01965931513414834,0.9516445767656856
14209710,2011-10-06,12,0.49666666666666665,5.96,0.94,12,0.2319644038203537,0.46817174794715477
14209710,2011-10-07,12,0.4166666666666667,5,0.78,12,0.2913998834558333,0.35811595270946095
14209710,2011-10-08,12,0.835,10.02,1.46,12,-0.7780407724561115,0.002882828341258512
14209710,2011-10-09,12,0.5425,6.51,1.02,12,-0.3486162726896772,0.2667517943165619
14209710,2011-10-10,12,0.43333333333333335,5.2,0.95,12,0.534514841183941,0.07339293077549938
14209710,2011-10-11,12,0.59,7.08,1.2,12,0.3574139485090102,0.25403862560427204
14209710,2011-10-12,12,0.7883333333333333,9.459999999999999,1.63,12,-0.12063651191609419,0.7088068575049992
14209710,2011-10-13,12,0.4375,5.25,0.93,12,-0.46245467528820206,0.1300850450918396
14209710,2011-10-14,12,0.5958333333333333,7.15,1.14,12,-0.45692243794130466,0.1353527601800846
14209710,2011-10-15,12,0.7783333333333333,9.34,1.43,12,-0.3439190696728813,0.27368708662484365
14209710,2011-10-16,12,0.8833333333333333,10.6,1.74,12,0.124931391975317,0.6988605880370607
14209710,2011-10-17,12,1.1133333333333333,13.36,2.07,12,-0.5090322111700868,0.09098998931473788
14209710,2011-10-18,11,1.239090909090909,13.629999999999999,2.08,11,-0.7414675866978628,0.009010206410946069
14209710,2011-10-19,10,0.41,4.1,0.61,10,-0.30145864662322536,0.39729045446905464
14209710,2011-10-20,10,0.744,7.44,1.46,10,-0.35359348283024544,0.3161831480612076
14209710,2011-10-21,10,0.502,5.0200000000000005,0.79,10,-0.2592572835215972,0.4694809626841977
14209710,2011-10-22,10,0.557,5.57,0.86,10,-0.2804377609623023,0.4325540332765113
14209710,2011-10-23,10,0.701,7.01,1.21,10,-0.32413556339367905,0.36087004693490726
14209710,2011-10-24,10,0.9380000000000001,9.38,1.4,10,0.09371974928126288,0.7967792787533976
14209710,2011-10-25,10,1.2309999999999999,12.31,2,10,-0.42927085878418764,0.2157158928148693
14209710,2011-10-26,10,0.579,5.79,1.08,10,-0.6916400166163815,0.026716641218361276
14209710,2011-10-27,10,1.17,11.7,1.92,10,-0.8308157394083495,0.0029067594792200266
14209710,2011-10-28,10,0.506,5.06,0.99,10,-0.6696297894817959,0.03416559548957903
14209710,2011-10-29,10,0.949,9.49,1.55,10,-0.6251680594996348,0.05325874952123938
14209710,2011-10-30,10,0.404,4.04,0.7,10,-0.6186269274468436,0.056558730146940864
14209710,2011-10-31,10,0.7100000000000001,7.1000000000000005,1.11,10,0.28427565730058824,0.4260107970675856
14209710,2011-11-01,10,1.037,10.37,1.73,10,-0.3221916685210351,0.36392435143523477
14209710,2011-11-02,10,1.008,10.08,1.66,10,-0.8476046634212979,0.001955011857191481
14209710,2011-11-03,10,0.638,6.38,1.13,10,-0.4955782731996748,0.14523000003781641
14209710,2011-11-04,10,0.5630000000000001,5.63,0.98,10,0.43666688230468764,0.2070367515924856
14209710,2011-11-05,10,0.446,4.46,0.75,10,-0.056838136816740166,0.8760674660433564
14209710,2011-11-07,10,0.375,3.75,0.64,10,-0.6334082973311506,0.04928673673598647
14209710,2011-11-08,10,0.662,6.62,1.17,10,-0.5857234866095226,0.07520663581556933
14209710,2011-11-09,10,0.535,5.35,0.95,10,-0.7226997867046981,0.01821599580121135
14209710,2011-11-10,10,0.873,8.73,1.52,10,-0.5944643391047871,0.06991197979129536
14209710,2011-11-11,10,0.486,4.86,0.92,10,-0.8026016669679575,0.005195048780360219
14209710,2011-11-12,10,0.271,2.71,0.66,10,-0.7458930234599471,0.013246208295488431
14209710,2011-11-13,10,0.264,2.64,0.52,10,-0.6776865148059198,0.031293788979185305
14209710,2011-11-14,10,0.32,3.2,0.61,10,-0.2786468222493954,0.4356231820992704
14209710,2011-11-15,10,0.599,5.99,1.02,10,0.20848305143163595,0.5632543061928871
14209710,2011-11-16,10,0.17900000000000002,1.79,0.39,10,-0.19611613513818246,0.5871188240948425
14209710,2011-11-17,10,0.309,3.09,0.61,10,-0.9020492602433509,3.5729354072948507e-4
14209710,2011-11-18,10,0.431,4.3100000000000005,0.76,10,0.03604009889737187,0.921264605302983
14209710,2011-11-19,10,0.523,5.2299999999999995,0.97,10,-0.7596680984080455,0.010793343391165883
14209710,2011-11-20,10,0.671,6.71,1.19,10,-0.7572712299036637,0.011195058767987544
14209710,2011-11-22,10,0.136,1.36,0.26,10,-0.8872182877474744,6.164682649341325e-4
14209710,2011-11-23,10,0.21,2.1,0.36,10,-0.7065875314476722,0.02234619950629066
14209710,2011-11-24,10,0.196,1.96,0.37,10,-0.8421052631578978,0.00223715317617828
14209710,2011-11-25,10,0.626,6.26,1.16,10,-0.5319061074502313,0.11353231173417834
14209710,2011-11-26,10,0.429,4.29,0.83,10,-0.9356464162490489,6.939523849475369e-5
14209710,2011-11-27,10,0.156,1.56,0.3,10,-0.8980066420709482,4.17921997144361e-4
14209710,2011-11-28,10,0.5880000000000001,5.88,1.11,10,-0.5949223346535772,0.06964146430646957
14209710,2011-11-29,10,0.419,4.19,0.83,10,-0.6981600576879724,0.024744302329613225
14209710,2011-11-30,10,0.545,5.45,0.97,10,-0.4381852001066159,0.2052804215507738
14209710,2011-12-01,9,0.7533333333333334,6.78,1.3,9,-0.37336432831617467,0.32229725333664544
14209710,2011-12-02,9,0.68,6.12,1.14,9,-0.9176541150145588,4.8639846891111504e-4
14209710,2011-12-03,9,0.6411111111111111,5.7700000000000005,1.1,9,-0.8838834764831863,0.001565277953172737
14209710,2011-12-04,9,0.6166666666666667,5.55,1.05,9,-0.12700012700018593,0.7447297281621437
14209710,2011-12-05,9,0.7788888888888889,7.01,1.31,9,-0.8803408430829504,0.0017326532331596045
14209710,2011-12-06,9,0.5977777777777777,5.38,0.99,9,-0.9096512726248531,6.675534404653025e-4
14209710,2011-12-07,9,0.49222222222222223,4.43,0.77,9,-0.8082210881986769,0.008384204825507361
14209710,2011-12-08,9,0.7833333333333333,7.05,1.32,9,-0.8719233084191189,0.0021793536703134243
14209710,2011-12-09,9,0.7544444444444445,6.79,1.25,9,-0.9633161312016464,3.0033660591758858e-5
14209710,2011-12-10,9,0.34444444444444444,3.1,0.59,9,-0.7971676734032315,0.010083693452689236
14209710,2011-12-11,9,0.40555555555555556,3.65,0.72,9,-0.731820071851799,0.02500462897794887
14209710,2011-12-12,9,0.8033333333333333,7.2299999999999995,1.34,9,0.49767260179344047,0.1727893114182931
14209710,2011-12-13,9,0.74,6.66,1.28,9,-0.7999999999999994,0.009627924725379917
14209710,2011-12-14,9,0.28888888888888886,2.6,0.59,9,-0.923481182099656,3.78413569797747e-4
14209710,2011-12-15,9,0.31555555555555553,2.84,0.51,9,-0.7847345224193296,0.012256846105035505
14209710,2011-12-16,9,0.5466666666666666,4.92,0.94,9,-0.2936400684442089,0.4431336639875675
14209710,2011-12-17,9,0.5911111111111111,5.32,1.01,9,-0.7385489458759977,0.02304254466903181
14209710,2011-12-18,9,0.2911111111111111,2.62,0.52,9,-0.854409201118681,0.003352561061459948
14209710,2011-12-19,9,0.4388888888888889,3.95,0.78,9,-0.6446583712203043,0.06087257921243574
14209710,2011-12-20,9,0.26666666666666666,2.4,0.45,9,-0.6344324016567215,0.06646612126640251
14209710,2011-12-21,9,0.56,5.04,0.99,9,0.16903085094570372,0.6637468591843148
14209710,2011-12-22,9,0.7,6.3,1.21,9,-0.6106580268910341,0.08068510571454393
14209710,2011-12-23,9,0.47,4.2299999999999995,0.83,9,-0.7389376704881323,0.022932408629419566
14209710,2011-12-24,9,0.5777777777777778,5.2,0.96,9,-0.8187797255358904,0.006952768434506018
14209710,2011-12-25,9,0.27555555555555555,2.48,0.49,9,-0.854761942021338,0.003325420291513412
14209710,2011-12-26,9,0.20444444444444446,1.84,0.37,9,-0.6595999864041645,0.053249586082503214
14209710,2011-12-27,9,0.25222222222222224,2.27,0.54,9,-0.7969618675671055,0.010117367147794173
14209710,2011-12-28,9,0.10333333333333333,0.93,0.17,9,-0.09999999999999487,0.7979716952348612
14209710,2011-12-29,9,0.19333333333333333,1.74,0.38,9,-0.6798896969361994,0.04391376496909243
14209710,2011-12-30,9,0.16777777777777778,1.51,0.32,9,-0.9774694201908257,5.5295350575014975e-6
14209710,2011-12-31,9,0.31333333333333335,2.82,0.58,9,-0.8976656233969146,0.0010199836651469058
14209710,2012-01-01,9,0.5244444444444445,4.72,0.92,9,-0.9574769568755641,5.007599003588987e-5
14209710,2012-01-02,9,0.26555555555555554,2.39,0.68,9,-0.8703517510499127,0.0022707541698652224
14209710,2012-01-03,9,0.3888888888888889,3.5,0.68,9,-0.8590641805916176,0.0030064505768254324
14209710,2012-01-04,9,0.31555555555555553,2.84,0.62,9,-0.961052654370635,3.695294080178346e-5
14209710,2012-01-05,9,0.5555555555555556,5,0.92,9,-0.5534479783349399,0.12214216289436973
14209710,2012-01-06,9,0.33222222222222225,2.99,0.66,9,-0.5500000000000039,0.12497678418832864
14209710,2012-01-07,9,0.39444444444444443,3.55,0.65,9,-0.9417047401333265,1.4872323690762627e-4
14209710,2012-01-08,9,0.6833333333333333,6.15,1.11,9,-0.7905694150420949,0.01120143255409012
14209710,2012-01-09,9,0.27444444444444444,2.47,0.53,9,-0.9777840081728124,5.265616233437988e-6
14209710,2012-01-10,9,0.5144444444444445,4.63,0.82,9,-0.7175169046611902,0.029533151358419604
14209710,2012-01-11,9,0.8211111111111111,7.390000000000001,1.32,9,-0.31622776601683766,0.40708382206558946
14209710,2012-01-12,9,0.7944444444444444,7.15,1.36,9,-0.9094708833511961,6.721081781149763e-4
14209710,2012-01-13,9,0.6411111111111111,5.77,1.14,9,-0.9381193157382658,1.8262415524138067e-4
14209710,2012-01-14,9,0.37333333333333335,3.36,0.61,9,-0.9648684699527865,2.585526642497816e-5
14209710,2012-01-15,9,0.43666666666666665,3.9299999999999997,0.74,9,-0.09068453126375255,0.8165203524232256
14209710,2012-01-16,9,0.3655555555555556,3.29,0.65,9,-0.7568892626614566,0.01821728801973723
14209710,2012-01-17,9,0.2544444444444445,2.29,0.48,9,-0.9241387543200261,3.673949101586592e-4
14209710,2012-01-18,9,0.18555555555555556,1.67,0.3,9,-0.962373382192539,3.2792537248891114e-5
14209710,2012-01-19,9,0.28,2.52,0.5,9,-0.3571428571428508,0.34539871741637057
14209710,2012-01-20,9,0.19444444444444445,1.75,0.35,9,-0.9365238865056509,1.9932528893710537e-4
14209710,2012-01-21,9,0.38,3.42,0.6,9,-0.5303300858899108,0.14189160270147938
14209710,2012-01-22,9,0.1877777777777778,1.69,0.46,9,-0.8829717862184118,0.001607228934587115
14209710,2012-01-23,9,0.7811111111111111,7.03,1.26,9,-0.7252406676228413,0.02702640159824829
14209710,2012-01-24,9,0.18555555555555556,1.67,0.33,9,-0.6628489803598687,0.05167693596599145
14209710,2012-01-25,9,0.37555555555555553,3.38,0.6,9,-0.9478074015494354,1.0160671086779627e-4
14209710,2012-01-26,9,0.7022222222222222,6.32,1.08,9,0.08574929257125743,0.826379823186599
14209710,2012-01-27,9,1.008888888888889,9.08,1.6,9,-1,0
14209710,2012-01-28,9,0.7822222222222223,7.04,1.28,9,-0.9848500996981733,1.3885357713493502e-6
14209710,2012-01-29,9,0.25222222222222224,2.27,0.37,9,-0.9747472077227451,8.220702361900157e-6
14209710,2012-01-30,9,0.6122222222222222,5.51,0.99,9,-0.7960029457578476,0.010275265126753032
14209710,2012-01-31,9,0.5688888888888889,5.12,0.91,9,-0.9799118698777322,3.709478295936199e-6
14209710,2012-02-01,9,0.6811111111111111,6.13,1.05,9,-0.444072578533126,0.2311317900086685
14209710,2012-02-02,9,1.0444444444444445,9.4,1.62,9,-0.9697047025271814,1.5469945371217047e-5
14209710,2012-02-03,10,1.041,10.41,1.78,10,-0.909064822894285,2.677371951415526e-4
14209710,2012-02-04,10,0.993,9.93,1.71,10,-0.9740427886977409,1.9249424987547603e-6
14209710,2012-02-05,11,0.8154545454545454,8.97,1.58,11,-0.9470866884622037,9.777417658099555e-6
14209710,2012-02-06,11,0.9754545454545455,10.73,1.82,11,-0.9502406811605117,7.449316116240976e-6
14209710,2012-02-07,11,0.5363636363636364,5.9,1.03,11,-0.9263186409264746,4.207893456545833e-5
14209710,2012-02-08,11,0.2963636363636364,3.2600000000000002,0.55,11,-0.9138676927026009,8.341089018604051e-5
14209710,2012-02-10,11,0.41909090909090907,4.61,0.76,11,-0.863044240363579,6.231806955030355e-4
14209710,2012-02-11,11,0.6709090909090909,7.38,1.31,11,-0.72581148624940794,0.01145099453451119
14209710,2012-02-12,11,0.5936363636363636,6.53,1.17,11,-0.9597874973317814,2.8963054044206923e-6
14209710,2012-02-13,11,0.47363636363636363,5.21,0.84,11,-0.7960133007122155,0.0033784240294995184
14209710,2012-02-14,11,0.5554545454545454,6.109999999999999,1.15,11,-0.2886751345948104,0.38928314247621554
14209710,2012-02-15,11,0.6327272727272727,6.96,1.16,11,-0.8953821971330641,1.9466255913046368e-4
14209710,2012-02-16,11,0.4390909090909091,4.83,0.75,11,-0.957919954087083,3.543095834681842e-6
14209710,2012-02-17,11,0.32181818181818184,3.54,0.59,11,-0.9611829612004662,2.4757166519774098e-6
14209710,2012-02-18,11,0.4709090909090909,5.18,0.88,11,-0.8457097519776476,0.0010378400127519798
14209710,2012-02-19,11,0.6718181818181818,7.39,1.21,11,-0.8641810183207528,6.012697659250074e-4
14209710,2012-02-20,11,0.35454545454545455,3.9,0.59,11,-0.8491918278948388,9.414872410938673e-4
14209710,2012-02-21,11,0.3690909090909091,4.06,0.59,11,-0.9748191587624083,3.6016225120419643e-7
14209710,2012-02-22,11,0.7572727272727273,8.33,1.34,11,-0.7295111901914916,0.010835543128692402
14209710,2012-02-23,11,0.7545454545454545,8.3,1.43,11,-0.9188264500016847,6.434629173145141e-5
14209710,2012-02-24,11,0.5690909090909091,6.26,1.22,11,-0.9918775487153748,2.269593403140289e-9
14209710,2012-02-25,11,0.5545454545454546,6.1000000000000005,1.01,11,-0.9862055998363197,2.440491098343058e-8
14209710,2012-02-26,11,0.6818181818181819,7.5,1.13,11,-0.9352365678401022,2.3857895246826438e-5
14209710,2012-02-28,11,0.3227272727272727,3.55,0.59,11,-0.8741255451569603,4.334773047872432e-4
14209710,2012-02-29,11,0.38,4.18,0.68,11,-0.732077523217316,0.010422973516049426
14209710,2012-03-01,11,0.7963636363636364,8.76,1.35,11,-0.9483244514818578,8.80541548924375e-6
14209710,2012-03-02,11,0.6290909090909091,6.92,1.05,11,-0.9580638816731375,3.489618351552758e-6
14209710,2012-03-03,11,0.5981818181818183,6.58,1.08,11,-0.9700476423130608,7.809509206731786e-7
14209710,2012-03-04,11,1.1472727272727272,12.620000000000001,1.96,11,-0.9575007580365661,3.702460666235571e-6
14209710,2012-03-05,11,0.5127272727272727,5.64,0.98,11,-0.7953860750825238,0.0034220963693741254
14209710,2012-03-06,11,1.0663636363636364,11.73,1.83,11,-0.9643297020491708,1.7000621041362753e-6
14209710,2012-03-07,11,1.4381818181818182,15.82,2.35,11,-0.9242983608294716,4.738456895354495e-5
14209710,2012-03-08,11,1.4727272727272727,16.2,2.33,11,-0.9562429699405042,4.214009038957091e-6
14209710,2012-03-09,11,1.2272727272727273,13.5,2.05,11,-0.9824008744485415,7.263477212309466e-8
14209710,2012-03-10,12,0.5658333333333333,6.79,1.12,12,-0.987957038454884,1.9551497425422564e-9
14209710,2012-03-12,12,0.295,3.54,0.6,12,-0.9674076376360606,2.74214938747507e-7
14209710,2012-03-13,12,0.8408333333333333,10.09,1.52,12,-0.39707313582368065,0.20122340174748463
14209710,2012-03-14,12,0.2916666666666667,3.5,0.66,12,-0.8527850606590017,4.2302365789662e-4
14209710,2012-03-15,12,0.425,5.1000000000000005,0.81,12,0.3205777008895577,0.30966242205955213
14209710,2012-03-16,12,0.8616666666666667,10.34,1.53,12,-0.9745537979304523,8.051134263413913e-8
14209710,2012-03-17,12,0.8966666666666667,10.76,1.64,12,-0.8923903622361316,9.461953241055666e-5
14209710,2012-03-18,13,0.9092307692307693,11.82,1.63,13,-0.8670238230259278,1.2443505566479295e-4
14209710,2012-03-19,13,0.6953846153846154,9.04,1.64,13,-0.9749268226483491,1.5917356121491997e-8
14209710,2012-03-20,13,0.2784615384615385,3.62,0.68,13,-0.1501878522965259,0.6243173921897069
14209710,2012-03-21,13,0.40384615384615385,5.25,0.77,13,-3.658616457392884e-16,0.9999999999999991
14209710,2012-03-22,13,0.9107692307692308,11.84,1.62,13,-0.9916116849191983,3.983968343395266e-11
14209710,2012-03-23,13,1.3900000000000001,18.07,2.58,13,-0.9809855832093639,3.5174552000381236e-9
14209710,2012-03-24,13,1.1838461538461538,15.39,2.31,13,-0.9793772750756873,5.480689818706417e-9
14209710,2012-03-25,13,0.7369230769230769,9.58,1.89,13,-0.9732142857142861,2.2816910732824136e-8
14209710,2012-03-26,13,1.2561538461538462,16.33,2.44,13,-0.9659404542680663,8.433676824105175e-8
14209710,2012-03-27,13,0.5807692307692308,7.55,1.5,13,-0.8773104249051359,8.15781018890789e-5
14209710,2012-03-28,13,0.6384615384615384,8.3,1.33,13,-0.7897638042132044,0.0013203635962216569
14209710,2012-03-29,13,0.3046153846153846,3.96,0.73,13,-0.972376043871111,2.6987392918639105e-8
14209710,2012-03-30,13,0.5153846153846154,6.7,1.3,13,-0.9730508695656973,2.358569572985421e-8
14209710,2012-03-31,13,0.8061538461538461,10.48,2.11,13,-0.9679332661585172,6.07677724980567e-8
14209710,2012-04-01,13,0.5538461538461539,7.2,1.08,13,-0.9131449075763152,1.3103285587498931e-5
14209710,2012-04-02,13,1.3384615384615384,17.4,2.77,13,-0.994523922470947,3.837973522345518e-12
14209710,2012-04-03,13,0.6953846153846154,9.040000000000001,1.37,13,-0.9535807405545439,4.5202518392810406e-7
14209710,2012-04-04,13,0.6146153846153847,7.99,1.2,13,-0.8995272105753738,2.841788015723656e-5
14209710,2012-04-05,13,1.0253846153846153,13.33,1.98,13,-0.9900303678424338,1.0268994853250024e-10
14209710,2012-04-06,13,1.1292307692307693,14.68,2.18,13,-0.9742648246226974,1.8347032103744462e-8
14209710,2012-04-07,13,1.69,21.97,2.93,13,-0.996029752897031,6.565427984003615e-13
14209710,2012-04-08,13,1.4138461538461538,18.38,2.83,13,-0.9812168869820542,3.289927480789045e-9
14209710,2012-04-09,13,1.1192307692307693,14.55,1.98,13,-0.9844190109309754,1.1841388609538128e-9
14209710,2012-04-10,13,1.0161538461538462,13.21,2.05,13,-0.9162991972497486,1.0757608715605743e-5
14209710,2012-04-11,14,0.6721428571428572,9.41,1.31,14,-0.8571826552255473,8.941596869881484e-5
14209710,2012-04-12,14,1.0678571428571428,14.95,2.14,14,-0.8921980643503585,1.7895762929509482e-5
14209710,2012-04-13,14,1.127857142857143,15.790000000000001,2.25,14,-0.9759419992306194,2.6579921791154003e-9
14209710,2012-04-14,14,1.355,18.97,2.72,14,-0.9671592588129762,1.6873627394552675e-8
14209710,2012-04-15,14,1.29,18.06,2.65,14,-0.985662404940351,1.216099606248822e-10
14209710,2012-04-16,14,0.8464285714285714,11.85,1.89,14,-0.6004805767690752,0.02316903828433926
14209710,2012-04-17,14,0.5621428571428572,7.87,1.04,14,-0.9251512865659323,2.157246508243045e-6
14209710,2012-04-18,14,0.9678571428571429,13.55,1.84,14,-0.9655460819022827,2.2420283994452e-8
14209710,2012-04-19,14,0.3964285714285714,5.55,0.85,14,-0.8685025443320464,5.589373073153367e-5
14209710,2012-04-20,14,0.7028571428571428,9.84,1.37,14,-0.9617464398608017,4.165367939214852e-8
14209710,2012-04-21,14,1.7185714285714286,24.06,3.15,14,-0.9887898457070896,2.79708709608374e-11
14209710,2012-04-22,14,1.8107142857142857,25.35,3.14,14,-0.989822260677454,1.5700346508017184e-11
14209710,2012-04-23,14,1.727142857142857,24.18,3,14,-0.9906895997509911,9.217681104599996e-12
14209710,2012-04-24,14,0.6407142857142857,8.969999999999999,1.39,14,-0.9783034345728291,1.4373414995407233e-9
14209710,2012-04-25,14,0.6857142857142857,9.6,1.59,14,-0.9756063003067497,2.8863375558041074e-9
14209710,2012-04-26,14,1.0935714285714286,15.31,2.02,14,-0.7006578947368423,0.005252557028051271
14209710,2012-04-27,14,1.0578571428571428,14.81,1.98,14,-0.9852076192330507,1.4652579235087392e-10
14209710,2012-04-28,14,0.9892857142857143,13.85,1.77,14,-0.9857397056663646,1.1774827874280936e-10
14209710,2012-04-29,14,1.1235714285714287,15.73,2.22,14,-0.9881820990808853,3.834514284649879e-11
14209710,2012-04-30,14,0.7907142857142857,11.07,1.53,14,-0.7162957644243437,0.003953259252001197
14209710,2012-05-01,14,1.0264285714285715,14.37,2.02,14,-0.9758772603849456,2.700818770820106e-9
14209710,2012-05-02,14,1.0864285714285713,15.209999999999999,1.94,14,-0.9821324756130946,4.52055366555971e-10
14209710,2012-05-03,14,0.69,9.66,1.28,14,-0.6013071161510433,0.02293079959141606
14209710,2012-05-04,14,1.1371428571428572,15.92,2.24,14,-0.9082033467671169,7.0705188619764105e-6
14209710,2012-05-05,15,0.858,12.87,1.51,15,-0.9698470859349196,2.385399774908852e-9
14209710,2012-05-06,15,1.8146666666666667,27.22,3.3,15,-0.9856604101429803,1.976621461596107e-11
14209710,2012-05-07,15,1.8546666666666667,27.82,3.29,15,-0.9901689582953372,1.7179913097249356e-12
14209710,2012-05-08,15,1.6426666666666667,24.64,3.12,15,-0.9875792142249131,7.805494962445558e-12
14209710,2012-05-09,15,1.4333333333333333,21.5,2.48,15,-0.8941545492571586,6.946509625903301e-6
14209710,2012-05-10,15,1.8806666666666667,28.21,3.34,15,-0.9818193598959303,9.159942331590679e-11
14209710,2012-05-11,15,1.9546666666666668,29.32,3.32,15,-0.9878890640673621,6.628402389833625e-12
14209710,2012-05-12,15,1.9866666666666666,29.8,3.43,15,-0.9849227593792913,2.7337505249444166e-11
14209710,2012-05-13,15,1.8880000000000001,28.32,3.37,15,-0.9795006439384877,1.9875860025154248e-10
14209710,2012-05-14,15,1.7233333333333334,25.85,3.02,15,-0.9831517422758324,5.603113208734296e-11
14209710,2012-05-15,15,1.7373333333333334,26.06,3.11,15,-0.9705687901052381,2.0414065607582296e-9
14209710,2012-05-16,15,1.8479999999999999,27.72,3.21,15,-0.976466662555691,4.839375167428881e-10
14209710,2012-05-17,15,1.8553333333333333,27.830000000000002,3.29,15,-0.9449852170756272,1.1190779362981723e-7
14209710,2012-05-18,15,1.76,26.400000000000002,3.06,15,-0.9713569668463,1.7144531832884246e-9
14209710,2012-05-19,15,1.328,19.92,2.45,15,-0.974650322735435,7.812117027322909e-10
14209710,2012-05-20,15,0.6626666666666666,9.94,1.26,15,-0.8391152051006873,9.196138689340743e-5
14209710,2012-05-21,15,0.44133333333333336,6.62,0.91,15,0.273630310635665,0.3237249519681705
14209710,2012-05-22,15,0.622,9.33,1.18,15,-0.5944590127258973,0.01943215940344957
14209710,2012-05-23,15,1.018,15.27,1.9,15,-0.9551994126250586,3.019078429817284e-8
14209710,2012-05-24,15,0.9113333333333333,13.67,1.73,15,-0.9301848136237831,5.078204652628739e-7
14209710,2012-05-25,16,1.55125,24.82,3.03,16,-0.9796855223585572,3.628463498683604e-11
14209710,2012-05-26,16,1.073125,17.17,2.1,16,-0.9783252370515639,5.691145251988156e-11
14209710,2012-05-27,16,0.83375,13.34,1.87,16,-0.963026709321085,2.2966090469129186e-9
14209710,2012-05-28,16,1.006875,16.11,1.95,16,-0.884917278989334,5.2612305964223486e-6
14209710,2012-05-29,16,1.60125,25.62,3.16,16,-0.972040725089744,3.3263180696445334e-10
14209710,2012-05-30,16,1.435625,22.97,2.74,16,-0.9740325445049026,1.9933512413966555e-10
14209710,2012-05-31,16,0.880625,14.09,1.79,16,-0.9648822298085253,1.6095530673020155e-9
14209710,2012-06-01,16,0.9125,14.6,1.99,16,-0.9710585406396217,4.2246696782108104e-10
14209710,2012-06-02,16,1.00375,16.06,1.97,16,-0.8758745391194479,8.713962443060149e-6
14209710,2012-06-03,16,1.04,16.64,2.24,16,-0.8484594801556139,3.264490642582302e-5
14209710,2012-06-04,16,0.58625,9.38,1.19,16,-0.6906891199096841,0.0030538375889755257
14209710,2012-06-05,16,1.341875,21.47,2.72,16,-0.7157652589431992,0.0018205551766857554
14209710,2012-06-06,16,1.328125,21.25,2.35,16,-0.9794922487826404,3.87513880534768e-11
14209710,2012-06-07,16,0.955,15.28,2.05,16,-0.7368511299616148,0.0011293609507912756
14209710,2012-06-08,16,0.881875,14.11,1.72,16,-0.7969622350692774,2.1876537663854842e-4
14209710,2012-06-09,16,0.9675,15.48,1.48,16,-0.8033488641072476,1.7812542325190307e-4
14209710,2012-06-10,16,1.75125,28.02,3.16,16,-0.9865106129707222,2.103113432627024e-12
14209710,2012-06-12,16,0.714375,11.43,1.5,16,-0.8901243320949709,3.859607424192012e-6
14209710,2012-06-13,16,1.116875,17.87,1.85,16,-0.9387340025814815,7.381676806738216e-8
14209710,2012-06-14,16,1.585,25.36,3.22,16,-0.9702718842992856,5.086440150951415e-10
14209710,2012-06-15,16,1.880625,30.09,3.33,16,-0.9727787310402509,2.763705706217752e-10
14209710,2012-06-16,16,1.5487499999999998,24.779999999999998,3.09,16,-0.9861417928319756,2.5377202490950587e-12
14209710,2012-06-17,16,1.14875,18.38,2.28,16,-0.8899133762993406,3.909513660767341e-6
14209710,2012-06-18,16,1.026875,16.43,2.25,16,-0.9598159085090199,4.0787902700172685e-9
14209710,2012-06-19,16,0.913125,14.61,1.9,16,-0.7358977615916302,0.0011550830340670232
14209710,2012-06-20,16,1.92625,30.82,3.42,16,-0.9888081762940498,5.726055643024754e-13
14209710,2012-06-21,16,1.763125,28.21,3.23,16,-0.9755992175083039,1.2948177826981844e-10
14209710,2012-06-22,16,0.691875,11.07,1.7,16,-0.8935013420574447,3.130873483362562e-6
14209710,2012-06-23,16,0.960625,15.37,2.15,16,-0.5765925913445682,0.019383461605006966
14209710,2012-06-24,16,1.23875,19.82,2.34,16,-0.9219055106391265,3.856776718563099e-7
14209710,2012-06-25,16,0.8525,13.64,1.58,16,-0.7537595809654056,0.00074538024919191875
14209710,2012-06-26,16,1.060625,16.97,2.13,16,-0.8393401533249134,4.7904746818118375e-5
14209710,2012-06-27,16,1.944375,31.11,3.49,16,-0.9877759993246268,1.058914315816607e-12
14209710,2012-06-28,16,1.076875,17.23,2.49,16,-0.7979405726902963,2.1208390852212093e-4
14209710,2012-06-29,16,0.886875,14.19,2.07,16,-0.9317100062876016,1.548448367160468e-7
14209710,2012-06-30,16,0.619375,9.91,1.21,16,-0.7477777728932157,8.665204705620264e-4
14209710,2012-07-01,16,0.88625,14.18,1.54,16,-0.8792023814835705,7.270886473761656e-6
14209710,2012-07-02,16,1.13625,18.18,2.31,16,-0.9237420898570583,3.2812300375729165e-7
14209710,2012-07-03,16,1.2237500000000001,19.580000000000002,2.5,16,-0.5159241462795772,0.04078505181497639
14209710,2012-07-04,16,1.908125,30.53,3.4,16,-0.9703622023727405,4.980442920349369e-10
14209710,2012-07-05,16,1.905,30.48,3.41,16,-0.9741262600193265,1.9440189237824072e-10
14209710,2012-07-06,15,1.9126666666666667,28.69,3.34,15,-0.9752632340771135,6.672947016030502e-10
14209710,2012-07-07,15,2.005333333333333,30.080000000000002,3.38,15,-0.9738129778277875,9.630126477013896e-10
14209710,2012-07-08,15,1.858,27.87,3.16,15,-0.9606112895658837,1.3247796478049246e-8
14209710,2012-07-09,15,1.8346666666666667,27.52,3.29,15,-0.9385900329579532,2.251753632993092e-7
14209710,2012-07-10,15,1.8806666666666667,28.21,3.32,15,-0.9353688027300023,3.114747786941955e-7
14209710,2012-07-11,15,1.9493333333333334,29.240000000000002,3.33,15,-0.9550707990789968,3.074901935355657e-8
14209710,2012-07-12,15,1.7673333333333334,26.51,2.86,15,-0.8893504763806854,9.159556138537545e-6
14209710,2012-07-13,15,1.7986666666666666,26.98,3.28,15,-0.9544013512827313,3.3796908267742746e-8
14209710,2012-07-14,15,1.5533333333333332,23.3,2.85,15,-0.9248563664133818,8.084564210192317e-7
14209710,2012-07-15,15,1.04,15.6,2.03,15,-0.7278346888879254,0.0020977934605079488
14209710,2012-07-16,15,1.696,25.44,3.02,15,-0.8932632193136921,7.3194074689262044e-6
14209710,2012-07-17,15,1.1893333333333334,17.84,2.2,15,-0.9036972663815979,3.848905967194173e-6
14209710,2012-07-18,15,0.698,10.47,1.31,15,-0.6962992698248108,0.003930684966922209
14209710,2012-07-19,15,1.408,21.12,2.79,15,-0.9475031376007164,8.303744932037599e-8
14209710,2012-07-20,15,0.756,11.34,1.45,15,-0.27255445125791566,0.3257073406561247
14209710,2012-07-21,15,1.724,25.86,3.3,15,-0.9572785175817835,2.228031915297597e-8
14209710,2012-07-22,15,0.866,12.99,1.55,15,-0.4420347209435693,0.09899437324341051
14209710,2012-07-23,15,1.4266666666666667,21.4,2.45,15,-0.9414984841941948,1.6543916288697937e-7
14209710,2012-07-24,15,1.834,27.51,3.33,15,-0.9265513633784448,6.999376329522106e-7
14209710,2012-07-25,15,1.8093333333333332,27.14,3.22,15,-0.9596855194127106,1.537271203102738e-8
14209710,2012-07-26,15,1.552,23.28,2.91,15,-0.9427655659842157,1.4393533995263417e-7
14209710,2012-07-27,15,1.034,15.51,1.9,15,-0.6565005045321163,0.00785148170412756
14209710,2012-07-28,15,1.6566666666666667,24.85,3.12,15,-0.9183451966927778,1.3654727769748858e-6
14209710,2012-07-29,15,1.3386666666666667,20.08,2.73,15,-0.9332885973656705,3.8074859908939513e-7
14209710,2012-07-30,15,1.2346666666666666,18.52,2.51,15,-0.8915828180079256,8.067804772274946e-6
14209710,2012-07-31,15,1.736,26.04,3.26,15,-0.9337481184069302,3.6443054627409405e-7
14209710,2012-08-01,15,1.5646666666666667,23.47,2.95,15,-0.922170295135318,1.0091022564693555e-6
14209710,2012-08-02,15,1.592,23.88,2.88,15,-0.9172253737798465,1.4877693900315781e-6
14209710,2012-08-03,15,1.8046666666666666,27.07,3.26,15,-0.9483971585992692,7.442702111375983e-8
14209710,2012-08-04,15,1.862,27.93,3.28,15,-0.943190801953729,1.3726695652828644e-7
14209710,2012-08-05,15,1.6793333333333333,25.19,2.99,15,-0.9093898203237263,2.6269713674940697e-6
14209710,2012-08-06,15,1.7086666666666668,25.63,3.14,15,-0.9082905420877098,2.8334547077001386e-6
14209710,2012-08-07,15,1.3533333333333333,20.3,2.65,15,-0.8520283241612967,5.5163497975864287e-5
14209710,2012-08-08,15,1.204,18.06,2.36,15,-0.8071618340940057,2.7508173650245315e-4
14209710,2012-08-09,15,1.5186666666666666,22.779999999999998,2.84,15,-0.8075863914461849,2.71465964794358e-4
14209710,2012-08-10,15,1.5273333333333334,22.91,2.98,15,-0.876967576885893,1.7696674709108704e-5
14209710,2012-08-11,15,1.7313333333333334,25.97,3.16,15,-0.8901033816149813,8.778399705349347e-6
14209710,2012-08-12,14,1.8035714285714286,25.25,3.05,14,-0.8954139254695815,1.502990723734412e-5
14209710,2012-08-13,14,1.7942857142857143,25.12,3.05,14,-0.8987821064420576,1.2442930814371832e-5
14209710,2012-08-14,14,1.8014285714285714,25.22,3.06,14,-0.8839882858880708,2.7290571460855885e-5
14209710,2012-08-15,14,1.832142857142857,25.65,3.11,14,-0.869440704127359,5.365693767663434e-5
14209710,2012-08-16,14,1.657142857142857,23.2,2.92,14,-0.8470773581323039,1.316985647790216e-4
14209710,2012-08-17,14,1.677142857142857,23.48,2.94,14,-0.8531429257390434,1.0474041096296444e-4
14209710,2012-08-18,14,0.8864285714285715,12.41,1.93,14,-0.32895002224957964,0.2508088654844056
14209710,2012-08-19,14,1.377857142857143,19.29,2.58,14,-0.8450837615664357,1.416962542823936e-4
14209710,2012-08-20,14,1.5107142857142857,21.15,2.65,14,-0.8326581030179037,2.188101518957112e-4
14209710,2012-08-21,14,1.467857142857143,20.55,2.66,14,-0.8443597504480126,1.4547590942908133e-4
14209710,2012-08-22,14,1.5964285714285713,22.349999999999998,2.88,14,-0.8087903310919856,4.6091658691393365e-4
14209710,2012-08-23,14,1.2235714285714285,17.13,1.94,14,-0.7433178301789407,0.0023131975029327587
14209710,2012-08-24,14,1.7885714285714285,25.04,3.1,14,-0.857571622288535,8.804238701484152e-5
14209710,2012-08-25,14,1.727142857142857,24.18,3,14,-0.8851422591461524,2.5768419161943773e-5
14209710,2012-08-26,14,1.0742857142857143,15.04,2.1,14,-0.6598571267385979,0.010233725732160482
14209710,2012-08-27,14,1.2642857142857142,17.7,2.59,14,-0.8061962899840033,4.967370919523546e-4
14209710,2012-08-28,14,1.3078571428571428,18.31,2.4,14,-0.4635656966015441,0.09501399339874134
14209710,2012-08-29,14,1.137857142857143,15.93,2.03,14,-0.6638175266482377,0.009632787768905821
14209710,2012-08-30,14,1.6885714285714286,23.64,2.99,14,-0.7938886105208187,6.984707518886743e-4
14209710,2012-08-31,14,1.6807142857142858,23.53,2.99,14,-0.8125445712196832,4.127837077895898e-4
14209710,2012-09-01,13,1.8138461538461539,23.58,3.02,13,-0.8171485682550044,6.483777252740183e-4
14209710,2012-09-02,13,1.7046153846153846,22.16,2.91,13,-0.8487944109110083,2.4314592479980017e-4
14209710,2012-09-03,13,1.7161538461538461,22.31,2.91,13,-0.8767938515223291,8.339907566775562e-5
14209710,2012-09-04,13,1.7338461538461538,22.54,2.9,13,-0.8610203927036553,1.5674009039989899e-4
14209710,2012-09-05,13,1.6438461538461537,21.37,2.82,13,-0.8629445935798913,1.4573308807210237e-4
14209710,2012-09-06,13,1.6315384615384616,21.21,2.77,13,-0.8319602187283052,4.199362194814927e-4
14209710,2012-09-07,13,1.6507692307692308,21.46,2.81,13,-0.7773819170830584,0.0017628836463534597
14209710,2012-09-08,13,1.2938461538461539,16.82,2.4,13,-0.7294649947223145,0.00465732318422865
14209710,2012-09-09,13,0.7492307692307693,9.74,1.49,13,-0.512372901870858,0.07341560221880952
14209710,2012-09-10,13,1.216923076923077,15.82,2.13,13,-0.15209003171685442,0.619882632233816
14209710,2012-09-11,13,1.6838461538461538,21.89,2.87,13,-0.7936944886397992,0.0011998949294142085
14209710,2012-09-12,13,1.6776923076923076,21.81,2.86,13,-0.753328771093137,0.0029474605217511044
14209710,2012-09-13,13,1.53,19.89,2.66,13,-0.8376061549653298,3.5199249359596995e-4
14209710,2012-09-14,13,1.4092307692307693,18.32,2.58,13,-0.8054907866773815,8.893409701717518e-4
14209710,2012-09-15,12,1.6058333333333334,19.27,2.62,12,-0.6874144763199157,0.01350159018644601
14209710,2012-09-16,12,1.6466666666666667,19.76,2.67,12,-0.7138998801709648,0.009114232310311398
14209710,2012-09-17,12,1.6066666666666667,19.28,2.62,12,-0.691565774790413,0.012727788025752976
14209710,2012-09-18,12,1.5183333333333333,18.220000000000002,2.47,12,-0.6597723371351452,0.01957053761114882
14209710,2012-09-19,12,1.1816666666666666,14.18,2.04,12,-0.610006568473837,0.03518437661332491
14209710,2012-09-20,12,0.9208333333333333,11.05,1.64,12,-0.6895887788318005,0.013092088826385198
14209710,2012-09-21,12,0.6133333333333333,7.36,1.21,12,-0.1661173091797601,0.6058682622005016
14209710,2012-09-22,12,1.48,17.76,2.54,12,-0.5237681992550406,0.08050108145935418
14209710,2012-09-23,12,1.3,15.6,2.21,12,-0.4849720924292871,0.11002969706580344
14209710,2012-09-24,12,1.0683333333333334,12.82,1.9,12,-0.43749793811480886,0.15493449314197708
14209710,2012-09-25,12,1.46,17.52,2.58,12,-0.5688076700384924,0.05360894039694224
14209710,2012-09-26,12,1.4266666666666665,17.12,2.48,12,-0.5304632413125043,0.07602010203366197
14209710,2012-09-27,12,1.3391666666666666,16.07,2.31,12,-0.5290745737658217,0.07693515888556943
14209710,2012-09-28,12,1.2466666666666666,14.959999999999999,2.28,12,-0.47166663063658026,0.1216134260426887
14209710,2012-09-29,12,1.2316666666666667,14.780000000000001,2.25,12,-0.5042490464476425,0.09458345021631899
14209710,2012-09-30,12,1.4300000000000002,17.16,2.43,12,-0.5406716093149134,0.06952100460433334
14209710,2012-10-01,12,1.3891666666666667,16.67,2.38,12,-0.7117143732012988,0.009429143843129975
14209710,2012-10-03,12,1.46,17.52,2.48,12,-0.3721651579012984,0.23353367976326106
14209710,2012-10-04,12,1.4225,17.07,2.44,12,-0.4750852709375228,0.11856403830613275
14209710,2012-10-05,12,1.3966666666666667,16.76,2.42,12,-0.42548641510491036,0.16790060975657503
14209710,2012-10-06,12,1.3891666666666667,16.67,2.4,12,-0.7147802812322788,0.008989618120777544
14209710,2012-10-07,12,1.35,16.2,2.35,12,-0.8074560383769622,0.0014934685692305186
14209710,2012-10-08,12,1.2925,15.51,2.27,12,-0.7823623238730644,0.0026334991874958228
14209710,2012-10-09,12,1.2116666666666667,14.54,2.17,12,-0.8097436615688569,0.0014126247644248163
14209710,2012-10-10,12,1.1325,13.59,2,12,-0.8002739354211821,0.001770544611834016
14209710,2012-10-11,12,1.1241666666666668,13.49,2.07,12,-0.7254764426524242,0.007575142643037342
14209710,2012-10-12,12,0.3575,4.29,0.74,12,-0.28119396405674474,0.3759553546625204
14209710,2012-10-13,12,0.36583333333333334,4.39,0.64,12,-0.6237650018733416,0.030197612758653663
14209710,2012-10-14,12,0.31666666666666665,3.8,0.65,12,-0.38087667581284296,0.22190278524954898
14209710,2012-10-15,11,0.23363636363636364,2.57,0.6,11,-0.5400660627473437,0.08634960154257704
14209710,2012-10-16,12,0.8183333333333334,9.82,1.59,12,-0.667308371182029,0.017750152120854942
14209710,2012-10-17,11,1.2118181818181817,13.33,2.09,11,-0.7168222976439282,0.013051425966251778
14209710,2012-10-18,10,1.224,12.24,2.03,10,-0.8112172674915782,0.00439433917640616
14209710,2012-10-19,10,0.323,3.23,0.56,10,0.17791533875835205,0.6228973491297585
14209710,2012-10-20,10,0.795,7.95,1.49,10,0.034815531191139955,0.9239332723098306
14209710,2012-10-21,10,0.756,7.5600000000000005,1.32,10,-0.346746812970306,0.3262986950105932
14209710,2012-10-22,10,0.46399999999999997,4.64,0.96,10,0.6276205565667939,0.052055165954762325
14209710,2012-10-23,10,0.576,5.76,1.01,10,-0.04921630092364394,0.8925997433571033
14209710,2012-10-24,10,0.441,4.41,0.74,10,4.930934772204895e-16,0.9999999999999989
14209710,2012-10-25,10,0.878,8.78,1.32,10,-0.3372273390841951,0.3406372055682783
14209710,2012-10-26,10,0.32,3.1999999999999997,0.57,10,-0.05673178894497302,0.8762978588345838
14209710,2012-10-27,10,0.314,3.14,0.6,10,-0.7043607250604997,0.022963560879505168
14209710,2012-10-28,10,0.228,2.28,0.39,10,-0.8925731045622827,5.108760715748419e-4
14209710,2012-10-29,10,0.608,6.08,1.07,10,-0.24854885280078406,0.48866066712772926
14209710,2012-10-30,10,0.215,2.15,0.33,10,-0.9038461538461544,3.325307260640037e-4
14209710,2012-10-31,10,0.272,2.72,0.48,10,0.12403473458921051,0.7328098736023375
14209710,2012-11-01,10,0.569,5.6899999999999995,0.98,10,0.6006357196670992,0.0663241044222694
14209710,2012-11-02,10,0.377,3.77,0.81,10,-0.5548144561512804,0.09598868110671466
14209710,2012-11-03,10,0.332,3.32,0.77,10,0.12674485010489603,0.7271567608713886
14209710,2012-11-05,10,0.646,6.46,1.06,10,-0.5136533963121357,0.12885618002184762
14209710,2012-11-06,10,0.538,5.38,0.99,10,-0.5681927748978887,0.08659360020153102
14209710,2012-11-07,10,0.717,7.17,1.28,10,-0.07633810206905908,0.8339801367396427
14209710,2012-11-08,10,0.548,5.4799999999999995,0.95,10,-0.44012605623152595,0.20304792004184294
14209710,2012-11-09,10,0.531,5.3100000000000005,0.93,10,0.2539466864548209,0.47895088627533244
14209710,2012-11-10,10,0.522,5.22,0.88,10,0.16963778593599446,0.6394128648195134
14209710,2012-11-11,10,0.247,2.4699999999999998,0.49,10,-0.5513117768636587,0.09855113350255713
14209710,2012-11-12,10,0.425,4.25,0.81,10,-0.8571534748528149,0.001527567887049535
14209710,2012-11-13,10,0.35,3.5,0.68,10,-0.7279996533815616,0.016982303929647762
14209710,2012-11-14,10,0.621,6.21,1.08,10,-0.3385889126350149,0.3385669559850024
14209710,2012-11-15,10,0.849,8.49,1.48,10,-0.3265446625066584,0.35710267017866615
14209710,2012-11-16,10,0.261,2.61,0.46,10,-0.6723039366514514,0.0331933879028534
14209710,2012-11-17,10,0.137,1.3699999999999999,0.21,10,-0.5705443307345511,0.08500579860254723
14209710,2012-11-18,10,0.22999999999999998,2.3,0.47,10,-0.4209083956090938,0.22577612858575644
14209710,2012-11-19,10,0.128,1.28,0.26,10,-0.9752574752567158,1.5914780557590883e-6
14209710,2012-11-20,10,0.372,3.72,0.64,10,-0.9248282014763498,1.2748908487449225e-4
14209710,2012-11-21,10,0.449,4.49,0.89,10,-1,0
14209710,2012-11-22,10,0.473,4.7299999999999995,0.87,10,-0.9811729580420866,5.373541882597864e-7
14209710,2012-11-23,10,0.14500000000000002,1.4500000000000002,0.33,10,-0.9582328233123653,1.2658528962642927e-5
14209710,2012-11-24,10,0.40299999999999997,4.03,0.75,10,-0.5853658536585349,0.0754286364646159
14209710,2012-11-25,10,0.645,6.45,1.2,10,-0.6666666666666649,0.035265203475080685
14209710,2012-11-26,10,0.71,7.1000000000000005,1.3,10,-0.9214426752509266,1.51420478576503e-4
14209710,2012-11-27,10,0.54,5.4,1.02,10,-0.9555211834524228,1.62263117233166e-5
14209710,2012-11-28,9,0.17444444444444443,1.57,0.3,9,-1,0
14209710,2012-11-29,9,0.2788888888888889,2.5100000000000002,0.5,9,-0.9268359597391337,3.2454515997970703e-4
14209710,2012-11-30,9,0.3333333333333333,3,0.7,9,-0.9370425713316356,1.937825932641909e-4
14209710,2012-12-01,9,0.45666666666666667,4.11,0.9,9,NA,NA
14209710,2012-12-02,9,0.3377777777777778,3.04,0.6,9,NA,NA
14209710,2012-12-03,9,0.2788888888888889,2.51,0.47,9,-0.0937155282413436,0.8104760573423981
14209710,2012-12-04,9,0.2011111111111111,1.81,0.32,9,-0.3487149009268139,0.35771034942662083
14209710,2012-12-05,9,0.6333333333333333,5.7,1.08,9,NA,NA
14209710,2012-12-06,9,0.3844444444444444,3.46,0.71,9,0.21549036058631427,0.5776412507935221
14209710,2012-12-07,9,0.2411111111111111,2.17,0.45,9,-0.5669467095138409,0.11141646787533989
14209710,2012-12-08,9,0.2866666666666667,2.58,0.52,9,-0.0449013255066965,0.9086813145900935
14209710,2012-12-09,9,0.2822222222222222,2.54,0.52,9,-0.9355583341255232,2.0993878457841654e-4
14209710,2012-12-10,9,0.3811111111111111,3.4299999999999997,0.6,9,-0.8904986271062112,0.0012833383896003285
14209710,2012-12-11,9,0.1322222222222222,1.19,0.26,9,NA,NA
14209710,2012-12-12,9,0.38222222222222224,3.44,0.71,9,-0.2149317384052728,0.5786520379753777
14209710,2012-12-13,9,0.5222222222222223,4.7,0.92,9,NA,NA
14209710,2012-12-14,9,0.4211111111111111,3.79,0.71,9,-0.8923595662113438,0.0012108885809430018
14209710,2012-12-15,9,0.15222222222222223,1.3699999999999999,0.26,9,-0.6367962615099009,0.06514556110969708
14209710,2012-12-16,9,0.11888888888888889,1.07,0.26,9,-0.6471502289294351,0.05955624087933632
14209710,2012-12-17,9,0.2811111111111111,2.5300000000000002,0.54,9,-0.7380321605827528,0.023189503202198602
14209710,2012-12-18,9,0.33888888888888885,3.05,0.57,9,-0.8244509614010412,0.00625727970694578
14209710,2012-12-19,9,0.14,1.26,0.27,9,0.35714285714285715,0.3453987174163612
14209710,2012-12-20,9,0.19222222222222224,1.73,0.45,9,-0.022118697760190445,0.9549585256663677
14209710,2012-12-21,9,0.39555555555555555,3.56,0.83,9,-0.7709130500212494,0.015018742480635996
14209710,2012-12-22,9,0.27444444444444444,2.47,0.5,9,-0.6249999999999986,0.07190215419662187
14209710,2012-12-23,9,0.1411111111111111,1.27,0.22,9,-0.3001225239993905,0.4326481703072045
14209710,2012-12-24,9,0.42444444444444446,3.82,0.75,9,-0.9141581704393017,5.60621934468685e-4
14209710,2012-12-25,9,0.1511111111111111,1.36,0.26,9,-0.9069676173136427,7.375762111660869e-4
14209710,2012-12-26,9,0.2911111111111111,2.62,0.49,9,-0.9012168334102052,9.046141858385806e-4
14209710,2012-12-27,9,0.41111111111111115,3.7,0.68,9,-0.7005996909525977,0.03554311631498717
14209710,2012-12-28,9,0.35333333333333333,3.18,0.65,9,-0.49507377148833653,0.17539954824280565
14209710,2012-12-29,9,0.4211111111111111,3.79,0.69,9,-0.8902958654911313,0.0012914098549272612
14209710,2012-12-30,9,0.7455555555555555,6.71,1.25,9,-0.3535533905932756,0.35061666282020454
14209710,2012-12-31,9,0.24222222222222223,2.18,0.46,9,-0.776908404753192,0.013774507244300512
14209710,2013-01-01,9,0.7077777777777777,6.37,1.2,9,-0.3001225239993906,0.4326481703072045
14209710,2013-01-02,9,0.7833333333333333,7.05,1.32,9,-0.3990119375605067,0.2874083379175108
14209710,2013-01-03,9,0.47333333333333333,4.26,0.87,9,-0.9504969130435148,8.465659681263085e-5
14209710,2013-01-04,9,0.5011111111111111,4.51,0.87,9,-0.9625669263585254,3.221209171240703e-5
14209710,2013-01-05,9,0.2388888888888889,2.15,0.37,9,-0.8814810993841158,0.0016774915514755826
14209710,2013-01-06,9,0.3322222222222222,2.9899999999999998,0.59,9,-0.8442317648177371,0.004202841091104542
14209710,2013-01-07,9,0.2088888888888889,1.88,0.38,9,-0.8926204124970154,0.0012009660760264188
14209710,2013-01-08,9,0.16444444444444445,1.48,0.35,9,-0.9391975123591793,1.7191173556770764e-4
14209710,2013-01-09,9,0.24888888888888888,2.24,0.45,9,0.5,0.17047066078705375
14209710,2013-01-10,9,0.42444444444444446,3.82,0.69,9,-0.6522197674097285,0.05693411993106499
14209710,2013-01-11,9,0.8011111111111111,7.21,1.3,9,-0.438229910601108,0.2380604599472386
14209710,2013-01-12,9,0.6577777777777778,5.92,1.08,9,-0.7999999999999987,0.00962792472538003
14209710,2013-01-13,9,0.6088888888888889,5.48,1.07,9,-0.8048635871819798,0.008878111426656893
14209710,2013-01-14,9,0.4066666666666667,3.66,0.62,9,-0.9171244113838262,4.971738443851963e-4
14209710,2013-01-15,9,0.6144444444444445,5.53,1.03,9,-0.9101820546182071,6.542765774558944e-4
14209710,2013-01-16,9,0.6133333333333333,5.52,1.02,9,-0.5945643676931165,0.09129767515794034
14209710,2013-01-17,9,0.8233333333333334,7.41,1.34,9,-0.9414021233862208,1.5139744750630193e-4
14209710,2013-01-18,9,0.8022222222222222,7.22,1.29,9,-0.9288843237758518,2.9444199034311995e-4
14209710,2013-01-19,9,0.8433333333333334,7.59,1.35,9,-0.8786143893549274,0.0018185463230580858
14209710,2013-01-20,9,0.8933333333333333,8.040000000000001,1.43,9,-0.9725875871567388,1.0932535188766036e-5
14209710,2013-01-21,9,0.9244444444444445,8.32,1.47,9,-0.900090546206906,9.401628523080577e-4
14209710,2013-01-22,9,0.6677777777777778,6.01,1.12,9,-0.9258244823840253,3.401783536179795e-4
14209710,2013-01-23,9,0.24333333333333335,2.19,0.43,9,-0.8439957151095532,0.004224148102371653
14209710,2013-01-24,9,0.5611111111111111,5.05,0.95,9,-0.9165151389911678,5.097731946494734e-4
14209710,2013-01-25,9,0.4633333333333333,4.17,0.75,9,-0.8486684247915052,0.0038159440558046156
14209710,2013-01-26,9,0.5188888888888888,4.67,0.84,9,-0.39528470752104733,0.29235199244023863
14209710,2013-01-27,9,0.30333333333333334,2.73,0.55,9,-0.9061030445113447,7.611846553941581e-4
14209710,2013-01-28,9,0.2177777777777778,1.96,0.34,9,-0.4756514941544954,0.1956139740938007
14209710,2013-01-29,9,0.3711111111111111,3.34,0.6,9,-0.7092081432669753,0.03239435514598383
14209710,2013-01-30,9,0.41444444444444445,3.73,0.66,9,-0.7256608783772508,0.026894179410184366
14209710,2013-01-31,9,0.6422222222222222,5.78,1.08,9,-0.9285173787440935,2.996840955620379e-4
14209710,2013-02-01,9,0.9211111111111111,8.29,1.48,9,-0.8506574460100005,0.0036507193807742097
14209710,2013-02-02,10,0.909,9.09,1.57,10,-0.8611439571616424,0.0013707967494084696
14209710,2013-02-03,10,0.293,2.9299999999999997,0.63,10,-0.9749960430435692,1.6592891493590097e-6
14209710,2013-02-04,10,0.662,6.62,1.2,10,-0.883720930232558,6.935217151146202e-4
14209710,2013-02-05,11,0.4954545454545455,5.45,0.98,11,-0.7949962992933273,0.0034494455942788104
14209710,2013-02-06,11,0.38545454545454544,4.24,0.74,11,-0.8195488721804504,0.0020178134881450676
14209710,2013-02-07,11,0.5890909090909091,6.48,1.14,11,-0.7822732688826173,0.004434471086217787
14209710,2013-02-08,11,0.8045454545454546,8.85,1.5,11,-0.4329720415135294,0.18345906597178652
14209710,2013-02-09,11,0.41363636363636364,4.55,0.98,11,-0.8148347189142275,0.0022497611583740594
14209710,2013-02-10,11,0.4718181818181818,5.19,0.88,11,-0.8382436273428907,0.0012692631836499074
14209710,2013-02-11,11,0.42818181818181816,4.71,0.77,11,-0.6888728927029745,0.01905894745691709
14209710,2013-02-12,11,0.4627272727272727,5.09,0.87,11,-0.7342302109096986,0.010085800895416113
14209710,2013-02-13,11,0.5409090909090909,5.95,0.99,11,-0.6694134061105514,0.024263003719162096
14209710,2013-02-14,11,0.5609090909090909,6.17,1.05,11,-0.6406470463424178,0.03369203742447453
14209710,2013-02-15,11,1.1181818181818182,12.3,1.99,11,-0.8957415593665784,1.9177423692730172e-4
14209710,2013-02-16,11,0.58,6.38,1.07,11,-0.867917368832642,5.333324807083113e-4
14209710,2013-02-17,11,0.6436363636363637,7.08,1.17,11,-0.46079089621838987,0.15375809184047665
14209710,2013-02-18,11,0.6127272727272727,6.74,1.07,11,-0.869803706329787,5.013248185107471e-4
14209710,2013-02-19,11,0.9427272727272727,10.37,1.71,11,-0.8712613531627276,4.7760390640043496e-4
14209710,2013-02-20,11,0.49,5.39,0.87,11,-0.8950474267423476,1.9738290826145754e-4
14209710,2013-02-21,11,0.35545454545454547,3.9099999999999997,0.74,11,0.35997146521123424,0.2768593863642644
14209710,2013-02-22,11,0.31181818181818183,3.43,0.71,11,-0.4944132324730442,0.12212112952898654
14209710,2013-02-23,11,0.71,7.8100000000000005,1.34,11,0.22116293423234512,0.5134108316101316
14209710,2013-02-24,11,0.86,9.459999999999999,1.52,11,-0.9336760497779992,2.6495359344181716e-5
14209710,2013-02-25,11,0.7081818181818181,7.79,1.22,11,-0.029988007195204,0.9302548394551613
14209710,2013-02-26,11,0.8054545454545454,8.86,1.5,11,-0.9398483133014259,1.7226579100247692e-5
14209710,2013-02-27,11,0.5963636363636363,6.56,1.23,11,-0.894981454806613,1.979223923530231e-4
14209710,2013-02-28,11,0.38545454545454544,4.24,0.71,11,-0.7329876981810234,0.010279430880478726
14209710,2013-03-01,11,0.5581818181818182,6.14,0.99,11,-0.8493300681543097,9.378064546945377e-4
14209710,2013-03-02,11,0.46636363636363637,5.13,0.83,11,-0.9050760909382531,1.2749936041204206e-4
14209710,2013-03-03,11,0.9790909090909091,10.77,1.65,11,-0.9023620138557735,1.441623828337419e-4
14209710,2013-03-04,11,1.3790909090909091,15.17,2.24,11,-0.9450577575820103,1.1547104047958495e-5
14209710,2013-03-05,11,0.42363636363636364,4.66,0.84,11,-0.8983167667150952,1.7201922068824232e-4
14209710,2013-03-06,11,0.3518181818181818,3.87,0.64,11,NA,NA
14209710,2013-03-07,11,1.2572727272727273,13.83,2.06,11,-0.9700829628610836,7.768550717972797e-7
14209710,2013-03-08,11,1.481818181818182,16.3,2.39,11,-0.957345773381543,3.762760004588328e-6
14209710,2013-03-09,11,1.5454545454545454,17,2.5,11,-0.9417060430840096,1.4999303762725268e-5
14209710,2013-03-11,12,0.5775,6.93,1.14,12,-0.8259708288690301,9.31222260479834e-4
14209710,2013-03-12,12,0.6383333333333333,7.66,1.08,12,-0.7650435150776977,0.003741951003396765
14209710,2013-03-13,12,0.8808333333333334,10.57,1.7,12,-0.8500380335668185,4.6174714421703863e-4
14209710,2013-03-14,12,0.6475,7.77,1.27,12,-0.8605900179733738,3.266236116046778e-4
14209710,2013-03-15,12,0.88,10.56,1.53,12,-0.8151525228585534,0.0012348429391464079
14209710,2013-03-16,12,0.44,5.28,0.81,12,-0.6000000000000024,0.03916287999999892
14209710,2013-03-17,12,0.9133333333333333,10.959999999999999,1.63,12,-0.7122123116119203,0.00935669265964688
14209710,2013-03-18,12,1.01,12.120000000000001,1.69,12,-0.9739304571460963,9.077236164754446e-8
14209710,2013-03-19,13,0.3930769230769231,5.11,0.92,13,-0.9311610728781095,3.779644252388476e-6
14209710,2013-03-20,13,0.7192307692307692,9.35,1.61,13,0.031565615678491976,0.9184648435727419
14209710,2013-03-21,13,0.86,11.18,1.68,13,-0.8856992134935602,5.619135294136122e-5
14209710,2013-03-22,13,0.963076923076923,12.52,1.77,13,-0.8794455232317708,7.438610511414913e-5
14209710,2013-03-23,13,1.0469230769230768,13.61,1.92,13,-0.9700941641790706,4.1575585040048774e-8
14209710,2013-03-24,13,0.9876923076923078,12.84,1.82,13,-0.981354180233839,3.1606556127450533e-9
14209710,2013-03-25,13,1.136153846153846,14.77,2.14,13,-0.968429290716925,5.582791618955664e-8
14209710,2013-03-26,13,0.6084615384615385,7.91,1.17,13,-0.9159166229338908,1.102254108182665e-5
14209710,2013-03-27,13,1,13,1.89,13,-0.9209464086063979,7.929367205007007e-6
14209710,2013-03-28,13,0.9930769230769231,12.91,2.01,13,-0.878527123808682,7.74146655198745e-5
14209710,2013-03-29,13,1.043076923076923,13.56,1.9,13,-0.9212299082831863,7.778554463642799e-6
14209710,2013-03-30,13,1.65,21.45,2.86,13,-0.9682881895695664,5.7198566316693035e-8
14209710,2013-03-31,13,1.5023076923076923,19.53,2.67,13,-0.9645796401255234,1.0434079243922086e-7
14209710,2013-04-01,13,0.9099999999999999,11.83,1.66,13,-0.6249509562770692,0.02238234122761787
14209710,2013-04-03,13,1.040769230769231,13.530000000000001,2.1,13,-0.9321596108414387,3.494597859913565e-6
14209710,2013-04-04,13,0.3769230769230769,4.9,0.74,13,-0.3948966314753688,0.18174165991403868
14209710,2013-04-05,13,0.5223076923076924,6.79,1.18,13,-0.6904269213491218,0.008991342006760899
14209710,2013-04-06,13,0.6984615384615385,9.08,1.47,13,-0.6062908646028575,0.02804393142916877
14209710,2013-04-07,13,0.7230769230769231,9.4,1.3,13,-0.745098039215686,0.0034699530512104777
14209710,2013-04-08,13,0.8930769230769231,11.61,1.56,13,-0.9849399105928769,9.831387122091757e-10
14209710,2013-04-09,13,0.8138461538461539,10.58,1.38,13,-0.9792089048808861,5.72950530814679e-9
14209710,2013-04-10,13,0.8653846153846154,11.25,1.71,13,-0.9286282371878489,4.587819418695636e-6
14209710,2013-04-11,14,1.0714285714285714,15,1.85,14,-0.934748210813698,9.67233263518989e-7
14209710,2013-04-12,14,0.7528571428571429,10.540000000000001,1.56,14,-0.9569725691324891,8.347954424007104e-8
14209710,2013-04-13,14,0.9192857142857143,12.87,1.65,14,-0.6678465393107502,0.009049745056008432
14209710,2013-04-14,14,0.9235714285714286,12.93,1.99,14,-0.9109650375676841,5.922675677686885e-6
14209710,2013-04-15,14,1.2164285714285714,17.03,2.17,14,-0.9605247165393492,5.0167122337038805e-8
14209710,2013-04-16,14,1.2578571428571428,17.61,2.26,14,-0.9437428398177599,4.0515217573485757e-7
14209710,2013-04-17,14,1.2592857142857143,17.63,2.46,14,-0.9651018022864251,2.4188461182689382e-8
14209710,2013-04-18,14,0.9078571428571428,12.71,1.73,14,-0.9332414178912645,1.1055537014438492e-6
14209710,2013-04-19,14,0.6257142857142857,8.76,1.15,14,-0.7403726724149311,0.0024597796076286957
14209710,2013-04-20,14,0.9264285714285714,12.97,1.58,14,-0.9309523165253403,1.3466149267135216e-6
14209710,2013-04-21,14,0.68,9.52,1.24,14,-0.92037408058984,3.0941130030702093e-6
14209710,2013-04-22,14,1.9185714285714286,26.86,3.28,14,-0.9458183160566435,3.2481833375955023e-7
14209710,2013-04-23,14,1.8821428571428571,26.35,3.25,14,-0.9853923051869318,1.3594042016831348e-10
14209710,2013-04-24,14,1.9507142857142856,27.31,3.31,14,-0.9778784290564863,1.6132841175156737e-9
14209710,2013-04-25,14,1.6992857142857143,23.79,3.01,14,-0.9726251639039695,5.727794761286454e-9
14209710,2013-04-26,14,1.8614285714285714,26.06,3.1,14,-0.9645374843276826,2.659959195093445e-8
14209710,2013-04-27,14,1.4707142857142856,20.59,2.66,14,-0.9688226124155376,1.2397574677390922e-8
14209710,2013-04-28,14,1.325,18.55,2.8,14,-0.9006606726580559,1.1166722798863201e-5
14209710,2013-04-29,14,1.3278571428571428,18.59,2.33,14,-0.8119748268993493,4.1981549130033985e-4
14209710,2013-04-30,14,1.33,18.62,2.21,14,-0.7737293288615381,0.001166348495629933
14209710,2013-05-01,14,1.98,27.72,3.34,14,-0.9692933279441777,1.1327611605443043e-8
14209710,2013-05-02,14,1.9028571428571428,26.64,3.3,14,-0.9867396195803527,7.628780797389275e-11
14209710,2013-05-03,14,2.01,28.14,3.34,14,-0.9754223572620498,3.018211022400176e-9
14209710,2013-05-04,14,2.0335714285714284,28.47,3.35,14,-0.9742643182679178,3.968568233498961e-9
14209710,2013-05-05,15,1.8853333333333333,28.28,3.35,15,-0.9718441138170697,1.5353658831047899e-9
14209710,2013-05-06,15,1.8599999999999999,27.9,3.3,15,-0.9730267130457048,1.1649837885286686e-9
14209710,2013-05-07,15,1.6300000000000001,24.45,2.93,15,-0.9635425048250378,8.070900213579187e-9
14209710,2013-05-08,15,1.268,19.02,2.57,15,-0.9601448793556595,1.4285108357657784e-8
14209710,2013-05-09,15,1.784,26.759999999999998,3.26,15,-0.9591135672567844,1.6823516138098075e-8
14209710,2013-05-10,15,1.6446666666666667,24.67,3.16,15,-0.9604584636099306,1.3580460486793558e-8
14209710,2013-05-11,15,1.6086666666666667,24.13,2.94,15,-0.9823242438150886,7.636889260399438e-11
14209710,2013-05-12,15,0.764,11.459999999999999,1.83,15,-0.9319956854576725,4.2998163407887644e-7
14209710,2013-05-13,15,0.9,13.5,1.73,15,-0.4435338432884818,0.09772045362193744
14209710,2013-05-14,15,1.7513333333333334,26.27,3.07,15,-0.9521397179422935,4.6040825524936125e-8
14209710,2013-05-15,15,0.7066666666666667,10.6,1.39,15,-0.6178695379112029,0.014101444132568579
14209710,2013-05-16,15,0.9006666666666666,13.51,1.95,15,-0.9823593491054381,7.539473278845743e-11
14209710,2013-05-17,15,1.0906666666666667,16.36,1.92,15,-0.8521675001043969,5.4846436882824185e-5
14209710,2013-05-18,15,0.594,8.91,1.15,15,-0.442375429680384,0.0987038304667087
14209710,2013-05-19,15,1.1846666666666668,17.77,1.9,15,-0.9759504567771807,5.565464237874149e-10
14209710,2013-05-20,15,1.8213333333333335,27.32,3.44,15,-0.9655047709312152,5.659804538220423e-9
14209710,2013-05-21,15,0.7013333333333334,10.52,1.48,15,-0.8659288802312485,3.008889742591725e-5
14209710,2013-05-22,15,0.5093333333333333,7.64,1.08,15,-0.8284928619112297,1.3562094280057769e-4
14209710,2013-05-23,15,0.5473333333333333,8.21,1.22,15,-0.9458370522415659,1.013235367358313e-7
14209710,2013-05-24,15,0.9026666666666666,13.54,1.76,15,-0.9358911280616816,2.958497886630461e-7
14209710,2013-05-25,15,1.1453333333333333,17.18,2.03,15,-0.9635025307650912,8.127809212365269e-9
14209710,2013-05-26,16,0.921875,14.75,1.8,16,-0.9118786467408055,8.742286513961755e-7
14209710,2013-05-27,16,0.64625,10.34,1.3,16,-0.8433842962313846,4.053183046096505e-5
14209710,2013-05-28,16,0.90125,14.42,1.7,16,-0.9086390701717623,1.1157054265583393e-6
14209710,2013-05-29,16,0.936875,14.99,1.7,16,-0.8179815690839873,1.0806873938382388e-4
14209710,2013-05-30,16,1.065,17.04,2.37,16,-0.9416320851689193,5.2993534609547397e-8
14209710,2013-05-31,16,1.434375,22.95,2.42,16,-0.9772397773866484,7.989251717327851e-11
14209710,2013-06-01,16,1.440625,23.05,2.63,16,-0.9797975347070668,3.491744624717457e-11
14209710,2013-06-02,16,1.2449999999999999,19.919999999999998,2.21,16,-0.9455585908302044,3.2891916355652426e-8
14209710,2013-06-03,16,1.73875,27.82,3.43,16,-0.9648556456576498,1.6179869523918496e-9
14209710,2013-06-04,16,1.91625,30.66,3.44,16,-0.8893557083618299,4.044071480947226e-6
14209710,2013-06-05,16,1.843125,29.49,3.27,16,-0.9619778111680725,2.7855827803608366e-9
14209710,2013-06-06,16,1.846875,29.55,3.34,16,-0.9497462694212583,1.8994960445267866e-8
14209710,2013-06-07,16,1.425625,22.81,2.52,16,-0.8963508049141216,2.6098119695861566e-6
14209710,2013-06-08,16,1.93625,30.98,3.43,16,-0.9302734059716753,1.784440145566064e-7
14209710,2013-06-09,16,1.84125,29.46,3.39,16,-0.9447203352063478,3.65228214643829e-8
14209710,2013-06-10,16,1.681875,26.91,3.13,16,-0.9567257832078936,6.79475678630963e-9
14209710,2013-06-11,16,1.065,17.04,2.02,16,-0.222555482710051,0.4074012323224788
14209710,2013-06-12,16,0.8925,14.28,1.75,16,0,1
14209710,2013-06-13,16,1.05,16.8,1.91,16,-0.78463094894474,3.190732332753824e-4
14209710,2013-06-14,16,1.4124999999999999,22.599999999999998,2.79,16,-0.9784534709353235,5.461449014436647e-11
14209710,2013-06-15,16,1.765625,28.25,3.16,16,-0.969355586966179,6.275437028295054e-10
14209710,2013-06-16,16,1.33,21.28,2.8,16,-0.9527097815309233,1.2511387360467781e-8
14209710,2013-06-17,16,1.561875,24.99,2.83,16,-0.9425158153288624,4.773904526395871e-8
14209710,2013-06-18,16,1.2225,19.56,2.24,16,-0.904723190152892,1.4808082870809899e-6
14209710,2013-06-19,16,1.09625,17.54,2.13,16,-0.48556503262798173,0.05655927248199862
14209710,2013-06-20,16,1.126875,18.03,2.24,16,-0.8487625830303305,3.2217849456328025e-5
14209710,2013-06-21,16,1.175625,18.81,2.65,16,-0.9311809033112941,1.632073614281259e-7
14209710,2013-06-22,16,1.724375,27.59,3.17,16,-0.9718293230415679,3.504448440018498e-10
14209710,2013-06-23,16,0.67875,10.86,1.34,16,-0.7214928443674912,0.001605703901259688
14209710,2013-06-24,16,0.7725,12.36,1.8,16,-0.4102650030327794,0.11448289417248125
14209710,2013-06-25,16,0.8306250000000001,13.290000000000001,1.5,16,-0.7203539400594962,0.0016466920413039697
14209710,2013-06-26,16,0.8512500000000001,13.620000000000001,1.69,16,-0.3231348593930191,0.2221706470565331
14209710,2013-06-27,16,1.084375,17.35,1.97,16,-0.9353142247848278,1.0697449746044059e-7
14209710,2013-06-28,16,1.9,30.4,3.37,16,-0.9748203956182014,1.6100074217549822e-10
14209710,2013-06-29,16,1.795,28.72,3.32,16,-0.9380701327504307,7.945907372071876e-8
14209710,2013-06-30,16,1.89125,30.26,3.37,16,-0.9516803848686167,1.4506878686102052e-8
14209710,2013-07-01,16,1.7906250000000001,28.650000000000002,3.24,16,-0.9313290220074187,1.6082858649320698e-7
14209710,2013-07-02,16,1.82125,29.14,3.31,16,-0.9343649405179929,1.1815678380668657e-7
14209710,2013-07-03,16,1.9381249999999999,31.009999999999998,3.44,16,-0.9160077895124112,6.318376460513156e-7
14209710,2013-07-04,16,1.6512499999999999,26.419999999999998,3.03,16,-0.888325432133345,4.302951742161182e-6
14209710,2013-07-05,16,1.408125,22.53,2.67,16,-0.7213588430400147,0.0016104829274648897
14209710,2013-07-06,16,1.6712500000000001,26.740000000000002,3.28,16,-0.9346590911757723,1.1459035468504736e-7
14209710,2013-07-07,15,1.66,24.9,3.11,15,-0.9465004096908168,9.367528335137463e-8
14209710,2013-07-09,15,2.0193333333333334,30.29,3.41,15,-0.9399998440104151,1.942915800506673e-7
14209710,2013-07-10,15,1.9613333333333334,29.42,3.43,15,-0.9186664466108446,1.3319831151493202e-6
14209710,2013-07-11,15,1.926,28.89,3.46,15,-0.9031733497135989,3.981890931240945e-6
14209710,2013-07-12,15,1.7146666666666666,25.72,2.65,15,-0.8424428030594256,8.096207338846951e-5
14209710,2013-07-13,15,1.9973333333333334,29.96,3.37,15,-0.93468844076522,3.328595869875146e-7
14209710,2013-07-14,15,2.0453333333333332,30.68,3.46,15,-0.9305062306576264,4.932034664827214e-7
14209710,2013-07-15,15,2.0126666666666666,30.19,3.4,15,-0.9323201199150053,4.1715287069704256e-7
14209710,2013-07-16,15,1.0626666666666666,15.94,2.06,15,-0.6125300922567186,0.015203347682148762
14209710,2013-07-17,15,1.4173333333333333,21.26,3.05,15,-0.904704572970875,3.603615352039492e-6
14209710,2013-07-18,15,1.864,27.96,3.42,15,-0.9082501643060992,2.8412896096496528e-06
14209710,2013-07-19,15,1.794,26.91,3.31,15,-0.9133586201355777,1.982791977839432e-6
14209710,2013-07-20,15,1.6493333333333333,24.74,3.28,15,-0.9146529840876912,1.8037383072191043e-6
14209710,2013-07-21,15,1.802,27.03,3.34,15,-0.9188211344867686,1.3161038522787266e-6
14209710,2013-07-22,15,1.8186666666666667,27.28,3.34,15,-0.8871268581157455,1.0366527859699089e-5
14209710,2013-07-23,15,1.894,28.41,3.34,15,-0.9084436361563103,2.803911933335379e-6
14209710,2013-07-24,15,1.934,29.009999999999998,3.3,15,-0.911095918474984,2.3314545571264864e-6
14209710,2013-07-25,15,1.956,29.34,3.39,15,-0.8944450395143875,6.828453753187836e-6
14209710,2013-07-26,15,1.974,29.61,3.39,15,-0.8784095623414749,1.645049716630647e-5
14209710,2013-07-27,15,1.916,28.74,3.38,15,-0.8737808267110939,2.0730496157684134e-5
14209710,2013-07-28,15,1.4313333333333333,21.47,2.59,15,-0.86076024557628406,3.797810541723521e-5
14209710,2013-07-29,15,1.486,22.29,3.16,15,-0.892312470865332,7.735382229513612e-6
14209710,2013-07-30,15,1.556,23.34,3.02,15,-0.8793232447579523,1.569927610521333e-5
14209710,2013-07-31,15,1.0326666666666666,15.49,1.87,15,-0.6918925252794147,0.004265356695251852
14209710,2013-08-01,15,0.546,8.19,1.08,15,-0.42315368924304136,0.11604658178634225
14209710,2013-08-02,15,0.8046666666666666,12.07,1.57,15,-0.43237372656884404,0.10748416501222315
14209710,2013-08-03,15,1.526,22.89,3.15,15,-0.9127782505020532,2.067765687979991e-6
14209710,2013-08-04,15,1.7186666666666666,25.78,3.06,15,-0.8878323636698996,9.970060116182202e-6
14209710,2013-08-05,15,1.7786666666666666,26.68,3.19,15,-0.8681271466256283,2.7173078330467057e-5
14209710,2013-08-06,15,1.832,27.48,3.25,15,-0.8616459220093083,3.651655805191583e-5
14209710,2013-08-07,15,1.3733333333333333,20.6,2.73,15,-0.8010752405797871,3.314048019179972e-4
14209710,2013-08-08,15,1.4753333333333334,22.13,3.01,15,-0.8372784573888716,9.854172249720185e-5
14209710,2013-08-09,15,1.2586666666666666,18.88,2.28,15,-0.7598228558171938,0.0010129977186405746
14209710,2013-08-10,15,1.1466666666666667,17.2,2.49,15,-0.4282566358689789,0.11125144616214923
14209710,2013-08-11,15,0.9273333333333333,13.91,1.95,15,-0.80943542438609,2.5616909342963886e-4
14209710,2013-08-12,15,1.194,17.91,2.37,15,-0.8364361070716787,1.0168662636758206e-4
14209710,2013-08-13,14,1.8628571428571428,26.08,3.14,14,-0.876173033508042,3.965179301928003e-5
14209710,2013-08-14,14,1.1914285714285715,16.68,2.29,14,-0.6158222834451405,0.01904005952010885
14209710,2013-08-15,14,0.7964285714285714,11.15,1.39,14,-0.7782665576971445,0.0010439262648015272
14209710,2013-08-16,14,1.2707142857142857,17.79,2.24,14,-0.6970180936582432,0.005597989169930838
14209710,2013-08-17,14,1.4535714285714285,20.35,2.56,14,-0.7608308461758676,0.0015779632296147464
14209710,2013-08-18,14,1.7328571428571429,24.26,3.06,14,-0.8134498913301015,4.018055944593817e-4
14209710,2013-08-19,14,1.717142857142857,24.04,2.8,14,-0.8148269303251008,3.8555928135012104e-4
14209710,2013-08-20,14,1.815,25.41,3.13,14,-0.8129762794518219,4.0751898711678333e-4
14209710,2013-08-21,14,1.5457142857142858,21.64,2.62,14,-0.7925089768901749,7.246632093933505e-4
14209710,2013-08-22,14,0.9535714285714286,13.35,1.82,14,-0.4308149786011938,0.12408518465427212
14209710,2013-08-23,14,0.9185714285714286,12.86,1.9,14,-0.6447287811149175,0.012799049929415364
14209710,2013-08-24,14,1.0414285714285714,14.58,1.77,14,-0.5234387260592094,0.05474338249698617
14209710,2013-08-25,14,0.7378571428571429,10.33,1.71,14,-0.3532006693618668,0.21543620919135362
14209710,2013-08-26,14,1.1421428571428571,15.99,2.25,14,-0.6963538124770795,0.005662899852158611
14209710,2013-08-27,14,1.2407142857142857,17.37,2.57,14,-0.8553104229960735,9.627357716897539e-5
14209710,2013-08-28,14,1.1557142857142857,16.18,2.35,14,-0.7747081664404868,0.0011390157122255985
14209710,2013-08-29,14,0.7614285714285715,10.66,1.5,14,-0.20494584411581251,0.48214362139041034
14209710,2013-08-30,14,1.3307142857142857,18.63,2.59,14,-0.837819918915605,1.8346668328756818e-4
14209710,2013-08-31,14,1.64,22.96,2.94,14,-0.8435539014343421,1.4977852205406284e-4
14209710,2013-09-01,13,1.7553846153846153,22.82,2.92,13,-0.8125805462193508,7.357029196671153e-4
14209710,2013-09-02,13,1.1607692307692308,15.09,2.19,13,-0.6149877477911866,0.02528791321375863
14209710,2013-09-03,13,1.2661538461538462,16.46,2.49,13,-0.7621735520203549,0.00245632088868737
14209710,2013-09-04,13,0.8046153846153846,10.46,1.43,13,-0.47507682108079025,0.10088038282085064
14209710,2013-09-05,13,0.38846153846153847,5.05,0.78,13,-0.21714692642234718,0.4760813092857259
14209710,2013-09-06,13,0.5607692307692308,7.29,1.11,13,0.1615595761809523,0.5979833106651445
14209710,2013-09-07,13,1.6184615384615384,21.04,2.81,13,-0.863869704602442,1.4066557538603333e-4
14209710,2013-09-08,13,1.6323076923076922,21.22,2.79,13,-0.8201501380959793,5.956069850743964e-4
14209710,2013-09-09,13,1.5307692307692307,19.9,2.75,13,-0.8250638616668322,5.16595713032032e-4
14209710,2013-09-10,13,1.6076923076923078,20.9,2.74,13,-0.8122403486496746,7.425594572945522e-4
14209710,2013-09-11,13,1.5784615384615386,20.52,2.73,13,-0.7896749454865214,0.0013231924373443725
14209710,2013-09-12,13,1.3892307692307693,18.060000000000002,2.48,13,-0.7885754236140223,0.0013585908200474813
14209710,2013-09-13,13,1.0392307692307692,13.51,2,13,-0.8029986519943177,9.48965515057703e-4
14209710,2013-09-14,13,1.1784615384615384,15.32,2.38,13,-0.8009679617308106,9.9983784658404e-4
14209710,2013-09-15,12,0.485,5.82,0.83,12,-0.3625022160895064,0.2468506627090199
14209710,2013-09-16,12,0.7266666666666667,8.72,1.3,12,-0.321037422955637,0.3089297232634088
14209710,2013-09-17,12,1.0166666666666666,12.2,1.78,12,-0.11378834973568908,0.7247522857033872
14209710,2013-09-18,12,1.2291666666666667,14.75,2,12,-0.14888901548233224,0.644209610220401
14209710,2013-09-19,12,1.62,19.44,2.62,12,-0.8339915284737366,7.461016061200081e-4
14209710,2013-09-20,12,0.88,10.56,1.77,12,-0.7629109260329469,0.003899642054978971
14209710,2013-09-21,12,0.8108333333333333,9.73,1.43,12,-0.1984333148923078,0.5364142945880609
14209710,2013-09-22,12,0.43,5.16,0.86,12,-0.006620339266653476,0.9837087108929191
14209710,2013-09-23,12,0.5666666666666667,6.8,0.94,12,-0.28922043269888553,0.36188731392239804
14209710,2013-09-24,12,0.665,7.98,1.36,12,-0.07676554027245547,0.8125613094073034
14209710,2013-09-25,12,0.8591666666666666,10.31,1.48,12,-0.11723543102267875,0.7167130397035509
14209710,2013-09-26,12,1.1083333333333334,13.3,2.05,12,-0.1934452815314173,0.5469101775524342
14209710,2013-09-27,12,0.3883333333333333,4.66,0.8,12,-0.26647723906920945,0.402470114139465
14209710,2013-09-28,12,0.26666666666666666,3.2,0.56,12,-0.8842513514203338,1.343238801335833e-4
14209710,2013-09-29,12,0.26,3.12,0.46,12,-0.8692885887910909,2.4031500169862814e-4
14209710,2013-09-30,12,0.665,7.98,1.27,12,-0.6210590034081208,0.031135499270330557
14209710,2013-10-01,12,0.85,10.2,1.92,12,-0.07585341080634124,0.8147541727203657
14209710,2013-10-02,12,0.5783333333333334,6.94,1.12,12,-0.7630270261187365,0.003890929759245029
14209710,2013-10-03,12,0.9525,11.43,1.69,12,-0.657733349995283,0.02008567347247549
14209710,2013-10-04,12,1.27,15.24,2.35,12,-0.9333540451616368,9.252478707032079e-6
14209710,2013-10-05,12,1.3733333333333333,16.48,2.38,12,-0.9509892802554984,2.0506712254433974e-6
14209710,2013-10-06,12,1.3416666666666666,16.099999999999998,2.36,12,-0.9396953252812866,5.673451525707457e-6
14209710,2013-10-07,12,0.7266666666666667,8.72,1.56,12,-0.3417243269357658,0.276962682457905
14209710,2013-10-08,12,0.5158333333333334,6.19,0.93,12,-0.11826247919781144,0.7143228241209043
14209710,2013-10-09,12,1.0358333333333334,12.43,1.76,12,-0.9055115654320892,5.052354402806246e-5
14209710,2013-10-10,12,0.66,7.92,1.28,12,-0.7659359936510214,0.003677414034869138
14209710,2013-10-11,12,0.6216666666666667,7.46,1.14,12,-0.7430455800615337,0.0056220936733760805
14209710,2013-10-12,12,0.5983333333333334,7.180000000000001,1.12,12,-0.020820144190327215,0.9487925284090388
14209710,2013-10-13,12,1.1041666666666667,13.25,2.11,12,-0.7384759972637936,0.006088515056462234
14209710,2013-10-14,12,1.1933333333333334,14.32,2.15,12,-0.8480170671746888,4.919504659566167e-4
14209710,2013-10-15,12,1.1833333333333333,14.2,2.16,12,-0.8914694475134034,9.858026681304318e-5
14209710,2013-10-16,12,1.1375,13.65,2.1,12,-0.8421471763873332,5.884318774834471e-4
14209710,2013-10-17,11,1.1963636363636363,13.16,2.09,11,-0.8863151754604259,2.791525816531644e-4
14209710,2013-10-18,11,1.2645454545454546,13.91,2.12,11,-0.9000843051111501,1.5938541606948597e-4
14209710,2013-10-19,10,1.371,13.709999999999999,2.09,10,-0.8873807034817714,6.130494436565292e-4
14209710,2013-10-20,10,1.233,12.33,1.98,10,-0.8695874876214146,0.0010779990273945906
14209710,2013-10-21,10,1.287,12.87,2,10,-0.9340609916152646,7.634172388116061e-5
14209710,2013-10-22,10,1.2409999999999999,12.41,1.92,10,-0.8754708019581572,9.029040654311561e-4
14209710,2013-10-24,10,1.081,10.81,1.76,10,-0.7716456580556381,0.00893653273622899
14209710,2013-10-25,10,0.75,7.5,1.28,10,-0.8040091078879206,0.0050576549357348646
14209710,2013-10-26,10,0.892,8.92,1.46,10,-0.7466716500930866,0.013098067931588986
14209710,2013-10-27,10,0.655,6.55,1.09,10,-0.6666666666666655,0.03526520347508044
14209710,2013-10-28,10,1.147,11.47,1.86,10,-0.09604918978097957,0.7918200282314323
14209710,2013-10-29,10,1.194,11.94,1.92,10,-0.6656136114582888,0.03566168858523312
14209710,2013-10-30,10,0.912,9.12,1.73,10,-0.7590059380958081,0.010903291233406052
14209710,2013-10-31,10,0.444,4.44,0.73,10,-0.9777901165555238,1.0364325940903932e-6
14209710,2013-11-01,10,0.897,8.97,1.63,10,-0.7669943211454662,0.009628367730031617
14209710,2013-11-02,10,0.61,6.1,1.18,10,0.8576900278702368,0.001505768047143835
14209710,2013-11-04,10,0.311,3.11,0.53,10,-0.871268794196655,0.0010256432399206792
14209710,2013-11-05,10,0.282,2.82,0.49,10,-0.6416358304653501,0.04552277289505312
14209710,2013-11-06,10,0.311,3.11,0.62,10,-0.7917695930241001,0.006343052767774425
14209710,2013-11-07,10,0.432,4.32,0.81,10,-0.3149386636715808,0.3754334240592444
14209710,2013-11-08,10,0.389,3.89,0.65,10,-0.24845199749997668,0.4888356613687841
14209710,2013-11-09,10,0.4,4,0.68,10,-0.7835201440083919,0.007330497459000211
14209710,2013-11-10,10,0.712,7.12,1.34,10,-0.6611427406099192,0.03737860162477725
14209710,2013-11-11,10,0.712,7.12,1.46,10,-0.7064023621446048,0.022397094942866666
14209710,2013-11-12,10,0.35,3.5,0.6,10,-0.4512195121951219,0.1905590426235093
14209710,2013-11-13,10,0.584,5.84,1.02,10,-0.46837968853801715,0.17215059495556267
14209710,2013-11-14,10,0.325,3.25,0.62,10,-0.4543368996115362,0.1871327299976676
14209710,2013-11-15,10,0.229,2.29,0.52,10,-0.3411441196105057,0.33469924822923147
14209710,2013-11-16,10,0.322,3.22,0.6,10,-0.6828458871369271,0.029543708559587396
14209710,2013-11-17,10,0.388,3.88,0.68,10,-0.703785388078299,0.02312495537413599
14209710,2013-11-18,10,0.186,1.86,0.41,10,-0.7532307563147776,0.01189583379698637
14209710,2013-11-19,10,0.288,2.88,0.56,10,0.5991094247585695,0.06719997140735934
14209710,2013-11-20,10,0.861,8.61,1.53,10,-0.8985130539179736,4.099420812276112e-4
14209710,2013-11-21,10,0.897,8.97,1.57,10,-0.6476694028829139,0.0428881590421889
14209710,2013-11-22,10,0.861,8.61,1.53,10,-0.819155567294537,0.0037385230461142375
14209710,2013-11-23,10,0.751,7.51,1.35,10,-0.895801770708895,4.5399913393835906e-4
14209710,2013-11-24,10,0.816,8.16,1.45,10,-0.9063652172359058,2.9996729056035697e-4
14209710,2013-11-25,10,0.762,7.62,1.38,10,-0.8906299979350543,5.475225193864115e-4
14209710,2013-11-26,10,0.512,5.12,0.98,10,-0.8365343816382474,0.0025518033223259134
14209710,2013-11-27,10,0.67,6.7,1.25,10,-0.7792719967903431,0.007879316926036167
14209710,2013-11-28,10,0.755,7.55,1.38,10,-0.6261106284485685,0.052794015310715
14209710,2013-11-29,10,0.315,3.1500000000000004,0.54,10,-0.8264553883539952,0.0032002974167391358
14209710,2013-11-30,9,0.38222222222222224,3.44,0.64,9,-0.8621243686187584,0.0027928346373853456
14209710,2013-12-01,9,0.1388888888888889,1.25,0.26,9,-0.9377508322452321,1.8639044682809908e-4
14209710,2013-12-02,9,0.5388888888888889,4.85,0.94,9,-0.9528427586393767,7.159375041738642e-5
14209710,2013-12-03,9,0.6566666666666666,5.91,1.13,9,-0.16854996561581054,0.6646582183645231
14209710,2013-12-04,9,0.851111111111111,7.66,1.41,9,-0.7329966878690536,0.02465389932361493
14209710,2013-12-05,9,0.6022222222222222,5.42,1,9,-0.8669214468630094,0.0024793936430720725
14209710,2013-12-06,9,0.3511111111111111,3.16,0.65,9,0.21821789023599236,0.5727151653763798
14209710,2013-12-07,9,0.84,7.56,1.4,9,-0.8934051474415643,0.0011714560433473825
14209710,2013-12-08,9,0.4877777777777778,4.39,0.8,9,-0.8280086818880291,0.005846084258624776
14209710,2013-12-09,9,0.35888888888888887,3.23,0.58,9,-0.9760682282101447,6.820256692003408e-6
14209710,2013-12-10,9,0.3844444444444444,3.46,0.67,9,-0.7935804442125494,0.010681542467701418
14209710,2013-12-11,9,0.6577777777777778,5.92,1.17,9,-0.9310959919901974,2.642010579981654e-4
14209710,2013-12-12,9,0.27,2.43,0.5,9,-0.9253828765605548,3.471665144176247e-4
14209710,2013-12-13,9,0.3277777777777778,2.95,0.54,9,-0.932143217238428,0.00025067356576563083
14209710,2013-12-14,9,0.36,3.2399999999999998,0.63,9,-0.6540069712804386,0.05602748944396561
14209710,2013-12-15,9,0.34444444444444444,3.1,0.54,9,-0.8013876853447529,0.009409790049984962
14209710,2013-12-16,9,0.56,5.04,0.95,9,-0.22360679774997422,0.5630278036985487
14209710,2013-12-17,9,0.4788888888888889,4.31,0.84,9,-0.7086833868923007,0.03258088288825118
14209710,2013-12-19,9,0.5488888888888889,4.9399999999999995,0.97,9,-0.06063390625908324,0.8768554333221693
14209710,2013-12-20,9,0.18333333333333332,1.65,0.36,9,-0.7682212795973759,0.015600982498693355
14209710,2013-12-21,9,0.39666666666666667,3.57,0.67,9,-0.8652681999844202,0.0025845180169805724
14209710,2013-12-22,9,0.3188888888888889,2.87,0.54,9,-0.5938434674701407,0.09179202524224934
14209710,2013-12-23,9,0.32666666666666666,2.94,0.55,9,-0.5899966326090919,0.09445766337774258
14209710,2013-12-24,9,0.6511111111111111,5.86,1.11,9,0.2500000000000013,0.5164895523012241
14209710,2013-12-25,9,0.5611111111111111,5.05,0.98,9,-0.8272606539498052,0.005930962637725811
14209710,2013-12-26,9,0.5922222222222222,5.33,1.06,9,-0.8280786712108237,0.005838185229815491
14209710,2013-12-27,9,0.5,4.5,0.89,9,-0.8527168641584205,0.0034848942837514027
14209710,2013-12-28,9,0.4488888888888889,4.04,0.74,9,-0.8070175438596505,0.008559054583043601
14209710,2013-12-29,9,0.52,4.68,0.89,9,-0.5134553180524698,0.15741710934792305
14209710,2013-12-30,9,0.22333333333333333,2.0100000000000002,0.36,9,-0.8162866576485328,0.007274459002967583
14209710,2013-12-31,9,0.4222222222222222,3.8,0.75,9,-0.6982565352753433,0.03643326172504285
14209710,2014-01-01,9,0.5044444444444445,4.54,0.89,9,-0.36280950978940313,0.33723903151051815
14209710,2014-01-02,9,0.4622222222222222,4.16,0.88,9,-0.9076923076923086,7.181852646184499e-4
14209710,2014-01-03,9,0.5466666666666666,4.92,0.89,9,-0.27116307227331976,0.48032959364178474
14209710,2014-01-04,9,0.8055555555555556,7.25,1.38,9,-0.44450044450066706,0.23062875457943038
14209710,2014-01-05,9,0.8322222222222222,7.49,1.39,9,-0.793651626333156,0.010669452793393762
14209710,2014-01-06,9,0.34,3.06,0.54,9,-0.8830978719581427,0.0016013812570425648
14209710,2014-01-07,9,0.11222222222222222,1.01,0.19,9,-0.9293969078403961,2.872275695640908e-4
14209710,2014-01-08,9,0.16111111111111112,1.45,0.3,9,-0.7247389612974485,0.027184824540455458
14209710,2014-01-09,9,0.1622222222222222,1.46,0.27,9,-0.7592566023652967,0.01764830711013518
14209710,2014-01-10,9,0.37444444444444447,3.37,0.7,9,-0.7919725251981656,0.010957098420638965
14209710,2014-01-11,9,0.2722222222222222,2.45,0.52,9,-0.30802055181684845,0.42002380713955867
14209710,2014-01-12,9,0.30666666666666664,2.7600000000000002,0.59,9,-0.8547619420213369,0.0033254202915134917
14209710,2014-01-13,9,0.41000000000000003,3.69,0.65,9,NA,NA
14209710,2014-01-14,9,0.5611111111111111,5.05,0.91,9,-0.9045340337332919,8.053674295211774e-4
14209710,2014-01-15,9,0.6333333333333333,5.7,1.03,9,-0.5590169943749475,0.11764555596144664
14209710,2014-01-16,9,0.8033333333333333,7.23,1.35,9,-0.9135658974625875,5.73936219567527e-4
14209710,2014-01-17,9,0.6922222222222222,6.23,1.13,9,-0.9296260245144512,2.8404335715441167e-4
14209710,2014-01-18,9,0.7466666666666667,6.72,1.23,9,-0.8012394977935327,0.009432923241862987
14209710,2014-01-19,9,0.6877777777777778,6.19,1.18,9,-0.8510706514661387,0.0036170225773573717
14209710,2014-01-20,9,0.9133333333333333,8.22,1.49,9,-0.8634624345543509,0.0027028099252762424
14209710,2014-01-21,9,0.7833333333333333,7.05,1.26,9,-0.6921833889877936,0.03880729582139831
14209710,2014-01-22,9,0.5377777777777778,4.84,0.88,9,-0.8219740016489074,0.006554912242706014
14209710,2014-01-23,9,0.9944444444444445,8.95,1.55,9,-0.030802055181687042,0.937300159411967
14209710,2014-01-24,9,0.9655555555555555,8.69,1.56,9,-0.8199300485187098,0.006807653916752611
14209710,2014-01-25,9,0.9877777777777778,8.89,1.58,9,-0.9049578219180962,7.932619616174269e-4
14209710,2014-01-26,9,1.0033333333333334,9.03,1.58,9,-0.9373933003072494,1.9009673340356648e-4
14209710,2014-01-27,9,0.3111111111111111,2.8000000000000003,0.54,9,-0.6465944642798125,0.059848252571046465
14209710,2014-01-28,9,0.39666666666666667,3.57,0.69,9,-0.8037122922066264,0.00905190224373714
14209710,2014-01-29,9,0.3577777777777778,3.22,0.65,9,-0.6451822708364066,0.06059431654704549
14209710,2014-01-30,9,0.5711111111111111,5.14,0.87,9,-0.3749999999999978,0.320011882388634
14209710,2014-01-31,9,0.5611111111111111,5.05,0.86,9,-0.6826486480841975,0.042732276557053715
14209710,2014-02-01,9,0.7733333333333333,6.96,1.14,9,-0.5412658773652756,0.13233097797166332
14209710,2014-02-02,10,0.844,8.44,1.46,10,-0.8192368286971773,0.003732197563201122
14209710,2014-02-03,10,0.579,5.79,1.18,10,0.059226406262727196,0.8708957390922591
14209710,2014-02-04,10,0.537,5.37,0.9,10,-0.14002800840280094,0.6996245047604209
14209710,2014-02-05,11,0.9963636363636363,10.959999999999999,1.84,11,-0.7899068468730872,0.0038216168174191032
14209710,2014-02-06,11,0.32181818181818184,3.54,0.56,11,NA,NA
14209710,2014-02-07,11,0.2681818181818182,2.95,0.75,11,NA,NA
14209710,2014-02-08,11,0.2581818181818182,2.84,0.55,11,NA,NA
14209710,2014-02-09,11,0.41909090909090907,4.609999999999999,0.82,11,-0.8435431424422727,0.001101420783690252
14209710,2014-02-10,11,0.37,4.07,0.66,11,-0.9172277553404685,7.008320501215015e-5
14209710,2014-02-11,11,0.25,2.75,0.46,11,-0.8576725941853314,7.349842549552063e-4
14209710,2014-02-12,11,0.5718181818181818,6.29,1.11,11,0.002448070273550666,0.994300419497884
14209710,2014-02-13,11,0.7427272727272728,8.17,1.38,11,-0.8473573449484948,9.91368865309258e-4
14209710,2014-02-14,11,0.45545454545454545,5.01,0.86,11,0.33227151796955656,0.31811664246095184
14209710,2014-02-15,11,0.19272727272727272,2.12,0.36,11,-0.960700372373953,2.615432758977169e-6
14209710,2014-02-16,11,0.5318181818181819,5.8500000000000005,1.1,11,-0.9038327258618033,1.349394496850101e-4
14209710,2014-02-17,11,0.5945454545454546,6.54,1.32,11,-0.00942641475768608,0.9780556070412819
14209710,2014-02-18,11,0.2318181818181818,2.5500000000000003,0.55,11,-0.9030837547999645,1.3957819213431596e-4
14209710,2014-02-19,11,0.6954545454545454,7.65,1.33,11,-0.9410064909857695,1.5810277388624507e-5
14209710,2014-02-20,11,0.3518181818181818,3.87,0.63,11,-0.7654614972448057,0.006036636383207892
14209710,2014-02-21,11,0.8045454545454546,8.85,1.47,11,-0.9138670458262173,8.341362937359127e-5
14209710,2014-02-22,11,0.899090909090909,9.89,1.74,11,-0.9068627306029157,1.173612686852298e-4
14209710,2014-02-23,11,0.6945454545454546,7.64,1.43,11,-0.987085296828519,1.816536941052112e-8
14209710,2014-02-24,11,0.42,4.62,0.74,11,-0.8289197970883052,0.0016102563255831481
14209710,2014-02-25,11,1.059090909090909,11.65,1.78,11,-0.6062524807143134,0.048012654339918505
14209710,2014-02-26,11,0.7290909090909091,8.02,1.39,11,-0.952300132453381,6.177505160257142e-6
14209710,2014-02-27,11,0.4290909090909091,4.72,0.8,11,-0.9175934126792932,6.873784851102991e-5
14209710,2014-02-28,11,1.238181818181818,13.62,2.04,11,-0.9667364890456639,1.2458248627579073e-6
14209710,2014-03-01,11,0.3463636363636364,3.81,0.6,11,-0.7545466302442505,0.007281897528897437
14209710,2014-03-02,11,0.3427272727272727,3.77,0.7,11,-0.9685329359687839,9.72936208781448e-7
14209710,2014-03-03,11,0.6427272727272727,7.069999999999999,1.21,11,NA,NA
14209710,2014-03-04,11,0.5827272727272728,6.41,0.94,11,-0.9757281553398055,3.056435087357121e-7
14209710,2014-03-05,11,0.23,2.53,0.44,11,-0.564589571578465,0.07037102735043904
14209710,2014-03-06,11,0.3836363636363636,4.22,0.63,11,0.12702542331096842,0.7097584745284021
14209710,2014-03-08,11,0.36727272727272725,4.04,0.57,11,-0.9847501558332389,3.8247132642744423e-8
14209710,2014-03-10,11,0.8436363636363636,9.28,1.47,11,-0.058531710827894205,0.8642692010403448
14209710,2014-03-11,12,1.4725,17.669999999999998,2.55,12,-0.9611757348596648,6.508115249300851e-7
14209710,2014-03-12,12,1.525,18.3,2.59,12,-0.9830411166678087,1.0737959825194178e-8
14209710,2014-03-13,12,1.2291666666666667,14.75,2.31,12,-0.9631179573536576,5.051730787536242e-7
14209710,2014-03-14,12,1.1741666666666666,14.09,2.2,12,-0.84455663863127,5.472036878718718e-4
14209710,2014-03-15,12,1.005,12.06,1.86,12,-0.9585185256296074,9.021043295106482e-7
14209710,2014-03-16,12,0.5650000000000001,6.78,1.1,12,-0.9837386310450599,8.71423205344083e-9
14209710,2014-03-17,12,1.035,12.42,1.78,12,-0.9391605144543257,5.924120645398424e-6
14209710,2014-03-18,12,1.1458333333333333,13.75,1.88,12,-0.9679755336738469,2.513839731836349e-7
14209710,2014-03-19,13,0.7084615384615385,9.21,1.33,13,-0.9463575019271332,9.874881905976766e-7
14209710,2014-03-20,13,1.043076923076923,13.56,1.76,13,-0.9000955107327493,2.7576009094088345e-5
14209710,2014-03-21,13,1.5023076923076923,19.53,2.75,13,-0.9806121965507067,3.911725145834994e-9
14209710,2014-03-22,13,1.5576923076923077,20.25,2.77,13,-0.9835395445501506,1.5989263747983994e-9
14209710,2014-03-23,13,1.5015384615384615,19.52,2.73,13,-0.9614433541393271,1.6537805423203933e-7
14209710,2014-03-24,13,1.3915384615384616,18.09,2.58,13,-0.9762724335498533,1.178243800245854e-8
14209710,2014-03-25,13,0.6115384615384616,7.95,1.58,13,-0.941450544202633,1.5829280234240071e-6
14209710,2014-03-26,13,0.5423076923076923,7.05,1.04,13,-0.9052359577036972,2.0833842282083112e-5
14209710,2014-03-27,13,0.8292307692307692,10.78,1.75,13,-0.7195479432187369,0.005558649641108984
14209710,2014-03-28,13,0.38461538461538464,5,0.82,13,-0.8627074065197727,1.4705550879908524e-4
14209710,2014-03-29,13,0.7392307692307692,9.610000000000001,1.6,13,-0.9723091087828637,2.7345496211134616e-8
14209710,2014-03-30,13,1.0538461538461539,13.700000000000001,1.98,13,-0.9411679869032266,1.624507727145681e-6
14209710,2014-03-31,13,0.9,11.7,1.63,13,-0.9814646426579049,3.059682196104984e-9
14209710,2014-04-01,13,0.85,11.05,1.64,13,-0.5430610041581769,0.05512556145437412
14209710,2014-04-02,13,1.0984615384615384,14.28,2.06,13,-0.9693310262306023,4.768568823864262e-8
14209710,2014-04-03,13,0.7638461538461538,9.93,1.81,13,-0.9454752690147019,1.0783304114861611e-6
14209710,2014-04-04,13,0.9546153846153846,12.41,1.67,13,-0.955192815282338,3.733287376989369e-7
14209710,2014-04-05,13,0.49615384615384617,6.45,0.89,13,-0.8341831604959686,3.9204681355734417e-4
14209710,2014-04-06,13,0.8523076923076923,11.08,1.43,13,-0.857299224787796,1.799041726425526e-4
14209710,2014-04-07,13,1.646923076923077,21.41,2.88,13,-0.9712842840206631,3.3329902857641985e-8
14209710,2014-04-08,13,1.3007692307692307,16.91,2.66,13,-0.9501687638191266,6.632955387159605e-7
14209710,2014-04-09,13,1.8153846153846154,23.599999999999998,3.09,13,-0.8746753206911916,9.121051146235901e-5
14209710,2014-04-10,13,1.8269230769230769,23.75,3.02,13,-0.9619489261047635,1.5394811432500732e-7
14209710,2014-04-11,13,1.7807692307692309,23.15,2.93,13,-0.9677927264482702,6.223023555761615e-8
14209710,2014-04-12,14,1.5592857142857144,21.83,3.02,14,-0.9379898450022992,7.175421427405881e-7
14209710,2014-04-13,14,1.8042857142857143,25.259999999999998,3.17,14,-0.9463418260595022,3.067881516326656e-7
14209710,2014-04-14,14,1.4542857142857142,20.36,2.76,14,-0.9184696221388545,3.5505539969917777e-6
14209710,2014-04-15,14,0.9664285714285714,13.53,1.99,14,-0.7951847282650453,6.745606460460108e-4
14209710,2014-04-16,14,0.625,8.75,1.23,14,-0.8746443397296555,4.2534349839969984e-5
14209710,2014-04-17,14,0.5007142857142858,7.010000000000001,0.93,14,-0.692966932453695,0.006003032425977672
14209710,2014-04-18,14,1.5357142857142858,21.5,2.86,14,-0.919208850150513,3.367228797138605e-6
14209710,2014-04-19,14,0.7292857142857143,10.209999999999999,1.43,14,-0.2856528114423288,0.3221748422341725
14209710,2014-04-20,14,1.3064285714285715,18.29,2.53,14,-0.9734823400578037,4.741281070142083e-9
14209710,2014-04-21,14,1.1214285714285714,15.700000000000001,2.47,14,-0.9453841852550741,3.40426399483505e-7
14209710,2014-04-22,14,1.187142857142857,16.62,2.28,14,-0.7926270556829009,7.223911374548098e-4
14209710,2014-04-23,14,0.5128571428571429,7.18,1.05,14,-0.751674376186985,0.0019345780047171108
14209710,2014-04-24,14,1.0992857142857142,15.39,2.2,14,-0.1431686377344152,0.6253570251963743
14209710,2014-04-25,14,1.072142857142857,15.01,1.85,14,-0.9459887857715337,3.1885355695268846e-7
14209710,2014-04-26,14,1.1114285714285714,15.56,2.19,14,-0.9773353233023221,1.8638129658342285e-9
14209710,2014-04-27,14,1.095,15.33,2.08,14,-0.585779186129005,0.027725084885866263
14209710,2014-04-28,14,1.5885714285714285,22.24,2.74,14,-0.9688571248841702,1.2316381769628559e-8
14209710,2014-04-29,14,1.8607142857142858,26.05,3.16,14,-0.9746854487590683,3.5978004195457946e-9
14209710,2014-04-30,14,1.9157142857142857,26.82,3.26,14,-0.9708259555691489,8.359204398425198e-9
14209710,2014-05-01,14,1.835,25.69,3.07,14,-0.9601692104520777,5.289870854735295e-8
14209710,2014-05-02,14,1.2807142857142857,17.93,2.23,14,-0.9440327564494716,3.930345399536109e-7
14209710,2014-05-03,14,0.7657142857142857,10.719999999999999,1.21,14,-0.7840018660562486,9.040968422688401e-4
14209710,2014-05-04,14,0.8378571428571429,11.73,1.62,14,-0.7096475636947343,0.0044704972399419625
14209710,2014-05-05,15,1.2246666666666666,18.37,2.23,15,-0.9160200541717123,1.629501500314531e-6
14209710,2014-05-06,15,1.396,20.94,2.63,15,-0.9169271810168783,1.5218353315549687e-6
14209710,2014-05-07,15,1.5926666666666667,23.89,2.79,15,-0.980758536886874,1.320913813994387e-10
14209710,2014-05-08,15,0.402,6.03,0.88,15,-0.8913336641482376,8.18400383497109e-6
14209710,2014-05-09,15,0.846,12.69,1.73,15,-0.8233142932193278,1.6238534386869258e-4
14209710,2014-05-10,15,1.182,17.73,2.4,15,-0.900080899738639,4.847381729296165e-6
14209710,2014-05-11,15,1.6773333333333333,25.16,2.68,15,-0.9725241738431917,1.3119092570865157e-9
14209710,2014-05-12,15,1.8833333333333333,28.25,3.22,15,-0.9701424928604326,2.239124730779782e-9
14209710,2014-05-13,15,1.8613333333333333,27.92,3.35,15,-0.9702733602198853,2.1767831054714132e-9
14209710,2014-05-14,15,1.8853333333333333,28.28,3.33,15,-0.9663113743998074,4.862453679025916e-9
14209710,2014-05-15,15,1.408,21.12,2.65,15,-0.9353154336235214,3.131095011515994e-7
14209710,2014-05-16,15,1.328,19.919999999999998,2.43,15,-0.9398761884240284,1.9684966517132043e-7
14209710,2014-05-17,15,1.2093333333333334,18.14,2.37,15,-0.9139100269978065,1.9047807227408444e-6
14209710,2014-05-18,15,0.9206666666666666,13.81,1.75,15,-0.566260645404109,0.027761773332761242
14209710,2014-05-19,15,1.334,20.01,2.64,15,-0.9530355182720612,4.080852771023818e-8
14209710,2014-05-20,15,1.7546666666666666,26.32,3.05,15,-0.9684094977110281,3.217597820132464e-9
14209710,2014-05-21,15,1.708,25.62,3.19,15,-0.948430416985632,7.412177437130022e-8
14209710,2014-05-22,15,1.6846666666666668,25.27,3.23,15,-0.9716752596444042,1.5955628435895942e-9
14209710,2014-05-23,15,0.7286666666666667,10.93,1.65,15,-0.7802347299154474,5.999430357174774e-4
14209710,2014-05-24,15,1.3046666666666666,19.57,2.34,15,-0.9604804899748958,1.3532085526198179e-8
14209710,2014-05-25,15,1.1266666666666667,16.9,2.25,15,-0.9185978037246239,1.3390806852453056e-6
14209710,2014-05-26,16,1.338125,21.41,2.41,16,-0.8438226226197341,3.97932048535746e-5
14209710,2014-05-27,16,1.191875,19.07,2.15,16,-0.7797590826614548,3.679705390567616e-4
14209710,2014-05-28,16,1.019375,16.31,2.17,16,-0.5497198188777435,0.02738871309749128
14209710,2014-05-29,16,1.07375,17.18,2.25,16,-0.9659643669519593,1.2965959261463733e-9
14209710,2014-05-30,16,1.9175,30.68,3.46,16,-0.9683628266514811,7.823884370759015e-10
14209710,2014-05-31,16,1.6475,26.36,3.22,16,-0.9570144413330338,6.48876894411209e-9
14209710,2014-06-01,16,1.5175,24.28,3.28,16,-0.9315116696395409,1.5793587243665234e-7
14209710,2014-06-02,16,1.694375,27.11,3.32,16,-0.9549208859903773,9.001236984343663e-9
14209710,2014-06-03,16,1.014375,16.23,1.88,16,-0.730985855122395,0.0012953107677257803
14209710,2014-06-04,16,1.696875,27.15,3.36,16,-0.952321648642593,1.3234384593008181e-8
14209710,2014-06-05,16,1.92,30.72,3.47,16,-0.9526351850932587,1.2647667784599616e-8
14209710,2014-06-06,16,1.954375,31.27,3.46,16,-0.9446243579772885,3.695949537320329e-8
14209710,2014-06-07,16,1.735625,27.77,3.4,16,-0.9419205088544733,5.122711945581332e-8
14209710,2014-06-08,16,1.784375,28.55,3.38,16,-0.9518597548731408,1.4140876244752322e-8
14209710,2014-06-09,16,1.7125,27.4,3.22,16,-0.927991039380001,2.2219819684072068e-7
14209710,2014-06-11,16,1.794375,28.71,3.36,16,-0.9518405493891425,1.417968494215697e-8
14209710,2014-06-12,16,0.79375,12.7,1.51,16,-0.6997742580007258,0.0025467652847090947
14209710,2014-06-13,16,0.62125,9.94,1.27,16,-0.9679918044226535,8.480834584424272e-10
14209710,2014-06-14,16,0.806875,12.91,1.68,16,-0.6666267322679564,0.004799363340126332
14209710,2014-06-15,16,0.85,13.6,1.62,16,-0.511316570266935,0.042936337829007555
14209710,2014-06-16,16,1.018125,16.29,2.26,16,-0.0638592232020043,0.8142434497127192
14209710,2014-06-17,16,0.578125,9.25,0.97,16,-0.05070576684694933,0.8520610956720622
14209710,2014-06-18,16,1.70875,27.34,3.39,16,-0.9718287571972857,3.5049359435080077e-10
14209710,2014-06-19,16,1.815,29.04,3.38,16,-0.9542717453092241,9.931462100865328e-9
14209710,2014-06-20,16,1.5006249999999999,24.009999999999998,2.57,16,-0.7841134543222193,3.239970816092317e-4
14209710,2014-06-21,16,1.601875,25.63,3.08,16,-0.9267770167052969,2.489666236691193e-7
14209710,2014-06-22,16,1.765,28.24,3.12,16,-0.9588530761469353,4.801733133480619e-9
14209710,2014-06-23,16,1.48875,23.82,3.16,16,-0.9388141850986343,7.315894287731145e-8
14209710,2014-06-24,16,1.16,18.56,2.19,16,-0.8103635027216924,1.4091819771738014e-4
14209710,2014-06-25,16,0.970625,15.53,2.38,16,-0.6406656588922609,0.007497106805612204
14209710,2014-06-26,16,0.670625,10.73,1.29,16,-0.6024691140209262,0.013516394144236228
14209710,2014-06-27,16,0.8831249999999999,14.129999999999999,1.91,16,-0.5787733439405823,0.018823938542699616
14209710,2014-06-28,16,0.978125,15.65,1.98,16,-0.6925664783475084,0.0029428959024704795
14209710,2014-06-29,16,1.17125,18.74,2.14,16,-0.7180732591595588,0.0017313325132374698
14209710,2014-06-30,16,1.95,31.2,3.45,16,-0.9643823856275164,1.7745674566495511e-9
14209710,2014-07-01,16,1.93625,30.98,3.42,16,-0.9618153431060077,2.86873491233251e-9
14209710,2014-07-02,16,1.701875,27.23,3.36,16,-0.8680875322384058,1.3056724785408518e-5
14209710,2014-07-03,16,1.22125,19.54,2.46,16,-0.8677262883106343,1.3295765174557505e-5
14209710,2014-07-04,16,1.7325,27.72,3.25,16,-0.9049386799846582,1.4583799001023136e-6
14209710,2014-07-05,16,1.541875,24.67,2.77,16,-0.9286824187676722,2.0807623956262023e-7
14209710,2014-07-06,16,1.888125,30.21,3.39,16,-0.9338234731465804,1.2496868979795527e-7
14209710,2014-07-07,15,1.9073333333333333,28.61,3.19,15,-0.954431059209798,3.365646786990938e-8
14209710,2014-07-08,15,1.8780000000000001,28.17,3.23,15,-0.9338916973302535,3.59453755372629e-7
14209710,2014-07-09,15,1.9586666666666666,29.38,3.41,15,-0.9277324810435397,6.317632854876941e-7
14209710,2014-07-10,15,2.022666666666667,30.34,3.45,15,-0.9169805076611998,1.5156958165928924e-6
14209710,2014-07-11,15,1.6966666666666665,25.45,3.08,15,-0.9074972908991861,2.990723362411476e-6
14209710,2014-07-12,15,1.8946666666666667,28.42,3.24,15,-0.953086893065389,4.052429012617357e-8
14209710,2014-07-13,15,0.6813333333333333,10.22,1.23,15,-0.19938885916661236,0.47619277636455526
14209710,2014-07-14,15,1.7666666666666666,26.5,3.24,15,-0.9413914638678402,1.6737258512316865e-7
14209710,2014-07-15,15,1.9206666666666667,28.81,3.31,15,-0.9339428979904131,3.5769285325879387e-7
14209710,2014-07-16,15,1.9286666666666668,28.93,3.26,15,-0.9243273931794027,8.450735221042743e-7
14209710,2014-07-17,15,2.008,30.12,3.43,15,-0.8827249835429215,1.3147907794613254e-5
14209710,2014-07-18,15,1.768,26.52,3.21,15,-0.8788503497085688,1.6084445509850277e-5
14209710,2014-07-19,15,1.8126666666666666,27.19,3.32,15,-0.935932673509836,2.946357343542173e-7
14209710,2014-07-20,15,1.0426666666666666,15.64,1.88,15,-0.08575850529757896,0.7612142977805119
14209710,2014-07-21,15,1.7493333333333334,26.24,2.95,15,-0.8717250449995368,2.2907446523022268e-5
14209710,2014-07-22,15,1.288,19.32,2.7,15,-0.7376009754893947,0.001697828293944332
14209710,2014-07-23,15,0.76,11.4,1.68,15,-0.726308712503672,0.0021665951349100925
14209710,2014-07-24,15,0.9426666666666667,14.14,1.82,15,-0.6845648494110049,0.0048716033186633175
14209710,2014-07-25,15,1.8940000000000001,28.41,3.32,15,-0.9464254704081139,9.451422559756203e-8
14209710,2014-07-26,15,1.9493333333333334,29.240000000000002,3.36,15,-0.9241733025621252,8.559974333538163e-7
14209710,2014-07-27,15,1.6300000000000001,24.45,2.91,15,-0.8517064243634053,5.5902633076373775e-5
14209710,2014-07-28,15,1.8693333333333333,28.04,3.27,15,-0.9383405287503196,2.3104800015080711e-7
14209710,2014-07-29,15,1.8579999999999999,27.87,3.23,15,-0.9062129998908541,3.26076321627784e-6
14209710,2014-07-30,15,1.8926666666666667,28.39,3.31,15,-0.8891231818805139,9.27729191621569e-6
14209710,2014-07-31,15,1.8486666666666667,27.73,3.25,15,-0.8979637611285961,5.52602881879887e-6
14209710,2014-08-01,15,1.644,24.66,3.04,15,-0.8472039966573334,6.712904037722304e-5
14209710,2014-08-02,15,1.678,25.17,3.05,15,-0.8071182353944898,2.75455268710183e-4
14209710,2014-08-03,15,1.6473333333333333,24.71,3.05,15,-0.8668005077896931,2.890323148799597e-5
14209710,2014-08-04,15,1.558,23.37,2.89,15,-0.7626883213481244,9.440589690056679e-4
14209710,2014-08-05,15,1.6400000000000001,24.6,3.04,15,-0.7686482763489637,8.128139669165948e-4
14209710,2014-08-06,15,1.674,25.11,3.09,15,-0.8614761056126398,3.679312134975167e-5
14209710,2014-08-07,15,1.8186666666666667,27.28,3.25,15,-0.825976197678965,1.481335874671447e-4
14209710,2014-08-08,15,1.6973333333333334,25.46,3.11,15,-0.7946821791105071,4.003741217308297e-4
14209710,2014-08-09,15,1.8293333333333333,27.44,3.24,15,-0.8604139266405193,3.8562610306958035e-5
14209710,2014-08-10,15,1.6873333333333334,25.31,3.06,15,-0.8802128266507959,1.4995462051898166e-5
14209710,2014-08-11,15,1.3306666666666667,19.96,2.64,15,-0.6952857466528125,0.00400574160886063
14209710,2014-08-12,15,0.5286666666666667,7.93,1.35,15,-0.2829032386888675,0.3069264502469299
14209710,2014-08-13,14,0.8728571428571429,12.22,1.64,14,-0.35124599373805,0.2181647892739674
14209710,2014-08-14,14,1.0178571428571428,14.25,1.94,14,-0.6597085153348196,0.010256824188890144
14209710,2014-08-15,14,0.86,12.040000000000001,1.76,14,-0.5849666467209247,0.027995035168837654
14209710,2014-08-16,14,1.6642857142857144,23.3,2.98,14,-0.856119714811002,9.325870423738733e-5
14209710,2014-08-17,14,1.725,24.15,2.95,14,-0.8220347216176307,3.0892494013291913e-4
14209710,2014-08-18,14,1.7314285714285713,24.24,2.98,14,-0.8552246905961648,9.659754401737096e-5
14209710,2014-08-19,14,1.6214285714285714,22.7,2.92,14,-0.8059812332715214,4.998043968872747e-4
14209710,2014-08-20,14,1.5342857142857143,21.48,2.9,14,-0.5306844966879626,0.05088939049585627
14209710,2014-08-21,14,1.6307142857142858,22.83,2.89,14,-0.7335167106749496,0.002829510144362806
14209710,2014-08-22,14,1.6135714285714284,22.59,2.94,14,-0.8281103209805553,2.543354460066193e-4
14209710,2014-08-23,14,1.6792857142857143,23.509999999999998,2.92,14,-0.8320329575107512,2.2344025704739069e-4
14209710,2014-08-24,14,1.5871428571428572,22.22,2.83,14,-0.7738775098000736,0.001162177465420202
14209710,2014-08-25,14,1.7242857142857142,24.14,3,14,-0.8198508496685868,3.307121782748839e-4
14209710,2014-08-26,14,1.667142857142857,23.34,2.91,14,-0.8295237096568854,2.4282934369450175e-4
14209710,2014-08-27,14,1.6742857142857144,23.44,2.95,14,-0.8195793432954476,3.3350528623456193e-4
14209710,2014-08-28,14,1.5942857142857143,22.32,2.91,14,-0.7952075688095731,6.741452619514717e-4
14209710,2014-08-29,14,1.0278571428571428,14.39,1.69,14,-0.5732347487343906,0.03211520835056851
14209710,2014-08-30,14,0.8171428571428572,11.440000000000001,1.84,14,-0.012161578400105358,0.9670863412172503
14209710,2014-08-31,14,1.1857142857142857,16.6,2.14,14,-0.5392414431871546,0.04659619908099134
14209710,2014-09-01,13,1.5792307692307692,20.529999999999998,2.76,13,-0.867438746876979,1.22416351724384e-4
14209710,2014-09-02,13,1.3169230769230769,17.12,2.5,13,-0.7509372246892027,0.0030925085351616623
14209710,2014-09-03,13,1.4830769230769232,19.28,2.5,13,-0.7125306428315654,0.006273292394607629
14209710,2014-09-04,13,1.73,22.49,2.84,13,-0.8385929486633353,3.410707735863108e-4
14209710,2014-09-05,13,1.7984615384615386,23.38,2.99,13,-0.8132725090325187,7.219107988894252e-4
14209710,2014-09-06,13,1.7192307692307693,22.35,2.91,13,-0.812107665243662,7.452472539743958e-4
14209710,2014-09-07,13,1.5307692307692309,19.9,2.71,13,-0.7703115613633722,0.002063040175510228
14209710,2014-09-08,13,1.2938461538461539,16.82,2.31,13,-0.6677949144347387,0.012619858012127705
14209710,2014-09-09,13,1.383846153846154,17.99,2.67,13,-0.5748193341737008,0.039880511030839554
14209710,2014-09-10,13,1.6107692307692307,20.939999999999998,2.82,13,-0.8350033872509025,3.821353624493851e-4
14209710,2014-09-11,13,1.6976923076923078,22.07,2.89,13,-0.763810589375154,0.002372874638059541
14209710,2014-09-12,13,1.6684615384615384,21.689999999999998,2.84,13,-0.8566585676083217,1.841537112374874e-4
14209710,2014-09-13,13,1.636153846153846,21.27,2.81,13,-0.8095484041651942,7.986097066748419e-4
14209710,2014-09-14,13,1.6007692307692307,20.81,2.75,13,-0.8816609541565665,6.746954392256035e-5
14209710,2014-09-15,13,1.32,17.16,2.5,13,-0.8292729078003517,4.557260970025823e-4
14209710,2014-09-16,12,1.32,15.84,2.27,12,-0.5080063476472758,0.09175280532860416
14209710,2014-09-17,12,0.7516666666666667,9.02,1.58,12,-0.48815324955983913,0.10737282885710066
14209710,2014-09-18,12,0.7341666666666666,8.81,1.31,12,-0.15353419373335978,0.6337883896413143
14209710,2014-09-19,12,1.5583333333333333,18.7,2.55,12,-0.8049057085999417,0.0015877346997331416
14209710,2014-09-20,12,1.5991666666666666,19.19,2.62,12,-0.8694458083272377,2.3893907662219432e-4
14209710,2014-09-21,12,1.4425,17.31,2.46,12,-0.632738011380199,0.027232934202895447
14209710,2014-09-22,12,0.9375,11.25,1.78,12,-0.2743804047314174,0.3881162589915136
14209710,2014-09-23,12,0.45999999999999996,5.52,0.87,12,-0.19223608978630452,0.5494673641212287
14209710,2014-09-24,12,0.5258333333333334,6.3100000000000005,1.1,12,0.7994710552730856,0.0018038065757709333
14209710,2014-09-25,12,0.935,11.22,1.75,12,-0.3772306846173495,0.22672733879777351
14209710,2014-09-26,12,0.8241666666666667,9.89,1.43,12,-0.27496660506988324,0.3870621715865902
14209710,2014-09-27,12,1.1458333333333333,13.75,1.99,12,-0.6402214923243379,0.024926169692063217
14209710,2014-09-28,12,1.3958333333333333,16.75,2.42,12,-0.6919170417026183,0.01266385361603006
14209710,2014-09-29,12,0.6458333333333334,7.75,1.12,12,-0.6261892749770592,0.029374790379974182
14209710,2014-09-30,12,0.9241666666666667,11.09,1.66,12,-0.21946603033492232,0.4931233903562242
14209710,2014-10-01,12,1.0225,12.27,1.68,12,-0.4599829148109076,0.13242182824798465
14209710,2014-10-02,12,1.3766666666666667,16.52,2.38,12,-0.7030121322407427,0.010764080732805442
14209710,2014-10-03,12,1.4083333333333334,16.900000000000002,2.41,12,-0.7702223751659122,0.003379146027204768
14209710,2014-10-04,12,1.3483333333333334,16.18,2.35,12,-0.8196232540656258,0.0011013419277872936
14209710,2014-10-05,12,1.31,15.719999999999999,2.28,12,-0.8018142703365415,0.001708048968892452
14209710,2014-10-06,12,1.3033333333333332,15.639999999999999,2.3,12,-0.7167757117970932,0.008711890780396728
14209710,2014-10-07,12,1.2783333333333333,15.34,2.25,12,-0.6700085255213066,0.017129183092999378
14209710,2014-10-08,12,1.1766666666666667,14.12,2.07,12,-0.23095707405927304,0.47016067411669915
14209710,2014-10-09,12,1.1791666666666667,14.15,2.17,12,-0.5203474780027135,0.08285855687785652
14209710,2014-10-10,12,0.96,11.52,1.73,12,-0.6414500203333804,0.024561483224178705
14209710,2014-10-11,12,0.7975,9.57,1.67,12,-0.4967024126308308,0.10044492895068366
14209710,2014-10-12,12,0.8675,10.41,1.64,12,-0.19386729906743977,0.5460188670279802
14209710,2014-10-13,12,0.8,9.6,1.56,12,-0.4249059403439001,0.16854398023665082
14209710,2014-10-14,12,0.35083333333333333,4.21,0.83,12,-0.19418761687843195,0.5453427530696475
14209710,2014-10-15,12,0.455,5.46,0.95,12,0.44093399510076486,0.15134652734251733
14209710,2014-10-16,12,1.1233333333333333,13.48,2.07,12,-0.5273620351329278,0.07807395945690447
14209710,2014-10-17,11,0.2827272727272727,3.11,0.58,11,0.05616112195929959,0.869725153264261
14209710,2014-10-18,11,0.6309090909090909,6.9399999999999995,1.2,11,-0.3893093697909079,0.236629939367722
14209710,2014-10-19,10,1.024,10.24,1.7,10,-0.43290182482388095,0.21142935472701951
14209710,2014-10-20,10,0.55,5.5,1.11,10,0.44598498439971573,0.1963944077896311
14209710,2014-10-21,10,0.505,5.05,0.85,10,0.22316334054983447,0.535424116007011
14209710,2014-10-22,10,0.199,1.99,0.35,10,0.15916743272318684,0.6605088229921253
14209710,2014-10-23,10,0.666,6.66,1.1,10,0.5707918576117527,0.08483976224709977
14209710,2014-10-24,10,0.338,3.38,0.51,10,-0.6094987810036578,0.06138556423958201
14209710,2014-10-25,10,0.319,3.19,0.59,10,-0.792332323045987,0.006279348208911642
14209710,2014-10-26,10,0.6920000000000001,6.92,1.14,10,-0.8691075435764266,0.0010932945030382932
14209710,2014-10-27,10,0.927,9.27,1.56,10,-0.6972000476468424,0.02502821993870479
14209710,2014-10-28,10,0.34299999999999997,3.43,0.48,10,-0.38254602783800795,0.27526389712177624
14209710,2014-10-29,10,0.573,5.7299999999999995,0.96,10,-0.28387471543889914,0.42669219852550144
14209710,2014-10-30,10,0.327,3.27,0.64,10,-0.16113948211503543,0.6565184674431439
14209710,2014-10-31,10,0.607,6.07,1.02,10,-0.416463365036283,0.2312301115735304
14209710,2014-11-01,10,0.563,5.63,0.91,10,-0.8976571010886132,4.234959944443536e-4
14209710,2014-11-03,10,0.278,2.78,0.47,10,-0.5231245985709266,0.12075407673341915
14209710,2014-11-04,10,0.353,3.53,0.64,10,-0.2343579034496706,0.5145833604924743
14209710,2014-11-05,10,0.395,3.95,0.68,10,-0.6706536531921357,0.03379111187556761
14209710,2014-11-06,10,0.299,2.99,0.51,10,-0.17568209223157594,0.6273386369355889
14209710,2014-11-07,10,0.903,9.03,1.57,10,0.06537204504605308,0.8576082029638998
14209710,2014-11-08,10,0.905,9.05,1.53,10,-0.6349187152902339,0.048580754937837756
14209710,2014-11-09,10,0.4,4,0.65,10,-0.26459931996156494,0.46003921782999957
14209710,2014-11-10,10,0.869,8.69,1.49,10,0.1724593690474374,0.6337667188485926
14209710,2014-11-11,10,1.007,10.07,1.7,10,-0.7797486000565167,0.007816341393516422
14209710,2014-11-12,10,0.89,8.9,1.54,10,-0.3565447414566844,0.31187412574711876
14209710,2014-11-13,10,0.35400000000000004,3.54,0.67,10,-0.9887476121977936,6.919591804049706e-8
14209710,2014-11-14,10,0.865,8.65,1.49,10,-0.6395675825172832,0.046450220913876746
14209710,2014-11-15,10,0.983,9.83,1.68,10,0.20119582530444916,0.5772713801348934
14209710,2014-11-16,10,0.962,9.62,1.65,10,-0.9002726520481305,3.830811862128174e-4
14209710,2014-11-17,10,0.906,9.06,1.57,10,-0.918675408916519,1.733164833130771e-4
14209710,2014-11-18,10,0.5730000000000001,5.73,1.07,10,-0.9007862394761732,3.7549065246855214e-4
14209710,2014-11-19,10,0.49,4.9,0.92,10,-0.8479251138177498,0.0019394093691161548
14209710,2014-11-20,10,0.41500000000000004,4.15,0.8,10,-0.6715120117785408,0.03347931575537263
14209710,2014-11-21,10,0.216,2.16,0.41,10,-0.885816873200503,6.46549567823063e-4
14209710,2014-11-22,10,0.432,4.32,0.83,10,-0.7988191968934975,0.005577464297074708
14209710,2014-11-23,10,0.254,2.54,0.55,10,-0.959353108744294,1.136959211934971e-5
14209710,2014-11-24,10,0.34,3.4,0.77,10,-0.903136381464873,3.4215625606588565e-4
14209710,2014-11-25,10,0.224,2.2399999999999998,0.47,10,-0.9189262076096114,1.712414788560833e-4
14209710,2014-11-26,10,0.384,3.84,0.74,10,-0.8133948015337403,0.004206853202108068
14209710,2014-11-27,10,0.236,2.36,0.47,10,-0.7267203894385159,0.01727460253797717
14209710,2014-11-28,10,0.184,1.84,0.33,10,-0.38741942211303204,0.26867559201019686
14209710,2014-11-29,10,0.498,4.9799999999999995,0.94,10,-0.8850607375707089,6.632182618534955e-4
14209710,2014-11-30,10,0.8140000000000001,8.14,1.46,10,-0.8708414890150202,0.0010387700445415448
14209710,2014-12-01,9,0.5644444444444444,5.08,0.95,9,-0.9672199431242728,2.0335194824250866e-5
14209710,2014-12-02,9,0.6055555555555555,5.45,1.13,9,-0.758588571627971,0.017807650833278742
14209710,2014-12-03,9,0.5188888888888888,4.67,0.91,9,-0.5124600483349383,0.15836215893072256
14209710,2014-12-04,9,0.2611111111111111,2.35,0.47,9,-0.6870959469652936,0.04087119282630021
14209710,2014-12-05,9,0.33222222222222225,2.99,0.59,9,-0.9683999874415234,1.7907041224407033e-5
14209710,2014-12-06,9,0.41,3.69,0.74,9,-0.63433504741654545,0.06652086492857638
14209710,2014-12-07,9,0.5588888888888889,5.03,1.03,9,-0.5499999999999989,0.12497678418833269
14209710,2014-12-08,9,0.25666666666666665,2.31,0.54,9,-0.8410847643287981,0.004493021686290336
14209710,2014-12-09,9,0.24,2.16,0.49,9,-0.794595105309228,0.010510080936965243
14209710,2014-12-10,9,0.14222222222222222,1.28,0.27,9,-0.9134252711608751,5.771296772294709e-4
14209710,2014-12-11,9,0.3888888888888889,3.5,0.85,9,NA,NA
14209710,2014-12-12,9,0.4688888888888889,4.22,0.82,9,0.1735443662549242,0.6552116975849855
14209710,2014-12-13,9,0.4633333333333333,4.17,0.81,9,NA,NA
14209710,2014-12-14,9,0.7255555555555555,6.53,1.23,9,-0.28867513459481287,0.4512388720016779
14209710,2014-12-15,9,0.38666666666666666,3.48,0.8,9,-0.7757005934175716,0.014019394985174382
14209710,2014-12-16,9,0.46444444444444444,4.18,0.81,9,-0.7230196412817431,0.02773234791065701
14209710,2014-12-17,9,0.29666666666666663,2.67,0.59,9,-0.6807031144156946,0.043563273604829145
14209710,2014-12-18,9,0.14,1.26,0.24,9,-0.7175608803587846,0.029518465276922617
14209710,2014-12-19,9,0.40444444444444444,3.6399999999999997,0.71,9,-0.09901475429766475,0.7999295042843537
14209710,2014-12-20,9,0.11888888888888889,1.07,0.33,9,-0.47809144373375756,0.1930060878703129
14209710,2014-12-21,9,0.25,2.25,0.47,9,-0.6182820774312712,0.07593784506471865
14209710,2014-12-22,9,0.5055555555555555,4.55,0.88,9,0.35714285714285676,0.3453987174163615
14209710,2014-12-23,9,0.3011111111111111,2.71,0.56,9,-0.9635996395983847,2.92372481718032e-5
14209710,2014-12-24,9,0.39111111111111113,3.52,0.67,9,-0.9746606983922684,8.318985824198557e-6
14209710,2014-12-25,9,0.41555555555555557,3.7399999999999998,0.73,9,-0.8862922873925891,0.0014581012834810588
14209710,2014-12-26,9,0.41555555555555557,3.74,0.7,9,-0.7629271414291463,0.016789686386520165
14209710,2014-12-27,9,0.2288888888888889,2.06,0.43,9,-0.8944271909999155,0.0011337831033596585
14209710,2014-12-28,9,0.42,3.78,0.75,9,-0.6859943405700326,0.04132721853841626
14209710,2014-12-30,9,0.8177777777777778,7.36,1.39,9,-0.9754784803278108,7.422554240502024e-6
14209710,2014-12-31,9,0.8133333333333334,7.32,1.39,9,-0.9414884658278592,1.506310184613838e-4
14209710,2015-01-01,9,0.7922222222222223,7.13,1.35,9,-0.8924133096001625,0.001208839555987129
14209710,2015-01-02,9,0.48444444444444446,4.36,0.86,9,-0.8807048459279793,0.0017149095367445181
14209710,2015-01-03,9,0.3977777777777778,3.58,0.67,9,-0.9656902417649954,2.3818940498101122e-5
14209710,2015-01-04,9,0.16777777777777778,1.51,0.33,9,-0.8077806958015589,0.008447901209343363
14209710,2015-01-05,9,0.22222222222222224,2,0.54,9,-0.7765802747153205,0.013840750966170814
14209710,2015-01-06,9,0.5422222222222223,4.88,0.96,9,-1,0
14209710,2015-01-07,9,0.6688888888888889,6.0200000000000005,1.12,9,-0.9428136165371954,1.3920818488950484e-4
14209710,2015-01-08,9,0.638888888888889,5.75,1.08,9,-0.9071147352221455,7.336104869330145e-4
14209710,2015-01-09,9,0.5511111111111111,4.96,0.97,9,-0.9313113703432572,2.6137802507690734e-4
14209710,2015-01-10,9,0.30777777777777776,2.77,0.48,9,-0.9565734053059184,5.385203392729529e-5
14209710,2015-01-11,9,0.26666666666666666,2.4,0.43,9,-0.580837713117521,0.10099300094503035
14209710,2015-01-12,9,0.46111111111111114,4.15,0.8,9,-0.4943828004887422,0.17609731137458182
14209710,2015-01-13,9,0.8411111111111111,7.57,1.4,9,-0.15118578920369088,0.6978131987721743
14209710,2015-01-14,9,0.7144444444444444,6.43,1.19,9,-0.6249999999999988,0.07190215419662177
14209710,2015-01-15,9,0.23333333333333334,2.1,0.4,9,-0.9647109061157249,2.62593328688895e-5
14209710,2015-01-16,9,0.7044444444444444,6.34,1.2,9,-0.8197312682674074,0.006832581665842689
14209710,2015-01-17,9,0.11888888888888889,1.07,0.18,9,-0.8229166666666645,0.006440530871013943
14209710,2015-01-18,9,0.4077777777777778,3.67,0.66,9,-0.5345224838248488,0.1381799509731072
14209710,2015-01-19,9,0.6066666666666667,5.46,0.99,9,-0.8682431421244592,0.0023975035911435586
14209710,2015-01-20,9,0.8366666666666667,7.53,1.36,9,-0.8134892168199622,0.007647290621248752
14209710,2015-01-21,9,0.7644444444444445,6.88,1.35,9,-0.8513575641138923,0.0035937509907644307
14209710,2015-01-22,9,0.4488888888888889,4.04,0.68,9,-0.9321451198937407,2.506494413400425e-4
14209710,2015-01-23,9,0.24555555555555555,2.21,0.36,9,-0.9006674083230891,9.218362465381566e-4
14209710,2015-01-24,9,0.7344444444444445,6.61,1.19,9,-0.841004400258357,0.004500606434000764
14209710,2015-01-25,9,0.7933333333333333,7.14,1.23,9,-0.7352941176470587,0.023978440074058766
14209710,2015-01-26,9,0.7788888888888889,7.01,1.26,9,-0.7637603108337959,0.01659874441915302
14209710,2015-01-27,9,0.4266666666666667,3.84,0.69,9,-0.7591131162821139,0.017682452184544787
14209710,2015-01-28,9,0.6788888888888889,6.11,1.09,9,-0.9657471002996734,2.3682396230806857e-5
14209710,2015-01-29,9,0.9255555555555556,8.33,1.48,9,-0.23352961798073185,0.545351176867849
14209710,2015-01-30,9,1.0533333333333332,9.48,1.63,9,-0.6837634587578308,0.04226073827263398
14209710,2015-01-31,9,0.8777777777777778,7.9,1.38,9,-0.9492481892299486,9.225530196869414e-5
14209710,2015-02-01,9,0.33,2.97,0.54,9,-0.8014859194922791,0.009394476105627965
14209710,2015-02-02,9,0.5811111111111111,5.23,0.87,9,-0.7803585720888143,0.013090790640437278
14209710,2015-02-03,10,0.484,4.84,0.85,10,-0.15504341823650747,0.668878430788937
14209710,2015-02-04,10,0.481,4.81,0.87,10,-0.8623405712330096,0.0013261555835712595
14209710,2015-02-05,10,0.201,2.01,0.35,10,-0.790054110225964,0.0065400908441790116
14209710,2015-02-06,11,0.3209090909090909,3.53,0.96,11,-0.37438839013338326,0.25664043239870116
14209710,2015-02-07,11,0.3,3.3000000000000003,0.67,11,0.772818888711345,0.0052906382933223944
14209710,2015-02-08,11,0.3318181818181818,3.65,0.68,11,-0.9353672068588097,2.3646625795028987e-5
14209710,2015-02-09,11,0.34909090909090906,3.84,0.74,11,0.7531708838213974,0.007451210432553237
14209710,2015-02-10,11,0.5036363636363637,5.54,0.95,11,-0.7909381633125347,0.003743908550247409
14209710,2015-02-11,11,0.519090909090909,5.71,1.07,11,-0.9249991250958258,4.548937724422213e-5
14209710,2015-02-12,11,0.88,9.68,1.6,11,-0.749670647035988,0.007894954659489663
14209710,2015-02-13,11,0.8345454545454545,9.18,1.62,11,-0.9162259892890302,7.387230797976298e-5
14209710,2015-02-15,11,1.0663636363636364,11.73,1.87,11,-0.9071110537724172,1.1600244912409935e-4
14209710,2015-02-16,11,1.160909090909091,12.77,2,11,-0.954074608540975,5.2221192705950705e-6
14209710,2015-02-17,11,1.1981818181818182,13.18,2.08,11,-0.8539823008849557,8.201245904289234e-4
14209710,2015-02-18,11,0.5218181818181818,5.74,0.95,11,-0.8585874240124675,7.149510325483525e-4
14209710,2015-02-19,11,0.6754545454545454,7.43,1.3,11,-0.9493445571526637,8.06178348451616e-6
14209710,2015-02-20,11,0.77,8.47,1.37,11,-0.7281896600443277,0.011052555027179589
14209710,2015-02-21,11,1.1681818181818182,12.85,2.08,11,-0.30117024685041377,0.3681271747540258
14209710,2015-02-22,11,1.3263636363636364,14.59,2.25,11,-0.5786173821369955,0.0621915423866212
14209710,2015-02-23,11,1.3599999999999999,14.959999999999999,2.28,11,-0.8891993035395841,2.497429366450963e-4
14209710,2015-02-24,11,1.2363636363636363,13.6,2.15,11,-0.9738316464789528,4.2761793683535463e-7
14209710,2015-02-25,11,0.5218181818181818,5.74,0.96,11,-0.9232269329518281,5.039847967145527e-5
14209710,2015-02-26,11,0.45363636363636367,4.99,0.78,11,-0.9637090101248729,1.8356416861449158e-6
14209710,2015-02-27,11,0.7163636363636364,7.88,1.34,11,-0.7179663087834174,0.012839281344379568
14209710,2015-02-28,11,1.4172727272727272,15.59,2.35,11,-0.43383513891414244,0.18248893594490628
14209710,2015-03-01,11,1.35,14.85,2.28,11,-0.9405483334721035,1.6359396323321783e-5
14209710,2015-03-02,11,0.9854545454545455,10.84,1.54,11,-0.8979092670733155,1.7503704626737208e-4
14209710,2015-03-04,11,1.480909090909091,16.29,2.4,11,-0.948102447390819,8.974021497213327e-6
14209710,2015-03-05,11,1.269090909090909,13.96,2.21,11,-0.9633448451799718,1.9189843520751968e-6
14209710,2015-03-06,11,1.3018181818181818,14.32,2.18,11,-0.9739210154436785,4.211398024431898e-7
14209710,2015-03-07,11,1.5154545454545454,16.67,2.46,11,-0.9311188486050654,3.129490278077724e-5
14209710,2015-03-09,11,1.49,16.39,2.39,11,-0.9645672127501882,1.6502816620217258e-6
14209710,2015-03-10,11,0.9872727272727273,10.86,1.63,11,-0.952059046145959,6.3170340335488315e-6
14209710,2015-03-11,12,0.3408333333333333,4.09,0.7,12,-0.6180714071733207,0.03219510159930383
14209710,2015-03-12,12,1.1975,14.37,2.11,12,-0.8743410915934866,1.9907801393683066e-4
14209710,2015-03-13,12,0.8483333333333334,10.18,1.48,12,-0.8542896876780861,4.029114233439186e-4
14209710,2015-03-14,12,0.31666666666666665,3.8000000000000003,0.59,12,-0.27922621937631575,0.3794468947512677
14209710,2015-03-15,12,0.5075,6.09,0.88,12,0.3803262062278701,0.22262720113447693
14209710,2015-03-16,12,1.5358333333333334,18.43,2.62,12,-0.9538564234803018,1.5244403004240821e-6
14209710,2015-03-17,12,0.6541666666666667,7.8500000000000005,1.24,12,-0.461049008548639,0.1314106313363836
14209710,2015-03-18,12,1.2683333333333333,15.219999999999999,2.06,12,-0.9534358608712112,1.5940508640256689e-6
14209710,2015-03-19,13,1.0669230769230769,13.87,2.19,13,-0.8727107106152616,9.896725325339348e-5
14209710,2015-03-20,13,0.6569230769230769,8.54,1.31,13,-0.9360034273234703,2.55466786709635e-6
14209710,2015-03-21,13,0.9361538461538461,12.17,1.76,13,-0.8345465148677252,3.876312805190329e-4
14209710,2015-03-22,13,0.6184615384615385,8.04,1.64,13,-0.8557395031473969,1.903892422410469e-4
14209710,2015-03-23,13,0.7615384615384615,9.9,1.64,13,-0.08259308406823909,0.7885106651312643
14209710,2015-03-24,13,0.8992307692307693,11.69,1.59,13,-0.5852982088502631,0.03559955475368423
14209710,2015-03-25,13,0.5269230769230769,6.85,1.06,13,-0.8425553100741354,2.9989172928119256e-4
14209710,2015-03-26,13,1.5307692307692307,19.9,2.76,13,-0.9338783877922004,3.0448023716635697e-6
14209710,2015-03-27,13,1.1507692307692308,14.959999999999999,2.15,13,-0.9568050482542059,3.0613773077611933e-7
14209710,2015-03-28,13,1.0853846153846154,14.11,2.11,13,-0.4976207811989976,0.08356280696681317
14209710,2015-03-29,13,1.2623076923076924,16.41,2.27,13,-0.885704531702611,5.61775697556378e-5
14209710,2015-03-30,13,1.2961538461538462,16.85,2.74,13,-0.9556976411891115,3.511168692715843e-7
14209710,2015-03-31,13,0.7823076923076923,10.17,1.39,13,0.20592827961767232,0.499698926052483
14209710,2015-04-01,13,0.97,12.61,1.78,13,-0.8273885019587387,4.8223205637701376e-4
14209710,2015-04-03,13,0.713076923076923,9.27,1.39,13,-0.8935240187870285,3.8640227956409983e-5
14209710,2015-04-04,13,1.2215384615384615,15.879999999999999,2.22,13,-0.9362181705855647,2.5089262488281214e-6
14209710,2015-04-05,13,1.113076923076923,14.47,2.1,13,-0.8920667590056128,4.151954033758009e-5
14209710,2015-04-06,13,1.1199999999999999,14.56,2.04,13,-0.8968064594870837,3.273954007230271e-5
14209710,2015-04-07,13,0.923076923076923,12,1.84,13,-0.8433266233211496,2.923564336626927e-4
14209710,2015-04-08,13,1.0507692307692307,13.66,1.94,13,-0.7251507883281915,0.005034387193861949
14209710,2015-04-09,13,1.6115384615384614,20.95,2.82,13,-0.9547308314004547,3.946430072274634e-7
14209710,2015-04-10,13,1.0276923076923077,13.36,1.93,13,-0.9217718070481913,7.496726162634802e-6
14209710,2015-04-11,13,1.096153846153846,14.25,2.26,13,-0.42769114889745735,0.1448870022863712
14209710,2015-04-12,14,1.1307142857142858,15.83,2.1,14,-0.9335555497855733,1.0754485984351289e-6
14209710,2015-04-13,14,0.5335714285714286,7.47,1.28,14,-0.89185314557483,1.8228003166377102e-5
14209710,2015-04-14,14,1.0692857142857142,14.969999999999999,1.89,14,-0.7293587303602135,0.003074241907417237
14209710,2015-04-15,14,1.457142857142857,20.4,2.69,14,-0.961352808335595,4.4254549565884256e-8
14209710,2015-04-16,14,1.7864285714285715,25.01,3.11,14,-0.9718672007681725,6.736631875028489e-9
14209710,2015-04-17,14,1.792142857142857,25.09,3.14,14,-0.9720735444902373,6.4484331871959266e-9
14209710,2015-04-18,14,1.7907142857142857,25.07,3.18,14,-0.9452328855453955,3.4600948360024444e-7
14209710,2015-04-19,14,1.7964285714285715,25.15,3.15,14,-0.9568668766827392,8.469796358211231e-8
14209710,2015-04-20,14,1.7814285714285714,24.94,3.11,14,-0.9667071908417209,1.8298149254794638e-8
14209710,2015-04-21,14,0.84,11.76,1.65,14,-0.8175154347765793,3.553657083097283e-4
14209710,2015-04-22,14,1.3407142857142857,18.77,2.51,14,-0.9199198038545802,3.1983337930790345e-6
14209710,2015-04-23,14,0.7685714285714286,10.76,1.48,14,-0.7184014343140416,0.00379964060646068
14209710,2015-04-24,14,0.9357142857142857,13.1,1.79,14,-0.8991591183453368,1.217766423505627e-5
14209710,2015-04-25,14,1.5214285714285714,21.3,2.66,14,-0.9358274346045368,8.772099467907352e-7
14209710,2015-04-26,14,0.83,11.62,1.67,14,-0.887500222363686,2.2873489650315763e-5
14209710,2015-04-27,14,1.8114285714285714,25.36,3.18,14,-0.9881328658314324,3.930948694252283e-11
14209710,2015-04-28,14,0.8107142857142857,11.35,1.42,14,-0.6249973761285849,0.016852791192335143
14209710,2015-04-29,14,1.3957142857142857,19.54,2.36,14,-0.9457957890576852,3.2561341112952997e-7
14209710,2015-04-30,14,1.8885714285714286,26.44,3.2,14,-0.9825526957739388,3.922555800472286e-10
14209710,2015-05-01,14,1.8285714285714285,25.6,3.18,14,-0.9782432776712735,1.4612293001859625e-9
14209710,2015-05-02,14,1.9014285714285715,26.62,3.32,14,-0.9571759874453052,8.117536862315996e-8
14209710,2015-05-03,14,1.9928571428571429,27.9,3.31,14,-0.9718901886665914,6.704005327454264e-9
14209710,2015-05-04,14,1.2864285714285715,18.009999999999998,2.28,14,-0.9254470610079426,2.107977117307348e-6
14209710,2015-05-05,14,1.352142857142857,18.93,2.45,14,-0.8067679108410981,4.88657718071633e-4
14209710,2015-05-06,15,1.244,18.66,2.4,15,-0.8963408705552651,6.098279528156683e-6
14209710,2015-05-07,15,1.8833333333333333,28.25,3.3,15,-0.9773724770167913,3.757796479433659e-10
14209710,2015-05-08,15,1.9373333333333334,29.06,3.37,15,-0.9782769713974429,2.888814343002919e-10
14209710,2015-05-09,15,1.8553333333333333,27.83,3.31,15,-0.9696109246956255,2.508054816981551e-9
14209710,2015-05-10,15,1.2413333333333334,18.62,2.33,15,-0.9331242525994432,3.8673130309823876e-7
14209710,2015-05-12,15,0.6086666666666667,9.13,1.21,15,-0.7018644002680555,0.0035382389135789035
14209710,2015-05-13,15,0.9333333333333333,14,1.82,15,-0.9453428709896812,1.0735615344722565e-7
14209710,2015-05-14,15,1.5126666666666666,22.69,2.77,15,-0.95402985050349,3.5595160523006535e-8
14209710,2015-05-15,15,0.5926666666666667,8.89,1.19,15,0.44755624419957313,0.09435923441008123
14209710,2015-05-16,15,0.594,8.91,1.1,15,-0.2787040293842727,0.3144695515751554
14209710,2015-05-17,15,1.2773333333333334,19.16,2.52,15,-0.9629340445916694,8.974438051743764e-9
14209710,2015-05-18,15,1.4826666666666666,22.24,2.82,15,-0.5360076637894575,0.03943829675769715
14209710,2015-05-19,15,0.6933333333333334,10.4,1.37,15,-0.9118959182971959,2.202765318599888e-6
14209710,2015-05-20,15,1.2673333333333334,19.01,2.72,15,-0.8533345053751302,5.224660373372851e-5
14209710,2015-05-21,15,1.0706666666666667,16.06,2.06,15,-0.8844768675872897,1.197484493264586e-5
14209710,2015-05-22,15,0.524,7.86,1.05,15,-0.5126699543713148,0.05068622550675392
14209710,2015-05-23,15,0.682,10.23,1.32,15,-0.24919293881717425,0.3704452242604064
14209710,2015-05-24,15,1.168,17.52,2.32,15,-0.933481795166209,3.738149156364168e-7
14209710,2015-05-25,15,1.172,17.58,2.26,15,-0.9106547101323407,2.405073326092745e-6
14209710,2015-05-26,16,1.2625,20.2,2.65,16,-0.9121304857672463,8.574762627061583e-7
14209710,2015-05-27,16,1.665,26.64,3.15,16,-0.9542432976651261,9.974032800631744e-9
14209710,2015-05-28,16,1.77875,28.46,3.27,16,-0.951862736383778,1.4134859598498613e-8
14209710,2015-05-29,16,1.55,24.8,3.08,16,-0.9124992103191637,8.334393474964057e-7
14209710,2015-05-30,16,1.63875,26.22,3.35,16,-0.9190288862817919,4.929525455685954e-7
14209710,2015-05-31,16,1.544375,24.71,2.94,16,-0.8810587691552982,6.557354488943428e-6
14209710,2015-06-01,16,0.61875,9.9,1.47,16,-0.571634555950735,0.020703465940707363
14209710,2015-06-02,16,0.67625,10.82,1.43,16,-0.33207091989227977,0.20890985182597066
14209710,2015-06-03,16,0.89875,14.38,1.74,16,-0.5986024297878892,0.014290993844576518
14209710,2015-06-04,16,1.6375,26.2,2.85,16,-0.9425156982869922,4.773971065482995e-8
14209710,2015-06-05,16,1.885625,30.17,3.36,16,-0.9488732971550901,2.1378579958969645e-8
14209710,2015-06-06,16,1.8900000000000001,30.240000000000002,3.41,16,-0.9158705912860475,6.388595826796676e-7
14209710,2015-06-07,16,1.91375,30.62,3.43,16,-0.9368514202615515,9.0774200506814e-8
14209710,2015-06-08,16,1.911875,30.59,3.38,16,-0.9306969188790272,1.7118956704375762e-7
14209710,2015-06-09,16,1.91375,30.62,3.42,16,-0.8723302448341484,1.0508748185937477e-5
14209710,2015-06-10,16,1.9675,31.48,3.5,16,-0.8640060520214478,1.5979171169883305e-5
14209710,2015-06-11,16,1.8425,29.48,3.4,16,-0.9066181666058428,1.293213775017113e-6
14209710,2015-06-12,16,1.946875,31.15,3.53,16,-0.8777388047075575,7.8785349234453e-6
14209710,2015-06-13,16,1.989375,31.83,3.55,16,-0.9154489300326014,6.608559249017584e-7
14209710,2015-06-14,16,1.993125,31.89,3.5,16,-0.9393656846162338,6.876793919934333e-8
14209710,2015-06-15,16,1.8318750000000001,29.310000000000002,3.29,16,-0.9261598852149908,2.6359114198489084e-7
14209710,2015-06-16,16,1.800625,28.81,3.38,16,-0.9011875692717971,1.8926737502023163e-6
14209710,2015-06-17,16,1.935,30.96,3.46,16,-0.91617881109209,6.231762467263216e-7
14209710,2015-06-18,16,1.8725,29.96,3.33,16,-0.9087721430482419,1.104779852060924e-6
14209710,2015-06-19,16,1.345625,21.53,2.23,16,-0.776226142800523,4.0716947704851585e-4
14209710,2015-06-20,16,1.943125,31.09,3.5,16,-0.9147725543238686,6.974789332099818e-7
14209710,2015-06-21,16,1.60875,25.74,3.17,16,-0.7846164315365501,3.192105147632357e-4
14209710,2015-06-22,16,1.80875,28.94,3.32,16,-0.8863915836047097,4.826711659404736e-6
14209710,2015-06-23,16,1.903125,30.45,3.44,16,-0.9074768796671523,1.2150727042405638e-6
14209710,2015-06-24,16,1.52625,24.42,3.16,16,-0.7975434939706184,2.147750194565951e-4
14209710,2015-06-25,16,1.935625,30.97,3.42,16,-0.9099927823531043,1.0087157051493885e-6
14209710,2015-06-26,16,1.811875,28.99,3.3,16,-0.9070056880276455,1.2574396898223323e-6
14209710,2015-06-27,16,1.228125,19.65,2.46,16,-0.6305625443094051,0.008825663061451102
14209710,2015-06-28,16,0.655625,10.49,1.28,16,-0.2261952209719907,0.3995719638400027
14209710,2015-06-29,16,1.708125,27.33,3.16,16,-0.847068684593691,3.466577108595941e-5
14209710,2015-06-30,16,1.861875,29.79,3.33,16,-0.8358745872566119,5.5085011967287863e-5
14209710,2015-07-01,16,1.948125,31.17,3.48,16,-0.8591198551751131,2.0182232005959892e-5
14209710,2015-07-02,16,1.935625,30.97,3.44,16,-0.8055780685953924,1.6550963616465952e-4
14209710,2015-07-03,16,1.93875,31.02,3.46,16,-0.7733008767169539,4.421769976104872e-4
14209710,2015-07-04,16,1.8956250000000001,30.330000000000002,3.41,16,-0.7226353249707684,0.0015654253400550439
14209710,2015-07-05,16,1.8499999999999999,29.599999999999998,3.37,16,-0.7445638664619284,9.379893134901897e-4
14209710,2015-07-06,16,1.754375,28.07,3.13,16,-0.7693660729536068,4.931464062363968e-4
14209710,2015-07-07,15,1.8373333333333333,27.56,3.26,15,-0.766336930264333,8.618294122161922e-4
14209710,2015-07-08,15,1.9213333333333333,28.82,3.4,15,-0.7764784468614622,6.632750140013103e-4
14209710,2015-07-09,15,1.4306666666666668,21.46,2.6,15,-0.5679049621133319,0.027212500066307602
14209710,2015-07-10,15,1.1286666666666667,16.93,2.3,15,-0.06276775942105627,0.8241375154050972
14209710,2015-07-11,15,0.6213333333333333,9.32,1.33,15,-0.18433391466904803,0.510757283978158
14209710,2015-07-12,15,1.4333333333333333,21.5,2.84,15,-0.7991071798420716,3.515111854261101e-4
14209710,2015-07-13,15,1.3679999999999999,20.52,2.51,15,-0.7850230251964863,5.264324141236012e-4
14209710,2015-07-14,15,1.954,29.31,3.35,15,-0.7675807228732378,8.351639004496562e-4
14209710,2015-07-15,15,1.8773333333333333,28.16,3.29,15,-0.664918699488394,0.006838280878566922
14209710,2015-07-16,15,1.5933333333333333,23.9,3.14,15,-0.6248376248903019,0.012757538566826312
14209710,2015-07-17,15,1.9120000000000001,28.68,3.31,15,-0.7927774588992188,4.230462022278661e-4
14209710,2015-07-18,15,2.002,30.03,3.4,15,-0.8086593303081245,2.6250127948649645e-4
14209710,2015-07-19,15,1.9313333333333333,28.97,3.29,15,-0.7319330120621353,0.001921651924993307
14209710,2015-07-20,15,1.8526666666666667,27.79,3.26,15,-0.7239022957893595,0.002278760851615443
14209710,2015-07-21,15,1.45,21.75,2.74,15,-0.5113592796326465,0.051381024953814365
14209710,2015-07-22,15,0.9513333333333334,14.27,1.75,15,-0.5197812869493367,0.047036274282840435
14209710,2015-07-23,15,1.848,27.72,3.28,15,-0.737657229686573,0.0016957171243231596
14209710,2015-07-24,15,1.7146666666666666,25.72,2.92,15,-0.7252521510314731,0.002215283928123804
14209710,2015-07-25,15,0.8413333333333334,12.62,1.7,15,0.2417353364182452,0.385398056611172
14209710,2015-07-26,15,1.0693333333333332,16.04,2.01,15,-0.41071390322436385,0.12832903676299132
14209710,2015-07-27,15,1.4,21,2.53,15,-0.4698569862847647,0.07718939079858964
14209710,2015-07-29,15,1.9206666666666667,28.81,3.33,15,-0.8106212547443504,2.4673583150632125e-4
14209710,2015-07-30,15,1.9213333333333333,28.82,3.33,15,-0.7491777977049773,0.0013056893787430817
14209710,2015-07-31,15,1.8906666666666667,28.36,3.3,15,-0.7343741709735774,0.001822516313950762
14209710,2015-08-01,15,1.798,26.97,3.23,15,-0.6033668382317466,0.017247980153552372
14209710,2015-08-02,15,0.7213333333333334,10.82,1.77,15,-0.19361463271507454,0.4893147152632714
14209710,2015-08-03,15,1.0506666666666666,15.76,2.12,15,-0.2454830929341908,0.3778435854544897
14209710,2015-08-04,15,1.8153333333333332,27.23,3.27,15,-0.7018020730423051,0.003542454084452899
14209710,2015-08-05,15,1.606,24.09,2.99,15,-0.6414972087069952,0.009946042606604942
14209710,2015-08-06,15,1.6953333333333334,25.43,3.13,15,-0.6731484699198554,0.005950146094969601
14209710,2015-08-07,15,1.804,27.060000000000002,3.22,15,-0.71044142102762,0.0029951097271780497
14209710,2015-08-08,15,1.218,18.27,2.66,15,-0.6490778417579811,0.008839341640654969
14209710,2015-08-09,15,1.64,24.599999999999998,3.07,15,-0.627748379363898,0.012226529243929989
14209710,2015-08-10,15,1.3506666666666667,20.26,2.56,15,-0.4323397268249868,0.10751490760749105
14209710,2015-08-11,15,1.4233333333333333,21.35,2.62,15,-0.6586464476717919,0.0075826894248215105
14209710,2015-08-12,15,1.5746666666666667,23.62,2.96,15,-0.5495412953051149,0.03383419517835782
14209710,2015-08-13,14,1.5264285714285715,21.37,2.97,14,-0.6374797313858067,0.014190189568525802
14209710,2015-08-14,14,0.6664285714285714,9.33,1.19,14,-0.8014101801319868,5.686886621228183e-4
14209710,2015-08-15,14,1.3514285714285714,18.919999999999998,2.32,14,-0.6331766913315034,0.015068865927266908
14209710,2015-08-16,14,1.8414285714285714,25.78,3.13,14,-0.6573972102552291,0.010621261861538257
14209710,2015-08-17,14,1.8164285714285715,25.43,3.11,14,-0.6318831567082187,0.01534094125677208
14209710,2015-08-18,14,1.7414285714285713,24.38,3.04,14,-0.6019207937780485,0.02275511092566958
14209710,2015-08-19,14,1.7742857142857142,24.84,3.09,14,-0.6543058018673502,0.01112418456829204
14209710,2015-08-20,14,1.5164285714285715,21.23,3.03,14,-0.5337419972996186,0.04932371922451794
14209710,2015-08-21,14,1.5842857142857143,22.18,2.99,14,-0.48267513746026236,0.08043926079044164
14209710,2015-08-22,14,1.6864285714285714,23.61,3.06,14,-0.38266347205193607,0.17689240265369613
14209710,2015-08-23,14,1.5035714285714286,21.05,2.75,14,-0.41688821841492824,0.1380930182546138
14209710,2015-08-24,14,1.497142857142857,20.96,2.62,14,-0.6123717295634563,0.019915918676386563
14209710,2015-08-25,14,1.697857142857143,23.77,2.97,14,-0.6971508542678455,0.005585086264377766
14209710,2015-08-26,14,1.5978571428571429,22.37,2.92,14,-0.5548950853355294,0.039435214974489555
14209710,2015-08-27,14,1.5342857142857143,21.48,2.92,14,-0.6352795143290179,0.014634438834336426
14209710,2015-08-28,14,0.9985714285714286,13.98,1.91,14,-0.30304129132366214,0.2922556449318982
14209710,2015-08-29,14,0.7385714285714285,10.34,1.61,14,0.38911907960446074,0.16908860370185638
14209710,2015-08-30,14,0.935,13.09,2.01,14,0.24115256976092952,0.4062291310068852
14209710,2015-09-01,13,1.0092307692307692,13.12,2.02,13,-0.521653729809416,0.06749240106543453
14209710,2015-09-02,13,1.2415384615384615,16.14,2.48,13,0.125638559162565,0.6825548817622824
14209710,2015-09-03,13,1.1592307692307693,15.07,2.21,13,-0.2245684010839191,0.4607516688163844
14209710,2015-09-04,13,1.32,17.16,2.47,13,-0.6990471873607271,0.007842068397922959
14209710,2015-09-05,13,1.0576923076923077,13.75,1.78,13,-0.15330247738805247,0.6170620766748668
14209710,2015-09-06,13,0.6838461538461539,8.89,1.28,13,-0.15899569252660478,0.6038828261138438
14209710,2015-09-07,13,1.5453846153846154,20.09,2.7,13,-0.7957133066245585,0.001141472809274131
14209710,2015-09-08,13,1.5915384615384616,20.69,2.66,13,-0.7227905223142312,0.005250378534740338
14209710,2015-09-09,13,1.6076923076923078,20.9,2.82,13,-0.7831976372438649,0.0015425622324012067
14209710,2015-09-10,13,1.6307692307692307,21.2,2.78,13,-0.7759804755407058,0.0018194774512568055
14209710,2015-09-11,13,1.47,19.11,2.58,13,-0.7005268220001158,0.007656652918380209
14209710,2015-09-12,13,1.426923076923077,18.55,2.55,13,-0.6668342749785667,0.012795073327419988
14209710,2015-09-13,13,1.4584615384615385,18.96,2.52,13,-0.395979262755742,0.18043866855775598
14209710,2015-09-14,13,0.6446153846153846,8.38,1.39,13,-0.06009601195636465,0.8453766618725614
14209710,2015-09-15,13,0.7276923076923076,9.459999999999999,1.65,13,-0.18640346413560382,0.5420271761728774
14209710,2015-09-16,12,0.9824999999999999,11.79,2.07,12,-0.34591281896092907,0.2707308466106066
14209710,2015-09-17,12,0.9125,10.950000000000001,1.75,12,0.12950076558454404,0.6883261801085607
14209710,2015-09-18,12,1.4891666666666667,17.87,2.61,12,-0.7653161747407534,0.0037221439900609454
14209710,2015-09-19,12,1.4808333333333334,17.77,2.49,12,-0.7331400421260215,0.00666934996957165
14209710,2015-09-20,12,1.0725,12.870000000000001,1.85,12,-0.7062384740063004,0.010253770182630056
14209710,2015-09-21,12,1.5708333333333333,18.85,2.67,12,-0.5740577585835962,0.050951045827483575
14209710,2015-09-22,12,1.5708333333333333,18.85,2.68,12,-0.4693125344436315,0.1237428952274797
14209710,2015-09-23,12,1.3416666666666668,16.1,2.27,12,-0.6059976554257235,0.03674184014200909
14209710,2015-09-24,12,1.2833333333333332,15.399999999999999,2.38,12,-0.40794039130327586,0.18803550444850345
14209710,2015-09-25,12,0.6766666666666666,8.12,1.38,12,-0.2815407363965514,0.37534177999916074
14209710,2015-09-26,12,1.425,17.1,2.44,12,-0.3570197986371419,0.254600471021475
14209710,2015-09-27,12,1.5458333333333334,18.55,2.59,12,-0.6480309383368988,0.02267351552818685
14209710,2015-09-28,12,1.46,17.52,2.46,12,-0.6089871349924011,0.03557586489864138
14209710,2015-09-29,12,1.4491666666666667,17.39,2.42,12,-0.7241651628239001,0.007738913735750098
14209710,2015-09-30,12,1.3416666666666668,16.1,2.42,12,-0.6330005094516393,0.027149505517348425
14209710,2015-10-01,12,1.335,16.02,2.31,12,-0.5252681378943138,0.07948192520000913
14209710,2015-10-02,12,0.5225,6.2700000000000005,1,12,-0.44377008607218243,0.14842542367862158
14209710,2015-10-03,12,1.2708333333333333,15.25,2.32,12,-0.4101865334257091,0.1853783084827029
14209710,2015-10-04,12,1.3366666666666667,16.04,2.31,12,-0.6195540277859543,0.031666081632061395
14209710,2015-10-05,12,1.3441666666666667,16.13,2.35,12,-0.6165149695524941,0.03275725342856481
14209710,2015-10-06,12,1.035,12.42,1.82,12,-0.37837230269948835,0.22520999538152234
14209710,2015-10-07,12,0.4175,5.01,0.79,12,0.33149460380712403,0.2925243341189229
14209710,2015-10-08,12,0.8433333333333334,10.12,1.56,12,-0.18565635101201342,0.5634681248241562
14209710,2015-10-09,12,0.4875,5.85,0.91,12,-0.204875102926081,0.5229871225621694
14209710,2015-10-10,12,0.3808333333333333,4.57,0.82,12,-0.19291290182508486,0.5480354382714525
14209710,2015-10-11,12,1.0025,12.03,1.9,12,-0.4978469244633072,0.09954075893530873
14209710,2015-10-12,12,1.0741666666666667,12.89,2.01,12,-0.5178902371532533,0.0845806941602215
14209710,2015-10-13,12,1.1116666666666666,13.34,2.01,12,-0.44695381953345337,0.14518961169802375
14209710,2015-10-14,12,1.0875,13.05,2.06,12,-0.4075541218631222,0.1884948272685249
14209710,2015-10-15,12,0.9766666666666667,11.72,1.82,12,-0.47780079512247503,0.11617799751897905
14209710,2015-10-16,12,0.6525,7.83,1.55,12,-0.3237131959617559,0.3046842577692677
14209710,2015-10-17,12,0.52,6.24,1.06,12,0.1690011853239351,0.5995353245961655
14209710,2015-10-18,11,0.5590909090909091,6.15,1.01,11,0.1403131898273099,0.6807149946412263
14209710,2015-10-19,10,0.554,5.54,0.9,10,0.21756814801229132,0.545965630705468
14209710,2015-10-20,10,0.8130000000000001,8.13,1.3,10,-0.14115888787718037,0.6972945212276203
14209710,2015-10-21,10,1.026,10.26,1.7,10,-0.13631342186879555,0.7072935817302772
14209710,2015-10-22,10,1.211,12.11,1.96,10,-0.13183089502471054,0.7165797399288112
14209710,2015-10-23,10,1.022,10.22,1.78,10,-0.24627755999502868,0.49277142160042575
14209710,2015-10-24,10,1.024,10.24,1.71,10,0.15740740740740702,0.6640766775290425
14209710,2015-10-25,10,0.302,3.02,0.5,10,0.28815008669607806,0.4194523750128607
14209710,2015-10-27,10,0.699,6.99,1.17,10,-0.26936323325537936,0.451691536415716
14209710,2015-10-28,10,0.532,5.32,0.93,10,0.310248898578005,0.3829692185937339
14209710,2015-10-29,10,0.592,5.92,0.96,10,0.11929547470581894,0.7427233573354114
14209710,2015-10-30,10,0.216,2.16,0.41,10,0.6501732033313407,0.04182557512191016
14209710,2015-10-31,10,0.23099999999999998,2.31,0.42,10,-0.6796966843728309,0.030603768926215316
14209710,2015-11-02,10,0.735,7.35,1.2,10,-0.12989718332941175,0.720596110177912
14209710,2015-11-03,10,0.756,7.56,1.29,10,0.014782809899722183,0.9676696691566027
14209710,2015-11-04,10,0.657,6.57,1.12,10,-0.6699211651263643,0.03405873834966984
14209710,2015-11-05,10,0.428,4.28,0.78,10,-0.42332439077261913,0.22284273341819205
14209710,2015-11-06,10,0.866,8.66,1.55,10,-0.6684504975726978,0.03460040226122635
14209710,2015-11-07,10,0.204,2.04,0.37,10,-0.7675770756055728,0.009539688155180928
14209710,2015-11-08,10,0.40199999999999997,4.02,0.72,10,-0.25255638290864785,0.48144373130480744
14209710,2015-11-09,10,0.663,6.63,1.19,10,-0.06640158940746417,0.85538527807319
14209710,2015-11-10,10,0.544,5.44,0.92,10,0.13547661338896122,0.709024546282178
14209710,2015-11-11,10,0.624,6.24,1.21,10,-0.048211347097076224,0.8947824662154665
14209710,2015-11-12,10,0.273,2.73,0.45,10,-0.5222765690333455,0.12146623307741108
14209710,2015-11-13,10,0.134,1.34,0.25,10,-0.8187423185324421,0.003770809826986495
14209710,2015-11-14,10,0.172,1.72,0.31,10,-0.5044978417091156,0.1369997425411625
14209710,2015-11-15,10,0.477,4.7700000000000005,0.83,10,-0.6278027231451085,0.0519664937405328
14209710,2015-11-16,10,0.242,2.42,0.51,10,-0.4302341118318524,0.21457390564205941
14209710,2015-11-17,10,0.136,1.36,0.32,10,-0.8814301173000956,7.476600078687437e-4
14209710,2015-11-18,10,0.449,4.49,1.01,10,-0.8404281537409259,0.0023287483736781104
14209710,2015-11-19,10,0.389,3.89,0.67,10,-0.8788330532617844,8.126956098709031e-4
14209710,2015-11-20,10,0.632,6.32,1.17,10,0.397025510502676,0.25594492229278204
14209710,2015-11-21,10,0.88,8.8,1.54,10,-0.7142857142857137,0.02030009361988397
14209710,2015-11-22,10,0.648,6.48,1.19,10,-0.8975528243762638,4.2516935541091644e-4
14209710,2015-11-23,10,0.389,3.89,0.93,10,-0.8985449576597011,4.0944311959909344e-4
14209710,2015-11-24,10,0.317,3.17,0.67,10,-0.128036879932896,0.7244658257347429
14209710,2015-11-25,10,0.836,8.36,1.5,10,-0.6860128686890016,0.028503197051380373
14209710,2015-11-26,10,0.841,8.41,1.49,10,-0.537517030974351,0.10906308534932509
14209710,2015-11-27,10,0.831,8.31,1.48,10,-0.7886346228749075,0.0067063876355870095
14209710,2015-11-28,10,0.822,8.22,1.47,10,-0.7623136932674526,0.010361830081853644
14209710,2015-11-29,10,0.804,8.04,1.45,10,-0.8911175884949818,5.381516484484657e-4
14209710,2015-11-30,10,0.319,3.19,0.63,10,-0.9035985843647348,3.358652420478755e-4
14209710,2015-12-01,9,0.5177777777777778,4.66,0.98,9,-0.9506032781517285,8.40305079362904e-5
14209710,2015-12-02,9,0.31555555555555553,2.84,0.51,9,-0.9282549058155489,3.0347369315307564e-4
14209710,2015-12-03,9,0.18888888888888888,1.7,0.34,9,-0.8581163303210326,0.003074830658745334
14209710,2015-12-04,9,0.44666666666666666,4.0200000000000005,0.74,9,-0.4179383795285736,0.26298027673044666
14209710,2015-12-05,9,0.13111111111111112,1.18,0.27,9,-0.8686457589520938,0.002372934113566583
14209710,2015-12-06,9,0.32,2.88,0.63,9,-0.7096776320366175,0.03222806341376871
14209710,2015-12-07,9,0.19111111111111112,1.72,0.39,9,0.4157397096415486,0.2657597488518656
14209710,2015-12-08,8,0.13625,1.09,0.23,8,-0.941274502223348,4.8427597604113403e-4
14209710,2015-12-09,9,0.4033333333333333,3.63,0.75,9,-0.916346050065033,5.133090665697987e-4
14209710,2015-12-10,9,0.32666666666666666,2.94,0.6,9,-0.6614378277661479,0.052356306554902185
14209710,2015-12-11,9,0.19999999999999998,1.8,0.41,9,NA,NA
14209710,2015-12-12,9,0.09,0.81,0.19,9,0.6958153391346759,0.03737588918841751
14209710,2015-12-13,9,0.21888888888888888,1.97,0.42,9,-0.6448314199366032,0.06078057755031276
14209710,2015-12-14,9,0.40444444444444444,3.64,0.73,9,-0.7857142857142856,0.012075149629834353
14209710,2015-12-16,9,0.2644444444444444,2.38,0.51,9,-0.7635417155709302,0.01664870032901806
14209710,2015-12-17,9,0.16222222222222224,1.46,0.32,9,NA,NA
14209710,2015-12-18,9,0.35555555555555557,3.2,0.71,9,-0.8,0.009627924725379808
14209710,2015-12-19,9,0.42444444444444446,3.82,0.76,9,NA,NA
14209710,2015-12-20,9,0.37,3.33,0.66,9,NA,NA
14209710,2015-12-21,9,0.29555555555555557,2.6599999999999997,0.57,9,-0.2867696673382026,0.45436646456854246
14209710,2015-12-22,9,0.3333333333333333,3,0.61,9,-0.8824975032927683,0.0016293581272493263
14209710,2015-12-23,9,0.28555555555555556,2.57,0.58,9,-0.8206945344647678,0.006712360889613039
14209710,2015-12-24,9,0.2833333333333333,2.5500000000000003,0.51,9,-0.7149616862223853,0.03039471228062424
14209710,2015-12-25,9,0.4677777777777778,4.21,0.82,9,-0.6174969805662203,0.0764184607377555
14209710,2015-12-26,9,0.3111111111111111,2.8,0.52,9,-0.28571428571428575,0.4561027605249277
14209710,2015-12-27,9,0.18555555555555556,1.67,0.47,9,-0.9025135378046014,8.648595288756591e-4
14209710,2015-12-28,9,0.37444444444444447,3.37,0.66,9,-0.8021111848996879,0.00929739659470208
14209710,2015-12-29,9,0.30666666666666664,2.76,0.5,9,-0.8287810986338563,0.00575931152600833
14209710,2015-12-30,9,0.7355555555555555,6.62,1.22,9,NA,NA
14209710,2016-01-02,9,0.7922222222222223,7.13,1.35,9,-0.577350269189627,0.10355171027145813
14209710,2016-01-08,9,0.6744444444444444,6.07,1.16,9,-0.5669467095138409,0.11141646787533989
14209710,2016-01-10,9,0.83,7.47,1.39,9,-0.8437500000000002,0.004246406071829734
14209710,2016-01-11,9,0.2866666666666667,2.58,0.55,9,-0.795548188687334,0.010350723800345832
14209710,2016-01-12,9,0.22666666666666666,2.04,0.49,9,-0.8661635148456444,0.0025272141689652566
14209710,2016-01-13,9,0.3144444444444444,2.83,0.6,9,0.24584458594722017,0.5237134022172498
14209710,2016-01-14,9,0.3288888888888889,2.96,0.68,9,-0.9245003270420483,0.00036143308162532556
14209710,2016-01-15,9,0.44333333333333336,3.9899999999999998,0.92,9,-0.905131421585463,7.883399687345943e-4
14209710,2016-01-16,9,0.3111111111111111,2.8000000000000003,0.55,9,-0.6666666666666697,0.04986723056888365
14209710,2016-01-17,9,0.16,1.44,0.43,9,-0.8340576562282986,0.005189913349296852
14209710,2016-01-18,9,0.41,3.69,0.73,9,-0.9562532003260246,5.5237187722853795e-5
14209710,2016-01-19,9,0.17222222222222222,1.55,0.27,9,NA,NA
14209710,2016-01-20,9,0.35,3.15,0.64,9,-0.948877760140915,9.459892139618738e-5
14209710,2016-01-21,9,0.24,2.16,0.47,9,-0.9654285083434352,2.4454689888169256e-5
14209710,2016-01-22,9,0.6788888888888889,6.11,1.11,9,-0.8402887555464308,0.004568535877525658
14209710,2016-01-23,9,0.39444444444444443,3.55,0.61,9,-0.8528197466465419,0.0034767485981540436
14209710,2016-01-24,9,0.5288888888888889,4.76,0.8,9,-0.632831881684376,0.06736970973429314
14209710,2016-01-25,9,0.8333333333333334,7.5,1.36,9,-0.8112861744547144,0.00794987063312557
14209710,2016-01-26,9,0.3088888888888889,2.78,0.61,9,-0.9114654303752988,6.229386328417208e-4
14209710,2016-01-27,9,0.5222222222222223,4.7,0.92,9,-0.9536768771160491,6.731414446872791e-5
14209710,2016-01-28,9,0.6666666666666666,6,1,9,0.5103103630798285,0.1604145469092971
14209710,2016-01-29,9,0.4988888888888889,4.49,0.85,9,0.6776718456854901,0.044878598991251295
14209710,2016-01-30,9,0.5677777777777778,5.11,0.91,9,-0.9036961141150642,8.296808246244033e-4
14209710,2016-01-31,9,0.55,4.95,0.87,9,-0.8174475531030418,0.007123433999150518
14209710,2016-02-01,9,0.5444444444444445,4.9,0.84,9,-0.9041674806949976,8.159414209777609e-4
14209710,2016-02-02,9,0.6866666666666666,6.180000000000001,1.06,9,-0.8082903768654791,0.008374212929378724
14209710,2016-02-03,10,0.257,2.57,0.48,10,-0.8605526880393425,0.001393252783363817
14209710,2016-02-04,10,0.398,3.98,0.7,10,-0.7778778199388127,0.00806559668842285
14209710,2016-02-05,11,0.3154545454545455,3.47,0.66,11,-0.9187007260767935,6.47839579427667e-5
14209710,2016-02-06,11,0.5936363636363636,6.53,1.14,11,-0.7928249671720918,0.0036047764807509166
14209710,2016-02-07,11,0.89,9.79,1.72,11,-0.8863853957322653,2.784067307445812e-4
14209710,2016-02-08,11,0.9827272727272727,10.81,1.8,11,-0.9428415985793867,1.3751408669250913e-5
14209710,2016-02-09,11,0.9481818181818181,10.43,1.68,11,-0.8854951483710222,2.879754039234582e-4
14209710,2016-02-10,11,0.4890909090909091,5.38,1.04,11,-0.7419978960571357,0.008934830983955254
14209710,2016-02-11,11,0.25727272727272726,2.83,0.49,11,-0.710832257886227,0.014203748680954817
14209710,2016-02-12,11,0.5009090909090909,5.51,0.96,11,-0.34641016151377546,0.29666503692409923
14209710,2016-02-13,11,0.28545454545454546,3.14,0.56,11,-0.43875996503451253,0.17701318344749145
14209710,2016-02-14,11,0.22454545454545455,2.47,0.4,11,NA,NA
14209710,2016-02-15,11,0.5954545454545455,6.55,1.07,11,-0.9781061993853339,1.9283660235059258e-7
14209710,2016-02-16,11,0.5709090909090909,6.28,1.03,11,-0.9729121085763561,4.988534480641819e-7
14209710,2016-02-17,11,0.41454545454545455,4.56,0.79,11,-0.9363352297323584,2.2125546769740506e-5
14209710,2016-02-18,11,0.3527272727272727,3.88,1,11,-0.32839478871459865,0.32414021212417155
14209710,2016-02-19,11,0.3781818181818182,4.16,0.81,11,0.4840675867804301,0.1313665052649996
14209710,2016-02-20,11,0.850909090909091,9.36,1.53,11,-0.9214897342467743,5.5594778825110486e-5
14209710,2016-02-21,11,0.5863636363636364,6.45,1.26,11,-0.6305282887554625,0.037543585676143014
14209710,2016-02-23,11,1.1190909090909091,12.31,2.03,11,-0.9527369905296519,5.930735619593197e-6
14209710,2016-02-24,11,0.8881818181818182,9.77,1.68,11,-0.9246996074818952,4.6292162789423126e-5
14209710,2016-02-25,11,1.239090909090909,13.63,2.16,11,-0.9196629311888985,6.149167202626296e-5
14209710,2016-02-26,11,0.5290909090909091,5.82,1.07,11,-0.9514959473456138,6.652390712933822e-6
14209710,2016-02-27,11,0.8136363636363636,8.95,1.46,11,-0.6739144328653359,0.02297924115769906
14209710,2016-02-28,11,0.6290909090909091,6.92,1.21,11,-0.6375988221950509,0.03482175962145541
14209710,2016-02-29,11,0.5918181818181818,6.51,1.22,11,-0.9339475705392297,2.602110753589859e-5
14209710,2016-03-01,11,0.4636363636363636,5.1,0.84,11,-0.8255753223162956,0.0017478725604343527
14209710,2016-03-02,11,0.5627272727272727,6.19,1.24,11,-0.9386906252633812,1.873778787925767e-5
14209710,2016-03-03,11,1.0836363636363637,11.92,2.06,11,-0.9002652749380206,1.581330049653597e-4
14209710,2016-03-04,11,0.6272727272727273,6.9,1.14,11,-0.9445119238394528,1.2062749626636566e-5
14209710,2016-03-05,11,0.7827272727272727,8.61,1.57,11,-0.9053503305774763,1.259013731626626e-4
14209710,2016-03-06,11,0.7763636363636364,8.54,1.43,11,-0.38332593899996475,0.2445420801796635
14209710,2016-03-07,11,0.9763636363636363,10.74,1.69,11,-0.6558440080461089,0.028440015187082245
14209710,2016-03-08,11,0.43363636363636365,4.77,0.65,11,NA,NA
14209710,2016-03-09,11,0.22272727272727272,2.45,0.41,11,-0.8990129557249527,1.669553230577231e-4
14209710,2016-03-10,12,0.6808333333333333,8.17,1.38,12,-0.7709737460008943,0.0033288162788377364
14209710,2016-03-11,12,0.4775,5.7299999999999995,1.13,12,-0.9419592433358145,4.703640612614688e-6
14209710,2016-03-12,12,0.5183333333333333,6.22,1.12,12,-0.6536873917005485,0.021137078093791412
14209710,2016-03-14,12,0.6858333333333333,8.23,1.29,12,-0.6311164373585938,0.027752424202144365
14209710,2016-03-15,12,0.5433333333333333,6.5200000000000005,0.91,12,-0.8314262204016319,8.018901095527994e-4
14209710,2016-03-17,12,1.6275,19.53,2.7,12,-0.9582316762363751,9.332760333268409e-7
14209710,2016-03-18,13,1.103076923076923,14.34,2.12,13,-0.9723481909631579,2.713593918889295e-8
14209710,2016-03-19,13,1.0392307692307692,13.51,2.04,13,-0.9662145628134213,8.071335724547731e-8
14209710,2016-03-20,13,0.4453846153846154,5.79,0.93,13,-0.6247312246392731,0.022443617154393403
14209710,2016-03-21,13,0.4907692307692308,6.38,0.96,13,-0.9011950249138481,2.6004148609320098e-5
14209710,2016-03-22,13,0.76,9.88,1.41,13,-0.6657539281034952,0.012994307696141745
14209710,2016-03-23,13,0.5584615384615385,7.26,1.2,13,-0.8998048480408877,2.8004049029023695e-5
14209710,2016-03-24,13,0.8353846153846154,10.86,1.53,13,-0.7878163156220594,0.001383459830548726
14209710,2016-03-25,13,0.8853846153846153,11.51,1.67,13,-0.849979919077992,2.3340270796727268e-4
14209710,2016-03-26,13,1.0115384615384615,13.15,2.11,13,-0.9655297361641004,9.001283968111927e-8
14209710,2016-03-27,13,0.9,11.7,1.72,13,-0.4974104085465201,0.08371416015402126
14209710,2016-03-28,13,1.0215384615384615,13.28,1.82,13,-0.9156383217407383,1.1218550695630754e-5
14209710,2016-03-29,13,1.656153846153846,21.53,2.84,13,-0.9664282609737687,7.79772757622453e-8
14209710,2016-03-30,13,1.6953846153846153,22.04,2.9,13,-0.9489145343924921,7.586225669718594e-7
14209710,2016-03-31,13,1.6453846153846154,21.39,2.86,13,-0.9631247078855905,1.2983382647471525e-7
14209710,2016-04-01,13,1.6538461538461537,21.5,2.88,13,-0.9268094750401292,5.250078509359657e-6
14209710,2016-04-02,13,1.5923076923076922,20.7,2.59,13,-0.9215566547014898,7.607617299634046e-6
14209710,2016-04-03,13,1.5215384615384615,19.78,2.85,13,-0.9536070312172301,4.506418600689417e-7
14209710,2016-04-04,13,1.1300000000000001,14.69,2.47,13,-0.8453630121121427,2.7318279910766384e-4
14209710,2016-04-05,13,1.1815384615384614,15.36,2.07,13,-0.9057490206817295,2.0241478343568384e-5
14209710,2016-04-06,13,1.6076923076923078,20.9,2.81,13,-0.9484256021108309,7.986670675213417e-7
14209710,2016-04-07,13,1.7923076923076924,23.3,2.99,13,-0.9636288642351168,1.2048371709710742e-7
14209710,2016-04-08,13,1.7023076923076923,22.13,2.88,13,-0.94619681772008,1.003553590156184e-6
14209710,2016-04-09,13,1.3792307692307693,17.93,2.52,13,-0.9077170670196105,1.80936195644337e-5
14209710,2016-04-10,13,1.0107692307692309,13.14,1.86,13,-0.9035063730220724,2.2934401171175087e-5
14209710,2016-04-11,14,0.9721428571428572,13.610000000000001,1.84,14,-0.9418485620354674,4.921651074369589e-7
14209710,2016-04-12,14,0.6,8.4,1.15,14,-0.8879784609586179,2.23201502895811e-5
14209710,2016-04-13,14,0.8928571428571429,12.5,1.86,14,-0.8731893324989181,4.5434602169766476e-5
14209710,2016-04-14,14,0.6064285714285714,8.49,1.27,14,-0.8853279678047367,2.5530078035332754e-5
14209710,2016-04-15,14,1.102142857142857,15.43,1.94,14,-0.9042604093093916,9.02049973742187e-6
14209710,2016-04-16,14,1.5,21,2.92,14,-0.9798724910772467,9.192348577104271e-10
14209710,2016-04-17,14,1.7128571428571429,23.98,3.08,14,-0.9880234773902024,4.152450020227962e-11
14209710,2016-04-18,14,1.7392857142857143,24.35,3.06,14,-0.9670030129183016,1.735518170425941e-8
14209710,2016-04-19,14,1.772142857142857,24.81,3.09,14,-0.9684426860102703,1.3321116057379307e-8
14209710,2016-04-20,14,1.4807142857142856,20.73,2.88,14,-0.9354794907441369,9.05444187389333e-7
14209710,2016-04-21,14,1.5021428571428572,21.03,2.92,14,-0.9376677704418122,7.396721550300541e-7
14209710,2016-04-22,14,1.0935714285714286,15.31,2.19,14,-0.34945029605006117,0.22069035542045468
14209710,2016-04-23,14,0.7885714285714286,11.04,1.47,14,-0.790251507965913,7.692146492959439e-4
14209710,2016-04-24,14,1.0278571428571428,14.39,2.1,14,-0.8084479082578361,4.655221759203713e-4
14209710,2016-04-25,14,1.3757142857142857,19.26,2.58,14,-0.9119417843212815,5.555400106375813e-6
14209710,2016-04-26,14,1.2692857142857144,17.77,2.5,14,-0.9733724312995394,4.859261161772859e-9
14209710,2016-04-28,14,0.8842857142857143,12.38,1.52,14,-0.8209780795314653,3.1931690373049516e-4
14209710,2016-04-29,14,0.9107142857142857,12.75,1.86,14,-0.745933688940709,0.002188880854444624
14209710,2016-04-30,14,1.782857142857143,24.96,3.16,14,-0.9562418730380909,9.220790337838251e-8
14209710,2016-05-01,14,1.9928571428571429,27.9,3.31,14,-0.9732036439621262,5.045182176916055e-9
14209710,2016-05-02,14,1.8042857142857143,25.26,3.05,14,-0.9497437270198519,2.086395367704739e-7
14209710,2016-05-03,14,1.2028571428571428,16.84,2.35,14,-0.8958029268058927,1.471037175534906e-5
14209710,2016-05-04,14,0.8278571428571428,11.59,1.68,14,-0.756005509999746,0.0017587016321301495
14209710,2016-05-05,15,1.3133333333333335,19.7,2.58,15,-0.9353982679005922,3.1057531541334103e-7
14209710,2016-05-06,15,1.7626666666666666,26.44,3.17,15,-0.9501593608465422,5.963579746495462e-8
14209710,2016-05-07,15,1.8726666666666667,28.09,3.32,15,-0.9610071082513965,1.2417917081453627e-8
14209710,2016-05-08,15,1.276,19.14,2.35,15,-0.8919058469125565,7.919199270375892e-6
14209710,2016-05-09,15,1.6333333333333333,24.5,2.96,15,-0.7853746628185746,5.213374402596859e-4
14209710,2016-05-10,15,1.9273333333333333,28.91,3.38,15,-0.9562789682657772,2.583183805711672e-8
14209710,2016-05-11,15,1.9646666666666668,29.47,3.41,15,-0.966615653384875,4.587351285539076e-9
14209710,2016-05-12,15,1.922,28.83,3.35,15,-0.9686195882936017,3.0825892586454126e-9
14209710,2016-05-13,15,1.7393333333333334,26.09,3.08,15,-0.9723035733167336,1.3811705428594147e-9
14209710,2016-05-14,15,0.28533333333333333,4.28,0.64,15,-0.8899442634237223,8.857832745290146e-6
14209710,2016-05-15,15,0.5413333333333333,8.12,1.31,15,-0.07319250547114178,0.7954595292562479
14209710,2016-05-16,15,0.726,10.89,1.2,15,-0.8013698539455669,3.284775439145421e-4
14209710,2016-05-17,15,1.7413333333333334,26.12,3.23,15,-0.9721765801735067,1.4224217487301705e-9
14209710,2016-05-18,15,1.4326666666666668,21.490000000000002,2.97,15,-0.9188267898662392,1.315526320004183e-6
14209710,2016-05-19,15,1.0406666666666666,15.61,1.93,15,-0.5064577692186673,0.05404145024564893
14209710,2016-05-20,15,1.2273333333333334,18.41,2.26,15,-0.945812539184972,1.0161591107519398e-7
14209710,2016-05-21,15,0.788,11.82,1.48,15,-0.9303234052312729,5.014739000023941e-7
14209710,2016-05-22,15,0.936,14.040000000000001,1.85,15,-0.9113959388287448,2.282476665862801e-6
14209710,2016-05-23,15,1.1106666666666667,16.66,1.94,15,-0.8407775125755407,8.632232550689044e-5
14209710,2016-05-24,15,1.2066666666666666,18.1,2.42,15,-0.6389952590943054,0.010334091938102264
14209710,2016-05-25,16,0.84,13.44,1.62,16,-0.6732332994081496,0.004255887998610194
14209710,2016-05-26,16,0.8025,12.84,1.53,16,-0.5571073571966777,0.024973424237568955
14209710,2016-05-27,16,1.070625,17.13,2.14,16,-0.9045866545449419,1.4951694552410367e-6
14209710,2016-05-28,16,1.564375,25.03,2.94,16,-0.9637793473403725,1.9926685743899145e-9
14209710,2016-05-29,16,1.17875,18.86,2.45,16,-0.9008846859535217,1.9320593532307203e-6
14209710,2016-05-30,16,1.80875,28.94,3.24,16,-0.9597270898953205,4.1413359898878395e-9
14209710,2016-05-31,16,1.846875,29.55,3.44,16,-0.9671922984793345,1.0058133512757876e-9
14209710,2016-06-01,16,1.441875,23.07,2.79,16,-0.9178026546593054,5.458252997452028e-7
14209710,2016-06-02,16,0.846875,13.55,1.7,16,-0.14465408805031224,0.5929919158073101
14209710,2016-06-03,16,1.751875,28.03,3.37,16,-0.9680524616636694,8.37032073062768e-10
14209710,2016-06-04,16,1.8018750000000001,28.830000000000002,3.33,16,-0.9405753955182007,5.9914772193145e-8
14209710,2016-06-05,16,1.789375,28.63,3.26,16,-0.9418372372606916,5.173188565738042e-8
14209710,2016-06-06,16,1.90625,30.5,3.41,16,-0.9032441954799691,1.6427597433917658e-6
14209710,2016-06-07,16,1.7625,28.2,3.35,16,-0.8810402033283279,6.564186820672105e-6
14209710,2016-06-08,16,1.311875,20.99,2.25,16,-0.6300855856815867,0.008892698932682285
14209710,2016-06-09,16,0.6075,9.72,1.13,16,-0.4418000615405136,0.08665565177852094
14209710,2016-06-10,16,1.020625,16.33,2.07,16,-0.7042397478396838,0.0023238174304651567
14209710,2016-06-11,16,1.15875,18.54,2.12,16,-0.7400794696261151,0.0010457118282104635
14209710,2016-06-12,16,1.91875,30.7,3.41,16,-0.9559511859213407,7.677328374408404e-9
14209710,2016-06-13,16,0.86875,13.9,1.89,16,-0.6265609637457327,0.009400657761274554
14209710,2016-06-15,16,1.210625,19.37,2.28,16,-0.8674416436657683,1.3486699831274185e-5
14209710,2016-06-16,16,1.32125,21.14,2.58,16,-0.8586589225516503,2.062256063160541e-5
14209710,2016-06-17,16,1.103125,17.65,1.92,16,-0.7906636859746592,0.00026609144260971574
14209710,2016-06-18,16,1.240625,19.85,2.5,16,0.045175468901187024,0.8680567373882067
14209710,2016-06-19,16,1.893125,30.29,3.38,16,-0.9463838459114111,2.9622039458160966e-8
14209710,2016-06-20,16,1.6675,26.68,3.08,16,-0.9337945086968787,1.253422806341541e-7
14209710,2016-06-21,16,1.58375,25.34,3.14,16,-0.9362886565035479,9.644425008449535e-8
14209710,2016-06-22,16,1.751875,28.03,3.16,16,-0.9050185436100018,1.4501409175312906e-6
14209710,2016-06-23,16,0.7168749999999999,11.469999999999999,1.45,16,0.0757410652263059,0.7804071104042365
14209710,2016-06-24,16,1.009375,16.15,1.84,16,-0.06990374116545062,0.7969879576369022
14209710,2016-06-25,16,1.940625,31.05,3.46,16,-0.9462106071983724,3.0284470807753686e-8
14209710,2016-06-26,16,1.9381249999999999,31.009999999999998,3.44,16,-0.9425300036576013,4.765844207928333e-8
14209710,2016-06-27,16,1.863125,29.81,3.3,16,-0.9009079509035777,1.9290097254636096e-6
14209710,2016-06-28,16,1.8175,29.08,3.43,16,-0.8533850381114896,2.6262295293897123e-5
14209710,2016-06-29,16,1.60625,25.7,3.15,16,-0.8549757872734112,2.443958767480636e-5
14209710,2016-06-30,16,1.78375,28.54,3.36,16,-0.8552712859574462,2.4112972165555674e-5
14209710,2016-07-01,16,1.731875,27.71,3.19,16,-0.7898535183854015,2.7275085235910624e-4
14209710,2016-07-02,16,1.639375,26.23,3.13,16,-0.8807294125560905,6.679453229737332e-6
14209710,2016-07-03,16,1.5418749999999999,24.669999999999998,3.18,16,-0.7733803213796021,4.4119453618055737e-4
14209710,2016-07-04,16,1.126875,18.03,2.34,16,-0.8048844387811324,1.6935290695865334e-4
14209710,2016-07-05,16,1.315,21.04,2.65,16,-0.8182843903872471,1.0690803791328338e-4
14209710,2016-07-06,15,1.6646666666666667,24.97,2.92,15,-0.8603065847872993,3.874528186929205e-5
14209710,2016-07-07,15,0.8406666666666667,12.610000000000001,1.61,15,-0.5738181726030165,0.02530497470713099
14209710,2016-07-08,15,0.9380000000000001,14.07,1.76,15,-0.4566832129788314,0.08703593991430386
14209710,2016-07-09,15,1.0366666666666666,15.55,1.89,15,-0.7827048436460854,5.61045624248233e-4
14209710,2016-07-10,15,1.0166666666666666,15.25,1.91,15,-0.5050266568354307,0.05483690556417573
14209710,2016-07-11,15,1.3033333333333332,19.55,2.33,15,-0.9109748976818779,2.3514578464831163e-6
14209710,2016-07-12,15,0.986,14.79,1.75,15,0.001495277892264999,0.9957802353286692
14209710,2016-07-13,15,1.9393333333333334,29.09,3.25,15,-0.9075464871242355,2.9807625070790146e-6
14209710,2016-07-14,15,1.9966666666666666,29.95,3.38,15,-0.8549913998371441,4.8731026125336796e-5
14209710,2016-07-15,15,1.0966666666666667,16.45,2,15,-0.7821667343963431,5.693393170205347e-4
14209710,2016-07-16,15,1.0593333333333332,15.89,1.89,15,-0.6634375641574153,0.007008640208609188
14209710,2016-07-17,15,0.9506666666666667,14.26,1.72,15,-0.6132388810952754,0.015053369944277075
14209710,2016-07-18,15,0.9973333333333333,14.96,2.1,15,-0.3832551259810272,0.15850987763740196
14209710,2016-07-19,15,1.222,18.330000000000002,2.41,15,-0.8095430901775958,2.553006109114949e-4
14209710,2016-07-20,15,1.936,29.04,3.26,15,-0.8476809995525753,6.585812281674509e-5
14209710,2016-07-21,15,1.5846666666666667,23.77,2.86,15,-0.84886294573898,6.279431160050494e-5
14209710,2016-07-22,15,0.912,13.68,1.5,15,-0.16638407094019794,0.5534129314341425
14209710,2016-07-23,15,1.4813333333333334,22.22,2.84,15,-0.8392346064707347,9.154648036809423e-5
14209710,2016-07-24,15,1.924,28.86,3.32,15,-0.8496165419150632,6.0903029594918065e-5
14209710,2016-07-25,15,1.8306666666666667,27.46,3.21,15,-0.7696342251776122,7.926058038431796e-4
14209710,2016-07-26,15,1.7713333333333334,26.57,3.3,15,-0.73554481101969,0.00177645822304666
14209710,2016-07-27,15,1.7853333333333334,26.78,3.22,15,-0.7314397112253341,0.0019422012161645203
14209710,2016-07-28,15,1.9053333333333333,28.580000000000002,3.31,15,-0.7714549029811072,7.563606783523555e-4
14209710,2016-07-29,15,1.8926666666666667,28.39,3.26,15,-0.7074347161864354,0.0031773325198877684
14209710,2016-07-30,15,1.8293333333333335,27.44,3.35,15,-0.5427399421567268,0.03657032804092418
14209710,2016-07-31,15,1.5593333333333332,23.39,3.19,15,-0.616703289958993,0.014336675632855502
14209710,2016-08-01,15,1.7366666666666666,26.05,3.28,15,-0.7298593172704687,0.002009226902387287
14209710,2016-08-02,15,1.1766666666666667,17.65,1.99,15,-0.2807700211090808,0.31074510713543246
14209710,2016-08-03,15,1.722,25.83,3.27,15,-0.7600877724405868,0.0010064582383063473
14209710,2016-08-04,15,1.8433333333333333,27.65,3.25,15,-0.7843933060303561,5.356578946748153e-4
14209710,2016-08-05,15,1.8406666666666667,27.61,3.29,15,-0.603893433248811,0.017125046211146487
14209710,2016-08-06,15,1.6426666666666667,24.64,3.2,15,-0.6226029811628293,0.013177205861929116
14209710,2016-08-07,15,0.8946666666666666,13.42,1.65,15,-0.1271428298262127,0.651598530500256
14209710,2016-08-08,15,0.7746666666666667,11.62,1.45,15,0.264062537414165,0.34159683362943305
14209710,2016-08-09,15,0.6913333333333334,10.37,1.51,15,0.020839350674168495,0.9412366464851611
14209710,2016-08-10,15,1.362,20.43,2.91,15,-0.7782836738773237,6.321932658480202e-4
14209710,2016-08-11,15,1.75,26.25,3.17,15,-0.7447416877013835,0.0014462167894208683
14209710,2016-08-12,14,1.8628571428571428,26.08,3.17,14,-0.6918095199292249,0.006122844106080321
14209710,2016-08-13,14,1.6328571428571428,22.86,2.91,14,-0.7181191046982769,0.003819961141836253
14209710,2016-08-14,14,1.8628571428571428,26.08,3.16,14,-0.6372330130022864,0.01423948551257462
14209710,2016-08-15,14,1.8,25.2,3.14,14,-0.5655345875349098,0.035053755123356796
14209710,2016-08-16,14,1.7,23.8,3.12,14,-0.6149538864344042,0.01925768537397826
14209710,2016-08-17,14,1.7907142857142857,25.07,3.15,14,-0.6226822700447384,0.017385697290834435
14209710,2016-08-19,14,1.8314285714285714,25.64,3.13,14,-0.5836112299926823,0.028449706480725954
14209710,2016-08-20,14,1.7942857142857143,25.12,3.04,14,-0.5984140418150857,0.023772831441041732
14209710,2016-08-21,14,1.6914285714285715,23.68,3.03,14,-0.5542099798133602,0.03973051299394409
14209710,2016-08-22,14,1.5592857142857144,21.830000000000002,2.68,14,-0.41315423281013863,0.1420211246988749
14209710,2016-08-23,14,1.7935714285714286,25.11,3.12,14,-0.6479893068921798,0.01220853331835394
14209710,2016-08-24,14,1.7514285714285713,24.52,3.04,14,-0.7148047691613328,0.004064950854098113
14209710,2016-08-25,14,1.7335714285714285,24.27,3.04,14,-0.6933145315298378,0.0059674091656938075
14209710,2016-08-26,14,1.6157142857142857,22.62,2.91,14,-0.5941610020611965,0.02505258548036339
14209710,2016-08-27,14,1.3757142857142857,19.259999999999998,2.53,14,-0.603601770568385,0.022279052868255468
14209710,2016-08-28,14,1.6085714285714285,22.52,2.88,14,-0.5877591837626365,0.0270754135704113
14209710,2016-08-29,14,1.5892857142857144,22.25,2.9,14,-0.553325935444915,0.04011395740791734
14209710,2016-08-30,14,1.0121428571428572,14.17,1.89,14,-0.2722052266929522,0.3464548221040341
14209710,2016-08-31,14,0.7814285714285715,10.94,1.62,14,-0.5196876971791576,0.05681936392509005
14209710,2016-09-01,13,0.7307692307692308,9.5,1.53,13,-0.23039726277084321,0.44887989178078835
14209710,2016-09-02,13,0.8884615384615384,11.55,1.68,13,-0.2191491938410959,0.47192208964282556
14209710,2016-09-03,13,1.0646153846153845,13.84,1.93,13,-0.44389449784789403,0.12863881618998824
14209710,2016-09-04,13,1.1976923076923076,15.57,2.26,13,-0.5457144363285464,0.05371408503714798
14209710,2016-09-05,13,1.3376923076923077,17.39,2.38,13,-0.706521142482449,0.006939506918579669
14209710,2016-09-06,13,0.7646153846153846,9.94,1.48,13,0.04460036485274101,0.884966884648706
14209710,2016-09-07,13,1.1884615384615385,15.45,2.26,13,-0.6526255637511195,0.015606749678567008
14209710,2016-09-08,13,1.5546153846153845,20.21,2.67,13,-0.6327519211026191,0.020286211373973878
14209710,2016-09-09,13,1.6807692307692308,21.85,2.85,13,-0.7586788656523622,0.0026420950794652284
14209710,2016-09-10,13,1.623076923076923,21.1,2.78,13,-0.7521805437283835,0.0030164262128782957
14209710,2016-09-11,13,1.4984615384615385,19.48,2.78,13,-0.5764058999049111,0.03920955705076906
14209710,2016-09-12,13,1.6615384615384616,21.6,2.85,13,-0.6890985906757454,0.009179242178586055
14209710,2016-09-13,13,1.6638461538461538,21.63,2.85,13,-0.7211794144596275,0.005401856461853026
14209710,2016-09-14,13,1.5653846153846154,20.35,2.71,13,-0.7346836753899795,0.004230722290752091
14209710,2016-09-15,12,1.6991666666666667,20.39,2.75,12,-0.7489727623145221,0.005057830165062868
14209710,2016-09-16,12,1.4708333333333334,17.650000000000002,2.45,12,-0.6838813198414959,0.014187095976825099
14209710,2016-09-17,12,0.39,4.68,0.77,12,0.032213401200124704,0.9208344160569255
14209710,2016-09-18,12,0.9841666666666666,11.81,1.92,12,-0.4530307922368275,0.13913997590935548
14209710,2016-09-19,12,0.8583333333333333,10.3,1.55,12,0.017715219755162548,0.9564221885051833
14209710,2016-09-20,12,1.44,17.28,2.39,12,-0.6475451367803495,0.02280915355835069
14209710,2016-09-21,12,1.49,17.88,2.55,12,-0.6228301646959967,0.030519292221810424
14209710,2016-09-22,12,0.9716666666666667,11.66,1.62,12,-0.15260883630744007,0.6358595891003668
14209710,2016-09-23,12,0.4475,5.37,0.8,12,-0.2203659480934767,0.4913070864362994
14209710,2016-09-24,12,1.4633333333333334,17.56,2.53,12,-0.8047256202740086,0.0015945596191497258
14209710,2016-09-25,12,1.4841666666666666,17.81,2.49,12,-0.7400545805438863,0.005924217250049651
14209710,2016-09-26,12,1.4949999999999999,17.94,2.5,12,-0.7414240551704362,0.005784406696976953
14209710,2016-09-27,12,1.1425,13.71,2.13,12,-0.5293887045911512,0.07672750821668124
14209710,2016-09-28,12,1.4566666666666668,17.48,2.47,12,-0.5937950320448243,0.04178486559351118
14209710,2016-09-29,12,1.2791666666666666,15.35,2.32,12,-0.39654570479721507,0.20187748508592998
14209710,2016-09-30,12,1.2241666666666666,14.69,2.29,12,-0.5190575549950083,0.08375958915998725
14209710,2016-10-01,12,0.6016666666666667,7.220000000000001,1.11,12,0.14628215066495356,0.6500839857157059
14209710,2016-10-02,12,0.7133333333333334,8.56,1.34,12,0.014366570530686018,0.9646544957095007
14209710,2016-10-03,12,0.5816666666666667,6.98,1.1,12,-0.29816267661032264,0.3465467200971952
14209710,2016-10-04,12,0.605,7.26,1.2,12,-0.07937973861209496,0.8062833706843017
14209710,2016-10-05,12,0.45,5.4,0.86,12,0.015905777550543516,0.9608700765080522
14209710,2016-10-07,12,0.4041666666666667,4.85,0.87,12,-0.03443406607512969,0.9153937416146216
14209710,2016-10-08,12,0.48583333333333334,5.83,0.92,12,-0.6959876384527909,0.01194018318650687
14209710,2016-10-09,12,0.30583333333333335,3.67,0.64,12,-0.21978075058813407,0.49248784694628633
14209710,2016-10-10,12,1.24,14.88,2.24,12,-0.5633531522595201,0.05647154783007166
14209710,2016-10-11,12,1.2991666666666666,15.59,2.3,12,-0.5523260211413862,0.06258121013788587
14209710,2016-10-12,12,1.075,12.9,2.13,12,-0.8460036994203451,5.235425608039611e-4
14209710,2016-10-13,11,0.19,2.09,0.4,11,-0.7124455875067941,0.013886449690202946
14209710,2016-10-14,12,0.6025,7.2299999999999995,1.2,12,-0.4201428378544079,0.17388181588830934
14209710,2016-10-15,12,0.2175,2.61,0.52,12,-0.8399764491375554,6.275991946334931e-4
14209710,2016-10-16,12,0.3725,4.47,0.88,12,-5.36602159071173e-15,0.9999999999999868
14209710,2016-10-17,11,0.55,6.05,1.17,11,-0.3099183388054711,0.35367421586256487
14209710,2016-10-18,10,0.72,7.2,1.26,10,-0.4952605565436459,0.14552858552945333
14209710,2016-10-19,10,0.659,6.59,1.16,10,-0.6425294053171798,0.04512593544680685
14209710,2016-10-20,10,0.465,4.65,0.89,10,-0.8781939101197925,8.293134981798181e-4
14209710,2016-10-21,10,0.639,6.39,1.14,10,NA,NA
14209710,2016-10-22,10,1.018,10.18,1.74,10,-0.8164116309632946,0.003956659621183222
14209710,2016-10-23,10,0.734,7.34,1.21,10,-0.8426315889923602,0.0022089522909901137
14209710,2016-10-24,10,0.387,3.87,0.76,10,-0.4073091397134596,0.24269449704782778
14209710,2016-10-25,10,0.673,6.73,1.16,10,-0.6687986823040573,0.03447163822255119
14209710,2016-10-26,10,0.315,3.15,0.5,10,-0.47947652860654877,0.16083403781002537
14209710,2016-10-27,10,0.407,4.07,0.85,10,-0.2342606428329098,0.5147629649941681
14209710,2016-10-28,10,1.034,10.34,1.67,10,-0.890159333449955,5.566807942527738e-4
14209710,2016-10-29,10,0.849,8.49,1.53,10,-0.46715459341669935,0.17342819356508601
14209710,2016-10-30,10,0.291,2.91,0.57,10,-0.5505777769777342,0.09909354935886897
14209710,2016-10-31,10,0.334,3.34,0.53,10,-0.4311827824243263,0.21345260742237296
14209710,2016-11-01,10,0.581,5.81,1.03,10,-0.4193921794017199,0.2276282029047402
14209710,2016-11-02,10,0.5710000000000001,5.71,0.94,10,-0.7806336343854505,0.007700344884553302
14209710,2016-11-03,10,1.017,10.17,1.67,10,-0.651031832630526,0.041465294539011224
14209710,2016-11-04,10,0.777,7.7700000000000005,1.41,10,-0.7136654800648322,0.02045994898650177
14209710,2016-11-05,10,0.215,2.15,0.39,10,-0.5928722494431081,0.07085767680055612
14209710,2016-11-07,10,0.579,5.79,1.11,10,-0.7510767175665133,0.012281729738555314
14209710,2016-11-08,10,0.854,8.540000000000001,1.54,10,-0.6598731468809383,0.03787613841920477
14209710,2016-11-09,10,0.568,5.68,1.02,10,-0.40409108936899046,0.24679876390771516
14209710,2016-11-10,10,0.814,8.14,1.39,10,-0.7519726313789984,0.012120177225834673
14209710,2016-11-11,10,0.389,3.89,0.69,10,-0.6798640407864054,0.03054679294413316
14209710,2016-11-12,10,0.46,4.6,1.02,10,-0.3306968411438848,0.3506560832444021
14209710,2016-11-13,10,0.199,1.99,0.34,10,-0.2002218217789786,0.5791547545384187
14209710,2016-11-14,10,0.323,3.23,0.7,10,-0.1883108942886766,0.6023691957180256
14209710,2016-11-15,10,0.331,3.31,0.58,10,-0.1657483860329462,0.6472231303585242
14209710,2016-11-16,10,0.493,4.93,0.94,10,-0.8697006911804986,0.0010744141260052695
14209710,2016-11-17,10,0.53,5.3,1.02,10,-0.3721042037676254,0.2896722137308737
14209710,2016-11-18,10,0.311,3.11,0.69,10,-0.5847312864165913,0.07582358936108849
14209710,2016-11-19,10,0.472,4.72,0.87,10,-0.7586004444357816,0.010971008391458358
14209710,2016-11-20,10,0.294,2.94,0.57,10,-0.43993048561285103,0.20327223747719997
14209710,2016-11-21,10,0.5690000000000001,5.69,1.09,10,0.1711076091914901,0.6364695642303604
14209710,2016-11-22,10,0.313,3.13,0.73,10,0.10292967924146755,0.7772116491195977
14209710,2016-11-23,10,0.337,3.37,0.77,10,-0.04965363264368287,0.891650076864176
14209710,2016-11-24,9,0.13,1.17,0.29,9,-0.691888737553021,0.03892495136165289
14209710,2016-11-25,10,0.365,3.65,0.66,10,-0.6053511705685611,0.06366543441440238
14209710,2016-11-26,10,0.251,2.5100000000000002,0.46,10,-0.5991094247585684,0.06719997140735992
14209710,2016-11-27,10,0.20700000000000002,2.07,0.44,10,0.1746075739423989,0.6294794021755472
14209710,2016-11-28,10,0.4,4,0.8,10,-0.49385341357396856,0.14685549228190356
14209710,2016-11-29,10,0.46,4.6,0.82,10,-0.8059402270265767,0.004873386536532774
14209710,2016-11-30,9,0.42333333333333334,3.81,0.8,9,-0.8035714285714313,0.00907332261792417
14209710,2016-12-01,9,0.3844444444444444,3.46,0.69,9,-0.45690577431012896,0.21630362655234706
14209710,2016-12-02,9,0.20111111111111113,1.81,0.36,9,-0.5765367391098137,0.10415418664031985
14209710,2016-12-03,9,0.4444444444444445,4,0.77,9,-0.5092285591855563,0.16145316562854178
14209710,2016-12-04,9,0.46555555555555556,4.19,0.96,9,-0.9669875568304566,2.0839482041480657e-5
14209710,2016-12-05,9,0.2877777777777778,2.59,0.45,9,-0.7602211794015824,0.017419906683630616
14209710,2016-12-06,9,0.5522222222222222,4.97,0.91,9,-0.3786200927092631,0.3149828402712145
14209710,2016-12-07,9,0.6933333333333334,6.24,1.21,9,-0.6816561981041437,0.04315489614603512
14209710,2016-12-08,9,0.22555555555555556,2.0300000000000002,0.37,9,-0.9268325671031298,3.2459673597789627e-4
14209710,2016-12-09,9,0.2677777777777778,2.41,0.58,9,-0.9583512491635845,4.660431150132604e-5
14209710,2016-12-10,9,0.3188888888888889,2.87,0.64,9,-0.8576608621802552,0.003108066763937898
14209710,2016-12-11,9,0.3811111111111111,3.43,0.68,9,-0.37668540175044163,0.31766554487130316
14209710,2016-12-12,9,0.4255555555555556,3.83,0.75,9,-0.8088363157186708,0.008295766800784844
14209710,2016-12-13,9,0.54,4.86,0.97,9,0,1
14209710,2016-12-14,9,0.17777777777777778,1.6,0.32,9,-0.9302605094190634,2.7535490619927275e-4
14209710,2016-12-15,9,0.30777777777777776,2.77,0.58,9,-0.9370189619999117,1.940324989374749e-4
14209710,2016-12-16,9,0.6144444444444445,5.53,1.03,9,-0.5252257314388887,0.14648874300489279
14209710,2016-12-17,9,0.32555555555555554,2.93,0.57,9,-0.29179018049612643,0.4461461031441021
14209710,2016-12-18,9,0.46555555555555556,4.19,0.83,9,-0.8615159698421077,0.002834442499227565
14209710,2016-12-19,9,0.17555555555555555,1.58,0.36,9,-0.6944798743796478,0.037898172224316753
14209710,2016-12-20,9,0.4722222222222222,4.25,0.91,9,-0.8301215508395616,0.005610818046454739
14209710,2016-12-21,9,0.6522222222222223,5.87,1.07,9,NA,NA
14209710,2016-12-22,9,0.38222222222222224,3.44,0.72,9,-0.8273188502997796,0.0059243291845367425
14209710,2016-12-23,9,0.32555555555555554,2.93,0.58,9,-0.6073733934116562,0.08278557912816602
14209710,2016-12-24,9,0.4811111111111111,4.33,0.82,9,-0.16439898730535607,0.6725407270456886
14209710,2016-12-25,9,0.5288888888888889,4.76,0.9,9,-0.6708203932499379,0.04794477217962288
14209710,2016-12-26,9,0.37,3.33,0.69,9,-0.76190476190476,0.01702598283389586
14209710,2016-12-27,9,0.32666666666666666,2.94,0.6,9,-0.7840702021320212,0.012381082825806619
14209710,2016-12-28,9,0.5555555555555556,5,0.98,9,-0.7315488105650159,0.025085950309922864
14209710,2016-12-29,9,0.41,3.69,0.7,9,-0.6972873738212885,0.03680562070702794
14209710,2016-12-30,9,0.5055555555555555,4.55,0.82,9,-0.4493207473865302,0.225002798231115
14209710,2016-12-31,9,0.41333333333333333,3.7199999999999998,0.72,9,-0.19867985355976323,0.6083313970121986
14209710,2017-01-01,9,0.4688888888888889,4.22,0.83,9,-0.6393620130910079,0.06373101530263572
14209710,2017-01-02,9,0.4588888888888889,4.13,0.78,9,0.058281550515019334,0.8816053663446675
14209710,2017-01-03,9,0.7866666666666666,7.08,1.36,9,-0.7482641808807099,0.020393156337702112
14209710,2017-01-04,9,0.5355555555555556,4.82,0.96,9,-0.1443375672974064,0.7110150801485913
14209710,2017-01-05,9,0.8777777777777778,7.8999999999999995,1.46,9,-0.8952737857857519,0.001103222297009114
14209710,2017-01-06,9,0.8488888888888889,7.640000000000001,1.42,9,-0.9432422182837995,1.3564826401052203e-4
14209710,2017-01-07,9,0.25666666666666665,2.31,0.46,9,-0.7634012424365331,0.0166808556818023
14209710,2017-01-08,9,0.16,1.44,0.29,9,-0.9296696802013684,2.8343946484234096e-4
14209710,2017-01-09,9,0.3,2.7,0.54,9,-0.766090251294031,0.01607247349891007
14209710,2017-01-10,9,0.24222222222222223,2.18,0.39,9,-0.9583333333333318,4.667369033699731e-5
14209710,2017-01-11,9,0.3388888888888889,3.05,0.6,9,-0.34479141358380555,0.36351284379380616
14209710,2017-01-12,9,0.8377777777777778,7.54,1.45,9,-0.5508226327552426,0.12429696741119385
14209710,2017-01-13,9,0.5666666666666667,5.1,0.93,9,-0.886063997967273,0.0014680332913508288
14209710,2017-01-14,9,0.8544444444444445,7.6899999999999995,1.46,9,-0.896839637188915,0.0010482159608960924
14209710,2017-01-15,9,0.8611111111111112,7.75,1.46,9,-0.8191741847491232,0.0069027724551210395
14209710,2017-01-16,9,0.6688888888888889,6.0200000000000005,1.09,9,-0.9134141431056324,5.773829115752914e-4
14209710,2017-01-17,9,0.18555555555555556,1.67,0.37,9,-0.9296885995372933,2.831780325778578e-4
14209710,2017-01-18,9,0.25555555555555554,2.3,0.47,9,-0.9786396997288099,4.59313392433143e-6
14209710,2017-01-19,9,0.45,4.05,0.85,9,-0.9698153363470227,1.5274778573811104e-5
14209710,2017-01-20,9,0.29888888888888887,2.69,0.46,9,-0.8432231501203433,0.004294401125229372
14209710,2017-01-21,9,0.32333333333333336,2.91,0.56,9,-0.432287216843762,0.24522126377039977
14209710,2017-01-22,9,0.5622222222222223,5.0600000000000005,1.09,9,-0.5383388912482745,0.1348514065738938
14209710,2017-01-23,9,0.8477777777777779,7.63,1.37,9,-0.5632605208813789,0.1142867898974213
14209710,2017-01-24,9,0.7622222222222222,6.86,1.2,9,-0.7409786971686786,0.02235982888753158
14209710,2017-01-25,9,0.4677777777777778,4.21,0.75,9,-0.58235304094409,0.09989332045411974
14209710,2017-01-26,9,0.49222222222222223,4.43,0.82,9,-0.7903680559315448,0.011236794842690514
14209710,2017-01-27,9,0.8655555555555556,7.79,1.37,9,-0.8161607813737645,0.0072909642111308355
14209710,2017-01-28,9,0.62,5.58,1.01,9,-0.8787042802451872,0.001814002914121784
14209710,2017-01-29,9,0.6255555555555555,5.63,1.01,9,-0.8973154618370023,0.0010318867110311262
14209710,2017-01-30,9,0.38555555555555554,3.47,0.72,9,-0.8677284437623954,0.0024291678466967603
14209710,2017-01-31,9,0.7144444444444444,6.43,1.17,9,-0.5679301390639027,0.11065811824637196
14209710,2017-02-01,9,0.6011111111111112,5.41,0.97,9,NA,NA
14209710,2017-02-02,10,0.601,6.01,1.21,10,-0.4234855708219684,0.22264781294871705
14209710,2017-02-03,10,0.202,2.02,0.34,10,-0.9363038193781344,6.665659292787463e-5
14209710,2017-02-04,10,0.424,4.24,0.71,10,-0.9717326684894652,2.6996588003536322e-6
14209710,2017-02-05,11,0.13818181818181818,1.52,0.26,11,-0.9870720258304302,1.8249171489148727e-8
14209710,2017-02-06,11,0.48363636363636364,5.32,0.95,11,-0.6588513537839766,0.027473638117148782
14209710,2017-02-07,11,0.45636363636363636,5.0200000000000005,0.85,11,0.46931526015802055,0.1453001893475247
14209710,2017-02-08,11,0.20727272727272728,2.2800000000000002,0.35,11,-0.8685652829474517,5.221693695951722e-4
14209710,2017-02-09,11,0.4918181818181818,5.41,0.98,11,-0.7470052728308761,0.008245578997496245
14209710,2017-02-10,11,0.5736363636363636,6.31,1.06,11,-0.968352900460355,9.979773405856386e-7
14209710,2017-02-11,11,0.8527272727272728,9.38,1.61,11,-0.8406398159806101,0.0011911569778555952
14209710,2017-02-12,11,0.8,8.8,1.53,11,-0.9791459036102667,1.551519283341e-7
14209710,2017-02-13,11,1.1090909090909091,12.2,1.99,11,-0.9292279870493646,3.525263283952707e-5
14209710,2017-02-15,11,0.16545454545454547,1.82,0.32,11,-0.9159450189089703,7.496265743643327e-5
14209710,2017-02-16,11,0.20363636363636364,2.24,0.38,11,0.5871392403762743,0.05755104728910257
14209710,2017-02-17,11,0.9572727272727273,10.53,1.78,11,-0.9950939966011212,2.3585023551934233e-10
14209710,2017-02-18,11,0.3918181818181818,4.31,0.76,11,-0.7734679599993608,0.005228257824733679
14209710,2017-02-19,11,0.4081818181818182,4.49,0.76,11,-0.7643689519864888,0.006153662535886681
14209710,2017-02-20,11,0.4772727272727273,5.25,1.02,11,-0.4672928741253518,0.14727972835471562
14209710,2017-02-21,11,0.5763636363636364,6.34,1.07,11,NA,NA
14209710,2017-02-22,11,0.8254545454545454,9.08,1.45,11,-0.9129596236502033,8.732434281528947e-5
14209710,2017-02-23,11,0.9081818181818182,9.99,1.54,11,-0.7420611577927826,0.00892587006707144
14209710,2017-02-24,11,0.5700000000000001,6.2700000000000005,1,11,-0.7765006377080136,0.0049439472533700495
14209710,2017-02-25,11,1.0427272727272727,11.469999999999999,1.7,11,-0.9229047006163499,5.1333004561339856e-5
14209710,2017-02-26,11,0.6363636363636364,7,1.11,11,-0.4788430584264262,0.13619968578566313
14209710,2017-02-27,11,0.5990909090909091,6.59,1.1,11,-0.734605664324698,0.010027816380318962
14209710,2017-02-28,11,0.7990909090909091,8.79,1.3,11,-0.7249781901995033,0.011593035097414925
14209710,2017-03-01,11,0.6990909090909091,7.69,1.19,11,-0.9065062472129343,1.1933313605808371e-4
14209710,2017-03-02,11,0.4909090909090909,5.4,0.97,11,-0.9575927223229661,3.6670345864697417e-6
14209710,2017-03-03,11,0.4509090909090909,4.96,0.88,11,-0.9657582423091824,1.4173814846564782e-6
14209710,2017-03-04,11,0.6745454545454546,7.42,1.16,11,-0.9027097183339122,1.4193981028600526e-4
14209710,2017-03-05,11,0.7890909090909091,8.68,1.31,11,-0.8614166276564528,6.555955627897974e-4
14209710,2017-03-06,11,0.6881818181818182,7.57,1.29,11,0.09387731163751895,0.7836663954579975
14209710,2017-03-07,11,0.30454545454545456,3.35,0.54,11,-0.6799319158009307,0.021339290963559562
14209710,2017-03-08,11,0.34,3.74,0.6,11,-0.8431067846241848,0.0011145721760984582
14209710,2017-03-09,11,0.3581818181818182,3.94,0.52,11,-0.8973444200244467,1.792866281389024e-4
14209710,2017-03-10,12,0.9808333333333333,11.77,1.8,12,-0.9910853771484778,4.3681931816145995e-10
14209710,2017-03-11,11,0.46636363636363637,5.13,0.89,11,-0.9375526058261299,2.0320640641371267e-5
14209710,2017-03-13,12,0.365,4.38,0.6,12,-0.9731235236441661,1.05574293991329e-7
14209710,2017-03-14,12,0.33666666666666667,4.04,0.57,12,-0.9364747730033539,7.318740361420909e-6
14209710,2017-03-15,12,0.36250000000000004,4.3500000000000005,0.8,12,-0.9468531468531465,3.0533411007765243e-6
14209710,2017-03-16,12,1.1425,13.709999999999999,1.89,12,-0.9809077117262992,1.934953579638182e-8
14209710,2017-03-17,12,0.3625,4.35,0.67,12,-0.9780685009635123,3.851686778382767e-8
14209710,2017-03-18,12,0.7091666666666667,8.51,1.27,12,0.8602159906080955,3.3081094589866773e-4
14209710,2017-03-19,13,1.3192307692307692,17.15,2.49,13,-0.9918778764330123,3.3381695786859327e-11
14209710,2017-03-20,13,0.5038461538461538,6.55,1.15,13,-0.9717496587747587,3.0492665221308774e-8
14209710,2017-03-21,13,0.666923076923077,8.67,1.5,13,-0.9678757986216643,6.136236276784842e-8
14209710,2017-03-22,13,0.6546153846153846,8.51,1.43,13,-0.6158265215599851,0.025033113185787412
14209710,2017-03-23,13,0.8761538461538462,11.39,1.73,13,-0.976016587562719,1.249221440929513e-8
14209710,2017-03-24,13,0.6415384615384615,8.34,1.2,13,-0.629834942630356,0.0210521244300404
14209710,2017-03-25,13,0.8676923076923077,11.28,1.71,13,-0.9644025661804645,1.072055216204966e-7
14209710,2017-03-26,13,0.3353846153846154,4.36,0.7,13,-0.7819290527140271,0.0015886733383243105
14209710,2017-03-27,13,0.8015384615384615,10.42,1.66,13,-0.8921325151159526,4.1386014032748894e-5
14209710,2017-03-28,13,0.7553846153846153,9.82,1.45,13,-0.9583789100935745,2.5037003703619564e-7
14209710,2017-03-30,13,0.8946153846153846,11.63,1.6,13,-0.8614848109215406,1.5402473218121808e-4
14209710,2017-03-31,13,1.1915384615384614,15.49,2.35,13,-0.9859326050573515,6.769614752477028e-10
14209710,2017-04-01,13,0.6615384615384615,8.6,1.18,13,-0.9237070349695291,6.55673231659034e-6
14209710,2017-04-02,13,1.136153846153846,14.77,2.09,13,-0.961811300004826,1.5699384980431394e-7
14209710,2017-04-03,13,1.6746153846153846,21.77,2.92,13,-0.9841591944643577,1.2962501341410478e-9
14209710,2017-04-04,13,0.7261538461538461,9.44,1.56,13,-0.9634275138584139,1.2414991047451058e-7
14209710,2017-04-05,13,0.6130769230769231,7.97,1.03,13,-0.9520867715989876,5.364993540776996e-7
14209710,2017-04-06,13,0.9592307692307692,12.47,1.67,13,-0.9068309147950497,1.9036760626524678e-5
14209710,2017-04-07,13,0.6615384615384615,8.6,1.26,13,-0.5001603077950771,0.08175065139645316
14209710,2017-04-08,13,1.07,13.91,1.86,13,-0.7122221422131282,0.006306249017107353
14209710,2017-04-09,13,1.0507692307692307,13.66,2.11,13,-0.9762536149431946,1.1833498232610197e-8
14209710,2017-04-10,13,1.0976923076923077,14.27,2.03,13,-0.9352150891884676,2.7284144291168488e-6
14209710,2017-04-11,14,0.9471428571428572,13.26,2.12,14,-0.9684831396112984,1.3220145418101923e-8
14209710,2017-04-12,14,0.6842857142857143,9.58,1.6,14,-0.9475263093158187,2.690287115935703e-7
14209710,2017-04-13,14,0.8192857142857143,11.47,1.64,14,-0.8652282060267692,6.430415448967573e-5
14209710,2017-04-14,14,1.0685714285714285,14.96,2.24,14,-0.8547265272966468,9.849759270857699e-5
14209710,2017-04-15,14,1.57,21.98,2.69,14,-0.977256822055521,1.90255991250394e-9
14209710,2017-04-16,14,0.915,12.81,1.93,14,-0.9527773207853284,1.4455622622211172e-7
14209710,2017-04-17,14,0.6,8.4,1.26,14,-0.831004022157565,2.3123334605839867e-4
14209710,2017-04-18,14,1.3035714285714286,18.25,2.41,14,-0.8244068562285206,2.86587425145948e-4
14209710,2017-04-19,14,0.5292857142857142,7.41,1.1,14,-0.9065578958860097,7.8371297047183e-6
14209710,2017-04-20,14,1.0107142857142857,14.15,1.95,14,-0.8565644990173036,9.163471559303735e-5
14209710,2017-04-21,14,1.7935714285714286,25.11,3.18,14,-0.983300861046708,3.020400692907134e-10
14209710,2017-04-22,14,0.8128571428571428,11.38,1.45,14,-0.8346210910450567,2.0477329067922787e-4
14209710,2017-04-23,14,0.6364285714285715,8.91,1.1,14,-0.831955706524721,2.2401787097597441e-4
14209710,2017-04-24,14,0.645,9.03,1.55,14,-0.6204006972688102,0.017923305041221867
14209710,2017-04-25,14,0.5535714285714286,7.75,1.03,14,-0.9595913098475909,5.760150225538362e-8
14209710,2017-04-26,14,0.8842857142857143,12.38,1.87,14,-0.5698092373051924,0.03339893561869249
14209710,2017-04-27,14,0.9878571428571428,13.83,1.88,14,-0.933308751392047,1.0990429183256935e-6
14209710,2017-04-28,14,1.2364285714285714,17.31,2.47,14,-0.949430822697599,2.1640794719507882e-7
14209710,2017-04-29,14,1.3514285714285714,18.919999999999998,2.59,14,-0.9790550958219962,1.1651711180777634e-9
14209710,2017-04-30,14,1.2892857142857144,18.05,2.36,14,-0.899823764712765,1.1721312602718523e-5
14209710,2017-05-01,14,0.7121428571428572,9.97,1.41,14,-0.9624972780408473,3.704317796443294e-8
14209710,2017-05-02,14,0.8528571428571429,11.94,1.67,14,-0.9212819287489864,2.8941960633251005e-6
14209710,2017-05-04,14,1.427857142857143,19.99,2.67,14,-0.9785695473863613,1.3355244708824592e-9
14209710,2017-05-05,15,0.8206666666666667,12.31,1.7,15,-0.8789799293475867,1.5978131900481397e-5
14209710,2017-05-06,15,1.3593333333333333,20.39,2.35,15,-0.9424498549746246,1.490602120747244e-7
14209710,2017-05-07,15,1.8573333333333333,27.86,3.35,15,-0.9754775786930996,6.30920337424769e-10
14209710,2017-05-08,15,1.852,27.78,3.32,15,-0.9768763325720221,4.321584885965219e-10
14209710,2017-05-09,15,1.8593333333333333,27.89,3.28,15,-0.9730371843848519,1.1620765501180262e-9
14209710,2017-05-10,15,1.7513333333333334,26.27,3.25,15,-0.9708821641416596,1.9056320209847487e-9
14209710,2017-05-11,15,0.6846666666666666,10.27,1.28,15,-0.9447404944062431,1.1511467871885664e-7
14209710,2017-05-12,15,0.8906666666666667,13.36,1.84,15,-0.9121623874874476,2.161241066587752e-6
14209710,2017-05-13,15,0.9013333333333333,13.52,1.87,15,-0.7314414570010488,0.0019421281829495806
14209710,2017-05-14,15,1.1033333333333333,16.55,2.36,15,-0.9527556638400781,4.2386460076245433e-8
14209710,2017-05-15,15,0.978,14.67,1.77,15,-0.939893065659414,1.9649886693621915e-7
14209710,2017-05-16,15,1.056,15.84,2.43,15,-0.9073010124148561,3.0307411985395835e-6
14209710,2017-05-17,15,0.7593333333333333,11.39,1.44,15,-0.9046090322815905,3.6263057602487148e-6
14209710,2017-05-18,15,1.4626666666666668,21.94,2.92,15,-0.9829519491465949,6.046436160549699e-11
14209710,2017-05-19,15,1.6666666666666667,25,2.96,15,-0.9693616741130923,2.643229756835146e-9
14209710,2017-05-20,15,1.2506666666666666,18.76,2.37,15,-0.9419843307644348,1.5689580257683015e-7
14209710,2017-05-21,15,1.8860000000000001,28.29,3.23,15,-0.9769307373485635,4.256477837417107e-10
14209710,2017-05-22,15,1.9,28.5,3.33,15,-0.9661225794431424,5.040030642483247e-9
14209710,2017-05-23,15,1.962,29.43,3.37,15,-0.9651842236999959,6.005868758454828e-9
14209710,2017-05-24,15,1.18,17.7,2.28,15,-0.9542681065890499,3.443288182997113e-8
14209710,2017-05-25,15,1.9266666666666667,28.9,3.43,15,-0.9805002781168133,1.439601207176678e-10
14209710,2017-05-26,16,1.86625,29.86,3.39,16,-0.9662516123370448,1.2228438894383996e-9
14209710,2017-05-27,16,1.8575,29.72,3.35,16,-0.9734064030859907,2.3512358241244505e-10
14209710,2017-05-28,16,1.755625,28.09,3.27,16,-0.971545144092425,3.7566931565195574e-10
14209710,2017-05-29,16,1.294375,20.71,2.54,16,-0.9794147798995168,3.977961110402951e-11
14209710,2017-05-30,16,0.5825,9.32,1.32,16,-0.9581902719373994,5.360550464523366e-9
14209710,2017-05-31,16,1.371875,21.95,2.89,16,-0.977371106334764,7.674761978116667e-11
14209710,2017-06-01,16,1.025625,16.41,2.08,16,-0.7607564638475247,6.216851439926769e-4
14209710,2017-06-02,16,1.5,24,2.94,16,-0.9585549449257305,5.046611174624431e-9
14209710,2017-06-03,16,0.9575,15.32,1.97,16,-0.921933466148385,3.847414260362228e-7
14209710,2017-06-04,16,1.375,22,2.37,16,-0.6893149957991009,0.003137160403431129
14209710,2017-06-05,16,1.9112500000000001,30.580000000000002,3.46,16,-0.9847859318968418,4.8602329180099396e-12
14209710,2017-06-06,16,1.799375,28.79,3.28,16,-0.9654233888290671,1.445837399525867e-9
14209710,2017-06-07,16,1.25625,20.1,2.73,16,-0.8478088661278488,3.3577619798809804e-5
14209710,2017-06-08,16,0.783125,12.53,1.49,16,-0.6159178830896842,0.011074852296636512
14209710,2017-06-09,16,1.019375,16.31,1.94,16,-0.8342534322481698,5.8740298044443465e-5
14209710,2017-06-10,16,1.02625,16.42,2.04,16,-0.8600115187773394,1.935279576775569e-5
14209710,2017-06-11,16,1.153125,18.45,2.19,16,-0.9086062883364665,1.1184108777419775e-6
14209710,2017-06-12,16,0.54625,8.74,0.95,16,-0.9623359934287291,2.6094953664979737e-9
14209710,2017-06-13,16,0.95375,15.26,1.76,16,-0.7325909758094975,0.001248038120639321
14209710,2017-06-14,16,1.081875,17.31,2.03,16,-0.92461769312466,3.0335968480162807e-7
14209710,2017-06-15,16,0.361875,5.79,0.83,16,0.03129512037969251,0.9084028974265144
14209710,2017-06-16,16,0.498125,7.97,1.09,16,-0.6364326207413414,0.008032901753931529
14209710,2017-06-17,16,1.234375,19.75,2.87,16,-0.9746745563058792,1.6757801263218444e-10
14209710,2017-06-18,16,1.4625000000000001,23.400000000000002,2.88,16,-0.9510437295964529,1.5871856330076036e-8
14209710,2017-06-19,16,1.789375,28.63,3.28,16,-0.9407622622157261,5.8637750167131577e-8
14209710,2017-06-20,16,1.258125,20.13,2.26,16,-0.8590868588715501,2.021348889672778e-5
14209710,2017-06-21,16,1.96125,31.38,3.5,16,-0.8716570044824073,1.0882560780119964e-5
14209710,2017-06-23,16,1.993125,31.89,3.51,16,-0.9491585222415222,2.0573276833613755e-8
14209710,2017-06-24,16,1.820625,29.13,3.55,16,-0.9333887601553496,1.3067632056280593e-7
14209710,2017-06-25,16,1.811875,28.99,3.31,16,-0.9343145345432746,1.1877729539412819e-7
14209710,2017-06-26,16,1.256875,20.11,2.56,16,-0.8622037207961845,1.7434360488771757e-5
14209710,2017-06-27,16,1.454375,23.27,2.95,16,-0.8516776391968115,2.8344107315898672e-5
14209710,2017-06-28,16,1.176875,18.83,2.24,16,-0.7489308101267687,8.419948368724853e-4
14209710,2017-06-29,16,1.78,28.48,3.45,16,-0.9422489663062522,4.9276745253694494e-8
14209710,2017-06-30,16,1.694375,27.11,3.16,16,-0.9381869941777721,7.844009516953421e-8
14209710,2017-07-01,16,1.318125,21.09,2.71,16,-0.8848226635276876,5.290206557812186e-6
14209710,2017-07-02,16,1.8843750000000001,30.150000000000002,3.45,16,-0.9073955764180184,1.2222955787988075e-6
14209710,2017-07-03,16,1.764375,28.23,3.49,16,-0.8926387460460953,3.304929843869197e-6
14209710,2017-07-04,16,1.928125,30.85,3.46,16,-0.9094861947516534,1.0476880593293615e-6
14209710,2017-07-05,16,1.8825,30.12,3.37,16,-0.934342204248066,1.1843633181064825e-7
14209710,2017-07-06,16,1.9,30.4,3.44,16,-0.9126735695042919,8.222732134124551e-7
14209710,2017-07-07,15,1.3073333333333335,19.61,2.46,15,-0.8206852292246823,1.77547937931289e-4
14209710,2017-07-08,15,2.0533333333333332,30.8,3.43,15,-0.9202374600143265,1.1779271263301484e-6
14209710,2017-07-09,15,1.972,29.58,3.3,15,-0.8977039616887684,5.61450314646037e-6
14209710,2017-07-10,15,1.8486666666666667,27.73,3.39,15,-0.8397872983283844,8.964597910273044e-5
14209710,2017-07-11,15,2.0366666666666666,30.55,3.43,15,-0.8745940845666812,1.9918104528018743e-5
14209710,2017-07-12,15,2.014666666666667,30.22,3.39,15,-0.9209479396766757,1.113320299248095e-6
14209710,2017-07-13,15,1.4553333333333334,21.83,2.68,15,-0.8068596154558894,2.776795420924421e-4
14209710,2017-07-14,15,2.0033333333333334,30.05,3.41,15,-0.9064698727346778,3.2051850437998882e-6
14209710,2017-07-15,15,1.9346666666666668,29.02,3.31,15,-0.8683410070465208,2.690237805928466e-5
14209710,2017-07-16,15,1.8406666666666667,27.61,3.04,15,-0.843119482186593,7.886391301934805e-5
14209710,2017-07-17,15,1.9826666666666666,29.74,3.37,15,-0.9050165617828321,3.530342688673139e-6
14209710,2017-07-18,15,1.9833333333333334,29.75,3.38,15,-0.9195192976012648,1.2463895229092517e-6
14209710,2017-07-19,15,1.96,29.4,3.35,15,-0.897682410406703,5.621895101188129e-6
14209710,2017-07-20,15,1.1766666666666667,17.65,2.07,15,-0.8306721611552023,1.255003477101935e-4
14209710,2017-07-21,15,1.9286666666666668,28.93,3.32,15,-0.8855310284043784,1.1311895043455444e-5
14209710,2017-07-22,15,1.8653333333333333,27.98,3.26,15,-0.9175938164280958,1.446560521561845e-6
14209710,2017-07-23,15,1.7486666666666666,26.23,3.2,15,-0.8898245755899573,8.917975131726347e-6
14209710,2017-07-24,15,1.9673333333333334,29.509999999999998,3.36,15,-0.869384946025036,2.561284592429987e-5
14209710,2017-07-25,15,1.9266666666666667,28.9,3.34,15,-0.8629485745822932,3.4451731070688266e-5
14209710,2017-07-26,15,1.8986666666666667,28.48,3.28,15,-0.7889948975036267,4.7117885151894807e-4
14209710,2017-07-27,15,1.5313333333333332,22.97,3.13,15,-0.8125306630522909,2.3214559119849167e-4
14209710,2017-07-28,15,1.888,28.32,3.32,15,-0.8098906821061611,2.525132141161474e-4
14209710,2017-07-29,15,1.9173333333333333,28.759999999999998,3.32,15,-0.8593919528397224,4.033102294027598e-5
14209710,2017-07-30,15,1.912,28.68,3.32,15,-0.8784444103238754,1.6421308179019163e-5
14209710,2017-07-31,15,1.9373333333333334,29.06,3.36,15,-0.8777893943364292,1.697720541180693e-5
14209710,2017-08-01,15,1.9173333333333333,28.76,3.32,15,-0.869842898376159,2.506355761785649e-5
14209710,2017-08-02,15,1.828,27.42,3.24,15,-0.8264453307065827,1.4573186739481623e-4
14209710,2017-08-03,15,1.734,26.01,3.17,15,-0.8048772753361737,2.9522172224540554e-4
14209710,2017-08-04,15,1.7566666666666666,26.35,3.13,15,-0.7932604328042565,4.172006081986625e-4
14209710,2017-08-05,15,1.77,26.55,3.24,15,-0.7936457399557661,4.1258451755558576e-4
14209710,2017-08-06,15,1.4286666666666668,21.43,2.64,15,-0.7634478310238813,9.264386312853375e-4
14209710,2017-08-07,15,1.4053333333333333,21.08,2.77,15,-0.7641820944445952,9.096582161607017e-4
14209710,2017-08-09,15,1.484,22.26,2.8,15,-0.7595222002878635,0.0010204610336187554
14209710,2017-08-10,15,1.332,19.98,2.62,15,-0.7229417011423449,0.0023248143524342477
14209710,2017-08-11,15,1.2466666666666666,18.7,2.57,15,-0.7416817528428511,0.0015500680319225043
14209710,2017-08-12,15,1.352,20.28,2.72,15,-0.5602549740329804,0.029839410833087006
14209710,2017-08-13,14,1.0978571428571429,15.37,2.09,14,-0.030490371374312722,0.9175893573966452
14209710,2017-08-14,14,1.4292857142857143,20.01,2.68,14,-0.4922171814359175,0.07378544636751207
14209710,2017-08-15,14,1.7314285714285715,24.240000000000002,2.93,14,-0.753156079748586,0.0018729088528291998
14209710,2017-08-16,14,1.8142857142857143,25.4,3.09,14,-0.8189144886932801,3.40425356334018e-4
14209710,2017-08-17,14,1.6485714285714286,23.08,3.11,14,-0.7649895413210185,0.0014343343978491755
14209710,2017-08-18,14,1.7578571428571428,24.61,3.07,14,-0.7440544469253252,0.0022776393776752454
14209710,2017-08-19,14,1.7142857142857142,24,3.07,14,-0.6294265362892528,0.015867942140697037
14209710,2017-08-20,14,1.4507142857142856,20.31,2.82,14,-0.5035349571392663,0.06641084083921779
14209710,2017-08-21,14,1.6628571428571428,23.28,2.95,14,-0.7163532734132494,0.003948999983245698
14209710,2017-08-22,14,1.525,21.35,2.77,14,-0.6030662089614393,0.022429903778305303
14209710,2017-08-23,14,1.32,18.48,2.37,14,-0.6155172501014079,0.01911628960947697
14209710,2017-08-24,14,1.5764285714285715,22.07,2.81,14,-0.4638989226165544,0.09474518139662835
14209710,2017-08-25,14,1.737142857142857,24.32,3.01,14,-0.6687086536668482,0.008928608540315347
14209710,2017-08-26,14,1.6735714285714285,23.43,2.94,14,-0.7873170621707615,8.303778999518986e-4
14209710,2017-08-27,14,1.4785714285714286,20.7,2.72,14,-0.612657083722266,0.019842353313208404
14209710,2017-08-28,14,1.5064285714285715,21.09,2.83,14,-0.5623723134959844,0.03631640634208689
14209710,2017-08-29,14,1.4642857142857142,20.5,2.77,14,-0.39294630623883686,0.16456967578372328
14209710,2017-08-30,14,1.3985714285714286,19.580000000000002,2.83,14,-0.6018724186837641,0.022768923254277124
14209710,2017-08-31,14,1.5157142857142858,21.22,2.92,14,-0.6964059189789609,0.0056577871136688895
14209710,2017-09-01,13,1.7361538461538462,22.57,2.88,13,-0.7296319940485777,0.0046431784761921556
14209710,2017-09-02,13,1.5923076923076924,20.7,2.8,13,-0.7356834288338485,0.00415256280161905
14209710,2017-09-03,13,1.2846153846153847,16.7,2.49,13,-0.5752616181059603,0.039692640957990105
14209710,2017-09-04,13,1.0023076923076923,13.03,2.05,13,-0.37645470484939875,0.20485524063138305
14209710,2017-09-05,13,0.9146153846153846,11.89,1.86,13,-0.12360690904599526,0.6874530917304034
14209710,2017-09-07,13,0.8292307692307692,10.78,1.73,13,-0.38612444835524146,0.19251928936571105
14209710,2017-09-08,13,0.5753846153846154,7.48,0.98,13,-0.3346084618581728,0.2637858463210222
14209710,2017-09-09,13,1.0307692307692307,13.4,2.07,13,-0.3356105412699854,0.2622692038361091
14209710,2017-09-10,13,1.5484615384615386,20.13,2.77,13,-0.49340002630799146,0.08663580317877355
14209710,2017-09-11,13,1.623846153846154,21.11,2.77,13,-0.6660053641308372,0.012947731220212547
14209710,2017-09-12,13,1.5507692307692307,20.16,2.67,13,-0.5971843074920525,0.031160091776749332
14209710,2017-09-13,13,1.5284615384615385,19.87,2.72,13,-0.5191072273422636,0.0690829501244635
14209710,2017-09-14,13,1.446923076923077,18.81,2.59,13,-0.5110650907634208,0.07427849962991069
14209710,2017-09-15,12,1.6366666666666667,19.64,2.69,12,-0.591915443241641,0.04260307760335202
14209710,2017-09-16,12,1.0466666666666666,12.56,1.93,12,-0.34327845231398685,0.2746408820187996
14209710,2017-09-17,12,0.5958333333333333,7.15,1.18,12,-0.3987087762776356,0.1992032580198611
14209710,2017-09-18,12,0.8075,9.69,1.4,12,0.2563387460632817,0.42126786008674144
14209710,2017-09-19,12,0.8133333333333334,9.76,1.6,12,NA,NA
14209710,2017-09-20,12,0.8525,10.23,1.57,12,0.043409931012991,0.8934388329720171
14209710,2017-09-21,12,0.9291666666666667,11.15,1.72,12,-0.34857874829122004,0.266806791619667
14209710,2017-09-22,12,1.265,15.18,2.39,12,-0.5052487964910664,0.09382461041308289
14209710,2017-09-23,12,1.2841666666666667,15.41,2.3,12,-0.6510812433891929,0.02183522579469918
14209710,2017-09-24,12,1.4641666666666666,17.57,2.48,12,-0.6101207458857,0.03514072223265745
14209710,2017-09-25,12,0.7025,8.43,1.36,12,-0.16024705944360737,0.618836098387673
14209710,2017-09-26,12,1.4358333333333333,17.23,2.45,12,-0.709676616405078,0.009730008235036164
14209710,2017-09-27,12,1.4775,17.73,2.49,12,-0.6771284725820419,0.015568290334912301
14209710,2017-09-28,12,1.4175,17.01,2.41,12,-0.5310177468066825,0.07565680226424269
14209710,2017-09-29,12,0.6366666666666667,7.64,1.2,12,0.08214765396685578,0.7996477129134382
14209710,2017-09-30,12,0.8133333333333334,9.76,1.31,12,-0.047467088070796686,0.8835366793479977
14209710,2017-10-01,12,0.9316666666666666,11.18,1.79,12,-0.08883830567019639,0.7836587970254607
14209710,2017-10-02,12,1.0241666666666667,12.29,1.75,12,-0.13632943943377335,0.6726778940350401
14209710,2017-10-03,12,1.4075,16.89,2.42,12,-0.5525490323175031,0.062453301928584865
14209710,2017-10-04,12,1.3241666666666667,15.89,2.26,12,-0.7190055950166496,0.008409169701531197
14209710,2017-10-05,12,1.37,16.44,2.37,12,-0.6787498856136516,0.015227996897225596
14209710,2017-10-06,12,1.3108333333333333,15.73,2.34,12,-0.7012196981358717,0.011055617913035455
14209710,2017-10-07,12,0.7833333333333333,9.4,1.74,12,-0.15707402307199442,0.625887643204601
14209710,2017-10-08,12,0.9391666666666666,11.27,1.66,12,-0.12167026619346602,0.7064089621510263
14209710,2017-10-09,12,1.2283333333333333,14.74,2.26,12,-0.4576549318355149,0.13464747862265836
14209710,2017-10-10,12,0.5933333333333334,7.12,1.25,12,-0.4289739910229585,0.1640677623265429
14209710,2017-10-11,12,0.8200000000000001,9.84,1.54,12,0.6586095985391318,0.019863096842265587
14209710,2017-10-12,12,0.4975,5.97,1.07,12,0.0963738849304858,0.765742540523099
14209710,2017-10-13,12,0.7816666666666667,9.38,1.34,12,0.0203897717935141,0.949849850401915
14209710,2017-10-14,12,1.1766666666666667,14.120000000000001,2.15,12,-0.6032502375251148,0.03783721827020723
14209710,2017-10-15,12,1.0758333333333334,12.91,1.86,12,-0.6875803366466422,0.013470023420232737
14209710,2017-10-16,12,1.1725,14.07,2.14,12,-0.7006453276205722,0.011150267409787433
14209710,2017-10-17,11,0.46,5.06,0.77,11,-0.2793226116417371,0.4055056612449468
14209710,2017-10-18,10,0.282,2.82,0.61,10,-0.45355925547870596,0.18798401989320374
14209710,2017-10-19,10,0.238,2.38,0.37,10,0.4090230188515419,0.24052434895248928
14209710,2017-10-20,10,0.624,6.24,1.11,10,-0.9239904946002078,1.3312998710302262e-4
14209710,2017-10-21,10,0.203,2.0300000000000002,0.44,10,-0.7176499559168575,0.019448027437416825
14209710,2017-10-22,10,0.554,5.54,0.88,10,-0.8367983517440022,0.0025362142343969066
14209710,2017-10-23,10,1.216,12.16,1.94,10,-0.927960727138338,1.0794640330305649e-4
14209710,2017-10-24,10,1.222,12.22,1.94,10,-0.9795081967213113,7.52625793867095e-7
14209710,2017-10-25,10,0.846,8.46,1.61,10,-0.8562748008437703,0.0015637608518552074
14209710,2017-10-26,10,1.185,11.85,1.9,10,-0.9322027728141139,8.512308620263572e-5
14209710,2017-10-27,10,1.193,11.93,1.9,10,-0.9178349452159148,1.8040535250952192e-4
14209710,2017-10-28,10,1.115,11.15,1.81,10,-0.8161646228763518,0.003976733221831763
14209710,2017-10-29,10,0.533,5.33,0.85,10,-0.846114112226649,0.002028781110390253
14209710,2017-10-30,10,1.176,11.76,1.9,10,-0.47087095579742033,0.16956989973039152
14209710,2017-10-31,10,1.121,11.21,1.85,10,-0.8841713395347767,6.832239964251862e-4
14209710,2017-11-01,10,0.525,5.25,0.86,10,-0.9536100357150805,1.915535625621034e-5
14209710,2017-11-03,10,0.565,5.65,0.93,10,-0.16191735072072755,0.6549466257337034
14209710,2017-11-04,10,0.357,3.57,0.58,10,-0.5129891760425751,0.12943665124134926
14209710,2017-11-06,10,0.607,6.07,0.98,10,-0.6716227902749069,0.03343921856125273
14209710,2017-11-07,10,0.557,5.57,1.06,10,-0.6277190513221813,0.05200720974320005
14209710,2017-11-08,10,0.188,1.88,0.35,10,-0.5283213170708811,0.11644680030562263
14209710,2017-11-09,10,0.39,3.9,0.7,10,-0.4892460547900821,0.15125151149463895
14209710,2017-11-10,10,0.413,4.13,0.83,10,-0.9072184232530288,2.8948921134461215e-4
14209710,2017-11-11,10,0.417,4.17,0.8,10,-0.8332713731612452,0.00275025525231971
14209710,2017-11-12,10,0.371,3.71,0.68,10,-0.6373607428200644,0.04745364683032443
14209710,2017-11-13,10,0.47800000000000004,4.78,0.9,10,-0.669421487603307,0.03424212586823814
14209710,2017-11-14,10,0.491,4.91,0.94,10,-0.7960029457578485,0.005874920449117712
14209710,2017-11-15,10,0.184,1.84,0.35,10,-0.5982444695793206,0.06769966787649256
14209710,2017-11-16,10,0.279,2.79,0.52,10,-0.559016994374948,0.09297070164703261
14209710,2017-11-17,10,0.524,5.24,0.97,10,-0.4941356895051644,0.14658872378962068
14209710,2017-11-18,10,0.712,7.12,1.23,10,-0.8252966442943966,0.0032817544698406534
14209710,2017-11-19,10,0.461,4.61,0.91,10,-0.928878541884765,1.0266553486028189e-4
14209710,2017-11-20,10,0.531,5.3100000000000005,1.02,10,0.874371770978338,9.339113742779214e-4
14209710,2017-11-21,10,0.127,1.27,0.2,10,-0.9194453769542825,1.6700431514923977e-4
14209710,2017-11-22,10,0.277,2.77,0.58,10,-0.8371213775625391,0.0025172310879659934
14209710,2017-11-23,10,0.34500000000000003,3.45,0.63,10,0.23821530630160542,0.5074812002378044
14209710,2017-11-24,10,0.525,5.25,0.99,10,-0.8099905283919395,0.004502554037809671
14209710,2017-11-25,10,0.225,2.25,0.45,10,-0.9327580080687858,8.242493222199922e-5
14209710,2017-11-26,10,0.269,2.69,0.53,10,-0.7046102723618709,0.02289379913978415
14209710,2017-11-27,10,0.485,4.8500000000000005,0.92,10,-0.47646289000663106,0.16386180987720353
14209710,2017-11-28,9,0.13555555555555557,1.22,0.21,9,-0.9212884029599913,4.1683201753599914e-4
14209710,2017-11-29,10,0.535,5.3500000000000005,1.01,10,NA,NA
14209710,2017-11-30,9,0.24,2.16,0.4,9,-0.876118211318885,0.0019478839510281402
14209710,2017-12-01,9,0.3244444444444444,2.92,0.6,9,-0.6646054830106263,0.05083918651613741
14209710,2017-12-02,9,0.15444444444444444,1.39,0.31,9,-0.9429278356405677,1.3825313597474396e-4
14209710,2017-12-03,9,0.4588888888888889,4.13,0.74,9,-0.03162277660168541,0.9356322688440192
14209710,2017-12-04,9,0.5788888888888889,5.21,0.94,9,-0.47193990372426975,0.1996186662015672
14209710,2017-12-06,9,0.8266666666666667,7.44,1.37,9,-0.7871094586728681,0.01181955207344014
14209710,2017-12-07,9,0.7855555555555556,7.07,1.36,9,-0.7107423155935343,0.03185301852986672
14209710,2017-12-08,9,0.7322222222222222,6.59,1.29,9,-0.9204030518689621,4.3309012860413864e-4
14209710,2017-12-09,9,0.7344444444444445,6.61,1.26,9,-0.8520128672302586,0.0035409852155280108
14209710,2017-12-10,9,0.7522222222222222,6.7700000000000005,1.26,9,-0.8918369438010285,0.0012309402167368453
14209710,2017-12-11,9,0.7444444444444445,6.7,1.28,9,-0.8002304995805996,0.00959145770910103
14209710,2017-12-12,9,0.5377777777777778,4.84,0.9,9,-0.9328972430004837,2.412401736512246e-4
14209710,2017-12-13,9,0.7122222222222222,6.41,1.23,9,-0.8677893986535082,0.0024254029186600657
14209710,2017-12-14,9,0.49666666666666665,4.47,0.83,9,-0.9072865254319019,7.289985620352452e-4
14209710,2017-12-15,9,0.2477777777777778,2.23,0.41,9,-0.7808688094430315,0.012991650244562971
14209710,2017-12-16,9,0.34555555555555556,3.11,0.61,9,-0.926844019545861,3.244226551381125e-4
14209710,2017-12-17,9,0.33,2.97,0.63,9,-0.7758218130189395,0.01399468677659298
14209710,2017-12-18,9,0.21444444444444444,1.93,0.4,9,-0.7581753965757442,0.017906681716203562
14209710,2017-12-19,9,0.12666666666666668,1.14,0.31,9,-0.2792201954117452,0.4668492196706865
14209710,2017-12-20,9,0.5533333333333333,4.9799999999999995,0.95,9,-0.30223526241349713,0.4292547857608704
14209710,2017-12-21,9,0.5988888888888889,5.39,1.02,9,-0.6435959029348381,0.06143936891033549
14209710,2017-12-22,9,0.22,1.98,0.35,9,-0.8522213606052638,0.0035243093506787033
14209710,2017-12-23,9,0.44333333333333336,3.99,0.76,9,-0.028676966733820915,0.9416197840742032
14209710,2017-12-24,9,0.1111111111111111,1,0.17,9,-0.915058621607759,5.407959604817289e-4
14209710,2017-12-25,9,0.33666666666666667,3.0300000000000002,0.56,9,-0.8769441851174773,0.00190440477423868
14209710,2017-12-26,9,0.4488888888888889,4.04,0.8,9,-0.738032160582753,0.02318950320219852
14209710,2017-12-27,9,0.20444444444444446,1.84,0.34,9,-0.5128225940683718,0.1580175277550196
14209710,2017-12-28,9,0.19444444444444445,1.75,0.32,9,-0.7627375426396454,0.016833341173461525
14209710,2017-12-29,9,0.10555555555555556,0.95,0.18,9,-0.9415132460636798,1.5041155951379143e-4
14209710,2017-12-30,9,0.5488888888888889,4.94,0.92,9,-0.8660254037844387,0.002535996080258099
14209710,2017-12-31,9,0.6833333333333333,6.15,1.18,9,-0.3001225239993905,0.4326481703072045
14209710,2018-01-01,9,0.7422222222222222,6.68,1.26,9,-0.6662522386112854,0.050061693917065615
14209710,2018-01-02,9,0.4311111111111111,3.88,0.77,9,-0.6349812749303682,0.06615801127185031
14209710,2018-01-03,9,0.4911111111111111,4.42,0.86,9,-0.8764598212022148,0.001929819243866221
14209710,2018-01-04,9,0.39,3.51,0.72,9,-0.8569786870301856,0.003158307192216234
14209710,2018-01-05,9,0.3244444444444444,2.92,0.57,9,-0.780854812841051,0.012994363079917151
14209710,2018-01-06,9,0.5144444444444445,4.63,0.93,9,-0.6156414512167422,0.07756186960682894
14209710,2018-01-07,9,0.23444444444444446,2.11,0.54,9,-0.7991492878789473,0.009763325088378108
14209710,2018-01-08,9,0.3211111111111111,2.89,0.56,9,-0.7872962144843042,0.011785616635548855
14209710,2018-01-09,9,0.3711111111111111,3.3400000000000003,0.6,9,NA,NA
14209710,2018-01-10,9,0.3622222222222222,3.2600000000000002,0.67,9,-0.2464164414534803,0.5227169290184046
14209710,2018-01-11,9,0.2288888888888889,2.06,0.6,9,-0.8386278693775358,0.0047288861156299196
14209710,2018-01-12,9,0.3188888888888889,2.87,0.55,9,-0.8763590481915229,0.0019351361217662462
14209710,2018-01-13,9,0.7377777777777778,6.64,1.24,9,-0.61491869381244,0.07801010279286648
14209710,2018-01-14,9,0.72,6.48,1.24,9,-0.9141113754981942,5.616659419532299e-4
14209710,2018-01-15,9,0.5511111111111111,4.96,0.99,9,-0.8661942596228884,0.002525262095192779
14209710,2018-01-16,9,0.5866666666666667,5.28,0.94,9,-0.4476388746086427,0.22695717286551678
14209710,2018-01-17,9,0.36777777777777776,3.31,0.65,9,-0.8996334780343557,9.548627580722014e-4
14209710,2018-01-18,9,0.29444444444444445,2.65,0.48,9,-0.5380275868489703,0.1351211244780229
14209710,2018-01-19,9,0.4033333333333333,3.63,0.66,9,-0.6864431429344119,0.04114103658803537
14209710,2018-01-20,9,0.4166666666666667,3.75,0.69,9,-0.7086833868923008,0.032580882888251166
14209710,2018-01-21,9,0.31666666666666665,2.85,0.6,9,-0.10798355319766922,0.7821440877622975
14209710,2018-01-22,9,0.5533333333333333,4.98,0.88,9,-0.4655119702588094,0.206661528156429
14209710,2018-01-23,9,0.12555555555555556,1.1300000000000001,0.19,9,-0.4244373438135814,0.25485486436204896
14209710,2018-01-24,9,0.2888888888888889,2.6,0.64,9,-0.8405047056073591,0.00454796434660205
14209710,2018-01-25,9,0.5288888888888889,4.76,0.91,9,-0.7267220926874302,0.02656215233263559
14209710,2018-01-26,9,0.29555555555555557,2.66,0.52,9,-0.862439522388403,0.002771447943331075
14209710,2018-01-27,9,0.3,2.7,0.49,9,-0.09678678369916673,0.8043603091202053
14209710,2018-01-28,9,0.5122222222222222,4.61,0.84,9,-0.9195208510515656,4.4972722196500196e-4
14209710,2018-01-29,9,0.21888888888888888,1.97,0.38,9,-0.9832105573598208,1.986339995931097e-6
14209710,2018-01-31,9,0.4577777777777778,4.12,0.72,9,-0.8464779113809687,0.004003764968827915
14209710,2018-02-01,9,0.34111111111111114,3.0700000000000003,0.55,9,-0.7624055554098252,0.016909962619156556
14209710,2018-02-02,10,0.318,3.18,0.58,10,-0.8380817098475261,0.002461400507660256
14209710,2018-02-03,10,0.465,4.65,0.81,10,-0.886620694933573,6.291675507602007e-4
14209710,2018-02-04,10,0.427,4.27,0.72,10,-0.9099661498888251,2.575669357653961e-4
14209710,2018-02-05,11,0.6709090909090909,7.38,1.24,11,NA,NA
14209710,2018-02-06,11,0.6272727272727272,6.8999999999999995,1.15,11,-0.6924626430387858,0.01819439872959513
14209710,2018-02-07,11,0.8,8.8,1.55,11,-0.6590035768383335,0.02742534758334192
14209710,2018-02-08,11,0.5563636363636364,6.12,1.01,11,-0.8082816396773755,0.002604500001276617
14209710,2018-02-09,11,0.6036363636363636,6.64,1.17,11,1.710883420957577e-15,0.999999999999996
14209710,2018-02-10,11,0.8572727272727273,9.43,1.71,11,-0.41679269802615,0.20222464534745616
14209710,2018-02-11,11,0.6518181818181819,7.17,1.2,11,-0.5059022271657007,0.11235519882463584
14209710,2018-02-12,11,1.1536363636363636,12.69,2.04,11,-0.5034655458886058,0.11438273463452661
14209710,2018-02-13,11,1.1209090909090909,12.33,1.99,11,-0.9241855792422868,4.769514632319072e-5
14209710,2018-02-14,11,0.6345454545454545,6.9799999999999995,1.21,11,-0.7865123405556934,0.004085835114368928
14209710,2018-02-15,11,0.6172727272727273,6.79,1.16,11,-0.8601415163218988,6.818666719394046e-4
14209710,2018-02-16,11,0.4818181818181818,5.3,0.93,11,-0.7443091436792395,0.00861167758353124
14209710,2018-02-17,11,0.4345454545454545,4.78,0.94,11,-0.9210291048400326,5.703897001160297e-5
14209710,2018-02-18,11,0.4581818181818182,5.04,0.83,11,-0.880030557147082,3.523001401556218e-4
14209710,2018-02-19,11,0.87,9.57,1.53,11,-0.6725178959791243,0.023372266035280517
14209710,2018-02-20,11,0.4918181818181818,5.41,0.89,11,-0.8462476214472604,0.001022492899380397
14209710,2018-02-21,11,0.8309090909090909,9.14,1.48,11,-0.9231231122363932,5.069814100080166e-5
14209710,2018-02-22,11,0.8218181818181818,9.040000000000001,1.39,11,-0.6710451962163038,0.023791867167713626
14209710,2018-02-23,11,0.7381818181818182,8.12,1.46,11,-0.9116955481054027,9.300387061244328e-5
14209710,2018-02-24,11,0.7881818181818182,8.67,1.46,11,-0.8280111890332604,0.0016468104075123785
14209710,2018-02-25,11,0.33636363636363636,3.7,0.66,11,-0.6402913757205407,0.033822514649123864
14209710,2018-02-26,11,0.9036363636363637,9.94,1.56,11,-0.907583868755566,1.1344844356119941e-4
14209710,2018-02-27,11,0.6227272727272727,6.85,1.13,11,-0.7213600767718986,0.01222460041106536
14209710,2018-02-28,11,0.37454545454545457,4.12,0.7,11,-0.8433081960952314,0.001108487256639971
14209710,2018-03-01,11,0.6818181818181818,7.5,1.24,11,-0.9414927985248859,1.5243040335867079e-5
14209710,2018-03-02,11,0.6372727272727273,7.01,1.19,11,-0.8627396261542142,6.291531132006054e-4
14209710,2018-03-03,11,1.0736363636363637,11.81,1.85,11,-0.81797073883882,0.0020933712445563206
14209710,2018-03-04,11,0.8172727272727273,8.99,1.5,11,-0.8097680368732891,0.002520623801368032
14209710,2018-03-05,11,0.9127272727272727,10.040000000000001,1.58,11,-0.9183466104638418,6.602894537071465e-5
14209710,2018-03-06,11,1.5163636363636364,16.68,2.44,11,-0.9134121450439558,8.535699464360117e-5
14209710,2018-03-07,11,0.7609090909090909,8.37,1.34,11,-0.9462369334027227,1.0491097869338705e-5
14209710,2018-03-08,11,0.4863636363636364,5.35,0.88,11,-0.8116356416407413,0.002418107065315995
14209710,2018-03-09,11,0.9654545454545455,10.62,1.65,11,-0.9094739452798292,1.0366483075606461e-4
14209710,2018-03-10,11,1.5,16.5,2.48,11,-0.9473358532428267,9.57541738776837e-6
14209710,2018-03-12,12,1.2591666666666665,15.11,2.33,12,-0.9472151659400111,2.9525738696567367e-6
14209710,2018-03-13,12,0.375,4.5,0.68,12,-0.52972284843336,0.0765070491769268
14209710,2018-03-15,12,0.8966666666666666,10.76,1.44,12,-0.8598644109652644,3.347849469122213e-4
14209710,2018-03-16,12,0.77,9.24,1.42,12,-0.7815438636511789,0.0026794068368887897
14209710,2018-03-17,12,0.645,7.74,1.2,12,0.012424197739804715,0.9694311178071496
14209710,2018-03-18,12,0.8091666666666667,9.71,1.49,12,-0.727000891223158,0.00738802738357815
14209710,2018-03-19,13,1.2123076923076923,15.76,2.36,13,-0.8773945701792843,8.128451964761632e-5
14209710,2018-03-20,13,1.5276923076923077,19.86,2.74,13,-0.9369336915586813,2.3612760622797766e-6
14209710,2018-03-21,13,0.6623076923076923,8.61,1.27,13,-0.7641107351246798,0.0023578175211805674
14209710,2018-03-22,13,0.7876923076923077,10.24,1.73,13,0.29252424642459185,0.33210628599914094
14209710,2018-03-23,13,0.4176923076923077,5.43,0.86,13,-0.9851165136442215,9.216920638018037e-10
14209710,2018-03-24,13,0.42,5.46,0.9,13,-0.9139595531612041,1.2461419872166691e-5
14209710,2018-03-25,13,1.0315384615384615,13.41,2.12,13,-0.8045659193178937,9.111137256946014e-4
14209710,2018-03-26,13,0.5415384615384615,7.04,1.12,13,-0.31484349997901273,0.29475223125757044
14209710,2018-03-27,13,0.5407692307692308,7.03,0.98,13,-0.5436508677309867,0.0548095310398703
14209710,2018-03-28,13,1.0484615384615386,13.63,1.98,13,-0.9177252915622505,9.81489937503731e-6
14209710,2018-03-29,13,1.3223076923076924,17.19,2.39,13,-0.9169273864028772,1.033374588710793e-5
14209710,2018-03-30,13,0.9615384615384616,12.5,1.98,13,-0.9201647953873489,8.357424467323477e-6
14209710,2018-03-31,13,1.3069230769230769,16.990000000000002,2.49,13,-0.8957593276048016,3.453715559681296e-5
14209710,2018-04-01,13,0.5315384615384615,6.91,0.99,13,-0.9412995701610697,1.605035899140082e-6
14209710,2018-04-02,13,1.1007692307692307,14.31,1.84,13,-0.5739510861794965,0.04025119045628635
14209710,2018-04-03,13,0.9961538461538462,12.950000000000001,1.75,13,-0.9362217184794577,2.5081761330831864e-6
14209710,2018-04-04,13,0.8215384615384616,10.68,1.84,13,-0.8880557371800284,5.034380291990856e-5
14209710,2018-04-05,13,0.4323076923076923,5.62,0.86,13,-0.5878248322376127,0.034619547166934814
14209710,2018-04-06,13,1.0623076923076924,13.81,2.06,13,-0.9408699734192395,1.6693163335252692e-6
14209710,2018-04-07,13,0.5761538461538461,7.49,1.27,13,-0.47154013726878824,0.10380253965435188
14209710,2018-04-08,13,0.5992307692307692,7.79,1.1,13,-0.07441846009344544,0.8090768988410253
14209710,2018-04-09,13,1.4346153846153846,18.65,2.48,13,-0.9826006541237212,2.16544895917172e-9
14209710,2018-04-10,13,1.1053846153846154,14.370000000000001,2.2,13,-0.9049226730576287,2.1202356306483864e-5
14209710,2018-04-11,13,0.4530769230769231,5.89,1,13,-0.9122307951796654,1.3854979896400187e-5
14209710,2018-04-12,14,0.7157142857142857,10.02,1.49,14,-0.8772072407868977,3.779367122870294e-5
14209710,2018-04-13,14,0.5042857142857143,7.06,0.94,14,-0.962734125698513,3.5679855139493365e-8
14209710,2018-04-14,14,0.5714285714285714,8,1.22,14,-0.9750166653559745,3.3268208460240316e-9
14209710,2018-04-15,14,0.41785714285714287,5.8500000000000005,0.91,14,-0.8863866500024353,2.4205522719076722e-5
14209710,2018-04-16,14,0.68,9.52,1.29,14,-0.5384571498609896,0.04697829022725176
14209710,2018-04-17,14,1.0614285714285714,14.86,2.04,14,-0.8504352294393861,1.1615733863728367e-4
14209710,2018-04-18,14,1.2292857142857143,17.21,2.43,14,-0.9633317110787618,3.242375971320642e-8
14209710,2018-04-19,14,1.7678571428571428,24.75,3.1,14,-0.9592307706119314,6.070706459162816e-8
14209710,2018-04-20,14,1.1428571428571428,16,1.91,14,-0.9447061876041095,3.6603877530539663e-7
14209710,2018-04-21,14,1.6157142857142857,22.62,2.78,14,-0.9283245271894951,1.6751642696181159e-6
14209710,2018-04-22,14,1.8807142857142858,26.330000000000002,3.22,14,-0.9665834130703436,1.870511322748505e-8
14209710,2018-04-23,14,1.9035714285714285,26.65,3.28,14,-0.9616224160912401,4.245910251945367e-8
14209710,2018-04-24,14,1.8142857142857143,25.4,3.19,14,-0.9698459328046655,1.0170392599562804e-8
14209710,2018-04-25,14,1.805,25.27,3.11,14,-0.9275991615989403,1.7766461799813522e-6
14209710,2018-04-26,14,1.6214285714285714,22.7,2.78,14,-0.9586842143469111,6.567851925953024e-8
14209710,2018-04-27,14,0.3507142857142857,4.91,0.74,14,-0.9841311315324155,2.2281965568191625e-10
14209710,2018-04-28,14,0.965,13.51,1.98,14,-0.9293801312847961,1.5360521099600627e-6
14209710,2018-04-29,14,0.9392857142857143,13.15,1.75,14,-0.8783127298595023,3.588671819103246e-5
14209710,2018-04-30,14,0.9635714285714286,13.49,1.84,14,-0.7300751967272496,0.0030309247590348644
14209710,2018-05-01,14,0.77,10.78,1.61,14,-0.642780782873492,0.013162142748150335
14209710,2018-05-02,14,1.94,27.16,3.29,14,-0.986736029938076,7.641120965578978e-11
14209710,2018-05-03,14,1.5357142857142858,21.5,2.67,14,-0.9374001415041499,7.584869322792123e-7
14209710,2018-05-04,14,1.415,19.81,2.64,14,-0.8389639386320469,1.762978772961889e-4
14209710,2018-05-05,15,1.3086666666666666,19.63,2.73,15,-0.9449521609545938,1.1233653337226252e-7
14209710,2018-05-06,15,1.03,15.450000000000001,1.9,15,-0.879666071063477,1.5424862281382476e-5
14209710,2018-05-07,15,1.688,25.32,3.29,15,-0.9636524897433305,7.916048661966638e-9
14209710,2018-05-08,15,1.2846666666666666,19.27,3.13,15,-0.956497959901964,2.5015599839678377e-8
14209710,2018-05-10,15,1.1366666666666667,17.05,2.42,15,-0.46537583825230205,0.08044453221814903
14209710,2018-05-11,15,1.2613333333333334,18.92,2.38,15,-0.8304058147172774,1.267028451006114e-4
14209710,2018-05-12,15,1.7986666666666666,26.98,3.32,15,-0.9777344199321681,3.386817221109819e-10
14209710,2018-05-13,15,1.9146666666666667,28.72,3.33,15,-0.9607929584524162,1.2861294612441933e-8
14209710,2018-05-14,15,1.8313333333333333,27.47,3.27,15,-0.961422697421551,1.1594107854612452e-8
14209710,2018-05-15,15,1.216,18.24,2.33,15,-0.8688773042885285,2.623335737268526e-5
14209710,2018-05-16,15,0.8606666666666667,12.91,1.64,15,-0.7322536483751421,0.001908389201850431
14209710,2018-05-17,15,0.9273333333333333,13.91,1.81,15,-0.9317174570767457,4.4124504938820557e-7
14209710,2018-05-18,15,0.836,12.540000000000001,1.54,15,-0.9362781580357017,2.847006738271494e-7
14209710,2018-05-19,15,0.952,14.28,1.71,15,-0.8975636413164162,5.662777778060485e-6
14209710,2018-05-20,15,1.34,20.1,2.56,15,-0.9203413565579921,1.1682882847565516e-6
14209710,2018-05-21,15,1.7833333333333334,26.75,3.28,15,-0.9318877205278718,4.3432338455414074e-7
14209710,2018-05-22,15,1.9646666666666666,29.47,3.34,15,-0.9724828858138834,1.324644706316621e-9
14209710,2018-05-23,15,1.762,26.43,3.12,15,-0.9416311806398616,1.6306793342961843e-7
14209710,2018-05-24,15,1.25,18.75,2.57,15,-0.9445441297966835,1.177433348176747e-7
14209710,2018-05-25,15,1.358,20.37,2.68,15,-0.8189673205800471,1.8806918123203084e-4
14209710,2018-05-26,16,1.029375,16.47,1.96,16,-0.4093998294772953,0.11532470764297323
14209710,2018-05-27,16,1.87625,30.02,3.43,16,-0.971561411421702,3.7418469224342037e-10
14209710,2018-05-28,16,1.634375,26.15,3.26,16,-0.9403423986929946,6.154010022157191e-8
14209710,2018-05-29,16,1.2925,20.68,2.27,16,-0.5742451402437411,0.020000055761640476
14209710,2018-05-31,16,1.03875,16.62,2,16,-0.11594338192324762,0.6689420746088337
14209710,2018-06-01,16,1.545,24.72,2.81,16,-0.9360605802429243,9.882640229417567e-8
14209710,2018-06-02,16,1.906875,30.51,3.42,16,-0.969501066055469,6.072190028533661e-10
14209710,2018-06-03,16,1.148125,18.37,2.13,16,-0.8647378157840783,1.5418210831513086e-5
14209710,2018-06-04,16,1.366875,21.87,2.77,16,-0.7679973013322263,5.119723998093825e-4
14209710,2018-06-05,16,1.7537500000000001,28.060000000000002,3.14,16,-0.936634543948041,9.29247904819356e-8
14209710,2018-06-06,16,1.7425,27.88,3.27,16,-0.9485736804597624,2.2253263375626477e-8
14209710,2018-06-07,16,1.093125,17.49,2.41,16,-0.6358122806874584,0.008113906861539922
14209710,2018-06-08,16,0.625,10,1.66,16,-0.8174773422303585,1.1002469482029245e-4
14209710,2018-06-09,16,1.169375,18.71,2.21,16,0.013732919574389615,0.9597417902926899
14209710,2018-06-10,16,0.7725,12.36,1.58,16,-0.38847289423175047,0.13702034501172525
14209710,2018-06-11,16,1.914375,30.63,3.44,16,-0.96330077421252025,2.1816535650282605e-9
14209710,2018-06-12,16,1.65875,26.54,3.38,16,-0.9592901165950247,4.461100296948743e-9
14209710,2018-06-13,16,0.928125,14.85,2.07,16,-0.3913872924140956,0.13384316843440436
14209710,2018-06-14,16,1.04875,16.78,1.92,16,-0.6849220389590799,0.00341591888533196
14209710,2018-06-15,16,1.144375,18.31,2.51,16,-0.5873283111482731,0.01674882678043786
14209710,2018-06-16,16,1.624375,25.99,3.13,16,-0.9085499354327626,1.123074599257438e-6
14209710,2018-06-17,16,1.795,28.72,3.41,16,-0.9341248592912699,1.2113712272169184e-7
14209710,2018-06-18,16,1.480625,23.69,2.74,16,-0.7320466852060031,0.0012639075591831517
14209710,2018-06-19,16,1.838125,29.41,3.32,16,-0.9529013168177389,1.216718628417074e-8
14209710,2018-06-20,16,1.58625,25.38,3.04,16,-0.8349375343341515,5.717387252301078e-5
14209710,2018-06-21,16,0.823125,13.17,1.49,16,-0.8037587626099353,1.7574765388046233e-4
14209710,2018-06-22,16,1.29,20.64,2.81,16,-0.847874898708048,3.348195033829648e-5
14209710,2018-06-23,16,1.38125,22.1,2.66,16,-0.4802785572891892,0.0597105353097911
14209710,2018-06-24,16,1.924375,30.79,3.44,16,-0.9444129083858147,3.7937239333846447e-8
14209710,2018-06-25,16,1.284375,20.55,2.68,16,-0.33021767326621554,0.21161713828020373
14209710,2018-06-26,16,1.79125,28.66,3.2,16,-0.911592779686258,8.935795784369991e-7
14209710,2018-06-27,16,1.701875,27.23,3.32,16,-0.8895198511563671,4.004066477807751e-6
14209710,2018-06-28,16,1.41875,22.7,2.51,16,-0.866232342409332,1.432378021069765e-5
14209710,2018-06-29,16,1.693125,27.09,2.99,16,-0.8948131792407673,2.881028631916773e-6
14209710,2018-06-30,16,1.404375,22.47,3.06,16,-0.8898154335169705,3.932868574733174e-6
14209710,2018-07-01,16,1.568125,25.09,3.14,16,-0.8634023371167321,1.645478333081469e-5
14209710,2018-07-02,16,1.183125,18.93,2.38,16,-0.518251050846017,0.039729906439843206
14209710,2018-07-03,16,1.86875,29.9,3.45,16,-0.914575749642249,7.084524621005411e-7
14209710,2018-07-04,16,0.855625,13.69,1.61,16,-0.7576294623640857,6.74693283134402e-4
14209710,2018-07-05,16,1.681875,26.91,3.29,16,-0.8913746774231953,3.5747081855924028e-6
14209710,2018-07-06,16,1.4993750000000001,23.990000000000002,2.7,16,-0.7979689452020559,2.118926954939597e-4
14209710,2018-07-07,15,1.7646666666666666,26.47,3.09,15,-0.8583682589906849,4.216914962734765e-5
14209710,2018-07-08,15,1.8826666666666667,28.24,3.19,15,-0.8674646281548096,2.8026049867591118e-5
14209710,2018-07-09,15,0.8233333333333334,12.35,1.63,15,-0.6141661581595763,0.014858888453378502
14209710,2018-07-10,15,1.3493333333333333,20.24,2.39,15,-0.5751365989104779,0.024893871719615435
14209710,2018-07-11,15,2.013333333333333,30.2,3.38,15,-0.8672105393434694,2.8359011417715603e-5
14209710,2018-07-12,15,2.016,30.24,3.4,15,-0.8470483698778907,6.754804228977834e-5
14209710,2018-07-13,15,1.9486666666666668,29.23,3.33,15,-0.733416746381767,0.0018608949920324636
14209710,2018-07-14,15,1.9953333333333334,29.93,3.41,15,-0.7886007948461653,4.764403133914942e-4
14209710,2018-07-15,15,1.9133333333333333,28.7,3.35,15,-0.7161609205559121,0.002671542587808988
14209710,2018-07-16,15,1.886,28.29,3.21,15,-0.7131742114802305,0.0028368195786982503
14209710,2018-07-17,15,1.9033333333333333,28.55,3.28,15,-0.7273581948270861,0.0021190860946051497
14209710,2018-07-18,15,1.8213333333333332,27.32,3.29,15,-0.6793010591308769,0.005347746390481004
14209710,2018-07-19,15,1.2926666666666666,19.39,2.24,15,-0.4540679502081158,0.08909174918575619
14209710,2018-07-20,15,1.9213333333333333,28.82,3.44,15,-0.6625912719026298,0.007107468285927665
14209710,2018-07-21,15,1.9433333333333334,29.15,3.37,15,-0.6842369868605076,0.004900242249115615
14209710,2018-07-22,15,1.9366666666666668,29.05,3.23,15,-0.7885640266033075,4.76933619371988e-4
14209710,2018-07-23,15,1.8533333333333333,27.8,3.31,15,-0.7083943368412453,0.003118239097754125
14209710,2018-07-24,15,1.926,28.89,3.29,15,-0.6959107883397508,0.003959320697138776
14209710,2018-07-25,15,1.9053333333333333,28.58,3.32,15,-0.7185677890987112,0.002544036083769921
14209710,2018-07-26,15,1.9046666666666667,28.57,3.22,15,-0.675631373935234,0.0057009208127440925
14209710,2018-07-27,15,1.8713333333333333,28.07,3.33,15,-0.6110411760419433,0.015522152816407462
14209710,2018-07-28,15,1.8333333333333333,27.5,3.3,15,-0.5831712436009118,0.022497159580660894
14209710,2018-07-29,15,1.8106666666666666,27.16,3.17,15,-0.630687229757476,0.011707969709246702
14209710,2018-07-30,15,1.6706666666666667,25.06,2.99,15,-0.5159284410948851,0.04898882899815779
14209710,2018-07-31,15,1.6733333333333333,25.1,3,15,-0.5517671748656435,0.032973003523729186
14209710,2018-08-02,15,0.8946666666666666,13.42,1.88,15,-0.25759450265771483,0.3539860581037151
14209710,2018-08-03,15,1.0386666666666666,15.58,1.78,15,-0.08656354400000332,0.7590336468978829
14209710,2018-08-04,15,1.7826666666666666,26.740000000000002,3.19,15,-0.6071868397476202,0.016371413534603602
14209710,2018-08-05,15,1.7126666666666668,25.69,3.07,15,-0.6235803053591767,0.012992367691478985
14209710,2018-08-06,15,1.542,23.13,2.9,15,-0.49552232700988313,0.060338644833480226
14209710,2018-08-07,15,1.5866666666666667,23.8,2.99,15,-0.5927353501542262,0.019878193297945185
14209710,2018-08-08,15,1.4653333333333334,21.98,2.79,15,-0.4003664219197722,0.13919915349675177
14209710,2018-08-09,15,1.502,22.53,2.82,15,-0.45115028100494964,0.09142553907831188
14209710,2018-08-10,15,1.6266666666666667,24.4,3.14,15,-0.4927243042790302,0.06203218053000356
14209710,2018-08-11,15,0.9466666666666667,14.200000000000001,1.86,15,0.13509349270846663,0.6312028370596524
14209710,2018-08-12,15,1.4706666666666668,22.06,2.88,15,-0.4008251065676529,0.13870454482157685
14209710,2018-08-13,14,1.6592857142857143,23.23,2.93,14,-0.4484745644802816,0.10774970970160139
14209710,2018-08-14,14,1.4821428571428572,20.75,2.82,14,-0.29396521702145695,0.3076631127397059
14209710,2018-08-15,14,1.2978571428571428,18.169999999999998,2.45,14,-0.28112152998592627,0.33024578844483476
14209710,2018-08-16,14,1.2492857142857143,17.49,2.31,14,-0.12182437055635584,0.6782311415351574
14209710,2018-08-17,14,1.8428571428571427,25.8,3.16,14,-0.34170940029410884,0.23178507239292837
14209710,2018-08-18,14,1.8221428571428573,25.51,3.08,14,-0.5382445782812303,0.04708224289271358
14209710,2018-08-19,14,1.66,23.24,2.9,14,-0.5006104590761283,0.06826365793410863
14209710,2018-08-20,14,1.2757142857142858,17.86,2.37,14,-0.1174523751113076,0.689243092351772
14209710,2018-08-21,14,1.3414285714285714,18.78,2.59,14,-0.3074633415332213,0.2849151702598121
14209710,2018-08-22,14,1.3971428571428572,19.560000000000002,2.66,14,-0.326705839635103,0.2542496916750196
14209710,2018-08-23,14,0.8235714285714286,11.53,1.41,14,-0.20487366780018706,0.4823012890803202
14209710,2018-08-24,14,0.9092857142857143,12.73,1.64,14,-0.019216766970981604,0.9480116142747645
14209710,2018-08-25,14,1.0364285714285715,14.51,2.01,14,-0.09682079654487394,0.7419522649609618
14209710,2018-08-26,14,0.6864285714285714,9.61,1.44,14,0.04344357149987859,0.8827659868209722
14209710,2018-08-27,14,1.4657142857142857,20.52,2.57,14,-0.47395624833864125,0.0868787840584183
14209710,2018-08-28,14,1.697857142857143,23.77,3,14,-0.4593018019181288,0.09850054374508843
14209710,2018-08-29,14,1.5442857142857143,21.62,2.89,14,-0.42049821196320114,0.13436505934680584
14209710,2018-08-31,14,1.0842857142857143,15.18,1.81,14,-0.1696007819525052,0.5621513634324665
14209710,2018-09-01,13,1.4015384615384614,18.22,2.46,13,-0.45344230481173403,0.11965593210289961
14209710,2018-09-02,13,1.7676923076923077,22.98,2.94,13,-0.5468477644955244,0.053119142883565194
14209710,2018-09-03,13,1.603076923076923,20.84,2.83,13,-0.5301187761275251,0.06239020552721508
14209710,2018-09-04,13,1.7407692307692308,22.63,2.9,13,-0.5807458923716109,0.037416013522750195
14209710,2018-09-05,13,1.66,21.58,2.82,13,-0.4728969170385621,0.10267480175562385
14209710,2018-09-06,13,1.5392307692307692,20.01,2.69,13,-0.4711081787159075,0.10416333580631285
14209710,2018-09-07,13,1.5723076923076924,20.44,2.75,13,-0.5551330942802944,0.048911745884479337
14209710,2018-09-08,13,1.1015384615384616,14.32,1.95,13,-0.28784391139981413,0.3402560204496129
14209710,2018-09-09,13,1.4815384615384615,19.259999999999998,2.52,13,-0.49977404217857657,0.08202451028925653
14209710,2018-09-10,13,0.9676923076923076,12.58,1.75,13,-0.005554698415143828,0.9856312190697879
14209710,2018-09-11,13,0.7438461538461538,9.67,1.6,13,0.06068997789267027,0.8438651904035654
14209710,2018-09-12,13,0.8623076923076923,11.209999999999999,1.65,13,0.23237932896889057,0.44487716126251764
14209710,2018-09-13,13,0.8176923076923077,10.63,1.62,13,-0.11393323230014406,0.7109273864144979
14209710,2018-09-14,13,1.2161538461538461,15.81,2.28,13,-0.4492230601418256,0.12357208308854065
14209710,2018-09-15,13,0.7346153846153846,9.55,1.51,13,-0.3610758847985,0.22546374280256745
14209710,2018-09-16,12,0.9883333333333334,11.86,1.84,12,-0.013563274051292122,0.966629816062474
14209710,2018-09-17,12,1.3466666666666667,16.16,2.32,12,-0.12946405716203063,0.6884106096434155
14209710,2018-09-18,12,1.6316666666666666,19.580000000000002,2.68,12,-0.49829085948832064,0.09919151921969993
14209710,2018-09-19,12,1.4325,17.19,2.48,12,-0.4886029256003607,0.10700073715640403
14209710,2018-09-20,12,1.4833333333333334,17.8,2.49,12,-0.4082903337872567,0.18761997818688098
14209710,2018-09-21,12,1.1241666666666668,13.49,1.9,12,-0.2172991444339031,0.4975091796866582
14209710,2018-09-22,12,0.8683333333333333,10.42,1.57,12,-0.03437656978480554,0.9155345676159494
14209710,2018-09-23,12,1.1875,14.25,1.99,12,0.12896240358552255,0.6895647419101965
14209710,2018-09-24,12,1.5574999999999999,18.69,2.58,12,-0.3999696590434578,0.19765449680770325
14209710,2018-09-25,12,1.57,18.84,2.6,12,-0.5515268106287043,0.06304108943079324
14209710,2018-09-26,12,1.5508333333333333,18.61,2.57,12,-0.5526281969597068,0.06240794062217343
14209710,2018-09-27,12,1.51,18.12,2.52,12,-0.6192038933489209,0.03179044733357714
14209710,2018-09-28,12,1.455,17.46,2.48,12,-0.5339399843875616,0.07376183616491881
14209710,2018-09-29,12,0.5175,6.21,0.94,12,-0.1328010101571847,0.6807490475806388
14209710,2018-09-30,12,0.6083333333333334,7.3,1.12,12,-0.00989163394745246,0.9756604825317624
14209710,2018-10-01,12,0.6233333333333333,7.48,1.25,12,0.2323928761460075,0.4673269384166593
14209710,2018-10-02,12,1.0016666666666667,12.02,1.9,12,0.4274333005302319,0.1657540909440512
14209710,2018-10-03,12,1.2033333333333334,14.44,2.14,12,-0.24581699772381155,0.4412233464071946
14209710,2018-10-04,12,0.8975,10.77,1.57,12,-0.12231257406013449,0.7049202972361375
14209710,2018-10-05,12,0.315,3.7800000000000002,0.62,12,-0.41253981504684933,0.18261951277459726
14209710,2018-10-06,12,0.8391666666666666,10.07,1.47,12,-0.250981870241496,0.43137143846361603
14209710,2018-10-07,12,0.6375,7.6499999999999995,1.24,12,-0.15419400303732061,0.6323130293248267
14209710,2018-10-08,12,0.4575,5.49,0.82,12,-0.10242239626829326,0.7514372921020889
14209710,2018-10-09,12,0.7041666666666667,8.45,1.3,12,-0.23249682672801414,0.4671220884750379
14209710,2018-10-10,12,1.0841666666666667,13.01,2.03,12,-0.01863724270776855,0.9541561453416566
14209710,2018-10-11,12,1.2833333333333332,15.399999999999999,2.27,12,-0.3590928445847543,0.2516535516070709
14209710,2018-10-12,12,1.2358333333333333,14.83,2.22,12,-0.4664106385226282,0.12640130755850293
14209710,2018-10-13,12,1.2683333333333333,15.219999999999999,2.27,12,-0.3666027781730673,0.24114608561558817
14209710,2018-10-14,12,1.2808333333333333,15.37,2.28,12,-0.30276774766544795,0.3387848248285221
14209710,2018-10-15,12,1.2241666666666666,14.69,2.19,12,-0.5307117297548899,0.07585715063904436
14209710,2018-10-16,12,1.1875,14.25,2.15,12,-0.6199361860938587,0.03153074045942163
14209710,2018-10-17,11,1.2672727272727273,13.94,2.13,11,-0.4038684648231403,0.21800731605404178
14209710,2018-10-18,11,1.19,13.09,2,11,-0.3734078927000916,0.2579880504956669
14209710,2018-10-19,10,1.282,12.82,2,10,-0.3112953134670433,0.3812814146164225
14209710,2018-10-20,10,1.307,13.07,2.04,10,-0.5341326589725495,0.11174532736409523
14209710,2018-10-21,10,1.247,12.47,1.97,10,-0.3476583818590117,0.32494234586686693
14209710,2018-10-22,10,1.19,11.9,1.9,10,-0.2410201701618028,0.5023429122630391
14209710,2018-10-23,10,0.587,5.87,1.25,10,0.10648425682749679,0.7696889857596125
14209710,2018-10-24,10,0.602,6.02,0.96,10,0.11473672248814401,0.7522915198276514
14209710,2018-10-25,10,0.237,2.37,0.38,10,0.22277794788266944,0.5361475715900343
14209710,2018-10-27,10,0.58,5.8,1.19,10,-0.25844118024601265,0.47093084907786764
14209710,2018-10-28,10,0.712,7.12,1.44,10,0.5298498314556754,0.11519844231789188
14209710,2018-10-29,10,0.638,6.38,1.06,10,0.09664354656882145,0.7905557443726068
14209710,2018-10-30,10,0.7080000000000001,7.08,1.12,10,-0.15547552154845687,0.6679999257735807
14209710,2018-10-31,10,0.192,1.9200000000000002,0.38,10,-0.022727272727269925,0.9503097626565984
14209710,2018-11-01,10,0.472,4.72,0.78,10,-0.5659636607362656,0.08811618475676007
14209710,2018-11-02,10,0.746,7.46,1.22,10,0.039214609379059163,0.9143498345731775
14209710,2018-11-03,10,0.459,4.59,0.89,10,-0.09921996644381254,0.7850804405168985
14209710,2018-11-05,10,0.509,5.09,0.85,10,-0.030969005213076863,0.932320236253955
14209710,2018-11-06,10,0.723,7.2299999999999995,1.25,10,0.0760725774312672,0.8345509113544491
14209710,2018-11-07,10,0.794,7.9399999999999995,1.38,10,0.15817925984933862,0.6625112554941888
14209710,2018-11-08,10,1.059,10.59,1.76,10,-0.18262911708750315,0.6135589900278553
14209710,2018-11-09,10,0.66,6.6,1.17,10,-0.5889675697017693,0.07321221844711141
14209710,2018-11-10,10,0.914,9.14,1.54,10,-0.18206913871031968,0.6146657672380993
14209710,2018-11-11,10,0.946,9.459999999999999,1.68,10,-0.09799919151000287,0.7876737387724688
14209710,2018-11-12,10,0.916,9.16,1.59,10,-0.5523325813303009,0.09779991255158052
14209710,2018-11-13,10,0.584,5.84,1.06,10,-0.5322839939140371,0.11322777516165045
14209710,2018-11-14,10,0.362,3.62,0.6,10,-0.5675062188598745,0.087060735088313565
14209710,2018-11-15,10,0.688,6.88,1.24,10,-0.4500896816597719,0.19180984849965368
14209710,2018-11-16,10,0.657,6.57,1.14,10,-0.30576330850538175,0.39024538034950595
14209710,2018-11-17,10,0.923,9.23,1.6,10,-0.1700204568168879,0.6386461334486107
14209710,2018-11-18,10,0.873,8.73,1.52,10,-0.5766111631540017,0.08099620845556343
14209710,2018-11-19,10,0.829,8.29,1.49,10,-0.6522001703432639,0.04097841804961919
14209710,2018-11-20,10,0.694,6.94,1.38,10,-0.5055070062207976,0.13608703655041338
14209710,2018-11-21,10,0.177,1.77,0.36,10,-0.3998322315810064,0.2522895705966952
14209710,2018-11-22,10,0.211,2.11,0.4,10,-0.7776292226454161,0.00809913674982895
14209710,2018-11-23,10,0.265,2.65,0.45,10,-0.31799936400190737,0.37055505345265155
14209710,2018-11-24,10,0.541,5.41,1.03,10,-0.15801515437998778,0.6628439855309953
14209710,2018-11-25,10,0.439,4.390000000000001,0.88,10,-0.2337781281232224,0.5156543757727661
14209710,2018-11-26,10,0.206,2.06,0.38,10,-0.513024329045166,0.12940589013826698
14209710,2018-11-27,10,0.419,4.19,0.84,10,-0.7339300828985972,0.015672050246243595
14209710,2018-11-28,10,0.2,2,0.36,10,-0.8958064164776187,4.539208021595715e-4
14209710,2018-11-29,10,0.559,5.59,1.16,10,NA,NA
14209710,2018-11-30,10,0.303,3.03,0.63,10,-0.041576537496305306,0.9092083758876889
14209710,2018-12-01,9,0.3377777777777778,3.04,0.64,9,0.2773500981126168,0.4699636420584159
14209710,2018-12-02,9,0.45666666666666667,4.109999999999999,0.84,9,-0.18232322463624467,0.6387099157420584
14209710,2018-12-03,9,0.8,7.2,1.32,9,-0.1898315991504976,0.624703995336939
14209710,2018-12-04,9,0.8377777777777778,7.54,1.36,9,-0.21821789023599555,0.572715165376374
14209710,2018-12-05,9,0.8033333333333333,7.23,1.32,9,-0.02054987341316622,0.9581508713453535
14209710,2018-12-06,9,0.8022222222222223,7.220000000000001,1.36,9,-0.10910894511799275,0.7799183942186289
14209710,2018-12-07,9,0.43,3.87,0.76,9,-0.6377967990697694,0.06459162294550615
14209710,2018-12-08,9,0.3288888888888889,2.96,0.59,9,-0.5975194678333586,0.08928832978221021
14209710,2018-12-09,9,0.14,1.26,0.25,9,-0.5646995020542387,0.11316107265986633
14209710,2018-12-10,9,0.40444444444444444,3.64,0.68,9,-0.550688791753936,0.12440742210145371
14209710,2018-12-11,9,0.08555555555555555,0.77,0.16,9,-0.5477225575051633,0.1268703669236732
14209710,2018-12-12,9,0.3622222222222222,3.2600000000000002,0.64,9,-0.6802106785137823,0.04377524240435622
14209710,2018-12-13,9,0.5188888888888888,4.67,0.86,9,-0.35355339059327434,0.3506166628202066
14209710,2018-12-14,9,0.3811111111111111,3.43,0.79,9,-0.7758060507910443,0.013997897943661646
14209710,2018-12-15,9,0.26,2.34,0.54,9,-0.6558432718000962,0.0551055471077199
14209710,2018-12-16,9,0.17,1.53,0.4,9,-0.6564399050531098,0.05480808584486513
14209710,2018-12-17,9,0.23555555555555557,2.12,0.49,9,-0.4740686638326642,0.19731624651429217
14209710,2018-12-18,9,0.3977777777777778,3.58,0.71,9,0.9730761569083775,1.027054417763478e-5
14209710,2018-12-20,9,0.1511111111111111,1.36,0.44,9,-0.1889822365046136,0.6262832660486098
14209710,2018-12-21,9,0.5366666666666666,4.83,0.94,9,-0.624512797119669,0.07219022142861299
14209710,2018-12-22,9,0.24222222222222223,2.18,0.43,9,-0.7115124735378846,0.03158350418685496
14209710,2018-12-23,9,0.2788888888888889,2.5100000000000002,0.55,9,-0.7351470441147067,0.02402131090715701
14209710,2018-12-24,9,0.2688888888888889,2.42,0.45,9,-0.95121103421425,8.051566506207542e-5
14209710,2018-12-25,9,0.42777777777777776,3.85,0.73,9,-0.5715005715008621,0.10793106535346227
14209710,2018-12-26,9,0.24444444444444444,2.2,0.51,9,-0.4716211091418983,0.19996475274179284
14209710,2018-12-27,9,0.5055555555555555,4.55,0.83,9,-0.5300591737990805,0.14213343823680774
14209710,2018-12-28,9,0.19666666666666668,1.77,0.39,9,-0.7500000000000022,0.019942126131991936
14209710,2018-12-29,9,0.2588888888888889,2.33,0.47,9,-0.8271586246562552,0.00594260456064486
14209710,2018-12-30,9,0.5,4.5,0.88,9,-0.8000000000000014,0.009627924725379594
14209710,2018-12-31,9,0.7311111111111112,6.58,1.23,9,-0.8029550685469663,0.009167452294336156
14209710,2019-01-01,9,0.7022222222222222,6.32,1.18,9,NA,NA
14209710,2019-01-02,9,0.49666666666666665,4.47,0.88,9,-0.975259804997006,7.655178233415632e-6
14209710,2019-01-03,9,0.17222222222222222,1.55,0.29,9,-0.9381138702193895,1.8267942081204687e-4
14209710,2019-01-04,9,0.32666666666666666,2.94,0.59,9,-0.84737196368198,0.003926358199093897
14209710,2019-01-05,9,0.2733333333333333,2.46,0.42,9,-0.6666666666666664,0.0498672305688852
14209710,2019-01-06,9,0.23777777777777778,2.14,0.39,9,-0.26726124191242356,0.48691543388167013
14209710,2019-01-07,9,0.5111111111111111,4.6,0.92,9,-0.20044593143431463,0.6050811581007742
14209710,2019-01-08,9,0.22777777777777777,2.05,0.39,9,-0.7368127554620826,0.02353871298292547
14209710,2019-01-09,9,0.1988888888888889,1.79,0.35,9,-0.8261527758779921,0.006058210468875419
14209710,2019-01-10,9,0.4266666666666667,3.8400000000000003,0.73,9,-0.5281619138643886,0.1438338403455751
14209710,2019-01-11,9,0.44666666666666666,4.02,0.82,9,-0.6992342750670719,0.03606009007484572
14209710,2019-01-12,9,0.7155555555555556,6.44,1.28,9,-0.7127180599416804,0.03116460638115488
14209710,2019-01-13,9,0.8711111111111112,7.84,1.44,9,-0.3441236008058411,0.3645049418998067
14209710,2019-01-14,9,0.8833333333333333,7.95,1.47,9,-0.46291004988627626,0.2095509942211688
14209710,2019-01-15,9,0.46555555555555556,4.19,0.72,9,-0.8022792961955691,0.009271411550035406
14209710,2019-01-16,9,0.3788888888888889,3.41,0.69,9,-0.858357711992251,0.0030573162941813204
14209710,2019-01-17,9,0.25,2.25,0.53,9,-0.8081535083665886,0.008393958071027462
14209710,2019-01-18,9,0.18777777777777777,1.69,0.39,9,-0.7749130248475858,0.014180636659424704
14209710,2019-01-19,9,0.36444444444444446,3.28,0.61,9,-0.8546867367576354,0.003331194054189607
14209710,2019-01-20,9,0.2088888888888889,1.8800000000000001,0.42,9,-0.22941573387056274,0.5526540043964061
14209710,2019-01-21,9,0.5744444444444444,5.17,0.94,9,-0.36860489038724276,0.3289933105840347
14209710,2019-01-22,9,0.17444444444444446,1.57,0.28,9,-0.8018632638284109,0.00933580762069056
14209710,2019-01-23,9,0.4822222222222222,4.34,0.85,9,-0.8735010201814666,0.0020901853244930275
14209710,2019-01-24,9,0.6077777777777778,5.47,0.93,9,-0.5499999999999977,0.12497678418833372
14209710,2019-01-25,9,0.7666666666666667,6.9,1.26,9,-0.5121475197315811,0.15865959315223702
14209710,2019-01-26,9,0.7211111111111111,6.49,1.18,9,-0.8104201266400285,0.008071008180493347
14209710,2019-01-27,9,0.7077777777777778,6.37,1.1,9,-0.8847318316344691,0.0015269291497234463
14209710,2019-01-28,9,0.8044444444444444,7.24,1.17,9,-0.8433144066296332,0.004286061348300036
14209710,2019-01-29,9,1.0933333333333333,9.84,1.69,9,-0.804598357333669,0.008917946641932017
14209710,2019-01-30,9,1.0844444444444445,9.76,1.69,9,-0.8364760220474936,0.004942306253155831
14209710,2019-01-31,9,1.031111111111111,9.28,1.63,9,-0.893569579634019,0.001165337106860378
14209710,2019-02-01,9,0.34888888888888886,3.14,0.62,9,-0.9402143246039572,1.6222193980544784e-4
14209710,2019-02-02,10,0.619,6.19,1.08,10,-0.7801359552104438,0.007765421766463057
14209710,2019-02-03,10,0.501,5.01,0.92,10,-0.03243766496989419,0.9291172222723795
14209710,2019-02-04,10,0.47100000000000003,4.71,0.87,10,-0.959403223600247,1.1314314660269634e-5
14209710,2019-02-05,11,0.6154545454545455,6.7700000000000005,1.45,11,0.17716157860724716,0.6022826749625402
14209710,2019-02-06,11,0.71,7.81,1.25,11,-0.4418380123012282,0.17364242019975684
14209710,2019-02-07,11,0.7990909090909091,8.790000000000001,1.5,11,-0.6984347184398191,0.016818813435561113
14209710,2019-02-08,11,0.4827272727272727,5.3100000000000005,0.89,11,-0.811858566329768,0.00240608116156454
14209710,2019-02-09,11,0.4909090909090909,5.3999999999999995,0.85,11,NA,NA
14209710,2019-02-10,11,0.65,7.15,1.28,11,-0.645039262462529,0.032109663803053086
14209710,2019-02-11,11,0.16636363636363638,1.83,0.32,11,-0.5973135425421254,0.05232654656508368
14209710,2019-02-12,11,0.24363636363636362,2.68,0.42,11,-0.9408738028033805,1.596782825467937e-5
14209710,2019-02-13,11,0.64,7.04,1.12,11,-0.9084691128350627,1.087822489068378e-4
14209710,2019-02-14,11,0.31545454545454543,3.47,0.65,11,-0.8631953155108453,6.202345757292387e-4
14209710,2019-02-15,11,0.46454545454545454,5.11,1.12,11,-0.7598136119136424,0.006659621938449173
14209710,2019-02-16,11,0.38,4.18,0.63,11,0.02355550844458858,0.9451933292587371
14209710,2019-02-17,11,0.72,7.92,1.23,11,-0.7924629837334841,0.003631167037090307
14209710,2019-02-18,11,0.6472727272727273,7.12,1.09,11,-0.6227946515717793,0.040686508195992496
14209710,2019-02-19,11,0.37727272727272726,4.15,0.7,11,-0.6498298164498247,0.030443995199666056
14209710,2019-02-20,11,0.7145454545454546,7.86,1.36,11,-0.6805054741812717,0.021187458015288464
14209710,2019-02-21,11,1.0554545454545454,11.61,1.78,11,-0.8273853754023068,0.001672346121811195
14209710,2019-02-22,11,0.48636363636363633,5.35,0.86,11,-0.8053632128558608,0.0027752061704597627
14209710,2019-02-23,11,0.600909090909091,6.61,1.01,11,-0.8692189757378656,5.110866990684609e-4
14209710,2019-02-24,11,0.6754545454545454,7.43,1.25,11,-0.3179656241215311,0.3406441401235486
14209710,2019-02-25,11,0.5590909090909091,6.15,1.07,11,-0.8870774326246988,2.711368934734463e-4
14209710,2019-02-26,11,1.0618181818181818,11.68,1.9,11,-0.7050554633700725,0.015382800317093853
14209710,2019-02-27,11,0.5763636363636364,6.34,1.12,11,-0.7440418619179138,0.008648605479982153
14209710,2019-02-28,11,0.7363636363636363,8.1,1.3,11,-0.9439061357761244,1.2655584832396115e-5
14209710,2019-03-01,11,1.0118181818181817,11.129999999999999,1.9,11,-0.9165381240394818,7.267528735935385e-5
14209710,2019-03-02,11,1.4172727272727272,15.59,2.32,11,-0.8966036845008428,1.849780426371766e-4
14209710,2019-03-03,11,1.4918181818181817,16.41,2.42,11,-0.7653593398745351,0.006047508952700501
14209710,2019-03-04,11,1.5018181818181817,16.52,2.42,11,-0.9303984130348897,3.2760316823151425e-5
14209710,2019-03-05,11,1.2954545454545454,14.25,2.27,11,-0.9685746023243389,9.672107089091896e-7
14209710,2019-03-06,11,0.4772727272727273,5.25,0.87,11,-0.8762224429497847,4.031838279278742e-4
14209710,2019-03-07,11,0.8427272727272728,9.27,1.42,11,-0.8692392701333262,5.107455016914889e-4
14209710,2019-03-08,11,0.6772727272727272,7.45,1.22,11,-0.8347491770654305,0.001389979691035431
14209710,2019-03-09,11,1.1409090909090909,12.55,1.81,11,-0.8993649685459436,1.6443852076456687e-4
14209710,2019-03-11,12,1.295,15.54,2.43,12,-0.9632953440047695,4.932889410050959e-7
14209710,2019-03-12,12,0.9341666666666667,11.21,1.82,12,-0.5383716530631925,0.07095056285758819
14209710,2019-03-13,12,0.9791666666666666,11.75,1.92,12,-0.5983424623051337,0.03985150197043663
14209710,2019-03-15,12,1.3891666666666667,16.67,2.41,12,-0.9348332290532267,8.291216922229535e-6
14209710,2019-03-16,12,1.1475,13.77,2.09,12,-0.8890731501826068,1.0949735134875924e-4
14209710,2019-03-17,12,1.5533333333333335,18.64,2.62,12,-0.9624236184739039,5.538987156283768e-7
14209710,2019-03-18,12,1.5766666666666667,18.92,2.66,12,-0.9719331195072407,1.3085686771337653e-7
14209710,2019-03-19,13,1.2892307692307692,16.76,2.4,13,-0.9515079758932181,5.724840453604536e-7
14209710,2019-03-20,13,1.273076923076923,16.55,2.54,13,-0.8762173288496745,8.546963816647666e-5
14209710,2019-03-21,13,0.6207692307692307,8.07,1.24,13,-0.6545031485717326,0.015210854827184692
14209710,2019-03-22,13,0.5453846153846154,7.09,1.25,13,-0.8413157369772102,3.12324119249539e-4
14209710,2019-03-23,13,0.9561538461538461,12.43,1.78,13,-0.8246872910015335,5.223400105986567e-4
14209710,2019-03-24,13,1.2723076923076924,16.54,2.49,13,-0.8272867270227701,4.836975868092501e-4
14209710,2019-03-25,13,0.3392307692307692,4.41,0.67,13,-0.5932279905514283,0.032590006294612256
14209710,2019-03-26,13,1.4223076923076923,18.49,2.51,13,-0.9409518536108565,1.6569064745980594e-6
14209710,2019-03-27,13,0.4115384615384615,5.35,0.73,13,0.019939475850708682,0.9484493310155493
14209710,2019-03-28,13,1.2515384615384615,16.27,2.42,13,-0.9222554283741282,7.252223623751089e-6
14209710,2019-03-29,13,1.1930769230769231,15.51,2.18,13,-0.7419016491976409,0.0036911406299186076
14209710,2019-03-30,13,1.5769230769230769,20.5,2.82,13,-0.9264103848515132,5.405245071908059e-6
14209710,2019-03-31,13,1.3623076923076922,17.71,2.43,13,-0.9227888234940684,6.99006666096903e-6
14209710,2019-04-01,13,0.8838461538461538,11.49,1.7,13,-0.8699839463430332,1.1059813312613405e-4
14209710,2019-04-02,13,0.6276923076923077,8.16,1.12,13,-0.007996162762591059,0.9793167151553747
14209710,2019-04-03,13,0.79,10.27,1.6,13,-0.6453231158101729,0.017220353257184795
14209710,2019-04-04,13,0.7076923076923077,9.2,1.15,13,-0.9164248913162176,1.0671695642809236e-5
14209710,2019-04-05,13,0.6192307692307693,8.05,1.51,13,-0.11944444444444331,0.6975235642207325
14209710,2019-04-06,13,1.0076923076923077,13.1,1.9,13,-0.49318459721630387,0.08679471066410524
14209710,2019-04-07,13,0.4330769230769231,5.63,0.94,13,-0.9816640616761667,2.8840604487918074e-9
14209710,2019-04-08,13,0.6538461538461539,8.5,1.31,13,-0.27700143727650106,0.3595512202568666
14209710,2019-04-09,13,0.9484615384615385,12.33,1.86,13,-0.8833302155227236,6.260660215120369e-5
14209710,2019-04-10,13,0.5538461538461539,7.2,0.94,13,-0.9870463425042072,4.3099544087492725e-10
14209710,2019-04-11,13,0.63,8.19,1.1,13,-0.9602947857550631,1.93922974265003e-7
14209710,2019-04-12,14,0.9914285714285714,13.88,1.94,14,-0.992728135293956,2.1017915072502515e-12
14209710,2019-04-13,14,0.4207142857142857,5.89,1.02,14,-0.9038769075777339,9.231596357891262e-6
14209710,2019-04-14,14,0.8114285714285714,11.36,1.82,14,-0.9760889237010703,2.5628859196550343e-9
14209710,2019-04-15,14,0.6885714285714286,9.64,1.35,14,-0.9569342942013899,8.391908898239923e-8
14209710,2019-04-16,14,0.8328571428571429,11.66,1.7,14,-0.9489069234919199,2.2994964129974486e-7
14209710,2019-04-17,14,1.02,14.280000000000001,1.84,14,-0.969970479070371,9.923618090982126e-9
14209710,2019-04-18,14,1.3442857142857143,18.82,2.58,14,-0.9911377458386481,6.862704967261755e-12
14209710,2019-04-19,14,0.6021428571428571,8.43,1.38,14,-0.961780185123498,4.143673885970905e-8
14209710,2019-04-20,14,1.0257142857142858,14.36,2.15,14,-0.8468515445688608,1.3280136852107034e-4
14209710,2019-04-21,14,0.9942857142857143,13.92,1.94,14,-0.9599076033384171,5.4986535110184185e-8
14209710,2019-04-22,14,1.0757142857142856,15.06,2.17,14,-0.984136597212216,2.2236220091586464e-10
14209710,2019-04-23,14,0.8957142857142857,12.540000000000001,1.65,14,-0.8695235028618729,5.346308402835205e-5
14209710,2019-04-24,14,1.8728571428571428,26.22,3.28,14,-0.9738575902048573,4.3562329226550435e-9
14209710,2019-04-25,14,1.5871428571428572,22.22,2.94,14,-0.9788155684300013,1.2467964765035916e-9
14209710,2019-04-26,14,1.875,26.25,3.27,14,-0.9445009055380773,3.741002421743111e-7
14209710,2019-04-27,14,1.3992857142857142,19.59,2.46,14,-0.8365580699906601,1.916457865931082e-4
14209710,2019-04-28,14,1.9892857142857143,27.849999999999998,3.34,14,-0.9772345779027006,1.913660093857914e-9
14209710,2019-04-29,14,1.8928571428571428,26.5,3.29,14,-0.9581768754873258,7.059048121606447e-8
14209710,2019-04-30,14,1.9592857142857143,27.43,3.29,14,-0.9777480864850526,1.6706938869754847e-9
14209710,2019-05-01,14,2.0107142857142857,28.15,3.34,14,-0.9657669166122934,2.158210675551428e-8
14209710,2019-05-02,14,1.615,22.61,3.05,14,-0.9463645716007972,3.060239340453186e-7
14209710,2019-05-03,14,1.85,25.9,3.21,14,-0.9802552192325216,8.198968177335101e-10
14209710,2019-05-04,14,1.9042857142857144,26.66,3.25,14,-0.9570472961476332,8.262688065449076e-8
14209710,2019-05-05,14,1.9207142857142856,26.89,3.3,14,-0.9706308791791837,8.696552581278332e-9
14209710,2019-05-06,15,1.8619999999999999,27.93,3.31,15,-0.9723506697682575,1.366130793721715e-9
14209710,2019-05-07,15,1.8126666666666666,27.189999999999998,3.26,15,-0.9275360403647269,6.426995636329403e-7
14209710,2019-05-08,15,1.7206666666666668,25.810000000000002,3.21,15,-0.9669581385161762,4.293503287388109e-9
14209710,2019-05-09,15,1.8920000000000001,28.38,3.35,15,-0.9501624997334516,5.961184413740794e-8
14209710,2019-05-10,15,1.9433333333333334,29.150000000000002,3.39,15,-0.9519133008420382,4.7449028881936296e-8
14209710,2019-05-11,15,1.7986666666666666,26.98,3.17,15,-0.9604953427694898,1.349954729827753e-8
14209710,2019-05-12,15,1.6153333333333333,24.23,3.1,15,-0.957524794848782,2.147139786220533e-8
14209710,2019-05-13,15,1.4653333333333334,21.98,2.97,15,-0.9354552319220832,3.0884258627249126e-7
14209710,2019-05-14,15,0.6993333333333334,10.49,1.35,15,-0.9376495096094349,2.479872936900726e-7
14209710,2019-05-15,15,0.634,9.51,1.52,15,-0.8618820215187387,3.613490693258993e-5
14209710,2019-05-16,15,0.5353333333333333,8.03,1.28,15,-0.041955048269481175,0.8819810106428776
14209710,2019-05-17,15,0.9253333333333333,13.88,1.94,15,-0.7958820155057329,3.8660873847372654e-4
14209710,2019-05-18,15,1.1,16.5,2.57,15,-0.9421905756481416,1.5338275111783463e-7
14209710,2019-05-19,15,0.9906666666666667,14.86,1.7,15,-0.48335017569511496,0.06795771587117114
14209710,2019-05-20,15,0.944,14.16,1.74,15,-0.21701135543121394,0.43722138073223793
14209710,2019-05-21,15,1.1446666666666667,17.169999999999998,2.1,15,-0.9737306186973347,9.826753918061393e-10
14209710,2019-05-22,15,1.268,19.02,2.4,15,-0.9507497536897894,5.527027334194516e-8
14209710,2019-05-23,15,1.556,23.34,2.94,15,-0.9755367130761955,6.211848050320514e-10
14209710,2019-05-24,15,0.9,13.5,1.81,15,-0.7473008747349891,0.0013637349901397618
14209710,2019-05-25,15,0.43733333333333335,6.56,0.98,15,-0.448129079765136,0.09388726769330807
14209710,2019-05-26,16,1.50125,24.02,3.15,16,-0.9564095421929225,7.1440171234978725e-9
14209710,2019-05-27,16,0.881875,14.11,1.79,16,-0.8950585023580393,2.8362272900720886e-6
14209710,2019-05-28,16,1.005,16.08,2.1,16,-0.8926061274684338,3.3116686910705443e-6
14209710,2019-05-29,16,1.64,26.24,3.08,16,-0.950957496625361,1.60648835771649e-8
14209710,2019-05-30,16,1.4793749999999999,23.669999999999998,3,16,-0.9426878278953496,4.67696263403007e-8
14209710,2019-05-31,16,1.74375,27.9,3.32,16,-0.9520968158098289,1.3669243774133951e-8
14209710,2019-06-01,16,1.838125,29.41,3.33,16,-0.9610638244384475,3.281489165712133e-9
14209710,2019-06-02,16,1.780625,28.49,3.46,16,-0.9574444418723498,6.054762323492682e-9
14209710,2019-06-03,16,1.85125,29.62,3.5,16,-0.9123638678456442,8.4219507679605e-7
14209710,2019-06-04,16,1.9625,31.4,3.49,16,-0.9498343992684433,1.876743424279837e-8
14209710,2019-06-06,16,1.196875,19.15,2.35,16,-0.6460783397669067,0.006853765355117998
14209710,2019-06-07,16,1.23125,19.7,2.46,16,-0.514500253770737,0.041441023343612424
14209710,2019-06-08,16,1.174375,18.79,2.03,16,-0.932185690213756,1.4764004003671917e-7
14209710,2019-06-09,16,1.90875,30.54,3.41,16,-0.9730696148269476,2.5654670952805327e-10
14209710,2019-06-10,16,1.885,30.16,3.37,16,-0.9681756845158482,8.149596350891872e-10
14209710,2019-06-11,16,1.918125,30.69,3.44,16,-0.9673334389838851,9.76278497853811e-10
14209710,2019-06-12,16,1.811875,28.99,3.32,16,-0.9679858447865951,8.491759563811994e-10
14209710,2019-06-13,16,1.840625,29.45,3.36,16,-0.9367515064274909,9.175965146093995e-8
14209710,2019-06-14,16,1.66875,26.7,3.06,16,-0.8886462288414967,4.220887897392648e-6
14209710,2019-06-15,16,1.685625,26.97,3.31,16,-0.9307697094987708,1.699682974795264e-7
14209710,2019-06-16,16,1.74,27.84,3.32,16,-0.938473506385495,7.598872386520938e-8
14209710,2019-06-17,16,1.795625,28.73,3.32,16,-0.9332873377593444,1.3203935022337448e-7
14209710,2019-06-18,16,1.459375,23.35,2.79,16,-0.7711839346613881,4.690288035255713e-4
14209710,2019-06-19,16,1.168125,18.69,2.25,16,-0.743975707312288,9.515764002616982e-4
14209710,2019-06-20,16,1.05875,16.94,1.84,16,-0.3917690361295292,0.13343078454780014
14209710,2019-06-21,16,1.16875,18.7,2.53,16,-0.5327749380178177,0.033601356206020554
14209710,2019-06-22,16,1.2975,20.76,2.81,16,-0.9564456392307401,7.103393429452231e-9
14209710,2019-06-23,16,1.020625,16.33,1.96,16,-0.880142450246406,6.901800645890097e-6
14209710,2019-06-24,16,1.55625,24.9,2.98,16,-0.9267380516856276,2.4986917217656536e-7
14209710,2019-06-25,16,1.16,18.56,2.08,16,-0.8404320334985212,4.5811740863086915e-5
14209710,2019-06-26,16,1.43,22.88,2.82,16,-0.8578243950869519,2.144030276676455e-5
14209710,2019-06-27,16,0.8625,13.8,1.71,16,-0.3998448902680294,0.12491029198267554
14209710,2019-06-28,16,1.480625,23.69,2.59,16,-0.9441695530203861,3.908967116825503e-8
14209710,2019-06-29,16,1.835,29.36,3.29,16,-0.957061289909877,6.440233069843003e-9
14209710,2019-06-30,16,1.8356249999999998,29.369999999999997,3.32,16,-0.9138572416825043,7.497657777632879e-7
14209710,2019-07-01,16,1.328125,21.25,2.37,16,-0.5759573572250551,0.019548842860652216
14209710,2019-07-02,16,0.725625,11.61,1.39,16,-0.4652596787905264,0.06936713883014416
14209710,2019-07-03,16,0.950625,15.21,1.59,16,-0.6047045601050703,0.01308380964958823
14209710,2019-07-04,16,1.561875,24.99,2.93,16,-0.9420001365065627,5.074836559997406e-8
14209710,2019-07-05,16,1.095625,17.53,2.15,16,-0.7804765169083198,3.6040439623942825e-4
14209710,2019-07-06,16,0.8406250000000001,13.450000000000001,2,16,-0.7214525301268323,0.0016071404534909446
14209710,2019-07-07,15,1.2566666666666666,18.85,2.17,15,-0.776619574881715,6.608012481735156e-4
14209710,2019-07-08,15,1.5573333333333332,23.36,2.76,15,-0.8796308026908247,1.5452907546544453e-5
14209710,2019-07-09,15,0.8266666666666667,12.4,1.86,15,-0.3817028755355172,0.16034530289705892
14209710,2019-07-10,15,0.8433333333333334,12.65,1.58,15,-0.7330899657305053,0.0018741417757375742
14209710,2019-07-11,15,1.3806666666666667,20.71,2.33,15,-0.8944240930733256,6.836910157912502e-6
14209710,2019-07-12,15,1.6926666666666668,25.39,2.97,15,-0.8736501765478017,2.086353356487136e-5
14209710,2019-07-13,15,1.4926666666666666,22.39,2.86,15,-0.8201250430148742,1.8092426621789474e-4
14209710,2019-07-14,15,1.9033333333333333,28.55,3.29,15,-0.843729931572056,7.700978076385572e-5
14209710,2019-07-15,15,0.9293333333333333,13.94,1.76,15,-0.2875712431173791,0.2986661259351002
14209710,2019-07-16,15,1.318,19.77,2.53,15,-0.8611341325603018,3.735532187521939e-5
14209710,2019-07-17,15,0.6986666666666667,10.48,1.22,15,-0.3066205559537883,0.26632820367056753
14209710,2019-07-18,15,1.3553333333333333,20.330000000000002,2.27,15,-0.7377158860419666,0.0016935180539740927
14209710,2019-07-19,15,1.6786666666666668,25.18,2.57,15,-0.8574401852652698,4.389495154556526e-5
14209710,2019-07-20,15,1.9766666666666666,29.65,3.39,15,-0.9011489771368786,4.53231688167861e-6
14209710,2019-07-21,15,1.9266666666666667,28.9,3.32,15,-0.8866311285993084,1.0652880016169508e-5
14209710,2019-07-22,15,1.9666666666666668,29.5,3.37,15,-0.8155347424102539,2.1062681316274057e-4
14209710,2019-07-23,15,1.218,18.27,2.26,15,-0.5810941638574855,0.023099127106644822
14209710,2019-07-25,15,1.876,28.14,3.34,15,-0.84820087564291,6.44956610217194e-5
14209710,2019-07-26,15,1.9000000000000001,28.5,3.27,15,-0.8137797256404268,2.2298959663759153e-4
14209710,2019-07-27,15,1.256,18.84,2.32,15,-0.4685666427759348,0.07811687223027165
14209710,2019-07-28,15,1.91,28.65,3.33,15,-0.8275591020139708,1.4015787422858324e-4
14209710,2019-07-29,15,1.7193333333333334,25.79,3.1,15,-0.7940891287629966,4.073242529233697e-4
14209710,2019-07-30,15,1.5393333333333334,23.09,3.14,15,-0.7305863059178259,0.001978167883133631
14209710,2019-07-31,15,1.8413333333333333,27.62,3.22,15,-0.7470531432836108,0.0013715493539154353
14209710,2019-08-01,15,1.8573333333333333,27.86,3.25,15,-0.7861550526910729,5.101735277544916e-4
14209710,2019-08-02,15,0.9593333333333334,14.39,1.91,15,-0.5583487502711392,0.030522752668097057
14209710,2019-08-03,15,1.78,26.7,3.2,15,-0.7711504460811591,7.623260942838797e-4
14209710,2019-08-04,15,1.77,26.55,3.15,15,-0.6906316778590361,0.004365158812189994
14209710,2019-08-05,15,1.6313333333333333,24.47,2.96,15,-0.6677537377129409,0.006521295537378559
14209710,2019-08-06,15,1.5373333333333334,23.06,3.02,15,-0.6254868377165695,0.012637581398634806
14209710,2019-08-07,15,0.982,14.73,2.1,15,-0.46386485423815066,0.08156385905359365
14209710,2019-08-08,15,0.6533333333333333,9.799999999999999,1.31,15,-0.11056140105303289,0.6948658403458807
14209710,2019-08-09,15,1.1606666666666667,17.41,2.13,15,-0.361351317958988,0.1857204262799728
14209710,2019-08-10,15,0.9466666666666667,14.2,2.05,15,0.10616862420694997,0.7064826874680509
14209710,2019-08-11,15,1.058,15.87,2.05,15,0.13758257432432744,0.6248672253689753
14209710,2019-08-12,15,1.63,24.45,2.99,15,-0.7689814841228922,8.059382766262223e-4
14209710,2019-08-13,14,1.8478571428571429,25.87,3.14,14,-0.6766128078035315,0.007875448532710588
14209710,2019-08-14,14,1.7035714285714285,23.85,2.98,14,-0.6180452574436969,0.018491449420343198
14209710,2019-08-15,14,1.5571428571428572,21.8,2.9,14,-0.5445854289458384,0.04405280701142731
14209710,2019-08-16,14,1.3407142857142857,18.77,2.55,14,-0.5060508291059032,0.06484588360511527
14209710,2019-08-17,14,0.9221428571428572,12.91,1.64,14,-0.18881539420449375,0.5179748150134101
14209710,2019-08-18,14,1.4935714285714285,20.91,2.81,14,-0.61739560396919,0.01865052309476237
14209710,2019-08-19,14,1.627857142857143,22.79,3.08,14,-0.5950351183679153,0.024785439599271396
14209710,2019-08-20,14,1.4042857142857144,19.66,2.74,14,-0.3688398528882851,0.1943753610018493
14209710,2019-08-21,14,0.5757142857142857,8.06,1.11,14,0.09850632964404235,0.7376029707200402
14209710,2019-08-22,14,1.4821428571428572,20.75,2.66,14,-0.4953484022192916,0.07168973027432998
14209710,2019-08-23,14,1.7,23.8,2.99,14,-0.585130310827865,0.02794050381357151
14209710,2019-08-24,14,1.4507142857142856,20.31,2.51,14,-0.4816029177025863,0.0812124541033222
14209710,2019-08-25,14,1.687142857142857,23.62,3.03,14,-0.38929650413923267,0.16887734702657625
14209710,2019-08-26,14,1.7650000000000001,24.71,3.07,14,-0.5801784076853538,0.029625877131784484
14209710,2019-08-27,14,1.7621428571428572,24.67,3.08,14,-0.5611018356471843,0.03683303058510316
14209710,2019-08-28,14,1.6135714285714287,22.59,2.91,14,-0.4382534830302278,0.11701263972948699
14209710,2019-08-29,14,1.032857142857143,14.46,2.22,14,0.20755061606067898,0.47646988534753343
14209710,2019-08-30,14,0.965,13.51,1.8,14,-0.4319681654490938,0.12297024352436299
14209710,2019-08-31,14,1.195,16.73,2.14,14,-0.481691923884288,0.08114807215600299
14209710,2019-09-01,13,1.4546153846153846,18.91,2.5,13,-0.4229479944979038,0.14988588782131768
14209710,2019-09-02,13,1.656153846153846,21.53,2.84,13,-0.5211200850495197,0.0678235634584813
14209710,2019-09-03,13,1.459230769230769,18.97,2.55,13,-0.4923721690012377,0.08739579252930864
14209710,2019-09-04,13,1.5092307692307692,19.62,2.87,13,-0.49210766167311076,0.08759210808441814
14209710,2019-09-05,13,1.35,17.55,2.63,13,-0.4862835621718415,0.09199203748429279
14209710,2019-09-06,13,1.1546153846153846,15.01,1.96,13,-0.3667963230420961,0.21765581606328172
14209710,2019-09-07,13,0.5130769230769231,6.67,1.02,13,-0.44835668761377057,0.12438666728440598
14209710,2019-09-08,13,0.6976923076923077,9.07,1.5,13,-0.14757601229806308,0.630425667375323
14209710,2019-09-09,13,0.8084615384615385,10.51,1.7,13,0.10837737865736854,0.7245176728582301
14209710,2019-09-10,13,0.9338461538461539,12.14,1.93,13,0.17149801429021777,0.5753305194638789
14209710,2019-09-11,13,1.19,15.469999999999999,2.4,13,-0.44600638644894147,0.12661448105035228
14209710,2019-09-12,13,1.5853846153846154,20.61,2.77,13,-0.6313448910049713,0.02065302178092494
14209710,2019-09-13,13,1.1246153846153846,14.62,2.21,13,-0.2705245284826445,0.37135159085448644
14209710,2019-09-14,13,1.156923076923077,15.04,2.02,13,-0.48688275546216786,0.09153250786975058
14209710,2019-09-15,13,0.37384615384615383,4.86,0.72,13,-0.38087753708926675,0.1991534762580896
14209710,2019-09-16,12,1.0775,12.93,2.07,12,0.2070778467312383,0.5184293478180534
14209710,2019-09-17,12,0.49833333333333335,5.98,1.06,12,0.4760271779995374,0.11773279616337119
14209710,2019-09-18,12,0.9975,11.97,1.86,12,-0.272149326910622,0.39214152466858243
14209710,2019-09-19,12,0.9841666666666666,11.81,1.72,12,0.23857783544778116,0.4552118308127796
14209710,2019-09-20,12,0.7408333333333333,8.89,1.16,12,0.289543769691618,0.3613264892791592
14209710,2019-09-21,12,1.0591666666666666,12.71,1.76,12,-0.37772731685771055,0.22606650618942084
14209710,2019-09-22,12,0.455,5.46,0.79,12,0.04940374787052846,0.8788152532544191
14209710,2019-09-23,12,0.9041666666666667,10.85,1.56,12,-0.0019814726637435694,0.9951237451437016
14209710,2019-09-24,12,1.1608333333333334,13.93,2.02,12,-0.23561191715395935,0.4610028240676688
14209710,2019-09-25,12,1.4833333333333332,17.8,2.51,12,-0.40191752147910126,0.19527649360176577
14209710,2019-09-27,12,0.8216666666666667,9.86,1.55,12,-0.17794798660942934,0.5800513186361119
14209710,2019-09-28,12,0.9583333333333334,11.5,1.74,12,-0.06639400022069866,0.8375650548525561
14209710,2019-09-29,12,0.5016666666666667,6.0200000000000005,1.04,12,0.3943878821181101,0.20456700706866116
14209710,2019-09-30,12,1.2833333333333334,15.4,2.35,12,-0.20274961706894765,0.5274013551884582
14209710,2019-10-01,12,1.4391666666666667,17.27,2.47,12,-0.43494513200986146,0.15763495818789725
14209710,2019-10-02,12,0.7816666666666666,9.38,1.62,12,-0.5437055609210016,0.06766572886303406
14209710,2019-10-03,12,0.6225,7.47,1.25,12,-0.5486268348619141,0.06472944574190007
14209710,2019-10-04,12,0.7708333333333334,9.25,1.35,12,0.3603436124382122,0.24988524529479803
14209710,2019-10-05,12,1.0125,12.15,1.81,12,-0.44946263455332763,0.14267196532069581
14209710,2019-10-06,12,1.3491666666666666,16.19,2.34,12,-0.722285913572745,0.007978225197819188
14209710,2019-10-07,12,0.7408333333333333,8.89,1.42,12,-0.6225413470228774,0.030619171386727127
14209710,2019-10-08,12,0.7008333333333333,8.41,1.3,12,0.05274077725753476,0.870688409851442
14209710,2019-10-09,12,1.2725,15.27,2.29,12,-0.2830773818558114,0.3726291236324264
14209710,2019-10-10,12,1.3383333333333334,16.06,2.33,12,-0.4933837626798604,0.10309767792519264
14209710,2019-10-11,12,1.2716666666666665,15.26,2.28,12,-0.6759672262243567,0.01581542313841133
14209710,2019-10-12,12,0.7908333333333334,9.49,1.45,12,-0.6078095030233791,0.03603196861183922
14209710,2019-10-13,12,0.7416666666666667,8.9,1.75,12,-0.3810454368311892,0.2216809807598995
14209710,2019-10-14,12,1.1641666666666666,13.97,2.14,12,-0.44224971061624413,0.1499868402265723
14209710,2019-10-15,12,0.5125,6.15,1.24,12,-0.38492657883705755,0.2166167744110446
14209710,2019-10-16,11,0.22818181818181818,2.51,0.42,11,0.21027731408936837,0.5348609499766444
14209710,2019-10-17,12,0.5033333333333333,6.04,0.93,12,0.052154890801980665,0.8721144403789018
14209710,2019-10-18,11,0.5218181818181818,5.74,0.91,11,0.05254657997687229,0.8780538366102979
14209710,2019-10-19,10,0.714,7.14,1.18,10,0.12422599874999174,0.7324105268978127
14209710,2019-10-20,10,0.40700000000000003,4.07,0.76,10,-0.4670351626044423,0.17355304361890111
14209710,2019-10-21,10,0.395,3.95,0.72,10,-0.457055660057509,0.18417434100591568
14209710,2019-10-22,10,1.035,10.35,1.64,10,-0.3011816903693466,0.39774580551158933
14209710,2019-10-23,10,1.119,11.19,1.79,10,-0.3050503312995305,0.3914080406612396
14209710,2019-10-24,10,1.214,12.14,1.9,10,-0.7030556525055035,0.023330782606345395
14209710,2019-10-25,10,0.645,6.45,1.08,10,-0.5786386080559353,0.07968399645268466
14209710,2019-10-26,10,0.929,9.290000000000001,1.45,10,0.27158557244947257,0.4478209445987409
14209710,2019-10-27,10,1.245,12.45,1.98,10,-0.55638605649084,0.0948528705574075
14209710,2019-10-28,10,1.1560000000000001,11.56,1.87,10,-0.47479006680852615,0.16555712232380412
14209710,2019-10-29,10,1.274,12.74,2.02,10,-0.7570850202429141,0.011226700561933603
14209710,2019-10-30,10,1.201,12.01,1.92,10,-0.8308716479108739,0.002903126655570947
14209710,2019-10-31,10,1.058,10.58,1.75,10,-0.653245554001668,0.04054605073010535
14209710,2019-11-01,10,1.138,11.38,1.84,10,-0.7978528539489095,0.005678291687726435
14209710,2019-11-02,10,1.127,11.27,1.84,10,-0.8438923911629553,0.002142442668748091
14209710,2019-11-04,10,0.9640000000000001,9.64,1.6,10,-0.7494287393191527,0.012582827054131072
14209710,2019-11-05,10,0.714,7.14,1.18,10,-0.6794332136551802,0.03069361330394778
14209710,2019-11-06,10,0.9420000000000001,9.42,1.64,10,-0.8201564190579129,0.003661149371493953
14209710,2019-11-07,10,0.894,8.94,1.55,10,-0.7008676383049922,0.02395547602801435
14209710,2019-11-08,10,0.846,8.46,1.45,10,-0.6479104152096842,0.04278509712001153
14209710,2019-11-09,10,0.40199999999999997,4.02,0.71,10,-0.6574714059235051,0.03882953361882212
14209710,2019-11-10,10,0.47400000000000003,4.74,0.85,10,-0.40420761994750887,0.24664947067570406
14209710,2019-11-11,10,0.837,8.370000000000001,1.52,10,-0.6238115864313468,0.05393230886821317
14209710,2019-11-12,10,0.343,3.43,0.68,10,-0.05460324724245955,0.880910885862635
14209710,2019-11-13,10,0.762,7.62,1.31,10,-0.521791081924124,0.12187510772556169
14209710,2019-11-14,10,0.605,6.05,1.12,10,-0.38133584838710444,0.2769134117042695
14209710,2019-11-15,10,0.307,3.07,0.6,10,0.24848395479607466,0.4887779192410998
14209710,2019-11-16,10,0.53,5.3,0.99,10,-0.29930539767018316,0.4008372628448694
14209710,2019-11-17,10,0.361,3.61,0.6,10,-0.11048653555575594,0.7612395243074077
14209710,2019-11-19,10,0.32,3.2,0.62,10,0.5424836601307161,0.1052007746171755
14209710,2019-11-20,10,0.86,8.6,1.53,10,-0.5429420744947722,0.10484870499837717
14209710,2019-11-21,10,0.876,8.76,1.53,10,-0.31105234011661226,0.3816729909502321
14209710,2019-11-22,10,0.848,8.48,1.5,10,-0.10633604493705237,0.7700023101771705
14209710,2019-11-23,10,0.659,6.59,1.27,10,-0.43105050009322593,0.2136087583921136
14209710,2019-11-24,10,0.52,5.2,0.94,10,-0.3826371249830481,0.27513994550412196
14209710,2019-11-25,10,0.461,4.61,0.88,10,-0.1073000903338364,0.7679648273471797
14209710,2019-11-26,10,0.149,1.49,0.25,10,-0.5341284965347658,0.11174865147430114
14209710,2019-11-27,10,0.426,4.26,0.94,10,0.5,0.14111328125000003
14209710,2019-11-28,10,0.748,7.48,1.32,10,-0.5132136953513257,0.1292402603355239
14209710,2019-11-29,10,0.782,7.819999999999999,1.42,10,-0.2588158533262892,0.4702649615607011
14209710,2019-11-30,10,0.595,5.95,1.18,10,-0.517451107310584,0.12556823538011483
14209710,2019-12-01,9,0.38,3.42,0.67,9,-0.737563556583431,0.02332329359682516
14209710,2019-12-02,9,0.8077777777777778,7.27,1.33,9,-0.4824785087750232,0.18836648878500742
14209710,2019-12-03,9,0.5366666666666666,4.83,0.92,9,-0.5475393308059056,0.12702344732635062
14209710,2019-12-04,9,0.46555555555555556,4.19,0.95,9,-0.5693062586566451,0.10960219084226135
14209710,2019-12-05,9,0.48444444444444446,4.36,0.79,9,-0.29146712183352547,0.4466731001256806
14209710,2019-12-06,9,0.24444444444444444,2.2,0.44,9,-0.6288255778656989,0.069665155187243
14209710,2019-12-07,9,0.2677777777777778,2.41,0.57,9,-0.45291081365784014,0.22086195060499958
14209710,2019-12-08,9,0.33555555555555555,3.02,0.64,9,0.11205982902577419,0.7740890159341907
14209710,2019-12-09,9,0.5355555555555556,4.82,0.96,9,-0.08333333333333062,0.8312140977103134
14209710,2019-12-10,9,0.16777777777777778,1.51,0.34,9,-0.28673733596251416,0.45441961316530355
14209710,2019-12-11,8,0.135,1.08,0.21,8,-0.2590061718619576,0.535645353067906
14209710,2019-12-12,9,0.27444444444444444,2.47,0.48,9,0.4135850959342563,0.26849846743370287
14209710,2019-12-13,9,0.4211111111111111,3.79,0.73,9,-0.7559289460184536,0.01845152851301607
14209710,2019-12-14,9,0.22222222222222224,2,0.37,9,0.1417366773784588,0.7160466945126852
14209710,2019-12-15,9,0.4166666666666667,3.75,0.73,9,0.03706246583305622,0.9245833386539568
14209710,2019-12-16,9,0.5133333333333333,4.62,0.85,9,-0.05954913341754248,0.8790454182209819
14209710,2019-12-17,9,0.3522222222222222,3.17,0.63,9,-0.5089152179379558,0.1617547211230496
14209710,2019-12-18,9,0.2833333333333333,2.55,0.58,9,-0.5017452060042545,0.16874376989593703
14209710,2019-12-19,9,0.12,1.08,0.26,9,-0.7657148413352317,0.016156505469409603
14209710,2019-12-20,9,0.11777777777777777,1.06,0.2,9,-0.9173624815321777,4.92310503963537e-4
14209710,2019-12-21,9,0.12444444444444444,1.12,0.25,9,-0.3031695312954196,0.427757997439264
14209710,2019-12-22,9,0.16222222222222224,1.46,0.27,9,NA,NA
14209710,2019-12-23,9,0.43333333333333335,3.9,0.71,9,0.6002450479987803,0.08745934260808043
14209710,2019-12-24,9,0.3111111111111111,2.8,0.51,9,-0.42020903161652984,0.26012600404433095
14209710,2019-12-25,9,0.2688888888888889,2.42,0.47,9,-0.11633609635079219,0.7656587567861471
14209710,2019-12-26,9,0.6044444444444445,5.44,1.06,9,-0.20739033894608558,0.5923593729422382
14209710,2019-12-27,9,0.29555555555555557,2.66,0.52,9,-0.29885470109751033,0.4346901798882915
14209710,2019-12-28,9,0.38666666666666666,3.48,0.75,9,-0.529571956409539,0.14256897136578006
14209710,2019-12-29,9,0.36444444444444446,3.2800000000000002,0.61,9,-0.2142879896486147,0.5798176448134783
14209710,2019-12-30,9,0.40555555555555556,3.65,0.69,9,-0.4239699874481523,0.2554346677419289
14209710,2019-12-31,9,0.14777777777777779,1.33,0.3,9,-0.7429020485159298,0.02182897611003665
14209710,2020-01-01,9,0.3977777777777778,3.58,0.75,9,NA,NA
14209710,2020-01-02,9,0.23333333333333334,2.1,0.41,9,-0.6250000000000033,0.07190215419661908
14209710,2020-01-03,9,0.44222222222222224,3.98,0.82,9,-0.426918039603839,0.2517890490987368
14209710,2020-01-04,9,0.43,3.87,0.73,9,-0.07343418693076008,0.8510717424931667
14209710,2020-01-05,9,0.36777777777777776,3.31,0.64,9,0.508000508000762,0.16263688311923707
14209710,2020-01-06,9,0.21,1.8900000000000001,0.42,9,-0.8506730149201011,0.0036494458474394744
14209710,2020-01-07,9,0.2966666666666667,2.67,0.53,9,-0.7757005934175712,0.014019394985174448
14209710,2020-01-08,9,0.22666666666666668,2.04,0.45,9,0.4252100321353808,0.2538978031314543
14209710,2020-01-09,9,0.3711111111111111,3.34,0.6,9,-0.4000661320993154,0.28601798420207863
14209710,2020-01-10,9,0.23111111111111113,2.08,0.43,9,-0.8436614877321078,0.004254443556394685
14209710,2020-01-11,9,0.33666666666666667,3.03,0.58,9,0.28867513459481264,0.4512388720016782
14209710,2020-01-12,9,0.34111111111111114,3.07,0.59,9,NA,NA
14209710,2020-01-13,9,0.20666666666666667,1.86,0.37,9,-0.7454342820849899,0.02114286451959849
14209710,2020-01-14,9,0.5555555555555556,5,0.95,9,0.4210526315789479,0.25906977485514554
14209710,2020-01-15,9,0.1411111111111111,1.27,0.27,9,-0.891337623249848,0.0012503123408378262
14209710,2020-01-16,9,0.5,4.5,0.8,9,-0.08546760083846329,0.8269432243557806
14209710,2020-01-17,9,0.30333333333333334,2.73,0.53,9,-0.2095139706465988,0.5884879063942754
14209710,2020-01-18,9,0.31444444444444447,2.83,0.54,9,-0.21756279999087907,0.5738969022470605
14209710,2020-01-19,9,0.6622222222222222,5.96,1.17,9,-0.8610280684269784,0.002868116723441458
14209710,2020-01-20,9,0.36,3.24,0.61,9,-0.8512161685008344,0.003605206745187998
14209710,2020-01-21,9,0.3666666666666667,3.3,0.64,9,-0.46928630935870425,0.20250963603801775
14209710,2020-01-22,9,0.19,1.71,0.36,9,-0.44901325506693607,0.2253594220415543
14209710,2020-01-23,9,0.1511111111111111,1.36,0.27,9,-0.8183170883849706,0.007011718600571937
14209710,2020-01-25,9,0.6344444444444445,5.71,1.05,9,-0.64937492099590155,0.05839636008100963
14209710,2020-01-26,9,0.6022222222222222,5.42,0.99,9,-0.7681533031116112,0.015615877912725513
14209710,2020-01-27,9,0.24555555555555555,2.21,0.53,9,-0.9612560313957651,3.6289244579406164e-5
14209710,2020-01-28,9,0.5133333333333333,4.62,0.84,9,NA,NA
14209710,2020-01-29,9,0.23777777777777778,2.14,0.37,9,-0.9583783306145423,4.649957744133063e-5
14209710,2020-01-30,9,0.7044444444444444,6.34,1.09,9,-0.9546687410108765,6.246430894185194e-5
14209710,2020-01-31,9,0.27666666666666667,2.49,0.46,9,-0.9108018916520276,6.390069522504453e-4
14209710,2020-02-01,9,0.32555555555555554,2.93,0.48,9,NA,NA
14209710,2020-02-02,9,0.8366666666666667,7.53,1.35,9,-0.6250000000000006,0.07190215419662072
14209710,2020-02-03,10,0.747,7.47,1.26,10,-0.1829132282549094,0.6129977229289496
14209710,2020-02-04,10,0.406,4.06,0.7,10,-0.9195414695577413,0.00016622861812909824
14209710,2020-02-05,11,0.2109090909090909,2.32,0.47,11,-0.9619819576265062,2.257137827078556e-6
14209710,2020-02-06,11,0.3509090909090909,3.86,0.68,11,-0.9029873243171117,1.4018415319701035e-4
14209710,2020-02-07,11,0.41909090909090907,4.61,0.76,11,-0.7265873349524832,0.011319883717156805
14209710,2020-02-08,11,0.5072727272727273,5.58,0.93,11,-0.8835618464799969,3.096140458599713e-4
14209710,2020-02-09,11,0.8009090909090909,8.81,1.45,11,-0.8922478409639243,2.2128141512601948e-4
14209710,2020-02-10,11,0.9609090909090909,10.57,1.74,11,-0.9693523051516689,8.650416440934028e-7
14209710,2020-02-11,11,0.5963636363636364,6.5600000000000005,1.12,11,-0.9500888217978347,7.550495666593486e-6
14209710,2020-02-12,11,0.6890909090909091,7.58,1.23,11,-0.7601980421824017,0.0066157848509486306
14209710,2020-02-13,11,0.38727272727272727,4.26,0.77,11,-0.7926480565446136,0.0036176564101789615
14209710,2020-02-14,11,0.6172727272727273,6.79,1.18,11,-0.45671363562446204,0.15790966912993057
14209710,2020-02-15,11,0.19363636363636363,2.13,0.33,11,NA,NA
14209710,2020-02-16,11,0.7536363636363637,8.29,1.36,11,-0.5642441902325436,0.0705810679864057
14209710,2020-02-17,11,0.7827272727272727,8.61,1.4,11,-0.6557926574207756,0.028456721063294985
14209710,2020-02-18,11,1.2236363636363636,13.459999999999999,2.13,11,-0.8107739591422873,0.002465012856973485
14209710,2020-02-19,11,1.2518181818181817,13.77,2.15,11,-0.912696082331923,8.848595118160773e-5
14209710,2020-02-20,11,1.1581818181818182,12.74,1.97,11,-0.9297112517015327,3.420655653586982e-5
14209710,2020-02-21,11,1.22,13.42,2.11,11,-0.9451659177946161,1.1446972349334313e-5
14209710,2020-02-22,11,0.8881818181818182,9.77,1.74,11,-0.9212239091437767,5.642474699324198e-5
14209710,2020-02-23,11,0.6754545454545454,7.43,1.25,11,0.7094260601532395,0.01448454250771568
14209710,2020-02-24,11,0.68,7.48,1.09,11,-0.7449586594270321,0.008522419248771368
14209710,2020-02-25,11,1.1427272727272728,12.57,2,11,-0.9168368167017914,7.154376254862788e-5
14209710,2020-02-26,11,0.9445454545454546,10.39,1.64,11,-0.9193847792698857,6.242992111453898e-5
14209710,2020-02-27,11,1.309090909090909,14.4,2.18,11,-0.8700173501439784,4.977935305259725e-4
14209710,2020-02-28,11,1.0472727272727274,11.52,1.86,11,-0.26000439944376763,0.4400358322291792
14209710,2020-02-29,11,0.7436363636363637,8.18,1.49,11,0.013095692814685547,0.969516583750956
14209710,2020-03-01,11,0.96,10.56,1.52,11,-0.8266919032847496,0.0017009873629924483
14209710,2020-03-02,11,0.4209090909090909,4.63,0.77,11,-0.601651181659743,0.050201413956270806
14209710,2020-03-03,11,0.8336363636363636,9.17,1.49,11,-0.9436650670385183,1.2897632762826416e-5
14209710,2020-03-04,11,1.3463636363636364,14.81,2.26,11,-0.8544703138060367,8.084591432389862e-4
14209710,2020-03-05,11,0.9445454545454545,10.389999999999999,1.48,11,-0.9348350634297479,2.4516293011416546e-5
14209710,2020-03-06,11,0.5318181818181819,5.85,0.98,11,-0.5652083204169184,0.06999579173086906
14209710,2020-03-07,11,0.7572727272727273,8.33,1.31,11,-0.8332489214460808,0.0014443649194557664
14209710,2020-03-09,11,1.5563636363636364,17.12,2.46,11,-0.9302952003833898,3.29744937104488e-5
14209710,2020-03-10,12,1.3933333333333333,16.72,2.43,12,-0.9876264271915622,2.237426079663074e-9
14209710,2020-03-11,12,1.1541666666666666,13.85,1.97,12,0.2708016483562378,0.3945832420609169
14209710,2020-03-12,12,1.47,17.64,2.54,12,-0.9439523867201245,3.963045485314547e-6
14209710,2020-03-13,12,0.6008333333333333,7.21,1.21,12,-0.22120301087202307,0.48962035897744693
14209710,2020-03-14,12,0.7533333333333333,9.04,1.44,12,-0.05628098067649016,0.8620793165045791
14209710,2020-03-15,12,1.4975,17.97,2.57,12,-0.27213271974246056,0.3921715664836568
14209710,2020-03-16,12,1.4858333333333333,17.830000000000002,2.61,12,-0.9474693378258972,2.8834144926692596e-6
14209710,2020-03-17,12,1.405,16.86,2.49,12,-0.8911327886790066,1.0006017712018587e-4
14209710,2020-03-18,13,1.2861538461538462,16.72,2.51,13,-0.8880501136484323,5.0357150722911744e-5
14209710,2020-03-19,13,1.4684615384615385,19.09,2.63,13,-0.8914325562564503,4.282521289441586e-5
14209710,2020-03-20,13,1.4692307692307693,19.1,2.68,13,-0.9721883105289664,2.8001561830497475e-8
14209710,2020-03-21,13,1.396153846153846,18.15,2.7,13,-0.9427763122700282,1.3991806497916508e-6
14209710,2020-03-22,13,1.4130769230769231,18.37,2.58,13,-0.8832903867321612,6.271926260341537e-5
14209710,2020-03-23,13,0.93,12.09,2.06,13,0.18474900701622235,0.5456826557497734
14209710,2020-03-24,13,0.7115384615384616,9.25,1.4,13,-0.7165747038125263,0.005853362118818284
14209710,2020-03-25,13,1.0707692307692307,13.92,2.12,13,-0.8443135721082522,2.8293472325998184e-4
14209710,2020-03-26,13,0.7476923076923077,9.72,1.37,13,-0.7631870401765138,0.002404394900103836
14209710,2020-03-27,13,0.5076923076923077,6.6,1,13,-0.8346613300945724,3.8624425966992575e-4
14209710,2020-03-28,13,0.5784615384615385,7.52,1.05,13,-0.8821417738269082,6.603882747452604e-5
14209710,2020-03-29,13,0.8338461538461538,10.84,1.58,13,-0.7267457602340692,0.004892347424185253
14209710,2020-03-30,13,0.7307692307692307,9.5,1.48,13,-0.9428865507997861,1.384716933174545e-6
14209710,2020-03-31,13,1.14,14.82,2.15,13,-0.6863293922583105,0.009580549725875433
14209710,2020-04-01,13,0.946923076923077,12.31,1.83,13,-0.9757796262635708,1.3180318758509701e-8
14209710,2020-04-02,13,1.1215384615384616,14.58,1.96,13,-0.7371679556096606,0.004038566688405908
14209710,2020-04-03,13,1.0307692307692309,13.4,1.96,13,-0.7991388519730711,0.0010474736982911412
14209710,2020-04-04,13,0.9776923076923076,12.709999999999999,1.94,13,-0.9552624964390651,3.7019669422276e-7
14209710,2020-04-05,13,1.3269230769230769,17.25,2.24,13,-0.9584044019644352,2.4954010741591987e-7
14209710,2020-04-06,13,1.19,15.47,2.31,13,-0.6386866658058835,0.0187921449176848
14209710,2020-04-07,13,1.5892307692307692,20.66,2.93,13,-0.9111972614035784,1.4746342774455232e-5
14209710,2020-04-08,13,1.8399999999999999,23.919999999999998,3.05,13,-0.9556384811137739,3.5366289122697683e-7
14209710,2020-04-09,13,1.8246153846153845,23.72,3.05,13,-0.9348311670343193,2.8164248574011634e-6
14209710,2020-04-10,13,1.6684615384615384,21.69,2.89,13,-0.35330594323538167,0.2363392829237282
14209710,2020-04-11,14,1.445,20.23,2.87,14,-0.958472950290429,6.768834129942203e-8
14209710,2020-04-12,14,1.8078571428571428,25.31,3.18,14,-0.9580344387179384,7.202292263931511e-8
14209710,2020-04-13,14,1.7692857142857144,24.77,3.18,14,-0.9237473264640791,2.4042400403677717e-6
14209710,2020-04-15,14,1.1407142857142858,15.97,2.16,14,-0.7814338617024859,9.647227308028846e-4
14209710,2020-04-16,14,1.8692857142857142,26.169999999999998,3.23,14,-0.9827069590481182,3.720248022266751e-10
14209710,2020-04-17,14,1.8757142857142857,26.26,3.25,14,-0.9514025162074953,1.7120318858922708e-7
14209710,2020-04-18,14,0.4942857142857143,6.92,1.05,14,-0.7810061936289632,9.751273632304428e-4
14209710,2020-04-19,14,1.1192857142857142,15.67,1.96,14,-0.9640317360281202,2.8926590086762693e-8
14209710,2020-04-20,14,1.755,24.57,3.15,14,-0.9297777463629711,1.486187526940626e-6
14209710,2020-04-21,14,0.8792857142857143,12.31,1.51,14,-0.9018223505705272,1.0432747714952358e-5
14209710,2020-04-22,14,0.5157142857142857,7.22,1.26,14,-0.7611337849890859,0.0015671296063164014
14209710,2020-04-23,14,0.9514285714285714,13.32,1.51,14,-0.5512014323649487,0.04104655153925507
14209710,2020-04-24,14,0.6385714285714286,8.94,1.16,14,-0.945134411032096,3.496837605523317e-7
14209710,2020-04-25,14,1.1492857142857142,16.09,2.43,14,-0.8815944288644445,3.068314038525254e-5
14209710,2020-04-26,14,1.3921428571428571,19.49,2.88,14,-0.9570676408268023,8.239599321860746e-8
14209710,2020-04-27,14,1.2142857142857142,17,2.3,14,-0.9021970816726003,1.0204610377098612e-5
14209710,2020-04-28,14,1.2778571428571428,17.89,2.14,14,-0.8397720557495163,1.713720599160159e-4
14209710,2020-04-30,14,1.4907142857142857,20.87,2.48,14,-0.8389129173391536,1.7661268138682165e-4
14209710,2020-05-01,14,1.005,14.07,1.92,14,-0.8001499224752544,5.889622560265378e-4
14209710,2020-05-02,14,0.665,9.31,1.23,14,-0.1487194764962899,0.611864418680746
14209710,2020-05-03,14,1.4892857142857143,20.85,2.62,14,-0.8321861278986323,2.2229854769069976e-4
14209710,2020-05-04,14,1.385,19.39,2.86,14,-0.971825166956019,6.796630921467184e-9
14209710,2020-05-05,15,1.578,23.67,2.9,15,-0.9300980925463774,5.118258216741769e-7
14209710,2020-05-06,15,1.5106666666666666,22.66,2.75,15,-0.6912611420449167,0.004315104647557914
14209710,2020-05-07,15,1.956,29.34,3.41,15,-0.9843978605671314,3.410492635862493e-11
14209710,2020-05-08,15,1.9313333333333333,28.97,3.37,15,-0.9709023715076127,1.897144713780292e-9
14209710,2020-05-09,15,1.6286666666666667,24.43,3.11,15,-0.891774229539556,7.979470776953476e-6
14209710,2020-05-10,15,1.6026666666666667,24.04,2.91,15,-0.853597057488908,5.1675960428723004e-5
14209710,2020-05-12,15,0.8413333333333334,12.62,1.71,15,-0.3373782387557894,0.2187872743594154
14209710,2020-05-13,15,1.0133333333333334,15.2,1.85,15,-0.8009527180248799,3.326284382123216e-4
14209710,2020-05-14,15,0.7353333333333333,11.03,1.46,15,-0.4707964631112639,0.07651908181499219
14209710,2020-05-15,15,1.3853333333333333,20.78,2.56,15,-0.9492045169204496,6.730824351496164e-8
14209710,2020-05-16,15,0.618,9.27,1.85,15,-0.8417447134995002,8.317464268276034e-5
14209710,2020-05-17,15,1.4186666666666667,21.28,2.46,15,-0.843263106511348,7.842440217733113e-5
14209710,2020-05-18,15,0.7506666666666667,11.26,1.42,15,-0.2509479819498324,0.3669729991226023
14209710,2020-05-19,15,0.814,12.209999999999999,1.37,15,-0.14596855203028675,0.6037026740528431
14209710,2020-05-20,15,0.616,9.24,1.1,15,-0.603985456787635,0.017103632614440985
14209710,2020-05-21,15,1.1493333333333333,17.240000000000002,2.24,15,-0.5560798328803662,0.031351404676348414
14209710,2020-05-22,15,1.218,18.27,2.49,15,-0.841431288047582,8.41841205268106e-5
14209710,2020-05-23,15,1.1786666666666668,17.68,2.03,15,-0.9317546226078475,4.397263406107532e-7
14209710,2020-05-24,15,1.6046666666666667,24.07,2.95,15,-0.9733199338650202,1.085853776204479e-9
14209710,2020-05-25,16,0.665625,10.65,1.61,16,-0.4445501574518462,0.08448378996754338
14209710,2020-05-26,16,1.240625,19.85,2.68,16,-0.9390350500637564,7.13726548220682e-8
14209710,2020-05-27,16,1.89375,30.3,3.44,16,-0.952359611364755,1.3162134837113929e-8
14209710,2020-05-28,16,1.830625,29.29,3.38,16,-0.9360823030094723,9.859738498525689e-8
14209710,2020-05-29,16,1.675625,26.81,3.28,16,-0.8672146386172028,1.3640617669598904e-5
14209710,2020-05-30,16,0.50375,8.06,1.09,16,-0.8821788381706704,6.15609268261367e-6
14209710,2020-05-31,16,1.099375,17.59,2.19,16,-0.7638710285391628,5.723403623973138e-4
14209710,2020-06-01,16,1.951875,31.23,3.49,16,-0.8970428648459244,2.4949729124406717e-6
14209710,2020-06-02,16,1.594375,25.51,2.93,16,-0.8942638883230757,2.983512164372594e-6
14209710,2020-06-03,16,1.6825,26.92,3.08,16,-0.8807608108799424,6.667731312199862e-6
14209710,2020-06-04,16,1.6,25.6,2.85,16,-0.9169316131999917,5.862360546300945e-7
14209710,2020-06-05,16,1.15375,18.46,2.18,16,-0.3938294731026409,0.13122002994024484
14209710,2020-06-06,16,0.916875,14.67,1.77,16,-0.5101782207498534,0.04348069251887927
14209710,2020-06-07,16,0.990625,15.85,1.82,16,-0.5122760576543178,0.042481494998465354
14209710,2020-06-08,16,0.959375,15.35,1.96,16,-0.6609230888096798,0.005312039002135666
14209710,2020-06-09,16,0.64875,10.38,1.52,16,-0.5677091991808881,0.021796931205792652
14209710,2020-06-10,16,1.2,19.2,2.45,16,-0.9466527680667084,2.8618171422203735e-8
14209710,2020-06-11,16,1.3525,21.64,2.76,16,-0.8380218183074472,5.053781272093021e-5
14209710,2020-06-12,16,0.63375,10.14,1.26,16,-0.7368060088771596,0.0011305676779539897
14209710,2020-06-13,16,0.775625,12.41,1.43,16,-0.42288588268642385,0.10268681978107888
14209710,2020-06-14,16,1.274375,20.39,2.36,16,-0.8259192329725817,8.088877517793523e-5
14209710,2020-06-15,16,0.835,13.36,1.68,16,-0.6423841059602663,0.00728787052900192
14209710,2020-06-16,16,1.226875,19.63,2.32,16,-0.5260467148446317,0.03634414167983035
14209710,2020-06-17,16,1.48625,23.78,2.73,16,-0.851783604098452,2.8211002646332868e-5
14209710,2020-06-18,16,1.881875,30.11,3.3,16,-0.9557414631232547,7.932435239862506e-9
14209710,2020-06-19,16,1.64375,26.3,3.21,16,-0.9223047840215682,3.7248739092227396e-7
14209710,2020-06-20,16,0.67,10.72,1.34,16,-0.41088551605169293,0.11388178394605064
14209710,2020-06-21,16,1.424375,22.79,2.7,16,-0.8672542530089871,1.3613651827531832e-5
14209710,2020-06-22,16,1.94375,31.1,3.42,16,-0.8884538931740802,4.2699297216795645e-6
14209710,2020-06-23,16,1.805,28.88,3.32,16,-0.8742094615052464,9.521981570004633e-6
14209710,2020-06-24,16,1.1675,18.68,2.1,16,-0.484798788323257,0.05700824905290282
14209710,2020-06-25,16,1.74875,27.98,3.32,16,-0.8839656304314024,5.558857234233104e-6
14209710,2020-06-26,16,1.885625,30.17,3.41,16,-0.8410746911414605,4.461599918411061e-5
14209710,2020-06-27,16,1.135,18.16,2.2,16,-0.5119620524197093,0.0426299488238012
14209710,2020-06-28,16,1.110625,17.77,2.14,16,-0.9269269286222154,2.45519955831456e-7
14209710,2020-06-29,16,1.14875,18.38,2.35,16,-0.6258458852018559,0.00950645425046118
14209710,2020-06-30,16,1.07,17.12,1.94,16,-0.4575808216258232,0.07472178213296705
14209710,2020-07-01,16,0.8825,14.12,1.59,16,-0.047594786713152766,0.861052925131029
14209710,2020-07-02,16,1.133125,18.13,2.27,16,-0.8947627161016546,2.8903180045048064e-6
14209710,2020-07-03,16,1.229375,19.67,2.46,16,-0.7537775708068317,7.450381301251063e-4
14209710,2020-07-04,16,1.1725,18.76,2.24,16,-0.8274109333074695,7.648080877625362e-5
14209710,2020-07-05,16,1.4125,22.6,2.56,16,-0.8429871502025847,4.1210934916367075e-5
14209710,2020-07-06,15,0.944,14.16,1.77,15,-0.7483685258810192,0.0013304671904383401
14209710,2020-07-07,15,0.926,13.89,1.68,15,0.10547472226000587,0.7083233192659697
14209710,2020-07-08,15,1.642,24.63,2.92,15,-0.8882797019704698,9.725268819001136e-6
14209710,2020-07-09,15,1.3613333333333333,20.42,2.29,15,-0.43878250168271277,0.1017979534604728
14209710,2020-07-10,15,1.7866666666666666,26.8,3.3,15,-0.9054806527702636,3.4236497684620296e-6
14209710,2020-07-11,15,1.4986666666666666,22.48,2.71,15,-0.8055830464554249,2.888752124347908e-4
14209710,2020-07-12,15,1.4306666666666668,21.46,2.71,15,-0.6392160562818036,0.01029937908189584
14209710,2020-07-13,15,2.024,30.36,3.44,15,-0.8136958283851417,2.235951633087128e-4
14209710,2020-07-14,15,2.026666666666667,30.400000000000002,3.45,15,-0.7919604874545525,4.330863064421305e-4
14209710,2020-07-15,15,1.958,29.37,3.33,15,-0.8195417443134309,1.844957223365827e-4
14209710,2020-07-16,15,1.8633333333333333,27.95,3.25,15,-0.7985348383216871,3.57541836528366e-4
14209710,2020-07-17,15,1.2446666666666666,18.67,2.26,15,-0.45974747989711623,0.08467021640773562
14209710,2020-07-18,15,1.9626666666666666,29.439999999999998,3.34,15,-0.7749812112250789,6.899859185334511e-4
14209710,2020-07-19,15,1.9433333333333334,29.150000000000002,3.32,15,-0.7689929809431199,8.057018863608381e-4
14209710,2020-07-20,15,1.958,29.37,3.35,15,-0.7062450121464774,0.0032518312444091086
14209710,2020-07-21,15,1.9486666666666668,29.23,3.36,15,-0.7201466908173996,0.002463072094274562
14209710,2020-07-22,15,1.5733333333333333,23.6,3.14,15,-0.6171183551295396,0.014252612151315671
14209710,2020-07-23,15,1.5486666666666666,23.23,3.21,15,-0.5894140138479756,0.020759717003537796
14209710,2020-07-24,15,1.1146666666666667,16.72,2.06,15,-0.5001457362485137,0.057614363867766936
14209710,2020-07-25,15,1.9213333333333333,28.82,3.36,15,-0.7043061986380069,0.00337621811990597
14209710,2020-07-26,15,1.9353333333333333,29.03,3.35,15,-0.7783922847720974,6.303617009081811e-4
14209710,2020-07-27,15,1.682,25.23,3.06,15,-0.5991027776521046,0.018268595585846415
14209710,2020-07-28,15,1.8266666666666667,27.4,3.21,15,-0.5559495732461837,0.031399486456024354
14209710,2020-07-29,15,1.8593333333333333,27.89,3.21,15,-0.57616874893335,0.0245755891851062
14209710,2020-07-30,15,1.8326666666666667,27.49,3.21,15,-0.7098788973700507,0.003028550915185771
14209710,2020-07-31,15,1.7553333333333334,26.330000000000002,3.21,15,-0.5757920978937453,0.02469137608131195
14209710,2020-08-01,15,1.546,23.19,3.12,15,-0.45731747106871207,0.08654247087716863
14209710,2020-08-02,15,1.772,26.58,3.11,15,-0.50804108231585,0.05317128087818194
14209710,2020-08-03,15,1.6306666666666667,24.46,2.9,15,-0.5158934373063787,0.04900683749268263
14209710,2020-08-04,15,1.8126666666666666,27.19,3.2,15,-0.6548174329618779,0.008067482099850469
14209710,2020-08-05,15,1.8026666666666666,27.04,3.22,15,-0.5850495720961167,0.021963157688450075
14209710,2020-08-06,15,1.1233333333333333,16.85,2.11,15,-0.1984999844764929,0.47820162812209743
14209710,2020-08-07,15,1.704,25.56,3.01,15,-0.8157569293149387,2.091025865231374e-4
14209710,2020-08-08,15,1.308,19.62,2.51,15,-0.23550538477822797,0.39813356069104044
14209710,2020-08-09,15,1.8006666666666666,27.01,3.22,15,-0.701336888075966,0.003574040874834671
14209710,2020-08-10,15,1.774,26.61,3.18,15,-0.7166199991114258,0.002646836217878034
14209710,2020-08-11,15,1.7653333333333334,26.48,3.2,15,-0.5158346395976291,0.049037098283089574
14209710,2020-08-12,14,1.4335714285714285,20.07,2.71,14,-0.2195579452631459,0.4507326082637214
14209710,2020-08-13,14,1.8642857142857143,26.1,3.16,14,-0.5492456275021361,0.0419190738231639
14209710,2020-08-14,14,1.872142857142857,26.21,3.18,14,-0.7111893326390364,0.0043460787031739025
14209710,2020-08-15,14,1.8414285714285714,25.78,3.13,14,-0.7097352313096168,0.004463348645837725
14209710,2020-08-16,14,1.42,19.88,2.68,14,-0.03880826941352382,0.895208028727137
14209710,2020-08-17,14,1.7614285714285713,24.66,3.08,14,-0.510713230937719,0.062015743401937065
14209710,2020-08-18,14,1.7028571428571428,23.84,3.08,14,-0.5405707654021636,0.04595376566091469
14209710,2020-08-19,14,1.5742857142857143,22.04,2.97,14,-0.4457882591640015,0.11013367375621923
14209710,2020-08-20,14,1.1821428571428572,16.55,2.14,14,-0.15179621550944902,0.6044343241895952
14209710,2020-08-21,14,0.635,8.89,1.17,14,-0.12059437149563305,0.6813232768068963
14209710,2020-08-22,14,1.6271428571428572,22.78,2.96,14,-0.48034256491862876,0.08212798305199379
14209710,2020-08-23,14,1.7685714285714287,24.76,3.06,14,-0.5069501050632819,0.06429295802609793
14209710,2020-08-24,14,1.6914285714285715,23.68,2.95,14,-0.34951344133471185,0.220601237202651
14209710,2020-08-25,14,1.7357142857142858,24.3,3.04,14,-0.4741804722627705,0.0867087993523873
14209710,2020-09-04,13,1.5284615384615385,19.87,2.63,13,-0.4510264818842439,0.12188789640504084
14209710,2020-09-05,13,1.403076923076923,18.24,2.72,13,-0.4186777536747337,0.15448140887189962
14209710,2020-09-06,13,1.6146153846153846,20.99,2.7,13,-0.6037968955124615,0.02887346960394932
14209710,2020-09-07,13,1.6407692307692308,21.33,2.81,13,-0.3097333042727709,0.30308283160017374
14209710,2020-09-08,13,1.58,20.54,2.68,13,-0.551462998202889,0.05074486417545724
14209710,2020-09-09,13,1.4876923076923076,19.34,2.54,13,-0.7817892083866329,0.0015938217267453623
14209710,2020-09-10,13,1.246923076923077,16.21,2.59,13,-0.7228705894385168,0.0052429367105034635
14209710,2020-09-11,13,0.7515384615384615,9.77,1.62,13,-0.007051351591582093,0.9817602232472371
14209710,2020-09-12,13,0.5769230769230769,7.5,1.19,13,-0.6494485869793916,0.016294162976740516
14209710,2020-09-13,13,0.6369230769230769,8.28,1.4,13,-0.7665243898465528,0.0022394205749810365
14209710,2020-09-14,13,0.73,9.49,1.56,13,-0.18653677294012067,0.5417330898784967
14209710,2020-09-15,12,0.8183333333333334,9.82,1.53,12,-0.3762768039353402,0.2279998406230296
14209710,2020-09-16,12,0.7725,9.27,1.49,12,-0.18017941582324118,0.5752310636190615
14209710,2020-09-17,12,0.7691666666666667,9.23,1.49,12,-0.19911989634392988,0.5349762905052293
14209710,2020-09-18,12,0.3541666666666667,4.25,0.68,12,-0.7274940886551663,0.007328239232359399
14209710,2020-09-19,12,0.8325,9.99,1.49,12,-0.06020458907128805,0.8525539622174014
14209710,2020-09-20,12,1.3775,16.53,2.38,12,-0.721664273595697,0.008058593064735152
14209710,2020-09-21,12,0.9791666666666666,11.75,1.71,12,-0.5780007205692875,0.04901671591409124
14209710,2020-09-22,12,1.0966666666666667,13.16,2.19,12,-0.6674297072619575,0.017721898886526005
14209710,2020-09-23,12,0.30333333333333334,3.64,0.62,12,-0.49010274879273513,0.1057658845826057
14209710,2020-09-24,12,1.0166666666666666,12.2,1.87,12,-0.6885701565414831,0.013282772261205195
14209710,2020-09-25,12,0.44416666666666665,5.33,0.94,12,0.326353034970238,0.300527885002768
14209710,2020-09-26,12,0.8866666666666666,10.64,1.64,12,-0.6896901677488129,0.013073220508275562
14209710,2020-09-27,12,1.4708333333333334,17.650000000000002,2.49,12,-0.7836977688352559,0.002559884361751182
14209710,2020-09-28,12,1.4866666666666666,17.84,2.49,12,-0.8544803472437823,4.0041692414375497e-4
14209710,2020-09-29,12,1.3208333333333333,15.85,2.33,12,-0.7876180205889104,0.0023528282883370135
14209710,2020-09-30,12,1.0633333333333332,12.76,1.93,12,-0.780093913313867,0.002762229988616201
14209710,2020-10-01,12,1.0691666666666666,12.83,2.11,12,-0.7599019205856132,0.004130646079476121
14209710,2020-10-02,12,1.0808333333333333,12.97,1.95,12,-0.5585951707721826,0.059054253445998905
14209710,2020-10-03,12,1.0766666666666667,12.92,2.2,12,-0.6645315360733621,0.01840580946110298
14209710,2020-10-04,12,1.0533333333333332,12.64,2.01,12,-0.6569173677517562,0.020294574639529002
14209710,2020-10-05,12,1.2650000000000001,15.18,2.31,12,-0.7024200664408807,0.010859739675892394
14209710,2020-10-06,12,1.2833333333333334,15.4,2.24,12,-0.6964626725538827,0.01185777565725791
14209710,2020-10-07,12,1.0166666666666666,12.2,1.89,12,-0.4898566865670341,0.10596782198166439
14209710,2020-10-08,12,0.6075,7.29,1.1,12,-0.5253261007912895,0.07944271889292326
14209710,2020-10-09,12,0.9725,11.67,1.9,12,-0.6876781177099026,0.013451439168837408
14209710,2020-10-10,12,0.7433333333333333,8.92,1.48,12,0.3119062848290284,0.3236627834885857
14209710,2020-10-11,12,0.29583333333333334,3.5500000000000003,0.64,12,-0.08603996453447334,0.7903371188828769
14209710,2020-10-12,12,0.8791666666666667,10.549999999999999,1.83,12,-0.36340153064133046,0.24559282894541035
14209710,2020-10-13,12,0.5208333333333334,6.25,0.99,12,-0.32426910027675476,0.30380634680773405
14209710,2020-10-14,12,0.8325,9.99,1.56,12,0.03273109377803127,0.9195657720975619
14209710,2020-10-15,12,1.18,14.16,2.13,12,-0.7369631480635748,0.006249165898790139
14209710,2020-10-16,12,0.7266666666666667,8.72,1.41,12,-0.8431119807476115,5.716441933630051e-4
14209710,2020-10-17,11,1.0436363636363637,11.48,1.91,11,-0.5677593625093039,0.06846293855220627
14209710,2020-10-18,10,0.614,6.140000000000001,1.03,10,0.12367416773743377,0.7335628698862526
14209710,2020-10-19,10,0.737,7.37,1.15,10,-0.005986492297272725,0.9869050174056084
14209710,2020-10-21,10,0.953,9.53,1.64,10,NA,NA
14209710,2020-10-22,10,1.26,12.6,1.99,10,-0.1975735494330525,0.5842871530425708
14209710,2020-10-23,10,0.446,4.46,0.78,10,-0.6699500235922905,0.03404816733817948
14209710,2020-10-24,10,0.708,7.08,1.25,10,0.8163520213501653,0.0039614972529592824
14209710,2020-10-25,10,1.311,13.11,2.05,10,-0.7217584310129258,0.018441438130504632
14209710,2020-10-26,10,1.201,12.01,1.91,10,-0.8439243387089643,0.002140776409923159
14209710,2020-10-27,10,1.19,11.9,1.91,10,-0.8508270692249037,0.001802186349694391
14209710,2020-10-28,10,1.187,11.87,1.89,10,-0.8316880168997272,0.0028504520182808966
14209710,2020-10-29,10,1.039,10.39,1.7,10,-0.7452957175264349,0.013360642377405894
14209710,2020-10-30,10,0.754,7.54,1.21,10,0.11967369904085944,0.7419309239609044
14209710,2020-10-31,10,1.122,11.22,1.84,10,-0.6751022813068972,0.03219631489569164
14209710,2020-11-02,10,1.052,10.52,1.75,10,-0.8407785312072652,0.002309392941565986
14209710,2020-11-03,10,0.317,3.17,0.52,10,-0.7653722607400317,0.009878259683834566
14209710,2020-11-04,10,0.39,3.9000000000000004,0.65,10,-0.6933080013810669,0.02620217933444742
14209710,2020-11-05,10,0.211,2.11,0.43,10,-0.2406276159599462,0.5030607160008246
14209710,2020-11-06,10,0.324,3.24,0.52,10,-0.8049786040807837,0.004964534830798913
14209710,2020-11-07,10,0.496,4.96,0.78,10,-0.1524316655608937,0.6741960315004751
14209710,2020-11-08,10,0.85,8.5,1.48,10,0.3002919294681215,0.3992103805089223
14209710,2020-11-09,10,0.508,5.08,0.87,10,-0.5194394016071,0.12386778712250292
14209710,2020-11-10,10,0.439,4.39,0.72,10,-0.3529181245248198,0.31717356850891626
14209710,2020-11-11,10,0.607,6.07,1,10,-0.2714750199515967,0.4480131348000125
14209710,2020-11-12,10,0.624,6.24,1.08,10,-0.42021716122994385,0.22661941255674145
14209710,2020-11-13,10,0.401,4.01,0.73,10,0.6593744960460092,0.038072769046857566
14209710,2020-11-14,10,0.138,1.3800000000000001,0.27,10,-0.7534399329533401,0.011858818859325743
14209710,2020-11-15,10,0.506,5.06,0.95,10,-0.8542408227345801,0.0016499215277312935
14209710,2020-12-09,9,0.4588888888888889,4.13,0.84,9,-0.2232682884380038,0.5636345347154628
14209710,2020-12-10,9,0.24222222222222223,2.18,0.41,9,0.32221895390570704,0.39775454264637933
14209710,2020-12-11,9,0.1922222222222222,1.73,0.38,9,0.22284511148962233,0.5643933601543802
14209710,2020-12-12,9,0.6411111111111111,5.7700000000000005,1.09,9,-0.18759927962018122,0.6288574916651093
14209710,2020-12-13,9,0.3188888888888889,2.87,0.74,9,-0.13783027204041898,0.7236216733775782
14209710,2020-12-14,9,0.4455555555555556,4.01,0.77,9,-0.2795288190036714,0.46633608955797157
14209710,2020-12-15,9,0.29555555555555557,2.66,0.53,9,-0.4060838039396153,0.2781482758757344
14209710,2020-12-16,9,0.13666666666666666,1.23,0.24,9,-0.8882540708961733,0.0013746654170197084
14209710,2020-12-17,9,0.37777777777777777,3.4,0.64,9,-0.30931064793032437,0.41797762547208683
14209710,2020-12-18,9,0.37555555555555553,3.38,0.72,9,-0.33069648785257844,0.3847246556125302
14209710,2020-12-19,9,0.16444444444444445,1.48,0.34,9,-0.7676300584005399,0.015730852284594667
14209710,2020-12-20,9,0.15777777777777777,1.42,0.32,9,-0.9642919189137452,2.7355554305788408e-5
14209710,2020-12-21,9,0.3288888888888889,2.96,0.59,9,-0.9404163267802536,1.6034381389680184e-4
14209710,2020-12-22,9,0.45,4.05,0.75,9,-0.49305843228471286,0.17743911167421647
14209710,2020-12-23,9,0.7377777777777778,6.64,1.31,9,-0.84233310456115,0.004376324709506998
14209710,2020-12-24,9,0.6277777777777778,5.6499999999999995,1.14,9,-0.8750206200143761,0.00200671757516502
14209710,2020-12-25,9,0.08888888888888889,0.8,0.18,9,-0.9668911971863579,2.105116254142834e-5
14209710,2020-12-26,9,0.4677777777777778,4.21,0.8,9,-0.47947725913034456,0.19153363572213244
14209710,2020-12-27,9,0.6122222222222222,5.51,1.14,9,-0.7579214871574645,0.017967720673447814
14209710,2020-12-28,9,0.7722222222222223,6.95,1.31,9,-0.5606126070757097,0.11637577476475137
14209710,2020-12-29,9,0.24555555555555555,2.21,0.42,9,-0.4864547368511465,0.18421628614160535
14209710,2020-12-30,9,0.2222222222222222,2,0.41,9,-0.9680952295816162,1.8513262767202064e-5
14209710,2020-12-31,9,0.35555555555555557,3.2,0.61,9,-0.9605260829669083,3.8711211525199147e-5
14209710,2021-01-01,9,0.16666666666666666,1.5,0.36,9,-0.7946377328148697,0.010502918457004287
14209710,2021-01-02,9,0.13333333333333333,1.2,0.22,9,-0.9455882352941719,1.1728994838639079e-4
14209710,2021-01-03,9,0.5244444444444445,4.72,1.01,9,0.22097086912079675,0.5677587022727701
14209710,2021-01-04,9,0.2577777777777778,2.32,0.45,9,0.6499365987675875,0.05810579851263296
14209710,2021-01-05,9,0.20777777777777778,1.87,0.37,9,-0.9704461058653843,1.4195262804451588e-5
14209710,2021-01-06,9,0.2911111111111111,2.62,0.54,9,-0.9071995458066936,7.313311020121675e-4
14209710,2021-01-07,9,0.42333333333333334,3.81,0.9,9,NA,NA
14209710,2021-01-08,9,0.5455555555555556,4.91,0.96,9,0.41329393067930864,0.2688696988530815
14209710,2021-01-09,9,0.5533333333333333,4.9799999999999995,0.95,9,-0.887822459972777,0.0013927298513590244
14209710,2021-01-10,9,0.37222222222222223,3.35,0.65,9,-0.9069372589903656,7.383964116782983e-4
14209710,2021-01-11,9,0.19333333333333333,1.74,0.27,9,-0.8666241372041553,0.0024980768038698293
14209710,2021-01-12,9,0.21444444444444444,1.93,0.44,9,0.821309742008577,0.006636337356808996
14209710,2021-01-13,9,0.7644444444444445,6.88,1.29,9,-0.06851887098275218,0.8609594582862048
14209710,2021-01-14,9,0.8011111111111111,7.21,1.38,9,-0.9562605080048373,5.520529810780161e-5
14209710,2021-01-15,9,0.5133333333333333,4.62,0.87,9,-0.9510377625449351,8.15069559927778e-5
14209710,2021-01-16,9,0.5988888888888889,5.39,1.01,9,-0.7171371656006368,0.029660167417565175
14209710,2021-01-17,9,0.5388888888888889,4.85,0.9,9,-0.9461115783268205,1.1344762716922191e-4
14209710,2021-01-18,9,0.85,7.65,1.39,9,-0.902214199095362,8.73926325933036e-4
14209710,2021-01-19,9,0.8777777777777778,7.9,1.45,9,-0.9831511335337818,2.0109384456076213e-6
14209710,2021-01-20,9,0.6955555555555555,6.26,1.18,9,-0.9535826651341418,6.778821205297304e-5
14209710,2021-01-21,9,0.45333333333333337,4.08,0.79,9,-0.9393629985364786,1.7030768315025186e-4
14209710,2021-01-22,9,0.7955555555555556,7.16,1.32,9,-0.14433756729740074,0.7110150801486022
14209710,2021-01-23,9,0.9011111111111111,8.11,1.43,9,-0.8860760232362956,0.0014675089494436803
14209710,2021-01-24,9,0.27555555555555555,2.48,0.41,9,-0.9417645633177999,1.4819854995770128e-4
14209710,2021-01-25,9,0.5,4.5,0.76,9,-0.9209109202723799,4.237106227767558e-4
14209710,2021-01-26,9,0.2477777777777778,2.23,0.38,9,0.10846522890932794,0.7811913068154586
14209710,2021-01-27,9,0.33,2.97,0.54,9,-0.8763743309978717,0.001934329135314388
14209710,2021-01-28,9,0.5555555555555556,5,0.87,9,-0.8937964983435143,0.001156929444410279
14209710,2021-01-29,9,0.5688888888888889,5.12,0.91,9,-0.8149024424555675,0.007457360743283959
14209710,2021-01-30,9,0.36444444444444446,3.2800000000000002,0.55,9,-0.9583935287837074,4.644087345737374e-5
14209710,2021-01-31,9,0.3377777777777778,3.04,0.55,9,-0.935692702404659,2.0843853044758852e-4
14209710,2021-02-01,9,0.2644444444444444,2.38,0.45,9,-0.9305329970919337,2.716815074848446e-4
14209710,2021-02-02,10,0.466,4.66,0.93,10,-0.5921565254637916,0.07128551608694499
14209710,2021-02-03,10,0.636,6.36,1.05,10,-0.7275051119091852,0.017094890798581293
14209710,2021-02-04,10,0.378,3.7800000000000002,0.63,10,-0.9067126187264802,2.956678647335124e-4
14209710,2021-02-06,11,0.39545454545454545,4.35,0.68,11,-0.891709881507142,2.261149239477458e-4
14209710,2021-02-07,11,0.5709090909090909,6.28,1.07,11,-0.7128582345141898,0.013806120777449913
14209710,2021-02-08,11,0.5154545454545455,5.67,0.92,11,-0.2972527952546968,0.3746955576209394
14209710,2021-02-09,11,0.9263636363636364,10.19,1.72,11,-0.6882943029679207,0.01920098960397128
14209710,2021-02-10,11,0.81,8.91,1.57,11,-0.8103462554746997,0.0024885449715286935
14209710,2021-02-11,11,0.32181818181818184,3.54,0.56,11,-0.7446687115861398,0.008562180916138301
14209710,2021-02-12,11,0.3527272727272727,3.88,0.82,11,-0.9716125383257032,6.148051929603715e-7
14209710,2021-02-13,11,0.38,4.18,0.83,11,-0.13987572123604747,0.681665248066016
14209710,2021-02-14,11,0.27,2.9699999999999998,0.6,11,-0.990683230150336,4.2005397707677296e-9
14209710,2021-02-15,11,0.46636363636363637,5.13,0.81,11,-0.8726609142448751,4.556372197117843e-4
14209710,2021-02-16,11,0.6254545454545455,6.88,1.14,11,-0.9242966507813705,4.738926647523745e-5
14209710,2021-02-17,11,0.7681818181818182,8.45,1.39,11,-0.8989626468035248,1.6731740184866838e-4
14209710,2021-02-18,11,0.33636363636363636,3.7,0.73,11,-0.32504180333157756,0.32939877929820194
14209710,2021-02-19,11,0.6690909090909091,7.36,1.24,11,-0.9450790589910429,1.1527330703839887e-5
14209710,2021-02-20,11,0.79,8.69,1.6,11,-0.9009965849180878,1.5314815082034276e-4
14209710,2021-02-21,11,0.34545454545454546,3.8000000000000003,0.76,11,-0.3091275554845371,0.35496840508334904
14209710,2021-02-22,11,0.35454545454545455,3.9,0.64,11,-0.9225651538098522,5.233204630406825e-5
14209710,2021-02-23,11,0.73,8.03,1.28,11,-0.9305918317970611,3.236182838786761e-5
14209710,2021-02-24,11,1.1327272727272728,12.459999999999999,1.99,11,-0.9186844312396124,6.484084934276787e-5
14209710,2021-02-25,11,0.5381818181818182,5.92,1.04,11,-0.9109189435448173,9.663045543213448e-5
14209710,2021-02-26,11,0.7145454545454545,7.86,1.16,11,-0.903272706514212,1.383966286251001e-4
14209710,2021-02-27,11,0.7718181818181818,8.49,1.39,11,-0.8503884613028663,9.099833560299351e-4
14209710,2021-02-28,11,0.9863636363636363,10.85,1.66,11,-0.9544641997537123,5.028561116731013e-6
14209710,2021-03-01,11,1.201818181818182,13.22,1.97,11,-0.9726301310744838,5.224378855304673e-7
14209710,2021-03-02,11,1.0354545454545454,11.39,1.86,11,-0.9675833073752798,1.1106900556044101e-6
14209710,2021-03-03,11,1.2754545454545454,14.03,2.05,11,-0.9412821688830517,1.5486766684828366e-5
14209710,2021-03-04,11,0.6572727272727272,7.2299999999999995,1.41,11,-0.9385513769643145,1.8926199284620508e-5
14209710,2021-03-05,11,0.4827272727272727,5.3100000000000005,0.8,11,-0.9000606121831175,1.5954994208063086e-4
14209710,2021-03-06,11,1.0263636363636364,11.290000000000001,1.78,11,-0.8752371980041573,4.1721050000722307e-4
14209710,2021-03-07,11,0.9409090909090909,10.35,1.6,11,-0.7018479898727894,0.01606700097451682
14209710,2021-03-08,11,0.9836363636363636,10.82,1.76,11,-0.9352195946392184,2.388545034917923e-5
14209710,2021-03-09,11,1.0245454545454546,11.27,1.72,11,-0.8680873690315436,5.303861998185173e-4
14209710,2021-03-10,12,1.0041666666666667,12.049999999999999,2.06,12,-0.8797978792991208,1.6097558386664825e-4
14209710,2021-03-11,12,1.4175,17.009999999999998,2.47,12,-0.9117542635683641,3.628690690792495e-5
14209710,2021-03-12,12,1.4858333333333333,17.83,2.57,12,-0.951524345281957,1.9429143446023383e-6
14209710,2021-03-13,12,1.3283333333333334,15.94,2.33,12,-0.9621283299469909,5.757195957362118e-7
14209710,2021-03-15,12,0.9691666666666666,11.63,1.65,12,-0.38260869565217387,0.21963271546792013
14209710,2021-03-16,12,1.5158333333333334,18.19,2.55,12,-0.9350282808608645,8.170597533241355e-6
14209710,2021-03-17,12,1.4358333333333333,17.23,2.46,12,-0.9265485331025983,1.4870683958280254e-5
14209710,2021-03-18,12,0.5608333333333333,6.73,1.29,12,-0.8490285497030958,4.766482321402831e-4
14209710,2021-03-19,13,0.7053846153846154,9.17,1.43,13,-0.8487758525254947,2.433009791456831e-4
14209710,2021-03-20,13,0.7961538461538461,10.35,1.56,13,-0.5726577565189008,0.0408079643171154
14209710,2021-03-21,13,0.5015384615384615,6.5200000000000005,1.12,13,-0.2987863507741326,0.32137297270788856
14209710,2021-03-22,13,1.0115384615384615,13.15,1.85,13,-0.37517611976577475,0.20652225241363464
14209710,2021-03-23,13,1.316153846153846,17.11,2.43,13,-0.8881726855744806,5.006686118050232e-5
14209710,2021-03-24,13,0.5446153846153846,7.08,1.07,13,-0.8176886320150769,6.386204579507479e-4
14209710,2021-03-25,13,0.91,11.83,1.7,13,-0.670041479831288,0.01221716677832771
14209710,2021-03-26,13,0.9646153846153847,12.540000000000001,1.87,13,-0.7889395781393659,0.0013467858933967482
14209710,2021-03-27,13,1.5184615384615385,19.740000000000002,2.77,13,-0.8824717659466161,6.507105450859042e-5
14209710,2021-03-28,13,0.44846153846153847,5.83,1.05,13,-0.6861875935483576,0.009601451561541704
14209710,2021-03-29,13,1.1,14.3,2.21,13,-0.6401640505562052,0.01843333355150927
14209710,2021-03-30,13,1.1815384615384614,15.36,2.04,13,-0.8720025721811833,1.0188902021079907e-4
14209710,2021-03-31,13,1.6646153846153846,21.64,2.87,13,-0.9148576830035603,1.1783407596639068e-5
14209710,2021-04-01,13,1.5738461538461537,20.46,2.9,13,-0.8814601982285735,6.807420750809079e-5
14209710,2021-04-02,13,1.4946153846153847,19.43,2.55,13,-0.7802946598105782,0.0016496631880173732
14209710,2021-04-03,13,1.3092307692307692,17.02,2.34,13,-0.6050952195543143,0.02843940665243155
14209710,2021-04-04,13,1.2538461538461538,16.3,2.19,13,-0.5435308060672218,0.054873751492644826
14209710,2021-04-05,13,1.79,23.27,2.99,13,-0.6980316134880398,0.007971300600659429
14209710,2021-04-07,13,0.66,8.58,1.25,13,-0.7581391797460677,0.002671731402915797
14209710,2021-04-08,13,1.3499999999999999,17.55,2.5,13,-0.2757680855538674,0.3617825732847445
14209710,2021-04-09,13,1.6453846153846154,21.39,2.81,13,-0.8909308429407108,4.3881297536148296e-5
14209710,2021-04-10,13,1.323846153846154,17.21,2.35,13,-0.28917298317678153,0.3379306912637027
14209710,2021-04-11,14,1.79,25.060000000000002,3.15,14,-0.8810208996982305,3.1545063314352144e-5
14209710,2021-04-12,14,1.795,25.13,3.17,14,-0.8213677233448937,3.1545247843557016e-4
14209710,2021-04-13,14,1.8192857142857142,25.47,3.19,14,-0.8100419062184131,4.443937363731082e-4
14209710,2021-04-14,14,1.8042857142857143,25.26,3.14,14,-0.8480999241153885,1.2679727086457697e-4
14209710,2021-04-15,14,1.8135714285714286,25.39,3.16,14,-0.8623302338832682,7.258188608358264e-5
14209710,2021-04-16,14,1.7778571428571428,24.89,3.19,14,-0.8577534241142937,8.740629139791258e-5
14209710,2021-04-17,14,1.8414285714285714,25.78,3.18,14,-0.8476556121444616,1.2890839320648528e-4
14209710,2021-04-18,14,1.7992857142857144,25.19,3.09,14,-0.8483506697806996,1.2561831104173108e-4
14209710,2021-04-19,14,1.55,21.7,2.9,14,-0.7699894371020888,0.0012756381825580873
14209710,2021-04-20,14,1.825,25.55,3.21,14,-0.8371830150954891,1.8755888650514056e-4
14209710,2021-04-21,14,1.8157142857142856,25.42,3.15,14,-0.8909284068701042,1.9143748562193e-5
14209710,2021-04-22,14,1.38,19.32,2.59,14,-0.809031120712873,4.576999748654061e-4
14209710,2021-04-23,14,1.145,16.03,2.27,14,-0.7819359459352571,9.526210819169906e-4
14209710,2021-04-24,14,0.71,9.94,1.31,14,-0.43508088486485413,0.11999470018654482
14209710,2021-04-25,14,1.0828571428571427,15.16,2.28,14,-0.7295641709377845,0.003061771522916774
14209710,2021-04-26,14,1.1085714285714285,15.52,2.06,14,-0.6573949955698415,0.010621615776049337
14209710,2021-04-27,14,1.58,22.12,2.76,14,-0.9006326743805073,1.1184921635241865e-5
14209710,2021-04-28,14,1.5342857142857143,21.48,3.13,14,-0.8880182836667462,2.2274572438208364e-5
14209710,2021-04-29,14,1.7185714285714286,24.06,3.03,14,-0.9205828085756708,3.047172503540433e-6
14209710,2021-04-30,14,0.8914285714285715,12.48,1.53,14,-0.8753450668651573,4.119253053883188e-5
14209710,2021-05-01,14,0.8714285714285714,12.2,1.6,14,-0.7038934944006201,0.004959673897763688
14209710,2021-05-02,14,1.4685714285714286,20.560000000000002,2.41,14,-0.8798790899460815,3.331995501264335e-5
14209710,2021-05-03,14,0.86,12.040000000000001,1.72,14,-0.8939968795966641,1.6242382061740275e-5
14209710,2021-05-04,14,1.7650000000000001,24.71,3.08,14,-0.957774374168839,7.47004141835334e-8
14209710,2021-05-05,15,1.5046666666666666,22.57,2.92,15,-0.9670772989570539,4.1950579605637515e-9
14209710,2021-05-06,15,0.9440000000000001,14.16,1.6,15,-0.6692249190577366,0.006361430166500554
14209710,2021-05-07,15,1.34,20.1,2.47,15,-0.6116661734669455,0.015387707156267033
14209710,2021-05-08,15,1.0393333333333332,15.59,1.99,15,-0.9409832256712779,1.7492284757267068e-7
14209710,2021-05-09,15,1.1226666666666667,16.84,2.36,15,-0.9397324088350557,1.9985952576765618e-7
14209710,2021-05-10,15,1.6826666666666668,25.24,3.06,15,-0.9498450887802486,6.207536195327193e-8
14209710,2021-05-11,15,1.9146666666666667,28.72,3.39,15,-0.9456496695792224,1.0357655097195662e-7
14209710,2021-05-12,15,1.8946666666666667,28.419999999999998,3.32,15,-0.9521966185237413,4.5692509288165343e-8
14209710,2021-05-13,15,1.734,26.01,3.23,15,-0.9490698357235146,6.845432053020477e-8
14209710,2021-05-14,15,1.8579999999999999,27.87,3.28,15,-0.9476473333234622,8.159469404001847e-8
14209710,2021-05-15,15,1.9706666666666666,29.56,3.41,15,-0.9355776151230956,3.051473324999256e-7
14209710,2021-05-16,15,1.9046666666666667,28.57,3.33,15,-0.9542283231054427,3.462470627590773e-8
14209710,2021-05-17,15,0.938,14.07,2.13,15,-0.9117653228923671,2.2233581684850285e-6
14209710,2021-05-18,15,1.3546666666666667,20.32,2.41,15,-0.6640848204270744,0.006933787275659632
14209710,2021-05-19,15,1.3513333333333333,20.27,2.36,15,-0.898390720825024,5.383152329751305e-6
14209710,2021-05-20,15,1.0566666666666666,15.85,1.99,15,-0.7361932972904699,0.0017513497671858087
14209710,2021-05-21,15,1.138,17.07,2.25,15,-0.8745167041861142,1.9994246756722327e-5
14209710,2021-05-22,15,1.5753333333333333,23.63,3.05,15,-0.966407339595827,4.774230069301051e-9
14209710,2021-05-23,15,0.8286666666666667,12.43,1.58,15,-0.11646897621909609,0.6793422530285707
14209710,2021-05-24,15,0.696,10.44,1.31,15,-0.9084396469936169,2.8046784519365367e-6
14209710,2021-05-25,15,0.9653333333333334,14.48,1.74,15,-0.4234180254084687,0.11579474756365328
14209710,2021-05-26,16,1.66,26.56,3.3,16,-0.9538558154993051,1.0569551249376289e-8
14209710,2021-05-27,16,1.01125,16.18,2.03,16,-0.39133161170815417,0.13390339130552434
14209710,2021-05-28,16,1.509375,24.15,2.95,16,-0.9295048127628764,1.9227708504036868e-7
14209710,2021-05-29,16,1.933125,30.93,3.48,16,-0.936942030642764,8.988830085132437e-8
14209710,2021-05-30,16,1.63375,26.14,3.25,16,-0.8862707842013129,4.8611368519327415e-6
14209710,2021-05-31,16,1.788125,28.61,3.31,16,-0.9272953043550476,2.372220721506381e-7
14209710,2021-06-01,16,1.891875,30.27,3.41,16,-0.9280485648699996,2.2099298559280686e-7
14209710,2021-06-02,16,1.885,30.16,3.4,16,-0.8902763735347046,3.82397290073208e-6
14209710,2021-06-03,16,1.73375,27.74,3.17,16,-0.823362763977346,8.893549139996754e-5
14209710,2021-06-04,16,1.89375,30.3,3.44,16,-0.7101579723846113,0.0020529697869396224
14209710,2021-06-05,16,1.170625,18.73,2.29,16,-0.539291857441195,0.031097201086816753
14209710,2021-06-06,16,0.805625,12.89,1.31,16,-0.605909626089184,0.012855158567282204
14209710,2021-06-07,16,1.3475,21.56,2.25,16,-0.7843688266491701,3.215594791411333e-4
14209710,2021-06-08,16,1.325625,21.21,2.36,16,-0.7516933884371954,7.855410624002854e-4
14209710,2021-06-09,16,1.548125,24.77,2.65,16,-0.8912310150914683,3.6065116621461554e-6
14209710,2021-06-10,16,1.24875,19.98,2.47,16,-0.751843901480152,7.825568483759108e-4
14209710,2021-06-11,16,0.471875,7.55,0.9,16,-0.27520836646151053,0.3022445045896641
14209710,2021-06-12,16,1.4025,22.44,2.95,16,-0.9510164078166439,1.5932799531644425e-8
14209710,2021-06-13,16,0.45437500000000003,7.2700000000000005,0.96,16,-0.32987087340685706,0.21212624344502176
14209710,2021-06-14,16,1.2137499999999999,19.419999999999998,2.18,16,0.022770078542120518,0.9332932659728586
14209710,2021-06-15,16,1.230625,19.69,2.47,16,-0.5832506569501511,0.017714456564673995
14209710,2021-06-17,16,1.96375,31.42,3.49,16,-0.9049930064255144,1.4527711214884871e-6
14209710,2021-06-18,16,1.9481249999999999,31.169999999999998,3.46,16,-0.8764047727778571,8.46910362131037e-6
14209710,2021-06-19,16,1.868125,29.89,3.38,16,-0.8168519383521747,1.1249157261323094e-4
14209710,2021-06-20,16,1.930625,30.89,3.41,16,-0.8616539517459121,1.7899774191080922e-5
14209710,2021-06-21,16,1.846875,29.55,3.26,16,-0.8825323474716938,6.033828814366067e-6
14209710,2021-06-22,16,1.626875,26.03,3.18,16,-0.5374240519732039,0.031799896070203226
14209710,2021-06-23,16,1.8275,29.24,3.47,16,-0.8887817050767726,4.186630031110416e-6
14209710,2021-06-24,16,1.8956250000000001,30.330000000000002,3.4,16,-0.8225243484519547,9.171542159414676e-5
14209710,2021-06-25,16,1.890625,30.25,3.36,16,-0.873605530069822,9.830213780043053e-6
14209710,2021-06-26,16,1.8900000000000001,30.240000000000002,3.35,16,-0.8385995999683808,4.936932085926205e-5
14209710,2021-06-27,16,1.8875,30.2,3.37,16,-0.8711124793059883,1.1193027446407605e-5
14209710,2021-06-28,16,1.8531250000000001,29.650000000000002,3.26,16,-0.8586261149945175,2.0654206519832518e-5
14209710,2021-06-29,16,1.865625,29.85,3.35,16,-0.7445526765162267,9.382463218812627e-4
14209710,2021-06-30,16,0.87875,14.06,1.78,16,-0.6184785842401196,0.010652135725624779
14209710,2021-07-01,16,0.80875,12.94,1.56,16,-0.7316948661881909,0.0012742526214896796
14209710,2021-07-02,16,1.62125,25.94,3.15,16,-0.8572743541489501,2.199401663470096e-5
14209710,2021-07-03,16,1.738125,27.81,3.37,16,-0.8038376919084382,1.7529283448001887e-4
14209710,2021-07-04,16,1.838125,29.41,3.41,16,-0.8300180359954705,6.92579127446022e-5
14209710,2021-07-05,16,1.83,29.28,3.43,16,-0.8328888530967471,6.197207464439803e-5
14209710,2021-07-06,16,1.84625,29.54,3.4,16,-0.8750626578699955,9.100417880354829e-6
14209710,2021-07-07,15,1.2386666666666666,18.58,2.52,15,-0.8516972111491564,5.592390795617746e-5
14209710,2021-07-08,15,1.6113333333333333,24.169999999999998,3.05,15,-0.8752426939391348,1.928928135351175e-5
14209710,2021-07-09,15,1.974,29.61,3.49,15,-0.9114179955033671,2.278910116839887e-6
14209710,2021-07-10,15,1.9453333333333334,29.18,3.39,15,-0.8743414822350933,2.0167557945865953e-5
14209710,2021-07-11,15,2.012,30.18,3.41,15,-0.8889574876930545,9.363910536251291e-6
14209710,2021-07-12,15,1.9093333333333333,28.64,3.33,15,-0.8807619225834973,1.4574262890065385e-5
14209710,2021-07-13,15,1.9126666666666667,28.69,3.35,15,-0.8826217918344302,1.3219878627537154e-5
14209710,2021-07-14,15,1.848,27.72,3.36,15,-0.8837668936511861,1.2439287723871367e-5
14209710,2021-07-16,15,1.5233333333333334,22.85,2.74,15,-0.8632280884053533,3.4021522130814785e-5
14209710,2021-07-17,15,1.78,26.7,3.01,15,-0.880951708616472,1.4430987870777394e-5
14209710,2021-07-18,15,2.002,30.03,3.4,15,-0.8771598046144881,1.752616051113025e-5
14209710,2021-07-19,15,1.9666666666666666,29.5,3.35,15,-0.8528941870424819,5.321529845109114e-5
14209710,2021-07-20,15,1.642,24.63,3.2,15,-0.852144254729841,5.489928791187456e-5
14209710,2021-07-21,15,1.502,22.53,2.53,15,-0.774371039905665,7.011190401196735e-4
14209710,2021-07-22,15,1.9566666666666668,29.35,3.38,15,-0.873242923495244,2.1282781053149122e-5
14209710,2021-07-23,15,1.8893333333333333,28.34,3.31,15,-0.8742026096542178,2.0305799843113074e-5
14209710,2021-07-24,15,1.8953333333333333,28.43,3.25,15,-0.8998669524499094,4.9126363739239324e-06
14209710,2021-07-25,15,1.9226666666666667,28.84,3.38,15,-0.8670627955635538,2.8554119220010486e-5
14209710,2021-07-26,15,1.8346666666666667,27.52,3.25,15,-0.8283149700722374,1.364758359444974e-4
14209710,2021-07-27,15,1.6606666666666667,24.91,3.03,15,-0.5358283968093126,0.03951688606575573
14209710,2021-07-28,15,1.6913333333333334,25.37,3.11,15,-0.8587585169016151,4.146040735946062e-5
14209710,2021-07-29,15,1.8386666666666667,27.580000000000002,3.24,15,-0.5835666036260306,0.02238394644894848
14209710,2021-07-30,15,1.4986666666666666,22.48,2.86,15,-0.09699006374850735,0.7309481052086692
14209710,2021-07-31,15,0.718,10.77,1.44,15,-0.30856421374245774,0.2631529673479148
14209710,2021-08-01,15,1.602,24.03,2.9,15,-0.8701242464656153,2.4730965515637478e-5
14209710,2021-08-02,15,1.49,22.35,2.66,15,-0.8287650023844693,1.3432164378480562e-4
14209710,2021-08-03,15,1.5333333333333332,23,2.82,15,-0.7464208591780099,0.0013916577847627755
14209710,2021-08-04,15,1.6346666666666667,24.52,2.94,15,-0.7936121401407468,4.1298538674736486e-4
14209710,2021-08-05,15,1.3559999999999999,20.34,2.55,15,-0.42535305320120087,0.11396271967800932
14209710,2021-08-06,15,0.9386666666666666,14.08,1.83,15,-0.5240774845795808,0.044927450199446925
14209710,2021-08-07,15,0.9226666666666666,13.84,1.74,15,-0.7848136328200493,5.294855694734377e-4
14209710,2021-08-08,15,1.392,20.88,2.42,15,-0.49952036008474787,0.057977507258522125
14209710,2021-08-09,15,1.764,26.46,3.19,15,-0.8754847916407981,1.9058832412482252e-5
14209710,2021-08-10,15,1.6913333333333334,25.37,3.07,15,-0.8606105142797182,3.8229910290773514e-5
14209710,2021-08-11,15,1.7253333333333334,25.88,3.09,15,-0.8604798046525364,3.8450854157133945e-5
14209710,2021-08-12,15,1.494,22.41,2.8,15,-0.7505274167220094,0.0012651969329384356
14209710,2021-08-13,14,1.1957142857142857,16.74,2.34,14,-0.5593260658894426,0.03756418677957074
14209710,2021-08-14,14,1.1171428571428572,15.64,2,14,-0.6231694917266348,0.017272497084684053
14209710,2021-08-15,14,1.3828571428571428,19.36,2.53,14,-0.7194036206972994,0.0037281933488695013
14209710,2021-08-16,14,1.602142857142857,22.43,2.85,14,-0.7594633604582828,0.0016276103093668896
14209710,2021-08-17,14,0.8107142857142857,11.35,1.63,14,-0.9376714732850483,7.394145667747147e-7
14209710,2021-08-18,14,1.5757142857142856,22.06,3,14,-0.7955413088673683,6.680991398592107e-4
14209710,2021-08-19,14,1.4692857142857143,20.57,2.74,14,-0.7876314427014172,8.236449371371675e-4
14209710,2021-08-20,14,0.7942857142857143,11.120000000000001,1.58,14,-0.45459554377254124,0.10245057290422349
14209710,2021-08-21,14,0.7521428571428571,10.530000000000001,1.36,14,-0.3418248062821348,0.23161718996972042
14209710,2021-08-22,14,0.8207142857142857,11.49,1.38,14,-0.4857136297613721,0.07827634890954553
14209710,2021-08-23,14,1.5978571428571429,22.37,2.91,14,-0.7798729958122471,0.0010031308527124743
14209710,2021-08-24,14,1.6928571428571428,23.7,2.93,14,-0.8197413826120098,3.318360356900012e-4
14209710,2021-08-25,14,1.4542857142857142,20.36,2.88,14,-0.7002758526371221,0.005288011418011384
14209710,2021-08-26,14,0.8571428571428571,12,1.84,14,-0.5951029831818402,0.024764788639703182
14209710,2021-08-27,14,1.1099999999999999,15.54,2,14,-0.5434369951755129,0.04459060985511723
14209710,2021-08-28,14,1.7221428571428572,24.11,3,14,-0.8277820015592142,2.5707027198826733e-4
14209710,2021-08-29,14,1.6764285714285714,23.47,2.94,14,-0.7725932203296978,0.001198726240378063
14209710,2021-08-30,14,1.1,15.4,2.12,14,-0.5411289340660567,0.04568595111581501
14209710,2021-08-31,14,1.1542857142857144,16.16,1.98,14,-0.6942978758348884,0.005867523866077495
14209710,2021-09-01,13,1.793076923076923,23.31,2.94,13,-0.8214547798497039,5.737565952529638e-4
14209710,2021-09-03,13,1.3076923076923077,17,2.15,13,-0.683865618821085,0.00994867454086996
14209710,2021-09-04,13,1.5661538461538462,20.36,2.6,13,-0.8079767074994532,8.328437113972752e-4
14209710,2021-09-05,13,1.3676923076923078,17.78,2.34,13,-0.891018381443466,4.3695543254742855e-5
14209710,2021-09-06,13,1.71,22.23,2.87,13,-0.8375266938618677,3.5288388617590036e-4
14209710,2021-09-07,13,1.3107692307692307,17.04,2.48,13,-0.6954803290827445,0.008303120447225644
14209710,2021-09-08,13,1.5923076923076922,20.7,2.75,13,-0.8172346106595171,6.468153759888449e-4
14209710,2021-09-09,13,1.2861538461538462,16.72,2.35,13,-0.6985080844476607,0.007910468792518137
14209710,2021-09-10,13,0.6484615384615384,8.43,1.23,13,-0.3785939478217787,0.20208487386419555
14209710,2021-09-11,13,1.5384615384615385,20,2.71,13,-0.8035815718409234,9.347453945119932e-4
14209710,2021-09-12,13,1.0523076923076924,13.68,1.94,13,-0.7206675213968956,0.0054506813551515754
14209710,2021-09-13,13,1.4776923076923076,19.21,2.72,13,-0.7703054965286291,0.0020633136839609627
14209710,2021-09-14,13,1.366923076923077,17.77,2.61,13,-0.81592546621906,6.709107189640785e-4
14209710,2021-09-15,12,1.5558333333333334,18.669999999999998,2.6,12,-0.5654789320987993,0.055343526919131796
14209710,2021-09-16,12,1.71,20.52,2.8,12,-0.7869292119747854,0.0023882484343188534
14209710,2021-09-17,12,0.6916666666666667,8.299999999999999,1.39,12,-0.7431616548083236,0.005610607823670068
14209710,2021-09-18,12,0.7366666666666667,8.84,1.29,12,0.2449640959855419,0.44286058035011855
14209710,2021-09-19,12,0.9116666666666666,10.94,1.55,12,-0.24903945263261415,0.43506391775795994
14209710,2021-09-20,12,1.5025,18.03,2.5,12,-0.8546538154151173,3.9815779167350936e-4
14209710,2021-09-21,12,1.585,19.02,2.56,12,-0.8544176550973173,4.01235830220203e-4
14209710,2021-09-22,12,0.9091666666666667,10.91,1.94,12,-0.3215675401773726,0.30808602621270675
14209710,2021-09-23,12,1.445,17.34,2.55,12,-0.7688322763362381,0.003473782470622127
14209710,2021-09-24,12,1.5241666666666667,18.29,2.54,12,-0.7722761603305062,0.0032429275343501787
14209710,2021-09-25,12,1.3883333333333334,16.66,2.39,12,-0.6693358988792577,0.017282355459863143
14209710,2021-09-26,12,1.0775,12.93,2.2,12,-0.5843105099608356,0.04602966501550431
14209710,2021-09-27,12,0.52,6.24,1.11,12,-0.507609243152042,0.09204923951136094
14209710,2021-09-28,12,0.7491666666666666,8.99,1.31,12,-0.22850261988076714,0.4750232460090581
14209710,2021-09-29,12,0.8791666666666667,10.55,1.95,12,-0.803104626828624,0.0016570097496489578
14209710,2021-09-30,12,0.5683333333333334,6.82,1.32,12,-0.6875868461466753,0.013468785636598039
14209710,2021-10-01,12,1.3366666666666667,16.04,2.4,12,-0.7990374554477355,0.001821967834809207
14209710,2021-10-02,12,1.3466666666666667,16.16,2.35,12,-0.768066392240638,0.0035267756340313476
14209710,2021-10-03,12,1.0458333333333334,12.55,1.97,12,-0.7897897268079268,0.0022437752869722987
14209710,2021-10-04,12,1.0541666666666667,12.65,2,12,-0.5829268345703721,0.0466733940851098
14209710,2021-10-05,12,0.38416666666666666,4.61,0.82,12,-1.1982414034182355e-15,0.9999999999999971
14209710,2021-10-06,12,0.8333333333333334,10,1.64,12,-0.1773738770423507,0.5812940581115453
14209710,2021-10-07,12,1.2766666666666666,15.32,2.34,12,-0.7188245880031755,0.008433444959504334
14209710,2021-10-08,12,0.9425,11.31,1.77,12,-0.5211910841916345,0.08227286063774775
14209710,2021-10-09,12,0.7108333333333333,8.53,1.28,12,-0.34649109500484776,0.2698768599032726
14209710,2021-10-10,12,0.8466666666666667,10.16,1.65,12,-0.08857847254736928,0.7842783391697427
14209710,2021-10-11,12,1.035,12.42,1.99,12,-0.11528502285521082,0.7212585744944094
14209710,2021-10-12,12,0.7283333333333334,8.74,1.52,12,-0.55841758378835,0.059152212323567384
14209710,2021-10-13,12,0.5766666666666667,6.92,1.12,12,-0.13847111685692723,0.6677942430445455
14209710,2021-10-14,12,0.4683333333333333,5.62,0.93,12,-0.26545712912080877,0.4043420853964381
14209710,2021-10-15,12,1.0016666666666667,12.02,1.85,12,-0.6488439939830719,0.02244782067334381
14209710,2021-10-16,12,0.8425,10.11,1.65,12,-0.7316021829675873,0.006844220739638202
14209710,2021-10-17,11,0.45454545454545453,5,0.75,11,-0.0188068537824966,0.956231768745198
14209710,2021-10-18,11,0.86,9.46,1.63,11,0.052834973676997174,0.8773888975436788
14209710,2021-10-19,10,0.83,8.3,1.41,10,-0.172182646922254,0.6343197089759455
14209710,2021-10-20,10,0.548,5.48,0.98,10,0.4910624438856452,0.14950903406520424
14209710,2021-10-21,10,0.481,4.8100000000000005,0.79,10,-0.2583571160247514,0.4710803091412791
14209710,2021-10-22,10,0.606,6.06,1.05,10,0.20267400207657657,0.5744175243869889
14209710,2021-10-23,10,0.396,3.96,0.63,10,0.25739843239579374,0.4727862538153703
14209710,2021-10-24,10,0.625,6.25,1.23,10,-0.3047757271037826,0.39185628763994595
14209710,2021-10-25,10,0.357,3.5700000000000003,0.55,10,-0.006017004011935313,0.9868382802421335
14209710,2021-10-26,10,0.394,3.94,0.67,10,-0.03310877130291045,0.9276539026646085
14209710,2021-10-27,10,0.489,4.89,0.86,10,-0.39801813293500105,0.25464884209972777
14209710,2021-10-28,10,0.415,4.15,0.77,10,-0.7174875733022855,0.01948857532075153
14209710,2021-10-29,10,0.788,7.88,1.46,10,-0.8825226081218305,7.214707660594719e-4
14209710,2021-10-30,10,1.1280000000000001,11.28,1.83,10,-0.6844256995510761,0.02902147913765387
14209710,2021-10-31,10,1.059,10.59,1.79,10,-0.549656571930297,0.099776982908235
14209710,2021-11-01,10,0.28300000000000003,2.83,0.52,10,0.055173725906825566,0.8796742089539435
14209710,2021-11-02,10,0.317,3.17,0.55,10,-0.5831267632169618,0.0768282142422735
14209710,2021-11-04,10,0.222,2.22,0.45,10,0.7085542889065487,0.021810526995551725
14209710,2021-11-05,10,0.797,7.970000000000001,1.4,10,0.07383161185050305,0.8393708633747574
14209710,2021-11-06,10,0.527,5.2700000000000005,0.88,10,0.12091270835166726,0.7393365569222234
14209710,2021-11-08,10,0.893,8.93,1.57,10,-0.8270572341978828,0.0031585674159598787
14209710,2021-11-09,10,0.626,6.26,1.12,10,0.9109906574999138,2.4635487728733095e-4
14209710,2021-11-10,10,0.545,5.45,1.08,10,-0.9060288285507035,3.041740130370812e-4
14209710,2021-11-11,10,0.252,2.52,0.58,10,0.8223848537075324,0.003493009302927734
14209710,2021-11-12,10,0.245,2.45,0.51,10,-0.8689894790985501,0.0010970811988851585
14209710,2021-11-13,10,0.532,5.32,0.96,10,-0.8823529411764705,7.254934023730232e-4
14209710,2021-11-14,10,0.421,4.21,0.88,10,-0.9653026860191543,6.080831461042622e-6
14209710,2021-11-15,10,0.279,2.79,0.55,10,-0.9444444444444445,3.896158448470996e-5
14209710,2021-11-16,10,0.62,6.2,1.26,10,-0.5921565254637896,0.07128551608694622
14209710,2021-11-17,10,0.747,7.47,1.4,10,-0.7005194055137817,0.02405594786015582
14209710,2021-11-18,10,0.252,2.52,0.49,10,-0.9759639208062604,1.4185694140862265e-6
14209710,2021-11-19,10,0.351,3.51,0.69,10,0.7156780854205489,0.01994438008623399
14209710,2021-11-20,10,0.617,6.17,1.09,10,-0.06804138174397717,0.8518466419369358
14209710,2021-11-21,10,0.703,7.03,1.28,10,-0.8665985510369758,0.0011758370817029826
14209710,2021-11-22,10,0.457,4.57,0.86,10,-0.9235141930792196,1.3641820621973144e-4
14209710,2021-11-23,10,0.465,4.65,0.87,10,NA,NA
14209710,2021-11-24,10,0.47600000000000003,4.76,0.9,10,-0.7285914022793224,0.016848265237041523
14209710,2021-11-25,10,0.556,5.5600000000000005,1.03,10,-0.8572774481552504,0.0015225107268244831
14209710,2021-11-26,10,0.354,3.54,0.66,10,-0.9293559979848259,9.99950932088713e-5
14209710,2021-11-27,10,0.174,1.74,0.34,10,-0.8178748515999679,0.0038392338707574692
14209710,2021-11-28,10,0.41000000000000003,4.1000000000000005,0.92,10,-0.7492403291301358,0.01261757703807812
14209710,2021-11-29,10,0.322,3.22,0.61,10,NA,NA
14209710,2021-11-30,9,0.2922222222222222,2.63,0.53,9,NA,NA
14209710,2021-12-01,9,0.6366666666666667,5.73,1.12,9,-0.8270946201546937,0.005949915657458342
14209710,2021-12-02,9,0.4033333333333333,3.63,0.66,9,-0.451067110817825,0.2229832525457753
14209710,2021-12-03,9,0.7188888888888889,6.47,1.26,9,-0.2362277956307667,0.5405815265185206
14209710,2021-12-04,9,0.23333333333333334,2.1,0.4,9,-0.7624928516630236,0.01688979250019425
14209710,2021-12-05,9,0.6444444444444445,5.8,1.12,9,0.12309149097933225,0.7523846859258577
14209710,2021-12-06,9,0.19,1.71,0.31,9,-0.9168526752845476,5.027659059266348e-4
14209710,2021-12-07,9,0.32,2.88,0.56,9,-0.8658327781890077,0.002548279475512446
14209710,2021-12-08,9,0.5122222222222222,4.61,0.91,9,-0.8117937461162777,0.00787945067104242
14209710,2021-12-09,9,0.31444444444444447,2.83,0.54,9,-0.9038461538461547,8.252900941385229e-4
14209710,2021-12-10,9,0.21666666666666667,1.95,0.37,9,-0.6987712429686818,0.03623650396124393
14209710,2021-12-11,9,0.25666666666666665,2.31,0.46,9,-0.7273929674533104,0.0263536472879608
14209710,2021-12-12,9,0.29888888888888887,2.69,0.51,9,-0.7928249671720922,0.010810423063610521
14209710,2021-12-13,9,0.1511111111111111,1.36,0.34,9,NA,NA
14209710,2021-12-14,9,0.5322222222222223,4.79,1.01,9,0.3080205518168477,0.4200238071395599
14209710,2021-12-15,9,0.19111111111111112,1.72,0.33,9,NA,NA
14209710,2021-12-16,9,0.3488888888888889,3.14,0.6,9,-0.8933148177637948,0.0011748269296517385
14209710,2021-12-17,9,0.38666666666666666,3.48,0.74,9,-0.7409934846809532,0.02235571529577379
14209710,2021-12-18,9,0.17777777777777778,1.6,0.32,9,-0.9186915757140636,4.6576966236814806e-4
14209710,2021-12-19,9,0.23444444444444446,2.11,0.4,9,-0.6614378277661478,0.052356306554902234
14209710,2021-12-20,9,0.16555555555555557,1.49,0.37,9,NA,NA
14209710,2021-12-21,9,0.40111111111111114,3.61,0.75,9,-0.9750168689498873,7.919630629534107e-6
14209710,2021-12-22,9,0.15888888888888889,1.43,0.32,9,-0.9284141650970557,3.0117031153527877e-4
14209710,2021-12-23,9,0.38666666666666666,3.48,0.81,9,-0.31622776601683794,0.40708382206558874
14209710,2021-12-24,9,0.2833333333333333,2.55,0.52,9,-0.8937810346025051,0.0011575010541785846
14209710,2021-12-25,9,0.26666666666666666,2.4,0.45,9,-0.5092285591855564,0.16145316562854164
14209710,2021-12-26,9,0.3811111111111111,3.43,0.68,9,-0.5806824590312686,0.10110608323751154
14209710,2021-12-27,9,0.33,2.9699999999999998,0.58,9,-0.4618802153516967,0.2107007810853483
14209710,2021-12-28,9,0.30666666666666664,2.7600000000000002,0.57,9,-0.8873855889750508,0.0014111816318859104
14209710,2021-12-29,9,0.46444444444444444,4.18,0.77,9,-0.815507144735216,0.007377079697233354
14209710,2021-12-30,9,0.3577777777777778,3.22,0.64,9,-0.7525786756697106,0.019284375035123952
14209710,2021-12-31,9,0.5777777777777777,5.2,0.98,9,-0.5471529031050657,0.12734665573946813
14209710,2022-01-01,9,0.5366666666666666,4.83,0.99,9,-0.6576329718015597,0.05421632635535698
14209710,2022-01-02,9,0.2866666666666667,2.58,0.51,9,-0.9557240045263092,5.7581331624486115e-5
14209710,2022-01-03,9,0.20666666666666667,1.86,0.49,9,-0.6990252954195308,0.03613964159457305
14209710,2022-01-04,9,0.16,1.44,0.29,9,-0.8544387851303007,0.0033502789635749945
14209710,2022-01-05,9,0.11222222222222222,1.01,0.19,9,-0.37499999999999994,0.32001188238863093
14209710,2022-01-06,9,0.18777777777777777,1.69,0.41,9,-0.47058823529411814,0.20108834988926777
14209710,2022-01-07,9,0.3977777777777778,3.58,0.71,9,NA,NA
14209710,2022-01-08,9,0.5055555555555555,4.55,0.84,9,-0.935414346693486,2.115548519458647e-4
14209710,2022-01-09,9,0.8344444444444444,7.51,1.41,9,-0.6880975663883461,0.04045938587795529
14209710,2022-01-10,9,0.3288888888888889,2.96,0.6,9,-0.9191450300180581,4.5694874515741726e-4
14209710,2022-01-11,9,0.2777777777777778,2.5,0.56,9,-0.9345487880174761,2.2145451991015572e-4
14209710,2022-01-12,9,0.6477777777777778,5.83,1.12,9,-0.7341303483857998,0.024319051582068263
14209710,2022-01-13,9,0.3422222222222222,3.08,0.66,9,-0.8344971792454875,0.0051442961266663974
14209710,2022-01-14,9,0.5355555555555556,4.82,0.98,9,-0.9458708280183709,1.1520397939775803e-4
14209710,2022-01-15,9,0.6488888888888888,5.84,1.07,9,-0.8626979700976571,0.0027539938409103853
14209710,2022-01-16,9,0.5488888888888889,4.94,0.93,9,-0.854218172604929,0.0033673226561488478
14209710,2022-01-17,9,0.6077777777777778,5.47,1.07,9,-0.89853998281625,9.906795150533862e-4
14209710,2022-01-18,9,0.45555555555555555,4.1,0.75,9,-0.9710696115501655,1.31825041919267e-5
14209710,2022-01-19,9,0.29777777777777775,2.68,0.57,9,-0.80778069580156,0.008447901209343196
14209710,2022-01-20,9,0.4777777777777778,4.3,0.76,9,-0.9438798074485393,1.3047192950974349e-4
14209710,2022-01-21,9,0.6233333333333333,5.61,0.98,9,-0.8008534347238051,0.009493370967175289
14209710,2022-01-22,9,0.9122222222222223,8.21,1.52,9,-0.8609460320922785,0.002873805683598899
14209710,2022-01-23,9,0.9311111111111111,8.379999999999999,1.47,9,-0.931186255878626,2.630153463190069e-4
14209710,2022-01-24,9,0.8288888888888889,7.46,1.32,9,-0.8749999999999992,0.0020078344736297778
14209710,2022-01-25,9,0.9988888888888889,8.99,1.57,9,-0.9498443995109752,8.856973098236475e-5
14209710,2022-01-26,9,1.0444444444444445,9.4,1.62,9,-0.98863356304178,5.098156921797237e-7
14209710,2022-01-27,9,1.0977777777777777,9.88,1.71,9,-0.7943751104945465,0.010547097874383668
14209710,2022-01-28,9,1.0233333333333334,9.21,1.61,9,-0.9032417746625587,8.43075862074212e-4
14209710,2022-01-29,9,1.0055555555555555,9.05,1.62,9,-0.9227215692394009,3.9142814605060236e-4
14209710,2022-01-30,9,0.4811111111111111,4.33,0.8,9,-0.9672142565050911,2.0347430653404353e-5
14209710,2022-01-31,9,0.6277777777777778,5.65,0.98,9,NA,NA
14209710,2022-02-01,9,0.61,5.49,0.94,9,-0.9671845327049052,2.0411471946288078e-5
14209710,2022-02-02,10,0.34600000000000003,3.46,0.54,10,-0.8336556445046648,0.0027263258678253558
14209710,2022-02-03,10,0.554,5.54,0.94,10,-0.907332732889122,2.881061106730917e-4
14209710,2022-02-04,10,0.5,5,0.85,10,-0.7994754886446989,0.0055097190652621175
14209710,2022-02-05,11,0.73,8.03,1.35,11,-0.7687709489372123,0.005692116691558099
14209710,2022-02-06,11,0.899090909090909,9.89,1.64,11,-0.8930345507010004,2.143549030975653e-4
14209710,2022-02-07,11,0.5336363636363637,5.87,1.07,11,-0.9160876879459062,7.4407481073797e-5
14209710,2022-02-08,11,0.7854545454545454,8.64,1.45,11,-0.8524787442020845,8.568640753276317e-4
14209710,2022-02-09,11,0.7409090909090909,8.15,1.45,11,-0.96163969873608,2.3488611124231235e-6
14209710,2022-02-10,11,0.7281818181818182,8.01,1.31,11,-0.9047944433327968,1.291565725321397e-4
14209710,2022-02-12,11,1.1227272727272728,12.35,1.99,11,-0.9478140351659883,9.196762844282727e-6
14209710,2022-02-13,11,1.039090909090909,11.43,1.97,11,-0.9587706146926536,3.235997446698057e-6
14209710,2022-02-14,11,0.5945454545454545,6.54,1.17,11,-0.570933190630621,0.06658763079956556
14209710,2022-02-15,11,0.48636363636363633,5.35,0.82,11,-0.8738961754103038,4.3689258907448643e-4
14209710,2022-02-16,11,0.6063636363636363,6.67,1.07,11,-0.7566241991049011,0.007031571236216674
14209710,2022-02-17,11,0.7381818181818182,8.12,1.22,11,-0.8349875290894567,0.0013814827144637888
14209710,2022-02-18,11,1.1527272727272726,12.68,2.09,11,-0.9261508945686968,4.250125212588773e-5
14209710,2022-02-19,11,0.48454545454545456,5.33,0.87,11,-0.871945190981434,4.6677297150160584e-4
14209710,2022-02-20,11,0.7254545454545455,7.98,1.38,11,-0.35564473070702357,0.2830959138379317
14209710,2022-02-21,11,0.6963636363636364,7.66,1.23,11,-0.8251728281292269,0.0017650079654799279
14209710,2022-02-22,11,1.200909090909091,13.209999999999999,2.1,11,-0.7246169826179508,0.011654999943209416
14209710,2022-02-23,11,1.3372727272727274,14.71,2.29,11,-0.9329003968262756,2.788677137286639e-5
14209710,2022-02-24,11,0.7427272727272727,8.17,1.35,11,-0.9748131749298428,3.605444341165632e-7
14209710,2022-02-25,11,1.4009090909090909,15.41,2.34,11,-0.9652118528172671,1.520831773741032e-6
14209710,2022-02-26,11,0.5027272727272727,5.53,0.94,11,-0.9424712670719655,1.4149242073916267e-5
14209710,2022-02-27,11,0.3090909090909091,3.4,0.58,11,-0.9284091726732736,3.7080856917451654e-5
14209710,2022-02-28,11,0.2818181818181818,3.1,0.61,11,-0.054873866480539706,0.8726899459345314
14209710,2022-03-01,11,0.5490909090909091,6.04,1.07,11,-0.9832893449966911,5.7605154895378314e-8
14209710,2022-03-02,11,0.4590909090909091,5.05,0.88,11,-0.9149360709564803,7.897981245821636e-5
14209710,2022-03-03,11,0.899090909090909,9.89,1.51,11,-0.8600599350411189,6.835741075858559e-4
14209710,2022-03-04,11,0.8654545454545455,9.52,1.55,11,-0.9083912747942706,1.0918655850613001e-4
14209710,2022-03-05,11,1.2436363636363637,13.68,2.13,11,-0.9611018430286352,2.4987888320513444e-6
14209710,2022-03-06,11,1.1718181818181819,12.889999999999999,2.05,11,-0.9386938688422296,1.8733416369410407e-5
14209710,2022-03-07,11,1.1936363636363636,13.13,1.99,11,-0.9711096583460617,6.648734101921471e-7
14209710,2022-03-08,11,0.6381818181818182,7.0200000000000005,1.11,11,-0.9567348160707816,4.0078788475202555e-6
14209710,2022-03-09,11,1.289090909090909,14.18,2.21,11,-0.8516828552159312,8.768063094229646e-4
14209710,2022-03-10,11,1.3645454545454545,15.01,2.22,11,-0.9755378288708348,3.164905233588837e-7
14209710,2022-03-11,12,1.3416666666666666,16.099999999999998,2.4,12,-0.9887968618158303,1.3640257764756375e-9
14209710,2022-03-12,12,0.98,11.76,2.36,12,-0.9867182013526954,3.1834420123211403e-9
14209710,2022-03-14,12,0.5066666666666667,6.08,0.94,12,-0.8858813008991732,1.254847982210541e-4
14209710,2022-03-15,12,0.9491666666666667,11.39,1.67,12,-0.35909242322980367,0.2516541485405981
14209710,2022-03-16,12,1.0675,12.81,1.93,12,-0.908835071106292,4.2484733661224426e-5
14209710,2022-03-17,12,0.6316666666666667,7.58,1.19,12,-0.8621769535418984,3.093140461811523e-4
14209710,2022-03-18,12,0.7808333333333334,9.37,1.49,12,-0.9473375552091262,2.9191099427056953e-6
14209710,2022-03-19,13,1.0207692307692307,13.27,1.91,13,-0.26891763141271713,0.3743106545815461
14209710,2022-03-20,13,0.5961538461538461,7.75,1.14,13,-0.789301304707664,0.0013351394365954995
14209710,2022-03-21,13,0.5392307692307693,7.01,1.09,13,-0.5434423884089199,0.054921079947830305
14209710,2022-03-22,13,1.1576923076923078,15.05,2.38,13,-0.9834626268374985,1.640212783194441e-9
14209710,2022-03-23,13,0.6476923076923077,8.42,1.15,13,-0.8778997735915273,7.953959820995984e-5
14209710,2022-03-24,13,1.4753846153846153,19.18,2.59,13,-0.9745362168309172,1.731686748707003e-8
14209710,2022-03-25,13,1.186923076923077,15.43,2.19,13,-0.9299191975931181,4.160094408953139e-6
14209710,2022-03-26,13,0.8738461538461538,11.36,1.77,13,-0.9635190561889132,1.224720205570688e-7
14209710,2022-03-27,13,1.0715384615384616,13.93,1.96,13,-0.8885328962763,4.9221527443718274e-5
14209710,2022-03-28,13,0.7084615384615385,9.209999999999999,1.29,13,-0.5378816022276754,0.057956424983426326
14209710,2022-03-29,13,0.9707692307692308,12.620000000000001,1.81,13,-0.9171649478987451,1.0177010051806807e-5
14209710,2022-03-30,13,1.156923076923077,15.040000000000001,2.22,13,-0.6593756718131631,0.014218627086165522
14209710,2022-03-31,13,1.11,14.43,2.07,13,-0.8001990558223033,0.0010196503951215529
14209710,2022-04-02,13,1.2469230769230768,16.21,2.32,13,-0.865667915481376,1.3121801193164608e-4
14209710,2022-04-03,13,0.7146153846153847,9.290000000000001,1.33,13,-0.8666840899170459,1.261076579402149e-4
14209710,2022-04-04,13,0.963076923076923,12.52,1.82,13,-0.7745966692414854,0.0018767419981995223
14209710,2022-04-05,13,1.3923076923076922,18.1,2.29,13,-0.9282282423333467,4.727326201221768e-6
14209710,2022-04-06,13,1.646153846153846,21.4,2.73,13,-0.9785605489807653,6.775264528778106e-9
14209710,2022-04-07,13,1.6953846153846155,22.04,2.95,13,-0.9800540838015921,4.567651176773384e-9
14209710,2022-04-08,13,1.1146153846153846,14.49,2.2,13,-0.12023176110304022,0.6956152099282216
14209710,2022-04-09,13,1.1984615384615385,15.58,2.24,13,-0.8123578498133354,7.401855987800624e-4
14209710,2022-04-10,13,0.7738461538461539,10.06,1.5,13,-0.7047274192921129,0.007148472741404193
14209710,2022-04-11,13,0.8,10.4,1.59,13,-0.9608973095016026,1.7848847618784415e-7
14209710,2022-04-12,14,0.7478571428571429,10.47,1.49,14,-0.7434490550053331,0.002306831053473904
14209710,2022-04-13,14,1.0585714285714285,14.82,2.18,14,-0.8823173730663153,2.9624183766160027e-5
14209710,2022-04-14,14,1.0064285714285715,14.09,1.87,14,-0.9049151498171725,8.669260995907532e-6
14209710,2022-04-15,14,1.3292857142857142,18.61,2.39,14,-0.9430433149017347,4.3566614679231e-7
14209710,2022-04-16,14,1.1635714285714285,16.29,2.05,14,-0.3854127030084722,0.17354109257265968
14209710,2022-04-17,14,1.1564285714285714,16.19,2.42,14,-0.8903531649088474,1.9732150971146033e-5
14209710,2022-04-18,14,0.32357142857142857,4.53,0.55,14,-0.8143176139904379,3.915053192146408e-4
14209710,2022-04-19,14,0.75,10.5,1.58,14,-0.48238191061886615,0.0806501937220377
14209710,2022-04-20,14,0.46214285714285713,6.47,0.98,14,-0.44594114861421563,0.10999703051904938
14209710,2022-04-21,14,0.9657142857142857,13.52,1.81,14,-0.8527017402867119,1.065357101086295e-4
14209710,2022-04-22,14,1.4242857142857144,19.94,2.45,14,-0.8240050311715528,2.902765385478443e-4
14209710,2022-04-23,14,1.707142857142857,23.9,3.11,14,-0.8941727747062065,1.608766581621983e-5
14209710,2022-04-24,14,1.6964285714285714,23.75,3.06,14,-0.9146539850621698,4.632422466225744e-6
14209710,2022-04-25,14,0.9271428571428572,12.98,1.62,14,-0.9299523765278938,1.464713109118665e-6
14209710,2022-04-26,14,1.1357142857142857,15.9,2.13,14,-0.7170343270486563,0.0038988327145784356
14209710,2022-04-27,14,1.2292857142857143,17.21,2.3,14,-0.7077715048032135,0.004625636369409758
14209710,2022-04-28,14,0.9550000000000001,13.370000000000001,1.77,14,-0.3476726851814075,0.22320832770175172
14209710,2022-04-29,14,1.0107142857142857,14.15,2.04,14,-0.8541211398977147,1.0084737761266591e-4
14209710,2022-04-30,14,1.0871428571428572,15.22,1.83,14,-0.24437048242011006,0.39979975412286395
14209710,2022-05-01,14,1.4521428571428572,20.33,2.75,14,-0.9430483729168032,4.354388905959472e-7
14209710,2022-05-02,14,0.9735714285714285,13.63,1.79,14,-0.6849112128613034,0.00687607216473157
14209710,2022-05-03,14,1.0864285714285713,15.209999999999999,1.88,14,-0.7186590257201413,0.0037811747482080845
14209710,2022-05-04,14,1.6671428571428573,23.34,2.91,14,-0.9462791756471963,3.089012759789457e-7
14209710,2022-05-05,15,0.47533333333333333,7.13,0.88,15,-0.91435318658244,1.843957824453771e-6
14209710,2022-05-06,15,0.71,10.65,1.62,15,-0.8517185843652049,5.587456379874802e-5
14209710,2022-05-07,15,1.024,15.36,2.06,15,-0.5238222926365004,0.04505072195143814
14209710,2022-05-08,15,0.9446666666666667,14.17,1.86,15,-0.9907524065234111,1.1558910923685186e-12
14209710,2022-05-09,15,1.1966666666666668,17.95,2.27,15,-0.9711792051838225,1.7840403422449351e-9
14209710,2022-05-10,15,1.5673333333333332,23.51,2.82,15,-0.9639461722135295,7.514766683411066e-9
14209710,2022-05-11,15,1.384,20.76,2.82,15,-0.9841080384087391,3.8412451740306996e-11
14209710,2022-05-12,15,0.6866666666666666,10.3,1.41,15,-0.7933059044120577,4.166536623375044e-4
14209710,2022-05-13,15,0.8726666666666667,13.09,1.86,15,-0.9709709552861271,1.8685759345284367e-9
14209710,2022-05-14,15,1.1433333333333333,17.15,2.16,15,-0.9035188482585497,3.893771092546789e-6
14209710,2022-05-15,15,0.7173333333333334,10.76,1.3,15,-0.9881156363654576,5.8658772488206065e-12
14209710,2022-05-16,15,1.1693333333333333,17.54,2.16,15,-0.8748036293465404,1.9713119562058956e-5
14209710,2022-05-17,15,1.648,24.72,3.04,15,-0.9661585276814889,5.00580390715029e-9
14209710,2022-05-18,15,0.9573333333333334,14.36,1.98,15,-0.7284927963857739,0.0020686679120494626
14209710,2022-05-19,15,1.3273333333333333,19.91,2.27,15,-0.7861289227152034,5.105441533381751e-4
14209710,2022-05-20,15,1.0973333333333333,16.46,1.82,15,-0.9421524062777186,1.5402787914952246e-7
14209710,2022-05-21,15,1.898,28.47,3.3,15,-0.982921666718331,6.116145428685362e-11
14209710,2022-05-22,15,1.6926666666666668,25.39,2.93,15,-0.9759375949109557,5.584666789306696e-10
14209710,2022-05-23,15,1.482,22.23,2.7,15,-0.9446564649933216,1.1623345124210171e-7
14209710,2022-05-24,15,1.174,17.61,2.52,15,-0.9281486596915837,6.091076611623741e-7
14209710,2022-05-25,15,1.4193333333333333,21.29,2.7,15,-0.9307467430616566,4.824977383206395e-7
14209710,2022-05-26,16,0.79,12.64,1.69,16,-0.8189483078772873,1.0439955890883081e-4
14209710,2022-05-27,16,0.7525,12.04,1.62,16,-0.41498218707821716,0.10996847336264365
14209710,2022-05-28,16,0.600625,9.61,1.53,16,-0.8829922485416323,5.877836330153362e-6
14209710,2022-05-29,16,1.015625,16.25,2.32,16,-0.5454712171055607,0.02885637476894723
14209710,2022-05-30,16,1.194375,19.11,2.43,16,-0.9074748218021791,1.215255075813738e-6
14209710,2022-05-31,16,1.754375,28.07,3.11,16,-0.9765954998681405,9.696718343936285e-11
14209710,2022-06-01,16,1.265625,20.25,2.48,16,-0.93150922445805,1.579743046001725e-7
14209710,2022-06-02,16,1.27,20.32,2.19,16,-0.9437831688185493,4.098058859244284e-8
14209710,2022-06-03,16,0.73875,11.82,1.99,16,-0.5781912411387226,0.018972050028305376
14209710,2022-06-04,16,0.459375,7.35,1.02,16,-0.7882224760274481,2.8657655331742283e-4
14209710,2022-06-05,16,1.0325,16.52,1.95,16,-0.853006052740312,2.671294974353755e-5
14209710,2022-06-06,16,1.105,17.68,1.99,16,-0.5633442007173648,0.023064593046603465
14209710,2022-06-07,16,1.26,20.16,2.89,16,-0.9497818512310866,1.8902817261943233e-8
14209710,2022-06-08,16,1.529375,24.47,2.81,16,-0.8829631902161857,5.887590906700648e-6
14209710,2022-06-09,16,0.57875,9.26,1.34,16,-0.7345524720528098,0.0011921917572341803
14209710,2022-06-10,16,0.5075,8.12,1.06,16,-0.5329915783026611,0.03351573098218826
14209710,2022-06-11,16,0.8475,13.56,1.51,16,-0.5899918380163302,0.016140532577179255
14209710,2022-06-12,16,0.61375,9.82,1.34,16,-0.7131622524602921,0.0019256294187115336
14209710,2022-06-13,16,0.74125,11.86,1.4,16,-0.7027282429844505,0.002397436571531003
14209710,2022-06-14,16,1.2149999999999999,19.439999999999998,2.26,16,-0.8621086116362345,1.7514141326571657e-5
14209710,2022-06-15,16,0.978125,15.65,2.02,16,-0.9767568689548134,9.242241519134494e-11
14209710,2022-06-16,16,1.283125,20.53,2.54,16,-0.8603949123149499,1.900506031515675e-5
14209710,2022-06-17,16,0.61625,9.86,1.45,16,-0.24601736943944563,0.35837154960375317
14209710,2022-06-18,16,0.87875,14.06,1.71,16,-0.7059430797758499,0.0022430611502401035
14209710,2022-06-19,16,0.87375,13.98,1.63,16,-0.7601819971465777,6.311575627104198e-4
14209710,2022-06-20,16,1.540625,24.65,2.91,16,-0.9478569553435529,2.4470106854039866e-8
14209710,2022-06-21,16,1.89,30.24,3.4,16,-0.9369047661581679,9.025174280846285e-8
14209710,2022-06-22,16,1.740625,27.85,3.01,16,-0.9267406785576607,2.498082386682453e-7
14209710,2022-06-23,16,2.0124999999999997,32.199999999999996,3.55,16,-0.8280593695732923,7.462818054244152e-5
14209710,2022-06-24,16,1.995625,31.93,3.52,16,-0.8975705021898,2.4103122407914883e-6
14209710,2022-06-25,16,1.983125,31.73,3.5,16,-0.9137621888582917,7.553809542758074e-7
14209710,2022-06-26,16,1.944375,31.11,3.44,16,-0.917089279132711,5.787391419139171e-7
14209710,2022-06-27,16,1.919375,30.71,3.41,16,-0.8709437289453378,1.1290740646095283e-5
14209710,2022-06-28,16,0.90625,14.5,1.68,16,-0.7700070109477118,4.8452916322518785e-4
14209710,2022-06-29,16,1.466875,23.47,2.97,16,-0.8637498102965498,1.6179610464184637e-5
14209710,2022-06-30,16,1.753125,28.05,3.37,16,-0.8936494487361394,3.1017811326450938e-6
14209710,2022-07-01,16,1.481875,23.71,3,16,-0.8864274347351955,4.8165345136227485e-6
14209710,2022-07-02,16,0.99375,15.9,2.11,16,-0.8692744322597088,1.2296602707472193e-5
14209710,2022-07-03,16,1.169375,18.71,2.28,16,-0.879152775814632,7.2908151708472755e-6
14209710,2022-07-04,16,1.661875,26.59,3.12,16,-0.8782010813770115,7.68215519006685e-6
14209710,2022-07-05,16,0.88625,14.18,1.63,16,-0.6358935890714918,0.008103252752221032
14209710,2022-07-06,16,0.954375,15.27,1.73,16,-0.7138881856340337,0.0018958431856554586
14209710,2022-07-07,15,1.3800000000000001,20.7,2.6,15,-0.9030734950596357,4.007666509132834e-6
14209710,2022-07-08,15,1.8153333333333332,27.23,3.17,15,-0.918365341208853,1.363352270640532e-6
14209710,2022-07-09,15,1.7906666666666666,26.86,3.16,15,-0.8886213958683166,9.54167386869895e-6
14209710,2022-07-10,15,1.8326666666666667,27.490000000000002,3.12,15,-0.9142136584695287,1.8629301999675149e-6
14209710,2022-07-11,15,1.9953333333333334,29.93,3.4,15,-0.9562937705062245,2.5775969585363567e-8
14209710,2022-07-12,15,1.9546666666666666,29.32,3.32,15,-0.9159635394327095,1.63641446573335e-6
14209710,2022-07-13,15,1.938,29.07,3.38,15,-0.8601530210844138,3.9007856996676235e-5
14209710,2022-07-14,15,2.022,30.33,3.42,15,-0.9263190851439216,7.140439767323188e-7
14209710,2022-07-15,15,1.954,29.31,3.27,15,-0.9254196457406045,7.709338303811519e-7
14209710,2022-07-16,15,1.212,18.18,2.19,15,-0.8533361057620641,5.2243109670248666e-5
14209710,2022-07-17,15,1.55,23.25,2.74,15,-0.8680443665265144,2.7278463849574793e-5
14209710,2022-07-18,15,1.806,27.09,3.34,15,-0.9103007881017804,2.4655215137846345e-6
14209710,2022-07-19,15,1.9833333333333334,29.75,3.36,15,-0.9388750015819721,2.186216457702609e-7
14209710,2022-07-20,15,1.9473333333333334,29.21,3.32,15,-0.9173596434570209,1.4726397068828609e-6
14209710,2022-07-21,15,1.766,26.49,3.03,15,-0.9171507281912705,1.4962365941725943e-6
14209710,2022-07-22,15,1.624,24.36,3.03,15,-0.8389326246438562,9.259882923320831e-5
14209710,2022-07-23,15,1.632,24.48,3.21,15,-0.8811460971289278,1.4285453131187096e-5
14209710,2022-07-24,15,1.914,28.71,3.32,15,-0.931725928217832,4.4089850394877606e-7
14209710,2022-07-25,15,1.9246666666666667,28.87,3.34,15,-0.9267480597834389,6.881753213648104e-7
14209710,2022-07-26,15,1.84,27.6,3.23,15,-0.9048337559981382,3.573123487023669e-6
14209710,2022-07-27,15,1.7673333333333334,26.51,3.15,15,-0.8688723691611819,2.623945036858553e-5
14209710,2022-07-28,15,1.7766666666666666,26.65,3.14,15,-0.895441283955303,6.436186748968301e-6
14209710,2022-07-29,15,1.8373333333333333,27.56,3.22,15,-0.8982471251750019,5.430857054278702e-6
14209710,2022-07-30,15,1.6626666666666667,24.94,2.97,15,-0.8838296452604851,1.2397643811761549e-5
14209710,2022-07-31,15,1.576,23.64,2.96,15,-0.8068810075603084,2.7749500242433346e-4
14209710,2022-08-01,15,1.296,19.44,2.58,15,-0.8096996914962931,2.540416969986827e-4
14209710,2022-08-02,15,1.7633333333333332,26.45,3.23,15,-0.8999609507001842,4.883877006735791e-6
14209710,2022-08-03,15,1.786,26.79,3.24,15,-0.9026082529773257,4.1296018216429505e-6
14209710,2022-08-04,15,1.47,22.05,2.63,15,-0.8250899692386037,1.5275940085775102e-4
14209710,2022-08-05,15,1.87,28.05,3.29,15,-0.8985679693050481,5.324749567217023e-6
14209710,2022-08-06,15,1.844,27.66,3.27,15,-0.9084197229843419,2.808509473942971e-6
14209710,2022-08-07,15,1.7693333333333334,26.54,3.16,15,-0.8857929858868872,1.1151975993405962e-5
14209710,2022-08-08,15,1.366,20.49,2.29,15,-0.8764268760199652,1.8183699702236816e-5
14209710,2022-08-10,15,0.86,12.9,1.74,15,-0.6169970956098424,0.014277131422875304
14209710,2022-08-11,15,1.7486666666666666,26.23,3.15,15,-0.9108438923947444,2.3732727754512003e-6
14209710,2022-08-12,15,1.4113333333333333,21.169999999999998,2.51,15,-0.8666880513922278,2.9053993293605984e-5
14209710,2022-08-13,14,1.3992857142857142,19.59,2.46,14,-0.8644359810189807,6.648647569121132e-5
14209710,2022-08-14,14,1.87,26.18,3.16,14,-0.8843930195837896,2.6748559733090063e-5
14209710,2022-08-15,14,1.85,25.9,3.12,14,-0.9074570270292885,7.4102076635064115e-6
14209710,2022-08-16,14,1.8414285714285714,25.78,3.12,14,-0.9053439869745404,8.445353238766999e-6
14209710,2022-08-17,14,1.572857142857143,22.02,2.95,14,-0.8800698568055397,3.301787302228641e-5
14209710,2022-08-18,14,0.93,13.02,1.9,14,0.12313592032240779,0.6749391715788496
14209710,2022-08-19,14,1.2021428571428572,16.83,2.27,14,-0.8588067068149082,8.379414726351763e-5
14209710,2022-08-20,14,1.1521428571428571,16.13,2.22,14,-0.8507395644700148,1.1482587109649569e-4
14209710,2022-08-21,14,1.5871428571428572,22.22,2.74,14,-0.8357354699383615,1.9713488682991968e-4
14209710,2022-08-22,14,1.6585714285714286,23.22,2.91,14,-0.8447247494799123,1.435603682324439e-4
14209710,2022-08-23,14,1.6635714285714285,23.29,2.92,14,-0.8845856719741677,2.649367303124266e-5
14209710,2022-08-24,14,1.622142857142857,22.71,2.91,14,-0.8904511607153355,1.963088070396573e-5
14209710,2022-08-25,14,1.595,22.33,2.88,14,-0.8308928468405065,2.3208837008504573e-4
14209710,2022-08-26,14,1.1807142857142858,16.53,2.39,14,-0.7108094312675963,0.004376481086519271
14209710,2022-08-27,14,1.2085714285714286,16.919999999999998,2.22,14,-0.9016860632588216,1.0516749989373933e-5
14209710,2022-08-28,14,1.627857142857143,22.79,2.96,14,-0.8531457340590592,1.0472906243095527e-4
14209710,2022-08-29,14,1.6264285714285716,22.77,2.91,14,-0.8482001308087287,1.2632504493420834e-4
14209710,2022-08-30,14,1.5835714285714286,22.169999999999998,2.84,14,-0.8511757200992369,1.1293932157775371e-4
14209710,2022-08-31,14,1.5257142857142858,21.36,2.75,14,-0.7696695123162716,0.001285353283177013
14209710,2022-09-01,13,1.7361538461538462,22.57,2.95,13,-0.8361507969172068,3.6860479132142464e-4
14209710,2022-09-02,13,1.4446153846153846,18.78,2.55,13,-0.7389527819274723,0.0039047281411708585
14209710,2022-09-03,13,1.176923076923077,15.3,1.96,13,-0.46335123569211706,0.11078784360041619
14209710,2022-09-04,13,1.5123076923076924,19.66,2.55,13,-0.86557660390739,1.31685192955972e-4
14209710,2022-09-05,13,1.7561538461538462,22.830000000000002,2.93,13,-0.8082421679775157,8.269818939152804e-4
14209710,2022-09-06,13,1.7007692307692308,22.11,2.86,13,-0.8514794561397979,2.2152633915199378e-4
14209710,2022-09-07,13,1.3792307692307693,17.93,2.34,13,-0.7215390969783946,0.005367751168304448
14209710,2022-09-08,13,1.7353846153846155,22.560000000000002,2.93,13,-0.8087696974679813,8.15429644522138e-4
14209710,2022-09-09,13,1.7146153846153847,22.29,2.89,13,-0.817724558847595,6.379755097992759e-4
14209710,2022-09-10,13,1.1438461538461537,14.87,2.15,13,-0.6466979461152759,0.016907432740645913
14209710,2022-09-11,13,0.6838461538461539,8.89,1.36,13,-0.6257949968732195,0.022148118974143267
14209710,2022-09-12,13,1.0415384615384615,13.54,1.79,13,-0.7088040506907377,0.0066803473444226645
14209710,2022-09-13,13,0.6746153846153846,8.77,1.35,13,-0.5097965890909413,0.07512219980048229
14209710,2022-09-14,13,0.7538461538461538,9.8,1.44,13,-0.2996580538711325,0.31989442603249496
14209710,2022-09-15,13,0.9261538461538461,12.04,2.02,13,-0.1997805813930737,0.5128622563419307
14209710,2022-09-16,12,0.9141666666666667,10.969999999999999,1.46,12,-0.6050684604716969,0.03710973809991031
14209710,2022-09-17,12,1.2016666666666667,14.42,2.11,12,-0.6760300400750633,0.015801981939249195
14209710,2022-09-18,12,1.1758333333333333,14.11,2.3,12,-0.5284494190622286,0.07734954856769155
14209710,2022-09-19,12,1.4883333333333333,17.86,2.56,12,-0.8175270455889571,0.0011624739445344411
14209710,2022-09-20,12,1.5274999999999999,18.33,2.53,12,-0.7736657030497143,0.0031531618582976216
14209710,2022-09-21,12,1.03,12.36,2,12,-0.37729956293315986,0.22663561837246227
14209710,2022-09-22,12,0.8708333333333333,10.45,1.67,12,-0.4514478256165604,0.1406998472959205
14209710,2022-09-23,12,1.4916666666666667,17.9,2.55,12,-0.8204418954091094,0.0010781525087788164
14209710,2022-09-24,12,1.5283333333333333,18.34,2.54,12,-0.8059486698662919,0.001548648647561609
14209710,2022-09-25,12,1.4916666666666667,17.9,2.5,12,-0.8517652906001376,4.3709213241165514e-4
14209710,2022-09-26,12,1.3808333333333334,16.57,2.35,12,-0.7633102032500246,0.0038697416904438144
14209710,2022-09-27,12,1.2483333333333333,14.98,2.19,12,-0.7001489461700722,0.01123254882632881
14209710,2022-09-28,12,0.7266666666666667,8.72,1.37,12,-0.2599468010613895,0.41452919899571705
14209710,2022-09-29,12,0.6875,8.25,1.17,12,0.08445841450536547,0.7941172969884557
14209710,2022-09-30,12,1.1875,14.25,2.28,12,-0.763822208524089,0.0038316543217652207
14209710,2022-10-01,12,1.3825,16.59,2.37,12,-0.7744089641558737,0.0031059293113739612
14209710,2022-10-02,12,1.2833333333333334,15.4,2.23,12,-0.6353647644768565,0.026406386044186107
14209710,2022-10-03,12,1.2216666666666667,14.66,2.18,12,-0.613251976638522,0.033958567769203904
14209710,2022-10-04,12,0.8483333333333333,10.18,1.53,12,-0.6220131928002592,0.03080242575566257
14209710,2022-10-05,12,0.9558333333333333,11.47,1.81,12,-0.667368621474272,0.017736118651825523
14209710,2022-10-07,12,1.075,12.9,1.97,12,-0.7416350147761405,0.005763092594321917
14209710,2022-10-08,12,1.1425,13.709999999999999,2.1,12,-0.7146924165863653,0.009001997245015627
14209710,2022-10-09,12,1.1508333333333334,13.81,2.11,12,-0.5861633080122001,0.04517753200967299
14209710,2022-10-10,12,1.0583333333333333,12.7,1.91,12,-0.5587702041971506,0.05895781364800693
14209710,2022-10-11,12,1.2616666666666667,15.14,2.25,12,-0.5549474318141928,0.06108913824701546
14209710,2022-10-12,12,1.2483333333333333,14.98,2.23,12,-0.6375705077022583,0.025726460752014246
14209710,2022-10-13,12,1.2175,14.610000000000001,2.2,12,-0.6987928401413961,0.011459638711896265
14209710,2022-10-14,12,1.1833333333333333,14.2,2.18,12,-0.6539235911934538,0.021074618664521087
14209710,2022-10-15,12,1.1583333333333334,13.9,2.14,12,-0.6797676515486982,0.015017212084898071
14209710,2022-10-16,12,1.045,12.54,1.96,12,-0.5833682306766331,0.04646735755334631
14209710,2022-10-17,11,1.009090909090909,11.1,1.9,11,-0.3317596190494797,0.3189085436455874
14209710,2022-10-18,11,1.1327272727272728,12.459999999999999,1.98,11,-0.4482119086238802,0.16678833736518153
14209710,2022-10-19,10,1.227,12.27,1.96,10,-0.5403317407557304,0.10686344964026304
14209710,2022-10-20,10,0.8220000000000001,8.22,1.36,10,-0.49473181839614966,0.1460263145285186
14209710,2022-10-21,10,0.28,2.8,0.5,10,-0.5937732467641517,0.07032146961261773
14209710,2022-10-22,10,0.81,8.1,1.38,10,0.6224119971649633,0.05463317027790076
14209710,2022-10-23,10,0.825,8.25,1.31,10,0.08916997639922851,0.8064842635136515
14209710,2022-10-24,10,0.449,4.49,0.86,10,0.1394047268348937,0.7009096364779435
14209710,2022-10-25,10,0.457,4.57,0.86,10,-0.55745725156132,0.09408363628485016
14209710,2022-10-26,10,0.679,6.79,1.23,10,0.01681681984990403,0.9632236083180802
14209710,2022-10-27,10,1.075,10.75,1.77,10,-0.4743179208963857,0.1660375086378501
14209710,2022-10-28,10,0.382,3.82,0.67,10,-0.18867471324533677,0.6016551925009223
14209710,2022-10-29,10,0.598,5.9799999999999995,0.96,10,-0.27695823500356137,0.4385260713235437
14209710,2022-10-30,10,0.313,3.13,0.55,10,0.14103619136412424,0.6975472066152069
14209710,2022-10-31,10,0.191,1.91,0.3,10,0.42267203328983993,0.22363264456553109
14209710,2022-11-01,10,0.515,5.15,0.88,10,-0.054056068673547834,0.8820972709673629
14209710,2022-11-02,10,0.485,4.85,0.82,10,0.08274324166238393,0.8202332887738937
14209710,2022-11-03,10,0.446,4.46,0.79,10,0.12093757471868825,0.7392845132647544
14209710,2022-11-04,10,0.076,0.76,0.12,10,-0.9743860181149713,1.825889973699016e-6
14209710,2022-11-05,10,0.532,5.32,0.88,10,NA,NA
14209710,2022-11-07,10,0.328,3.2800000000000002,0.55,10,-0.4566116604886569,0.1846555780599605
14209710,2022-11-09,10,0.962,9.62,1.68,10,-0.7529469661657899,0.011946181458263863
14209710,2022-11-10,10,0.688,6.88,1.23,10,-0.9281362064226291,1.0692158118599255e-4
14209710,2022-11-11,10,0.389,3.8899999999999997,0.71,10,-0.8676248728630028,0.0011415438998861928
14209710,2022-11-12,10,0.826,8.26,1.43,10,-0.8825118940438678,7.217243034745373e-4
14209710,2022-11-13,10,0.755,7.55,1.34,10,-0.954541361163348,1.7682898345050893e-5
14209710,2022-11-14,10,0.93,9.3,1.61,10,-0.8975782153092711,4.247614536584298e-4
14209710,2022-11-15,10,0.932,9.32,1.61,10,-0.950873818039456,2.4010144864409716e-5
14209710,2022-11-16,10,0.918,9.18,1.58,10,-0.9555362816847707,1.6204589448532515e-5
14209710,2022-11-17,10,0.877,8.77,1.54,10,-0.7497501705387484,0.012523697783540764
14209710,2022-11-18,10,0.915,9.15,1.59,10,-0.8529963105571555,0.0017043056781688066
14209710,2022-11-19,10,0.883,8.83,1.56,10,-0.9427661211920838,4.379719170064279e-5
14209710,2022-11-20,10,0.7829999999999999,7.83,1.46,10,-0.9475018165797748,3.1183813020198876e-5
14209710,2022-11-21,10,0.486,4.86,0.88,10,-0.9740440190859156,1.92458041960158e-6
14209710,2022-11-22,10,0.236,2.36,0.45,10,-0.932725232497792,8.25824243860328e-5
14209710,2022-11-23,10,0.456,4.56,0.83,10,-0.6648478531431995,0.03595189033741668
14209710,2022-11-24,10,0.719,7.19,1.28,10,-0.933748424896365,7.776966323027026e-5
14209710,2022-11-25,10,0.189,1.8900000000000001,0.44,10,-0.9457559355278481,3.546769940032901e-5
14209710,2022-11-26,10,0.434,4.34,0.8,10,-0.8572549149191759,0.001523429006000962
14209710,2022-11-27,10,0.316,3.16,0.56,10,-0.319801074533416,0.3676981148519755
14209710,2022-11-28,10,0.491,4.91,0.89,10,-0.44879417076257155,0.19324997618966677
14209710,2022-11-29,10,0.297,2.97,0.55,10,-0.6201736729460413,0.055766528900996655
14209710,2022-11-30,10,0.367,3.67,0.71,10,NA,NA
14209710,2022-12-01,9,0.45666666666666667,4.11,0.73,9,-0.7548711866766246,0.01871184326994665
14209710,2022-12-02,9,0.39111111111111113,3.52,0.67,9,-0.7263697144827497,0.026672102426231283
14209710,2022-12-03,9,0.6688888888888889,6.0200000000000005,1.12,9,-0.1250000000000001,0.7486445487540936
14209710,2022-12-04,9,0.14666666666666667,1.32,0.25,9,-0.4010037656936688,0.28478428930432065
14209710,2022-12-05,9,0.6211111111111112,5.59,1.1,9,-0.8814140663175969,0.0016807002251205258
14209710,2022-12-06,9,0.3277777777777778,2.95,0.57,9,-0.8813688669027598,0.0016828661863859556
14209710,2022-12-07,9,0.3566666666666667,3.21,0.66,9,-0.4609772228646443,0.21171181632296454
14209710,2022-12-08,9,0.19111111111111112,1.72,0.36,9,-0.3567386206158735,0.3459844445485101
14209710,2022-12-09,8,0.12125,0.97,0.17,8,-0.6872329711433427,0.05966947049080742
14209710,2022-12-10,9,0.30777777777777776,2.77,0.55,9,-0.6760070463627204,0.04561170582361208
14209710,2022-12-11,9,0.24222222222222223,2.18,0.41,9,-0.07352941176470543,0.8508803601242936
14209710,2022-12-12,9,0.38666666666666666,3.48,0.69,9,-0.8028965419920892,0.009176424559586765
14209710,2022-12-13,9,0.3477777777777778,3.13,0.62,9,-0.11607142857142659,0.7661799157894232
14209710,2022-12-14,9,0.63,5.67,1.07,9,0.191560273837671,0.6214938506563618
14209710,2022-12-15,9,0.71,6.39,1.19,9,-0.8084520834544411,0.008350925121947942
14209710,2022-12-16,9,0.7433333333333333,6.69,1.27,9,-0.8209616713358743,0.006679277413230102
14209710,2022-12-17,9,0.5366666666666666,4.83,0.95,9,-0.816496580927726,0.007246989820287883
14209710,2022-12-18,9,0.36666666666666664,3.3,0.62,9,-0.8347635650181477,0.005116782231893687
14209710,2022-12-19,9,0.35888888888888887,3.23,0.6,9,-0.8767945989619057,0.0019122286468392076
14209710,2022-12-20,9,0.19666666666666668,1.77,0.34,9,-0.7161466441809288,0.029993158577065072
14209710,2022-12-21,9,0.6444444444444445,5.8,1.1,9,-0.3535533905932706,0.3506166628202121
14209710,2022-12-22,9,0.33666666666666667,3.0300000000000002,0.59,9,-0.9659546080660382,2.3188776120649423e-5
14209710,2022-12-23,9,0.18222222222222223,1.6400000000000001,0.3,9,-0.9571181525287655,5.155226154444715e-5
14209710,2022-12-24,9,0.17444444444444446,1.57,0.36,9,-0.9297215634327171,2.8272293363898e-4
14209710,2022-12-25,9,0.20555555555555555,1.85,0.44,9,-0.9601394979427886,4.0039170863333635e-5
14209710,2022-12-26,9,0.15222222222222223,1.37,0.26,9,-0.9107651110783742,6.399060155171821e-4
14209710,2022-12-27,9,0.08444444444444445,0.76,0.14,9,NA,NA
14209710,2022-12-28,9,0.35777777777777775,3.2199999999999998,0.6,9,-0.9306546150008391,2.700531465986592e-4
14209710,2022-12-29,9,0.2788888888888889,2.5100000000000002,0.58,9,-0.8017837257372733,0.009348153337194985
14209710,2022-12-30,9,0.19333333333333333,1.74,0.32,9,-0.4488328116984574,0.2255688405032941
14209710,2022-12-31,9,0.35555555555555557,3.2,0.61,9,-0.8210255053497317,0.006671388362124263
14209710,2023-01-01,9,0.5566666666666666,5.01,0.89,9,-0.7905694150420949,0.01120143255409012
14209710,2023-01-02,9,0.3422222222222222,3.08,0.62,9,NA,NA
14209710,2023-01-03,9,0.3877777777777778,3.49,0.64,9,-0.9296260245144508,2.840433571544181e-4
14209710,2023-01-04,9,0.18444444444444444,1.66,0.31,9,-0.47245559126153347,0.19905953953787886
14209710,2023-01-05,9,0.2788888888888889,2.5100000000000002,0.53,9,-0.9246347900384755,3.5923339209786485e-4
14209710,2023-01-06,9,0.3622222222222222,3.26,0.61,9,-0.9223780407186636,3.9741562977531797e-4
14209710,2023-01-07,9,0.2177777777777778,1.96,0.37,9,-0.6860641654305725,0.041298216674596024
14209710,2023-01-08,9,0.3433333333333333,3.09,0.64,9,NA,NA
14209710,2023-01-09,9,0.33555555555555555,3.02,0.58,9,-0.5132649025747348,0.1575976634322381
14209710,2023-01-10,9,0.40222222222222226,3.62,0.68,9,-0.8310768770157226,0.005506597097818432
14209710,2023-01-11,9,0.2577777777777778,2.32,0.57,9,-0.8439249387982207,0.004230551117788334
14209710,2023-01-12,9,0.1688888888888889,1.52,0.31,9,-0.9010620861094607,9.094419462631045e-4
14209710,2023-01-13,9,0.2822222222222222,2.54,0.44,9,-0.9296696802013685,2.834394648423397e-4
14209710,2023-01-14,9,0.3022222222222222,2.7199999999999998,0.49,9,-0.9486832980505139,9.584590571929115e-5
14209710,2023-01-15,9,0.23333333333333334,2.1,0.39,9,NA,NA
14209710,2023-01-16,9,0.57,5.13,0.95,9,-0.39528470752104655,0.29235199244023946
14209710,2023-01-17,9,0.4022222222222222,3.62,0.65,9,-0.7735659346940955,0.01445929932256122
14209710,2023-01-18,9,0.39555555555555555,3.56,0.65,9,NA,NA
14209710,2023-01-19,9,0.48,4.32,0.77,9,-0.7729879516809974,0.014579976758837411
14209710,2023-01-20,9,0.6311111111111111,5.68,1.02,9,-0.7445128360594765,0.02139085535260364
14209710,2023-01-21,9,0.41333333333333333,3.72,0.68,9,-0.6776718456854902,0.044878598991251226
14209710,2023-01-22,9,0.5122222222222222,4.61,0.91,9,-0.890855312834692,0.0012692247538205249
14209710,2023-01-23,9,0.7644444444444445,6.88,1.26,9,-0.9530532196894564,7.049632441062916e-5
14209710,2023-01-24,9,0.6955555555555556,6.26,1.17,9,-0.9481319085756893,9.944472005926893e-5
14209710,2023-01-25,9,0.65,5.8500000000000005,1.03,9,-0.8662988929826824,0.0025186264198022164
14209710,2023-01-26,9,0.5611111111111111,5.05,0.91,9,-0.898026510133875,0.0010078164296789818
14209710,2023-01-27,9,0.6088888888888889,5.48,0.96,9,-0.9327448043344289,2.4312680960725212e-4
14209710,2023-01-28,9,0.4477777777777778,4.03,0.73,9,-0.6735198826004077,0.04672118215711932
14209710,2023-01-29,9,1.1577777777777778,10.42,1.78,9,-0.7980074688861071,0.009947070879018404
14209710,2023-01-30,9,1.1133333333333333,10.02,1.75,9,-0.913832218505839,5.679222796702348e-4
14209710,2023-01-31,9,0.6888888888888889,6.2,1.05,9,-0.9768967564319543,6.033883027543382e-6
14209710,2023-02-01,9,1.008888888888889,9.08,1.58,9,-0.9256143063882573,3.4349183694600823e-4
14209710,2023-02-02,10,0.71,7.1,1.22,10,-0.9539723792351247,1.857206820511605e-5
14209710,2023-02-03,10,0.33099999999999996,3.31,0.7,10,-0.3228537249085046,0.36288266582327977
14209710,2023-02-04,10,0.289,2.89,0.51,10,-0.8817306247626557,7.403881848176338e-4
14209710,2023-02-05,11,0.3281818181818182,3.61,0.56,11,0.06693494407521042,0.844973266094692
14209710,2023-02-06,11,0.36636363636363634,4.03,0.71,11,-0.8546314230212301,8.046355897280605e-4
14209710,2023-02-07,11,0.29454545454545455,3.24,0.55,11,-0.6875074677088897,0.019395366459783406
14209710,2023-02-09,11,0.9954545454545455,10.95,1.82,11,-0.9410784860443695,1.572529389005977e-5
14209710,2023-02-10,11,0.6872727272727273,7.56,1.29,11,-0.9066580512795486,1.1849037454454609e-4
14209710,2023-02-11,11,0.9390909090909091,10.33,1.66,11,-0.7524171640962408,0.00754518218402286
14209710,2023-02-12,11,0.8509090909090908,9.36,1.48,11,-0.8751056013894127,4.1911162056973975e-4
14209710,2023-02-13,11,0.51,5.61,1.04,11,0.4604554601361921,0.1540970440501809
14209710,2023-02-14,11,0.8027272727272727,8.83,1.46,11,-0.7171447287586742,0.012991380306453233
14209710,2023-02-15,11,1.0318181818181817,11.35,1.86,11,-0.8911286811903433,2.3142674634644213e-4
14209710,2023-02-16,11,0.61,6.71,1.08,11,-0.938982600447259,1.8347409395260597e-5
14209710,2023-02-17,11,0.63,6.93,1.16,11,-0.9142558615204774,8.177955335348518e-5
14209710,2023-02-18,11,0.5563636363636364,6.12,0.94,11,-0.9001103752759383,1.5920453172203254e-4
14209710,2023-02-19,11,0.5345454545454545,5.88,1.22,11,-0.595621911264433,0.05317175380115459
14209710,2023-02-20,11,0.42818181818181816,4.71,0.94,11,-0.8359888199995772,0.0013462125686359242
14209710,2023-02-21,11,0.5054545454545455,5.56,0.91,11,-0.8193717881174661,0.0020261888766213093
14209710,2023-02-22,11,0.4690909090909091,5.16,0.92,11,-0.5795545359008999,0.061669230024220846
14209710,2023-02-23,11,0.7872727272727272,8.66,1.32,11,-0.8389692132767396,0.0012452181197976431
14209710,2023-02-24,11,1.2527272727272727,13.78,2.22,11,-0.9181533343857731,6.671613534266167e-5
14209710,2023-02-25,11,1.2527272727272727,13.78,2.21,11,-0.9793357207538489,1.4893820635154243e-7
14209710,2023-02-26,11,0.5009090909090909,5.51,0.82,11,-0.1202670707647011,0.7246671537087244
14209710,2023-02-27,11,0.5054545454545455,5.5600000000000005,0.92,11,-0.9435140597691007,1.3051057367862769e-5
14209710,2023-02-28,11,0.49818181818181817,5.4799999999999995,0.79,11,-0.5846423030508112,0.05888546028318615
14209710,2023-03-01,11,0.9400000000000001,10.34,1.56,11,-0.8160142975453111,0.002189949418421625
14209710,2023-03-02,11,0.7136363636363636,7.8500000000000005,1.28,11,-0.3554908909566297,0.28331908355788576
14209710,2023-03-03,11,0.5454545454545454,6,1,11,-0.8101999124266567,0.0024966349964191097
14209710,2023-03-04,11,0.5363636363636364,5.9,0.87,11,-0.6323441177541771,0.03683091597656464
14209710,2023-03-05,11,0.6654545454545455,7.32,1.05,11,-0.5484473644990909,0.08064287962245703
14209710,2023-03-06,11,0.6172727272727273,6.79,1.18,11,-0.8074009054783267,0.0026551688131651358
14209710,2023-03-07,11,0.8318181818181818,9.15,1.35,11,-0.8883757661473866,2.5788792872156736e-4
14209710,2023-03-08,11,0.8545454545454546,9.4,1.47,11,-0.6794606422900769,0.021464625238895377
14209710,2023-03-09,11,0.4018181818181818,4.42,0.76,11,-0.7699923963053715,0.005568691616171636
14209710,2023-03-11,12,0.9058333333333334,10.87,1.66,12,-0.8339461480869195,7.470616587135554e-4
14209710,2023-03-13,12,0.41583333333333333,4.99,1.13,12,-0.22748945516027475,0.47703718596044387
14209710,2023-03-14,12,1.26,15.120000000000001,2.2,12,-0.9539065892264702,1.5163007307497498e-6
14209710,2023-03-15,12,0.9383333333333334,11.26,1.66,12,-0.4777072041285382,0.11625970159241654
14209710,2023-03-16,12,1.475,17.7,2.48,12,-0.9095333362076106,4.093174219020174e-5
14209710,2023-03-17,12,1.2816666666666667,15.38,2.43,12,-0.8899837853026964,1.0524261402166646e-4
14209710,2023-03-18,12,1.4308333333333334,17.17,2.51,12,-0.899763280925963,6.72070125997766e-5
14209710,2023-03-19,13,0.4176923076923077,5.43,0.93,13,-0.5879996030832326,0.034552493647582457
14209710,2023-03-20,13,0.5276923076923077,6.86,0.99,13,-0.2138471475931393,0.48297308860067056
14209710,2023-03-21,13,1.406153846153846,18.28,2.62,13,-0.8830627130395596,6.336638748558868e-5
14209710,2023-03-22,13,1.1930769230769231,15.51,2.32,13,-0.7831978125790057,0.0015425559325031777
14209710,2023-03-23,13,0.3953846153846154,5.14,0.85,13,-0.037085615584308645,0.9042608768952954
14209710,2023-03-24,13,0.693076923076923,9.01,1.53,13,-0.27035196731025746,0.37166876143674554
14209710,2023-03-25,13,0.8869230769230769,11.53,1.82,13,-0.8498003388803608,2.348582898790519e-4
14209710,2023-03-26,13,0.9223076923076923,11.99,1.82,13,-0.7717114978382204,0.0020006591259618123
14209710,2023-03-27,13,0.9969230769230769,12.96,2.1,13,-0.7700759536537184,0.0020736862882491046
14209710,2023-03-28,13,0.3946153846153846,5.13,0.97,13,-0.13386287124270074,0.6628448370664746
14209710,2023-03-29,13,1.0876923076923077,14.14,2.02,13,-0.8421630980921228,3.037821355618183e-4
14209710,2023-03-30,13,0.7784615384615384,10.12,1.64,13,-0.23599834006582923,0.4376138777646761
14209710,2023-03-31,13,0.47846153846153844,6.22,0.83,13,0.031230126035050095,0.919328878031921
14209710,2023-04-01,13,0.9561538461538461,12.43,1.81,13,-0.24871181388450253,0.41256838528033757
14209710,2023-04-02,13,0.6461538461538462,8.4,1.32,13,-0.4367198032067487,0.13567621246946246
14209710,2023-04-03,13,1.0892307692307692,14.16,2.06,13,-0.7858168066364826,0.0014506755857597166
14209710,2023-04-04,13,1.073076923076923,13.95,1.96,13,-0.5127601252417358,0.07316146080388257
14209710,2023-04-05,13,0.8138461538461539,10.58,1.52,13,-0.6793373244576055,0.010653155763903669
14209710,2023-04-06,13,0.41,5.33,0.77,13,-0.4025212610804755,0.17269149788915097
14209710,2023-04-07,13,0.8576923076923078,11.15,1.6,13,-0.6929406314093091,0.008643785480627424
14209710,2023-04-08,13,0.6530769230769231,8.49,1.09,13,-0.6439419307641568,0.017539061289402524
14209710,2023-04-09,13,0.3630769230769231,4.72,0.71,13,-0.40549815757294155,0.16923778895032954
14209710,2023-04-10,13,0.34923076923076923,4.54,0.65,13,-0.575451085526482,0.03961235685011022
14209710,2023-04-11,13,1.3284615384615384,17.27,2.57,13,-0.847683469734838,2.5256733368852807e-4
14209710,2023-04-12,14,1.1328571428571428,15.86,2.13,14,-0.6759277224591211,0.007962719946028337
14209710,2023-04-13,14,1.1199999999999999,15.68,2.06,14,-0.9190910548114787,3.3959080616760626e-6
14209710,2023-04-14,14,1.4992857142857143,20.990000000000002,2.7,14,-0.916853871536989,3.979952485748726e-6
14209710,2023-04-15,14,0.9478571428571428,13.27,1.68,14,-0.9097806588031407,6.394552303793919e-6
14209710,2023-04-16,14,0.6392857142857143,8.95,1.23,14,-0.49286405809014405,0.07334897865381919
14209710,2023-04-17,14,0.7871428571428571,11.02,2.14,14,-0.8317352935774892,2.2567256437602178e-4
14209710,2023-04-18,14,0.7928571428571429,11.1,1.53,14,-0.8029013980694233,5.454276855076913e-4
14209710,2023-04-19,14,1.0385714285714285,14.540000000000001,2,14,-0.385607716409345,0.17330494703778326
14209710,2023-04-20,14,0.395,5.53,1.04,14,-0.6319126475125728,0.015334696920656353
14209710,2023-04-21,14,0.9728571428571429,13.620000000000001,1.84,14,-0.8454598416645428,1.3976462226556057e-4
14209710,2023-04-22,14,1.1071428571428572,15.5,2.22,14,-0.9465126998468684,3.010854294216616e-7
14209710,2023-04-23,14,0.6271428571428571,8.78,1.41,14,-0.5190357236128996,0.05718590375861276
14209710,2023-04-24,14,1.2128571428571429,16.98,2.16,14,-0.7516814366578051,0.0019342803758857702
14209710,2023-04-25,14,1.7707142857142857,24.79,3.15,14,-0.9545930452480331,1.1470657844799722e-7
14209710,2023-04-26,14,1.6492857142857142,23.09,2.97,14,-0.9224483683634698,2.6530575235349236e-6
14209710,2023-04-27,14,1.88,26.32,3.19,14,-0.935259628296319,9.236685891190524e-7
14209710,2023-04-28,14,1.8699999999999999,26.18,3.19,14,-0.9715984634369654,7.127927188658523e-9
14209710,2023-04-29,14,1.8571428571428572,26,3.15,14,-0.9655921676304379,2.2243174328308298e-8
14209710,2023-04-30,14,0.9435714285714286,13.209999999999999,1.75,14,-0.9623483730464604,3.792218324741458e-8
14209710,2023-05-01,14,0.8807142857142857,12.33,1.79,14,-0.7326331695750097,0.0028801807406381654
14209710,2023-05-02,14,0.9828571428571429,13.76,1.73,14,-0.9461181221906572,3.143886944949895e-7
14209710,2023-05-03,14,1.4992857142857143,20.990000000000002,2.79,14,-0.9525812039140183,1.4813246220530136e-7
14209710,2023-05-04,14,0.37142857142857144,5.2,0.95,14,-0.9602823365158192,5.2016445855186884e-8
14209710,2023-05-05,14,0.7678571428571429,10.75,1.31,14,-0.7608140792042143,0.0015785645801462455
14209710,2023-05-06,15,1.0526666666666666,15.79,2.02,15,-0.8842385875746305,1.2129084988366581e-5
14209710,2023-05-07,15,1.2973333333333334,19.46,2.45,15,-0.8803003397766832,1.4927663611720096e-5
14209710,2023-05-08,15,1.2373333333333334,18.56,2.65,15,-0.638388757742455,0.010429913332080952
14209710,2023-05-10,15,1.7053333333333334,25.580000000000002,3.08,15,-0.8819711059277239,1.3681278941671675e-5
14209710,2023-05-11,15,1.7586666666666666,26.38,3.1,15,-0.9184080878482648,1.3588616766042487e-6
14209710,2023-05-12,15,1.8586666666666667,27.88,3.29,15,-0.9361733487313135,2.876845195344006e-7
14209710,2023-05-13,15,1.918,28.77,3.34,15,-0.937730329663395,2.459538966681289e-7
14209710,2023-05-14,15,1.8813333333333333,28.22,3.29,15,-0.9303870038375728,4.985838292221169e-7
14209710,2023-05-15,15,1.5486666666666666,23.23,3,15,-0.8020968197714914,3.2134478190663616e-4
14209710,2023-05-16,15,1.6973333333333334,25.46,3.1,15,-0.943119022693963,1.3837401293317404e-7
14209710,2023-05-17,15,1.8693333333333333,28.04,3.29,15,-0.9472276164714717,8.585381317939126e-8
14209710,2023-05-18,15,1.678,25.17,3.07,15,-0.9437022166583985,1.2959243329444959e-7
14209710,2023-05-19,15,1.804,27.06,3.25,15,-0.9485934221401049,7.264086881721207e-8
14209710,2023-05-20,15,1.6513333333333333,24.77,3.13,15,-0.929383265267878,5.458609556964287e-7
14209710,2023-05-21,15,0.88,13.200000000000001,1.57,15,-0.8080089207100385,2.679061839531413e-4
14209710,2023-05-22,15,1.0333333333333332,15.5,1.82,15,-0.7291381696316177,0.0020404220314579106
14209710,2023-05-23,15,1.2446666666666666,18.669999999999998,2.34,15,-0.9308479896159756,4.780496286060545e-7
14209710,2023-05-24,15,1.8286666666666667,27.43,3.28,15,-0.9279987071654421,6.171909224397619e-7
14209710,2023-05-25,15,1.918,28.77,3.3,15,-0.9484743116288958,7.37205180243921e-8
14209710,2023-05-26,16,1.605,25.68,3.02,16,-0.9318481717981408,1.527220473085488e-7
14209710,2023-05-27,16,1.48375,23.74,2.94,16,-0.8594575939999424,1.9864622602995375e-5
14209710,2023-05-28,16,1.631875,26.11,3.23,16,-0.8868061158857435,4.710137547461334e-6
14209710,2023-05-29,16,1.818125,29.09,3.4,16,-0.908388136305847,1.1365565266756927e-6
14209710,2023-05-30,16,1.48125,23.7,3.01,16,-0.8741664590150595,9.543656670368017e-6
14209710,2023-05-31,16,1.208125,19.33,2.3,16,-0.8460703943221719,3.618000966639143e-5
14209710,2023-06-01,16,1.815,29.04,3.35,16,-0.8951817324722218,2.813945684373489e-6
14209710,2023-06-02,16,1.93125,30.9,3.47,16,-0.9132837656012319,7.841873532310929e-7
14209710,2023-06-03,16,1.9275,30.84,3.45,16,-0.9292060009384738,1.9789543794962138e-7
14209710,2023-06-04,16,1.95,31.2,3.47,16,-0.9084236456372253,1.1335860394539282e-6
14209710,2023-06-05,16,1.985625,31.77,3.53,16,-0.9026130417351658,1.716294555001177e-6
14209710,2023-06-06,16,1.925,30.8,3.43,16,-0.9381132412097198,7.908188573464566e-8
14209710,2023-06-07,16,1.558125,24.93,2.67,16,-0.8516547447477141,2.8372934528005496e-5
14209710,2023-06-08,16,1.0975,17.56,2.2,16,-0.2887259555426983,0.27813013098107714
14209710,2023-06-09,16,0.4275,6.84,0.92,16,-0.4069383361524994,0.11774334266949171
14209710,2023-06-10,16,1.67125,26.74,3.13,16,-0.943118566183908,4.4415253052492136e-8
14209710,2023-06-11,16,1.821875,29.15,3.39,16,-0.9260127080627267,2.671845121097676e-7
14209710,2023-06-12,16,1.866875,29.87,3.36,16,-0.9285847590117554,2.1002354214118608e-7
14209710,2023-06-13,16,1.24125,19.86,2.63,16,-0.5887534669719376,0.01642117285688707
14209710,2023-06-14,16,1.31625,21.06,2.41,16,-0.8593985668857738,1.9919827139622122e-5
14209710,2023-06-15,16,1.78375,28.54,3.34,16,-0.8669906451864221,1.3793937803534227e-5
14209710,2023-06-17,16,1.0025,16.04,1.89,16,-0.5588577080739326,0.024425909277247915
14209710,2023-06-18,16,0.92125,14.74,1.9,16,-0.9252026928677292,2.877141747266669e-7
14209710,2023-06-20,16,1.01375,16.22,1.77,16,-0.6021358477654059,0.01358183232493301
14209710,2023-06-21,16,1.89,30.24,3.34,16,-0.9618516632266785,2.8499646732113404e-9
14209710,2023-06-22,16,1.9225,30.76,3.43,16,-0.9480774406013639,2.3768979063490826e-8
14209710,2023-06-23,16,1.629375,26.07,3,16,-0.919641817079309,4.6819544964219823e-7
14209710,2023-06-24,16,1.901875,30.43,3.45,16,-0.9089745377891271,1.0883364242584567e-6
14209710,2023-06-25,16,1.8825,30.12,3.41,16,-0.9182475771192814,5.261117563578799e-7
14209710,2023-06-26,16,1.755625,28.09,3.18,16,-0.9017770134312845,1.817967895594156e-6
14209710,2023-06-27,16,1.68,26.88,3.22,16,-0.8769817575746752,8.209261012479587e-6
14209710,2023-06-28,16,1.816875,29.07,3.36,16,-0.8914150956057206,3.565803324950457e-6
14209710,2023-06-29,16,1.896875,30.35,3.36,16,-0.9037003645904569,1.5912862603270988e-6
14209710,2023-06-30,16,1.87125,29.94,3.36,16,-0.913407922124598,7.766238471187486e-7
14209710,2023-07-01,16,1.9537499999999999,31.259999999999998,3.46,16,-0.8531664958864441,2.6521380782553765e-5
14209710,2023-07-02,16,1.930625,30.89,3.42,16,-0.8875702744692836,4.501458499453079e-6
14209710,2023-07-03,16,1.96875,31.5,3.5,16,-0.8944359778726944,2.9510788728429905e-6
14209710,2023-07-04,16,1.88875,30.22,3.39,16,-0.9069614326538542,1.2614822962825827e-6
14209710,2023-07-05,16,1.84,29.44,3.37,16,-0.9201091829370402,4.500336280973668e-7
14209710,2023-07-06,16,1.745,27.92,3.23,16,-0.9086004774463506,1.1188910232875376e-6
14209710,2023-07-07,15,1.4846666666666666,22.27,3.01,15,-0.9039628681332919,3.7829167079982876e-6
14209710,2023-07-08,15,1.3966666666666667,20.95,3.15,15,-0.9055323938315102,3.411923197794745e-6
14209710,2023-07-09,15,1.8726666666666667,28.09,3.39,15,-0.9203026725230634,1.1718693991416457e-6
14209710,2023-07-10,15,0.9586666666666667,14.379999999999999,1.67,15,-0.6861250435035957,0.004737131144319148
14209710,2023-07-11,15,1.8386666666666667,27.580000000000002,3.36,15,-0.9431080043486195,1.3854461117551856e-7
14209710,2023-07-12,15,1.8006666666666666,27.01,3.17,15,-0.9260315377753685,7.318357633014619e-7
14209710,2023-07-13,15,1.97,29.55,3.33,15,-0.9277060909707272,6.332233531647998e-7
14209710,2023-07-14,15,2.01,30.15,3.4,15,-0.9402499627762422,1.892025014821146e-7
14209710,2023-07-15,15,1.9313333333333333,28.97,3.34,15,-0.9456317490499008,1.0379420630858096e-7
14209710,2023-07-16,15,1.954,29.31,3.3,15,-0.9253715221997726,7.740815107799021e-7
14209710,2023-07-17,15,1.4473333333333334,21.71,2.52,15,-0.8048347740154025,2.956075184531655e-4
14209710,2023-07-18,15,1.99,29.849999999999998,3.38,15,-0.9432764242452378,1.3595612957834716e-7
14209710,2023-07-19,15,1.9046666666666667,28.57,3.25,15,-0.9445309696702998,1.1792129088824799e-7
14209710,2023-07-20,15,1.8820000000000001,28.23,3.27,15,-0.926919401817002,6.780644734255769e-7
14209710,2023-07-21,15,1.906,28.59,3.34,15,-0.9327132399503357,4.020393549067628e-7
14209710,2023-07-22,15,1.9226666666666667,28.84,3.27,15,-0.9330617503624691,3.89027174974331e-7
14209710,2023-07-23,15,1.9573333333333334,29.36,3.35,15,-0.9190803837235129,1.2898459512831073e-6
14209710,2023-07-24,15,0.8826666666666666,13.24,1.65,15,-0.5922871309112026,0.019995452950850683
14209710,2023-07-25,15,1.654,24.81,2.86,15,-0.92434169116591,8.440658405334781e-7
14209710,2023-07-26,15,1.9146666666666667,28.72,3.31,15,-0.9336988426484365,3.6615181626386945e-7
14209710,2023-07-27,15,1.8086666666666666,27.13,3.13,15,-0.9217059525170447,1.0476857965381479e-6
14209710,2023-07-28,15,1.7513333333333334,26.27,3.24,15,-0.9392819706666591,2.0954006602001662e-7
14209710,2023-07-29,15,1.764,26.46,3.09,15,-0.9181769884780882,1.3832870461228606e-6
14209710,2023-07-30,15,1.8566666666666667,27.849999999999998,3.2,15,-0.914273119529216,1.8548251229055001e-6
14209710,2023-07-31,15,1.8906666666666667,28.36,3.29,15,-0.9325285542572828,4.0908141717433723e-7
14209710,2023-08-01,15,1.8993333333333333,28.490000000000002,3.31,15,-0.9395490956130694,2.0375287951543466e-7
14209710,2023-08-02,15,1.872,28.080000000000002,3.27,15,-0.932218941791932,4.211187589778977e-7
14209710,2023-08-03,15,1.8393333333333335,27.59,3.24,15,-0.9317734481447445,4.389587383127885e-7
14209710,2023-08-04,15,1.5146666666666666,22.72,2.6,15,-0.614880803943255,0.014710331740408714
14209710,2023-08-05,15,0.8853333333333333,13.28,2,15,-0.833492972323258,1.1333104208147111e-4
14209710,2023-08-06,15,1.1673333333333333,17.509999999999998,2.3,15,-0.773761299174521,7.123896273333949e-4
14209710,2023-08-07,15,1.4533333333333334,21.8,2.78,15,-0.9363194070444498,2.835334816531862e-7
14209710,2023-08-08,15,1.654,24.81,3.16,15,-0.9181474695924557,1.386433224254033e-6
14209710,2023-08-09,15,1.094,16.41,1.98,15,-0.8611979358205563,3.724989393759777e-5
14209710,2023-08-10,15,1.512,22.68,2.77,15,-0.8420705212389162,8.213588475434827e-5
14209710,2023-08-11,15,1.772,26.58,3.15,15,-0.8941648813438342,6.942281694639253e-6
14209710,2023-08-12,15,1.682,25.23,3.01,15,-0.8924776468505081,7.661734726670382e-6
14209710,2023-08-13,14,1.822142857142857,25.51,3.07,14,-0.913445285948747,5.026770557607499e-6
14209710,2023-08-14,14,1.7535714285714286,24.55,3.06,14,-0.8193676311329249,3.3569644113077754e-4
14209710,2023-08-15,14,1.5878571428571429,22.23,2.88,14,-0.8032002859310268,5.408587748013209e-4
14209710,2023-08-16,14,1.6535714285714285,23.15,2.91,14,-0.8896978657554933,2.042039414712601e-5
14209710,2023-08-17,14,1.1435714285714285,16.009999999999998,2.19,14,-0.5229529723690804,0.05500908054967171
14209710,2023-08-18,14,1.8507142857142858,25.91,3.17,14,-0.8006326075081082,5.811299282285316e-4
14209710,2023-08-19,14,1.782857142857143,24.96,3.08,14,-0.9004612222117239,1.1296896557886888e-5
14209710,2023-08-20,14,1.612142857142857,22.57,2.98,14,-0.6616776685521184,0.009954000633250764
14209710,2023-08-21,14,1.4642857142857142,20.5,2.57,14,-0.5964896638586146,0.024345647619295918
14209710,2023-08-22,14,1.2257142857142858,17.16,2.32,14,-0.7998373577645621,5.940791656216076e-4
14209710,2023-08-23,14,1.625,22.75,2.9,14,-0.8660900256618934,6.19967463111585e-5
14209710,2023-08-24,14,1.6164285714285715,22.63,2.95,14,-0.9037230511303951,9.317417086153078e-6
14209710,2023-08-25,14,1.3814285714285715,19.34,2.69,14,-0.7837645703432089,9.095677328756272e-4
14209710,2023-08-26,14,1.3907142857142858,19.47,2.5,14,-0.8728520996792335,4.612931050044193e-5
14209710,2023-08-27,14,1.2185714285714286,17.06,2.37,14,-0.5856345283822558,0.027773001732550196
14209710,2023-08-28,14,0.48,6.72,0.82,14,-0.6962468501269106,0.005673406388268394
14209710,2023-08-29,14,0.7514285714285714,10.52,1.41,14,-0.31960150438040574,0.2653291326878265
14209710,2023-08-30,14,1.0785714285714285,15.1,2.1,14,-0.6089545399701956,0.020812988477329365
14209710,2023-08-31,14,0.59,8.26,1.05,14,-0.783420675099583,9.175432478333082e-4
14209710,2023-09-01,13,1.4153846153846155,18.4,2.5,13,-0.5768291859037015,0.03903194189861015
14209710,2023-09-02,13,1.5007692307692309,19.51,2.66,13,-0.8496370762262826,2.361878696718259e-4
14209710,2023-09-03,13,0.5515384615384615,7.17,1.14,13,-0.5599562277404027,0.0465755166890674
14209710,2023-09-04,13,0.8461538461538461,11,1.41,13,-0.09040055498529319,0.7689850918654617
14209710,2023-09-05,13,1.4607692307692308,18.990000000000002,2.45,13,-0.84595502303260794,2.678005987677766e-4
14209710,2023-09-07,13,1.283076923076923,16.68,2.42,13,-0.49023962632073237,0.08898720933358027
14209710,2023-09-08,13,1.6638461538461538,21.63,2.84,13,-0.8152941154882564,6.82781366440927e-4
14209710,2023-09-09,13,1.613846153846154,20.98,2.75,13,-0.8395801991616235,3.304148684136273e-4
14209710,2023-09-10,13,1.4961538461538462,19.45,2.63,13,-0.7619943115793284,0.0024655943591674404
14209710,2023-09-11,13,1.0261538461538462,13.34,1.89,13,-0.6253311928867646,0.022276598926820736
14209710,2023-09-12,13,1.14,14.82,2.15,13,-0.6648542423958229,0.013162002363928227
14209710,2023-09-13,13,1.4853846153846153,19.31,2.73,13,-0.739343499427879,0.0038758924662733465
14209710,2023-09-14,13,1.6176923076923078,21.03,2.79,13,-0.8100260007018136,7.884297801104534e-4
14209710,2023-09-15,13,1.5707692307692307,20.42,2.72,13,-0.7599338580687158,0.0025741663974318233
14209710,2023-09-16,12,1.5158333333333334,18.19,2.47,12,-0.709564748094219,0.009746729512668478
14209710,2023-09-17,12,1.11,13.32,1.97,12,-0.5893103512189163,0.04375579173731329
14209710,2023-09-18,12,1.4475,17.369999999999997,2.53,12,-0.035244925186861203,0.9134079391739668
14209710,2023-09-19,12,1.5025,18.03,2.46,12,-0.5325648718210972,0.07464944635274604
14209710,2023-09-20,12,1.0533333333333332,12.64,1.88,12,-0.07541502872101552,0.8158085286257177
14209710,2023-09-21,12,1.5075,18.09,2.54,12,-0.6860183042183573,0.0137694828513399
14209710,2023-09-22,12,1.5516666666666665,18.62,2.6,12,-0.776868289137253,0.0029534731726933603
14209710,2023-09-23,12,0.5725,6.87,1.08,12,-0.28081943687563565,0.3766186224310284
14209710,2023-09-24,12,0.41083333333333333,4.93,0.73,12,-0.11941628680530786,0.7116404145049604
14209710,2023-09-25,12,0.33166666666666667,3.98,0.61,12,0.09822652002966456,0.7613535442045624
14209710,2023-09-26,12,0.71,8.52,1.2,12,0.14847525185971847,0.6451407595269689
14209710,2023-09-27,12,0.7775,9.33,1.38,12,0.33744367652258134,0.2834156553810108
14209710,2023-09-28,12,0.8133333333333334,9.76,1.53,12,-0.15060672957216595,0.6403490311394684
14209710,2023-09-29,12,0.7949999999999999,9.54,1.41,12,0.4079015827236467,0.18808162135126746
14209710,2023-09-30,12,1.4341666666666666,17.21,2.48,12,-0.4150516500655261,0.17970319713042363
14209710,2023-10-01,12,1.4166666666666667,17,2.43,12,-0.6022036161227601,0.038260554514438945
14209710,2023-10-02,12,0.3625,4.35,0.7,12,-0.3377623480368697,0.28293234494576325
14209710,2023-10-03,12,0.7741666666666667,9.290000000000001,1.33,12,-0.3724137194739788,0.23319689285671769
14209710,2023-10-04,12,0.8891666666666667,10.67,1.67,12,-0.5831190233488186,0.04658360446243015
14209710,2023-10-05,12,1.3516666666666666,16.22,2.35,12,-0.6199753681615737,0.03151688767383124
14209710,2023-10-06,12,1.35,16.2,2.33,12,-0.5821489316569813,0.047038073292715823
14209710,2023-10-07,12,1.2583333333333333,15.1,2.26,12,-0.45440498240882204,0.13779493320908778
14209710,2023-10-08,12,1.2725,15.27,2.3,12,-0.4211932335250508,0.1726956813156606
14209710,2023-10-09,12,0.32166666666666666,3.86,0.63,12,-0.3874976555542629,0.2133008266270318
14209710,2023-10-10,12,0.4116666666666667,4.94,1.03,12,0.46363303983764426,0.12898054678236598
14209710,2023-10-11,12,0.545,6.54,1.18,12,0.2214778704071703,0.4890670740838807
14209710,2023-10-12,12,1.1008333333333333,13.209999999999999,2.07,12,-0.7211150518386159,0.008130101040721094
14209710,2023-10-13,12,0.5433333333333333,6.5200000000000005,1.25,12,-0.2722741480178264,0.39191576498146674
14209710,2023-10-14,12,0.5141666666666667,6.17,1.1,12,0.17666508341931472,0.5828297820347788
14209710,2023-10-15,12,0.6125,7.3500000000000005,1.36,12,-0.3470076600974946,0.26911532100024915
14209710,2023-10-16,12,0.42,5.04,0.85,12,0.43227465262852144,0.1604917388857444
14209710,2023-10-17,12,0.745,8.94,1.56,12,-0.21588836611241188,0.5003739486089049
14209710,2023-10-18,11,1.26,13.86,2.09,11,-0.33771704089471866,0.3097581715962019
14209710,2023-10-19,10,1.246,12.459999999999999,1.94,10,-0.36464689056783894,0.3002044493406028
14209710,2023-10-20,10,0.903,9.03,1.48,10,0.08952858934153948,0.8057184360008872
14209710,2023-10-21,10,0.479,4.79,0.83,10,-0.3415147355213176,0.33414015625979926
14209710,2023-10-22,10,0.507,5.07,0.8,10,-0.08027486465714782,0.825525949107355
14209710,2023-10-23,10,0.705,7.05,1.19,10,0.4811443474630347,0.15917296983103202
14209710,2023-10-24,10,0.378,3.78,0.77,10,-0.48382062482261223,0.15652920227971004
14209710,2023-10-25,10,0.532,5.32,0.86,10,-0.6126001088403291,0.05971636629889845
14209710,2023-10-26,10,0.551,5.51,0.87,10,0.08117997254493681,0.823584483263496
14209710,2023-10-27,10,1.155,11.55,1.88,10,-0.09787915198022344,0.7879288412390173
14209710,2023-10-28,10,1.24,12.4,1.97,10,-0.2960478665203285,0.40623170666845165
14209710,2023-10-29,10,1.209,12.09,1.94,10,-0.5726196282640771,0.08362018098693187
14209710,2023-10-30,10,1.205,12.05,1.93,10,-0.5018022952637271,0.1394560231672002
14209710,2023-10-31,10,0.973,9.73,1.63,10,-0.47411217982136467,0.16624710128395617
14209710,2023-11-01,10,0.278,2.78,0.44,10,-0.1552154959364748,0.6685285378862191
14209710,2023-11-02,10,0.519,5.19,0.9,10,0.13462860077889857,0.7107799109476345
14209710,2023-11-03,10,0.505,5.05,1.01,10,-0.15926833837165416,0.6603044567534637
14209710,2023-11-04,10,0.342,3.42,0.56,10,-0.8302961285445228,0.002940679423821736
14209710,2023-11-06,10,0.276,2.76,0.47,10,0.2905645665847717,0.41538939260741914
14209710,2023-11-07,10,0.64,6.4,1.13,10,0.31799936400190854,0.37055505345264944
14209710,2023-11-08,10,0.861,8.61,1.39,10,-0.5368069736083082,0.10962244030006398
14209710,2023-11-09,10,0.417,4.17,0.93,10,-0.7926942881399879,0.00623861272379055
14209710,2023-11-10,10,0.443,4.43,0.78,10,-0.6576439742007835,0.038760497359943386
14209710,2023-11-11,10,0.296,2.96,0.53,10,0.3110523401166099,0.3816729909502359
14209710,2023-11-12,10,0.397,3.97,0.77,10,-0.6456093171199369,0.04377589710702029
14209710,2023-11-13,10,0.752,7.5200000000000005,1.32,10,0.22556734298894332,0.5309202325135125
14209710,2023-11-14,10,0.834,8.34,1.5,10,-0.2919657071179137,0.4130401531949025
14209710,2023-11-15,10,0.349,3.4899999999999998,0.6,10,-0.6446276350659446,0.04420322471630052
14209710,2023-11-16,10,0.662,6.62,1.18,10,0.06977923626520374,0.8480989877654737
14209710,2023-11-17,10,0.816,8.16,1.43,10,-0.36315854115703594,0.3023305002518545
14209710,2023-11-18,10,0.482,4.82,1.03,10,-0.3708774981691803,0.2913909209345757
14209710,2023-11-19,10,0.564,5.64,0.98,10,0.5837979979455501,0.07640689771034477
14209710,2023-11-20,10,0.747,7.47,1.34,10,-0.5399048649003573,0.10719522970958235
14209710,2023-11-21,10,0.515,5.15,0.95,10,-0.5190148908041624,0.12422963395095234
14209710,2023-11-22,10,0.40399999999999997,4.04,0.7,10,-0.535104750951365,0.11097071621937975
14209710,2023-11-23,10,0.764,7.64,1.34,10,0.2586336461223519,0.4705887373851031
14209710,2023-11-24,10,0.847,8.47,1.5,10,-0.19329200569671762,0.5926203028941998
14209710,2023-11-25,10,0.839,8.39,1.49,10,-0.4367201961297196,0.2069749336540977
14209710,2023-11-26,10,0.829,8.290000000000001,1.48,10,-0.4747726681605222,0.16557480984053077
14209710,2023-11-27,10,0.8099999999999999,8.1,1.45,10,-0.4885340479062196,0.15193788918696471
14209710,2023-11-28,10,0.717,7.17,1.3,10,-0.43665097103550704,0.20705520294314458
14209710,2023-11-29,10,0.391,3.91,0.69,10,-0.5065021984790694,0.13519063476953222
14209710,2023-11-30,10,0.149,1.49,0.33,10,-0.647462212853517,0.04297689085358167
14209710,2023-12-01,9,0.3077777777777778,2.77,0.54,9,0.02582264353694439,0.9474237652782234
14209710,2023-12-02,9,0.2877777777777778,2.59,0.53,9,-0.15022315323773555,0.6996648052904156
14209710,2023-12-03,9,0.24666666666666667,2.22,0.43,9,-0.17286585566703555,0.6564925999140445
14209710,2023-12-04,9,0.20222222222222222,1.8199999999999998,0.48,9,-0.8858285995000992,0.0014783236551373375
14209710,2023-12-05,9,0.1988888888888889,1.79,0.34,9,-0.8544824087808288,0.0033469158029521668
14209710,2023-12-06,9,0.18666666666666668,1.6800000000000002,0.34,9,NA,NA
14209710,2023-12-07,9,0.31666666666666665,2.85,0.52,9,-0.8094701572534174,0.008205316155107664
14209710,2023-12-08,9,0.49,4.41,0.82,9,-0.35921060405355165,0.34241019447530646
14209710,2023-12-09,8,0.1375,1.1,0.24,8,-0.4879500364742666,0.2199438192418187
14209710,2023-12-10,9,0.24666666666666667,2.2199999999999998,0.41,9,NA,NA
14209710,2023-12-11,9,0.4222222222222222,3.8,0.71,9,-0.8878702661241984,0.001390720925463878
14209710,2023-12-12,9,0.7466666666666667,6.72,1.26,9,-0.06622661785325877,0.8655763823856879
14209710,2023-12-13,9,0.5488888888888889,4.94,0.97,9,-0.8975358779313014,0.001024382892641294
14209710,2023-12-14,9,0.2611111111111111,2.35,0.44,9,-0.7778174593052024,0.013592094698411673
14209710,2023-12-15,9,0.5811111111111111,5.23,1.01,9,-0.17677669529663714,0.6491203783599094
14209710,2023-12-16,9,0.5622222222222222,5.06,0.97,9,-0.9211621482870469,4.1912389119394013e-4
14209710,2023-12-17,9,0.4955555555555555,4.46,0.88,9,-0.9189001632604937,4.616973967190481e-4
14209710,2023-12-18,9,0.3233333333333333,2.91,0.57,9,-0.915100770565654,5.398801345509069e-4
14209710,2023-12-19,9,0.36777777777777776,3.31,0.6,9,-0.8132939715953028,0.007673785843928303
14209710,2023-12-20,9,0.6255555555555555,5.63,1.09,9,-0.7258661863112976,0.02682973250193369
14209710,2023-12-21,9,0.47000000000000003,4.23,0.79,9,0.27153769332085254,0.4796992429078518
14209710,2023-12-22,9,0.37333333333333335,3.36,0.64,9,-0.5383892771022039,0.13480778156486717
14209710,2023-12-23,9,0.5322222222222223,4.79,0.91,9,NA,NA
14209710,2023-12-24,9,0.3466666666666667,3.12,0.57,9,-0.6130088225415385,0.07920227576659726
14209710,2023-12-25,9,0.17666666666666667,1.59,0.3,9,-0.7132467526968179,0.03098205415966083
14209710,2023-12-26,9,0.34444444444444444,3.1,0.64,9,-0.9449111825230687,1.22395780278901e-4
14209710,2023-12-27,9,0.24000000000000002,2.16,0.4,9,-0.5281643011010204,0.1438316933577292
14209710,2023-12-28,9,0.24222222222222223,2.18,0.39,9,-0.7617813865073207,0.017054646700525575
14209710,2023-12-29,9,0.2644444444444444,2.38,0.45,9,-0.47217539616447946,0.1993632282811294
14209710,2023-12-30,9,0.33555555555555555,3.02,0.55,9,-0.5076287822901875,0.16299617244335024
14209710,2023-12-31,9,0.49222222222222223,4.43,0.87,9,-0.41392469090278716,0.2680658293730928
