site_id,date,n_hour_daylight,solar_daylight_mean,solar_daylight_sum,solar_daylight_max,n_DO_WT_daylight,r_DO_WT_daylight,p_DO_WT_daylight
403031283301222_,2002-05-31,15,0.996,14.94,2,15,0.9750596045561607,7.034731180037427e-10
403031283301222_,2002-06-01,15,1.308,19.62,2.75,15,0.9007567264744938,4.645977810330028e-6
403031283301222_,2002-06-04,15,1.3613333333333333,20.419999999999998,3.04,15,0.8525680957283875,5.3942219736867726e-5
403031283301222_,2002-06-05,15,1.784,26.759999999999998,3.28,15,0.954947047074406,3.129432095308253e-8
403031283301222_,2002-06-06,15,1.912,28.68,3.44,15,0.3786404216904721,0.1640076858458822
403031283301222_,2002-06-07,15,1.868,28.02,3.41,15,0.8760204286802687,1.8557077888651077e-5
403031283301222_,2002-06-10,15,1.6746666666666667,25.12,3.45,15,0.9178306497411587,1.4205788461647559e-6
403031283301222_,2002-06-11,15,1.4333333333333333,21.5,2.57,15,0.924475899276801,8.346561477758857e-7
403031283301222_,2002-06-12,15,0.5946666666666667,8.92,1.32,15,0.6192921178835827,0.013818565080605819
403031283301222_,2002-06-13,15,0.578,8.67,1.56,15,0.18232629137471812,0.5154517725588055
403031283301222_,2002-06-14,15,0.73,10.95,1.7,15,0.4433510985214762,0.09787512698877839
403031283301222_,2002-06-15,15,0.6113333333333333,9.17,1.26,15,-0.15719138496690988,0.5758332525153229
403031283301222_,2002-06-16,15,0.6806666666666666,10.21,1.62,15,0.48053234027405684,0.06981612892521827
403031283301222_,2002-06-17,15,1.09,16.35,2.55,15,0.7344146025432683,0.00182090971749377
403031283301222_,2002-06-18,15,0.17133333333333334,2.57,0.29,15,-0.28532635032055237,0.30262216485952065
403031283301222_,2002-06-19,15,1.918,28.77,3.49,15,0.8036901973975866,3.061533356119411e-4
403031283301222_,2002-06-20,15,0.6313333333333333,9.47,1.86,15,0.8670189170387532,2.8612278139534682e-5
403031283301222_,2002-06-21,15,1.4993333333333334,22.490000000000002,2.83,15,0.868580745101815,2.6601583094785917e-5
403031283301222_,2002-06-23,15,0.5773333333333334,8.66,1.16,15,-0.3358171744639667,0.22106114739822086
403031283301222_,2002-06-24,15,1.506,22.59,3.2,15,0.8451059654269281,7.296188927457615e-5
403031283301222_,2002-06-28,15,1.2806666666666666,19.21,2.46,15,0.9727519105897002,1.243502131779051e-9
403031283301222_,2002-06-29,15,0.8573333333333334,12.86,1.87,15,0.9646935137914638,6.5700766762496055e-9
403031283301222_,2002-07-01,15,0.4886666666666667,7.33,1.13,15,0.9800321320420012,1.6777417797224003e-10
403031283301222_,2002-07-02,15,0.676,10.14,1.55,15,0.9419415333001244,1.5763318293029125e-7
403031283301222_,2002-07-03,15,0.7853333333333333,11.78,1.91,15,0.7999110288577412,3.431817457875389e-4
403031283301222_,2002-07-04,15,1.6506666666666667,24.76,3.22,15,0.9507874624724708,5.500082584050943e-8
403031283301222_,2002-07-05,15,0.8306666666666667,12.459999999999999,1.67,15,0.9400208162867599,1.9386050136439395e-7
403031283301222_,2002-07-06,15,1.1366666666666667,17.05,2.76,15,-0.030350446367298656,0.9144933188768355
403031283301222_,2002-07-07,15,1.3813333333333333,20.72,2.77,15,0.9386473958015537,2.2384305347567023e-7
403031283301222_,2002-07-10,14,0.19642857142857142,2.75,0.44,14,0.48007570510012126,0.0823227588953123
403031283301222_,2002-07-11,15,1.6453333333333333,24.68,3.32,15,0.22704218326022774,0.4157854081660477
403031283301222_,2002-07-12,15,1.8526666666666667,27.79,3.36,15,0.33059530716680235,0.22877521502705564
403031283301222_,2002-07-13,15,1.1406666666666667,17.11,3.12,15,0.9491256671632033,6.797724662316087e-8
403031283301222_,2002-07-14,15,1.4073333333333333,21.11,3.01,15,0.668019245826532,0.0064922126361173565
403031283301222_,2002-07-15,15,0.6413333333333333,9.62,1.33,15,0.9450328022797766,1.1129302355440613e-7
403031283301222_,2002-07-16,15,0.7393333333333333,11.09,2.13,15,0.8033866488353427,3.0900116332936646e-4
403031283301222_,2002-07-17,14,0.8464285714285714,11.85,1.49,14,0.845882838377214,1.376175967798152e-4
403031283301222_,2002-07-18,14,1.675,23.45,3.12,14,0.9269350054045434,1.8739557160849418e-6
403031283301222_,2002-07-19,14,0.9964285714285714,13.95,2.06,14,-0.5557393424027335,0.03907354293395412
403031283301222_,2002-07-20,14,1.83,25.62,3.21,14,0.49363150729834415,0.07283353545452739
403031283301222_,2002-07-22,14,1.312857142857143,18.38,2.42,14,0.8671476133905567,5.9257825591755745e-5
403031283301222_,2002-07-23,14,1.5635714285714286,21.89,2.91,14,0.9520518792246023,1.5815198929805148e-7
403031283301222_,2002-07-25,14,1.2142857142857144,17,2.81,14,0.8616418510603322,7.467035411385132e-5
403031283301222_,2002-07-26,14,1.7985714285714285,25.18,3.17,14,0.8957212313375147,1.4777012415537407e-5
403031283301222_,2002-07-27,14,1.5914285714285714,22.28,3.06,14,0.9718618163909165,6.7442928957947955e-9
403031283301222_,2002-07-28,14,1.0035714285714286,14.05,1.93,14,0.7480648380564113,0.0020915620949019417
403031283301222_,2002-07-29,14,1.187857142857143,16.63,2.14,14,0.9728103336217815,5.501431932766839e-9
403031283301222_,2002-07-30,14,1.6428571428571428,23,3.02,14,0.9545058818113127,1.1601201949933051e-7
403031283301222_,2002-07-31,14,1.6057142857142856,22.48,3.11,14,0.861007051326995,7.663935583968528e-5
403031283301222_,2002-08-01,14,1.635,22.89,3.07,14,0.9705162038100645,8.9000795352202e-9
403031283301222_,2002-08-02,14,1.0735714285714286,15.03,2.59,14,0.8644909378491284,6.633316714779034e-5
403031283301222_,2002-08-03,14,1.4878571428571428,20.830000000000002,2.82,14,0.8940564378041868,1.618985917804062e-5
403031283301222_,2002-08-04,14,1.2671428571428571,17.74,2.68,14,0.95235654179664,1.5231887332744575e-7
403031283301222_,2002-08-05,14,1.62,22.68,2.95,14,0.9540613154215971,1.2286311871841026e-7
403031283301222_,2002-08-06,14,1.7542857142857142,24.56,3.05,14,0.937839895595139,7.277762839827329e-7
403031283301222_,2002-08-07,14,1.7907142857142857,25.07,3.23,14,0.9244698691768269,2.274373520854814e-6
403031283301222_,2002-08-08,14,1.8985714285714286,26.58,3.32,14,0.9586151279446479,6.63302458828905e-8
403031283301222_,2002-08-09,14,1.602142857142857,22.43,2.91,14,0.957478629252171,7.784488827759574e-8
403031283301222_,2002-08-10,14,1.6864285714285714,23.61,2.99,14,0.972657147738403,5.688152953299391e-9
403031283301222_,2002-08-11,14,1.6507142857142858,23.11,2.97,14,0.920525174533462,3.060074755986212e-6
403031283301222_,2002-08-12,14,0.815,11.41,1.91,14,0.9563088246038627,9.137798288575449e-8
403031283301222_,2002-08-13,14,1.5064285714285715,21.09,2.81,14,0.863095218161244,7.031705496963098e-5
403031283301222_,2002-08-14,14,1.3364285714285715,18.71,2.68,14,0.9368600764306344,7.976585424092437e-7
403031283301222_,2002-08-15,14,1.1992857142857143,16.79,2.29,14,0.9786099116680143,1.320617779182256e-9
403031283301222_,2002-08-16,14,1.0671428571428572,14.94,2.06,14,0.8485816172099842,1.245403254446318e-4
403031283301222_,2002-08-17,14,0.8892857142857142,12.45,1.81,14,0.971661097752768,7.035084517463581e-9
403031283301222_,2002-08-18,14,0.6571428571428571,9.2,1.4,14,0.6187821476351693,0.018312261692099964
403031283301222_,2002-08-19,13,0.4346153846153846,5.65,1.04,13,0.23417576517056282,0.4412644227096325
403031283301222_,2002-08-20,14,1.637857142857143,22.93,3.04,14,-0.45528591693906745,0.10186440444001034
403031283301222_,2002-08-21,14,1.7707142857142857,24.79,3.19,14,0.8738352153862364,4.412789109254888e-5
403031283301222_,2002-08-23,13,0.41615384615384615,5.41,0.91,13,-0.49716111429564536,0.08389376096060226
403031283301222_,2002-08-24,13,1.0753846153846154,13.98,2.23,13,0.9880159245161511,2.814783102613414e-10
403031283301222_,2002-08-27,13,1.3138461538461539,17.08,2.29,13,0.9399615181921952,1.8121276051987589e-6
403031283301222_,2002-08-28,13,1.5084615384615385,19.61,2.69,13,0.9475813228802368,8.71844024765188e-7
403031283301222_,2002-09-01,13,1.6784615384615384,21.82,2.73,13,0.9438713342442944,1.2608059767623849e-6
403031283301222_,2002-09-02,13,1.6976923076923076,22.07,2.88,13,0.9075829911083667,1.8233849399484325e-5
403031283301222_,2002-09-04,13,1.1653846153846155,15.15,2.33,13,0.9656294500532,8.860705976572805e-8
403031283301222_,2002-09-05,13,0.9976923076923077,12.97,1.92,13,0.6410771535422766,0.01821414078742589
403031283301222_,2002-09-06,13,0.3330769230769231,4.33,0.66,13,-0.6339798876261935,0.019970062899154043
403031283301222_,2002-09-07,13,0.6684615384615384,8.69,1.25,13,0.9442501657306417,1.2156040608436787e-6
403031283301222_,2002-09-08,13,1.1384615384615384,14.8,2.03,13,0.9655247784941647,9.008320428411134e-8
403031283301222_,2002-09-11,13,1.2984615384615383,16.88,2.38,13,0.8116066789723093,7.554650960900003e-4
403031283301222_,2002-09-12,13,1.2130769230769232,15.77,2.35,13,0.9385486222775375,2.053776032420721e-6
403031283301222_,2002-09-14,13,0.4330769230769231,5.63,0.89,13,-0.6523393956188103,0.01566776121511295
403031283301222_,2002-09-16,13,0.34307692307692306,4.46,0.85,13,-0.8658205264162255,1.304401573447137e-4
403031283301222_,2002-09-17,13,0.3123076923076923,4.06,0.69,13,-0.7928249671720913,0.0012257693549813928
403031283301222_,2002-09-20,13,1.6223076923076922,21.09,2.89,13,0.9263673777629264,5.4221850515449e-6
403031283301222_,2002-09-22,13,0.4707692307692308,6.12,1.17,13,0.8802356484952237,7.185715336738533e-5
403031283301222_,2002-09-23,13,0.7353846153846154,9.56,1.75,13,0.7935381872742735,0.0012045141034246194
403031283301222_,2002-09-24,13,1.49,19.37,2.79,13,0.9141054721920397,1.2349174575829143e-5
403031283301222_,2002-09-25,13,1.1276923076923078,14.66,2.15,13,0.9631771824059213,1.2883396743869593e-7
403031283301222_,2002-09-27,13,0.6876923076923077,8.94,1.5,13,0.13749553146783983,0.6542013242991656
403031283301222_,2002-09-28,13,0.32461538461538464,4.22,1.06,13,-0.6852129853482503,0.009746052350588045
403031283301222_,2002-09-29,13,0.7476923076923077,9.72,1.7,13,0.9773028481926086,9.247934819664952e-9
403031283301222_,2002-09-30,12,0.3041666666666667,3.65,0.55,12,0.750478774386457,0.004921535593174417
403031283301222_,2002-10-01,11,0.3245454545454545,3.57,0.74,11,0.6286547279049861,0.038288918828077514
403031283301222_,2002-10-02,12,1.535,18.419999999999998,2.75,12,0.9874439740646203,2.4065862557180846e-9
403031283301222_,2002-10-03,12,1.0025,12.03,1.91,12,0.9668843076061736,2.966863168484502e-7
403031283301222_,2002-10-04,11,1.56,17.16,2.6,11,0.9600755972081428,2.8052669228807073e-6
403031283301222_,2002-10-05,11,1.4654545454545453,16.12,2.44,11,0.9494660248878939,7.976569832434037e-6
403031283301222_,2002-10-06,11,1.040909090909091,11.45,1.78,11,0.946958992830468,9.882204786358728e-6
403031283301222_,2002-10-07,11,0.7772727272727273,8.55,1.43,11,0.9616727003544973,2.339893629131975e-6
403031283301222_,2002-10-08,11,0.29454545454545455,3.24,0.46,11,0.7463072153777891,0.008339254431814321
403031283301222_,2002-10-10,11,1.5245454545454546,16.77,2.48,11,0.5242635498248887,0.09782282739692963
403031283301222_,2002-10-11,11,1.65,18.15,2.64,11,0.9042919346771411,1.3215408841238402e-4
403031283301222_,2002-10-12,11,1.6190909090909091,17.81,2.69,11,0.8428696505513892,0.0011217684567968018
403031283301222_,2002-10-13,11,1.5781818181818181,17.36,2.59,11,0.5358667953554227,0.08930673001713016
403031283301222_,2002-10-14,11,1.4363636363636363,15.8,2.5,11,0.974733975780804,3.6563246338998775e-7
403031283301222_,2002-10-15,11,1.3909090909090909,15.299999999999999,2.36,11,0.8286763977350189,0.001619988321657892
403031283301222_,2002-10-17,11,1.5645454545454545,17.21,2.56,11,0.7000047410651342,0.016469933192886952
403031283301222_,2002-10-18,11,0.7736363636363636,8.51,1.39,11,0.8867009409512401,2.7507380551230196e-4
403031283301222_,2002-10-20,11,0.32,3.52,0.53,11,NA,NA
403031283301222_,2002-10-21,11,0.22454545454545455,2.47,0.35,11,0.6276146574536117,0.03870708730954794
403031283301222_,2002-10-22,11,1.0827272727272728,11.91,1.86,11,0.9367148973347054,2.154994830267599e-5
403031283301222_,2002-10-23,11,1.0581818181818181,11.64,2.02,11,0.9620647228948378,2.235378565536113e-6
403031283301222_,2002-10-25,11,1.0854545454545454,11.94,1.79,11,0.9755017829358538,3.1857797071766617e-7
403031283301222_,2002-10-26,11,0.3190909090909091,3.51,0.57,11,0.6328757976175837,0.036624041564201425
403031283301222_,2002-10-27,11,1.2381818181818183,13.620000000000001,2.16,11,0.9590892704830305,3.12641081210236e-6
403031283301222_,2002-10-28,11,1.2054545454545456,13.26,2.12,11,0.9619846838622743,2.2564184962480785e-6
403031283301222_,2002-10-29,11,1.11,12.209999999999999,1.97,11,0.9038822037159732,1.3463720550661718e-4
403031283301222_,2002-10-30,11,1.2718181818181817,13.99,2.19,11,0.6834622319983004,0.020416921525615507
403031283301222_,2002-10-31,11,1.2645454545454546,13.91,2.19,11,0.8774698994082492,3.8594019120307684e-4
403031283301222_,2002-11-01,11,0.4290909090909091,4.72,1.13,11,-0.4667441468506374,0.14781973068596382
403031283301222_,2002-11-03,11,1.1127272727272728,12.24,2.07,11,0.8582439465636635,7.224236720993092e-4
403031283301222_,2002-11-04,11,1.0345454545454547,11.38,1.98,11,0.9626287221826417,2.0913796958947282e-6
403031283301222_,2002-11-05,11,1.060909090909091,11.67,1.89,11,0.7112899999726745,0.014113197659621197
403031283301222_,2002-11-08,11,0.4890909090909091,5.38,1.07,11,0.5054178941296225,0.11275634289433147
403031283301222_,2002-11-10,11,1.0963636363636364,12.06,1.9,11,0.9114909269816064,9.394914231289648e-5
403031283301222_,2002-11-13,11,1.0436363636363637,11.48,1.96,11,0.968326836246244,1.0016435021889416e-6
403031283301222_,2002-11-19,11,1.1163636363636364,12.28,2,11,0.7976647218597887,0.0032654157212098902
403031283301222_,2002-11-26,11,0.9054545454545454,9.959999999999999,1.76,11,0.8015963038239432,0.0030076742142159693
403031283301222_,2002-11-27,11,0.8872727272727272,9.76,1.76,11,0.9143739840952984,8.128800048225811e-5
403031283301222_,2002-12-05,10,0.763,7.63,1.64,10,0.811234250940464,0.004392854198794943
403031283301222_,2002-12-07,10,0.35,3.5,0.64,10,-0.037904902178947666,0.9172020573999594
403031283301222_,2002-12-08,10,0.342,3.42,0.76,10,0.7658633696310244,0.009802123684056542
403031283301222_,2002-12-10,10,0.741,7.41,1.29,10,0.7328823434249381,0.015898229844607148
403031283301222_,2002-12-13,10,0.784,7.84,1.33,10,0.8489169084841643,0.0018916901780767022
403031283301222_,2002-12-14,10,1.035,10.35,1.82,10,0.7382587156035102,0.014761337968897698
403031283301222_,2002-12-15,10,0.909,9.09,1.5,10,0.9525693077814886,2.0906439755859324e-5
403031283301222_,2002-12-16,10,0.9,9,1.54,10,0.9032915897843934,3.400341652037393e-4
403031283301222_,2002-12-17,10,0.828,8.28,1.44,10,0.38463860948087514,0.27242428610151487
403031283301222_,2002-12-18,10,0.849,8.49,1.52,10,0.7449265162369592,0.013431720073459623
403031283301222_,2002-12-19,10,0.375,3.75,0.7,10,0.8015139483641625,0.005303039923766265
403031283301222_,2002-12-20,10,0.977,9.77,1.78,10,0.7178249253582656,0.019404401933135293
403031283301222_,2002-12-21,10,0.129,1.29,0.22,10,-0.4000661320993189,0.25198626518856776
403031283301222_,2002-12-22,10,0.528,5.28,0.96,10,NA,NA
403031283301222_,2002-12-23,10,0.959,9.59,1.73,10,0.7488670159267371,0.012686628598451866
403031283301222_,2002-12-24,10,0.47600000000000003,4.76,0.95,10,-0.689883580025017,0.027265813909502272
403031283301222_,2002-12-25,10,0.574,5.74,1.19,10,0.887836091890487,6.035375103867763e-4
403031283301222_,2002-12-27,10,0.798,7.9799999999999995,1.33,10,0.9368620707374615,6.439449207013669e-5
403031283301222_,2002-12-28,10,1.037,10.37,1.78,10,0.4919427358943445,0.14866896861655216
403031283301222_,2002-12-29,10,0.905,9.05,1.52,10,0.7419290502442476,0.014018603291103276
403031283301222_,2002-12-30,10,1.05,10.5,1.78,10,0.9076832169492706,2.8389564994774937e-4
403031283301222_,2002-12-31,10,0.954,9.540000000000001,1.65,10,0.7368731475303562,0.015048721695089987
403031283301222_,2003-01-01,10,0.767,7.67,1.45,10,-0.11730928305086624,0.7468882667315025
403031283301222_,2003-01-02,10,0.839,8.39,1.44,10,0.30738211702863183,0.3876117980474397
403031283301222_,2003-01-05,10,0.748,7.4799999999999995,1.3,10,0.813124935770734,0.004229771857813784
403031283301222_,2003-01-06,10,0.989,9.89,1.72,10,0.8341919974800732,0.0026931772444265013
403031283301222_,2003-01-07,10,0.989,9.89,1.65,10,0.864717788412314,0.0012406152771595074
403031283301222_,2003-01-08,10,1.085,10.85,1.82,10,0.23646295700742248,0.5107024849051223
403031283301222_,2003-01-10,10,0.9450000000000001,9.450000000000001,1.72,10,0.472466232033402,0.16792956168653211
403031283301222_,2003-01-11,10,1.022,10.22,1.71,10,0.8611138704278913,0.0013719330362419705
403031283301222_,2003-01-12,10,1.01,10.1,1.76,10,0.9486847459389636,2.850798150482694e-5
403031283301222_,2003-01-13,10,1.097,10.97,1.9,10,0.724216563773188,0.017856779272431615
403031283301222_,2003-01-15,10,0.948,9.48,1.68,10,0.6813851438692455,0.030032246698042914
403031283301222_,2003-01-16,10,1.054,10.54,1.77,10,0.6486960350423006,0.042450303477632255
403031283301222_,2003-01-17,10,1.0070000000000001,10.07,1.79,10,-0.33771131827483014,0.3399005843981841
403031283301222_,2003-01-18,10,0.849,8.49,1.49,10,0.6602965599657916,0.0377097148540114
403031283301222_,2003-01-19,10,0.541,5.41,1.16,10,-0.09712858623572733,0.7895243197818316
403031283301222_,2003-01-20,10,0.986,9.86,1.73,10,-0.3497992325709927,0.3217684425024117
403031283301222_,2003-01-21,10,0.967,9.67,1.68,10,0.8363424111290653,0.0025631836787039014
403031283301222_,2003-01-22,10,1.09,10.9,1.92,10,0.4537867298499183,0.18773476785909043
403031283301222_,2003-01-23,10,0.178,1.78,0.36,10,-0.43328912241312123,0.21097504922083585
403031283301222_,2003-01-24,10,0.954,9.54,1.67,10,0.8790269371096561,8.077029567250856e-4
403031283301222_,2003-01-25,10,1.182,11.82,1.87,10,0.9168523371635583,1.8896134608706853e-4
403031283301222_,2003-01-26,10,1.164,11.64,1.99,10,0.340736393733239,0.33531487708738544
403031283301222_,2003-01-27,10,0.216,2.16,0.41,10,NA,NA
403031283301222_,2003-01-28,10,1.24,12.4,2.02,10,0.7527941281568165,0.01197335852070606
403031283301222_,2003-01-30,10,1.173,11.73,1.92,10,0.8466202649451959,0.0020035092808611027
403031283301222_,2003-01-31,10,1.027,10.27,1.64,10,0.8944271909999162,4.776140575939993e-4
403031283301222_,2003-02-01,10,1.209,12.09,2,10,0.8496617760555308,0.0018564144776255262
403031283301222_,2003-02-02,10,1.117,11.17,1.75,10,-0.19526889792041216,0.5887672820733953
403031283301222_,2003-02-03,10,1.2469999999999999,12.47,2.01,10,-0.28079428056527833,0.43194425697285954
403031283301222_,2003-02-05,10,1.171,11.71,2.02,10,0.07594176234175613,0.8348321384761731
403031283301222_,2003-02-06,10,1.188,11.879999999999999,1.91,10,0.9102257993999315,2.546906016630475e-4
403031283301222_,2003-02-07,10,1.425,14.25,2.25,10,-0.5344701181638054,0.11147603986271992
403031283301222_,2003-02-08,10,1.146,11.459999999999999,1.75,10,-0.5818370222867508,0.07764196803475376
403031283301222_,2003-02-09,10,1.3479999999999999,13.48,2.19,10,-0.14406968664910066,0.6913078272202411
403031283301222_,2003-02-10,11,1.0254545454545454,11.28,1.92,11,0.31974714972491636,0.3377941680350338
403031283301222_,2003-02-11,11,0.32545454545454544,3.58,0.58,11,-0.13844373104863306,0.684778663326675
403031283301222_,2003-02-12,11,1.2036363636363636,13.24,2.14,11,0.7954464356617766,0.0034178754950227636
403031283301222_,2003-02-13,11,1.2654545454545454,13.92,2.2,11,0.5415367134479547,0.08532949086790009
403031283301222_,2003-02-15,11,1.34,14.74,2.29,11,-0.061831852768021146,0.8566827615876363
403031283301222_,2003-02-16,11,0.3609090909090909,3.97,0.68,11,0.04303314829119436,0.9000259771768921
403031283301222_,2003-02-18,12,0.8016666666666666,9.62,1.49,12,NA,NA
403031283301222_,2003-02-19,12,1.1116666666666666,13.34,2.22,12,0.4454011323349912,0.1467619775436698
403031283301222_,2003-02-20,12,0.7891666666666667,9.469999999999999,1.68,12,0.9037744534114871,5.517571343605183e-5
403031283301222_,2003-02-21,12,1.3241666666666667,15.89,2.42,12,0.786105502438079,0.0024311384464535016
403031283301222_,2003-02-22,12,0.7958333333333334,9.55,1.79,12,0.9324973208846468,9.848222477132846e-6
403031283301222_,2003-02-23,12,0.9566666666666667,11.48,1.68,12,0.8780944554530105,1.7219655952348232e-4
403031283301222_,2003-04-17,13,1.8453846153846154,23.99,3.2,13,0.516396708321839,0.07080464134091663
403031283301222_,2003-04-18,13,1.83,23.79,3.25,13,0.5561227027831177,0.04842569724086745
403031283301222_,2003-04-19,13,0.9030769230769231,11.74,2.26,13,0.6930530700929358,0.008628481982089391
403031283301222_,2003-04-20,13,0.37,4.81,0.79,13,0.8865689523052466,5.397299870277751e-5
403031283301222_,2003-04-21,13,1.3623076923076922,17.71,2.77,13,0.7751968812681649,0.001851733805540952
403031283301222_,2003-04-22,13,2.0092307692307694,26.12,3.42,13,0.8661755715057852,1.286447414223579e-4
403031283301222_,2003-04-23,13,0.5269230769230769,6.85,1.47,13,0.9810945406686002,3.4087296874736938e-9
403031283301222_,2003-04-25,14,0.36714285714285716,5.14,0.78,14,0.9395518288102509,6.178155628797181e-7
403031283301222_,2003-04-26,14,1.195,16.73,2.37,14,0.6843942835541071,0.006935285865186259
403031283301222_,2003-04-27,14,1.55,21.7,3.22,14,0.6881214439468477,0.00651708529253728
403031283301222_,2003-04-28,14,1.7542857142857142,24.560000000000002,3.22,14,0.8038246487490459,5.314137360563002e-4
403031283301222_,2003-04-29,14,1.71,23.94,3.23,14,0.7845312346593306,8.919869825966803e-4
403031283301222_,2003-04-30,14,0.52,7.28,0.99,14,0.9596774890937882,5.687901550348414e-8
403031283301222_,2003-05-01,14,2.0107142857142857,28.15,3.48,14,0.7887430573632023,8.001875219317833e-4
403031283301222_,2003-05-02,14,1.887857142857143,26.43,3.37,14,0.8932578718923941,1.69057879017041e-5
403031283301222_,2003-05-03,14,1.885,26.39,3.39,14,0.7955728010840326,6.675308718650212e-4
403031283301222_,2003-05-04,14,1.467142857142857,20.54,3.25,14,0.8314117114774272,2.2811966960466562e-4
403031283301222_,2003-05-05,14,1.3992857142857142,19.59,2.69,14,0.8567561786106103,9.094198583532645e-5
403031283301222_,2003-05-06,14,1.5071428571428571,21.1,3.11,14,0.667601205255239,0.0090844481058886
403031283301222_,2003-05-07,14,0.9521428571428572,13.33,1.78,14,0.8580726477344944,8.629842380083388e-5
403031283301222_,2003-05-08,14,0.6114285714285714,8.56,1.61,14,0.9569293551322329,8.397594798317645e-8
403031283301222_,2003-05-09,14,1.927142857142857,26.98,3.36,14,0.8963261702189533,1.4289364958423127e-5
403031283301222_,2003-05-10,14,1.4928571428571429,20.9,2.98,14,0.8315743558568465,2.2688699557312994e-4
403031283301222_,2003-05-11,14,0.81,11.34,2.27,14,0.5621543593528254,0.036404652184452144
403031283301222_,2003-05-12,14,0.5492857142857143,7.69,1.2,14,0.9430314818999627,4.361981853322166e-7
403031283301222_,2003-05-13,14,1.5371428571428571,21.52,2.8,14,0.8677773669588293,5.767430345767005e-5
403031283301222_,2003-05-14,14,1.2014285714285715,16.82,2.37,14,0.9711613855643856,7.804538055225853e-9
403031283301222_,2003-05-15,14,0.5185714285714286,7.26,1.2,14,0.7544738360147223,0.0018193831407120797
403031283301222_,2003-05-16,15,0.796,11.94,1.63,15,0.9676211149177005,3.769554780120236e-9
403031283301222_,2003-05-17,15,0.7593333333333333,11.39,1.52,15,0.8730378697119726,2.1496504467964694e-5
403031283301222_,2003-05-18,15,0.9706666666666667,14.56,1.99,15,0.9032776173026886,3.955123925836338e-6
403031283301222_,2003-05-19,15,0.444,6.66,1.02,15,0.2612242052598841,0.3470031486568821
403031283301222_,2003-05-20,15,0.692,10.38,1.72,15,0.9680404921064459,3.4667938593982604e-9
403031283301222_,2003-05-21,15,1.424,21.36,2.97,15,0.9467601322518944,9.081592052298641e-8
403031283301222_,2003-05-23,15,0.8333333333333334,12.5,1.76,15,0.9721033089093642,1.446691378959198e-9
403031283301222_,2003-05-24,15,1.196,17.939999999999998,2.3,15,0.8362514588705091,1.0238693481538105e-4
403031283301222_,2003-05-25,15,1.142,17.13,2.25,15,0.964164704769202,7.22740544219007e-9
403031283301222_,2003-05-26,15,0.5713333333333334,8.57,1.15,15,0.8641639424667937,3.2613356836648345e-5
403031283301222_,2003-05-28,15,1.6506666666666667,24.76,3.05,15,0.6146087804034145,0.014766742630471048
403031283301222_,2003-05-29,15,1.7966666666666666,26.95,3.2,15,0.9424505597096324,1.4904860403018973e-7
403031283301222_,2003-05-30,15,1.6793333333333333,25.19,3.13,15,0.9312587431671591,4.6035447498587096e-7
403031283301222_,2003-05-31,15,0.39266666666666666,5.89,0.84,15,0.5207923224525013,0.046533555967660005
403031283301222_,2003-06-01,15,0.622,9.33,1.39,15,0.9429656298251898,1.4076493854267777e-7
403031283301222_,2003-06-02,15,1.7326666666666666,25.99,3.31,15,0.9323638097637824,4.1545005623236774e-7
403031283301222_,2003-06-03,15,1.8073333333333332,27.11,3.27,15,0.8181197363933332,1.9344552863489724e-4
403031283301222_,2003-06-04,15,0.652,9.78,1.25,15,0.9129792112998327,2.0380048235382586e-6
403031283301222_,2003-06-05,15,1.6766666666666665,25.15,3.14,15,0.833081504323777,1.1504303827787827e-4
403031283301222_,2003-06-06,15,1.4986666666666666,22.48,2.89,15,0.8553768074001532,4.794196835684116e-5
403031283301222_,2003-06-08,15,1.4753333333333334,22.13,2.83,15,0.6798748287993679,0.005294127195388584
403031283301222_,2003-06-09,15,1.1466666666666667,17.2,2.32,15,0.9650558651583596,6.149353666932554e-9
403031283301222_,2003-06-10,15,0.9259999999999999,13.89,2.31,15,0.8096643067596554,2.5432570842577547e-4
403031283301222_,2003-06-11,15,0.824,12.36,1.53,15,0.9681091825104886,3.419213560543664e-9
403031283301222_,2003-06-12,15,0.6753333333333333,10.129999999999999,1.39,15,0.9648649565886183,6.36809290605691e-9
403031283301222_,2003-06-13,15,0.9493333333333334,14.24,1.96,15,0.9777213310439146,3.399672337226638e-10
403031283301222_,2003-06-14,15,0.886,13.290000000000001,1.96,15,0.8155616319268001,2.104418650110295e-4
403031283301222_,2003-06-15,15,0.5673333333333334,8.51,1.33,15,0.7946811735103501,4.0038582417813173e-4
403031283301222_,2003-06-16,15,0.6886666666666666,10.33,1.49,15,0.8612628076914051,3.714295283462745e-5
403031283301222_,2003-06-17,15,0.6773333333333333,10.16,1.39,15,0.8149900306951103,2.1440217723303653e-4
403031283301222_,2003-06-18,15,0.8893333333333333,13.34,1.95,15,0.875776374705397,1.878431655390896e-5
403031283301222_,2003-06-19,15,1.2733333333333334,19.1,2.59,15,0.9489166688197384,6.977758192789542e-8
403031283301222_,2003-06-20,15,1.2673333333333334,19.01,2.49,15,0.08675691223068782,0.7585101103608892
403031283301222_,2003-06-21,15,1.7453333333333334,26.18,3.26,15,0.8591738255155447,4.0717022809005786e-5
403031283301222_,2003-06-22,15,1.3446666666666667,20.17,2.95,15,0.9422864571250077,1.517721836559519e-7
403031283301222_,2003-06-23,15,0.6839999999999999,10.26,1.4,15,0.8473799301161122,6.665795143814521e-5
403031283301222_,2003-06-24,15,0.412,6.18,0.82,15,-0.5528524125124106,0.032559145005566927
403031283301222_,2003-06-25,15,0.534,8.01,1.47,15,-0.844904997155485,7.354188287786623e-5
403031283301222_,2003-06-26,15,0.6153333333333334,9.23,1.34,15,0.9169570020192347,1.5183994727985597e-6
403031283301222_,2003-06-28,15,0.7046666666666667,10.57,1.81,15,0.9478704596964121,7.940371557760578e-8
403031283301222_,2003-06-29,15,1.4386666666666668,21.580000000000002,2.79,15,0.9540740057765404,3.5377304424190895e-8
403031283301222_,2003-06-30,15,1.3273333333333333,19.91,2.58,15,0.9251987729552443,7.85469510462803e-7
403031283301222_,2003-07-01,15,0.586,8.79,1.08,15,0.902541979015022,4.14722059305554e-6
403031283301222_,2003-07-02,15,1.3940000000000001,20.91,2.44,15,0.9046963516117559,3.605563212616389e-6
403031283301222_,2003-07-03,15,0.6706666666666666,10.06,1.39,15,0.7690019459330586,8.055175930039096e-4
403031283301222_,2003-07-04,15,1.2,18,2.45,15,0.9716338466242531,1.610626613145365e-9
403031283301222_,2003-07-05,15,1.544,23.16,2.86,15,0.935865783712021,2.9659246679901246e-7
403031283301222_,2003-07-06,15,0.8646666666666667,12.97,1.61,15,0.9064345366277374,3.2127833009781904e-6
403031283301222_,2003-07-07,15,0.25866666666666666,3.88,0.51,15,0.4536174737895206,0.08944929655987419
403031283301222_,2003-07-08,15,0.5013333333333333,7.5200000000000005,1.2,15,-0.7000031032969369,0.003665852115801322
403031283301222_,2003-07-09,15,0.6093333333333333,9.14,1.22,15,0.7161080834851898,0.0026743979320323122
403031283301222_,2003-07-10,15,0.472,7.08,0.95,15,0.9120330977430445,2.1813060443086902e-6
403031283301222_,2003-07-11,15,1.0146666666666666,15.219999999999999,2.14,15,0.9564580147598013,2.516284603475489e-8
403031283301222_,2003-07-12,15,1.2566666666666666,18.85,2.5,15,0.8920016457213208,7.87556881301322e-6
403031283301222_,2003-07-13,15,0.36933333333333335,5.54,0.89,15,0.5128361779473873,0.05059860513337392
403031283301222_,2003-07-14,15,0.58,8.7,1.25,15,-0.3744275828494311,0.16913563122950448
403031283301222_,2003-07-15,15,1.2606666666666666,18.91,2.83,15,0.9575379387892032,2.1428929325534644e-8
403031283301222_,2003-07-16,15,0.6866666666666666,10.3,1.33,15,0.9517775574899208,4.831051082385128e-8
403031283301222_,2003-07-17,14,0.7885714285714286,11.040000000000001,1.61,14,0.960082514045722,5.358320674436225e-8
403031283301222_,2003-07-18,14,0.6007142857142858,8.41,1.16,14,0.8684515285236959,5.601750912492502e-5
403031283301222_,2003-07-19,14,0.4492857142857143,6.29,0.95,14,0.7746380439534386,0.0011409566320781646
403031283301222_,2003-07-20,14,1.0157142857142858,14.22,2.12,14,0.9859727338678507,1.067185522057052e-10
403031283301222_,2003-07-21,14,0.6178571428571429,8.65,1.2,14,0.9567872092950693,8.562606662446543e-8
403031283301222_,2003-07-22,14,0.6035714285714285,8.45,1.08,14,0.6847826576364917,0.0068907611897729495
403031283301222_,2003-07-23,14,0.5278571428571429,7.390000000000001,1.07,14,0.5862355890433674,0.02757430936159902
403031283301222_,2003-07-24,14,1.0757142857142856,15.06,2.04,14,0.9847116494171587,1.783959977916446e-10
403031283301222_,2003-07-26,14,0.9207142857142857,12.89,1.67,14,0.9150408908365978,4.511706525268437e-6
403031283301222_,2003-07-27,14,1.1928571428571428,16.7,2.15,14,0.9579917108484239,7.245728597370958e-8
403031283301222_,2003-07-28,14,1.1157142857142857,15.62,2.1,14,0.8953153610760155,1.5111766866354941e-5
403031283301222_,2003-07-29,14,0.5564285714285714,7.79,1.34,14,0.8467171161643434,1.3346142539653858e-4
403031283301222_,2003-07-30,14,0.7278571428571429,10.19,1.45,14,0.9525107116175019,1.4943565318582916e-7
403031283301222_,2003-07-31,14,1.2635714285714286,17.69,2.29,14,0.8885542216203903,2.1668552145217846e-5
403031283301222_,2003-08-01,14,1.1035714285714286,15.45,1.93,14,0.9165426136625301,4.067381920768481e-6
403031283301222_,2003-08-02,14,1.2792857142857144,17.91,2.52,14,0.9522476823668725,1.5438231387171023e-7
403031283301222_,2003-08-03,14,1.52,21.28,2.78,14,0.9550702449875507,1.0777312316574577e-7
403031283301222_,2003-08-04,14,1.5114285714285713,21.16,2.75,14,0.9509876107218915,1.7999926892081694e-7
403031283301222_,2003-08-08,14,0.6978571428571428,9.77,1.83,14,0.9050691117841537,8.588319472392161e-6
403031283301222_,2003-08-09,14,0.2785714285714286,3.9,0.54,14,-0.6873235095394,0.006604920901201509
403031283301222_,2003-08-10,14,1.677142857142857,23.48,3.16,14,0.867220453914385,5.9072875957284145e-5
403031283301222_,2003-08-11,14,1.1692857142857143,16.37,2.11,14,0.9700492701025305,9.770083623371567e-9
403031283301222_,2003-08-12,14,0.575,8.05,1.25,14,0.9888507752801522,2.7074560539586162e-11
403031283301222_,2003-08-13,14,1.0871428571428572,15.22,2.21,14,0.9008425128732022,1.1049116980054975e-5
403031283301222_,2003-08-14,14,0.42214285714285715,5.91,0.86,14,-0.9017224753773082,1.0494252842474667e-5
403031283301222_,2003-08-16,14,0.7514285714285714,10.52,1.66,14,-0.47152148010824685,0.08873962921731851
403031283301222_,2003-08-17,14,0.49142857142857144,6.88,0.91,14,0.922416577064626,2.6594028913275145e-6
403031283301222_,2003-08-18,14,0.7528571428571429,10.540000000000001,1.81,14,0.9751417221964382,3.2290200115598773e-9
403031283301222_,2003-08-19,14,0.5407142857142857,7.57,1.13,14,0.8704214893460964,5.1397087270322705e-5
403031283301222_,2003-08-20,14,0.8014285714285714,11.22,1.58,14,0.9832653172819071,3.058945153442279e-10
403031283301222_,2003-08-22,14,1.5671428571428572,21.94,2.83,14,0.9341176470588237,1.0232670856987263e-6
403031283301222_,2003-08-23,14,1.6735714285714285,23.43,3.08,14,0.9272857686979566,1.8220307536991388e-6
403031283301222_,2003-08-24,13,1.7653846153846153,22.95,3.13,13,0.8485613571178665,2.4509879187605574e-4
403031283301222_,2003-08-25,13,1.5507692307692307,20.16,2.69,13,0.8894120108137445,4.720644006386898e-5
403031283301222_,2003-08-26,13,0.833076923076923,10.83,1.79,13,0.9683562675847996,5.653388056871297e-8
403031283301222_,2003-08-27,13,1.156153846153846,15.03,2.51,13,0.96908318734769,4.982023273550596e-8
403031283301222_,2003-08-28,13,0.64,8.32,1.48,13,0.7583077457437061,0.0026624471574002036
403031283301222_,2003-08-29,13,1.550769230769231,20.16,2.74,13,0.9581253429374714,2.5874814255454447e-7
403031283301222_,2003-08-30,13,0.6892307692307692,8.96,1.17,13,0.5406927840418105,0.05640744215650028
403031283301222_,2003-08-31,13,0.6053846153846154,7.87,1.46,13,0.8177430484283087,6.3764379070726e-4
403031283301222_,2003-09-01,13,0.6992307692307692,9.09,1.5,13,0.8215838362577508,5.716300637755843e-4
403031283301222_,2003-09-02,13,1.2430769230769232,16.16,2.27,13,0.9489547397518872,7.554035720724884e-7
403031283301222_,2003-09-03,13,1.246923076923077,16.21,2.45,13,0.9216198867175984,7.574890547751056e-6
403031283301222_,2003-09-04,13,1.2861538461538462,16.72,2.46,13,0.7341902529814759,0.004269713497915583
403031283301222_,2003-09-05,13,1.6515384615384616,21.47,2.96,13,0.739405192330791,0.003871354505294556
403031283301222_,2003-09-06,13,1.0561538461538462,13.73,2.1,13,0.9836476364295456,1.542343786118013e-9
403031283301222_,2003-09-07,13,0.4969230769230769,6.46,1.14,13,0.8052347405858534,8.953272208283464e-4
403031283301222_,2003-09-08,13,0.7669230769230769,9.97,1.48,13,0.9560459177356525,3.364284155489355e-7
403031283301222_,2003-09-09,13,1.5238461538461539,19.81,2.87,13,0.9755962512034648,1.3733753089965612e-8
403031283301222_,2003-09-10,13,1.113076923076923,14.47,2.03,13,0.9032769396214084,2.322539258312524e-5
403031283301222_,2003-09-11,13,1.2546153846153845,16.31,2.32,13,0.9074905096363172,1.8331084668935255e-5
403031283301222_,2003-09-12,13,1.1338461538461537,14.74,2.25,13,0.9060116669996067,1.994352749151915e-5
403031283301222_,2003-09-13,13,1.1223076923076922,14.59,2.16,13,0.9249132347745362,6.0207239696089276e-6
403031283301222_,2003-09-14,13,1.59,20.67,2.89,13,0.9063363472491389,1.95800947057334e-5
403031283301222_,2003-09-15,13,1.3784615384615384,17.919999999999998,2.33,13,0.8815668119131329,6.775255603018709e-5
403031283301222_,2003-09-16,13,1.1953846153846153,15.54,2.51,13,0.8795637091975305,7.40033616314834e-5
403031283301222_,2003-09-17,13,1.4323076923076923,18.62,2.73,13,0.9449608053455214,1.1343556907183637e-06
403031283301222_,2003-09-18,13,1.2876923076923077,16.74,2.37,13,0.9341434398170401,2.9798186586725064e-6
403031283301222_,2003-09-19,13,1.0169230769230768,13.219999999999999,2.09,13,0.9054074985891503,2.063425544521746e-5
403031283301222_,2003-09-20,13,0.2276923076923077,2.96,0.44,13,0.5629791630759893,0.04515279843357842
403031283301222_,2003-09-21,13,0.3515384615384615,4.57,0.8,13,-0.9637966107848344,1.1749707162101617e-7
403031283301222_,2003-09-22,13,0.8676923076923077,11.28,1.63,13,-0.8092460923787748,8.051067993565637e-4
403031283301222_,2003-09-23,13,1.2938461538461539,16.82,2.55,13,0.8971020860502911,3.224589381770898e-5
403031283301222_,2003-09-24,13,0.42,5.46,0.87,13,0.342287473165049,0.2522956202302536
403031283301222_,2003-09-25,13,0.3038461538461538,3.95,0.6,13,NA,NA
403031283301222_,2003-09-27,13,1.2869230769230768,16.73,2.62,13,0.8995105088446349,2.8442930736053576e-5
403031283301222_,2003-09-28,13,1.1384615384615384,14.8,2.45,13,0.8171912744807854,6.476018979384426e-4
403031283301222_,2003-09-29,13,1.2246153846153847,15.92,2.28,13,0.8827289749407284,6.43246422861515e-5
403031283301222_,2003-09-30,13,1.4323076923076923,18.62,2.6,13,0.7138375319323611,0.006135141231707776
403031283301222_,2003-10-01,13,1.2692307692307692,16.5,2.54,13,0.9684808806896894,5.5333500269579926e-8
403031283301222_,2003-10-02,13,1.0607692307692307,13.79,2.09,13,0.6493542329536177,0.016314919487742142
403031283301222_,2003-10-03,12,1.1491666666666667,13.79,2.26,12,0.9755859128923797,6.556904881871604e-8
403031283301222_,2003-10-04,11,1.3318181818181818,14.65,2.46,11,0.8791189651549155,3.640099530545345e-4
403031283301222_,2003-10-05,11,1.501818181818182,16.52,2.51,11,0.8941952880005526,2.0443801734292802e-4
403031283301222_,2003-10-06,11,0.7418181818181818,8.16,1.12,11,0.9656039197372716,1.4460310374345506e-6
403031283301222_,2003-10-07,11,1.0763636363636364,11.84,1.94,11,0.9587424345978398,3.245829394228397e-6
403031283301222_,2003-10-08,11,0.7181818181818181,7.9,1.32,11,0.9571426248774518,3.8429424404669835e-6
403031283301222_,2003-10-09,11,1.5772727272727272,17.35,2.53,11,0.9508818542503746,7.033581372548517e-6
403031283301222_,2003-10-10,11,1.35,14.85,2.43,11,0.9664333484133184,1.2971667592166254e-6
403031283301222_,2003-10-13,11,0.4572727272727273,5.03,1.07,11,0.6307406402043203,0.03745975118081358
403031283301222_,2003-10-17,11,1.471818181818182,16.19,2.61,11,0.9560962179911513,4.277067676710313e-6
403031283301222_,2003-10-18,11,1.2072727272727273,13.28,2.29,11,0.806872630016264,0.002685910306039656
403031283301222_,2003-10-19,11,1.5745454545454545,17.32,2.62,11,0.9301279049911501,3.3323928716535295e-5
403031283301222_,2003-10-20,11,1.479090909090909,16.27,2.49,11,0.9253004869163519,4.469245916277934e-5
403031283301222_,2003-10-21,11,1.1427272727272728,12.57,2.27,11,0.900823728110537,1.5431543477651186e-4
403031283301222_,2003-10-22,11,0.23909090909090908,2.63,0.44,11,0.5865031372406616,0.0578890193704796
403031283301222_,2003-10-23,11,1.1618181818181819,12.78,2.12,11,0.7527819002842198,0.007499600292231122
403031283301222_,2003-10-25,11,0.6745454545454546,7.42,1.22,11,0.9581097305977091,3.472714299546797e-6
403031283301222_,2003-10-26,11,1.3309090909090908,14.64,2.33,11,0.9703176225675924,7.500634936124033e-7
403031283301222_,2003-10-27,11,0.9236363636363637,10.16,1.75,11,0.6900137832181918,0.018781063925255404
403031283301222_,2003-10-28,11,0.25636363636363635,2.82,0.59,11,0.40817750619103554,0.2126669640518519
403031283301222_,2003-10-29,11,1.210909090909091,13.32,2.02,11,0.9567010429669882,4.021779013843463e-6
403031283301222_,2003-10-30,11,1.3536363636363635,14.89,2.27,11,0.5734479916336003,0.0651265584650311
403031283301222_,2003-10-31,11,1.3081818181818181,14.39,2.29,11,0.6617624849710624,0.026560467238127244
403031283301222_,2003-11-01,11,0.9545454545454546,10.5,1.66,11,0.8448194738658166,0.0010636222641119677
403031283301222_,2003-11-02,11,1.2927272727272727,14.22,2.27,11,0.9401564480025162,1.6840618066532092e-5
403031283301222_,2003-11-03,11,0.5499999999999999,6.05,1.27,11,0.8700781910670933,4.967913513036938e-4
403031283301222_,2003-11-04,11,1.229090909090909,13.52,2.25,11,0.454634313488287,0.16005342486312665
403031283301222_,2003-11-05,11,0.7954545454545454,8.75,1.65,11,0.9513169297516868,6.7618272612435735e-6
403031283301222_,2003-11-06,11,0.7290909090909091,8.02,1.37,11,0.7387771712491737,0.009399764305849961
403031283301222_,2003-11-07,11,0.9672727272727273,10.64,1.75,11,0.914911844044398,7.907825344655746e-5
403031283301222_,2003-11-08,11,0.8254545454545454,9.08,1.64,11,0.9132312358792415,8.613939261811225e-5
403031283301222_,2003-11-09,11,0.24545454545454545,2.7,0.43,11,0.61489783720973,0.044079409456064145
403031283301222_,2003-11-10,11,0.2909090909090909,3.2,0.54,11,-0.5706644326895153,0.06674507205788917
403031283301222_,2003-11-11,11,0.33090909090909093,3.64,0.56,11,-0.043033148291193514,0.9000259771768941
403031283301222_,2003-11-12,11,0.8627272727272728,9.49,1.62,11,0.8677523258303045,5.362046721730598e-4
403031283301222_,2003-11-13,11,0.5981818181818181,6.58,1.21,11,-0.5573615359176028,0.07485488347422171
403031283301222_,2003-11-14,11,1.15,12.65,2.09,11,0.9484192058023008,8.7341996479736e-6
403031283301222_,2003-11-15,11,0.7809090909090909,8.59,1.48,11,0.9616780904258198,2.3384315076405208e-6
403031283301222_,2003-11-16,11,0.86,9.459999999999999,1.59,11,0.8962493120759141,1.8774900039451167e-4
403031283301222_,2003-11-17,11,1.0318181818181817,11.35,1.77,11,0.4070727847839511,0.2140286204382072
403031283301222_,2003-11-18,11,1.1209090909090909,12.33,2.09,11,0.9094879617773087,1.0359477317965912e-4
403031283301222_,2003-11-19,11,0.9781818181818182,10.76,1.87,11,0.9288336727406976,3.6124198498087354e-5
403031283301222_,2003-11-20,11,0.31363636363636366,3.45,0.55,11,-0.2587745847533829,0.4422796437101172
403031283301222_,2003-11-22,11,1.0354545454545454,11.39,1.88,11,0.8933366552269746,2.1173936648991577e-4
403031283301222_,2003-11-23,11,0.9645454545454545,10.61,1.69,11,0.7761282052835358,0.004978233679428967
403031283301222_,2003-11-24,11,0.3845454545454546,4.23,0.76,11,-0.17507524381296255,0.6066328930886223
403031283301222_,2003-11-25,11,0.1509090909090909,1.66,0.3,11,-0.8463272660560105,0.0010202349781961975
403031283301222_,2003-11-28,11,0.3927272727272727,4.32,0.86,11,0.9288717033221406,3.6039425702697247e-5
403031283301222_,2003-11-29,11,0.25363636363636366,2.79,0.6,11,0.25877458475338305,0.44227964371011685
403031283301222_,2003-11-30,11,0.22,2.42,0.49,11,0.9415482769856979,1.5179338002570092e-5
403031283301222_,2003-12-01,11,0.15181818181818182,1.67,0.31,11,NA,NA
403031283301222_,2003-12-02,11,0.9881818181818182,10.87,1.77,11,0.5195724808631705,0.10141142641578035
403031283301222_,2003-12-03,10,1.006,10.06,1.65,10,0.8603115181424126,0.0014024884764101443
403031283301222_,2003-12-04,10,0.9450000000000001,9.45,1.6,10,0.9056737924810834,3.0866076168488047e-4
403031283301222_,2003-12-05,10,0.774,7.74,1.25,10,0.3874565124237917,0.26862578396655323
403031283301222_,2003-12-06,10,0.503,5.03,0.8,10,0.36333620975637954,0.3020762888763388
403031283301222_,2003-12-07,10,1.029,10.29,1.75,10,0.650443635587991,0.041711875909990474
403031283301222_,2003-12-08,10,1.082,10.82,1.86,10,0.8808815283434429,7.610692750655326e-4
403031283301222_,2003-12-09,10,0.91,9.1,1.54,10,0.4354009579595702,0.2085077386346979
403031283301222_,2003-12-10,10,1.097,10.97,1.88,10,0.7328274265515944,0.01591014726236603
403031283301222_,2003-12-11,10,0.318,3.18,0.62,10,-0.2090833493957276,0.5621055003253002
403031283301222_,2003-12-12,10,0.5499999999999999,5.5,1.19,10,0.9661767046858022,5.496731150104308e-6
403031283301222_,2003-12-13,10,1.094,10.94,1.85,10,0.8169329379095797,0.003914533027247996
403031283301222_,2003-12-14,10,1.0070000000000001,10.07,1.77,10,0.9436142051611556,4.130130109879745e-5
403031283301222_,2003-12-15,10,0.985,9.85,1.73,10,0.8114570300756111,0.004373408336406792
403031283301222_,2003-12-16,10,0.843,8.43,1.5,10,-0.18524334308372223,0.6084013888727019
403031283301222_,2003-12-17,10,0.491,4.91,0.83,10,0.191565257044231,0.5959933066795488
403031283301222_,2003-12-18,10,0.91,9.1,1.57,10,0.14187865776041209,0.6958127428197256
403031283301222_,2003-12-19,10,0.897,8.97,1.54,10,0.8922317204893112,5.171804214564853e-4
403031283301222_,2003-12-20,10,0.592,5.92,1.17,10,-0.40422604172722126,0.24662587421539348
403031283301222_,2003-12-21,10,0.884,8.84,1.5,10,0.6605427278782481,0.0376131851898328
403031283301222_,2003-12-22,10,0.918,9.18,1.6,10,-0.4512807878998057,0.19049134296896567
403031283301222_,2003-12-23,10,0.956,9.56,1.7,10,0.8911327886790067,5.378614199906211e-4
403031283301222_,2003-12-25,10,0.956,9.56,1.63,10,0.7946228593013587,0.006024733457935327
403031283301222_,2003-12-26,10,0.93,9.3,1.61,10,0.9527504204227447,2.0593495776827108e-5
403031283301222_,2003-12-27,10,0.769,7.69,1.44,10,0.6882472016116852,0.027784351010990107
403031283301222_,2003-12-28,10,0.945,9.45,1.56,10,0.8853581185851932,6.566256217681429e-4
403031283301222_,2003-12-29,10,0.852,8.52,1.65,10,0.780404714635068,0.007730230425510315
403031283301222_,2003-12-30,10,1.012,10.12,1.72,10,0.7963987204135503,0.005832451823115571
403031283301222_,2004-01-06,10,0.927,9.27,1.64,10,0.7725818017428592,0.008801660989478976
403031283301222_,2004-01-07,10,1.044,10.44,1.83,10,0.9079777268172936,2.803927293062729e-4
403031283301222_,2004-01-08,10,0.958,9.58,1.67,10,0.7789621985578669,0.00792044392641416
403031283301222_,2004-01-09,10,1.069,10.69,1.79,10,0.691023319080643,0.026908588980284295
403031283301222_,2004-01-10,10,1.072,10.72,1.83,10,0.7447984686275546,0.01345643310933709
403031283301222_,2004-01-11,10,1.062,10.62,1.78,10,0.7904892586214847,0.006489704390515415
403031283301222_,2004-01-12,10,1.135,11.35,1.92,10,0.9800510915691181,6.764255082846183e-7
403031283301222_,2004-01-13,10,0.845,8.45,1.68,10,0.7266559427903644,0.01728941971420525
403031283301222_,2004-01-14,10,0.877,8.77,1.47,10,NA,NA
403031283301222_,2004-01-15,10,0.962,9.62,1.64,10,0.662122191971728,0.03699779693075899
403031283301222_,2004-01-16,10,1.054,10.540000000000001,1.76,10,0.6929348671835841,0.026316671872857324
403031283301222_,2004-01-17,10,0.501,5.01,1.03,10,0.3833259389999626,0.27420369158129243
403031283301222_,2004-01-18,10,1.159,11.59,1.91,10,0.766066151119285,0.00977080768402488
403031283301222_,2004-01-19,10,0.586,5.86,1.13,10,0.06412364700532246,0.8603048706733416
403031283301222_,2004-01-20,10,1.195,11.95,1.95,10,0.5070872613353301,0.13466534854558895
403031283301222_,2004-01-21,10,0.853,8.53,1.67,10,0.9297869012180046,9.762938987675803e-5
403031283301222_,2004-01-22,10,1.131,11.31,1.85,10,0.5633809715656493,0.08990160389306241
403031283301222_,2004-01-24,10,1.055,10.55,1.82,10,-0.0871781229670023,0.8107406000372346
403031283301222_,2004-01-25,10,1.136,11.36,1.88,10,0.9179146817669551,1.7972380604119732e-4
403031283301222_,2004-01-29,10,1.1400000000000001,11.4,1.92,10,0.8756519938672374,8.978650431803449e-4
403031283301222_,2004-04-01,13,1.8253846153846154,23.73,3.15,13,0.9210289739027205,7.885203615395937e-6
403031283301222_,2004-04-02,13,1.09,14.17,2.09,13,-0.18228263920400153,0.5511513657491005
403031283301222_,2004-04-03,13,1.5584615384615386,20.26,2.91,13,0.9920575864993184,2.952659758972271e-11
403031283301222_,2004-04-04,13,0.42615384615384616,5.54,0.88,13,-0.9288064778806249,4.526735945371854e-6
403031283301222_,2004-04-06,13,1.6984615384615385,22.080000000000002,3.05,13,0.5095499955489863,0.07528698553186769
403031283301222_,2004-04-07,13,1.486923076923077,19.330000000000002,2.7,13,0.8515925694407885,2.206503814736993e-4
403031283301222_,2004-04-08,13,1.7392307692307694,22.61,3.2,13,0.7181361657126386,0.005697130148771679
403031283301222_,2004-04-09,13,1.8584615384615384,24.16,3.21,13,0.9675218987464452,6.512929299645411e-8
403031283301222_,2004-04-10,13,1.9346153846153846,25.15,3.39,13,0.6777530397199111,0.01090834064061046
403031283301222_,2004-04-11,13,1.263076923076923,16.42,2.47,13,0.8834202193549623,6.235261290640526e-5
403031283301222_,2004-04-12,13,1.7338461538461538,22.54,3.15,13,0.8491436155722225,2.4024296245759194e-4
403031283301222_,2004-04-13,13,0.6461538461538462,8.4,1.12,13,0.8581532977208659,1.74360955431556e-4
403031283301222_,2004-04-14,13,0.7238461538461538,9.41,1.83,13,0.5818678244507621,0.03696222771596964
403031283301222_,2004-04-16,13,1.8592307692307692,24.17,3.16,13,0.7821018030792374,0.0015823314861413422
403031283301222_,2004-04-17,13,1.6907692307692308,21.98,2.8,13,0.8845673557918117,5.918711969137471e-5
403031283301222_,2004-04-19,13,0.40153846153846157,5.22,0.79,13,0.6307412839758594,0.02081188343121886
403031283301222_,2004-04-20,13,1.6846153846153846,21.9,2.9,13,0.62605756833418,0.02207562726568378
403031283301222_,2004-04-24,14,1.7442857142857142,24.419999999999998,3.05,14,0.02412015578087627,0.9347692518267432
403031283301222_,2004-04-25,14,1.9557142857142857,27.38,3.5,14,0.8192218986488246,3.3721146277579557e-4
403031283301222_,2004-04-26,14,1.6528571428571428,23.14,3.29,14,0.9745461988439921,3.7170693113590374e-9
403031283301222_,2004-04-28,14,1.2192857142857143,17.07,2.14,14,0.7122790256491742,0.00425979119096192
403031283301222_,2004-04-29,14,2.0464285714285713,28.65,3.56,14,0.9332319043758173,1.1064761659282913e-6
403031283301222_,2004-04-30,14,1.6514285714285715,23.12,3.26,14,0.5455730715327427,0.043594109686073176
403031283301222_,2004-05-01,14,1.7249999999999999,24.15,3.36,14,0.9282005968913417,1.6921557767647932e-6
403031283301222_,2004-05-02,14,1.3842857142857143,19.38,2.95,14,0.94418752045498755,3.8668948624002856e-7
403031283301222_,2004-05-03,14,0.9114285714285715,12.76,1.87,14,0.6983949128084633,0.005465301168188102
403031283301222_,2004-05-04,14,0.8271428571428572,11.58,1.87,14,0.9018888253264764,1.0391975365405095e-5
403031283301222_,2004-05-05,14,0.4257142857142857,5.96,0.97,14,0.129504781647635,0.6590310344832304
403031283301222_,2004-05-06,14,1.0321428571428573,14.45,1.87,14,0.9295655676852885,1.5126278660689214e-6
403031283301222_,2004-05-07,14,1.7735714285714286,24.830000000000002,3.12,14,0.9238657023484568,2.382555338429221e-6
403031283301222_,2004-05-08,14,1.5492857142857142,21.69,2.96,14,0.922791899902711,2.585281887085385e-6
403031283301222_,2004-05-09,14,0.5057142857142857,7.08,1.08,14,0.980124242861733,8.528340821462965e-10
403031283301222_,2004-05-10,14,0.5285714285714286,7.4,0.95,14,0.9425988762559122,4.5602102749430285e-7
403031283301222_,2004-05-11,14,1.597142857142857,22.36,2.77,14,0.8582350947169956,8.573905129597878e-5
403031283301222_,2004-05-12,14,1.1914285714285715,16.68,2.54,14,-0.12165453778850277,0.6786578110316752
403031283301222_,2004-05-13,14,0.5442857142857143,7.62,1.16,14,0.9275674300645641,1.7811986170641377e-6
403031283301222_,2004-05-22,15,0.5453333333333333,8.18,1.16,15,-0.02201475573002929,0.9379279382786492
403031283301222_,2004-05-23,15,0.54,8.1,1.41,15,-0.1422672278408319,0.6130092293145083
403031283301222_,2004-05-24,15,1.552,23.28,3.23,15,0.908192450641141,2.8525197517356007e-6
403031283301222_,2004-05-25,15,1.8553333333333333,27.83,3.33,15,0.817494225040323,1.9749356666664902e-4
403031283301222_,2004-05-26,15,1.8326666666666667,27.490000000000002,3.53,15,0.8225092896682948,1.6691043347264473e-4
403031283301222_,2004-05-28,15,1.04,15.6,2.03,15,0.9811103858870148,1.172583852983644e-10
403031283301222_,2004-05-29,15,1.294,19.41,2.86,15,0.7877256145378048,4.882957679493839e-4
403031283301222_,2004-05-30,15,1.5126666666666666,22.69,3.1,15,0.776624625604117,6.607128556467709e-4
403031283301222_,2004-05-31,15,1.2493333333333334,18.74,2.53,15,0.970162729493783,2.2293873820020366e-9
403031283301222_,2004-06-01,15,0.6866666666666666,10.3,1.46,15,0.8551008237162678,4.8505915705422944e-5
403031283301222_,2004-06-02,15,1.634,24.51,3.07,15,0.9429825300347541,1.4049982835317524e-7
403031283301222_,2004-06-03,15,1.784,26.76,3.41,15,0.8541775885074722,5.0432473971313275e-5
403031283301222_,2004-06-04,15,1.92,28.8,3.52,15,0.8087920164345461,2.61409699928456e-4
403031283301222_,2004-06-05,15,2.0033333333333334,30.05,3.6,15,0.8502925237924343,5.9246793897068746e-5
403031283301222_,2004-06-06,15,0.87,13.05,2.09,15,0.9313426971239955,4.568061665854546e-7
403031283301222_,2004-06-07,15,0.7366666666666667,11.05,1.85,15,0.9417119884593772,1.616379532122618e-7
403031283301222_,2004-06-08,15,0.554,8.31,1.25,15,0.6637823302968253,0.006968690505439049
403031283301222_,2004-06-09,15,0.65,9.75,1.43,15,0.3678663725281232,0.17733043969943343
403031283301222_,2004-06-10,15,0.978,14.67,1.97,15,0.9733315355770551,1.0828185426517385e-9
403031283301222_,2004-06-11,15,0.6206666666666667,9.31,1.17,15,0.7412379746686397,0.0015656156135006381
403031283301222_,2004-06-12,15,0.9526666666666667,14.29,2.07,15,0.9689546219173923,2.8771721839720656e-9
403031283301222_,2004-06-13,15,1.216,18.240000000000002,2.41,15,0.28740540295455635,0.298957332982973
403031283301222_,2004-06-14,15,1.9933333333333334,29.9,3.51,15,0.8626469254733042,3.492105218477647e-5
403031283301222_,2004-06-15,15,1.992,29.88,3.56,15,0.9447394041870515,1.1512913585942457e-7
403031283301222_,2004-06-16,15,2.0566666666666666,30.85,3.66,15,0.9519050763678568,4.75008546414927e-8
403031283301222_,2004-06-17,15,1.7106666666666668,25.66,3.29,15,0.5912719260320956,0.020263000104183932
403031283301222_,2004-06-18,15,1.2353333333333334,18.53,2.55,15,0.8896425098796906,9.010113236204877e-6
403031283301222_,2004-06-19,15,1.4206666666666667,21.31,2.82,15,0.9116099657439745,2.248064700447427e-6
403031283301222_,2004-06-20,15,1.3386666666666667,20.08,2.63,15,0.9562062181049631,2.6107903348275096e-8
403031283301222_,2004-06-21,15,0.5066666666666667,7.6,1.09,15,0.22358092182583383,0.4231196637951913
403031283301222_,2004-06-22,15,1.5326666666666666,22.99,3,15,0.8635458508364441,3.3537855487232006e-5
403031283301222_,2004-06-23,15,1.2546666666666666,18.82,2.67,15,0.9468287246179765,9.00731250965282e-8
403031283301222_,2004-06-25,15,0.5046666666666667,7.57,0.89,15,0.9442977050984602,1.2111325526190966e-7
403031283301222_,2004-06-26,15,0.826,12.39,1.67,15,0.9634658401756657,8.180340666330591e-9
403031283301222_,2004-06-27,15,0.846,12.69,2.02,15,0.9623581157772402,9.90665802452268e-9
403031283301222_,2004-06-28,15,0.8933333333333333,13.4,1.93,15,0.972522939872582,1.3122883780720424e-9
403031283301222_,2004-06-29,15,1.3226666666666667,19.84,2.61,15,0.8334942151069601,1.1332590317701701e-4
403031283301222_,2004-06-30,15,1.2613333333333334,18.92,2.47,15,0.7317226055037382,0.0019303952983400268
403031283301222_,2004-07-01,15,1.5646666666666667,23.47,3.13,15,0.9755708420908238,6.156238923116216e-10
403031283301222_,2004-07-02,15,1.8446666666666667,27.669999999999998,3.3,15,0.9515768275578546,4.960849171947118e-8
403031283301222_,2004-07-03,15,1.6953333333333334,25.43,3.08,15,0.9469348924940088,8.893348251350545e-8
403031283301222_,2004-07-04,15,1.7806666666666666,26.71,3.34,15,0.936429658603782,2.8043345103268494e-7
403031283301222_,2004-07-05,15,0.938,14.07,1.93,15,0.9201352907194456,1.187470489598264e-6
403031283301222_,2004-07-06,15,1.504,22.56,2.96,15,0.9503786164964371,5.7981944121352417e-8
403031283301222_,2004-07-07,15,1.5233333333333334,22.85,2.79,15,0.8459625291865303,7.053199391212283e-5
403031283301222_,2004-07-09,15,1.6353333333333333,24.53,3.07,15,0.9524104358727241,4.4403356704911326e-8
403031283301222_,2004-07-10,15,1.136,17.04,2.8,15,0.9594754065067788,1.5892925656108212e-8
403031283301222_,2004-07-13,15,1.22,18.3,2.78,15,0.9820523618556392,8.427980750839513e-11
403031283301222_,2004-07-14,15,1.1926666666666668,17.89,2.6,15,0.9725151059627305,1.3146973971558342e-9
403031283301222_,2004-07-15,15,1.3153333333333332,19.73,2.87,15,0.8256136834184451,1.500116709727428e-4
403031283301222_,2004-07-17,14,1.072857142857143,15.02,2.13,14,0.8742311582463216,4.3342120312355015e-5
403031283301222_,2004-07-18,14,1.4957142857142858,20.94,2.64,14,0.9656120094685545,2.216727923800788e-8
403031283301222_,2004-07-19,14,1.2014285714285715,16.82,2.15,14,0.9540639321246195,1.2282183573955354e-7
403031283301222_,2004-07-20,14,1.4314285714285715,20.04,2.75,14,0.900607158033499,1.1201528397253129e-5
403031283301222_,2004-07-21,14,0.9057142857142857,12.68,2.08,14,0.9511210464047521,1.7713056292364877e-7
403031283301222_,2004-07-22,14,1.5514285714285714,21.72,2.74,14,0.9537184674191405,1.2837239923932047e-7
403031283301222_,2004-07-23,14,1.6164285714285713,22.63,2.84,14,0.9191015543245078,3.393343648061717e-6
403031283301222_,2004-07-24,14,1.4764285714285714,20.669999999999998,2.64,14,0.974411583553704,3.835470913057057e-9
403031283301222_,2004-07-25,14,1.1042857142857143,15.46,2.33,14,0.8896130985678473,2.0510839902981405e-5
403031283301222_,2004-07-26,14,1.1,15.4,2.6,14,0.9217577206592099,2.7937468688348833e-6
403031283301222_,2004-07-27,14,1.64,22.96,2.96,14,0.9688588191190641,1.2312407353937007e-8
403031283301222_,2004-07-28,14,1.7121428571428572,23.97,3,14,0.9547528397783785,1.1234491744364359e-7
403031283301222_,2004-07-30,14,1.2785714285714285,17.9,2.46,14,0.9829804984389507,3.3828363384224705e-10
403031283301222_,2004-07-31,14,1.215,17.01,2.15,14,0.9882982146606156,3.6148444745443464e-11
403031283301222_,2004-08-01,14,1.61,22.54,2.99,14,0.9847084267661141,1.786205017048203e-10
403031283301222_,2004-08-02,14,1.8121428571428573,25.37,3.15,14,0.9644303482439112,2.7079104441479922e-8
403031283301222_,2004-08-03,14,1.5685714285714285,21.96,3.03,14,0.9784190598084199,1.3923381268429507e-9
403031283301222_,2004-08-04,14,1.5014285714285713,21.02,2.63,14,0.9849177953041462,1.6451416171776204e-10
403031283301222_,2004-08-05,14,0.7535714285714286,10.55,1.5,14,0.7427978482789108,0.002338561536316512
403031283301222_,2004-08-06,14,1.3764285714285716,19.27,2.45,14,0.9546909463967445,1.1325483974043776e-7
403031283301222_,2004-08-07,14,0.875,12.25,2.08,14,0.9488903793725433,2.3038841949963096e-7
403031283301222_,2004-08-08,14,1.5235714285714286,21.33,2.75,14,0.9651538430172694,2.397555573557487e-8
403031283301222_,2004-08-09,14,1.3985714285714286,19.58,2.76,14,0.8699135655511925,5.2557508409515935e-5
403031283301222_,2004-08-10,14,1.4121428571428571,19.77,2.74,14,0.8884296697080635,2.1808173205093255e-5
403031283301222_,2004-08-11,14,1.6642857142857141,23.3,3.03,14,0.8972130917390332,1.3598311001784925e-5
403031283301222_,2004-08-12,14,1.6685714285714286,23.36,3.11,14,0.9389034689048716,6.577200367967854e-7
403031283301222_,2004-08-14,14,1.1207142857142858,15.69,2,14,0.9140570517397941,4.823867735795124e-6
403031283301222_,2004-08-16,14,1.7492857142857143,24.49,3.25,14,0.9407129524908778,5.513473636605193e-7
403031283301222_,2004-08-18,14,1.4207142857142856,19.89,2.79,14,0.9387394458752912,6.68145256596388e-7
403031283301222_,2004-08-19,14,1.7178571428571427,24.05,3.07,14,0.9841370884059404,2.2232112830361183e-10
403031283301222_,2004-08-20,14,1.727142857142857,24.18,3.04,14,0.9680500641228176,1.433475839387812e-8
403031283301222_,2004-08-21,14,1.3185714285714285,18.46,2.5,14,0.9811209010816561,6.276892049217839e-10
403031283301222_,2004-08-22,14,0.7942857142857143,11.120000000000001,1.52,14,0.9745383241330623,3.7239109352715303e-9
403031283301222_,2004-08-23,13,0.40615384615384614,5.28,0.99,13,-0.6975182725586869,0.008037238263320786
403031283301222_,2004-08-25,13,1.1823076923076923,15.37,2.07,13,0.9163081303991844,1.0751484469463259e-5
403031283301222_,2004-08-27,13,0.9607692307692308,12.49,1.82,13,0.9823380454024541,2.3502359807062123e-9
403031283301222_,2004-08-28,13,0.5884615384615385,7.65,1.27,13,0.809182793372872,8.064724398456517e-4
403031283301222_,2004-08-29,13,0.563076923076923,7.32,1.11,13,0.9048685377121227,2.1266563468793606e-5
403031283301222_,2004-08-31,13,1.223076923076923,15.9,2.34,13,0.9867611862140697,4.855649723484779e-10
403031283301222_,2004-09-01,13,1.6053846153846154,20.87,2.84,13,0.8403213226409186,3.225905941038646e-4
403031283301222_,2004-09-02,13,0.5446153846153846,7.08,1.36,13,0.8452228382111194,2.744696747919994e-4
403031283301222_,2004-09-03,13,1.2038461538461538,15.65,2.49,13,0.9783216838294062,7.1976788438273e-9
403031283301222_,2004-09-04,13,0.6661538461538462,8.66,1.53,13,0.897156268585073,3.215607032267734e-5
403031283301222_,2004-09-05,13,0.4046153846153846,5.26,0.8,13,-0.7083376033211477,0.006732686856054212
403031283301222_,2004-09-06,13,0.8953846153846153,11.64,1.59,13,0.9740160738076947,1.933459586254781e-8
403031283301222_,2004-09-07,13,1.073846153846154,13.959999999999999,1.79,13,0.5102985118767848,0.07478756813440646
403031283301222_,2004-09-08,13,1.4115384615384616,18.35,2.74,13,0.9648786083817092,9.96455359446118e-8
403031283301222_,2004-09-09,13,1.116923076923077,14.52,2.16,13,0.9792757758900447,5.629604636075692e-9
403031283301222_,2004-09-10,13,0.8415384615384616,10.94,1.83,13,0.9223702776863509,7.195116789348973e-6
403031283301222_,2004-09-11,13,0.7584615384615385,9.860000000000001,1.75,13,0.9166322597323316,1.0531167672849561e-5
403031283301222_,2004-09-12,13,1.446923076923077,18.81,2.71,13,0.9799817264131553,4.658886217190627e-9
403031283301222_,2004-09-14,13,1.273076923076923,16.55,2.71,13,0.8244378767909106,5.261723645482871e-4
403031283301222_,2004-09-15,13,1.633076923076923,21.23,3.02,13,0.9796467723822281,5.100815966372216e-9
403031283301222_,2004-09-16,13,1.6776923076923078,21.81,3.04,13,0.868485253327363,1.1744084209808614e-4
403031283301222_,2004-09-17,13,0.8492307692307692,11.04,1.99,13,0.9700836567857087,4.165514706522537e-8
403031283301222_,2004-09-18,13,1.1284615384615384,14.67,2.22,13,0.868088652023976,1.1930705637798662e-4
403031283301222_,2004-09-19,13,1.1315384615384616,14.709999999999999,2.4,13,0.9463450414358902,9.887264957091868e-7
403031283301222_,2004-09-20,13,0.963076923076923,12.52,1.85,13,0.9224281608690565,7.166473320741634e-6
403031283301222_,2004-09-21,13,1.2907692307692307,16.78,2.81,13,0.9595947671471118,2.1319978137504652e-7
403031283301222_,2004-09-22,13,0.7376923076923076,9.59,1.49,13,0.9619239582564404,1.544970673521365e-7
403031283301222_,2004-09-23,13,0.46846153846153843,6.09,1.01,13,0.8186717278623812,6.211568764213465e-4
403031283301222_,2004-09-24,13,0.536923076923077,6.98,1.2,13,0.9615654093700197,1.6255745571640435e-7
403031283301222_,2004-09-25,13,0.99,12.87,2.01,13,0.8977669402147253,3.115753408266509e-5
403031283301222_,2004-09-26,13,0.40153846153846157,5.22,0.99,13,-0.28861834790505453,0.338900010663024
403031283301222_,2004-09-27,13,0.28307692307692306,3.6799999999999997,0.57,13,-0.8767576150716141,8.352802348950547e-5
403031283301222_,2004-09-28,13,0.8838461538461538,11.49,1.72,13,0.9372372140199456,2.300808033926276e-6
403031283301222_,2004-09-29,13,0.38384615384615384,4.99,0.98,13,-0.41798566143482824,0.15523473490334
403031283301222_,2004-09-30,13,1.0115384615384615,13.15,2.08,13,0.9697284061675497,4.441899993419341e-8
403031283301222_,2004-10-01,13,1.5792307692307692,20.53,2.93,13,0.894399648293518,3.698877171626625e-5
403031283301222_,2004-10-02,12,1.5266666666666666,18.32,2.75,12,0.8365554367111088,6.933906706188068e-4
403031283301222_,2004-10-03,11,0.2781818181818182,3.06,0.52,11,-0.7164728420068248,0.013116730379472268
403031283301222_,2004-10-04,11,0.3781818181818182,4.16,0.94,11,-0.8971997367686452,1.8038767042336963e-4
403031283301222_,2004-10-05,11,0.2481818181818182,2.73,0.53,11,-0.884086104727091,3.036282912875225e-4
403031283301222_,2004-10-06,11,1.4281818181818182,15.709999999999999,2.34,11,0.8491269917700646,9.432173089296026e-4
403031283301222_,2004-10-07,11,1.6390909090909092,18.03,2.8,11,0.9781848277052225,1.8976122101416825e-7
403031283301222_,2004-10-08,11,0.4072727272727273,4.48,0.66,11,0.9191500940477988,6.32300386774641e-5
403031283301222_,2004-10-09,11,0.36272727272727273,3.9899999999999998,0.68,11,-0.21894310955065668,0.5177548682688946
403031283301222_,2004-10-10,11,0.55,6.05,0.93,11,0.9505781553306181,7.228206891694931e-6
403031283301222_,2004-10-11,11,0.7100000000000001,7.8100000000000005,1.35,11,0.8995335120025754,1.6324376263333808e-4
403031283301222_,2004-10-12,11,0.9281818181818182,10.209999999999999,1.9,11,0.9623643748585898,2.1579506688422507e-6
403031283301222_,2004-10-13,11,0.6136363636363636,6.75,1.33,11,0.9671643468034955,1.1760490987792113e-6
403031283301222_,2004-10-14,11,0.5327272727272727,5.86,1.17,11,0.9656733743357327,1.4330821501171609e-6
403031283301222_,2004-10-15,11,1.4745454545454546,16.22,2.49,11,0.8712201989786257,4.7826173710100307e-4
403031283301222_,2004-10-16,11,0.68,7.48,1.18,11,-0.39338574288368694,0.23132582066062
403031283301222_,2004-10-19,11,0.36272727272727273,3.99,0.61,11,0.07003307898835066,0.8378778907223179
403031283301222_,2004-10-20,11,0.17545454545454545,1.93,0.43,11,0.1644264214294214,0.6290132689911598
403031283301222_,2004-10-21,11,0.6372727272727272,7.01,1.17,11,0.9697462959000726,8.165789124196837e-7
403031283301222_,2004-10-22,11,1.2963636363636364,14.26,2.33,11,0.9710207839528381,6.74040346166228e-7
403031283301222_,2004-10-23,11,1.1563636363636363,12.719999999999999,2.05,11,0.9223034007799125,5.311230761792393e-5
403031283301222_,2004-10-24,11,1.4472727272727273,15.92,2.44,11,0.7680304975046469,0.005767910244924355
403031283301222_,2004-10-25,11,1.2281818181818183,13.51,2.23,11,0.9565956460055184,4.065397004068528e-6
403031283301222_,2004-10-26,11,0.18363636363636365,2.02,0.32,11,0.7601657605351784,0.006619457809355073
403031283301222_,2004-10-27,11,0.9672727272727273,10.64,1.8,11,0.9429884519483834,1.3596054971389242e-5
403031283301222_,2004-10-29,11,1.4254545454545455,15.68,2.42,11,0.9171806345294472,7.0258029922400675e-05
403031283301222_,2004-10-30,11,0.31727272727272726,3.49,0.62,11,NA,NA
403031283301222_,2004-10-31,11,0.7954545454545454,8.75,1.51,11,0.9474717871219315,9.466577896303274e-6
403031283301222_,2004-11-01,11,0.36818181818181817,4.05,0.77,11,0.9067850551330385,1.1778879125476787e-4
403031283301222_,2004-11-02,11,0.9090909090909091,10,1.56,11,0.8566192859311837,7.585710815255465e-4
403031283301222_,2004-11-03,11,0.7063636363636363,7.77,1.39,11,0.8321036085162049,0.0014869446948034628
403031283301222_,2004-11-04,11,1.1227272727272728,12.35,1.94,11,0.7716465465716745,0.005404695174882997
403031283301222_,2004-11-05,11,1.2818181818181817,14.1,2.24,11,0.9529916071360142,5.790457409289727e-6
403031283301222_,2004-11-06,11,0.8290909090909091,9.120000000000001,1.59,11,0.899200522422145,1.6561064408085694e-4
403031283301222_,2004-11-07,11,1.211818181818182,13.33,2.18,11,0.8651296735668977,5.834346650798475e-4
403031283301222_,2004-11-08,11,0.6754545454545454,7.43,1.21,11,0.7948615128333513,0.0034589406892293955
403031283301222_,2004-11-09,11,1.19,13.09,2.13,11,0.5654503084586735,0.06984940651576972
403031283301222_,2004-11-10,11,1.1081818181818182,12.19,2.04,11,0.8465292562933134,0.0010145253775736855
403031283301222_,2004-11-11,11,0.5245454545454545,5.7700000000000005,0.93,11,0.8685527489890893,5.223836300240457e-4
403031283301222_,2004-11-12,11,0.2790909090909091,3.07,0.49,11,0.9506110549645743,7.206925106466055e-6
403031283301222_,2004-11-13,11,1.1490909090909092,12.64,2.07,11,0.4894652793373181,0.1264891412974518
403031283301222_,2004-11-14,11,0.5072727272727273,5.58,0.94,11,0.29234417435459487,0.3830090548438241
403031283301222_,2004-11-15,11,0.30454545454545456,3.35,0.63,11,-0.17593288763725015,0.6048432220053792
403031283301222_,2004-11-16,11,1.1045454545454545,12.15,2.01,11,0.8606253977095198,6.718054622292111e-4
403031283301222_,2004-11-17,11,1.1872727272727273,13.06,2.13,11,0.7299140808059443,0.010770002838416903
403031283301222_,2004-11-18,11,0.2990909090909091,3.29,0.69,11,0.2608745973749756,0.438451395055524
403031283301222_,2004-11-20,11,0.9,9.9,1.7,11,0.9035387390358326,1.3674600711471613e-4
403031283301222_,2004-11-21,11,0.9436363636363636,10.38,1.81,11,0.8403692818915334,0.0011997895969927204
403031283301222_,2004-11-22,11,1.0454545454545454,11.5,1.92,11,0.7368769364072998,0.009682196901924076
403031283301222_,2004-11-23,11,1.1254545454545455,12.38,2.04,11,0.8077719960287157,0.0026337313243134913
403031283301222_,2004-11-24,11,1.0636363636363637,11.7,2.01,11,0.8031317757103987,0.002911235737418312
403031283301222_,2004-11-25,11,0.8463636363636363,9.31,1.56,11,0.8343432200982309,0.0014045417128516601
403031283301222_,2004-11-26,11,0.7709090909090909,8.48,1.43,11,0.8984494915885228,1.7104490770712615e-4
403031283301222_,2004-11-27,11,1.0027272727272727,11.03,1.84,11,0.2567650093805507,0.4459576734873584
403031283301222_,2004-11-28,11,0.9009090909090909,9.91,1.64,11,0.8079916425765388,0.0026211034184029547
403031283301222_,2004-11-29,11,1.0681818181818181,11.75,1.93,11,0.37033847356505595,0.26223270677543725
403031283301222_,2004-11-30,11,0.78,8.58,1.67,11,0.7313921783875891,0.010532014958078244
403031283301222_,2004-12-01,11,0.9672727272727273,10.64,1.85,11,0.696245870826208,0.017314006242827557
403031283301222_,2004-12-02,10,1.183,11.83,1.98,10,0.9570853511806316,1.4088267585312303e-5
403031283301222_,2004-12-03,10,1.154,11.540000000000001,1.93,10,0.8546588071759756,0.0016319414150644108
403031283301222_,2004-12-04,10,0.662,6.62,1.12,10,0.6847526900508725,0.028914180307859333
403031283301222_,2004-12-05,10,0.916,9.16,1.54,10,0.8356606785712327,0.002603893751916403
403031283301222_,2004-12-06,10,1.005,10.05,1.66,10,0.4848530021320462,0.15551649879027032
403031283301222_,2004-12-07,10,0.71,7.1000000000000005,1.25,10,0.9413050707771383,4.835684485002529e-5
403031283301222_,2004-12-08,10,1.062,10.620000000000001,1.85,10,0.6605615055617053,0.03760582876296671
403031283301222_,2004-12-11,10,1.037,10.370000000000001,1.87,10,0.6894946611366465,0.027388450088164734
403031283301222_,2004-12-12,10,0.586,5.86,0.95,10,NA,NA
403031283301222_,2004-12-13,10,0.984,9.84,1.75,10,0.3443357232712259,0.32990032395181595
403031283301222_,2004-12-14,10,1.09,10.9,1.84,10,0.9503034801968362,2.5127190422118356e-5
403031283301222_,2004-12-15,10,0.618,6.18,1.24,10,0.8927885821662669,5.069259134857532e-4
403031283301222_,2004-12-16,10,0.894,8.94,1.7,10,0.930414271956659,9.425930724338078e-5
403031283301222_,2004-12-17,10,1.051,10.51,1.82,10,-0.3489271536135475,0.3230593831931282
403031283301222_,2004-12-19,10,0.9380000000000001,9.38,1.58,10,0.9247856093944256,1.2777155488200427e-4
403031283301222_,2004-12-20,10,0.456,4.56,0.94,10,0.9203977774853874,1.594328809224526e-4
403031283301222_,2004-12-21,10,0.976,9.76,1.65,10,0.7122762990619934,0.020821139234802822
403031283301222_,2004-12-22,10,0.975,9.75,1.67,10,0.910182054618206,2.5517353320461526e-4
403031283301222_,2004-12-23,10,0.984,9.84,1.7,10,NA,NA
403031283301222_,2004-12-25,10,1.082,10.82,1.82,10,0.92081042808111,1.5623221127353135e-4
403031283301222_,2004-12-26,10,0.7959999999999999,7.96,1.38,10,0.8129065549416296,0.0042483834066376625
403031283301222_,2004-12-27,10,0.942,9.42,1.66,10,0.7223526119616237,0.018298915885324014
403031283301222_,2004-12-28,10,1.035,10.35,1.78,10,0.4332891224131216,0.21097504922083551
403031283301222_,2004-12-29,10,0.244,2.44,0.64,10,0.6092579492307145,0.061516453861939394
403031283301222_,2004-12-30,10,0.992,9.92,1.82,10,0.10762440050012624,0.7672796938676312
403031283301222_,2004-12-31,10,0.271,2.71,0.7,10,-0.34380063161145336,0.3307024012551361
403031283301222_,2005-01-01,10,0.8989999999999999,8.99,1.63,10,0.6736330697086075,0.032717231781682926
403031283301222_,2005-01-02,10,0.991,9.91,1.74,10,0.4153706552326886,0.23258215284512657
403031283301222_,2005-01-03,10,0.919,9.19,1.57,10,0.2969103663189647,0.4048000642175955
403031283301222_,2005-01-04,10,0.819,8.19,1.46,10,0.832727210289045,0.0027843996649744287
403031283301222_,2005-01-05,10,0.957,9.57,1.6,10,0.9387930985617627,5.7005759159955406e-5
403031283301222_,2005-01-06,10,0.49,4.9,0.96,10,0.05882352941176452,0.8717678530875401
403031283301222_,2005-01-07,10,0.9339999999999999,9.34,1.77,10,0.5299726544625397,0.1150984961631479
403031283301222_,2005-01-08,10,1.014,10.14,1.7,10,0.9513300520204144,2.3143463743373802e-5
403031283301222_,2005-01-09,10,0.867,8.67,1.44,10,0.9349602132391402,7.234172797457544e-5
403031283301222_,2005-01-10,10,1.084,10.84,1.86,10,0.6923352020127405,0.026501390272181045
403031283301222_,2005-01-11,10,0.762,7.62,1.42,10,0.5965794739260095,0.06866838083612513
403031283301222_,2005-01-12,10,0.781,7.8100000000000005,1.35,10,0.8670659380498971,0.0011601284310890042
403031283301222_,2005-01-13,10,1.046,10.46,1.76,10,0.8622051032135509,0.0013311556255979331
403031283301222_,2005-01-14,10,1.075,10.75,1.74,10,0.3553507399931877,0.3136137082306311
403031283301222_,2005-01-15,10,0.379,3.79,0.61,10,0.27099188836030685,0.448853474156208
403031283301222_,2005-01-16,10,0.278,2.7800000000000002,0.56,10,0.4939145805736324,0.14679766056662252
403031283301222_,2005-01-19,10,0.7000000000000001,7,1.35,10,-0.7270179071951975,0.0172063134060684
403031283301222_,2005-01-22,10,1.144,11.44,1.87,10,0.8160546709658368,0.003985692105662649
403031283301222_,2005-01-23,10,0.634,6.34,1.16,10,0.3389927893610648,0.3379541095711158
403031283301222_,2005-01-25,10,1.086,10.86,1.81,10,0.6752635107598833,0.032139495604130465
403031283301222_,2005-01-26,10,0.755,7.55,1.34,10,0.5058520068824204,0.13577587103452515
403031283301222_,2005-01-27,10,1.145,11.45,2,10,0.8503109385134713,0.0018260615310420154
403031283301222_,2005-03-31,13,1.3353846153846154,17.36,2.67,13,0.9642757336942291,1.0929650326188599e-7
403031283301222_,2005-04-01,13,1.8076923076923077,23.5,3.12,13,0.9821206692184545,2.512749627804551e-9
403031283301222_,2005-04-02,13,1.2346153846153847,16.05,2.32,13,-0.11341075146214714,0.7122021593491733
403031283301222_,2005-04-03,13,1.1492307692307693,14.94,2.67,13,0.7037044915921099,0.007269776325774463
403031283301222_,2005-04-04,13,1.1315384615384616,14.71,2.36,13,0.8401845048069875,3.2402383595554545e-4
403031283301222_,2005-04-05,13,1.7092307692307693,22.22,3.03,13,0.49859315317714337,0.08286569072692591
403031283301222_,2005-04-06,13,1.7384615384615385,22.6,3.15,13,0.8881624962737729,5.009094142587472e-5
403031283301222_,2005-04-07,13,1.2646153846153847,16.44,2.83,13,0.9320914578158371,3.5134822463185103e-6
403031283301222_,2005-04-08,13,1.8707692307692307,24.32,3.18,13,-0.4214131677605786,0.15152723361230475
403031283301222_,2005-04-09,13,1.8946153846153846,24.63,3.25,13,0.7131813639559182,0.006204209902584903
403031283301222_,2005-04-10,13,1.4638461538461538,19.03,2.88,13,0.8381624241532989,3.458021910434449e-4
403031283301222_,2005-04-12,13,0.38076923076923075,4.95,0.78,13,-0.768997879721814,0.0021229476957739606
403031283301222_,2005-04-13,13,0.5361538461538462,6.97,0.92,13,0.8407461317219218,3.1817253292915304e-4
403031283301222_,2005-04-14,13,1.8315384615384616,23.81,3.28,13,0.7097138135011264,0.006579160641204095
403031283301222_,2005-04-16,13,0.9961538461538462,12.95,2.01,13,0.24365217750052082,0.42244737002903754
403031283301222_,2005-04-17,13,1.7853846153846153,23.21,3.16,13,0.8563436074988106,1.8627199130279075e-4
403031283301222_,2005-04-18,13,1.3907692307692308,18.08,2.52,13,0.41376008870266434,0.15988587168309534
403031283301222_,2005-04-19,13,1.7823076923076924,23.17,3.12,13,0.8393565155060572,3.328057198692886e-4
403031283301222_,2005-04-20,13,0.2915384615384615,3.79,0.64,13,-0.10421009659003419,0.7347605851116469
403031283301222_,2005-04-21,13,1.493076923076923,19.41,2.79,13,0.888711477756087,4.8806703744881183e-5
403031283301222_,2005-04-22,13,1.4792307692307691,19.23,2.86,13,0.7944180484071941,0.0011786924161301007
403031283301222_,2005-04-25,14,1.1214285714285714,15.7,2.51,14,0.7867742998723465,8.42105662383467e-4
403031283301222_,2005-04-26,14,0.9514285714285714,13.32,2.07,14,0.8706790963434229,5.0816584327757895e-5
403031283301222_,2005-04-27,14,1.9564285714285714,27.39,3.49,14,0.8179966882439549,3.5016799253887864e-4
403031283301222_,2005-04-28,14,1.7707142857142857,24.79,3.23,14,0.9755491503207834,2.9267869927324005e-9
403031283301222_,2005-04-29,14,1.427142857142857,19.98,2.63,14,0.8797199023884554,3.357375524147371e-5
403031283301222_,2005-04-30,14,1.7464285714285714,24.45,3.25,14,0.856078040584505,9.341205547586981e-5
403031283301222_,2005-05-01,14,1.082142857142857,15.15,1.97,14,0.8929526275863435,1.7186201498902275e-5
403031283301222_,2005-05-02,14,1.355,18.97,2.4,14,0.828844932553424,2.483014042107224e-4
403031283301222_,2005-05-03,14,2.0635714285714286,28.89,3.58,14,0.6204819025585238,0.01790395691698614
403031283301222_,2005-05-04,14,1.9357142857142857,27.1,3.36,14,0.7189606404329417,0.003759642675146848
403031283301222_,2005-05-05,14,1.4907142857142857,20.87,2.72,14,0.9093506562394995,6.573329223486536e-6
403031283301222_,2005-05-06,14,0.5428571428571428,7.6,1.08,14,0.6956777674287185,0.005729561268153963
403031283301222_,2005-05-07,14,1.1435714285714287,16.01,2.69,14,0.6657960280674621,0.009342965515041064
403031283301222_,2005-05-08,14,1.1,15.4,2.08,14,0.7693470415944498,0.0012952052675271593
403031283301222_,2005-05-09,14,1.3464285714285715,18.85,2.74,14,0.8600831067617523,7.958054114415697e-5
403031283301222_,2005-05-10,14,1.927142857142857,26.98,3.32,14,0.7677146707679496,0.0013460040432262707
403031283301222_,2005-05-11,14,1.0071428571428571,14.1,2.07,14,0.7035201540305327,0.0049928008227811795
403031283301222_,2005-06-10,15,0.8673333333333333,13.01,2.15,15,0.8951282195541422,6.557377488144228e-6
403031283301222_,2005-06-11,15,0.716,10.74,1.37,15,0.9445794253791541,1.1726716775619877e-7
403031283301222_,2005-06-12,15,1.586,23.79,3.31,15,0.789615768466114,4.629860719678619e-4
403031283301222_,2005-06-13,15,1.2893333333333332,19.34,2.59,15,0.9101138497249948,2.4979581814322683e-6
403031283301222_,2005-06-14,15,1.4026666666666667,21.04,2.68,15,0.8614490370669341,3.683736499553779e-5
403031283301222_,2005-06-15,15,0.4846666666666667,7.2700000000000005,1.47,15,0.28906080628930064,0.29605799305194747
403031283301222_,2005-06-16,15,0.42333333333333334,6.35,0.97,15,0.6245007955370554,0.01282012259206099
403031283301222_,2005-06-17,15,0.9686666666666667,14.53,1.86,15,0.8003175443363999,3.390312818801221e-4
403031283301222_,2005-06-18,15,1.2666666666666666,19,2.78,15,0.9255828183083319,7.603406077599355e-7
403031283301222_,2005-06-20,15,1.114,16.71,2.4,15,0.7502642190634399,0.0012730129435692742
403031283301222_,2005-06-21,15,1.5626666666666666,23.44,3,15,0.9538150731842269,3.667099870431594e-8
403031283301222_,2005-06-22,15,0.7073333333333334,10.61,1.64,15,0.8707731490241692,2.3977803021098487e-5
403031283301222_,2005-06-23,15,0.8053333333333333,12.08,1.88,15,0.9488107297370217,7.070534132665711e-8
403031283301222_,2005-06-24,15,1.314,19.71,2.5,15,0.9542413052971633,3.4562011404102335e-8
403031283301222_,2005-06-27,15,0.9273333333333333,13.91,1.95,15,0.7891524961424204,4.6908813530293524e-4
403031283301222_,2005-06-28,15,0.79,11.85,1.84,15,0.513869896641159,0.05005620523993018
403031283301222_,2005-06-29,15,0.8086666666666666,12.129999999999999,1.66,15,0.7807445002889556,5.917411397788092e-4
403031283301222_,2005-06-30,15,0.8853333333333333,13.28,2.4,15,0.9185335931778048,1.3457485533548765e-6
403031283301222_,2005-07-01,15,0.462,6.93,1.07,15,0.6508876104729482,0.008589981924548774
403031283301222_,2005-07-02,15,1.278,19.17,2.88,15,0.9132061835462563,2.0048229317867044e-6
403031283301222_,2005-07-03,15,0.7213333333333334,10.82,1.5,15,0.7785321092317662,6.280101194276079e-4
403031283301222_,2005-07-04,14,0.31642857142857145,4.43,0.51,14,-0.7848569034885597,8.846016693440457e-4
403031283301222_,2005-07-05,15,1.2466666666666666,18.7,2.51,15,0.981349692229343,1.0799469717137215e-10
403031283301222_,2005-07-06,15,0.642,9.63,1.36,15,0.8402210896549142,8.81772140025768e-5
403031283301222_,2005-07-07,15,0.8566666666666667,12.85,2,15,0.9088951258269353,2.718280206756277e-6
403031283301222_,2005-07-08,15,0.83,12.45,1.77,15,0.9011589301030674,4.52946328967923e-6
403031283301222_,2005-07-09,15,0.5,7.5,1.12,15,0.4494968451425447,0.09276707547886777
403031283301222_,2005-07-10,15,1.108,16.62,2.74,15,0.990685480946218,1.2111654493739697e-12
403031283301222_,2005-07-11,15,1.1353333333333333,17.03,2.77,15,0.9119958702770757,2.1871122797665076e-6
403031283301222_,2005-07-12,14,0.4828571428571429,6.76,1.33,14,0.8837897604796575,2.7559695962183003e-5
403031283301222_,2005-07-13,15,0.5546666666666666,8.32,1.37,15,0.7388047682422398,0.0016531099822412465
403031283301222_,2005-07-15,15,1.3633333333333333,20.45,2.67,15,0.9355559859673186,3.057976956885925e-7
403031283301222_,2005-07-16,14,0.8785714285714286,12.3,1.68,14,0.9357680194379907,8.819791164221955e-7
403031283301222_,2005-07-17,14,1.2207142857142856,17.09,2.45,14,0.9022194957521016,1.0191095416842199e-5
403031283301222_,2005-07-18,14,1.6528571428571428,23.14,2.97,14,0.8802026303627987,3.280894761265659e-5
403031283301222_,2005-07-19,14,1.0942857142857143,15.32,2.23,14,0.8649913654420188,6.495036577770608e-5
403031283301222_,2005-07-20,14,1.1042857142857143,15.46,2.74,14,0.9677783901272052,1.5072933825257196e-8
403031283301222_,2005-07-21,14,1.345,18.83,2.59,14,0.9796016679487317,9.954058839111228e-10
403031283301222_,2005-07-22,14,0.9721428571428572,13.61,2.09,14,0.8659399251895508,6.23936934065408e-5
403031283301222_,2005-07-23,14,0.7228571428571429,10.12,1.51,14,0.8869905317225789,2.3475522074054016e-5
403031283301222_,2005-07-24,14,1.1457142857142857,16.04,2.28,14,0.886090172692189,2.4570653118059665e-5
403031283301222_,2005-07-25,14,0.7221428571428571,10.11,1.58,14,0.9719143789408029,6.669813967339931e-9
403031283301222_,2005-07-26,14,0.495,6.93,0.84,14,-0.6357367294722879,0.014541260067400986
403031283301222_,2005-07-27,14,1.6564285714285714,23.19,2.9,14,0.9546894861993283,1.1327638017626882e-7
403031283301222_,2005-07-28,14,1.9614285714285713,27.46,3.46,14,0.9012384177712226,1.0796574624190862e-5
403031283301222_,2005-07-30,14,1.137142857142857,15.92,2.5,14,0.9126561627998461,5.298806823593553e-6
403031283301222_,2005-08-01,14,1.0771428571428572,15.08,2.05,14,0.9472044248999455,2.7888698937987264e-7
403031283301222_,2005-08-02,14,1.1707142857142856,16.39,2.3,14,0.9675405685350459,1.5744746312436545e-8
403031283301222_,2005-08-03,14,1.2457142857142858,17.44,2.63,14,0.963119831218331,3.3548788168508976e-8
403031283301222_,2005-08-04,14,1.4685714285714286,20.56,2.86,14,0.9376727110259038,7.39328479856058e-7
403031283301222_,2005-08-05,14,1.677857142857143,23.49,3.08,14,0.8918304312703079,1.8250058533219172e-05
403031283301222_,2005-08-06,14,1.6485714285714286,23.080000000000002,2.9,14,0.8870564153500098,2.3396980702749326e-5
403031283301222_,2005-08-07,14,1.435,20.09,2.65,14,0.9659452130070784,2.0924491734800387e-8
403031283301222_,2005-08-08,14,1.2321428571428572,17.25,2.34,14,0.9553927949621849,1.0328607533600711e-7
403031283301222_,2005-08-09,14,1.3614285714285714,19.06,2.56,14,0.959337986586338,5.976939925234663e-8
403031283301222_,2005-08-10,14,0.7357142857142858,10.3,1.81,14,0.9125607317450283,5.3325092371254715e-6
403031283301222_,2005-08-12,14,0.5292857142857142,7.41,1.09,14,0.787429473495525,8.279653905066208e-4
403031283301222_,2005-08-13,14,0.9814285714285714,13.74,2.04,14,0.9118337078270753,5.595093524838251e-6
403031283301222_,2005-08-14,14,1.2985714285714285,18.18,2.61,14,0.9182674255697383,3.6021026699416525e-6
403031283301222_,2005-08-15,14,1.1957142857142857,16.74,2.49,14,0.9281144729081717,1.7040472742085235e-6
403031283301222_,2005-08-16,14,0.9385714285714286,13.14,2.03,14,0.7480291247829978,0.002093164182527959
403031283301222_,2005-08-17,14,1.4278571428571427,19.99,2.54,14,0.9277882957060705,1.7497100390299719e-6
403031283301222_,2005-08-18,14,0.9957142857142857,13.94,1.95,14,0.9584214455637894,6.818596584497818e-8
403031283301222_,2005-08-19,14,1.217142857142857,17.04,2.47,14,0.8683965054845174,5.615126048863368e-5
403031283301222_,2005-08-20,14,1.4564285714285714,20.39,2.8,14,0.9129609089144427,5.192352640584544e-6
403031283301222_,2005-08-21,14,1.3771428571428572,19.28,2.71,14,0.8644684407667392,6.639589056388775e-5
403031283301222_,2005-08-22,14,1.272857142857143,17.82,2.42,14,0.7666543666241183,0.0013798414960110358
403031283301222_,2005-08-23,14,0.875,12.25,1.73,14,0.8989725313538148,1.2308361647872268e-5
403031283301222_,2005-08-24,13,0.7015384615384616,9.12,1.43,13,0.414117568740014,0.15948894306852607
403031283301222_,2005-08-25,13,0.4876923076923077,6.34,1.03,13,-0.9782597494405352,7.310638627453547e-9
403031283301222_,2005-08-26,13,1.1346153846153846,14.75,1.98,13,0.9881509925078691,2.6453493938231565e-10
403031283301222_,2005-08-27,13,1.1284615384615384,14.67,2.13,13,0.7705886675912276,0.00205057353042478
403031283301222_,2005-08-28,13,0.7446153846153847,9.68,1.53,13,0.9824374176533961,2.278856879516804e-9
403031283301222_,2005-08-29,13,1.7407692307692306,22.63,3.08,13,0.9756336634878048,1.3619330801887926e-8
403031283301222_,2005-08-30,13,1.2923076923076924,16.8,2.6,13,0.9600087927619686,2.0161945578378188e-7
403031283301222_,2005-08-31,13,1.1746153846153846,15.27,2.24,13,0.9675302092399172,6.503872883452396e-8
403031283301222_,2005-09-01,13,1.7176923076923076,22.33,3.13,13,0.9213355549035906,7.722949772517837e-6
403031283301222_,2005-09-02,13,1.45,18.85,2.63,13,0.9621892314843795,1.4874529812204167e-7
403031283301222_,2005-09-03,13,1.3161538461538462,17.11,2.34,13,0.9515583458549651,5.692767105763535e-7
403031283301222_,2005-09-04,13,0.9884615384615385,12.85,1.78,13,0.8933659520179793,3.89445548138941e-5
403031283301222_,2005-09-05,13,0.38384615384615384,4.99,0.67,13,-0.1254515923508695,0.6830051750734003
403031283301222_,2005-09-06,13,0.5992307692307692,7.79,1.18,13,-0.32794736071733194,0.2739985147298516
403031283301222_,2005-09-07,13,0.81,10.53,1.54,13,0.8625155529778057,1.481321650330989e-4
403031283301222_,2005-09-10,13,1.2369230769230768,16.08,2.29,13,0.98582466697421,7.0588176681353e-10
403031283301222_,2005-09-11,13,0.7223076923076923,9.39,1.77,13,0.949596468322732,7.055060361934417e-7
403031283301222_,2005-09-12,13,1.6830769230769231,21.88,3.05,13,0.9413377335514937,1.5994239633258535e-6
403031283301222_,2005-09-13,13,1.3684615384615384,17.79,2.5,13,0.974954529557277,1.582169768636311e-8
403031283301222_,2005-09-14,13,1.25,16.25,2.44,13,0.8408220058964554,3.173885154844746e-4
403031283301222_,2005-09-15,13,1.2246153846153847,15.92,2.24,13,0.8544569421410086,1.9937093818490193e-4
403031283301222_,2005-09-16,13,0.8892307692307693,11.56,1.69,13,0.8983226296511982,3.0270703719622685e-5
403031283301222_,2005-09-17,13,1.4646153846153847,19.04,2.9,13,0.964954048227755,9.84883516260304e-8
403031283301222_,2005-09-18,13,1.4446153846153846,18.78,2.82,13,0.9757535543783848,1.3257877012040478e-8
403031283301222_,2005-09-19,13,1.1023076923076922,14.33,2.15,13,0.9192655678870901,8.872768341567157e-6
403031283301222_,2005-09-20,13,0.4169230769230769,5.42,0.77,13,0.44634559113358263,0.1262913270245023
403031283301222_,2005-09-21,13,0.9861538461538462,12.82,2.08,13,0.9619949250856906,1.5294091552007932e-7
403031283301222_,2005-09-22,12,0.2833333333333333,3.4,0.49,12,-0.4180802023013967,0.17622583122376698
403031283301222_,2005-09-23,13,0.8807692307692307,11.450000000000001,1.9,13,0.9755584916316478,1.3850030747645826e-8
403031283301222_,2005-09-24,13,0.5069230769230769,6.59,1.11,13,-0.3985266984930465,0.17739618184806208
403031283301222_,2005-09-25,13,0.61,7.93,1.18,13,-0.8974925206484388,3.160311884914206e-5
403031283301222_,2005-09-26,13,1.3176923076923077,17.13,2.47,13,0.9397327392618159,1.849608225586794e-6
403031283301222_,2005-09-27,13,0.8407692307692308,10.93,1.85,13,0.977679870278604,8.440120871736466e-9
403031283301222_,2005-09-28,13,0.7353846153846154,9.56,1.57,13,0.9053324408098696,2.072139447799772e-5
403031283301222_,2005-09-29,13,1.3353846153846154,17.36,2.53,13,0.977432523764685,8.963278675717119e-9
403031283301222_,2005-09-30,13,0.9676923076923077,12.58,1.75,13,0.9146393041036545,1.1945459436304202e-5
403031283301222_,2005-10-01,13,1.1099999999999999,14.43,2.29,13,0.8888395639063957,4.8510905698088794e-5
403031283301222_,2005-10-02,12,1.305,15.66,2.51,12,0.8539229423773663,4.077436883372446e-4
403031283301222_,2005-10-03,12,1.1516666666666666,13.819999999999999,2.26,12,0.8517076026357308,4.3789869883963025e-4
403031283301222_,2005-10-04,11,0.5263636363636364,5.79,1.1,11,-0.31616800455622524,0.3435326291213955
403031283301222_,2005-10-06,11,0.8763636363636363,9.64,1.47,11,0.9862566522056487,2.400285288455257e-8
403031283301222_,2005-10-08,11,0.4890909090909091,5.38,0.97,11,0.9731750971282805,4.776078852356657e-7
403031283301222_,2005-10-09,11,0.4109090909090909,4.52,0.66,11,0.13225230297348747,0.6982901958876515
403031283301222_,2005-10-10,11,0.47363636363636363,5.21,0.92,11,0.16947980485981007,0.6183563556506111
403031283301222_,2005-10-12,11,1.1090909090909091,12.2,1.8,11,0.9709963230141785,6.765804393744599e-7
403031283301222_,2005-10-14,11,1.470909090909091,16.18,2.54,11,0.8634773356814095,6.147630560972983e-4
403031283301222_,2005-10-15,11,0.5590909090909091,6.15,1.26,11,0.9967093452532332,3.918658911548368e-11
403031283301222_,2005-10-16,11,0.5954545454545455,6.55,1.14,11,0.44861708463871286,0.16635836973992732
403031283301222_,2005-10-18,11,0.3245454545454545,3.57,0.57,11,-0.26087459737497454,0.4384513950555261
403031283301222_,2005-10-19,11,0.9327272727272727,10.26,1.67,11,0.7894793787390275,0.003854173373603371
403031283301222_,2005-10-20,11,1.4918181818181817,16.41,2.53,11,0.9895530483591943,7.02034878269739e-9
403031283301222_,2005-10-21,11,1.1118181818181818,12.23,2.2,11,0.9680522663801656,1.0409002840153491e-6
403031283301222_,2005-10-22,11,0.27545454545454545,3.03,0.49,11,0.7808951897004472,0.00455239902024654
403031283301222_,2005-10-23,11,1.0536363636363637,11.59,1.94,11,0.14201432049934312,0.677023828820283
403031283301222_,2005-10-24,11,1.17,12.87,2.06,11,0.9328170326933218,2.803958626072876e-5
403031283301222_,2005-10-25,11,1.260909090909091,13.87,2.16,11,0.8928861008568036,2.1564911106190392e-4
403031283301222_,2005-10-26,11,0.9336363636363636,10.27,1.67,11,0.90432108996832,1.3197873800878808e-4
403031283301222_,2005-10-27,11,0.6527272727272727,7.18,1.41,11,0.81378476241257,0.002304017307041503
403031283301222_,2005-10-28,11,1.1745454545454546,12.92,2.25,11,0.6468925490201001,0.03145788943144163
403031283301222_,2005-10-29,11,0.54,5.94,1.07,11,0.9695195507321469,8.442055176588296e-7
403031283301222_,2005-10-30,11,0.7972727272727272,8.77,1.51,11,0.8872843443926033,2.689915620097648e-4
403031283301222_,2005-10-31,11,0.8627272727272727,9.49,1.7,11,0.9000109865292962,1.5989496687667234e-4
403031283301222_,2005-11-01,11,1.4245454545454546,15.67,2.44,11,0.9453556535873681,1.127293581006528e-5
403031283301222_,2005-11-02,11,1.3618181818181818,14.98,2.39,11,0.9095167959702877,1.0345076715972037e-4
403031283301222_,2005-11-03,11,0.730909090909091,8.040000000000001,1.6,11,0.9795515177891959,1.4211012436689046e-7
403031283301222_,2005-11-04,11,1.09,11.99,2.07,11,0.5496921392431867,0.07981732780192784
403031283301222_,2005-11-05,11,1.2236363636363636,13.459999999999999,2.19,11,0.9385227019845246,1.896517837732379e-5
403031283301222_,2005-11-06,11,0.34,3.7399999999999998,0.72,11,0.6665275778360739,0.02511233273016333
403031283301222_,2005-11-07,11,1.1981818181818182,13.18,2.24,11,0.8118998213820562,0.002403860509911574
403031283301222_,2005-11-08,11,1.1309090909090909,12.44,2.16,11,0.9542815341273082,5.118612081903937e-6
403031283301222_,2005-11-09,11,1.1309090909090909,12.44,1.94,11,0.9338395593738434,2.6208977846208577e-5
403031283301222_,2005-11-11,11,0.7954545454545454,8.75,1.45,11,0.8717213680899941,4.702972925934344e-4
403031283301222_,2005-11-12,11,0.99,10.89,1.92,11,0.44862935733483095,0.16634535679085521
403031283301222_,2005-11-13,11,1.0854545454545454,11.94,2.05,11,0.8884510158617939,2.571354244065636e-4
403031283301222_,2005-11-14,11,0.5690909090909091,6.26,1.03,11,0.7958480049178207,0.003389892872513717
403031283301222_,2005-11-15,11,0.7472727272727273,8.22,1.44,11,0.8643795509817607,5.975036490140747e-4
403031283301222_,2005-11-16,11,1.0781818181818181,11.86,1.95,11,0.8606110237904596,6.72102710135028e-4
403031283301222_,2005-12-14,10,0.98,9.8,1.71,10,0.7053601170585445,0.022685055613676744
403031283301222_,2005-12-16,10,1.042,10.42,1.79,10,0.7764840223311321,0.008254919324967788
403031283301222_,2005-12-17,10,1.054,10.540000000000001,1.81,10,0.930808409383922,9.21865477291367e-5
403031283301222_,2005-12-19,10,0.743,7.43,1.24,10,0.8877834034789698,6.046324829414813e-4
403031283301222_,2005-12-20,10,0.982,9.82,1.63,10,0.7035264706814484,0.023197841309146292
403031283301222_,2005-12-22,10,0.476,4.76,0.74,10,0.8137272797384858,0.0041787395006724504
403031283301222_,2005-12-23,10,0.844,8.44,1.38,10,0.8462343245043363,0.002022758255846036
403031283301222_,2005-12-24,10,0.867,8.67,1.5,10,0.9293567691306739,9.999082209916325e-5
403031283301222_,2005-12-25,10,1.071,10.71,1.81,10,0.7330418131954813,0.01586365880428247
403031283301222_,2005-12-26,10,0.873,8.73,1.53,10,0.9315516419063745,8.8369778570956e-5
403031283301222_,2005-12-27,10,0.883,8.83,1.47,10,0.8671664127164064,0.0011567715568877605
403031283301222_,2005-12-28,10,1.0010000000000001,10.01,1.72,10,0.8981169564614807,4.161740742301982e-4
403031283301222_,2005-12-29,10,0.989,9.89,1.79,10,0.9132641199283907,2.2276043520846545e-4
403031283301222_,2005-12-30,10,0.947,9.47,1.78,10,0.09307994917051124,0.7981425325605611
403031283301222_,2005-12-31,10,1.023,10.23,1.83,10,0.4167459368471474,0.2308812028946735
403031283301222_,2006-01-01,10,0.878,8.78,1.65,10,-0.16751779867912975,0.6436660923503771
403031283301222_,2006-01-02,10,0.369,3.69,0.81,10,0.5766967882001436,0.08094050982608056
403031283301222_,2006-01-03,10,0.682,6.82,1.09,10,0.606207521410721,0.0631902352352359
403031283301222_,2006-01-04,10,0.843,8.43,1.53,10,0.8070930830445536,0.004765694779342143
403031283301222_,2006-01-05,10,0.836,8.36,1.55,10,0.7065062657651138,0.022368526283991354
403031283301222_,2006-01-06,10,0.713,7.13,1.5,10,-0.43787685058845277,0.20563640771737754
403031283301222_,2006-01-07,10,1.056,10.56,1.83,10,0.6980636200802605,0.024772722822869547
403031283301222_,2006-01-08,10,0.969,9.69,1.79,10,0.9284193604638746,1.0528309707914491e-4
403031283301222_,2006-01-10,10,0.868,8.68,1.53,10,-0.14443162893482206,0.6905644819074093
403031283301222_,2006-01-14,10,0.349,3.4899999999999998,0.59,10,0.3917131009286667,0.26294327348397983
403031283301222_,2006-01-15,10,1.082,10.82,1.96,10,0.08269038846577186,0.8203465481753878
403031283301222_,2006-01-16,10,0.742,7.42,1.24,10,-0.4915907060534836,0.14900456678877666
403031283301222_,2006-01-17,10,1.061,10.61,1.84,10,0.9495752701415558,2.6608951142006234e-5
403031283301222_,2006-01-18,10,1.1,11,1.91,10,0.7074226613988844,0.022117646348041285
403031283301222_,2006-01-19,10,1.111,11.11,1.76,10,0.8666825838483477,0.0011730014468473394
403031283301222_,2006-01-20,10,1.1139999999999999,11.14,1.76,10,-0.6646437013999562,0.03602952715199819
403031283301222_,2006-01-21,10,0.509,5.09,0.96,10,-0.6720661146446328,0.033279079745343394
403031283301222_,2006-01-22,10,1.175,11.75,2.14,10,0.6019070125492877,0.0656003002001798
403031283301222_,2006-01-23,10,0.938,9.379999999999999,1.78,10,0.7928111932003467,0.006225496495448879
403031283301222_,2006-01-24,10,1.196,11.959999999999999,2.03,10,0.8793452512076348,7.99554700218705e-4
403031283301222_,2006-04-12,13,0.6830769230769231,8.88,1.47,13,0.8463473571152221,2.6428043092388364e-4
403031283301222_,2006-04-13,13,0.86,11.18,1.84,13,0.6373204126718228,0.019128578145393156
403031283301222_,2006-04-14,13,1.1815384615384616,15.360000000000001,2.16,13,0.5684901228214215,0.042640023856499586
403031283301222_,2006-04-15,13,1.5138461538461538,19.68,2.52,13,0.8806017740681518,7.070888891720258e-5
403031283301222_,2006-04-16,13,1.2330769230769232,16.03,2.32,13,0.7860012137621539,0.00144437157247758
403031283301222_,2006-04-17,13,1.863076923076923,24.22,3.28,13,0.7833694184689132,0.0015363996774937058
403031283301222_,2006-04-19,13,0.806923076923077,10.49,1.45,13,0.7112300180262686,0.00641313626166025
403031283301222_,2006-04-20,13,0.6384615384615384,8.3,1.53,13,0.36592713030441,0.21883132936067032
403031283301222_,2006-04-21,13,1.403846153846154,18.25,2.43,13,0.1910483831733665,0.5318206728305335
403031283301222_,2006-04-22,13,1.736923076923077,22.580000000000002,3.04,13,0.9000598483202396,2.7628241820116374e-5
403031283301222_,2006-04-23,13,1.0515384615384615,13.67,2.62,13,0.899234900274946,2.8858880686406167e-5
403031283301222_,2006-04-24,14,1.5514285714285714,21.72,3.06,14,0.803158895905065,5.414896370602368e-4
403031283301222_,2006-04-25,14,1.3414285714285714,18.78,2.41,14,0.791981221055922,7.348883996720211e-4
403031283301222_,2006-04-26,14,1.2307142857142856,17.23,2.53,14,0.6747733215122459,0.008111469079954588
403031283301222_,2006-04-27,14,0.755,10.57,1.86,14,0.5747195058777147,0.03157032052617254
403031283301222_,2006-04-30,14,1.272142857142857,17.81,2.53,14,0.908431799823532,6.969133332786215e-6
403031283301222_,2006-05-01,14,1.4314285714285715,20.04,2.96,14,0.6778011742533552,0.007725824863962323
403031283301222_,2006-05-02,14,0.3342857142857143,4.68,0.79,14,0.7862399628952063,8.5378049747908e-4
403031283301222_,2006-05-03,14,1.97,27.580000000000002,3.49,14,0.950583093222852,1.8893176539066746e-7
403031283301222_,2006-05-04,14,1.9464285714285714,27.25,3.46,14,0.7088862459353746,0.004532954439373864
403031283301222_,2006-05-05,14,1.5157142857142858,21.22,2.76,14,0.9191039084967153,3.3927688809530117e-6
403031283301222_,2006-05-06,14,1.38,19.32,2.85,14,0.812122654778001,4.179818036657315e-4
403031283301222_,2006-05-07,14,0.515,7.21,1.38,14,0.9648343876936909,2.530737030817572e-8
403031283301222_,2006-05-08,14,1.0314285714285714,14.44,1.95,14,0.9635514971495057,3.128997260750987e-8
403031283301222_,2006-05-09,14,1.0307142857142857,14.43,1.94,14,0.9855874136252797,1.2545634730794897e-10
403031283301222_,2006-05-10,14,0.8042857142857143,11.26,1.5,14,0.9656846213465398,2.1891366484293084e-8
403031283301222_,2006-05-11,14,0.9564285714285714,13.39,2.16,14,0.9726578120619285,5.687331989476051e-9
403031283301222_,2006-05-12,14,1.447857142857143,20.27,2.68,14,0.873350822728937,4.510496373897361e-5
403031283301222_,2006-05-13,14,0.43142857142857144,6.04,0.96,14,-0.10392824499630082,0.7236624265141982
403031283301222_,2006-05-15,15,1.4686666666666666,22.03,2.92,15,0.91092245064809,2.3601711117708637e-6
403031283301222_,2006-05-16,15,0.5086666666666667,7.63,0.96,15,0.8563579305703767,4.5980824529046456e-5
403031283301222_,2006-05-17,15,0.7613333333333333,11.42,1.59,15,0.9646528571202537,6.618759063171984e-9
403031283301222_,2006-05-19,15,0.4686666666666667,7.03,1.08,15,0.9711181479016305,1.808484533715142e-9
403031283301222_,2006-05-20,15,1.04,15.6,2.28,15,0.8376424713257642,9.720770511367884e-5
403031283301222_,2006-05-21,15,1.8753333333333333,28.13,3.5,15,0.6489650622052495,0.00885506648383087
403031283301222_,2006-05-24,15,1.3739999999999999,20.61,3.15,15,0.9010217069620313,4.568938527428512e-6
403031283301222_,2006-05-26,15,0.7073333333333334,10.61,1.43,15,0.952958901331236,4.123553272004384e-8
403031283301222_,2006-05-27,15,0.6053333333333333,9.08,1.18,15,0.2284683833658436,0.4127826834889785
403031283301222_,2006-05-28,15,0.6313333333333333,9.47,1.44,15,0.9305870741785783,4.895829707781611e-7
403031283301222_,2006-05-30,15,1.2766666666666666,19.15,2.92,15,0.9686303369592822,3.075812336085073e-9
403031283301222_,2006-05-31,15,1.41,21.15,2.56,15,0.9466957722802297,9.151755377224909e-8
403031283301222_,2006-06-01,15,1.7233333333333334,25.85,3.42,15,0.8244826148371763,1.5599761039410815e-4
403031283301222_,2006-06-02,15,1.2246666666666666,18.37,2.56,15,0.8132983145874546,2.2648275431193677e-4
403031283301222_,2006-06-03,15,0.8126666666666666,12.19,1.62,15,0.5758167996310967,0.024683769807158314
403031283301222_,2006-06-05,15,1.2586666666666666,18.88,3.12,15,0.8325825846771138,1.1714738932473571e-4
403031283301222_,2006-06-06,15,0.8806666666666667,13.209999999999999,1.76,15,0.9633985630812344,8.277406804454196e-9
403031283301222_,2006-06-07,15,1.1986666666666668,17.98,1.93,15,0.9377287825497275,2.4599268968106394e-7
403031283301222_,2006-06-08,15,0.5986666666666667,8.98,1.3,15,0.6885639059995788,0.004532837198010837
403031283301222_,2006-06-09,15,0.3973333333333333,5.96,0.85,15,0.14602041508114205,0.6035726679388493
403031283301222_,2006-06-10,15,1.012,15.18,2.16,15,0.9481485028079027,7.674283173738334e-8
403031283301222_,2006-06-11,15,0.2833333333333333,4.25,0.58,15,-0.13074409009212337,0.6423308225054987
403031283301222_,2006-06-14,15,0.8953333333333333,13.43,1.65,15,0.9656552842376099,5.503198658724095e-9
403031283301222_,2006-06-15,15,0.48533333333333334,7.28,1.08,15,0.8037323220490896,3.057598329637762e-4
403031283301222_,2006-06-16,15,0.7126666666666667,10.69,1.63,15,0.5668202012651394,0.027573924719139383
403031283301222_,2006-06-17,15,1.292,19.38,2.72,15,0.5483928008605327,0.03428509032640613
403031283301222_,2006-06-18,15,0.6366666666666667,9.55,1.47,15,0.9522554218672526,4.5334875032412846e-8
403031283301222_,2006-06-19,15,1.466,21.99,2.8,15,0.9723579221343241,1.3638271407122154e-9
403031283301222_,2006-06-22,15,0.5453333333333333,8.18,1.04,15,0.8617491573860642,3.634927131046806e-5
403031283301222_,2006-06-23,15,1.1366666666666667,17.05,2.55,15,0.819943986642623,1.8202672132223662e-4
403031283301222_,2006-06-25,15,0.6786666666666666,10.18,1.3,15,0.7329204082857999,0.0018810449662192586
403031283301222_,2006-06-27,15,1.3526666666666667,20.29,2.79,15,0.8603165326977011,3.872832272938376e-5
403031283301222_,2006-06-30,15,0.728,10.92,1.43,15,0.7660736261876011,8.675619037209858e-4
403031283301222_,2006-07-01,15,0.874,13.11,1.72,15,0.9595447140680401,1.571971667147462e-8
403031283301222_,2006-07-02,15,0.6926666666666667,10.39,1.36,15,0.9386506296443244,2.2376814152692533e-7
403031283301222_,2006-07-03,15,1.0886666666666667,16.330000000000002,1.87,15,0.8541571099038051,5.04759138689535e-5
403031283301222_,2006-07-04,15,1.324,19.86,2.37,15,0.8903936718230546,8.635011260552914e-6
403031283301222_,2006-07-05,15,0.31666666666666665,4.75,0.54,15,-0.4962639576200895,0.0598954614190698
403031283301222_,2006-07-06,15,0.834,12.51,1.55,15,0.7592706717231074,0.0010267389777940574
403031283301222_,2006-07-07,15,0.904,13.56,1.68,15,0.8536494338674214,5.1562741692107334e-5
403031283301222_,2006-07-08,15,1.0953333333333333,16.43,2.1,15,0.955772595767048,2.7805370226457973e-8
403031283301222_,2006-07-09,15,0.53,7.95,1.02,15,0.9635592453182452,8.047167500253066e-9
403031283301222_,2006-07-10,15,0.8766666666666667,13.15,1.8,15,0.9522533033639476,4.5347718514428844e-8
403031283301222_,2006-07-11,15,0.7793333333333333,11.69,1.66,15,0.9106669566814335,2.4030040326883396e-6
403031283301222_,2006-07-14,15,1.1460000000000001,17.19,2.41,15,0.7812022867105466,5.844535975052126e-4
403031283301222_,2006-07-15,15,1.1213333333333333,16.82,2.3,15,0.9576328027716683,2.1124510366617226e-8
403031283301222_,2006-07-16,15,0.5686666666666667,8.53,1.04,15,0.7698445499717763,7.883481712661332e-4
403031283301222_,2006-07-17,14,0.39285714285714285,5.5,0.87,14,-0.5420858561293649,0.04522946526600794
403031283301222_,2006-07-18,14,0.44785714285714284,6.2700000000000005,0.85,14,-0.13237520916014792,0.6519043885786862
403031283301222_,2006-07-19,14,0.525,7.3500000000000005,1.05,14,-0.48962363534949105,0.07555388682618772
403031283301222_,2006-07-20,14,0.6071428571428571,8.5,0.99,14,0.36818164331514985,0.1952342328467023
403031283301222_,2006-07-21,14,0.38,5.32,0.79,14,-0.7307626622422233,0.0029898146209520766
403031283301222_,2006-07-22,14,0.7985714285714286,11.18,1.54,14,0.9222033877456605,2.7022779148108376e-6
403031283301222_,2006-07-23,14,1.032142857142857,14.45,2.59,14,0.9468565615606858,2.8987476799318723e-7
403031283301222_,2006-07-24,14,0.44142857142857145,6.18,0.76,14,0.9198663448868377,3.2107860913606136e-6
403031283301222_,2006-07-25,14,0.9,12.6,1.94,14,0.9150219473251102,4.5175561110553565e-6
403031283301222_,2006-07-29,14,1.0907142857142857,15.27,2.1,14,0.9189668435519343,3.4263667717430637e-6
403031283301222_,2006-07-30,14,1.4307142857142858,20.03,2.5,14,0.9631979598769647,3.313023979624294e-8
403031283301222_,2006-07-31,14,1.1535714285714285,16.15,2.32,14,0.8833178646397867,2.8208122822893818e-5
403031283301222_,2006-08-01,14,0.7878571428571428,11.03,1.53,14,0.8406240685102722,1.6630004463201643e-4
403031283301222_,2006-08-02,14,1.2664285714285715,17.73,2.34,14,0.88954596092341,2.0582707532933145e-5
403031283301222_,2006-08-03,14,1.805,25.27,3.29,14,0.9159775125952606,4.230150096951105e-6
403031283301222_,2006-08-04,14,1.9007142857142858,26.61,3.32,14,0.9555659251520962,1.0094214655207603e-7
403031283301222_,2006-08-05,14,1.8264285714285715,25.57,3.31,14,0.7791679477585598,0.0010208756440154704
403031283301222_,2006-08-06,14,1.6828571428571428,23.56,2.94,14,0.6923118337237251,0.006070619599106632
403031283301222_,2006-08-07,14,1.57,21.98,2.87,14,0.8097667747556536,4.4798438745418176e-4
403031283301222_,2006-08-08,14,1.0742857142857143,15.040000000000001,2.35,14,0.6167352773729231,0.018813270228939562
403031283301222_,2006-08-09,14,0.7342857142857143,10.28,1.33,14,-0.25704630439732395,0.3749975839533477
403031283301222_,2006-08-10,14,1.73,24.22,2.97,14,0.9831263794653261,3.2135591967944377e-10
403031283301222_,2006-08-11,14,1.665,23.31,3.11,14,0.8209990171374096,3.191082815691754e-4
403031283301222_,2006-08-12,14,0.7335714285714285,10.27,1.52,14,0.8845096932789682,2.6593957610882193e-5
403031283301222_,2006-08-13,14,1.5278571428571428,21.39,2.85,14,0.9265944471649427,1.9255304190594676e-6
403031283301222_,2006-08-14,14,1.3442857142857143,18.82,2.63,14,0.9172121288962771,3.881240635306151e-6
403031283301222_,2006-08-15,14,0.9914285714285714,13.88,1.95,14,0.9551156652559408,1.071316880170582e-7
403031283301222_,2006-08-16,14,0.9564285714285714,13.39,1.95,14,0.8859155257693261,2.4787841524078487e-5
403031283301222_,2006-08-17,14,0.8235714285714286,11.53,1.84,14,0.9491499869090272,2.2358241267262485e-7
403031283301222_,2006-08-20,14,1.1785714285714286,16.5,2.24,14,0.8669045591685944,5.9878382514249345e-5
403031283301222_,2006-08-21,14,0.98,13.719999999999999,2.01,14,0.9732707967190964,4.970518064801633e-9
403031283301222_,2006-08-22,14,0.9278571428571428,12.99,1.98,14,0.9599725571394823,5.446189306802897e-8
403031283301222_,2006-08-23,14,1.312857142857143,18.38,2.52,14,0.9489328195119242,2.292642221994697e-7
403031283301222_,2006-08-24,13,1.426153846153846,18.54,2.61,13,0.9588405249588215,2.3568411590821075e-7
403031283301222_,2006-08-25,13,1.4646153846153847,19.04,2.64,13,0.9135763472752427,1.2760114655874425e-5
403031283301222_,2006-08-26,13,0.8292307692307692,10.78,1.57,13,0.8557429199254218,1.9036575321969325e-4
403031283301222_,2006-08-27,13,0.5515384615384615,7.17,1.02,13,0.7486540439722802,0.0032360922783763496
403031283301222_,2006-08-28,13,0.7346153846153847,9.55,1.33,13,0.9166943293333978,1.0489396340846264e-5
403031283301222_,2006-08-29,13,1.403076923076923,18.24,2.59,13,0.959788752401871,2.0770852483152625e-7
403031283301222_,2006-08-30,13,0.6107692307692307,7.94,0.93,13,0.9338597589693408,3.04941244161734e-6
403031283301222_,2006-09-01,13,0.5061538461538462,6.58,0.83,13,-0.20383398993922855,0.5041658540761871
403031283301222_,2006-09-02,13,1.6307692307692307,21.2,3.05,13,0.8160307681083105,6.689467883706262e-4
403031283301222_,2006-09-03,13,1.6453846153846154,21.39,3,13,0.9238873207303443,6.4742560628257e-6
403031283301222_,2006-09-07,13,0.8746153846153846,11.37,1.71,13,0.9464066845475512,9.826127684494394e-7
403031283301222_,2006-09-10,13,1.41,18.33,2.47,13,0.9695152778540732,4.614755595460201e-8
403031283301222_,2006-09-11,13,0.6323076923076923,8.22,1.43,13,0.8633420474398635,1.435383969749252e-4
403031283301222_,2006-09-12,13,0.3669230769230769,4.7700000000000005,0.6,13,-0.7925451681097334,0.0012341877984385558
403031283301222_,2006-09-13,13,0.3707692307692308,4.82,0.75,13,-0.8472231788885013,2.5655489102597776e-4
403031283301222_,2006-09-14,13,0.7023076923076923,9.13,1.71,13,-0.9176837415033396,9.841388088270993e-6
403031283301222_,2006-09-15,13,0.9323076923076923,12.12,1.81,13,0.9303571952981978,4.022535589029313e-6
403031283301222_,2006-09-16,13,0.823076923076923,10.700000000000001,1.63,13,0.9212526502770847,7.766557519690358e-6
403031283301222_,2006-09-17,13,0.7761538461538462,10.09,1.39,13,0.9337397482497336,3.0792470548947246e-6
403031283301222_,2006-09-18,13,0.6007692307692307,7.81,1.21,13,0.820312326988976,5.928553905524625e-4
403031283301222_,2006-09-19,13,0.9853846153846154,12.81,2.16,13,0.9275893179519825,4.957263335620627e-6
403031283301222_,2006-09-20,13,1.6076923076923078,20.9,2.96,13,0.9208240749654163,7.995169526170883e-6
403031283301222_,2006-09-21,13,1.4107692307692308,18.34,2.64,13,0.9411355290203293,1.6293401867572147e-6
403031283301222_,2006-09-22,13,0.8623076923076923,11.209999999999999,1.67,13,0.8122980525262499,7.413929253783004e-4
403031283301222_,2006-09-23,13,1.1023076923076922,14.33,2.46,13,-0.08959571141336978,0.7709923216218098
403031283301222_,2006-09-25,13,1.4523076923076923,18.88,2.76,13,0.9196295200221726,8.661187341251118e-6
403031283301222_,2006-09-26,13,0.6092307692307692,7.92,1.51,13,-0.7240717059732023,0.005132269722587248
403031283301222_,2006-09-27,13,0.4592307692307692,5.97,1.07,13,0.7036231623684884,0.007279487790661071
403031283301222_,2006-09-28,13,1.3938461538461537,18.12,2.71,13,0.9424511118664172,1.4425631625527514e-6
403031283301222_,2006-10-01,13,0.6184615384615385,8.04,1.33,13,0.9371475352212882,2.3185418792265905e-6
403031283301222_,2006-10-07,11,1.020909090909091,11.23,1.77,11,0.9358099543858137,2.294128223254144e-5
403031283301222_,2006-10-08,11,1.4354545454545453,15.79,2.3,11,0.6809173639237165,0.02107889771430326
403031283301222_,2006-10-09,11,1.67,18.37,2.62,11,0.929070345558367,3.559911509452986e-5
403031283301222_,2006-10-10,11,1.5927272727272728,17.52,2.62,11,0.9707364528515006,7.0402592069472e-7
403031283301222_,2006-10-11,11,0.56,6.16,0.99,11,0.9646507527030911,1.6330427754250506e-6
403031283301222_,2006-10-12,11,1.3481818181818181,14.83,2.43,11,0.9113328187073739,9.468455545303828e-5
403031283301222_,2006-10-14,11,0.6981818181818182,7.68,1.12,11,0.9767292795435154,2.5323573442016846e-7
403031283301222_,2006-10-15,11,1.2454545454545454,13.7,2.18,11,0.9592558694847262,3.0702693785202207e-6
403031283301222_,2006-10-16,11,1.5781818181818184,17.36,2.57,11,0.8720556898717103,4.650404424037448e-4
403031283301222_,2006-10-17,11,1.4381818181818182,15.82,2.59,11,0.6779195570025502,0.0218781311995915
403031283301222_,2006-10-18,11,1.1199999999999999,12.32,2.13,11,0.9154905598869257,7.675226125893233e-5
403031283301222_,2006-10-19,11,1.4281818181818182,15.709999999999999,2.46,11,0.8005819325958001,0.0030726722110844414
403031283301222_,2006-10-26,11,1.2054545454545453,13.26,2.07,11,0.9743307111798609,3.924079113533653e-7
403031283301222_,2006-11-30,11,0.4072727272727273,4.48,0.81,11,0.6920405969258072,0.018294558796990483
403031283301222_,2006-12-01,11,0.7172727272727273,7.89,1.3,11,0.9173658064959733,6.957293078557996e-5
403031283301222_,2006-12-02,10,0.956,9.56,1.72,10,0.9619174323913845,8.788127978950314e-6
403031283301222_,2006-12-05,10,0.848,8.48,1.48,10,0.8313274592284435,0.002873630731452275
403031283301222_,2006-12-06,10,0.905,9.049999999999999,1.55,10,0.9565664550617549,1.4772761336387638e-5
403031283301222_,2006-12-07,10,0.637,6.37,1.1,10,0.8969221113023229,4.3539410786389736e-4
403031283301222_,2006-12-08,10,0.533,5.33,1.27,10,0.8649635926040093,0.001232005325108484
403031283301222_,2006-12-09,10,0.298,2.98,0.49,10,-0.2388484079893729,0.506319488815065
403031283301222_,2006-12-10,10,0.892,8.92,1.43,10,0.5457586031158204,0.102701894520158
403031283301222_,2006-12-11,10,1.085,10.85,1.8,10,0.9276301427076037,1.0989673865472851e-4
403031283301222_,2006-12-13,10,0.717,7.17,1.45,10,0.8540641654687171,0.001657563633747706
403031283301222_,2006-12-14,10,0.43,4.3,0.73,10,0.8972332015810278,4.3032863886350697e-4
403031283301222_,2006-12-15,10,0.785,7.85,1.44,10,0.801223334283114,0.005332161582457185
403031283301222_,2006-12-17,10,0.591,5.91,1.19,10,0.9883233575493577,8.019579620992425e-8
403031283301222_,2006-12-18,10,0.884,8.84,1.48,10,0.6060915267313262,0.06325446527302118
403031283301222_,2006-12-19,10,0.777,7.7700000000000005,1.33,10,0.7089890165735527,0.0216933294553703
403031283301222_,2006-12-22,10,0.401,4.01,0.84,10,0.9745588696400718,1.7774719550703155e-6
403031283301222_,2006-12-23,10,0.914,9.14,1.65,10,0.9641217913695108,6.941911360932168e-6
403031283301222_,2006-12-26,10,0.156,1.56,0.41,10,-0.0842151921066519,0.817080246972091
403031283301222_,2006-12-27,10,0.887,8.87,1.47,10,0.9084753771660687,2.7454595857952176e-4
403031283301222_,2006-12-28,10,0.777,7.77,1.4,10,0.656154703504919,0.03935901314253408
403031283301222_,2006-12-29,10,0.879,8.79,1.64,10,-0.2689911061975062,0.4523411309639569
403031283301222_,2006-12-30,10,0.92,9.2,1.55,10,0.42197473628486054,0.22447873204118443
403031283301222_,2006-12-31,10,0.947,9.469999999999999,1.55,10,0.8655574548937072,0.0012113829570052587
403031283301222_,2007-01-01,10,0.785,7.85,1.44,10,0.7333775328845684,0.015791050127733703
403031283301222_,2007-01-02,10,0.5619999999999999,5.62,0.98,10,0.7351507669342862,0.015411374224556951
403031283301222_,2007-01-03,10,0.8,8,1.4,10,0.8777128544614676,8.419834925151352e-4
403031283301222_,2007-01-04,10,0.912,9.12,1.74,10,0.6894848025931788,0.027391563634878793
403031283301222_,2007-01-05,10,1.156,11.56,1.92,10,0.9131425765341169,2.2397794347962677e-4
403031283301222_,2007-01-06,10,0.234,2.34,0.54,10,-0.41695392396839687,0.23062457901903408
403031283301222_,2007-01-07,10,0.714,7.14,1.42,10,0.9698422858413323,3.489534367338318e-6
403031283301222_,2007-01-08,10,0.949,9.49,1.71,10,0.9088073795889169,2.7069550256894327e-4
403031283301222_,2007-01-09,10,1.001,10.01,1.67,10,0.6907152320327273,0.027004833978316017
403031283301222_,2007-01-10,10,1.038,10.38,1.76,10,0.8736667763759121,9.542055336434627e-4
403031283301222_,2007-01-11,10,1.029,10.29,1.68,10,0.5357640124135014,0.11044730772010926
403031283301222_,2007-01-13,10,0.978,9.78,1.63,10,0.6088602338088159,0.06173300968421973
403031283301222_,2007-01-14,10,1.106,11.06,1.81,10,0.7959183673469383,0.00588402460747383
403031283301222_,2007-01-15,10,1.104,11.040000000000001,1.82,10,0.7458566427962792,0.013253158555063954
403031283301222_,2007-01-16,10,0.984,9.84,1.75,10,0.6517978803861235,0.041145626435107864
403031283301222_,2007-01-18,10,0.9,9,1.55,10,0.6454972243679027,0.04382455063702764
403031283301222_,2007-01-19,10,1.192,11.92,1.92,10,0.7960029457578478,0.005874920449117789
403031283301222_,2007-01-20,10,0.7889999999999999,7.89,1.38,10,0.8159712497296261,0.0039924989093380525
403031283301222_,2007-01-21,10,1.009,10.09,1.9,10,0.8596105291181059,0.0014295853830082997
403031283301222_,2007-01-22,10,1.082,10.82,1.94,10,0.5613005171130877,0.09135653519282728
403031283301222_,2007-01-24,10,0.889,8.89,1.53,10,0.31724650409863214,0.37175209409025567
403031283301222_,2007-04-07,13,1.4,18.2,2.76,13,0.274687560955674,0.363743520600712
403031283301222_,2007-04-08,13,1.3415384615384616,17.44,2.58,13,0.8115108106506275,7.574329033743254e-4
403031283301222_,2007-04-09,13,1.166923076923077,15.17,1.83,13,0.8576935746316772,1.7732752427312867e-4
403031283301222_,2007-04-12,13,1.6546153846153846,21.51,2.98,13,0.7922950806562697,0.0012417506313123084
403031283301222_,2007-04-15,13,1.5253846153846153,19.83,2.87,13,0.955231977847735,3.715658127443009e-7
403031283301222_,2007-04-17,13,0.8576923076923076,11.15,1.68,13,0.5062296251219681,0.07753041997190209
403031283301222_,2007-04-28,14,1,14,2.88,14,0.8288749710204546,2.4805715591467146e-4
403031283301222_,2007-05-01,14,0.4742857142857143,6.640000000000001,0.88,14,0.8522856496248998,1.0825172154264103e-4
403031283301222_,2007-05-03,14,1.7307142857142856,24.23,3.32,14,0.19677929834727229,0.5001363582129099
403031283301222_,2007-05-05,14,1.6600000000000001,23.240000000000002,3.27,14,0.9544294878209375,1.1716625536016687e-7
403031283301222_,2007-05-06,14,0.3157142857142857,4.42,0.7,14,-0.5420542372900898,0.04524449512682957
403031283301222_,2007-05-10,14,0.9792857142857143,13.709999999999999,2.23,14,0.7850280715239538,8.80739686625478e-4
403031283301222_,2007-05-11,14,1.647857142857143,23.07,2.83,14,0.16246363258400867,0.5789513854803738
403031283301222_,2007-05-12,14,1.7264285714285714,24.169999999999998,3.28,14,0.9594121427827117,5.912790442956326e-8
403031283301222_,2007-05-13,14,1.1692857142857143,16.37,2.25,14,0.9356447590190734,8.91941302082335e-7
403031283301222_,2007-05-16,15,1.638,24.57,3.46,15,0.9607602090470987,1.2930259212558607e-8
403031283301222_,2007-05-17,14,0.5014285714285714,7.0200000000000005,1.33,14,0.8521085139594455,1.0898903256109099e-4
403031283301222_,2007-05-23,15,1.8326666666666667,27.49,3.47,15,0.8889277124862885,9.37954695734346e-6
403031283301222_,2007-05-24,15,1.8166666666666667,27.25,3.37,15,0.9748111441057336,7.498440293876729e-10
403031283301222_,2007-05-26,15,1.7673333333333334,26.51,3.5,15,0.961297943627274,1.1836420600836663e-8
403031283301222_,2007-05-28,15,1.5253333333333334,22.88,3.09,15,0.9696185401692343,2.5040182797353394e-9
403031283301222_,2007-05-29,15,1.508,22.62,3.18,15,0.7982778485433928,3.6027704398182225e-4
403031283301222_,2007-05-30,15,0.938,14.07,2.01,15,0.9352722090945672,3.1443875582640874e-7
403031283301222_,2007-05-31,15,0.9346666666666666,14.02,1.98,15,0.9748862614415866,7.355606704604708e-10
403031283301222_,2007-06-03,15,1.2693333333333332,19.04,2.38,15,0.9580582416277658,1.9803609467859248e-8
403031283301222_,2007-06-10,15,0.5093333333333333,7.640000000000001,1.38,15,-0.04005772471535503,0.8872860534145474
403031283301222_,2007-06-13,15,1.7346666666666666,26.02,3.21,15,0.9296753447635802,5.31732138028153e-7
403031283301222_,2007-06-14,15,0.63,9.45,1.3,15,0.9361833656676075,2.873982162088315e-7
403031283301222_,2007-06-15,15,1.3926666666666667,20.89,2.95,15,0.8373476017701638,9.828717275871603e-5
403031283301222_,2007-06-17,15,1.7733333333333334,26.6,3.41,15,0.8616413153921345,3.6524037624749505e-5
403031283301222_,2007-06-18,15,1.298,19.47,2.7,15,0.9570344358259358,2.31071681165957e-8
403031283301222_,2007-06-20,15,1.422,21.33,2.71,15,0.9559542346289962,2.7083367380653456e-8
403031283301222_,2007-06-21,15,0.89,13.35,2.18,15,0.9804265781420809,1.4750764342633698e-10
403031283301222_,2007-06-27,15,1.3393333333333333,20.09,2.54,15,0.9603398260224215,1.3843526115892587e-8
403031283301222_,2007-06-29,15,0.5613333333333334,8.42,1.24,15,0.9854729509723311,2.1497735950343603e-11
403031283301222_,2007-06-30,15,0.876,13.14,1.8,15,0.6628489803598672,0.0070772583637968975
403031283301222_,2007-07-01,15,1.112,16.68,2.39,15,0.9593604281419753,1.6183813368947522e-8
403031283301222_,2007-07-02,15,0.41533333333333333,6.2299999999999995,0.79,15,0.8050679647590878,2.934958479899599e-4
403031283301222_,2007-07-03,15,0.9373333333333334,14.06,1.78,15,0.9799908127740988,1.7002680553098235e-10
403031283301222_,2007-07-04,15,0.41000000000000003,6.15,0.79,15,0.6581700980407129,0.00764172146604976
403031283301222_,2007-07-05,15,1.3186666666666667,19.78,2.59,15,0.9293643314596847,5.467875899436362e-7
403031283301222_,2007-07-06,15,1.2913333333333334,19.37,2.51,15,0.86141218200595715,3.689767552316093e-5
403031283301222_,2007-07-07,15,0.8606666666666667,12.91,1.65,15,0.9872979394447067,9.022378560040465e-12
403031283301222_,2007-07-08,15,0.802,12.03,1.58,15,0.8766829062128505,1.7951717703561866e-5
403031283301222_,2007-07-10,15,0.506,7.59,1,15,0.771101751059373,7.632837388159046e-4
403031283301222_,2007-07-11,15,0.552,8.28,1.17,15,0.9237084053117358,8.896739845603373e-7
403031283301222_,2007-07-12,15,0.6266666666666667,9.4,1.4,15,0.9189397848172525,1.304031507752822e-6
403031283301222_,2007-07-14,14,0.385,5.39,0.83,14,-0.7501287787932526,0.0020006112226457983
403031283301222_,2007-07-15,14,0.5585714285714286,7.82,1.01,14,0.34330346339884477,0.22947280406135379
403031283301222_,2007-07-16,15,0.9893333333333334,14.84,2.19,15,0.9043791604859593,3.681387828493918e-6
403031283301222_,2007-07-17,14,0.5321428571428571,7.45,0.99,14,0.13568010505999384,0.6437331540225651
403031283301222_,2007-07-19,14,0.76,10.64,1.35,14,0.934532678175237,9.860939148111314e-7
403031283301222_,2007-07-21,14,0.5871428571428572,8.22,1.34,14,0.9754115754120843,3.02609341201543e-9
403031283301222_,2007-07-22,14,0.8814285714285715,12.34,1.67,14,0.9697208783134906,1.0423274924453411e-8
403031283301222_,2007-07-23,14,0.5364285714285715,7.51,1.14,14,0.9376591247201003,7.402738829450362e-7
403031283301222_,2007-07-27,14,1.7492857142857143,24.49,3.15,14,0.8821666710774034,2.984242749785353e-5
403031283301222_,2007-07-28,14,1.4292857142857143,20.009999999999998,3.03,14,0.8555084308730272,9.55287166139906e-5
403031283301222_,2007-07-29,14,0.9171428571428571,12.84,1.8,14,0.9517965723935757,1.6318133504777216e-7
403031283301222_,2007-07-30,14,0.34785714285714286,4.87,0.78,14,-0.8231745900740001,2.9802226889686593e-4
403031283301222_,2007-07-31,14,1.2635714285714286,17.69,2.46,14,0.9598557136668084,5.540865796204816e-8
403031283301222_,2007-08-01,14,1.63,22.82,3.12,14,0.9401831963922893,5.808992272896844e-7
403031283301222_,2007-08-02,14,1.4107142857142858,19.75,2.72,14,0.8203896531990786,3.252251405382746e-4
403031283301222_,2007-08-03,14,1.177857142857143,16.490000000000002,2.22,14,0.9749793254344009,3.356494764725078e-9
403031283301222_,2007-08-04,14,1.0642857142857143,14.9,2,14,0.919458290294617,3.3071558141694734e-6
403031283301222_,2007-08-05,14,1.322857142857143,18.52,2.74,14,0.9088377678463536,6.791914445855574e-6
403031283301222_,2007-08-06,14,1.685,23.59,3.01,14,0.9702137181102991,9.45597778869542e-9
403031283301222_,2007-08-07,14,1.387142857142857,19.419999999999998,2.48,14,0.8460785055364279,1.3663353232622042e-4
403031283301222_,2007-08-08,14,1.2835714285714286,17.97,2.39,14,0.9561887527242314,9.28708047670128e-8
403031283301222_,2007-08-09,14,1.5478571428571428,21.67,2.99,14,0.9713558282236024,7.497241373047334e-9
403031283301222_,2007-08-12,14,1.7307142857142856,24.23,3.15,14,0.8990232390629438,1.2272729493564744e-5
403031283301222_,2007-08-15,14,1.6571428571428573,23.2,2.97,14,0.9789884803810326,1.1874127652324284e-9
403031283301222_,2007-08-16,14,1.457142857142857,20.4,2.8,14,0.7956992696834041,6.65252685556552e-4
403031283301222_,2007-08-17,14,1.262857142857143,17.68,2.46,14,0.9127015295228336,5.282846622179391e-6
403031283301222_,2007-08-18,14,0.525,7.3500000000000005,1.04,14,-0.57716319402709515,0.030688513120011137
403031283301222_,2007-08-21,14,1.6557142857142857,23.18,3.1,14,0.981272677158076,5.982098636945538e-10
403031283301222_,2007-08-23,14,1.0642857142857143,14.9,2.2,14,0.9861215249939363,1.0013627281556963e-10
403031283301222_,2007-08-25,13,1.7384615384615385,22.599999999999998,3.19,13,0.9405130752711501,1.724291059394288e-6
403031283301222_,2007-08-26,13,1.5923076923076924,20.7,2.81,13,0.9944729986063469,4.038031493070214e-12
403031283301222_,2007-08-27,13,1.36,17.68,2.43,13,0.9049290943417346,2.1194750712507736e-5
403031283301222_,2007-08-28,13,0.7976923076923077,10.370000000000001,1.38,13,0.9800917639085467,4.520720793287785e-9
403031283301222_,2007-08-29,13,0.666923076923077,8.67,1.48,13,0.7463530611905834,0.003385970421269405
403031283301222_,2007-08-31,13,0.44384615384615383,5.77,1.14,13,-0.7862181227465868,0.0014369839613608108
403031283301222_,2007-09-01,13,0.7715384615384615,10.030000000000001,1.53,13,0.41532594982651955,0.15815193526896085
403031283301222_,2007-09-02,13,0.8453846153846154,10.99,1.55,13,0.9526785427817651,5.016287015340994e-7
403031283301222_,2007-09-03,13,1.1407692307692308,14.83,2.02,13,0.9969304999290716,1.5972924134861265e-13
403031283301222_,2007-09-05,13,0.8938461538461538,11.62,1.68,13,0.9436022591648993,1.293731876726408e-6
403031283301222_,2007-09-06,13,0.7230769230769231,9.4,1.45,13,-0.5729662676941324,0.040674648457283705
403031283301222_,2007-09-08,13,1.4053846153846155,18.27,2.51,13,0.8842223734139479,6.012521998417749e-5
403031283301222_,2007-09-09,13,1.1692307692307693,15.200000000000001,2.43,13,0.9403262536347711,1.7536474763803143e-6
403031283301222_,2007-09-10,13,0.5069230769230769,6.59,1.04,13,0.8313713502038983,4.2758134145411424e-4
403031283301222_,2007-09-11,13,0.5146153846153846,6.69,1.06,13,0.9690659766874786,4.997130230904627e-8
403031283301222_,2007-09-12,13,0.8761538461538462,11.39,2.2,13,0.8324459380309,4.1371212844378745e-4
403031283301222_,2007-09-13,13,1.2969230769230768,16.86,2.4,13,0.8958851181942041,3.4317113800430285e-5
403031283301222_,2007-09-14,13,1.3415384615384616,17.44,2.63,13,0.9285547741308386,4.613188478605915e-6
403031283301222_,2007-09-19,13,0.8623076923076923,11.21,1.76,13,0.9804926443564652,4.045317354993408e-9
403031283301222_,2007-09-20,13,1.6300000000000001,21.19,2.93,13,0.9898206655868029,1.1509997517979224e-10
403031283301222_,2007-09-24,13,0.576923076923077,7.5,1.1,13,-0.5917357085138201,0.0331416117111007
403031283301222_,2007-09-27,13,0.8,10.4,1.76,13,0.9276336648706064,4.941017419929383e-6
403031283301222_,2007-09-28,13,1.2723076923076924,16.54,2.6,13,0.9423660657646911,1.4540864639291986e-6
403031283301222_,2007-09-30,13,0.27384615384615385,3.56,0.48,13,-0.7569182681513622,0.002739730138983175
403031283301222_,2007-10-01,13,0.47307692307692306,6.15,1,13,-0.01620083922520794,0.9581065542809823
403031283301222_,2007-10-02,13,0.693076923076923,9.01,1.27,13,0.8207796447194033,5.849833015106552e-4
403031283301222_,2007-10-03,12,0.6416666666666667,7.7,1.25,12,0.9486335528099877,2.582854822631626e-6
403031283301222_,2007-10-04,11,1.3418181818181818,14.76,2.36,11,0.9858634186300793,2.7236445466289427e-8
403031283301222_,2007-10-05,11,1.4363636363636363,15.8,2.38,11,0.9624643576490356,2.1325823063669064e-6
403031283301222_,2007-10-10,11,1.491818181818182,16.41,2.43,11,0.8218736925964574,0.0019102387855428327
403031283301222_,2007-10-14,11,1.0054545454545454,11.06,1.71,11,0.9198759840727209,6.07803417815805e-5
403031283301222_,2007-10-23,11,1.1418181818181818,12.56,2.17,11,0.9117414112954273,9.27930007858219e-5
403031283301222_,2007-10-25,11,1.34,14.74,2.3,11,0.843091828498422,0.0011150250202396422
403031283301222_,2007-10-29,11,0.8781818181818182,9.66,1.62,11,0.8273703996446348,0.0016729607997502366
403031283301222_,2007-10-30,11,0.8245454545454546,9.07,1.62,11,0.9592690326653247,3.0658669816585373e-6
403031283301222_,2007-11-02,11,0.2690909090909091,2.96,0.51,11,0.1850032174752385,0.5860367811890335
403031283301222_,2007-11-03,11,1.0072727272727273,11.08,2.11,11,0.8707210014558053,4.862959092706261e-4
403031283301222_,2007-11-04,11,1.05,11.55,1.88,11,0.8685059101622967,5.231848999850287e-4
403031283301222_,2007-11-05,11,0.7645454545454545,8.41,1.42,11,0.7042825646494263,0.015545717546492447
403031283301222_,2007-11-06,11,0.49818181818181817,5.48,0.99,11,0.815364914991039,0.002222728298608226
403031283301222_,2007-11-07,11,1.1581818181818182,12.74,2.25,11,0.9693447341192557,8.659941908145315e-7
403031283301222_,2007-11-08,11,1.170909090909091,12.879999999999999,2.17,11,0.8578002323239072,7.321640863220865e-4
403031283301222_,2007-11-09,11,1.0081818181818183,11.09,2,11,0.8941722928167398,2.0463102255977839e-4
403031283301222_,2007-11-10,11,0.33,3.63,0.56,11,-0.25398607948355834,0.45106727835239546
403031283301222_,2007-11-11,11,0.3054545454545455,3.36,0.59,11,0.7071067811865477,0.014956363910414178
403031283301222_,2007-11-12,11,1.2036363636363636,13.24,2.15,11,0.7942445295750321,0.0035026518766326656
403031283301222_,2007-11-13,11,1.030909090909091,11.34,1.84,11,0.9267886537715854,4.0912750054694316e-5
403031283301222_,2007-11-14,11,1.0254545454545454,11.28,1.9,11,0.7235948038874865,0.011831653507270664
403031283301222_,2007-11-15,11,1.0163636363636364,11.18,2.03,11,0.9075150157480592,1.1381767079419941e-4
403031283301222_,2007-11-16,11,0.75,8.25,1.38,11,0.8381356252181329,0.001272871816953371
403031283301222_,2007-11-17,11,0.8281818181818181,9.11,1.64,11,0.9380199816109767,1.9658625020097077e-5
403031283301222_,2007-11-18,11,0.8954545454545455,9.85,1.7,11,0.9744809305457055,3.8226237694734333e-07
403031283301222_,2007-11-19,11,1.06,11.66,1.95,11,-0.027151823034599447,0.9368392096960996
403031283301222_,2007-11-20,11,0.9354545454545454,10.29,2.01,11,0.9438324096139741,1.2729236224830234e-5
403031283301222_,2007-11-21,11,1.029090909090909,11.32,1.95,11,0.8911431893369589,2.312930069028802e-4
403031283301222_,2007-11-22,11,0.9,9.9,1.58,11,0.07136240321480591,0.8348367513353232
403031283301222_,2007-11-23,11,1.039090909090909,11.43,1.9,11,0.05053986957192624,0.8826825746274918
403031283301222_,2007-11-24,11,1.0081818181818183,11.09,1.95,11,0.845944706163313,0.0010311148769147668
403031283301222_,2007-11-25,11,1.0772727272727274,11.85,1.96,11,0.9098940006388663,1.0158094596063032e-4
403031283301222_,2007-11-27,11,0.35454545454545455,3.9,0.78,11,0.8908381880821777,2.3411697749350954e-4
403031283301222_,2007-11-28,11,0.78,8.58,1.49,11,0.8648817040445187,5.880574690858994e-4
403031283301222_,2007-11-29,11,0.3290909090909091,3.62,0.66,11,0.17500000000000476,0.6067899993688071
403031283301222_,2007-11-30,11,0.4672727272727273,5.14,0.93,11,0.7391858762972375,0.00933981087425348
403031283301222_,2007-12-01,11,1.0118181818181817,11.13,1.91,11,0.8416091924981459,0.0011606071106381596
403031283301222_,2007-12-02,11,0.8654545454545455,9.52,1.71,11,0.9062837511286648,1.2057661086185075e-4
403031283301222_,2007-12-03,10,0.43,4.3,0.62,10,0.7534677234406276,0.011853907270319482
403031283301222_,2007-12-04,10,0.843,8.43,1.41,10,0.8343161565614444,0.0026855453274068197
403031283301222_,2007-12-05,10,0.9309999999999999,9.31,1.52,10,0.730361918340873,0.01645161396447816
403031283301222_,2007-12-06,10,1.112,11.12,1.87,10,0.786764658749926,0.0069300138556937915
403031283301222_,2007-12-07,10,0.94,9.4,1.72,10,0.8225832367576528,0.003478314759215224
403031283301222_,2007-12-08,10,0.873,8.73,1.54,10,0.7199639404811413,0.01887653890857521
403031283301222_,2007-12-12,10,0.881,8.81,1.63,10,0.8378840972436968,0.002472815345834394
403031283301222_,2007-12-13,10,0.282,2.82,0.47,10,0.875477931513337,9.027054009754171e-4
403031283301222_,2007-12-14,10,0.865,8.65,1.57,10,0.7280903472355615,0.016961712703349948
403031283301222_,2007-12-15,10,0.891,8.91,1.57,10,0.8353343899958092,0.002623542229121205
403031283301222_,2007-12-16,10,0.858,8.58,1.45,10,0.452775931592591,0.18884382353212023
403031283301222_,2007-12-17,10,0.869,8.69,1.6,10,0.9167386996431411,1.8996975691467358e-4
403031283301222_,2007-12-18,10,0.737,7.37,1.37,10,0.7526100829016981,0.012006142246173713
403031283301222_,2007-12-20,10,0.916,9.16,1.6,10,0.8245682950722405,0.0033337117356461894
403031283301222_,2007-12-25,10,0.612,6.12,1.06,10,0.7996012054223898,0.0054968092933334435
403031283301222_,2007-12-26,10,0.859,8.59,1.46,10,0.8965687123747786,4.41201344989705e-4
403031283301222_,2007-12-27,10,1.052,10.52,1.78,10,0.4852941176470589,0.1550849997082823
403031283301222_,2007-12-28,10,0.553,5.53,1.03,10,0.8521501576537784,0.0017420155300731845
403031283301222_,2007-12-29,10,0.529,5.29,1.22,10,0.9293824908096302,9.98484358182519e-5
403031283301222_,2007-12-30,10,0.489,4.89,0.9,10,0.6614378277661476,0.03726359630149751
403031283301222_,2007-12-31,10,0.8370000000000001,8.370000000000001,1.36,10,0.8874833901149564,6.10895073454999e-4
403031283301222_,2008-01-01,10,0.866,8.66,1.52,10,0.813772514483717,0.004174924962359515
403031283301222_,2008-01-02,10,0.88,8.799999999999999,1.51,10,0.9468162988437877,3.2817239171802834e-5
403031283301222_,2008-01-03,10,0.941,9.41,1.62,10,0.48552695621304587,0.15485752917391574
403031283301222_,2008-01-04,10,0.748,7.4799999999999995,1.27,10,0.9563014170062373,1.5131766410488589e-5
403031283301222_,2008-01-05,10,0.877,8.77,1.62,10,0.525948229110995,0.11840161947063108
403031283301222_,2008-01-06,10,1.036,10.36,1.81,10,0.7027642214999335,0.02341333378648723
403031283301222_,2008-01-07,10,0.536,5.36,1.05,10,0.37518764074228983,0.2853761882583101
403031283301222_,2008-01-08,10,0.953,9.53,1.72,10,0.7447456775420869,0.013466630976227217
403031283301222_,2008-01-10,10,0.937,9.370000000000001,1.71,10,0.9139785678538597,2.1570193509687724e-4
403031283301222_,2008-01-15,10,1.159,11.59,1.94,10,0.6493478866359793,0.04217385379616148
403031283301222_,2008-01-16,10,0.991,9.91,1.64,10,0.8976900991883822,4.229674705406531e-4
403031283301222_,2008-01-17,10,0.984,9.84,1.6,10,0.9645885168377794,6.591419913170371e-6
403031283301222_,2008-01-18,10,0.784,7.84,1.31,10,0.46993825123349603,0.170533363405417
403031283301222_,2008-01-19,10,1.071,10.71,1.83,10,-0.6157964225344041,0.05802762490931491
403031283301222_,2008-01-21,10,0.927,9.27,1.56,10,0.9090231404256975,2.682145525165594e-4
