site_id,date,n_hour_daylight,solar_daylight_mean,solar_daylight_sum,solar_daylight_max,n_DO_WT_daylight,r_DO_WT_daylight,p_DO_WT_daylight
5537980,2017-11-17,10,0.267,2.67,0.61,10,-0.6619298034131812,0.03707238865393671
5537980,2017-11-18,10,0.126,1.26,0.22,10,-0.8331788279847058,0.0027560407579656017
5537980,2017-11-19,10,1.031,10.31,1.78,10,-0.8322457152080486,0.0028148654678794003
5537980,2017-11-20,10,1.013,10.13,1.77,10,-0.3343625642786378,0.34501407878179835
5537980,2017-11-21,10,0.358,3.58,0.73,10,-0.3702148805273825,0.29232156511671026
5537980,2017-11-22,10,1.04,10.4,1.81,10,0.6982351433028388,0.02472218984517499
5537980,2017-11-23,10,0.986,9.86,1.72,10,0.766634458206659,0.009683418496331623
5537980,2017-11-24,10,0.952,9.52,1.67,10,0.6903764547736453,0.027110938084936226
5537980,2017-11-25,10,1.014,10.14,1.76,10,0.17874595132989798,0.6212482784059565
5537980,2017-11-26,10,0.961,9.61,1.69,10,0.930372511117026,9.448092584265741e-5
5537980,2017-11-27,10,0.726,7.26,1.33,10,0.8712291282297737,0.0010268566652512758
5537980,2017-11-28,10,0.499,4.99,0.85,10,0.5904090424742277,0.07233716915217994
5537980,2017-11-29,9,1.0755555555555556,9.68,1.72,9,0.14074082581069153,0.7179757601211783
5537980,2017-11-30,9,1.0755555555555556,9.68,1.71,9,-0.6171789590876651,0.07661368192544951
5537980,2017-12-01,9,1.028888888888889,9.26,1.67,9,0.5206658421527945,0.15066815498151176
5537980,2017-12-02,9,0.9133333333333333,8.22,1.43,9,0.6764213808981399,0.04542853785603083
5537980,2017-12-03,9,0.9577777777777778,8.62,1.56,9,-0.04588513175425411,0.9066874297395886
5537980,2017-12-04,9,0.4188888888888889,3.77,0.79,9,0.45528290420225537,0.21814905210244476
5537980,2017-12-05,9,0.8655555555555556,7.79,1.33,9,-0.9507193106567211,8.335125087958346e-5
5537980,2017-12-06,9,1.0222222222222221,9.200000000000001,1.65,9,-0.9930208528705181,9.287413489093175e-8
5537980,2017-12-07,9,0.7888888888888889,7.1,1.49,9,-0.9372059753138994,1.9205916028927e-4
5537980,2017-12-08,9,1.0366666666666666,9.33,1.65,9,0.4440882963713372,0.2311133002488537
5537980,2017-12-09,9,0.5555555555555556,5,1.04,9,-0.8832865043473661,0.0015926603262743115
5537980,2017-12-10,9,0.87,7.83,1.44,9,-0.17491162247042388,0.6526329352742927
5537980,2017-12-11,9,0.4811111111111111,4.33,1.01,9,-0.8691727002390784,0.0023410412154147293
5537980,2017-12-12,9,0.8322222222222223,7.49,1.34,9,-0.836301797777027,0.004959868590282334
5537980,2017-12-13,9,0.3211111111111111,2.89,0.56,9,0.10131733421289867,0.7953555072471142
5537980,2017-12-14,9,0.8288888888888889,7.46,1.34,9,-0.11960386403611602,0.7592309308431218
5537980,2017-12-15,9,0.62,5.58,1.25,9,-0.8883038494369694,0.0013725925326251434
5537980,2017-12-16,9,0.9233333333333333,8.31,1.51,9,-0.7723035606029188,0.01472373983404775
5537980,2017-12-17,9,0.44,3.96,0.86,9,-0.8722623906754338,0.0021599720064774666
5537980,2017-12-18,9,0.47555555555555556,4.28,1.09,9,-0.7164024597180336,0.029906926334711117
5537980,2017-12-19,10,0.699,6.99,1.36,10,0.5248953085587064,0.11927546971342608
5537980,2017-12-20,10,0.736,7.36,1.42,10,-0.9513173557988126,2.316726298376833e-5
5537980,2017-12-21,10,0.303,3.0300000000000002,0.55,10,-0.7981851730536526,0.005643472560864264
5537980,2017-12-22,10,0.334,3.34,0.67,10,0.6181137026336251,0.05682322421310401
5537980,2017-12-23,10,0.782,7.82,1.46,10,0.21724992479008035,0.5465676272122701
5537980,2017-12-24,10,0.17300000000000001,1.73,0.32,10,-0.8893945557243454,5.71800265308699e-4
5537980,2017-12-25,10,0.564,5.64,1.19,10,-0.6072606807365798,0.0626090249454742
5537980,2017-12-26,10,0.5569999999999999,5.57,0.97,10,-0.7162135857561676,0.01980872932939804
5537980,2017-12-27,10,0.614,6.140000000000001,1.25,10,-0.24655579839935032,0.4922670522148481
5537980,2017-12-28,10,0.155,1.55,0.28,10,-0.7003207152494293,0.024113403348393056
5537980,2017-12-29,10,0.21,2.1,0.56,10,-0.7587135381370045,0.010952092183059437
5537980,2017-12-30,10,0.643,6.430000000000001,1.31,10,-0.984362856857682,2.5670534568479123e-07
5537980,2017-12-31,10,0.656,6.56,1.24,10,-0.3428231216804185,0.332170236239023
5537980,2018-01-01,10,0.73,7.3,1.51,10,-0.10541986545271567,0.7719398049821714
5537980,2018-01-02,10,0.621,6.21,1.17,10,0.07933284804457306,0.8275474892886994
5537980,2018-01-03,10,0.474,4.74,0.84,10,0.34467843542101934,0.3293871426157151
5537980,2018-01-04,10,0.762,7.62,1.56,10,-0.27492309618687255,0.44203646384471207
5537980,2018-01-05,10,0.762,7.62,1.54,10,-0.11404984791633163,0.7537358404544889
5537980,2018-01-06,10,0.9289999999999999,9.29,1.7,10,0.8620700125258479,0.0013361553577290728
5537980,2018-01-07,10,0.315,3.15,0.57,10,-0.6880268002861464,0.02785470308572775
5537980,2018-01-08,10,0.798,7.98,1.51,10,0.44494279582247115,0.1975685091843946
5537980,2018-01-09,10,0.411,4.11,0.84,10,-0.7794422166756324,0.007856784000595413
5537980,2018-01-10,10,0.361,3.61,0.65,10,0.4504053192887186,0.19145993165541447
5537980,2018-01-11,10,0.29,2.9,0.65,10,-0.6503648311878931,0.041744986583355334
5537980,2018-01-12,10,0.637,6.37,1.27,10,-0.6705156549693215,0.033841422361014235
5537980,2018-01-13,10,0.966,9.66,1.8,10,0.06883968701177759,0.8501247741333349
5537980,2018-01-14,10,0.7110000000000001,7.11,1.3,10,-0.39370969818657925,0.26030082109209157
5537980,2018-01-15,10,0.285,2.85,0.49,10,-0.7855915916632019,0.007072970304445676
5537980,2018-01-16,10,0.555,5.55,1.07,10,-0.5288471195410688,0.11601642120538243
5537980,2018-01-17,10,0.713,7.13,1.5,10,0.23843437309359802,0.5070790968448997
5537980,2018-01-18,10,0.913,9.13,1.78,10,0.7882634225314343,0.006750365228660643
5537980,2018-01-19,10,0.637,6.37,1.09,10,0.2325959920609455,0.5178409819977092
5537980,2018-01-20,10,0.809,8.09,1.59,10,-0.4622851126213788,0.17856198434893403
5537980,2018-01-21,10,0.258,2.58,0.4,10,-0.8325478053718068,0.00279572331949757
5537980,2018-01-22,10,0.29100000000000004,2.91,0.61,10,-0.7836418325061065,0.007315187911818156
5537980,2018-01-23,10,0.377,3.77,0.64,10,-0.4491790608010109,0.19282146289654548
5537980,2018-01-24,10,0.376,3.76,0.72,10,-0.5859933862343999,0.075039376597197
5537980,2018-01-25,10,1.049,10.49,1.79,10,0.7401137246024763,0.014382610256617035
5537980,2018-01-26,10,0.89,8.9,1.75,10,0.6367387084636221,0.04773907021891373
5537980,2018-01-27,10,1.106,11.06,1.94,10,0.3857552860814686,0.27091553343092956
5537980,2018-01-28,10,0.917,9.17,1.79,10,-0.5318835540929473,0.11355050356567928
5537980,2018-01-29,10,0.506,5.06,0.85,10,-0.7500177766285343,0.012474618699404484
5537980,2018-01-30,10,1.162,11.62,1.96,10,-0.028920387984358406,0.9367895374950399
5537980,2018-01-31,10,0.51,5.1,0.87,10,-0.23640929749421397,0.5108012596608753
5537980,2018-02-01,10,1.167,11.67,2.02,10,-0.8067267722860029,0.004799726770015479
5537980,2018-02-02,10,1.2429999999999999,12.43,2.11,10,0.28639408969662006,0.422418940611211
5537980,2018-02-03,10,0.416,4.16,0.77,10,-0.6194562984562765,0.05613303005530477
5537980,2018-02-04,10,0.33,3.3,0.85,10,-0.988332917326716,7.993441125797566e-8
5537980,2018-02-05,10,0.642,6.42,1.41,10,-0.3134543277122411,0.37781059348307333
5537980,2018-02-06,10,0.724,7.24,1.61,10,0.09159071536937484,0.801317614566983
5537980,2018-02-07,10,0.644,6.44,1.27,10,-0.32970016398706076,0.3521981039693803
5537980,2018-02-08,10,0.505,5.05,1.37,10,-0.8136324256533397,0.004186746420200722
5537980,2018-02-09,10,0.335,3.35,0.52,10,-0.9042880096044861,3.2663984514170156e-4
5537980,2018-02-10,10,0.381,3.81,0.77,10,-0.7153470761882963,0.020028550442412415
5537980,2018-02-11,10,0.42,4.2,0.64,10,-0.959366858414949,1.1354406073889973e-5
5537980,2018-02-12,10,1.262,12.62,2.26,10,0.22226558596672852,0.5371099799731753
5537980,2018-02-13,11,0.4445454545454545,4.89,0.85,11,0.08533408270176034,0.8030030477608199
5537980,2018-02-14,11,0.9090909090909091,10,1.74,11,0.6376015436013578,0.03482073938484652
5537980,2018-02-15,11,0.29454545454545455,3.2399999999999998,0.54,11,-0.21895853225122522,0.5177246333748728
5537980,2018-02-16,11,1.0518181818181818,11.57,2.08,11,-0.8537054273825132,8.267991038584126e-4
5537980,2018-02-17,11,0.4163636363636364,4.58,0.91,11,-0.9834501343282795,5.5165360156464356e-8
5537980,2018-02-18,11,0.8518181818181818,9.37,1.63,11,0.5751624620632372,0.06414298172062292
5537980,2018-02-19,11,0.3981818181818182,4.38,0.74,11,-0.6923410302292219,0.018223219572225505
5537980,2018-02-20,11,0.25727272727272726,2.83,0.86,11,-0.9297748177272185,3.407075387963914e-5
5537980,2018-02-21,11,0.81,8.91,1.49,11,0.16945906865794638,0.618399952689575
5537980,2018-02-22,11,0.9245454545454546,10.17,1.75,11,0.5693856276282585,0.06749764908064909
5537980,2018-02-23,11,0.45454545454545453,5,0.86,11,0.640645413632854,0.0336926355757197
5537980,2018-02-24,11,0.6381818181818182,7.02,1.17,11,-0.7732634833808628,0.0052478507580962204
5537980,2018-02-25,12,1.3558333333333334,16.27,2.49,12,-0.3417832739516075,0.2768744136653571
5537980,2018-02-26,12,1.4008333333333334,16.81,2.5,12,0.9278837305986103,1.3598429066056696e-5
5537980,2018-02-27,12,1.24,14.88,2.18,12,0.6679616528145916,0.017598423835873005
5537980,2018-02-28,12,0.8316666666666667,9.98,1.78,12,-0.8705242513256385,2.2966574088059406e-4
5537980,2018-03-01,12,0.53,6.359999999999999,1.15,12,-0.7661677384523434,0.0036607951115562067
5537980,2018-03-02,12,1.3308333333333333,15.97,2.46,12,-0.13048551204111838,0.686062480376768
5537980,2018-03-03,12,1.4375,17.25,2.59,12,0.12822183400163875,0.6912696476355398
5537980,2018-03-04,12,1.49,17.88,2.61,12,0.8265984332987509,9.155758199134818e-4
5537980,2018-03-05,12,0.5275,6.33,1.19,12,-0.8621741318118021,3.093441764975956e-4
5537980,2018-03-06,12,0.685,8.22,1.34,12,-0.3335438705115737,0.28936825516733694
5537980,2018-03-07,12,1.2116666666666667,14.54,2.48,12,0.518454116263032,0.08418337612761864
5537980,2018-03-08,12,1.1683333333333332,14.02,2.4,12,-0.8538961972551539,4.080978376745285e-4
5537980,2018-03-09,12,1.535,18.42,2.7,12,0.551882508251606,0.06283612677179856
5537980,2018-03-10,12,1.4283333333333332,17.14,2.56,12,0.5002019633374462,0.09769743897606596
5537980,2018-03-12,12,0.8666666666666667,10.4,1.94,12,0.6044797500148171,0.03734418242553284
5537980,2018-03-13,12,1.0866666666666667,13.04,1.79,12,0.24932261753238658,0.43452467731130506
5537980,2018-03-14,12,1.6391666666666667,19.67,2.83,12,0.6531257134404719,0.021286147487291185
5537980,2018-03-15,12,1.7033333333333334,20.44,2.83,12,0.7945591865235371,0.0020178488102313504
5537980,2018-03-16,12,1.2916666666666667,15.5,2.31,12,-0.5224610365524447,0.08139648137056456
5537980,2018-03-17,12,0.9425,11.31,1.79,12,0.36039510078819925,0.24981260895231283
5537980,2018-03-18,12,1.6583333333333334,19.9,2.86,12,0.8192262264962417,0.001112725836582229
5537980,2018-03-19,12,1.4608333333333334,17.53,2.66,12,-0.09063752744858826,0.7793719410442441
5537980,2018-03-20,12,1.3,15.6,2.25,12,0.3598558638745306,0.2505739431946751
5537980,2018-03-21,12,1.7583333333333333,21.1,2.89,12,0.945978924833096,3.3079408535283952e-6
5537980,2018-03-22,12,1.7691666666666666,21.23,2.91,12,0.8289684759976718,8.583112015895729e-4
5537980,2018-03-23,12,1.5975000000000001,19.17,2.72,12,0.3921884080336596,0.2073308490288016
5537980,2018-03-24,12,0.25,3,0.56,12,-0.1597342822768152,0.6199736828535206
5537980,2018-03-25,12,1.6241666666666665,19.49,2.73,12,0.8572994346742716,3.6491416329448615e-4
5537980,2018-03-26,12,0.7425,8.91,1.43,12,0.9366251815813491,7.234364878852626e-6
5537980,2018-03-27,12,0.4141666666666667,4.97,0.87,12,-0.17643045704097401,0.5833384909097357
5537980,2018-03-28,12,1.0091666666666668,12.11,1.72,12,0.524273420341975,0.08015681273567865
5537980,2018-03-29,12,0.6,7.2,1.2,12,0.5341981179452149,0.07359602608106473
5537980,2018-03-30,12,1.5741666666666667,18.89,2.69,12,0.858493166605886,3.5064077440441905e-4
5537980,2018-03-31,13,0.9138461538461539,11.879999999999999,2.01,13,-0.2360440173541157,0.43752257952698803
5537980,2018-04-01,12,0.89,10.68,1.64,12,0.8587113955104588,3.480790715691335e-4
5537980,2018-04-02,13,1.2492307692307691,16.240000000000002,2.33,13,0.8771003124867944,8.231488932198044e-5
5537980,2018-04-03,13,0.2276923076923077,2.96,0.49,13,-0.2140953592074508,0.4824530777859767
5537980,2018-04-04,13,1.1830769230769231,15.379999999999999,1.95,13,-0.15939578405880914,0.6029607400947031
5537980,2018-04-05,13,0.8561538461538462,11.129999999999999,1.76,13,0.8474238124165884,2.548106693948689e-4
5537980,2018-04-06,14,0.8978571428571428,12.57,1.8,14,0.21449194938272786,0.4615069856287527
5537980,2018-04-07,14,1.842142857142857,25.79,3.3,14,0.5666605924573077,0.034612094264803425
5537980,2018-04-08,14,1.3728571428571428,19.22,2.51,14,0.23641351532043348,0.41579448997369717
5537980,2018-04-09,14,0.64,8.96,1.53,14,-0.6376099661187338,0.014164220431732388
5537980,2018-04-10,14,1.3864285714285713,19.41,2.41,14,0.7890769320210629,7.932475425099771e-4
5537980,2018-04-11,14,1.2871428571428571,18.02,2.89,14,0.9512153186345483,1.7512670796186645e-7
5537980,2018-04-12,14,1.3835714285714287,19.37,2.98,14,0.8609476316638625,7.682580347581592e-5
5537980,2018-04-13,14,0.5021428571428571,7.03,1.25,14,0.07130622741692631,0.8085976476841648
5537980,2018-04-14,14,0.41785714285714287,5.85,0.97,14,-0.8478848421798606,1.2781568735171985e-4
5537980,2018-04-15,14,0.3464285714285714,4.85,0.74,14,-0.42762941292146656,0.12720059883103343
5537980,2018-04-16,14,0.6857142857142857,9.6,1.45,14,-0.4272044326013222,0.1276201731203095
5537980,2018-04-17,14,1.3671428571428572,19.14,2.23,14,0.5817335622950702,0.029088640052565992
5537980,2018-04-18,14,0.305,4.2700000000000005,0.79,14,-0.5359376786242699,0.04822118227410469
5537980,2018-04-19,14,1.9314285714285715,27.04,3.39,14,-0.23451417807026442,0.419660253907997
5537980,2018-04-20,14,1.9228571428571428,26.919999999999998,3.36,14,0.7747008199462968,0.0011392189321593551
5537980,2018-04-21,14,0.8278571428571428,11.59,1.54,14,0.7897783129733202,7.788254653545372e-4
5537980,2018-04-22,14,1.5514285714285714,21.72,2.9,14,0.9582392294654337,6.997087550973546e-8
5537980,2018-04-23,14,1.3,18.2,2.37,14,0.9511156823156127,1.7724515009276026e-7
5537980,2018-04-24,14,1.6085714285714285,22.52,2.96,14,0.9808379370336734,6.858755944417003e-10
5537980,2018-04-25,14,1.907142857142857,26.7,3.4,14,0.9609708151459536,4.690575958122158e-8
5537980,2018-04-26,14,1.6907142857142856,23.669999999999998,3.17,14,0.9791136679383773,1.1459019916474562e-9
5537980,2018-04-27,14,1.637857142857143,22.93,3.43,14,0.8885951849676517,2.162279292813124e-5
5537980,2018-04-28,14,1.987142857142857,27.82,3.42,14,0.879994040702496,3.313765983754147e-5
5537980,2018-04-29,14,2.027857142857143,28.39,3.54,14,0.8925947577847413,1.7519798394448355e-5
5537980,2018-04-30,14,1.9757142857142858,27.66,3.29,14,0.9280430312473575,1.713963697356792e-6
5537980,2018-05-01,14,1.647857142857143,23.07,3.15,14,0.9724185222543058,5.989479255764762e-9
5537980,2018-05-02,14,1.3185714285714285,18.46,2.89,14,0.878770943793714,3.511970328511555e-5
5537980,2018-05-03,14,0.8971428571428571,12.56,2.21,14,-0.3741436925346036,0.18754244342982426
5537980,2018-05-04,14,1.7671428571428571,24.74,3.29,14,-0.14921129555580642,0.6106743570971276
5537980,2018-05-05,14,1.9914285714285715,27.88,3.41,14,0.6493000325477883,0.011977126741717855
5537980,2018-05-06,14,1.7014285714285715,23.82,3.29,14,0.8522228599733336,1.0851261267323106e-4
5537980,2018-05-07,14,2.0235714285714286,28.330000000000002,3.41,14,0.9274325405121402,1.8006582708921523e-6
5537980,2018-05-08,14,1.9228571428571428,26.92,3.3,14,0.9500553609828809,2.0113332615191792e-7
5537980,2018-05-09,14,1.2514285714285713,17.52,2.57,14,0.6320239074384206,0.015311156355437188
5537980,2018-05-10,14,1.7835714285714286,24.97,3.41,14,0.8670165502241532,5.959179672077299e-5
5537980,2018-05-11,14,0.8785714285714286,12.3,1.44,14,-0.15042065063177482,0.6077518654807731
5537980,2018-05-12,14,0.7535714285714286,10.55,1.61,14,0.17966101634803566,0.5388256267685265
5537980,2018-05-13,14,1.1035714285714286,15.45,2.19,14,0.7935044446042443,7.056866524210773e-4
5537980,2018-05-14,14,1.2128571428571429,16.98,2.9,14,-0.8756664468121169,4.058878710478595e-5
5537980,2018-05-15,15,1.022,15.33,2.28,15,-0.947626156850113,8.180524734946645e-8
5537980,2018-05-16,15,1.9166666666666667,28.75,3.41,15,0.5524315700032195,0.03271916853461475
5537980,2018-05-17,15,1.608,24.12,3.06,15,0.8856031760297557,1.1267661556335445e-5
5537980,2018-05-18,15,1.032,15.479999999999999,2.34,15,0.1952820369245621,0.4855080661075951
5537980,2018-05-19,15,0.9313333333333333,13.97,1.92,15,0.7486794675333328,0.0013209024703424708
5537980,2018-05-20,15,0.8593333333333333,12.89,2.15,15,0.17352585527190525,0.5362592799674617
5537980,2018-05-21,15,0.54,8.1,1.38,15,0.10151366663943064,0.7188587807896226
5537980,2018-05-22,15,1.1486666666666667,17.23,2.28,15,-0.4045503475803204,0.13473154710231858
5537980,2018-05-23,15,1.8693333333333333,28.04,3.32,15,0.06197979921033154,0.8263140283114181
5537980,2018-05-24,15,1.906,28.59,3.42,15,0.7529794698066126,0.0011942250093584937
5537980,2018-05-25,15,1.3940000000000001,20.91,3.14,15,0.8652208870980181,3.108137233130065e-5
5537980,2018-05-26,15,1.8586666666666667,27.880000000000003,3.33,15,0.9645913176658493,6.6930241659228465e-9
5537980,2018-05-27,15,1.9006666666666667,28.509999999999998,3.35,15,0.9249974962832656,7.989146329058555e-7
5537980,2018-05-28,15,1.8473333333333333,27.71,3.32,15,0.9509037168968899,5.4177067985956536e-8
5537980,2018-05-29,15,1.1326666666666667,16.99,2.23,15,0.9137635124810985,1.9252544860233115e-6
5537980,2018-05-30,15,0.9326666666666666,13.99,2.27,15,0.9378811056202461,2.421978027907344e-7
5537980,2018-05-31,15,1.7433333333333334,26.15,3.04,15,0.9084393264249185,2.8047400568826537e-6
5537980,2018-06-01,15,1.9306666666666668,28.96,3.3,15,0.9184336606837292,1.3561811311060944e-6
5537980,2018-06-02,15,1.2353333333333334,18.53,2.6,15,0.17923556108873764,0.5227171713011829
5537980,2018-06-03,15,2.0886666666666667,31.33,3.59,15,0.9765534895745246,4.725475496554099e-10
5537980,2018-06-04,15,2.0766666666666667,31.15,3.59,15,0.978375817405467,2.805100666762814e-10
5537980,2018-06-05,15,1.8246666666666667,27.37,3.37,15,0.9884930025335736,4.760306904243816e-12
5537980,2018-06-06,15,1.5506666666666666,23.26,3.19,15,0.8931001468066154,7.389401158499187e-6
5537980,2018-06-07,15,1.7386666666666666,26.08,3.37,15,0.9757065389068641,5.939270729807794e-10
5537980,2018-06-08,16,0.7525,12.04,1.9,16,0.7663477084775573,5.354433417129879e-4
5537980,2018-06-09,16,1.108125,17.73,2.61,16,0.9198444605090917,4.602458951313059e-7
5537980,2018-06-10,16,0.33,5.28,0.82,16,-0.0011265473596454413,0.9966962762361471
5537980,2018-06-11,16,0.605625,9.69,1.19,16,-0.210808762691013,0.4332147406176995
5537980,2018-06-12,16,0.781875,12.51,1.77,16,0.2803352706997227,0.2929574930738366
5537980,2018-06-13,16,1.841875,29.47,3.53,16,0.9599847282832193,3.9621261551358385e-9
5537980,2018-06-14,16,1.0175,16.28,2.32,16,0.9448875872505258,3.5772350476431254e-8
5537980,2018-06-15,16,1.4268750000000001,22.830000000000002,3.27,16,0.9545729298390447,9.490162821299806e-9
5537980,2018-06-16,16,1.654375,26.47,3.1,16,0.8048488336346702,1.6955217059617695e-4
5537980,2018-06-17,16,1.396875,22.35,2.95,16,0.8180463496217538,1.0781956022384457e-4
5537980,2018-06-18,16,1.71625,27.46,3.15,16,0.9663871972440774,1.1892950038035258e-9
5537980,2018-06-19,16,1.03875,16.62,2.73,16,0.967210163530295,1.0020332992348202e-9
5537980,2018-06-20,16,0.983125,15.73,2.04,16,0.9412869416752706,5.51751620397045e-8
5537980,2018-06-21,16,0.40375,6.46,1.03,16,-0.5210429711534861,0.038491155611479234
5537980,2018-06-22,16,0.424375,6.79,1.12,16,-0.19541863297542514,0.46826452037999244
5537980,2018-06-23,16,1.22875,19.66,2.87,16,-0.061981765523565276,0.8196198069388887
5537980,2018-06-24,16,1.731875,27.71,3.33,16,0.17670223961212883,0.5126888489115387
5537980,2018-06-25,16,1.589375,25.43,2.96,16,0.9534991577950684,1.1144206363126133e-8
5537980,2018-06-26,16,1.013125,16.21,2.43,16,0.7359604778243304,0.0011533763608702538
5537980,2018-06-27,16,1.4275,22.84,2.58,16,0.9426184026126415,4.715885455110218e-8
5537980,2018-06-28,16,1.659375,26.55,3.3,16,0.6839952944115418,0.003477198756984236
5537980,2018-06-29,16,1.75375,28.06,3.33,16,0.4497595525921469,0.08047729359340068
5537980,2018-06-30,16,1.73875,27.82,3.27,16,0.9742206230215477,1.8954033736060908e-10
5537980,2018-07-01,16,1.3656249999999999,21.849999999999998,3.18,16,0.9873953156192552,1.3111576821941171e-12
5537980,2018-07-02,16,1.891875,30.27,3.49,16,0.9649296036263345,1.5946165727471295e-9
5537980,2018-07-03,16,1.641875,26.27,3.18,16,0.8809726505594074,6.5890972601026925e-6
5537980,2018-07-04,16,1.3118750000000001,20.990000000000002,2.39,16,0.9807536474182927,2.4931571879009194e-11
5537980,2018-07-05,16,1.231875,19.71,2.86,16,0.9205195166823215,4.3458391984487454e-7
5537980,2018-07-06,16,1.911875,30.59,3.49,16,0.8685123047601624,1.2780277492405225e-5
5537980,2018-07-07,16,1.971875,31.55,3.59,16,0.862682680860494,1.7037214005917665e-5
5537980,2018-07-08,16,1.8575,29.72,3.55,16,0.7587208798173305,6.557858715625825e-4
5537980,2018-07-09,16,1.79125,28.66,3.34,16,0.9527648806429425,1.2411531605604323e-8
5537980,2018-07-10,16,1.6256249999999999,26.009999999999998,3.14,16,0.8984097045795343,2.28066248599596e-6
5537980,2018-07-11,16,1.719375,27.51,3.23,16,0.9681094146573792,8.267677093300799e-10
5537980,2018-07-12,16,1.4825,23.72,2.92,16,0.9289045926193836,2.0370318211254432e-7
5537980,2018-07-13,16,1.739375,27.83,3.35,16,0.9711791059446158,4.104317767785613e-10
5537980,2018-07-14,15,0.9206666666666667,13.81,2.39,15,-0.9142124057892532,1.8631012692624517e-6
5537980,2018-07-15,16,1.549375,24.79,2.82,16,0.9935446777332027,1.2313854279609072e-14
5537980,2018-07-16,16,1.539375,24.63,2.83,16,0.9705225729067845,4.796876219195391e-10
5537980,2018-07-17,14,1.9014285714285715,26.62,3.01,14,-0.06067517565050224,0.8367537647038709
5537980,2018-07-18,14,1.987142857142857,27.82,3.28,14,0.9408753310980429,5.425420391704753e-7
5537980,2018-07-19,14,1.362857142857143,19.080000000000002,2.95,14,0.8762684210520719,3.9477353694429784e-5
5537980,2018-07-20,14,0.8357142857142857,11.700000000000001,1.62,14,0.863166838710115,7.010799397678747e-5
5537980,2018-07-21,14,1.1764285714285714,16.47,2.27,14,-0.8123300034098874,4.154206806588779e-4
5537980,2018-07-22,14,0.9214285714285715,12.9,1.57,14,0.7845033081372009,8.926225713980335e-4
5537980,2018-07-23,14,1.7671428571428571,24.740000000000002,3.03,14,0.4094721524975576,0.14596685054077418
5537980,2018-07-24,14,1.9042857142857141,26.66,3.19,14,0.9397889400693772,6.03731009797229e-7
5537980,2018-07-25,14,2.0064285714285717,28.09,3.35,14,0.9699356659699967,9.992090591248944e-9
5537980,2018-07-26,14,1.752857142857143,24.54,3.1,14,0.9394586681108096,6.234230732403233e-7
5537980,2018-07-27,14,1.6814285714285715,23.54,3.02,14,0.9257200418171607,2.063330729124414e-6
5537980,2018-07-28,14,1.5657142857142856,21.919999999999998,2.64,14,0.8068147062950233,4.880010132441368e-4
5537980,2018-07-29,14,1.3314285714285714,18.64,2.18,14,0.966881713033944,1.7736840723167002e-8
5537980,2018-07-30,14,1.5907142857142857,22.27,2.91,14,0.9389849429527782,6.525917283498699e-7
5537980,2018-07-31,14,0.8828571428571429,12.36,1.8,14,0.7518493181294019,0.0019272141484229532
5537980,2018-08-01,14,1.7121428571428572,23.97,3.18,14,0.971782136424159,6.858511371427393e-9
5537980,2018-08-02,14,1.5314285714285714,21.44,2.56,14,0.9875776588249842,5.165636109201442e-11
5537980,2018-08-03,14,1.7807142857142857,24.93,3.19,14,0.9214472556707735,2.8589607676984237e-6
5537980,2018-08-04,14,1.747142857142857,24.46,3.15,14,0.9316239111852138,1.2717933709733962e-6
5537980,2018-08-05,14,1.4864285714285714,20.81,3.01,14,0.6159622611543557,0.01900515518121367
5537980,2018-08-06,14,0.8200000000000001,11.48,1.92,14,0.9596172872272356,5.738292425946473e-8
5537980,2018-08-07,14,0.9107142857142857,12.75,1.79,14,0.7658621384364598,0.0014055631485664242
5537980,2018-08-08,14,1.4657142857142857,20.52,2.93,14,-0.4949135565507148,0.07197821199833823
5537980,2018-08-09,14,1.6835714285714285,23.57,2.84,14,0.9403028919079688,5.741103885279607e-7
5537980,2018-08-10,14,1.5335714285714286,21.470000000000002,2.72,14,0.8055131199833768,5.065336555291848e-4
5537980,2018-08-11,14,1.7242857142857142,24.14,3.12,14,0.9101738014749962,6.23461404468835e-6
5537980,2018-08-12,14,1.5907142857142857,22.27,2.83,14,0.8460726090343628,1.3666310380445315e-4
5537980,2018-08-13,14,1.5978571428571429,22.37,2.96,14,0.8705590010701633,5.108654338698894e-5
5537980,2018-08-14,14,1.4042857142857144,19.66,2.63,14,0.7961759255205274,6.567222577371969e-4
5537980,2018-08-15,14,0.9435714285714286,13.21,1.98,14,0.9557872649101413,9.800982231754108e-8
5537980,2018-08-16,14,1.2664285714285715,17.73,2.23,14,0.888977876835347,2.1199103627017457e-5
5537980,2018-08-17,14,1.275,17.85,2.67,14,-0.08447885428156594,0.7740100323617922
5537980,2018-08-18,14,1.3314285714285714,18.64,2.5,14,0.7517180445939342,0.0019327377780631988
5537980,2018-08-19,14,1.5021428571428572,21.03,2.91,14,0.9366566875883722,8.128365902986421e-7
5537980,2018-08-20,14,0.6978571428571428,9.77,1.51,14,-0.16302389894257996,0.5776252135918514
5537980,2018-08-21,14,0.7385714285714285,10.34,1.48,14,-0.04434063222498583,0.8803609177350292
5537980,2018-08-22,14,1.6542857142857144,23.16,3.01,14,0.2913135590044024,0.3122508836716971
5537980,2018-08-23,14,1.7442857142857142,24.419999999999998,3.16,14,0.5807537188490609,0.029426278431760686
5537980,2018-08-24,14,0.5164285714285715,7.23,1.5,14,-0.29916522677493984,0.2987795489827707
5537980,2018-08-25,14,1.0928571428571427,15.299999999999999,2.09,14,0.8898235443197325,2.0286897275212808e-5
5537980,2018-08-26,14,1.3964285714285714,19.55,2.55,14,0.9828432077791485,3.548851979859172e-10
5537980,2018-08-27,14,1.3492857142857142,18.89,2.62,14,0.9820736209865153,4.6100497801228656e-10
5537980,2018-08-28,14,0.83,11.62,2.09,14,0.9635076368113941,3.151356528125573e-8
5537980,2018-08-29,14,0.8185714285714285,11.459999999999999,1.7,14,0.11656506275493679,0.6914850869494045
5537980,2018-08-30,14,1.5142857142857142,21.2,2.94,14,0.3671328771070811,0.19660770883693107
5537980,2018-08-31,14,1.2064285714285714,16.89,2.34,14,0.2945096038596641,0.30672606053463686
5537980,2018-09-01,14,0.7585714285714286,10.62,2.17,14,0.45145792388535183,0.10514393356828752
5537980,2018-09-02,14,1.3607142857142858,19.05,2.59,14,0.9447850812897357,3.629790445655598e-7
5537980,2018-09-03,13,1.0438461538461539,13.57,2.13,13,0.6342156400192932,0.019909788949384798
5537980,2018-09-04,13,1.5753846153846154,20.48,2.65,13,0.9630379970849159,1.314998556147621e-7
5537980,2018-09-05,13,1.4415384615384614,18.74,2.69,13,0.7508661110624802,0.0030969047506721778
5537980,2018-09-06,13,0.53,6.89,0.82,13,-0.3520716525733234,0.23809557423970568
5537980,2018-09-07,13,0.43153846153846154,5.61,0.78,13,0.8614203072036308,1.5439961151554672e-4
5537980,2018-09-08,13,0.7115384615384616,9.25,1.41,13,-0.646541163656408,0.01694290085152535
5537980,2018-09-09,13,1.456923076923077,18.94,2.54,13,0.8025856268025552,9.59143725884951e-4
5537980,2018-09-10,13,1.5038461538461538,19.55,2.52,13,0.3908395308469546,0.18667754377348247
5537980,2018-09-11,13,1.6753846153846155,21.78,2.93,13,0.5481752978872154,0.05242824771464706
5537980,2018-09-12,13,1.6792307692307693,21.830000000000002,2.93,13,0.7195474887667075,0.005558693797853168
5537980,2018-09-13,13,1.633076923076923,21.23,2.9,13,0.6968244999726406,0.008127011994156566
5537980,2018-09-14,13,1.5815384615384616,20.56,2.81,13,0.8182495307823558,6.286098949852477e-4
5537980,2018-09-15,13,1.6084615384615384,20.91,2.84,13,0.907322601901368,1.850869035238194e-5
5537980,2018-09-16,13,1.4592307692307693,18.97,2.55,13,0.791651639075133,0.001261376002436175
5537980,2018-09-17,13,1.4561538461538461,18.93,2.59,13,0.9369837750049201,2.3512107383654357e-6
5537980,2018-09-18,12,1.0716666666666668,12.86,2.14,12,0.9842064539651444,7.536723031114307e-9
5537980,2018-09-19,12,1.1266666666666667,13.52,2.1,12,0.8622435539831825,3.0860355255254e-4
5537980,2018-09-20,12,1.3541666666666667,16.25,2.39,12,0.9071593656739496,4.640103389583959e-5
5537980,2018-09-21,12,1.2408333333333332,14.889999999999999,2.28,12,0.9287677565032251,1.2804521827779942e-5
5537980,2018-09-22,12,1.7275,20.73,2.86,12,0.5049852136179697,0.0940242786392532
5537980,2018-09-23,12,1.7191666666666667,20.63,2.83,12,0.9194021927947368,2.3367717324772652e-5
5537980,2018-09-24,12,0.8041666666666667,9.65,1.4,12,0.7014215425912415,0.01102249846506333
5537980,2018-09-25,12,1.1333333333333333,13.6,2,12,0.3988374916126146,0.19904481485060876
5537980,2018-09-26,12,1.4366666666666668,17.24,2.51,12,-0.3024696525853738,0.33928440571194673
5537980,2018-09-27,12,1.525,18.3,2.65,12,-0.2803585946244522,0.3774355813242516
5537980,2018-09-28,12,0.6558333333333334,7.87,1.32,12,0.6606478500873622,0.01935233599162994
5537980,2018-09-29,12,0.5508333333333333,6.609999999999999,1.01,12,-0.875336842467792,1.916479067361442e-4
5537980,2018-09-30,12,0.7158333333333333,8.59,1.39,12,0.8410424043850347,6.081214194982665e-4
5537980,2018-10-01,12,0.8724999999999999,10.47,1.9,12,0.8599195512305934,3.341592380303516e-4
5537980,2018-10-02,12,0.6175,7.41,1.12,12,-0.5935381135399637,0.04189604287797027
5537980,2018-10-03,12,1.2208333333333334,14.65,2.19,12,0.049398260603293324,0.8788286257358008
5537980,2018-10-04,12,1.3291666666666666,15.950000000000001,2.31,12,-0.55209121688689,0.0627160784267877
5537980,2018-10-05,12,0.33666666666666667,4.04,0.72,12,0.05022197848167,0.8768215507332137
5537980,2018-10-06,12,0.43,5.16,0.76,12,0.4332377725207258,0.15945767065972075
5537980,2018-10-07,11,0.34,3.74,0.72,11,0.4782218089575512,0.1367817778267049
5537980,2018-10-08,12,1.1633333333333333,13.959999999999999,2.3,12,0.7724203204304133,0.0032335254098617336
5537980,2018-10-09,11,1.199090909090909,13.19,2.12,11,-0.08230107403026919,0.809892395040446
5537980,2018-10-10,11,0.43272727272727274,4.76,0.74,11,0.7918449636654845,0.003676554431211951
5537980,2018-10-11,11,1.491818181818182,16.41,2.43,11,-0.0197251307975241,0.9540966042061063
5537980,2018-10-12,11,0.36272727272727273,3.99,0.7,11,-0.8487145495568741,9.542788794456574e-4
5537980,2018-10-13,11,1.2418181818181817,13.66,2.05,11,0.13149080902212232,0.6999575290989976
5537980,2018-10-14,11,0.6209090909090909,6.83,1.13,11,0.39621152903089807,0.22769001056958768
5537980,2018-10-15,11,1.3809090909090909,15.19,2.4,11,0.4665848546215214,0.14797672216892785
5537980,2018-10-16,11,1.481818181818182,16.3,2.44,11,-0.13002640097147178,0.7031672698709015
5537980,2018-10-17,11,1.4836363636363636,16.32,2.46,11,0.4519818740854803,0.1628141236569607
5537980,2018-10-18,11,1.4454545454545453,15.9,2.4,11,0.7727615482158334,0.005296175347777735
5537980,2018-10-19,11,0.3472727272727273,3.82,0.61,11,0.04045525021173371,0.9059913263906051
5537980,2018-10-20,11,1.0563636363636364,11.620000000000001,1.96,11,0.763893949228284,0.0062050576717307855
5537980,2018-10-21,11,1.4054545454545455,15.459999999999999,2.36,11,0.23937308928864173,0.4783767135158786
5537980,2018-10-22,11,1.2545454545454546,13.8,2.17,11,-0.17604592730421678,0.6046074839852418
5537980,2018-10-23,11,1.2954545454545454,14.25,2.32,11,0.8257745052936275,0.0017394389002181139
5537980,2018-10-24,11,1.1290909090909091,12.42,2.01,11,0.06712799089584683,0.8445308412793155
5537980,2018-10-25,11,0.6118181818181818,6.7299999999999995,1.2,11,-0.4176445324342075,0.20120915441440543
5537980,2018-10-26,11,0.5372727272727272,5.91,0.94,11,-0.5537418911037169,0.0771704692679093
5537980,2018-10-28,11,0.31636363636363635,3.48,0.55,11,0.08219398445918567,0.8101358685998148
5537980,2018-10-29,11,1.200909090909091,13.209999999999999,2.12,11,0.6220757692871728,0.040987625722472824
5537980,2018-10-30,11,0.5972727272727273,6.57,1.03,11,0.7678576197936091,0.005785712513466586
5537980,2018-10-31,11,0.8954545454545455,9.85,1.83,11,-0.18218545422934274,0.5918552243288706
5537980,2018-11-01,11,0.4590909090909091,5.05,0.98,11,-0.6857660493356444,0.019830548864448006
5537980,2018-11-02,11,0.8327272727272728,9.16,1.6,11,0.35879808730244467,0.2785430243042282
5537980,2018-11-03,11,0.41727272727272724,4.59,0.83,11,-0.15811219771777424,0.6424187287044463
5537980,2018-11-05,11,0.62,6.82,1.26,11,0.24672626451824262,0.4645430409236838
5537980,2018-11-06,11,0.44272727272727275,4.87,0.83,11,-0.9643566676041,1.6943526945947583e-6
5537980,2018-11-07,11,0.49636363636363634,5.46,1,11,0.5865650691004242,0.0578560547528528
5537980,2018-11-08,10,0.661,6.61,1.15,10,-0.5148657127365167,0.12780087522086328
5537980,2018-11-09,10,0.583,5.83,1.05,10,0.10631166904957737,0.7700538444110983
5537980,2018-11-10,10,1.102,11.02,1.89,10,-0.41936500956359807,0.227661469549069
5537980,2018-11-11,10,0.9400000000000001,9.4,1.61,10,0.21805165437825705,0.5450514634072088
5537980,2018-11-12,10,0.454,4.54,0.85,10,-0.005082555066803935,0.9888821979934646
5537980,2018-11-13,10,1.187,11.87,1.97,10,0.20480036777333366,0.5703216188651258
5537980,2018-11-14,10,1.1400000000000001,11.4,1.91,10,-0.4767224607298246,0.16359968678199793
5537980,2018-11-15,10,0.31,3.1,0.55,10,-0.4404504009738592,0.20267621668825897
5537980,2018-11-16,10,0.33899999999999997,3.3899999999999997,0.69,10,-0.09432895491695364,0.795481673858976
5537980,2018-11-17,10,0.323,3.23,0.63,10,-0.5628078858665666,0.09030089172101928
5537980,2018-11-18,10,0.421,4.21,0.68,10,0.16061374112973964,0.6575815219464544
5537980,2018-11-19,10,0.627,6.2700000000000005,1.29,10,-0.21996846264099137,0.5414333298913978
5537980,2018-11-20,10,0.898,8.98,1.49,10,-0.8981009567854413,4.1642725498895896e-4
5537980,2018-11-21,10,0.578,5.78,1.2,10,-0.6334103808879401,0.04928575818671605
5537980,2018-11-22,10,0.864,8.64,1.47,10,-0.10232406876560074,0.7784950026213633
5537980,2018-11-23,10,0.587,5.87,1.09,10,0.6912963271617367,0.026823498898611
5537980,2018-11-24,10,0.513,5.13,1,10,-0.3636003620221801,0.301698544801958
5537980,2018-11-25,9,0.14,1.26,0.29,9,-0.5079748113596688,0.1626617053562404
5537980,2018-11-26,10,0.255,2.5500000000000003,0.55,10,-0.1600543505444446,0.6587132235253521
5537980,2018-11-27,10,0.507,5.07,0.85,10,-0.7113349744456885,0.02106837305918812
5537980,2018-11-28,10,0.533,5.33,0.95,10,-0.6174020482533721,0.057191330746808176
5537980,2018-11-29,9,0.5066666666666667,4.5600000000000005,0.8,9,0.25583878343359984,0.5064068641413375
5537980,2018-11-30,9,0.6677777777777778,6.01,1.04,9,0.5207067908423944,0.15063031780041686
5537980,2018-12-01,9,0.2388888888888889,2.15,0.43,9,-0.8345046813220496,0.005143519887903033
5537980,2018-12-02,9,0.27666666666666667,2.49,0.5,9,-0.14195315046761178,0.7156275476031418
5537980,2018-12-03,9,0.4766666666666667,4.29,0.81,9,-0.7437136919255758,0.0216074819202042
5537980,2018-12-04,9,0.41,3.69,0.71,9,0.4527815167605486,0.22101035299701513
5537980,2018-12-05,9,0.6811111111111111,6.13,1.13,9,-0.6794130617171608,0.044119980473303275
5537980,2018-12-06,9,0.78,7.02,1.48,9,0.3341277743947055,0.37950845995912785
5537980,2018-12-07,9,0.9233333333333333,8.31,1.5,9,-0.8464248044609618,0.004008395607030625
5537980,2018-12-08,9,0.5588888888888889,5.03,0.88,9,-0.20911556981953267,0.5892135239442204
5537980,2018-12-09,9,1.05,9.45,1.67,9,-0.6586004032777169,0.053739475033515845
5537980,2018-12-10,9,0.8388888888888889,7.55,1.33,9,-0.8632162031965087,0.002719223850548279
5537980,2018-12-11,9,0.9166666666666666,8.25,1.51,9,-0.08872063052318979,0.8204411779700262
5537980,2018-12-12,9,0.7522222222222222,6.7700000000000005,1.36,9,-0.6707922428057377,0.04795763864792542
5537980,2018-12-13,9,0.5255555555555556,4.7299999999999995,0.91,9,-0.7812190065700936,0.012923898273644324
5537980,2018-12-14,9,0.4077777777777778,3.67,0.63,9,-0.2659951286507424,0.4890604766004607
5537980,2018-12-15,9,1.0044444444444445,9.040000000000001,1.61,9,0.7769653929771435,0.013763024000646346
5537980,2018-12-16,9,0.888888888888889,8,1.37,9,0.29298774044089176,0.44419492528458426
5537980,2018-12-17,9,0.9611111111111111,8.65,1.56,9,-0.08418276359727181,0.829513842797636
5537980,2018-12-18,9,0.9355555555555556,8.42,1.51,9,0.37696436292630886,0.3172780232948129
5537980,2018-12-19,10,0.732,7.319999999999999,1.41,10,-0.153794877295685,0.671418857543473
5537980,2018-12-20,10,0.229,2.29,0.46,10,-0.19926982308811692,0.5809977994421173
5537980,2018-12-21,9,0.23333333333333334,2.1,0.36,9,-0.7445080908902775,0.021392137383663128
5537980,2018-12-22,10,0.485,4.85,1.01,10,-0.44708077378871586,0.1951643215528455
5537980,2018-12-23,10,0.697,6.97,1.39,10,-0.826950641208709,0.0031659295519740303
5537980,2018-12-24,10,0.821,8.21,1.5,10,-0.43626765634230746,0.20749999737891286
5537980,2018-12-25,10,0.67,6.7,1.23,10,0.3759501925300908,0.2843190836122669
5537980,2018-12-26,10,0.605,6.05,1.22,10,-0.10415574912071728,0.7746149634914463
5537980,2018-12-27,10,0.168,1.68,0.3,10,-0.28740960476629673,0.4207021451238846
5537980,2018-12-28,10,0.303,3.03,0.63,10,-0.4915160105083999,0.1490758349075434
5537980,2018-12-29,10,0.222,2.22,0.4,10,-0.3559666744109479,0.31271569753276307
5537980,2018-12-30,10,0.886,8.86,1.6,10,0.5050596702058605,0.13649115279905255
5537980,2018-12-31,10,0.211,2.11,0.55,10,-0.8993801954063145,3.965380474299878e-4
5537980,2019-01-01,10,0.212,2.12,0.41,10,-0.9601484125781339,1.051571281128023e-5
5537980,2019-01-02,10,0.23500000000000001,2.35,0.54,10,0.6567047592487539,0.03913723402173813
5537980,2019-01-03,10,0.918,9.18,1.62,10,-0.8180582774268512,0.003824692016198388
5537980,2019-01-04,10,0.901,9.01,1.58,10,0.1698849065780881,0.6389176909418128
5537980,2019-01-05,10,0.892,8.92,1.62,10,0.5431895010690636,0.10465898689842358
5537980,2019-01-06,10,0.482,4.82,0.83,10,0.330216403239981,0.35139897172871376
5537980,2019-01-07,10,0.211,2.11,0.48,10,-0.42081047968401847,0.22589547426271364
5537980,2019-01-08,10,0.775,7.75,1.54,10,-0.6219756029695588,0.0548529271838569
5537980,2019-01-09,10,0.5559999999999999,5.56,0.87,10,-0.9022890776720545,3.5391286122888775e-4
5537980,2019-01-10,10,0.834,8.34,1.45,10,-0.9700191578100689,3.409120208174071e-6
5537980,2019-01-11,10,0.516,5.16,1,10,-0.6307988141308593,0.05052246937289883
5537980,2019-01-12,10,0.22999999999999998,2.3,0.49,10,-0.16668260191193143,0.6453442760602675
5537980,2019-01-13,10,0.509,5.09,1.08,10,0.37276951004506087,0.2887423505125216
5537980,2019-01-14,10,0.325,3.25,0.66,10,0.345439231122215,0.32824939276004006
5537980,2019-01-15,10,0.214,2.14,0.34,10,-0.6171436027985141,0.05732540171423991
5537980,2019-01-16,10,0.506,5.06,1,10,-0.3009692224818354,0.3980952994807859
5537980,2019-01-17,10,0.392,3.92,0.77,10,-0.09262140731731781,0.7991198729355438
5537980,2019-01-18,10,0.32,3.2,0.55,10,0.027727971177599738,0.9393916755056086
5537980,2019-01-19,10,0.434,4.34,0.75,10,0.17918017014915866,0.6203867980673337
5537980,2019-01-20,10,0.984,9.84,1.81,10,-0.05466780235533808,0.8807709323735855
5537980,2019-01-21,10,0.6799999999999999,6.8,1.2,10,0.23565764779402307,0.5121857093829012
5537980,2019-01-22,10,0.248,2.48,0.46,10,-0.9367003357394473,6.504392315586712e-5
5537980,2019-01-23,10,0.366,3.6599999999999997,0.59,10,-0.8722882357895588,9.94814081006264e-4
5537980,2019-01-24,10,0.372,3.72,0.71,10,-0.7316807822068143,0.016160401346567828
5537980,2019-01-25,10,0.6709999999999999,6.71,1.13,10,0.3170588856163541,0.3720507030616508
5537980,2019-01-26,10,0.647,6.47,1.03,10,-0.7188123068805957,0.019159484728449222
5537980,2019-01-27,10,0.742,7.42,1.29,10,0.24755107152987488,0.4904647072631404
5537980,2019-01-28,10,0.309,3.09,0.58,10,-0.7541258205815052,0.011738014176344121
5537980,2019-01-29,10,0.8150000000000001,8.15,1.47,10,0.2121843743003558,0.5561854369711139
5537980,2019-01-30,10,1.079,10.79,1.71,10,0.35843631600675085,0.30912863258664175
5537980,2019-01-31,10,0.873,8.73,1.71,10,-0.03512232786088685,0.9232646135817267
5537980,2019-02-01,10,0.836,8.36,1.51,10,0.4907433662790827,0.1498142409532276
5537980,2019-02-02,10,0.503,5.03,0.94,10,-0.2709745935950476,0.4488835691835482
5537980,2019-02-03,10,0.504,5.04,0.91,10,-0.4840867297705838,0.1562677887207002
5537980,2019-02-04,10,0.17400000000000002,1.74,0.29,10,0.5172740091882752,0.12572039280217256
5537980,2019-02-05,10,0.621,6.21,1.07,10,-0.8699435477248505,0.0010667526818207683
5537980,2019-02-06,10,0.614,6.14,1.27,10,0.6396378016917834,0.04641852784710002
5537980,2019-02-07,10,0.28,2.8,0.43,10,-0.958249592592092,1.2638470168310482e-5
5537980,2019-02-08,10,1.131,11.31,1.96,10,-0.47391604769751244,0.16644705247354133
5537980,2019-02-09,10,1.3599999999999999,13.6,2.15,10,-0.35511450795365584,0.3139584846587665
5537980,2019-02-10,10,0.323,3.23,0.58,10,-0.8187488350557561,0.003770299150682763
5537980,2019-02-11,10,0.34700000000000003,3.47,0.62,10,-0.8473047796211617,0.00196969500280786
5537980,2019-02-12,10,0.507,5.07,0.83,10,0.8083681516166187,0.004648578721586684
5537980,2019-02-13,11,1.2136363636363636,13.35,2.15,11,-0.8770702076864472,3.9140303924910144e-4
5537980,2019-02-14,11,0.9636363636363636,10.6,1.75,11,-0.37837415303240374,0.2512037274736142
5537980,2019-02-15,11,1.2081818181818182,13.29,2.34,11,-0.5303363491758072,0.09330216660573537
5537980,2019-02-16,11,0.6909090909090909,7.6,1.3,11,-0.5129157635407681,0.1066495080327797
5537980,2019-02-17,11,0.2109090909090909,2.32,0.46,11,-0.6439089683009118,0.03251178611950672
5537980,2019-02-18,11,0.8554545454545455,9.41,1.65,11,0.03681148790876792,0.9144305018793614
5537980,2019-02-19,11,1.0572727272727271,11.629999999999999,2.01,11,-0.6501723249302319,0.030327281525215473
5537980,2019-02-20,11,0.45181818181818184,4.97,0.86,11,-0.8436428455521009,0.001098432270455655
5537980,2019-02-21,11,1.2518181818181817,13.77,2.36,11,-0.7952447981661862,0.0034319906404206043
5537980,2019-02-22,11,1.2145454545454546,13.36,2.09,11,0.007498767673330619,0.9825424435178995
5537980,2019-02-23,11,0.3754545454545455,4.13,0.95,11,0.34607328007722915,0.2971666744172962
5537980,2019-02-24,11,1.0654545454545454,11.72,2.23,11,-0.9247504054814683,4.615525231440747e-5
5537980,2019-02-25,12,1.1225,13.47,2.18,12,0.021731027836613015,0.9465549572444535
5537980,2019-02-26,12,0.6066666666666667,7.28,1.1,12,-0.2584571907135724,0.4173047799390047
5537980,2019-02-27,12,0.5758333333333333,6.91,1.3,12,-0.4072220853666949,0.1888902151691176
5537980,2019-02-28,12,0.8025,9.63,1.36,12,-0.8906784834671313,1.0208478156218847e-4
5537980,2019-03-01,12,0.9008333333333334,10.81,1.69,12,0.13064252667257864,0.6857017590828296
5537980,2019-03-02,12,0.7483333333333333,8.98,1.47,12,-0.8213519481515115,0.0010528172710262042
5537980,2019-03-03,12,0.8624999999999999,10.35,2.03,12,-0.8544205770741681,4.011976334761169e-4
5537980,2019-03-04,12,1.3608333333333333,16.33,2.42,12,0.38214054349009025,0.22024491241910168
5537980,2019-03-05,12,1.215,14.58,2.39,12,0.2835919202749074,0.3717230913300791
5537980,2019-03-06,12,1.3483333333333334,16.18,2.44,12,-0.0807297761428335,0.8030453681891555
5537980,2019-03-07,12,0.6591666666666667,7.91,1.45,12,-0.38676048255396306,0.21424840162514006
5537980,2019-03-08,12,0.865,10.38,1.79,12,-0.5461592924981087,0.06619046041729094
5537980,2019-03-09,12,0.3375,4.05,0.61,12,0.11474596025156915,0.722516358387082
5537980,2019-03-11,12,1.3925,16.71,2.68,12,-0.25611618199721314,0.4216852955227729
5537980,2019-03-12,12,1.2775,15.33,2.48,12,0.6819162775374614,0.014579289560544032
5537980,2019-03-13,12,0.4766666666666667,5.72,0.94,12,0.0014207784230103545,0.996503562510229
5537980,2019-03-14,12,1.0808333333333333,12.97,2.24,12,0.7665272382232746,0.0036351274715390983
5537980,2019-03-15,12,0.43,5.16,0.83,12,-0.0036884301131407805,0.9909231686672846
5537980,2019-03-16,12,1.6216666666666666,19.46,2.89,12,0.25916659601381986,0.41598180357234293
5537980,2019-03-17,12,1.605,19.259999999999998,2.84,12,0.782553150629968,0.0026228824397090413
5537980,2019-03-18,12,1.2866666666666666,15.44,2.4,12,0.506697247689947,0.09273247543460945
5537980,2019-03-19,12,1.5591666666666666,18.71,2.75,12,-0.8705625054293715,2.2934203779142927e-4
5537980,2019-03-20,12,0.3775,4.53,0.83,12,-0.9525747983643119,1.7444383390826338e-6
5537980,2019-03-21,12,0.6591666666666667,7.91,1.14,12,-0.43675242232427913,0.15572005999693225
5537980,2019-03-22,12,1.765,21.18,2.91,12,-0.3481898059197836,0.267377227423277
5537980,2019-03-23,12,1.8225,21.87,2.98,12,0.12702575216671833,0.6940259919151737
5537980,2019-03-24,12,0.35,4.2,0.68,12,-0.7975837825054856,0.0018838786192976555
5537980,2019-03-25,12,1.8025,21.63,2.98,12,0.49624056990357346,0.10081133681043913
5537980,2019-03-26,12,1.9091666666666667,22.91,3.06,12,0.329945701805142,0.29492262773258704
5537980,2019-03-27,12,1.5691666666666666,18.83,2.65,12,0.3443856490361038,0.2729936098189293
5537980,2019-03-28,12,0.9791666666666667,11.75,1.87,12,0.9144478555786623,3.122136713062194e-5
5537980,2019-03-29,12,1.1624999999999999,13.95,2.51,12,0.7930899291816822,0.0020854997519510307
5537980,2019-03-30,12,0.5733333333333334,6.88,1.21,12,0.5245757536628185,0.07995127669995973
5537980,2019-03-31,13,1.746923076923077,22.71,2.99,13,-0.6796766289423064,0.010599096381733095
5537980,2019-04-01,12,1.5891666666666666,19.07,2.93,12,0.5968910468353079,0.04046152105324141
5537980,2019-04-02,13,0.8876923076923077,11.54,2.09,13,0.2935321235993306,0.33036555165048054
5537980,2019-04-03,13,1.4415384615384614,18.74,2.79,13,0.6309513238438754,0.02075650094280667
5537980,2019-04-04,13,0.5269230769230769,6.85,0.98,13,0.810149850835349,7.858067019799949e-4
5537980,2019-04-05,13,0.5692307692307692,7.3999999999999995,1.16,13,0.6053067856860587,0.028369131741360888
5537980,2019-04-06,14,1.1721428571428572,16.41,2.2,14,0.9634843683163913,3.1632720738419004e-8
5537980,2019-04-07,14,0.6528571428571429,9.14,1.32,14,0.7380704577400774,0.002579395885888118
5537980,2019-04-08,14,1.6192857142857142,22.669999999999998,3,14,0.9793862339287038,1.0596786992724903e-9
5537980,2019-04-09,14,1.7564285714285715,24.59,3.23,14,0.9735541061454723,4.665535641649817e-9
5537980,2019-04-10,14,0.475,6.6499999999999995,1.14,14,-0.6334644931502328,0.0150088347713183
5537980,2019-04-11,14,0.8935714285714286,12.51,1.96,14,0.8063484205632098,4.945764434433048e-4
5537980,2019-04-12,14,1.4735714285714285,20.63,3.13,14,-0.38244292506865496,0.17716304850690393
5537980,2019-04-13,14,1.802142857142857,25.23,3.26,14,0.8684270226718517,5.607704644787494e-5
5537980,2019-04-14,14,0.27214285714285713,3.81,0.64,14,-0.8078199352108268,4.7406460001115356e-4
5537980,2019-04-15,14,1.6107142857142858,22.55,3.28,14,0.8895026220822725,2.0629209035502837e-5
5537980,2019-04-16,14,1.6307142857142858,22.83,3.13,14,0.9638988690963204,2.956513040659067e-8
5537980,2019-04-17,14,1.0864285714285713,15.209999999999999,2.9,14,0.3046282273545455,0.2896088088448995
5537980,2019-04-18,14,0.3685714285714286,5.16,0.8,14,0.7551090232300337,0.0017940200371582742
5537980,2019-04-19,14,1.7414285714285715,24.38,3.14,14,-0.3902768427414478,0.1677131710931505
5537980,2019-04-20,14,1.9864285714285714,27.81,3.45,14,0.8976094993104183,1.3298432705558271e-5
5537980,2019-04-21,14,1.8164285714285715,25.43,3.26,14,0.8354177861961074,1.9928850976021784e-4
5537980,2019-04-22,14,1.2221428571428572,17.11,2.51,14,0.47331601383535143,0.087365431145529
5537980,2019-04-23,14,1.13,15.82,2.48,14,0.9394648683115728,6.230485715354537e-7
5537980,2019-04-24,14,1.0235714285714286,14.33,2.33,14,0.7780590234355083,0.0010492917976006905
5537980,2019-04-25,14,1.4364285714285714,20.11,3.06,14,0.7863501397252043,8.513626857413668e-4
5537980,2019-04-26,14,1.99,27.86,3.44,14,0.9271095091004253,1.847972939424135e-6
5537980,2019-04-27,14,0.2692857142857143,3.77,0.55,14,-0.7522727380625264,0.0019094830598392258
5537980,2019-04-28,14,1.7092857142857143,23.93,3.24,14,0.6790774415190811,0.007567597693258557
5537980,2019-04-29,14,0.5085714285714286,7.12,1.6,14,-0.269032781976889,0.3523261395154347
5537980,2019-04-30,14,0.31285714285714283,4.38,0.62,14,-0.559797634293958,0.037368988589311966
5537980,2019-05-01,14,0.7692857142857142,10.77,1.47,14,-0.8878769020660924,2.2436731895542697e-5
5537980,2019-05-02,14,0.49214285714285716,6.89,1.03,14,0.7536975523073252,0.001850765757782959
5537980,2019-05-03,14,1.4042857142857144,19.66,2.6,14,-0.7523903582254083,0.0019045806462586303
5537980,2019-05-04,14,1.9792857142857143,27.71,3.41,14,0.2912225851857368,0.31240897270617485
5537980,2019-05-05,14,1.9192857142857143,26.87,3.23,14,0.7900756107008313,7.727760484902572e-4
5537980,2019-05-06,14,1.1714285714285715,16.4,1.78,14,-0.11491295621830887,0.6956657608405041
5537980,2019-05-07,14,0.9028571428571428,12.64,1.79,14,-0.050697940041957344,0.8633451948589047
5537980,2019-05-08,14,1.145,16.03,2.42,14,0.9156811290199376,4.317636314710747e-6
5537980,2019-05-09,14,1.0035714285714286,14.05,1.89,14,-0.6782322858104903,0.0076720930797650804
5537980,2019-05-10,14,1.6507142857142858,23.11,3.23,14,-0.6960884529525936,0.005688993106720544
5537980,2019-05-11,14,0.5192857142857142,7.27,0.86,14,-0.5895066013644307,0.026511570454376774
5537980,2019-05-12,14,0.8135714285714286,11.39,1.72,14,-0.09709907423055386,0.7412337090553291
5537980,2019-05-13,14,1.8835714285714287,26.37,3.27,14,0.3588951081035424,0.2076093364860792
5537980,2019-05-14,14,1.7842857142857143,24.98,3.25,14,0.6587905538770503,0.010400392937808284
5537980,2019-05-15,14,1.9542857142857142,27.36,3.36,14,0.8276969088015991,2.577829386661469e-4
5537980,2019-05-16,15,0.9106666666666666,13.66,2.07,15,0.6257729838386226,0.012584987952699196
5537980,2019-05-17,14,0.625,8.75,1.3,14,0.11413716471250115,0.6976316940264471
5537980,2019-05-18,15,0.7513333333333333,11.27,2.3,15,0.08227903040804395,0.7706583440519721
5537980,2019-05-19,15,1.272,19.08,2.63,15,0.9661611140278732,5.003348984132661e-9
5537980,2019-05-20,15,0.93533333333333335,14.03,1.81,15,-0.226779437493571,0.41633982713893647
5537980,2019-05-21,15,0.5113333333333333,7.67,1.05,15,0.4489622628881039,0.09320376793037022
5537980,2019-05-22,15,1.7693333333333334,26.54,3.48,15,0.19975718760238417,0.4753615494956126
5537980,2019-05-23,15,1.93,28.95,3.48,15,-0.5768048766282726,0.024380973489181154
5537980,2019-05-24,15,0.7586666666666666,11.379999999999999,1.54,15,0.8393092185647917,9.128799566773233e-5
5537980,2019-05-25,15,1.4353333333333333,21.53,2.98,15,0.5362866906896069,0.039316205124949884
5537980,2019-05-26,15,0.9973333333333333,14.96,2.37,15,0.14721932983067587,0.6005704161532737
5537980,2019-05-27,15,0.8106666666666666,12.16,1.9,15,0.7740698381470237,7.066682771708575e-4
5537980,2019-05-28,15,0.6893333333333334,10.34,1.32,15,-0.5126405715870208,0.050701725459858855
5537980,2019-05-29,15,1.1426666666666667,17.14,2.5,15,-0.07319378344870502,0.7954560277046592
5537980,2019-05-30,15,1.65,24.75,3.04,15,-0.8187156745031408,1.8965244617387528e-4
5537980,2019-05-31,15,1.7193333333333334,25.790000000000003,3.18,15,0.7768786332174403,6.562798543785309e-4
5537980,2019-06-01,15,1.3513333333333333,20.27,2.64,15,0.5139264385019574,0.05002666120779216
5537980,2019-06-02,15,1.788,26.82,3.35,15,0.8214798399321551,1.7284756490107756e-4
5537980,2019-06-03,15,1.484,22.259999999999998,2.84,15,0.8286029009898169,1.350943368653558e-4
5537980,2019-06-04,15,1.2453333333333332,18.68,2.59,15,0.879115713510612,1.5867354517210153e-5
5537980,2019-06-05,15,1.6526666666666667,24.79,3.05,15,0.7211164723985096,0.002414374890647427
5537980,2019-06-06,15,1.584,23.76,3.03,15,0.9784093874941054,2.777139594572551e-10
5537980,2019-06-07,15,1.982,29.73,3.48,15,0.8532951566342879,5.233257309543262e-5
5537980,2019-06-08,16,1.35125,21.62,3.07,16,0.9686052687200983,7.418498823571802e-10
5537980,2019-06-09,16,0.89875,14.38,2.12,16,0.9234976065536359,3.3533587569357387e-7
5537980,2019-06-10,16,1.945,31.12,3.62,16,0.916895888070982,5.879461472633834e-7
5537980,2019-06-11,16,1.64375,26.3,3.17,16,0.8321399829242333,6.38078495699277e-5
5537980,2019-06-12,16,0.560625,8.97,1.09,16,0.3654449412686646,0.16394962630582735
5537980,2019-06-13,16,1.746875,27.95,3.15,16,0.8872402931828881,4.590593395156834e-6
5537980,2019-06-14,16,1.58125,25.3,2.98,16,0.853641355380778,2.596113361819764e-5
5537980,2019-06-15,16,0.47875,7.66,0.92,16,-0.3406904487021796,0.19661171929915416
5537980,2019-06-16,16,0.7575,12.12,1.63,16,0.3942095199896491,0.13081502755361524
5537980,2019-06-17,16,0.8875000000000001,14.200000000000001,1.8,16,0.9498039021472184,1.8845905108439006e-8
5537980,2019-06-18,16,1.560625,24.97,3.11,16,0.4143106006482639,0.11060344537799809
5537980,2019-06-19,16,0.744375,11.91,1.73,16,0.9132555137879111,7.859171127881143e-7
5537980,2019-06-20,16,0.850625,13.61,1.92,16,0.40476998017952326,0.11990301137431264
5537980,2019-06-21,16,0.989375,15.83,2.29,16,0.5130102241113073,0.0421359125223513
5537980,2019-06-22,16,1.334375,21.35,2.66,16,0.8853250256409928,5.137883859164319e-6
5537980,2019-06-23,16,0.874375,13.99,2.28,16,0.6011947483973682,0.013767960328743849
5537980,2019-06-24,16,1.015,16.24,2.64,16,0.9744278957869423,1.7922506585448326e-10
5537980,2019-06-25,16,1.706875,27.31,3.22,16,0.9892509712441926,4.321565988437468e-13
5537980,2019-06-26,16,1.56625,25.06,3.13,16,0.9780284741691141,6.254597796383565e-11
5537980,2019-06-27,16,1.751875,28.03,3.34,16,0.9559384122957314,7.692663674572266e-9
5537980,2019-06-28,16,1.27375,20.38,2.53,16,0.9799892467481081,3.26795662944243e-11
5537980,2019-06-29,16,1.5075,24.12,2.98,16,0.8755793301561022,8.852851253727293e-6
5537980,2019-06-30,15,0.9433333333333334,14.15,2.65,15,0.9797290405005439,1.8489954095078163e-10
5537980,2019-07-01,16,1.3725,21.96,2.86,16,0.9499416525680611,1.8493670786621278e-8
5537980,2019-07-02,16,1.528125,24.45,2.79,16,0.8984368568346034,2.276568138377297e-6
5537980,2019-07-03,16,1.5625,25,3.22,16,0.649727120501382,0.00644544635331114
5537980,2019-07-04,16,1.3925,22.28,3.17,16,0.9204035207410464,4.3890504288802703e-7
5537980,2019-07-05,16,1.4775,23.64,3.12,16,0.7099949891407771,0.002060068707724214
5537980,2019-07-06,16,1.353125,21.65,2.55,16,0.9014321861469441,1.8613622217666198e-6
5537980,2019-07-07,16,1.51875,24.3,3.03,16,0.9847774485655854,4.8791257453498955e-12
5537980,2019-07-08,16,1.740625,27.85,3.36,16,-0.18399369561703688,0.49515411523339414
5537980,2019-07-09,16,1.609375,25.75,3.25,16,0.9291778051346086,1.984327048092739e-7
5537980,2019-07-10,16,1.714375,27.43,3.34,16,0.9322854125602122,1.4616630025533548e-7
5537980,2019-07-11,16,1.575625,25.21,2.7,16,0.8826056713488937,6.008727136333596e-6
5537980,2019-07-12,16,1.8787500000000001,30.060000000000002,3.45,16,0.9588760106336165,4.7833224917638825e-9
5537980,2019-07-13,16,1.6375,26.2,3.08,16,0.8631851645840851,1.662875541963572e-5
5537980,2019-07-14,16,1.46625,23.46,3.04,16,0.7772932622253516,3.94982808752863e-4
5537980,2019-07-15,16,1.665625,26.65,3.32,16,0.8940419071871012,3.025792415083831e-6
5537980,2019-07-16,16,0.915625,14.65,2.11,16,0.7633140393725981,5.809198402894374e-4
5537980,2019-07-17,14,1.7478571428571428,24.47,3.05,14,0.9357563050967518,8.82921929730646e-7
5537980,2019-07-18,14,1.2842857142857143,17.98,2.84,14,0.2651604741380556,0.3595662349932264
5537980,2019-07-19,14,1.8571428571428572,26,3.15,14,0.5975165523630807,0.02403870664404733
5537980,2019-07-20,14,1.8342857142857143,25.68,3.24,14,0.9826169428995074,3.8372162026073423e-10
5537980,2019-07-21,14,0.8042857142857143,11.26,1.9,14,-0.34288736763953087,0.23007499242438573
5537980,2019-07-22,14,1.8735714285714287,26.23,3.35,14,0.551261329646523,0.04102004239579679
5537980,2019-07-23,14,1.9521428571428572,27.330000000000002,3.2,14,0.3321132888333941,0.24600705169347248
5537980,2019-07-24,14,1.9892857142857143,27.85,3.29,14,0.32302230803507176,0.2599588255505696
5537980,2019-07-25,14,1.9135714285714285,26.79,3.28,14,0.9735541360881098,4.665504249681449e-9
5537980,2019-07-26,14,1.532142857142857,21.45,2.57,14,0.9454284846924091,3.3880587878146675e-7
5537980,2019-07-27,14,1.7742857142857142,24.84,2.92,14,0.9681500941700287,1.4070632438978647e-8
5537980,2019-07-28,14,1.8035714285714286,25.25,3.06,14,0.9829561605974141,3.411785845407945e-10
5537980,2019-07-29,14,1.1214285714285714,15.7,2.55,14,0.7759983177834318,0.0011037731931282505
5537980,2019-07-30,14,1.887857142857143,26.43,3.24,14,0.9324001818280112,1.1896148138879434e-6
5537980,2019-07-31,14,1.9492857142857143,27.29,3.3,14,0.8449877250341175,1.4219297406616187e-4
5537980,2019-08-01,14,1.9042857142857144,26.66,3.12,14,0.8775548724024673,3.718530515522439e-5
5537980,2019-08-02,14,1.9614285714285713,27.46,3.31,14,0.972209303868372,6.264459279624901e-9
5537980,2019-08-03,14,1.8835714285714285,26.37,3.25,14,0.9831085261518756,3.233889532053181e-10
5537980,2019-08-04,14,1.8464285714285715,25.85,3.21,14,0.9600788779759907,5.36120743016218e-8
5537980,2019-08-05,14,1.747142857142857,24.46,2.97,14,0.9884020905650835,3.427301001028669e-11
5537980,2019-08-06,14,1.5371428571428571,21.52,2.84,14,0.9646951116375596,2.5906905565515364e-8
5537980,2019-08-07,14,1.8564285714285715,25.990000000000002,3.1,14,0.7372571445395505,0.002622734319764254
5537980,2019-08-08,14,1.8107142857142857,25.35,2.95,14,0.9741949256820164,4.032600834879813e-9
5537980,2019-08-09,14,1.987857142857143,27.830000000000002,3.35,14,0.9924517148029132,2.6275240512696984e-12
5537980,2019-08-10,14,1.7121428571428572,23.97,3.23,14,0.9777027628250564,1.6910500934670145e-9
5537980,2019-08-11,14,0.9335714285714285,13.07,2.05,14,0.8899311838746932,2.0173130206933944e-5
5537980,2019-08-12,14,0.56,7.84,1.25,14,0.9094664627142804,6.524782850669357e-6
5537980,2019-08-13,14,1.33,18.62,2.33,14,0.9516495411456809,1.6613727663056102e-7
5537980,2019-08-14,14,1.5271428571428571,21.38,2.88,14,0.950303258976451,1.9532305916494305e-7
5537980,2019-08-15,14,1.66,23.24,3.04,14,0.8834944669446154,2.796401134348027e-5
5537980,2019-08-16,14,1.3142857142857143,18.4,2.82,14,0.3360226845049093,0.24015049715754744
5537980,2019-08-17,14,0.6728571428571429,9.42,1.28,14,0.7985041165260715,6.163076867839703e-4
5537980,2019-08-18,14,1.0878571428571429,15.23,2.12,14,0.8481129442835127,1.267358322170825e-4
5537980,2019-08-19,14,1.47,20.580000000000002,2.49,14,0.9442341138703501,3.8479590114509226e-7
5537980,2019-08-20,14,0.6071428571428571,8.5,1.6,14,-0.42378530932360137,0.1310298078888884
5537980,2019-08-21,14,0.9435714285714285,13.209999999999999,2.15,14,0.8662335907836267,6.161900946944001e-5
5537980,2019-08-22,14,1.6135714285714287,22.59,2.92,14,0.814531745340969,3.889964980427242e-4
5537980,2019-08-23,14,1.7521428571428572,24.53,3.19,14,0.7185853573120055,0.003786448574979606
5537980,2019-08-24,14,1.6078571428571429,22.51,2.54,14,0.8304130280723927,2.358079267769221e-4
5537980,2019-08-25,14,1.2992857142857144,18.19,2.64,14,0.8201700616860335,3.2745246671699567e-4
5537980,2019-08-26,14,0.6078571428571429,8.51,1.26,14,0.71293323153046,0.004208636691756276
5537980,2019-08-27,14,1.6,22.4,2.95,14,0.9762000058834943,2.4928719731427302e-9
5537980,2019-08-28,14,1.7257142857142858,24.16,3.07,14,0.9249919951710833,2.184171318713955e-6
5537980,2019-08-29,14,1.6107142857142858,22.55,2.85,14,0.829681883541172,2.4156831583364299e-4
5537980,2019-08-30,14,1.1592857142857143,16.23,2.19,14,0.8310547889392925,2.308437584075632e-4
5537980,2019-08-31,14,1.1364285714285713,15.91,2.49,14,0.7980195106842154,6.245507497059723e-4
5537980,2019-09-01,14,0.605,8.47,1.24,14,-0.7162940325045353,0.003953387578496351
5537980,2019-09-02,14,1.5257142857142858,21.36,2.67,14,0.9502191446819149,1.9727876885511683e-7
5537980,2019-09-03,14,0.515,7.21,1.3,14,-0.19163026416804615,0.5116372913995648
5537980,2019-09-04,13,1.3476923076923077,17.52,2.22,13,0.8511034218925233,2.244582910041285e-4
5537980,2019-09-05,13,1.653846153846154,21.5,2.97,13,0.8534965317419598,2.06315019273656e-4
5537980,2019-09-06,13,0.7269230769230769,9.45,1.17,13,0.6635678804653956,0.013404597145848069
5537980,2019-09-07,13,1.5346153846153847,19.95,2.92,13,0.9386187383253677,2.0411996758551838e-6
5537980,2019-09-08,13,0.6,7.8,1.29,13,-0.46405288552534507,0.11017723247183704
5537980,2019-09-09,13,0.8992307692307693,11.69,1.57,13,0.915235342822563,1.150734489387193e-5
5537980,2019-09-10,13,1.3376923076923077,17.39,2.54,13,0.8629883696428207,1.4549005824031493e-4
5537980,2019-09-11,13,1.19,15.47,2.47,13,0.9513067006555598,5.854471273612673e-7
5537980,2019-09-12,13,1.2353846153846153,16.06,2.56,13,0.9227265615741965,7.020266963806019e-6
5537980,2019-09-13,13,1.2315384615384615,16.01,2.43,13,0.769715310528605,0.002090065161230636
5537980,2019-09-14,13,1.6315384615384616,21.21,2.85,13,-0.30824610259006624,0.30553213550018954
5537980,2019-09-15,12,0.8541666666666666,10.25,2.36,12,-0.42221102375566594,0.17155122361438813
5537980,2019-09-16,13,1.2561538461538462,16.33,2.66,13,0.16327262677195348,0.594054111465949
5537980,2019-09-17,13,1.3576923076923078,17.65,2.57,13,0.9605938214178333,1.8613267898070087e-7
5537980,2019-09-18,12,1.5425,18.509999999999998,2.67,12,0.898392227270485,7.176012274451387e-5
5537980,2019-09-19,12,1.2366666666666666,14.84,2.22,12,0.30563608878270315,0.3339980486595314
5537980,2019-09-20,12,1.2325,14.79,2.34,12,0.5063552949697219,0.09298953256591727
5537980,2019-09-21,12,0.5433333333333333,6.5200000000000005,1.11,12,0.8203340405212949,0.0010811859669057667
5537980,2019-09-22,12,0.5141666666666667,6.17,1.13,12,-0.06728631102526009,0.8354081141419081
5537980,2019-09-23,12,1.6575,19.89,2.79,12,0.7713468631204592,0.0033040361777713226
5537980,2019-09-24,12,1.5116666666666667,18.14,2.49,12,0.8541002841586327,4.054014291897908e-4
5537980,2019-09-25,12,1.3141666666666667,15.77,2.51,12,0.9759817131554593,6.046383991316301e-8
5537980,2019-09-26,12,1.6758333333333333,20.11,2.8,12,0.9626709214156934,5.361342036442245e-7
5537980,2019-09-27,12,0.22416666666666665,2.69,0.62,12,0.44868856964370374,0.14344573235063857
5537980,2019-09-28,12,0.5425,6.51,1.04,12,-0.8239474680828638,9.830743224811896e-4
5537980,2019-09-29,12,0.39416666666666667,4.7299999999999995,0.9,12,0.17175087753293686,0.5935206715311019
5537980,2019-09-30,12,1.1916666666666667,14.299999999999999,2,12,0.9309773183562936,1.0979497418788035e-5
5537980,2019-10-01,12,1.2175,14.61,2.23,12,-0.9560577303687219,1.1983610672160181e-6
5537980,2019-10-02,12,0.5566666666666666,6.68,1.02,12,-0.14673992509980452,0.6490510894940515
5537980,2019-10-03,12,1.055,12.66,2.05,12,-0.39097089374027694,0.20887049856694864
5537980,2019-10-04,12,0.9566666666666667,11.48,1.8,12,0.7705165403642701,0.003359373310024513
5537980,2019-10-05,12,0.8466666666666667,10.16,1.82,12,0.9426380711549583,4.440070821079475e-6
5537980,2019-10-06,12,1.1966666666666668,14.36,2.28,12,0.45225562199352853,0.13990243336581065
5537980,2019-10-07,12,1.4933333333333334,17.92,2.59,12,0.8907902859388491,1.0158358471057886e-4
5537980,2019-10-08,12,1.4116666666666666,16.94,2.52,12,0.9065444122973101,4.790734640445979e-5
5537980,2019-10-09,11,1.5445454545454544,16.99,2.54,11,0.36700802980406533,0.2668828111411283
5537980,2019-10-10,11,0.6836363636363636,7.52,1.38,11,0.6381846416657698,0.034602621093522
5537980,2019-10-11,11,0.3563636363636364,3.92,0.57,11,0.6485404106977595,0.030886205223487846
5537980,2019-10-12,11,1.549090909090909,17.04,2.55,11,0.8000068143753722,0.0031099842072537564
5537980,2019-10-13,11,1.2336363636363636,13.57,2.35,11,0.6896182321005123,0.01887707704969735
5537980,2019-10-14,11,1.5027272727272727,16.53,2.47,11,0.7487678949474911,0.008012465049782454
5537980,2019-10-15,11,0.6745454545454546,7.42,1.68,11,0.7886852650155418,0.003915198383160063
5537980,2019-10-16,11,0.7745454545454545,8.52,1.38,11,-0.20864685149972978,0.5381053544017047
5537980,2019-10-17,11,1.240909090909091,13.65,2.05,11,0.7726312412023395,0.0053087742374667264
5537980,2019-10-18,11,1.2263636363636363,13.49,2.01,11,0.45228467850312387,0.1624974811891462
5537980,2019-10-19,11,1.2163636363636363,13.38,2.27,11,0.8256620899966923,0.001744194956382107
5537980,2019-10-20,11,1.300909090909091,14.31,2.23,11,0.2705584717076122,0.42100265890965227
5537980,2019-10-21,11,0.6554545454545454,7.21,1.61,11,0.9255494491885708,4.404221370238946e-5
5537980,2019-10-22,11,0.4390909090909091,4.83,0.95,11,-0.7037959369152063,0.015648926441991097
5537980,2019-10-23,11,0.8236363636363636,9.06,1.57,11,-0.6719297066445263,0.023539217715948534
5537980,2019-10-24,11,0.6963636363636364,7.66,1.31,11,-0.12503842113177405,0.7141325057523009
5537980,2019-10-25,11,0.6063636363636363,6.67,1.22,11,-0.12993725815218868,0.7033627972833236
5537980,2019-10-26,11,0.3054545454545455,3.36,0.83,11,-0.3849436234965547,0.24238810830340596
5537980,2019-10-27,11,1.2363636363636363,13.6,2.14,11,-0.8404752602160956,0.0011964022997282497
5537980,2019-10-28,11,0.43454545454545457,4.78,1.13,11,-0.25707827958611673,0.44538337061471966
5537980,2019-10-29,11,0.46454545454545454,5.11,0.85,11,0.5064092571828701,0.11193624576453698
5537980,2019-10-30,11,0.2790909090909091,3.07,0.56,11,0.8590753185551844,7.044369066778851e-4
5537980,2019-10-31,11,0.46,5.06,0.98,11,0.1185960639999287,0.7283668173426865
5537980,2019-11-02,11,0.7836363636363637,8.620000000000001,1.6,11,-0.6198708467730505,0.04192083130609376
5537980,2019-11-04,11,0.7945454545454546,8.74,1.56,11,-0.44783613800843325,0.16718771217882206
5537980,2019-11-05,11,1.1209090909090909,12.33,2.04,11,0.415698707285398,0.20353330326922595
5537980,2019-11-06,11,0.7172727272727273,7.890000000000001,1.59,11,0.46038682335230946,0.15416645765529585
5537980,2019-11-07,11,1.160909090909091,12.77,2.08,11,-0.0672405790832459,0.8442728302106404
5537980,2019-11-08,11,1.0572727272727274,11.63,1.89,11,0.23403914108012264,0.4885256883934459
5537980,2019-11-09,10,1.071,10.71,1.83,10,0.24393942655294362,0.49701851771538763
5537980,2019-11-10,10,0.642,6.42,1.14,10,0.22676591139220192,0.5286804719234026
5537980,2019-11-11,10,0.367,3.67,0.61,10,-0.42588847530368595,0.21975343398143637
5537980,2019-11-12,10,0.865,8.65,1.41,10,0.28181153520545243,0.43020657314400557
5537980,2019-11-13,10,0.426,4.26,0.82,10,-0.46489633703385635,0.17579797103575667
5537980,2019-11-14,10,0.327,3.27,0.6,10,-0.5202961189921662,0.12313952837678062
5537980,2019-11-15,10,0.784,7.84,1.35,10,-0.45463932221659137,0.18680228019275208
5537980,2019-11-16,10,0.9450000000000001,9.45,1.61,10,-0.21267243220349352,0.5552559189142539
5537980,2019-11-17,10,0.408,4.08,0.66,10,-0.4147855607017913,0.2333079394655562
5537980,2019-11-18,10,0.387,3.87,0.59,10,-0.1733024361045752,0.6320829750795224
5537980,2019-11-19,10,0.262,2.62,0.49,10,-0.7110873393640506,0.021133748151530702
5537980,2019-11-20,10,0.794,7.94,1.39,10,0.36628297114572145,0.29787656626681686
5537980,2019-11-21,10,0.238,2.38,0.47,10,-0.6828354721608249,0.029547172479005342
5537980,2019-11-22,10,0.992,9.92,1.73,10,0.4022351652758437,0.24918327639316595
5537980,2019-11-23,10,0.569,5.69,1.02,10,-0.17855145889255677,0.6216342814820068
5537980,2019-11-24,10,0.8130000000000001,8.13,1.59,10,0.11382585782195873,0.7542069829809666
5537980,2019-11-25,10,0.666,6.66,1.29,10,0.6791741843602909,0.030782118050697013
5537980,2019-11-26,10,0.459,4.59,1.02,10,-0.8256910608657438,0.0032538626448057268
5537980,2019-11-27,10,0.34199999999999997,3.42,0.7,10,-0.9656251002469074,5.860241077878903e-6
5537980,2019-11-28,10,0.4,4,0.74,10,-0.06990405830871754,0.8478299157571593
5537980,2019-11-29,9,0.31666666666666665,2.85,0.45,9,0.22781063259353612,0.5555132456078742
5537980,2019-11-30,9,0.23333333333333334,2.1,0.34,9,-0.8912571531997888,0.0012534540350164667
5537980,2019-12-01,9,0.29444444444444445,2.65,0.43,9,0.5774230153965804,0.10349793979286194
5537980,2019-12-02,9,0.47000000000000003,4.23,0.83,9,-0.04154008519119208,0.9154968277861417
5537980,2019-12-03,9,0.7,6.3,1.29,9,0.2548594274975451,0.5080924996464198
5537980,2019-12-04,9,1.0366666666666666,9.33,1.66,9,0.15042052197789818,0.6992850594551985
5537980,2019-12-05,9,0.9455555555555556,8.51,1.58,9,0.02828935550202745,0.942407818582619
5537980,2019-12-06,9,0.8777777777777778,7.9,1.51,9,-0.2837672594035512,0.45931345579407323
5537980,2019-12-07,9,0.6733333333333333,6.06,1.06,9,-0.01303338613494444,0.9734523620592741
5537980,2019-12-08,9,0.40444444444444444,3.64,0.68,9,0.20346287270478494,0.599542743607705
5537980,2019-12-09,9,0.17,1.53,0.36,9,-0.7348244139213779,0.024115531987975686
5537980,2019-12-10,9,1.008888888888889,9.08,1.65,9,-0.3043709760570806,0.42583659686527175
5537980,2019-12-11,9,0.5622222222222222,5.06,1.02,9,-0.2172351354279524,0.5744883180587339
5537980,2019-12-12,9,0.6088888888888889,5.48,1.06,9,0.2870909953098889,0.4538383889366787
5537980,2019-12-13,9,0.7822222222222223,7.04,1.43,9,-0.04459128657737888,0.909309763889129
5537980,2019-12-14,9,0.24333333333333335,2.19,0.48,9,-0.497956645236603,0.17250537559425874
5537980,2019-12-15,9,0.5477777777777778,4.93,0.94,9,0.22757690963384786,0.5559300482363464
5537980,2019-12-20,10,0.612,6.12,1.14,10,-0.7526021205231305,0.012007561992631866
5537980,2019-12-21,10,0.832,8.32,1.49,10,-0.3401842742518286,0.3361494528668182
5537980,2019-12-22,10,0.8049999999999999,8.05,1.47,10,0.12621907890607664,0.728252565631917
5537980,2019-12-23,10,0.687,6.87,1.29,10,0.09392873738321413,0.7963340844788205
5537980,2019-12-24,10,0.621,6.21,1.17,10,0.540088354111634,0.10705253726080499
5537980,2019-12-25,10,0.77,7.7,1.43,10,0.9529891467798279,2.01863319601196e-5
5537980,2019-12-26,10,0.669,6.69,1.36,10,0.9690237338523058,3.880240516228986e-6
5537980,2019-12-27,10,0.39,3.9,0.76,10,0.06474809800753467,0.8589558283426508
5537980,2019-12-28,10,0.151,1.51,0.24,10,-0.1437949429431021,0.6918722455413053
5537980,2019-12-29,10,0.293,2.93,0.65,10,0.22874785549890703,0.5249852682268588
5537980,2019-12-30,10,0.147,1.47,0.3,10,-0.5441248709613546,0.10394373706533988
5537980,2019-12-31,10,0.35,3.5,0.68,10,0.48264361381445986,0.1576886269353316
5537980,2020-01-01,10,0.887,8.870000000000001,1.61,10,0.21745204731191448,0.5461852329836288
5537980,2020-01-02,10,0.786,7.86,1.52,10,0.2740545004501843,0.44353858903850085
5537980,2020-01-03,10,0.319,3.19,0.64,10,-0.1458974421666629,0.6875564825049398
5537980,2020-01-04,10,0.223,2.23,0.42,10,-0.413941534084558,0.23435717177718127
5537980,2020-01-05,10,0.615,6.15,1.33,10,0.09158835399544606,0.8013226511651408
5537980,2020-01-06,10,0.7959999999999999,7.96,1.45,10,-0.38547686187794994,0.2712912871757279
5537980,2020-01-07,10,0.794,7.94,1.6,10,0.09579592776736243,0.7923588865711577
5537980,2020-01-08,10,0.855,8.55,1.47,10,0.1354360761431109,0.7091084293699037
5537980,2020-01-09,10,0.411,4.11,0.85,10,-0.8752986237601736,9.077114788234972e-4
5537980,2020-01-10,10,0.28200000000000003,2.82,0.51,10,-0.14354231294081288,0.692391355272451
5537980,2020-01-11,10,0.193,1.93,0.42,10,-0.8729056250072361,9.764748238514779e-4
5537980,2020-01-12,10,0.413,4.13,0.76,10,0.6217378577904875,0.05497289545031233
5537980,2020-01-13,10,0.312,3.12,0.55,10,0.08866401076644995,0.8075650184263943
5537980,2020-01-14,10,0.542,5.42,1.28,10,-0.3765533750423221,0.2834844066585378
5537980,2020-01-15,10,0.203,2.03,0.45,10,0.39362041038455575,0.2604186775060064
5537980,2020-01-16,10,1.057,10.57,1.81,10,0.15325848719063032,0.6725111817132405
5537980,2020-01-17,10,0.328,3.28,0.83,10,-0.14221660808729866,0.6951173293390441
5537980,2020-01-18,10,0.274,2.7399999999999998,0.47,10,-0.3376971170199921,0.3399221872476648
5537980,2020-01-19,10,0.731,7.3100000000000005,1.28,10,0.2556172244712129,0.475963034342043
5537980,2020-01-20,10,0.798,7.98,1.53,10,-0.49830266341046014,0.1426849903446786
5537980,2020-01-21,10,1.035,10.35,1.78,10,-0.06900910931488644,0.849759419643361
5537980,2020-01-22,10,0.582,5.82,1,10,-0.4433294856911894,0.19939406721106673
5537980,2020-01-23,10,0.265,2.65,0.64,10,-0.7921879493163022,0.00629564863421793
5537980,2020-01-24,10,0.309,3.0900000000000003,0.54,10,-0.023149682675541603,0.9493871987565186
5537980,2020-01-25,10,0.225,2.25,0.36,10,-0.5420403541735588,0.10554194946954115
5537980,2020-01-26,10,0.34400000000000003,3.44,0.54,10,-0.0314991202841792,0.9311640001865806
5537980,2020-01-27,10,0.436,4.36,0.78,10,0.07744364608399881,0.831604400664572
5537980,2020-01-28,10,0.392,3.92,0.79,10,0.7533787015488151,0.011869645711477108
5537980,2020-01-29,10,0.376,3.7600000000000002,0.65,10,-0.23452403338839073,0.5142766398557701
5537980,2020-01-30,10,0.484,4.84,1,10,-0.1341185176050715,0.7118363607320942
5537980,2020-01-31,10,0.523,5.23,0.93,10,-0.7593443622049549,0.01084700001799422
5537980,2020-02-01,10,0.459,4.59,0.81,10,-0.6753771128099758,0.03209950175912005
5537980,2020-02-02,10,0.996,9.96,1.64,10,0.41624859871213665,0.23149549611644823
5537980,2020-02-03,10,1.082,10.82,1.69,10,-0.07699276171432554,0.8325731721061349
5537980,2020-02-04,10,0.697,6.97,1.43,10,0.13137606314146358,0.7175238790377949
5537980,2020-02-05,10,0.39999999999999997,4,0.84,10,0.2573463123811887,0.4728790772506474
5537980,2020-02-06,10,0.418,4.18,0.87,10,0.7581708755041773,0.011043067959260069
5537980,2020-02-07,10,0.73,7.3,1.21,10,0.45445503921114444,0.18700360085927276
5537980,2020-02-08,10,0.704,7.04,1.34,10,0.23567974973333494,0.5121449779661411
5537980,2020-02-09,10,0.166,1.66,0.35,10,0.02144062703373106,0.953120183000928
5537980,2020-02-10,10,1.127,11.27,2.07,10,0.18234517030880135,0.6141201130097631
5537980,2020-02-11,10,1.077,10.77,2.01,10,0.09901328625011764,0.7855193590964387
5537980,2020-02-12,10,0.398,3.98,0.84,10,-0.6138667321794331,0.059043336347016764
5537980,2020-02-13,11,0.45545454545454545,5.01,0.83,11,-0.617211866638652,0.04306565760443995
5537980,2020-02-14,11,1.1918181818181819,13.11,2.4,11,0.16190425440634781,0.6343561938950691
5537980,2020-02-15,11,0.3281818181818182,3.61,0.73,11,-0.26027762666714677,0.4395380557626929
5537980,2020-02-16,11,0.9436363636363636,10.38,1.85,11,0.6043180113090694,0.048924685840138
5537980,2020-02-17,11,0.4818181818181818,5.3,0.82,11,-0.53596035647618,0.08924012649180073
5537980,2020-02-18,11,1.1227272727272728,12.35,2.13,11,-0.36724863581948997,0.26654531733444625
5537980,2020-02-19,11,1.269090909090909,13.96,2.1,11,0.0389852710282313,0.9093948825125844
5537980,2020-02-20,11,1.3627272727272728,14.99,2.36,11,-0.21480984743545958,0.5258847075960293
5537980,2020-02-21,11,1.3854545454545455,15.24,2.3,11,0.6524608067608576,0.02955551063744042
5537980,2020-02-22,11,1.3972727272727272,15.370000000000001,2.34,11,0.6337193790306581,0.036297471622808296
5537980,2020-02-23,11,1.3881818181818182,15.27,2.28,11,0.8867217381004946,2.748552068418488e-4
5537980,2020-02-24,11,0.41545454545454547,4.57,0.75,11,-0.8277193166443069,0.001658683392839091
5537980,2020-02-25,12,0.45416666666666666,5.45,1.17,12,0.16146045085389096,0.6161472768352856
5537980,2020-02-26,12,0.5716666666666667,6.859999999999999,1.02,12,-0.47570497972681325,0.11801670615766338
5537980,2020-02-27,12,0.775,9.3,1.34,12,-0.45226169580099745,0.1398964487043693
5537980,2020-02-28,12,0.8141666666666667,9.77,1.52,12,0.42194857060619323,0.1718458826410721
5537980,2020-02-29,12,1.4091666666666667,16.91,2.58,12,0.8908316092063817,1.0139882635575545e-4
5537980,2020-03-01,12,1.1658333333333333,13.99,2.16,12,0.8282090285600772,8.763506386529505e-4
5537980,2020-03-02,12,1.1516666666666666,13.82,2.44,12,0.969715885503067,1.9066777221995793e-7
5537980,2020-03-03,12,1.2633333333333334,15.16,2.46,12,0.3148222332730152,0.31891679862303884
5537980,2020-03-04,12,1.4833333333333334,17.8,2.67,12,0.8865857966873795,1.2180838171508933e-4
5537980,2020-03-05,12,1.0183333333333333,12.22,1.71,12,0.18448944639955184,0.565966117090694
5537980,2020-03-06,12,1.32,15.84,2.42,12,0.7372450649962717,0.0062189899803321855
5537980,2020-03-07,12,1.5425,18.509999999999998,2.67,12,0.5531396385962304,0.062115435221820135
5537980,2020-03-09,12,0.32583333333333336,3.91,0.68,12,-0.47775074350758245,0.11622168740574297
5537980,2020-03-10,12,0.6783333333333333,8.14,1.48,12,0.18098880018848112,0.5734866053756381
5537980,2020-03-11,12,0.3925,4.71,0.75,12,0.8328758674619053,7.699824525501239e-4
5537980,2020-03-12,12,0.5925,7.11,1,12,0.4311306792689376,0.16172549805030145
5537980,2020-03-13,12,1.6633333333333333,19.96,2.75,12,0.8400772764083426,6.257364060671045e-4
5537980,2020-03-14,12,0.3358333333333333,4.03,0.89,12,-0.5334606775051726,0.07407039414859952
5537980,2020-03-15,12,0.8891666666666667,10.67,1.65,12,0.8308643667564222,8.145278526016745e-4
5537980,2020-03-16,12,0.4475,5.37,0.76,12,0.0060526784565181615,0.9851054641692306
5537980,2020-03-17,12,1.68,20.16,2.86,12,0.8291661031429233,8.536642638835055e-4
5537980,2020-03-18,12,0.28250000000000003,3.39,0.53,12,-0.13354251130172212,0.679050305227124
5537980,2020-03-19,12,0.37916666666666665,4.55,0.71,12,0.6620081359828717,0.01901685241792714
5537980,2020-03-20,12,0.585,7.0200000000000005,1.11,12,-0.7870933450583605,0.0023797716252143605
5537980,2020-03-21,12,1.3483333333333334,16.18,2.21,12,0.7136699353616026,0.009146990481964715
5537980,2020-03-22,12,0.5641666666666667,6.77,0.95,12,-0.1364031917562945,0.6725095227668388
5537980,2020-03-23,12,0.7741666666666667,9.290000000000001,1.62,12,0.6399777925918716,0.02499897545056881
5537980,2020-03-24,12,0.9791666666666666,11.75,1.5,12,0.7779247697392156,0.002889759816711448
5537980,2020-03-25,12,1.1458333333333333,13.75,2.26,12,0.8740679599426605,2.0115484635698137e-4
5537980,2020-03-26,12,0.3875,4.65,0.89,12,0.7453404210399207,0.005398277199769317
5537980,2020-03-27,12,0.645,7.74,1.71,12,-0.7670751584303795,0.0035962699856985116
5537980,2020-03-28,12,0.45916666666666667,5.51,1.04,12,0.2829803902193791,0.3728000414118543
5537980,2020-03-29,12,0.675,8.1,1.36,12,-0.8355635816576529,7.134283235607909e-4
5537980,2020-03-30,12,1.475,17.7,2.65,12,0.6291342681012485,0.02839710742424448
5537980,2020-03-31,12,0.5641666666666667,6.77,0.96,12,0.731909216361289,0.006809035955980864
5537980,2020-04-01,13,1.5007692307692306,19.509999999999998,2.96,13,0.7681901419294023,0.002160450579044764
5537980,2020-04-02,13,1.5223076923076924,19.79,2.88,13,0.6742540046935215,0.011488322298626398
5537980,2020-04-03,13,1.1123076923076922,14.46,2.46,13,0.8130856753914961,7.256144719406883e-4
5537980,2020-04-04,13,0.9007692307692308,11.709999999999999,1.65,13,-0.6286984766516369,0.02135626838597222
5537980,2020-04-05,14,1.5371428571428571,21.52,3.01,14,0.5946742484226015,0.024895467749394332
5537980,2020-04-06,14,1.0392857142857144,14.55,2.41,14,-0.10124939784529662,0.7305404761160561
5537980,2020-04-07,14,1.3371428571428572,18.72,2.53,14,0.9156065380723702,4.339886705922579e-6
5537980,2020-04-08,14,1.4264285714285714,19.97,3.09,14,0.9364647526720953,8.27377685491379e-7
5537980,2020-04-09,14,1.4228571428571428,19.92,2.78,14,0.8503999498339219,1.1631249456819387e-4
5537980,2020-04-10,14,1.772857142857143,24.82,3.13,14,0.5799868782469592,0.02969254966843785
5537980,2020-04-11,14,1.1171428571428572,15.64,2.55,14,0.7389111019880388,0.0025351976516144585
5537980,2020-04-12,14,0.9628571428571429,13.48,2.46,14,-0.2217064086916347,0.44620095007479044
5537980,2020-04-13,14,1.4385714285714286,20.14,2.99,14,-0.1838008186670331,0.5293513898057257
5537980,2020-04-14,14,1.3814285714285715,19.34,2.37,14,0.8724417121020026,4.69863830835242e-5
5537980,2020-04-15,14,1.1521428571428571,16.13,2.58,14,0.7304743617285374,0.003007001000998998
5537980,2020-04-16,14,1.6564285714285714,23.19,3.17,14,0.8508494607676678,1.1434813123094577e-4
5537980,2020-04-17,14,0.5578571428571428,7.8100000000000005,1.07,14,0.05995517700427656,0.8386676275417929
5537980,2020-04-18,14,1.8914285714285715,26.48,3.33,14,0.862845811619588,7.10490398843773e-5
5537980,2020-04-19,14,1.8057142857142856,25.28,3.21,14,0.9216487445219443,2.816496589760165e-6
5537980,2020-04-20,14,1.622142857142857,22.71,3.34,14,0.9693583971006771,1.1185927956821642e-8
5537980,2020-04-21,14,2.0171428571428573,28.240000000000002,3.49,14,0.9528045018574064,1.4406625928545114e-7
5537980,2020-04-22,14,0.8657142857142858,12.12,1.81,14,0.8530895342576333,1.0495635819007476e-4
5537980,2020-04-23,14,0.6714285714285715,9.4,1.51,14,0.801345280122691,5.697188150654246e-4
5537980,2020-04-24,14,0.7007142857142857,9.81,1.49,14,0.9419043278189306,4.893998841670324e-7
5537980,2020-04-25,14,0.28214285714285714,3.95,0.68,14,-0.4763021213024361,0.08511188444621802
5537980,2020-04-26,14,1.8607142857142858,26.05,3.29,14,0.8257777718042161,2.7428502802309e-4
5537980,2020-04-27,14,1.1514285714285715,16.12,2.77,14,0.8694781485201244,5.3569199644336316e-5
5537980,2020-04-28,14,1.3842857142857143,19.38,2.92,14,0.3481439285432602,0.22253908505560238
5537980,2020-04-29,14,0.28285714285714286,3.96,0.53,14,0.9374718551258884,7.534070367311382e-7
5537980,2020-04-30,14,1.612142857142857,22.57,3.44,14,-0.6500182389851138,0.011851764020109902
5537980,2020-05-01,14,1.4949999999999999,20.93,3.07,14,-0.7061915109696316,0.004759534404966733
5537980,2020-05-02,14,1.455,20.37,2.95,14,-0.41037817650463,0.14498927829214903
5537980,2020-05-03,14,1.3935714285714287,19.51,2.43,14,-0.485417439427373,0.078485362026995
5537980,2020-05-04,14,1.5185714285714287,21.26,3.12,14,0.8742296619340708,4.334506818438305e-5
5537980,2020-05-05,14,0.6028571428571429,8.44,1.15,14,0.27504914051833573,0.34123784827978787
5537980,2020-05-06,14,1.8985714285714286,26.580000000000002,3.49,14,0.9211112766360466,2.930940383727939e-6
5537980,2020-05-07,14,1.872142857142857,26.21,3.31,14,0.7755355543264418,0.0011163127297554839
5537980,2020-05-08,14,1.9421428571428572,27.19,3.17,14,0.8919339123391479,1.814975610431328e-5
5537980,2020-05-09,14,2.1335714285714285,29.87,3.57,14,0.7075622225120018,0.004643200709938046
5537980,2020-05-10,14,0.6071428571428571,8.5,0.95,14,-0.44523823817938,0.11062621074031224
5537980,2020-05-11,14,1.185,16.59,2.23,14,0.5268964851787095,0.05287879107869254
5537980,2020-05-12,14,1.9,26.6,3.34,14,0.7327489892223928,0.002873498093812182
5537980,2020-05-13,14,1.5685714285714285,21.96,3.04,14,0.7004913631350431,0.005267988645709413
5537980,2020-05-14,14,0.7042857142857143,9.86,1.87,14,0.5027656981891526,0.06689468242245687
5537980,2020-05-15,15,1.396,20.94,3.06,15,-0.9841421232432059,3.788318519062758e-11
5537980,2020-05-16,15,1.568,23.52,2.97,15,0.2795659452448748,0.3129126192907189
5537980,2020-05-17,15,0.408,6.12,0.95,15,0.4438245808056591,0.09747472986016327
5537980,2020-05-18,15,0.8059999999999999,12.09,1.5,15,0.8023336647875836,3.1904847486720106e-4
5537980,2020-05-19,15,0.5813333333333334,8.72,1.1,15,-0.2078895983602403,0.4571885722683655
5537980,2020-05-20,15,1.144,17.16,1.95,15,-0.7855085550800884,5.194080278958824e-4
5537980,2020-05-21,15,0.9406666666666667,14.11,2.16,15,0.681876574090292,0.005110383650106166
5537980,2020-05-22,15,1.274,19.11,2.47,15,0.7103675581715408,0.0029994838684288877
5537980,2020-05-23,15,1.4,21,2.61,15,-0.45865403692584716,0.08550908864960391
5537980,2020-05-24,15,1.692,25.38,3.24,15,-0.39567800183660173,0.1443232604719
5537980,2020-05-25,15,1.268,19.02,3.04,15,-0.6166485751776519,0.014347785595698746
5537980,2020-05-26,15,1.5126666666666666,22.69,2.92,15,0.10769456602414715,0.7024403184877973
5537980,2020-05-27,15,1.302,19.53,2.68,15,0.3874418868601738,0.15362917338429063
5537980,2020-05-28,15,1.0366666666666666,15.55,2.89,15,0.908557333082676,2.782138429986873e-6
5537980,2020-05-29,15,1.8086666666666666,27.13,3.41,15,0.4665965439040487,0.07954827505397816
5537980,2020-05-30,15,1.8433333333333333,27.65,2.96,15,0.6951242932721504,0.004017802531603656
5537980,2020-05-31,15,2.074,31.11,3.58,15,0.787270485904956,4.945554240251517e-4
5537980,2020-06-01,15,0.9433333333333334,14.15,2.25,15,0.7196818088743985,0.0024866931606605113
5537980,2020-06-02,15,1.922,28.83,3.38,15,0.9147627251992619,1.789200407070507e-6
5537980,2020-06-03,15,0.8486666666666667,12.73,2.46,15,0.7849226411246233,5.278943225409823e-4
5537980,2020-06-04,15,1.482,22.23,2.57,15,0.927167101795814,6.636678090208845e-7
5537980,2020-06-05,15,1.4713333333333334,22.07,2.81,15,0.9478836389072679,7.927586418313843e-8
5537980,2020-06-06,15,1.922,28.83,3.49,15,0.9705968670726268,2.0289185139195695e-9
5537980,2020-06-07,16,1.7275,27.64,3.44,16,0.9342218768410769,1.199251608283892e-7
5537980,2020-06-08,16,1.85375,29.66,3.52,16,0.9728870653822095,2.688399365918496e-10
5537980,2020-06-09,16,0.9075,14.52,2.11,16,0.47484271412991863,0.06308360851021058
5537980,2020-06-10,16,1.145625,18.33,2.9,16,0.3011689517149214,0.25699424810463073
5537980,2020-06-11,16,1.835625,29.37,3.52,16,0.8230577023489765,8.99387374346269e-5
5537980,2020-06-12,16,1.919375,30.71,3.56,16,0.8973351465034973,2.4477707691765397e-6
5537980,2020-06-13,16,1.810625,28.97,3.48,16,0.9069244886027132,1.2648654487686258e-6
5537980,2020-06-14,16,1.895625,30.33,3.59,16,0.8664844524999462,1.4145760728525852e-5
5537980,2020-06-15,16,1.953125,31.25,3.59,16,0.8763110041829149,8.51197876533136e-6
5537980,2020-06-16,16,1.865625,29.85,3.43,16,0.9470293429615105,2.726119192012847e-8
5537980,2020-06-17,16,1.664375,26.63,3.07,16,0.9642527702263909,1.819640305728045e-9
5537980,2020-06-18,16,1.740625,27.85,3.26,16,0.8268368482641684,7.815287758093173e-5
5537980,2020-06-19,16,1.685,26.96,3.02,16,0.9745824086218073,1.7185106081180467e-10
5537980,2020-06-20,16,1.079375,17.27,2,16,0.9350394397358707,1.1011473783294363e-7
5537980,2020-06-21,16,1.3225,21.16,2.48,16,0.9527790230001487,1.2386011270023007e-8
5537980,2020-06-22,16,1.156875,18.51,2.83,16,0.37056254370098535,0.1576815193639829
5537980,2020-06-23,16,1.62,25.92,3.27,16,0.8685153698129944,1.2778300743269544e-5
5537980,2020-06-24,16,1.731875,27.71,3.15,16,0.05593018279011104,0.8369995651197525
5537980,2020-06-25,16,1.77375,28.38,3.13,16,0.9096809398196308,1.0325580113907303e-6
5537980,2020-06-26,16,0.9975,15.96,2.5,16,-0.0665510039528706,0.8065487625108794
5537980,2020-06-27,16,1.386875,22.19,2.75,16,0.9354942730790303,1.0495844362307276e-7
5537980,2020-06-28,16,1.440625,23.05,2.64,16,-0.9061433875497104,1.3382132421616625e-6
5537980,2020-06-29,16,1.3531250000000001,21.650000000000002,2.72,16,0.9353310589955605,1.0678461621764356e-7
5537980,2020-06-30,16,1.323125,21.17,2.75,16,0.9722562261487294,3.1527508688900134e-10
5537980,2020-07-01,16,1.5562500000000001,24.900000000000002,3.09,16,0.9670687560997706,1.0322882430381994e-9
5537980,2020-07-02,16,1.65,26.4,3.14,16,0.9346189793343361,1.1507123673299357e-7
5537980,2020-07-03,16,1.7625,28.2,3.24,16,0.9074449712269271,1.217903091239237e-6
5537980,2020-07-04,16,1.7125000000000001,27.400000000000002,3.22,16,0.9339252436448198,1.2366351889851692e-7
5537980,2020-07-05,16,1.7075,27.32,3.21,16,0.9835676576246849,8.306884172599457e-12
5537980,2020-07-06,16,1.72625,27.62,3.19,16,0.9172567934359763,5.708631078380035e-7
5537980,2020-07-07,16,1.669375,26.71,3.24,16,0.9326486641052208,1.4090316415292003e-7
5537980,2020-07-08,16,1.56,24.96,2.93,16,0.6794153303291204,0.0037931779815984015
5537980,2020-07-09,16,1.553125,24.85,3.09,16,0.7272727365628969,0.0014102841699948727
5537980,2020-07-10,16,1.73,27.68,3.23,16,0.7616724189957375,6.068238408658808e-4
5537980,2020-07-11,16,1.456875,23.31,2.73,16,-0.7836474164496222,3.284849216837855e-4
5537980,2020-07-12,16,1.601875,25.63,3.08,16,0.886178882567516,4.887465256510297e-6
5537980,2020-07-13,16,1.69375,27.1,3.12,16,0.793097175391228,2.468927773010274e-4
5537980,2020-07-14,16,1.6125,25.8,3.18,16,0.8084377896393979,1.5042043706948508e-4
5537980,2020-07-15,15,0.608,9.12,1.79,15,0.8541620630339758,5.046540428967317e-5
5537980,2020-07-16,14,1.7564285714285715,24.59,2.97,14,0.9400410971877053,5.890446700952004e-7
5537980,2020-07-17,14,1.967142857142857,27.54,3.38,14,0.8569804615937732,9.013683973728346e-5
5537980,2020-07-18,14,1.3492857142857142,18.89,2.6,14,0.963866424352074,2.972281713839513e-8
5537980,2020-07-19,14,0.7957142857142857,11.14,2.18,14,-0.33186234575360596,0.24638592296084974
5537980,2020-07-20,14,1.6064285714285715,22.49,2.66,14,0.8671005604172781,5.9377548593262076e-5
5537980,2020-07-21,14,0.8078571428571428,11.31,2.29,14,-0.7234256600705511,0.0034520049808372307
5537980,2020-07-22,14,1.5178571428571428,21.25,2.72,14,0.6146299202612614,0.01933935355891264
5537980,2020-07-23,14,1.815,25.41,2.96,14,0.960226488342515,5.245046584206049e-8
5537980,2020-07-24,14,1.97,27.58,3.27,14,0.9198983391867597,3.203328815128607e-6
5537980,2020-07-25,14,1.8842857142857143,26.38,3.22,14,0.9485979702931494,2.382586134146349e-7
5537980,2020-07-26,14,1.885,26.39,3.16,14,0.9454791894419456,3.369588745963831e-7
5537980,2020-07-27,14,1.1064285714285713,15.49,2.38,14,0.824162068143671,2.888302621351412e-4
5537980,2020-07-28,14,2.019285714285714,28.27,3.33,14,0.9738550006162728,4.358798217793513e-9
5537980,2020-07-29,14,1.7585714285714285,24.62,3.08,14,0.7481395155067762,0.0020882152243684527
5537980,2020-07-30,14,0.8535714285714285,11.95,1.71,14,-0.4089541146821695,0.14652775945084354
5537980,2020-07-31,14,1.4035714285714287,19.650000000000002,2.47,14,0.5418896545935221,0.04532278763694644
5537980,2020-08-01,14,0.7307142857142858,10.23,1.72,14,0.586474702153736,0.027495561830306613
5537980,2020-08-02,14,1.5678571428571428,21.95,2.98,14,0.7516244489312526,0.0019366836871380513
5537980,2020-08-03,14,0.8078571428571428,11.31,1.34,14,0.0668265638456134,0.820437658234016
5537980,2020-08-04,14,1.8614285714285714,26.06,2.98,14,-0.3307872751443095,0.2480130686143759
5537980,2020-08-05,14,1.44,20.16,2.56,14,0.9663742226855211,1.9409954744827502e-8
5537980,2020-08-06,14,1.687142857142857,23.62,2.81,14,0.8751599735602011,4.154355900698964e-5
5537980,2020-08-07,14,1.8114285714285714,25.36,3.12,14,0.7405765755683371,0.0024494006203474275
5537980,2020-08-08,14,1.6542857142857144,23.16,2.93,14,0.6240525276492164,0.017068761410579895
5537980,2020-08-09,14,1.4242857142857144,19.94,2.91,14,0.8764574493483328,3.913351998078732e-5
5537980,2020-08-10,14,1.0014285714285713,14.02,2.41,14,0.25751440126222525,0.37409784983238903
5537980,2020-08-11,14,1.8564285714285713,25.99,3.27,14,0.8756191757111328,4.067713459030423e-5
5537980,2020-08-12,14,1.935,27.09,3.31,14,0.7975905975991785,6.319200833465613e-4
5537980,2020-08-13,14,1.802857142857143,25.24,3.12,14,0.8595267916484572,8.139530111823697e-5
5537980,2020-08-14,14,1.8257142857142856,25.56,3.16,14,0.7574979114121594,0.0017011325920513005
5537980,2020-08-15,14,1.3157142857142856,18.419999999999998,2.44,14,-0.38591619896963525,0.1729318252402014
5537980,2020-08-16,14,1.8364285714285715,25.71,3.22,14,0.9495867534199056,2.1250733160045278e-7
5537980,2020-08-17,14,1.2257142857142858,17.16,2.29,14,0.4934772507161429,0.07293693206026758
5537980,2020-08-18,14,1.6035714285714286,22.45,2.89,14,0.952329838705992,1.5282290815681336e-7
5537980,2020-08-19,14,1.7957142857142856,25.14,3.1,14,0.869228246763661,5.415697913255539e-5
5537980,2020-08-20,14,1.8414285714285714,25.78,3.2,14,0.8428790418909317,1.5346062455472249e-4
5537980,2020-08-21,14,1.802142857142857,25.23,3.16,14,0.9414972323301779,5.098846564743894e-7
5537980,2020-08-22,14,1.6592857142857143,23.23,3,14,0.905473785852051,8.378525398211213e-6
5537980,2020-08-23,14,1.3857142857142857,19.4,2.62,14,0.9453314861079269,3.423625277579307e-7
5537980,2020-08-24,14,1.6042857142857143,22.46,2.95,14,0.8264641312016101,2.682880401225124e-4
5537980,2020-08-25,14,1.4328571428571428,20.06,2.66,14,0.7421142167814966,0.0023722423866199363
5537980,2020-08-26,14,1.5207142857142857,21.29,2.78,14,0.9490024807243929,2.2742880027353866e-7
5537980,2020-08-27,14,1.54,21.56,2.75,14,0.46646435017441523,0.09269334017156622
5537980,2020-08-28,14,1.5278571428571428,21.39,2.79,14,0.9694691755952007,1.0948097894091326e-8
5537980,2020-08-29,14,1.4364285714285714,20.11,2.71,14,-0.836481700797587,1.9215011609779046e-4
5537980,2020-08-30,14,1.457142857142857,20.4,2.62,14,0.5507500914367149,0.041246709144430356
5537980,2020-08-31,14,1.2557142857142858,17.580000000000002,2.66,14,0.8115627776629206,4.249608493240988e-4
5537980,2020-09-01,14,0.3678571428571429,5.15,0.69,14,-0.5486202986573975,0.04220089300167084
5537980,2020-09-02,14,1.4485714285714286,20.28,2.7,14,0.9419802873501185,4.856539806501053e-7
5537980,2020-09-03,13,1.6192307692307693,21.05,2.69,13,0.8554893718357297,1.9211508050187939e-4
5537980,2020-09-04,13,1.823846153846154,23.71,3.11,13,0.78282194284813,0.0015561074897387996
5537980,2020-09-05,13,1.7353846153846155,22.560000000000002,2.99,13,0.9304817348631486,3.984101619338607e-6
5537980,2020-09-06,12,0.89,10.68,1.88,12,-0.814352241797562,0.0012599980445875969
5537980,2020-09-07,13,1.3192307692307692,17.15,2.35,13,0.4277226686666804,0.14485415332768845
5537980,2020-09-08,13,0.4523076923076923,5.88,1.58,13,-0.354359121910599,0.23484691209025238
5537980,2020-09-09,13,0.3992307692307692,5.19,0.81,13,-0.4662123824185721,0.10831219862041729
5537980,2020-09-10,13,0.6746153846153846,8.77,1.69,13,0.6876020801653139,0.009394492858363648
5537980,2020-09-11,13,0.42153846153846153,5.48,0.95,13,0.7336456401267433,0.004313071248331235
5537980,2020-09-12,13,0.3523076923076923,4.58,0.84,13,-0.5314220258428041,0.061629638663036466
5537980,2020-09-13,13,1.5761538461538462,20.49,2.81,13,0.7078111532628,0.006792135606060275
5537980,2020-09-14,13,1.1792307692307693,15.33,2.25,13,0.8826242888981954,6.462760533069468e-5
5537980,2020-09-15,13,1.3169230769230769,17.12,2.52,13,0.9562067664286205,3.2981533146114223e-7
5537980,2020-09-16,13,1.313076923076923,17.07,2.42,13,0.9833732025938597,1.6893016625208667e-9
5537980,2020-09-17,12,1.3916666666666666,16.7,2.39,12,0.7727074315048849,0.003214861779640486
5537980,2020-09-18,12,1.3983333333333332,16.78,2.17,12,0.5358780919071342,0.07252314883875204
5537980,2020-09-19,12,1.7858333333333334,21.43,2.91,12,0.8711617774496653,2.2431734063346176e-4
5537980,2020-09-20,12,1.5666666666666667,18.8,2.85,12,0.9254543540669098,1.5981778662674603e-5
5537980,2020-09-21,12,1.55,18.6,2.7,12,0.7202405869206105,0.008244933370274982
5537980,2020-09-22,12,1.3633333333333333,16.36,2.38,12,0.9350620902515243,8.14983177420173e-6
5537980,2020-09-23,12,1.2683333333333333,15.219999999999999,2.15,12,0.9805514123493688,2.1211001462035576e-8
5537980,2020-09-24,12,1.4091666666666667,16.91,2.37,12,0.9582373184875891,9.326547600915133e-7
5537980,2020-09-25,12,1.515,18.18,2.57,12,0.9513139426080977,1.984737668209748e-6
5537980,2020-09-26,12,0.7483333333333333,8.98,1.65,12,0.7461486220885584,0.005321075757965358
5537980,2020-09-27,12,0.8691666666666666,10.43,1.44,12,0.8173384296261799,0.0011681000024869694
5537980,2020-09-28,12,0.7033333333333334,8.44,1.56,12,0.8118351461714121,0.0013416950390724913
5537980,2020-09-29,12,0.9483333333333334,11.38,1.7,12,0.6356256852942834,0.026325286320342256
5537980,2020-09-30,12,0.9441666666666667,11.33,2.1,12,0.37199424227986616,0.23376542872246125
5537980,2020-10-01,12,1.0008333333333332,12.01,1.8,12,0.5748887273019169,0.050539010756075455
5537980,2020-10-02,12,1.3375,16.05,2.34,12,-0.8930437422455785,9.188590789439782e-5
5537980,2020-10-03,12,0.6008333333333333,7.21,1.3,12,-0.15282362117758852,0.6353786285607266
5537980,2020-10-04,12,1.2583333333333333,15.1,2.35,12,-0.6797256351880064,0.015025871108189903
5537980,2020-10-05,12,1.5008333333333332,18.01,2.59,12,0.7185373350938303,0.008472076561290362
5537980,2020-10-06,12,1.2691666666666666,15.23,2.32,12,0.7354688859076154,0.006410951701260143
5537980,2020-10-07,12,1.4208333333333334,17.05,2.5,12,-0.6729929512840102,0.016461555206999528
5537980,2020-10-08,11,1.5663636363636364,17.23,2.51,11,0.7546726958316959,0.007266524779956268
5537980,2020-10-09,11,1.251818181818182,13.77,2.12,11,0.8563666441034805,7.643123841350916e-4
5537980,2020-10-10,11,1.0645454545454547,11.71,2.04,11,0.7555351108890118,0.007161995960308439
5537980,2020-10-11,11,1.1036363636363635,12.14,1.97,11,-0.6144675325317966,0.04426972233983247
5537980,2020-10-12,11,0.3663636363636364,4.03,0.8,11,0.0999837076861597,0.7699116209173302
5537980,2020-10-13,11,1.3336363636363635,14.67,2.34,11,-0.8042205431663936,0.0028442594231739104
5537980,2020-10-14,11,1.0727272727272728,11.8,2.24,11,-0.5043858900103769,0.11361417382155617
5537980,2020-10-15,11,1.2127272727272727,13.34,2.03,11,-0.8646451879155642,5.924924897787549e-4
5537980,2020-10-16,11,1.0327272727272727,11.36,1.77,11,-0.4421419058633562,0.17331177788976873
5537980,2020-10-17,11,0.7,7.7,1.6,11,-0.35938160660827656,0.27770504000129564
5537980,2020-10-18,11,0.31727272727272726,3.49,0.54,11,-0.7596551259560819,0.006677756145361018
5537980,2020-10-19,11,0.6836363636363637,7.5200000000000005,1.87,11,-0.7518176607271126,0.007620543165752163
5537980,2020-10-20,11,0.6354545454545455,6.99,1.2,11,-0.5671875252821502,0.06880455592528925
5537980,2020-10-21,11,0.9118181818181819,10.03,1.85,11,0.9380268716089374,1.964899129642058e-5
5537980,2020-10-22,11,0.75,8.25,1.4,11,-0.44778053793523126,0.16724685480768572
5537980,2020-10-23,11,0.30363636363636365,3.34,0.6,11,0.8541392563752855,8.163589861837916e-4
5537980,2020-10-24,11,1.0072727272727273,11.08,1.9,11,0.9000914731180251,1.5933566621123817e-4
5537980,2020-10-25,11,0.3990909090909091,4.39,0.76,11,0.9920066600310182,2.1120969541905495e-9
5537980,2020-10-26,11,0.38272727272727275,4.21,0.7,11,-0.215581427038373,0.5243630064671474
5537980,2020-10-27,11,0.3181818181818182,3.5,0.56,11,0.4779220539078978,0.1370632013163781
5537980,2020-10-28,11,0.9436363636363636,10.379999999999999,1.77,11,-0.15011414947734877,0.6595370465638758
5537980,2020-10-29,11,0.45272727272727276,4.98,1.02,11,0.7130593422325089,0.013767093350258117
5537980,2020-10-30,11,1.2063636363636363,13.27,2.12,11,0.21612110734283724,0.5232997580951313
5537980,2020-10-31,11,1.1436363636363636,12.58,2.06,11,0.8702958308210565,4.932188550040551e-4
5537980,2020-11-02,11,1.1109090909090908,12.22,1.93,11,0.23811953724701795,0.4807533103436826
5537980,2020-11-03,11,1.1127272727272728,12.24,2.06,11,0.8343852307702931,0.001403029472969522
5537980,2020-11-04,11,1.1190909090909091,12.31,2,11,0.9396529686703027,1.7474760495226745e-5
5537980,2020-11-05,11,0.9472727272727273,10.42,1.82,11,0.08697691373929692,0.7992766458433653
5537980,2020-11-06,11,1.03,11.33,1.86,11,0.09529214176954788,0.78047437030345
5537980,2020-11-07,11,1.0654545454545454,11.72,1.92,11,0.9266104910441688,4.135184811600734e-5
5537980,2020-11-08,11,0.8263636363636364,9.09,1.76,11,-0.3421161580526086,0.3030938700269284
5537980,2020-11-09,10,0.6779999999999999,6.78,1.2,10,0.8794063142393418,7.979984807265754e-4
5537980,2020-11-10,10,0.547,5.47,1.07,10,0.5166928731682686,0.12622049004325686
5537980,2020-11-11,10,1.0070000000000001,10.07,1.81,10,0.8613219785431508,0.0013640873834934219
5537980,2020-11-12,10,1.106,11.06,1.84,10,0.9746588982992421,1.7498939555639043e-6
5537980,2020-11-13,10,1.155,11.549999999999999,1.92,10,-0.20622172643992517,0.5675899457576103
5537980,2020-11-14,10,0.427,4.27,0.7,10,0.027037342641417387,0.940899029470891
5537980,2020-11-15,10,0.375,3.75,0.61,10,-0.4694732528799946,0.17101491343253467
5537980,2020-11-16,10,1.095,10.95,1.86,10,0.77165158219623875,0.008935674677308129
5537980,2020-11-17,10,1.112,11.12,1.9,10,0.09829016065591654,0.7870554600605985
5537980,2020-11-18,10,1.023,10.23,1.75,10,0.5924741987467421,0.07109541304402878
5537980,2020-11-19,10,0.809,8.09,1.37,10,0.7481551084908328,0.01281904260179684
5537980,2020-11-20,10,0.914,9.14,1.61,10,0.30931984013487296,0.38447078594548467
5537980,2020-11-21,10,0.72,7.2,1.37,10,0.5183756286498111,0.12477576820096353
5537980,2020-11-22,10,0.505,5.05,0.9,10,0.8072856972638792,0.004747869338842141
5537980,2020-11-23,10,0.862,8.62,1.56,10,0.007690482620092819,0.9831780642006294
5537980,2020-11-24,9,0.14222222222222222,1.28,0.23,9,-0.7253639144853936,0.026987577035680308
5537980,2020-11-25,10,0.157,1.57,0.25,10,-0.655466341246289,0.03963774716147788
5537980,2020-11-26,10,0.428,4.28,0.73,10,-0.8498232049706292,0.0018488326856839871
5537980,2020-11-27,10,0.468,4.68,0.84,10,0.8434373132112354,0.0021662796010864893
5537980,2020-11-28,10,0.973,9.73,1.7,10,0.8181123171135039,0.003820415333221016
5537980,2020-11-29,9,0.6855555555555556,6.17,1.18,9,-0.5782711621540724,0.10287228048453567
5537980,2020-11-30,9,0.3822222222222222,3.44,0.75,9,0.1458185901699942,0.708154227024818
5537980,2020-12-01,9,0.9855555555555555,8.87,1.58,9,-0.8017194335120837,0.009358140685149749
5537980,2020-12-02,9,1.0477777777777777,9.43,1.66,9,0.6409811489972301,0.06284839137125484
5537980,2020-12-03,9,0.9877777777777778,8.89,1.56,9,-0.5632672947761852,0.11428147497399707
5537980,2020-12-04,9,1.011111111111111,9.1,1.61,9,0.8772521453352872,0.001888367209099368
5537980,2020-12-05,9,0.8711111111111112,7.84,1.4,9,0.5774842884478864,0.10345266285880814
5537980,2020-12-06,9,0.4666666666666667,4.2,0.75,9,-0.7403291535081301,0.02254101251723601
5537980,2020-12-07,9,0.5066666666666667,4.56,0.83,9,-0.6782098902419157,0.04464329510858123
5537980,2020-12-08,9,0.33,2.97,0.63,9,-0.18945679973686352,0.6254007198387392
5537980,2020-12-09,9,0.9711111111111111,8.74,1.57,9,-0.30410048979560345,0.42626883277584815
5537980,2020-12-10,9,0.92,8.28,1.53,9,0.896305646820719,0.0010667545761646681
5537980,2020-12-11,9,0.2288888888888889,2.06,0.4,9,-0.6760940149805493,0.04557321974850642
5537980,2020-12-12,9,0.23444444444444443,2.11,0.48,9,0.019823796240486545,0.959628516996712
5537980,2020-12-13,9,0.8122222222222222,7.31,1.4,9,0.5910643324915134,0.0937131228789716
5537980,2020-12-14,9,0.9355555555555556,8.42,1.52,9,0.5021653310515324,0.1683295584952084
5537980,2020-12-15,9,0.7022222222222223,6.32,1.3,9,0.565489011277849,0.11254628315511837
5537980,2020-12-16,9,0.3411111111111111,3.07,0.69,9,0.02451102240575854,0.950091548031845
5537980,2020-12-17,9,0.4277777777777778,3.85,0.74,9,-0.5513950836631393,0.12382520140235667
5537980,2020-12-18,10,0.545,5.45,1.07,10,-0.142760354896046,0.6939988701790917
5537980,2020-12-19,10,0.435,4.35,1.06,10,-0.4988135877696447,0.1422107622753994
5537980,2020-12-20,10,0.8160000000000001,8.16,1.51,10,0.8341410239626241,0.0026963150473808847
5537980,2020-12-21,10,0.6900000000000001,6.9,1.48,10,-0.8472304917174875,0.0019733446331029665
5537980,2020-12-22,10,0.553,5.53,1.06,10,-0.2747001060526043,0.44242187499189767
5537980,2020-12-23,10,0.509,5.09,1.07,10,0.30438897995662423,0.39248801078623696
5537980,2020-12-24,10,0.5770000000000001,5.7700000000000005,1.1,10,-0.8915067773964954,5.307565846615646e-4
5537980,2020-12-25,10,0.892,8.92,1.6,10,-0.45198436539968123,0.18971501530186607
5537980,2020-12-26,10,0.854,8.54,1.58,10,0.1457808218133612,0.6877956556288571
5537980,2020-12-27,10,0.503,5.03,0.93,10,-0.7471073698724086,0.013015676458086607
5537980,2020-12-28,10,0.49,4.9,0.96,10,-0.48949661463324684,0.1510104187844372
5537980,2020-12-29,10,0.292,2.92,0.51,10,-0.18097999768789327,0.6168204199271559
5537980,2020-12-30,10,0.185,1.85,0.3,10,-0.8044022763352985,0.005019742180138695
5537980,2020-12-31,10,0.543,5.43,1,10,-0.3589146105453018,0.3084364443132805
5537980,2021-01-01,10,0.196,1.96,0.53,10,-0.6051092489967106,0.06380010302398641
5537980,2021-01-02,10,0.369,3.69,0.54,10,-0.6980322621375026,0.024781968941337402
5537980,2021-01-03,10,0.34800000000000003,3.48,0.71,10,-0.706849077488115,0.022274447067025915
5537980,2021-01-04,10,0.449,4.49,0.89,10,-0.42844144881212554,0.21670198913824873
5537980,2021-01-05,10,0.46299999999999997,4.63,0.83,10,-0.7010516613969484,0.02390249848439703
5537980,2021-01-06,10,0.674,6.74,1.37,10,0.3816522949565457,0.27648156746922614
5537980,2021-01-07,10,0.468,4.68,0.78,10,-0.36355393950526776,0.301764911953923
5537980,2021-01-08,10,0.513,5.13,1.02,10,-0.4930569372475916,0.14760980457202982
5537980,2021-01-09,10,0.771,7.71,1.42,10,0.35275395833947826,0.3174145647287138
5537980,2021-01-10,10,0.434,4.34,0.89,10,-0.32984226089045376,0.3519780482362083
5537980,2021-01-11,10,0.478,4.78,0.83,10,-0.33791012181727753,0.3395982395098745
5537980,2021-01-12,10,0.931,9.31,1.62,10,-0.0554703870059007,0.8790312029539908
5537980,2021-01-13,10,0.673,6.73,1.28,10,-0.9384389363441653,5.831131105585829e-5
5537980,2021-01-14,10,0.40399999999999997,4.04,0.74,10,-0.855037363437279,0.0016157802595182132
5537980,2021-01-15,10,0.634,6.34,1.14,10,0.6728938585585613,0.03298147442659434
5537980,2021-01-16,10,0.274,2.7399999999999998,0.47,10,-0.7052170343372761,0.022724785729199337
5537980,2021-01-17,10,0.514,5.140000000000001,0.9,10,-0.6527587857383683,0.040746992837819206
5537980,2021-01-18,10,0.416,4.16,0.72,10,-0.3863652591973258,0.2700933242905391
5537980,2021-01-19,10,0.47300000000000003,4.73,0.87,10,-0.4551993452492937,0.1861912635605786
5537980,2021-01-20,10,1.043,10.43,1.79,10,-0.66365785157653,0.03640603175791236
5537980,2021-01-21,10,1.095,10.95,1.86,10,0.22809636031626696,0.526198772835873
5537980,2021-01-22,10,1.115,11.15,1.87,10,-0.8153514447693365,0.004043333314655023
5537980,2021-01-23,10,1.052,10.52,1.79,10,-0.6982670520841822,0.024712796915107277
5537980,2021-01-24,10,0.518,5.18,0.81,10,-0.7476275321230057,0.012917793338924706
5537980,2021-01-25,10,0.309,3.09,0.74,10,-0.7897348191154071,0.006577238363108045
5537980,2021-01-26,10,0.33999999999999997,3.4,0.71,10,-0.007024455901441104,0.9846347608972582
5537980,2021-01-27,10,0.675,6.75,1.71,10,-0.06096942849250802,0.8671240451777308
5537980,2021-01-28,10,1.095,10.95,1.76,10,-0.8444322055394271,0.0021144136101876043
5537980,2021-01-29,10,0.995,9.95,1.77,10,-0.43337602618981547,0.21087318718074474
5537980,2021-01-30,10,0.375,3.75,0.7,10,-0.8588185637560118,0.0014606537769235781
5537980,2021-01-31,10,0.454,4.54,0.76,10,0.4114063006281148,0.23752476578319784
5537980,2021-02-01,10,1.147,11.469999999999999,2.05,10,-0.46144841225338257,0.1794530523668257
5537980,2021-02-02,10,1.17,11.7,1.98,10,0.03614240801301677,0.9210416775303156
5537980,2021-02-03,10,1.236,12.36,2.04,10,-0.735653461406711,0.01530490799617963
5537980,2021-02-04,10,0.251,2.5100000000000002,0.36,10,-0.8903160086086839,5.536198348397208e-4
5537980,2021-02-05,10,1.355,13.55,2.18,10,-0.25426966071360496,0.478372592520104
5537980,2021-02-06,10,1.079,10.79,1.76,10,-0.5214516755452471,0.12216146166571405
5537980,2021-02-07,10,1.364,13.64,2.22,10,-0.3650121410719981,0.299683920229266
5537980,2021-02-08,10,0.713,7.13,1.51,10,-0.07423886857905243,0.8384945583900597
5537980,2021-02-09,10,1.253,12.53,2.05,10,-0.8442504795219273,0.0021238196979822066
5537980,2021-02-10,10,0.8210000000000001,8.21,1.37,10,-0.3946143266364669,0.25910840586134526
5537980,2021-02-11,10,1.258,12.58,1.9,10,0.4524393777156816,0.18921394459877597
5537980,2021-02-12,10,1.048,10.48,1.78,10,-0.26707579567652145,0.455691192571296
5537980,2021-02-13,11,0.8909090909090909,9.8,1.71,11,-0.40791247031471395,0.21299317236864868
5537980,2021-02-14,11,1.1545454545454545,12.7,2.15,11,-0.6841712531809155,0.02023516099191237
5537980,2021-02-15,11,0.6063636363636363,6.67,1.55,11,-0.2919769243134358,0.38363475063921737
5537980,2021-02-16,11,1.3963636363636363,15.36,2.41,11,-0.02720889441049659,0.9367066788350156
5537980,2021-02-17,11,1.1572727272727272,12.73,2.24,11,-0.010844314730518117,0.9747556276035223
5537980,2021-02-18,11,1.248181818181818,13.73,2.21,11,-0.4460937729412671,0.16904722274929446
5537980,2021-02-19,11,1.3254545454545454,14.58,2.16,11,0.5452567196236648,0.08278484974998918
5537980,2021-02-20,11,1.4236363636363636,15.66,2.36,11,-0.2667695721658669,0.4277893238992607
5537980,2021-02-21,11,0.8645454545454546,9.51,1.59,11,-0.18385928654874195,0.5883962716498645
5537980,2021-02-22,11,1.011818181818182,11.13,2.24,11,0.5123415395186814,0.1071094219564577
5537980,2021-02-23,11,1.470909090909091,16.18,2.51,11,-0.18046232295229148,0.5954240386768822
5537980,2021-02-24,12,1.3074999999999999,15.69,2.46,12,0.4953056004077599,0.10155583755968982
5537980,2021-02-25,12,1.3508333333333333,16.21,2.45,12,-0.674392438768055,0.01615516016009337
5537980,2021-02-26,12,1.3333333333333333,16,2.47,12,0.7935820411170762,0.002062650528078073
5537980,2021-02-27,12,1.3733333333333333,16.48,2.45,12,-0.006391624840348755,0.9842714675005055
5537980,2021-02-28,12,0.8308333333333333,9.97,1.48,12,-0.5156207026837069,0.08619270753433343
5537980,2021-03-01,12,1.2833333333333334,15.4,2.23,12,0.3390468340786589,0.28098900170099844
5537980,2021-03-02,12,1.4241666666666666,17.09,2.55,12,-0.44947027585327876,0.14266434039434667
5537980,2021-03-03,12,1.4141666666666666,16.97,2.53,12,0.5854650730575921,0.045497342319698354
5537980,2021-03-04,12,1.3508333333333333,16.21,2.59,12,0.2799992458434985,0.3780732538118925
5537980,2021-03-05,12,1.405,16.86,2.44,12,-0.47687649922832426,0.11698655987987837
5537980,2021-03-06,12,1.4275,17.13,2.47,12,0.2793214483050008,0.3792775371444945
5537980,2021-03-07,12,1.2766666666666666,15.32,2.34,12,0.48371693956200673,0.1110898654997054
5537980,2021-03-08,12,1.3,15.6,2.13,12,-0.1273526358127451,0.6932723561717214
5537980,2021-03-09,12,1.33,15.959999999999999,2.48,12,0.8986143374548509,7.100655317771771e-5
5537980,2021-03-10,12,0.7525,9.03,1.98,12,0.7047736899087884,0.010483171374155043
5537980,2021-03-11,12,1.5625,18.75,2.71,12,0.6787744031220436,0.015222893722245463
5537980,2021-03-12,12,1.2591666666666665,15.11,2.48,12,0.6830953189556874,0.014343023841738323
5537980,2021-03-13,12,1.5466666666666666,18.56,2.56,12,0.8301084125487943,8.317736656174376e-4
5537980,2021-03-15,12,0.27666666666666667,3.32,0.55,12,-0.6566913638152261,0.020352713775524972
5537980,2021-03-16,12,0.475,5.7,0.98,12,-0.7385956934427997,0.0060759384309789005
5537980,2021-03-17,12,0.35333333333333333,4.24,0.72,12,-0.8136639675299265,0.001281946162346536
5537980,2021-03-18,12,0.8108333333333333,9.73,1.62,12,-0.7904937530898049,0.0022092652744818957
5537980,2021-03-19,12,1.7866666666666666,21.44,2.99,12,0.38249293013941216,0.21978400507129517
5537980,2021-03-20,12,1.815,21.78,2.96,12,0.27353876659205906,0.389632232884756
5537980,2021-03-21,12,1.7525,21.03,2.92,12,0.5365653507774684,0.07208735779770453
5537980,2021-03-22,12,1.3166666666666667,15.8,2.32,12,0.8829879084042722,1.4150462477069574e-4
5537980,2021-03-23,12,0.42833333333333334,5.14,1.04,12,0.8585926780143494,3.4947083692804466e-4
5537980,2021-03-24,12,0.5641666666666667,6.7700000000000005,1.03,12,0.9149377727940368,3.036320667010172e-5
5537980,2021-03-25,12,0.6266666666666667,7.5200000000000005,1.04,12,0.8150829934205628,0.001237012987162483
5537980,2021-03-26,12,0.6908333333333333,8.290000000000001,1.29,12,0.948393241947748,2.6427606283124766e-6
5537980,2021-03-27,12,1.1541666666666666,13.85,2.29,12,0.9373430643260277,6.842186137569088e-6
5537980,2021-03-28,12,1.4275,17.13,2.93,12,0.25616045484983024,0.42160224226057097
5537980,2021-03-29,12,1.8408333333333333,22.09,3.01,12,0.8846743712316868,1.3198450160132835e-4
5537980,2021-03-30,12,1.4066666666666667,16.88,2.46,12,0.8993020851722684,6.871249653637342e-5
5537980,2021-03-31,13,1.5569230769230769,20.24,2.94,13,-0.34946380197255195,0.24183216654977965
5537980,2021-04-01,12,1.9966666666666666,23.96,3.23,12,0.4431243388653417,0.14908732344751371
5537980,2021-04-02,13,1.7869230769230768,23.23,3.14,13,0.7516200669584835,0.0030505414497729085
5537980,2021-04-03,13,1.7653846153846153,22.95,3.03,13,0.9395127831604828,1.8862331193459348e-6
5537980,2021-04-04,13,1.6784615384615384,21.82,3.02,13,0.9656869695583357,8.780430174737287e-8
5537980,2021-04-05,14,0.9285714285714286,13,2.04,14,0.8961045783783679,1.4466437775831296e-5
5537980,2021-04-06,14,1.3907142857142858,19.47,2.92,14,0.974803589208899,3.499119686998067e-9
5537980,2021-04-07,14,1.0478571428571428,14.67,2.25,14,0.8854365740129801,2.5391528750004082e-5
5537980,2021-04-08,14,0.5942857142857143,8.32,1.48,14,0.6723174447319844,0.008435072170059767
5537980,2021-04-09,14,0.7614285714285715,10.66,1.46,14,0.9555105421489457,1.0168711077937896e-7
5537980,2021-04-10,14,0.35714285714285715,5,0.9,14,0.7242850004210462,0.0033951395846788875
5537980,2021-04-11,14,0.7164285714285714,10.03,1.53,14,0.9159146052623749,4.248596067809638e-6
5537980,2021-04-12,14,1.6628571428571428,23.28,2.9,14,0.9620361196656605,3.9821669141263795e-8
5537980,2021-04-13,14,1.7207142857142856,24.09,3.22,14,0.5907437089323442,0.026117734836186932
5537980,2021-04-14,14,1.505,21.07,2.85,14,0.7937842086337992,7.00425882176059e-4
5537980,2021-04-15,14,1.5878571428571429,22.23,3.27,14,0.5497460079802443,0.0416945616135605
5537980,2021-04-16,14,1.715,24.01,3.12,14,0.7413250855404243,0.002411596740577813
5537980,2021-04-17,14,1.4071428571428573,19.7,2.91,14,0.20184424436344392,0.4889408823926955
5537980,2021-04-18,14,1.1835714285714285,16.57,2.31,14,0.8860028410543852,2.467906209749687e-5
5537980,2021-04-19,14,0.6485714285714286,9.08,1.21,14,-0.052902450952293886,0.857457162308347
5537980,2021-04-20,14,0.7607142857142858,10.65,1.76,14,-0.16600614618280427,0.5705871314247222
5537980,2021-04-21,14,1.522857142857143,21.32,3.06,14,0.7175769894841697,0.003859218829809436
5537980,2021-04-22,14,1.8835714285714285,26.37,3.36,14,0.6424868574571521,0.013217605521765792
5537980,2021-04-23,14,1.2228571428571429,17.12,2.26,14,0.49702385289918694,0.070585893825079
5537980,2021-04-24,14,0.955,13.37,2.02,14,0.925897310387227,2.034757575246512e-6
5537980,2021-04-25,14,1.58,22.12,3.33,14,0.9440406290561181,3.927097138092995e-7
5537980,2021-04-26,14,1.7692857142857144,24.77,3.25,14,0.9198106868936,3.223792973845895e-6
5537980,2021-04-27,14,1.7064285714285714,23.89,3.14,14,0.7865062670488971,8.479458849343389e-4
5537980,2021-04-28,14,0.7000000000000001,9.8,1.37,14,-0.14676498964729343,0.616602495447637
5537980,2021-04-29,14,1.35,18.9,2.69,14,0.9868717520251618,7.185938074320737e-11
5537980,2021-04-30,14,2.0421428571428573,28.59,3.48,14,0.9690449061409898,1.1882301756030227e-8
5537980,2021-05-01,14,1.8964285714285714,26.55,3.33,14,0.9084179140247173,6.975261456121428e-6
5537980,2021-05-02,14,1.6392857142857142,22.95,3.09,14,0.9609548466997555,4.70193899390316e-8
5537980,2021-05-03,14,0.6842857142857143,9.58,1.61,14,0.4100875544280219,0.1453023752712455
5537980,2021-05-04,14,0.52,7.28,0.88,14,0.5165490246251125,0.058599585477921254
5537980,2021-05-05,14,2.0107142857142857,28.15,3.52,14,0.9355369040677571,9.007343720906686e-7
5537980,2021-05-06,14,1.14,15.96,2.02,14,0.41143695166163324,0.14385241771961305
5537980,2021-05-08,14,1.5014285714285713,21.02,3.18,14,0.6986532926743239,0.00544067631520923
5537980,2021-05-09,14,1.3542857142857143,18.96,2.9,14,0.009306936258383516,0.9748094694873508
5537980,2021-05-10,14,1.397142857142857,19.56,3.23,14,0.7873839388761708,8.289419522580456e-4
5537980,2021-05-11,14,1.9435714285714285,27.21,3.28,14,0.03940260148301584,0.8936114176517527
5537980,2021-05-12,14,2.0942857142857143,29.32,3.46,14,0.8466414320458697,1.3383421157791002e-4
5537980,2021-05-13,14,1.8835714285714287,26.37,3.22,14,0.9366455598255361,8.136738355239324e-7
5537980,2021-05-14,14,1.9457142857142857,27.24,3.36,14,0.9404850907047659,5.639023637975052e-7
5537980,2021-05-15,15,0.44,6.6,1.13,15,0.21121772860163987,0.44985182621337094
5537980,2021-05-16,15,1.224,18.36,2.76,15,0.9732442077162331,1.1058419563800225e-9
5537980,2021-05-17,15,0.6246666666666667,9.370000000000001,1.21,15,0.6986101735550648,0.003763728706724633
5537980,2021-05-18,15,0.6073333333333333,9.11,1.28,15,0.8468645182439324,6.80458143002724e-5
5537980,2021-05-19,15,1.056,15.84,2.11,15,0.9009329805009796,4.594614972501553e-6
5537980,2021-05-20,15,1.4506666666666668,21.76,2.7,15,0.8250392159165055,1.5302786753379632e-4
5537980,2021-05-21,15,1.3373333333333333,20.06,2.67,15,0.8976605959713567,5.629385571046891e-6
5537980,2021-05-25,15,1.092,16.38,2.31,15,0.9807753074801413,1.313501244832572e-10
5537980,2021-05-26,15,1.9073333333333333,28.61,3.5,15,0.751649994543085,0.0012322942879997773
5537980,2021-05-27,15,0.9593333333333334,14.39,2.39,15,0.2644437730401249,0.34087430498791127
5537980,2021-05-28,15,0.41933333333333334,6.29,1.06,15,-0.6294610919021735,0.011922200067893738
5537980,2021-05-29,15,2.013333333333333,30.2,3.63,15,0.6673788188156614,0.00656253763187254
5537980,2021-05-30,15,1.9373333333333334,29.06,3.43,15,0.914627990865663,1.8070630326595672e-6
5537980,2021-05-31,15,0.836,12.540000000000001,1.75,15,0.5496307378900707,0.03379926796044813
5537980,2021-06-01,15,1.7993333333333332,26.99,3.34,15,0.9726849238512092,1.2633037272266425e-9
5537980,2021-06-02,15,1.47,22.05,2.91,15,0.9068493520202819,3.124526954669125e-6
5537980,2021-06-03,15,1.8766666666666667,28.15,3.46,15,0.9829806466159663,5.980995595280124e-11
5537980,2021-06-04,15,1.8940000000000001,28.41,3.44,15,0.9558304371709538,2.7573719076532738e-8
5537980,2021-06-05,15,1.8246666666666667,27.37,3.28,15,0.8657830285599223,3.0291177111135753e-5
5537980,2021-06-06,15,1.4313333333333333,21.47,2.8,15,0.8837446657350068,1.2454066711338024e-5
5537980,2021-06-07,16,0.7581249999999999,12.129999999999999,1.7,16,0.6714156276092715,0.004400221686104042
5537980,2021-06-08,16,1.4275,22.84,2.73,16,0.887058065114218,4.640451709877802e-6
5537980,2021-06-09,16,1.628125,26.05,3.23,16,0.9562917894110784,7.2779157891653505e-9
5537980,2021-06-10,16,1.648125,26.37,3.1,16,0.9478930137068448,2.4354254385590136e-8
5537980,2021-06-11,16,1.41375,22.62,2.85,16,0.9465340807401149,2.9057593764116042e-8
5537980,2021-06-12,16,1.5325,24.52,3.2,16,0.859615011137034,1.971802715267999e-5
5537980,2021-06-13,16,1.940625,31.05,3.52,16,0.9558059215996352,7.853270425459007e-9
5537980,2021-06-14,16,1.83,29.28,3.54,16,0.966167254882914,1.2441220247286445e-9
5537980,2021-06-15,16,1.6125,25.8,3.2,16,0.5483061736947176,0.027870563673194543
5537980,2021-06-16,16,1.96,31.36,3.56,16,0.9638151491344178,1.979110748563789e-9
5537980,2021-06-17,16,1.711875,27.39,3.44,16,0.46919810077803564,0.06673192071669308
5537980,2021-06-18,16,1.3900000000000001,22.240000000000002,2.47,16,0.8177531717821527,1.0895110121844626e-4
5537980,2021-06-19,16,1.544375,24.71,3.28,16,0.9710595768824378,4.223622572227759e-10
5537980,2021-06-20,16,0.7581249999999999,12.129999999999999,1.63,16,-0.5313142172253107,0.034183030415800675
5537980,2021-06-21,16,1.281875,20.51,2.54,16,0.269197690530959,0.31335099922737136
5537980,2021-06-22,16,1.798125,28.77,3.5,16,0.8013552386266282,1.9007443335461262e-4
5537980,2021-06-23,16,1.0262499999999999,16.419999999999998,2.99,16,0.6730226632497474,0.004272416362832743
5537980,2021-06-24,16,0.48375,7.74,1.14,16,0.8654942849320338,1.485579491970566e-5
5537980,2021-06-25,16,0.57875,9.26,1.16,16,-0.8140199056806589,1.2424650649804582e-4
5537980,2021-06-26,16,0.69,11.04,1.9,16,0.733391166822632,0.001225003297077423
5537980,2021-06-27,16,1.365,21.84,2.65,16,-0.9339682876998388,1.231149888980845e-7
5537980,2021-06-28,16,0.96,15.36,1.95,16,-0.5916066584603292,0.01578020773188648
5537980,2021-06-29,16,1.165,18.64,2.65,16,0.4966333247244566,0.05036128866509034
5537980,2021-06-30,16,0.9125,14.6,1.96,16,0.6109367773741159,0.011934871097605713
5537980,2021-07-01,16,1.850625,29.61,3.45,16,-0.7405159533611824,0.0010348019371633525
5537980,2021-07-02,16,1.61125,25.78,3.14,16,-0.8255218550977883,8.209810356748437e-5
5537980,2021-07-03,16,1.66,26.56,3.2,16,0.9697934029921982,5.680711566081012e-10
5537980,2021-07-04,16,1.6375,26.2,3.18,16,0.990700438226108,1.5738128332791878e-13
5537980,2021-07-05,16,1.695,27.12,3.21,16,0.9182319983305607,5.267916774466046e-7
5537980,2021-07-06,16,1.6812500000000001,26.900000000000002,3.22,16,0.968822772907682,7.070207577143141e-10
5537980,2021-07-07,16,1.323125,21.17,2.81,16,0.9506525316868428,1.6763651754162523e-8
5537980,2021-07-08,16,0.543125,8.69,1.19,16,-0.33546498099913846,0.20400968871530575
5537980,2021-07-09,16,1.223125,19.57,2.52,16,0.010407510170572442,0.9694853676148598
5537980,2021-07-10,15,0.6146666666666667,9.22,1.4,15,-0.9380697445822236,2.375663241931124e-7
5537980,2021-07-11,16,0.52375,8.38,1,16,0.2485360011921205,0.3533132031399441
5537980,2021-07-12,16,0.509375,8.15,1.15,16,0.4329047317117054,0.09395434009922954
5537980,2021-07-13,16,1.029375,16.47,2.19,16,0.19734169474815033,0.46381034593956694
5537980,2021-07-14,15,1.028,15.42,2.4,15,0.7446516310156559,0.00144919088174203
5537980,2021-07-15,16,0.676875,10.83,1.53,16,0.45368233187537177,0.07755203266221335
5537980,2021-07-16,15,0.716,10.74,1.16,15,0.8063784976659729,2.818565282206019e-4
5537980,2021-07-17,14,1.532857142857143,21.46,2.84,14,0.7498353792423661,0.002013345571651968
5537980,2021-07-18,14,1.6957142857142857,23.74,3.01,14,0.9833662339400676,2.950562810456558e-10
5537980,2021-07-19,14,1.6164285714285715,22.63,2.76,14,-0.6665450474637787,0.009235019184472504
5537980,2021-07-20,14,1.6207142857142858,22.69,2.94,14,0.940182257273739,5.80952752688821e-7
5537980,2021-07-21,14,0.94,13.16,1.64,14,0.7883771002921088,8.078501332556503e-4
5537980,2021-07-22,14,1.2307142857142856,17.23,2.27,14,0.9543881544601778,1.1779471218774964e-07
5537980,2021-07-23,14,1.615,22.61,2.68,14,0.884516551155926,2.6584893149776866e-5
5537980,2021-07-24,14,1.6464285714285714,23.05,3.06,14,0.9671920032959423,1.6774125956330828e-8
5537980,2021-07-25,14,1.7764285714285715,24.87,3.14,14,0.9738868708256883,4.327314083577587e-9
5537980,2021-07-26,14,1.9957142857142858,27.94,3.36,14,0.9708692530373596,8.285821812783287e-9
5537980,2021-07-27,14,1.41,19.740000000000002,2.52,14,0.902104583063394,1.02605396522846e-5
5537980,2021-07-28,14,1.207857142857143,16.91,2.08,14,-0.9663811044485529,1.9386422296868535e-8
5537980,2021-07-29,14,1.4814285714285715,20.74,2.74,14,-0.5184858584812013,0.057496360790034916
5537980,2021-07-30,14,1.1721428571428572,16.41,2.24,14,0.3683048892670887,0.19507323060266135
5537980,2021-07-31,14,1.4935714285714285,20.91,2.83,14,0.8676107851922894,5.8089779861279354e-5
5537980,2021-08-01,14,1.6414285714285715,22.98,2.93,14,0.8970666176099714,1.3710509549777212e-5
5537980,2021-08-02,14,1.6157142857142857,22.62,2.95,14,0.8810966275505877,3.143013604403845e-5
5537980,2021-08-03,14,1.8157142857142856,25.42,3.08,14,0.9011122140422085,1.0876558782743965e-5
5537980,2021-08-04,14,1.6992857142857143,23.79,2.9,14,0.9551591698112182,1.0652027298942517e-7
5537980,2021-08-05,14,1.727142857142857,24.18,3.04,14,0.9673411719295446,1.6326978797985413e-8
5537980,2021-08-06,14,0.99,13.86,2.05,14,0.8957537392761422,1.4750465461595637e-5
5537980,2021-08-07,14,1.3628571428571428,19.08,2.47,14,0.8913095458316,1.8761860866521334e-5
5537980,2021-08-08,14,1.417857142857143,19.85,2.92,14,0.9673530050657201,1.6291935282405113e-8
5537980,2021-08-09,14,0.795,11.13,1.8,14,-0.39261245288880925,0.16496069060228483
5537980,2021-08-10,14,1.4185714285714286,19.86,2.7,14,0.7221400320601226,0.003538475217145916
5537980,2021-08-11,14,0.92,12.88,2.25,14,-0.7042972386820029,0.004924042869041985
5537980,2021-08-12,14,0.705,9.870000000000001,2.46,14,0.613803354198377,0.01954890862795003
5537980,2021-08-13,14,1.4085714285714286,19.72,2.53,14,0.8571663718023678,8.947384904477467e-5
5537980,2021-08-14,14,1.8178571428571428,25.45,3.1,14,0.8175614374590182,3.548661899830109e-4
5537980,2021-08-15,14,1.9185714285714286,26.86,3.29,14,0.8159577703198051,3.726171540166306e-4
5537980,2021-08-16,14,1.8392857142857142,25.75,3.19,14,0.8707625432855427,5.062969191670145e-5
5537980,2021-08-17,14,1.4471428571428573,20.26,2.39,14,0.8822761391019452,2.9683767954573905e-5
5537980,2021-08-18,14,1.362142857142857,19.07,2.49,14,0.8270038845254708,2.636467948028557e-4
5537980,2021-08-19,14,1.5414285714285714,21.58,2.73,14,0.9471959580974593,2.7915027519505427e-7
5537980,2021-08-20,14,1.585,22.19,2.75,14,-0.6143600140842249,0.019407593699598717
5537980,2021-08-21,14,1.0971428571428572,15.36,1.81,14,0.7769442200528309,0.0010784917544155582
5537980,2021-08-22,14,1.6407142857142858,22.97,2.83,14,0.973812600218366,4.400979548566163e-9
5537980,2021-08-23,14,1.0792857142857142,15.11,1.91,14,0.8752855195713506,4.130519651550305e-5
5537980,2021-08-24,14,1.6085714285714285,22.52,3.03,14,0.9690256358179927,1.1926254530545114e-8
5537980,2021-08-25,14,1.487142857142857,20.82,2.79,14,0.9424776404902269,4.617078196077324e-7
5537980,2021-08-26,14,1.4664285714285714,20.53,2.89,14,0.9792931473463771,1.0884973258155452e-9
5537980,2021-08-27,14,1.5271428571428571,21.38,2.93,14,0.9705055427031671,8.919200039905505e-9
5537980,2021-08-28,14,1.5185714285714287,21.26,2.93,14,0.946344896766717,3.0668488826584615e-7
5537980,2021-08-29,14,1.3,18.2,2.66,14,0.9678496806821082,1.4876244910906107e-8
5537980,2021-08-30,14,1.6035714285714286,22.45,2.95,14,0.571996355902119,0.03257499811678449
5537980,2021-08-31,14,1.2721428571428572,17.81,2.66,14,0.8592089537435439,8.244714143453195e-5
5537980,2021-09-01,14,1.5885714285714285,22.240000000000002,2.82,14,0.8003515759303265,5.856798673565585e-4
5537980,2021-09-02,14,1.39,19.46,2.76,14,0.7798040483725733,0.0010048551855887597
5537980,2021-09-03,13,0.62,8.06,1.4,13,-0.6518120144646177,0.015780668152327523
5537980,2021-09-04,13,0.5161538461538462,6.71,1.05,13,-0.019110498061779075,0.9505901361702199
5537980,2021-09-05,13,1.7569230769230768,22.84,3.04,13,0.787282223872775,0.001401169881286526
5537980,2021-09-06,13,1.6984615384615385,22.08,2.96,13,0.7659228336885892,0.0022684852507835977
5537980,2021-09-07,13,0.9792307692307692,12.73,2.7,13,0.6244348363234007,0.022526467028726762
5537980,2021-09-08,13,1.6576923076923076,21.55,3.04,13,0.7867616654432261,0.0014186016546410337
5537980,2021-09-09,13,1.573076923076923,20.45,2.94,13,0.9157891766828127,1.1111956642096132e-5
5537980,2021-09-10,13,1.5853846153846154,20.61,2.74,13,-0.4730501652499042,0.10254794952751042
5537980,2021-09-11,13,1.17,15.21,2.23,13,0.9507648900826439,6.215305244839023e-7
5537980,2021-09-12,13,1.2769230769230768,16.599999999999998,2.42,13,0.9444404413726499,1.1934014377928939e-6
5537980,2021-09-13,13,1.1961538461538461,15.55,2.34,13,0.9606232692604884,1.8537949466247434e-7
5537980,2021-09-14,13,1.1207692307692307,14.57,2,13,0.7965884551418034,0.0011168522715495073
5537980,2021-09-15,13,1.5553846153846154,20.22,2.71,13,-0.21194244849911195,0.4869721412618434
5537980,2021-09-16,13,1.6276923076923078,21.16,2.88,13,-0.8839940649680382,6.075257823505954e-5
5537980,2021-09-17,12,1.6375,19.65,2.76,12,0.6530136701819277,0.021315975199708584
5537980,2021-09-18,12,1.5783333333333334,18.94,2.65,12,0.9328546845903256,9.596145967947593e-6
5537980,2021-09-19,12,1.4075,16.89,2.42,12,0.8281327631226219,8.781782441214818e-4
5537980,2021-09-20,12,0.9441666666666667,11.33,2.13,12,0.6871992246834647,0.013542638644491735
5537980,2021-09-21,12,0.6458333333333334,7.75,1.4,12,-0.2833962682376764,0.3720674726228147
5537980,2021-09-22,12,1.0958333333333334,13.15,2.16,12,-0.8255779434566259,9.411215442761009e-4
5537980,2021-09-23,12,1.6433333333333333,19.720000000000002,2.7,12,0.6444564475954477,0.023685371065988305
5537980,2021-09-24,12,1.4783333333333333,17.740000000000002,2.5,12,0.7723387769629533,0.0032388411264563073
5537980,2021-09-25,12,1.585,19.02,2.78,12,0.38873133170031093,0.21172073020924026
5537980,2021-09-26,12,1.3808333333333334,16.57,2.48,12,0.5859302998698437,0.04528407887178525
5537980,2021-09-27,12,1.5058333333333334,18.07,2.57,12,0.8313916457163688,8.02663392398234e-4
5537980,2021-09-28,12,1.565,18.78,2.68,12,0.870571332066461,2.2926739806932028e-4
5537980,2021-09-29,12,1.4583333333333333,17.5,2.54,12,0.8875683452374306,1.1682234390619969e-4
5537980,2021-09-30,12,1.2175,14.61,2.16,12,0.7935243230845515,0.0020653204706659
5537980,2021-10-01,12,1.3066666666666666,15.68,2.3,12,0.7979670637259124,0.0018674009349731594
5537980,2021-10-02,12,0.6558333333333334,7.87,1.47,12,0.6779851011337225,0.015387815848039485
5537980,2021-10-03,12,0.7941666666666667,9.53,1.34,12,0.8351624825835957,7.216573904110299e-4
5537980,2021-10-04,12,0.7275,8.73,1.48,12,0.8488619572778803,4.791427680321196e-4
5537980,2021-10-05,12,0.45666666666666667,5.48,0.84,12,-0.6288316249261299,0.028496481515998286
5537980,2021-10-06,12,0.54,6.48,1.2,12,-0.8279697517442068,8.820944737117267e-4
5537980,2021-10-07,12,0.7891666666666667,9.47,1.63,12,0.46911604475727986,0.12392173240741347
5537980,2021-10-08,11,0.9409090909090909,10.35,1.66,11,0.9349595134772025,2.431074318395397e-5
5537980,2021-10-09,11,1.3054545454545454,14.36,2.32,11,0.8284954904764429,0.0016272501252916798
5537980,2021-10-10,11,0.6809090909090909,7.49,1.66,11,0.550872712052386,0.07903957333691351
5537980,2021-10-11,11,0.34545454545454546,3.8000000000000003,0.83,11,0.8694211749280215,5.07694934679724e-4
5537980,2021-10-12,11,0.8672727272727273,9.540000000000001,1.6,11,0.459920235211788,0.15463884311106593
5537980,2021-10-13,11,0.4636363636363636,5.1,1.07,11,0.6762258623841532,0.022339085175956765
5537980,2021-10-14,11,0.78,8.58,1.57,11,0.34876723924824155,0.2931682302214973
5537980,2021-10-15,11,0.6563636363636364,7.22,1.37,11,0.1057334505357443,0.7570143140193123
5537980,2021-10-16,11,1.440909090909091,15.85,2.37,11,0.5457138801225561,0.08247565249323978
5537980,2021-10-17,11,1.4518181818181817,15.969999999999999,2.4,11,0.4250437318881082,0.19251702749532454
5537980,2021-10-18,11,1.3954545454545455,15.35,2.33,11,0.6313130426722368,0.03723442103766299
5537980,2021-10-19,11,1.2472727272727273,13.72,2.01,11,0.3339225684857131,0.31556970845632804
5537980,2021-10-20,11,1.0572727272727274,11.63,1.76,11,0.6688801713928737,0.02441838377180724
5537980,2021-10-21,11,0.4672727272727273,5.14,0.88,11,0.3234909991284373,0.33184619045647645
5537980,2021-10-22,11,0.8181818181818182,9,1.37,11,0.6182347811472493,0.04262271342157455
5537980,2021-10-23,11,1.2572727272727273,13.83,2.14,11,0.6196994541156752,0.04199398175246152
5537980,2021-10-24,11,0.16181818181818183,1.78,0.32,11,-0.24324289039865232,0.4710734492428733
5537980,2021-10-25,11,0.49,5.390000000000001,1.07,11,-0.9197779032328315,6.110702232006951e-5
5537980,2021-10-26,11,1.0418181818181818,11.46,1.88,11,0.11028987099147296,0.7468329582073499
5537980,2021-10-27,11,1.1790909090909092,12.97,2.07,11,0.3520453025325834,0.28834307976046947
5537980,2021-10-28,11,0.24,2.64,0.44,11,0.5643389639022561,0.07052339033521117
5537980,2021-10-29,11,0.25181818181818183,2.77,0.52,11,0.47090002807046055,0.143760735566902
5537980,2021-10-30,11,0.7718181818181818,8.49,1.47,11,-0.3913877107378781,0.23391689223670917
5537980,2021-10-31,11,0.7145454545454546,7.86,1.61,11,0.45156471666675957,0.1632509697872588
5537980,2021-11-01,11,0.8572727272727273,9.43,1.7,11,-0.5277488184963037,0.09521119742578027
5537980,2021-11-02,11,1.1027272727272728,12.129999999999999,2.01,11,-0.1254940379510259,0.7131288589676534
5537980,2021-11-03,11,0.8972727272727272,9.87,1.7,11,0.5570363106891038,0.07506101336374989
5537980,2021-11-05,11,1.1136363636363635,12.25,1.99,11,0.13603776769015988,0.6900195831106755
5537980,2021-11-06,11,1.09,11.99,1.96,11,0.49721074440687607,0.11969486493928515
5537980,2021-11-08,11,1.0154545454545454,11.17,1.85,11,0.6114851281000071,0.04560438507299
5537980,2021-11-09,10,0.5609999999999999,5.61,1.21,10,-0.8292715879075658,0.0030083939312029405
5537980,2021-11-10,10,0.454,4.54,1.02,10,0.8522460788133791,0.0017377106136613615
5537980,2021-11-11,10,0.431,4.31,0.85,10,-0.3621429841700764,0.3037857529445237
5537980,2021-11-12,10,0.477,4.77,0.87,10,-0.8781541829727632,8.303545261798957e-4
5537980,2021-11-13,10,0.419,4.19,0.75,10,-0.5691647923718631,0.0859349925007343
5537980,2021-11-14,10,0.238,2.38,0.37,10,0.09471017035630801,0.7946699163245263
5537980,2021-11-15,10,0.343,3.43,0.62,10,-0.5142869705990024,0.12830399282116894
5537980,2021-11-16,10,0.8220000000000001,8.22,1.37,10,-0.8880144690274406,5.998412303572622e-4
5537980,2021-11-17,10,0.265,2.65,0.62,10,-0.7931008991292371,0.00619307730439973
5537980,2021-11-18,10,0.669,6.69,1.41,10,-0.48247108093439656,0.15785901576220865
5537980,2021-11-19,10,0.85,8.5,1.5,10,-0.8787426259060774,8.150318621572595e-4
5537980,2021-11-20,10,0.791,7.91,1.37,10,0.49676411603727855,0.1441188617642644
5537980,2021-11-21,10,0.8290000000000001,8.290000000000001,1.61,10,-0.029007554222161763,0.9365993408290427
5537980,2021-11-22,10,1.069,10.69,1.76,10,-0.6533434395150208,0.04050572341077325
5537980,2021-11-23,10,0.976,9.76,1.7,10,-0.7730192596666007,0.008739131316067475
5537980,2021-11-24,10,0.525,5.25,0.93,10,0.05293334893409574,0.8845321954636146
5537980,2021-11-25,10,0.26,2.6,0.45,10,-0.746058821512738,0.013214566077784961
5537980,2021-11-26,10,0.517,5.17,0.89,10,-0.7987655335777153,0.005583029769622881
5537980,2021-11-27,10,0.43,4.3,0.94,10,0.2661537328831582,0.4573079267393063
5537980,2021-11-28,10,1.001,10.01,1.74,10,-0.5672105646259861,0.08726239611334903
5537980,2021-11-29,9,0.4288888888888889,3.86,0.71,9,-0.7673214353701607,0.015798931227691614
5537980,2021-11-30,9,1.0166666666666666,9.15,1.7,9,-0.481747008766481,0.18913568223132451
5537980,2021-12-01,9,0.35333333333333333,3.18,0.53,9,-0.844445946546595,0.004183571834908784
5537980,2021-12-02,9,0.9333333333333333,8.4,1.5,9,0.8013829365832834,0.009410530772270454
5537980,2021-12-03,9,0.7911111111111111,7.12,1.34,9,-0.8849103801834162,0.0015189419571007476
5537980,2021-12-04,9,0.8455555555555555,7.61,1.32,9,0.13740186324660258,0.7244536850065149
5537980,2021-12-05,9,0.16555555555555557,1.49,0.46,9,-0.713181473680527,0.03100455647729344
5537980,2021-12-06,9,0.9666666666666667,8.7,1.68,9,0.33703446385475383,0.3751159900578926
5537980,2021-12-07,9,0.4888888888888889,4.4,0.81,9,-0.6486426003401476,0.058776575376167484
5537980,2021-12-08,9,0.9722222222222222,8.75,1.59,9,-0.9342826421648951,2.2456283326922576e-4
5537980,2021-12-09,9,0.29333333333333333,2.64,0.51,9,-0.8353133524003321,0.005060315182546649
5537980,2021-12-10,9,0.5277777777777778,4.75,0.98,9,-0.774411648588931,0.014283928939212764
5537980,2021-12-11,9,0.6622222222222223,5.96,1.24,9,0.4763866959748404,0.19482610283368695
5537980,2021-12-12,9,0.9766666666666667,8.790000000000001,1.61,9,0.23055018474053038,0.5506365010268057
5537980,2021-12-13,9,0.9266666666666666,8.34,1.53,9,-0.39127846597503113,0.2977140520739072
5537980,2021-12-14,9,0.6166666666666667,5.55,1.03,9,0.5057565827667858,0.16481268263482624
5537980,2021-12-15,9,0.3688888888888889,3.3200000000000003,0.62,9,0.7321464505462263,0.024907014109018782
5537980,2021-12-16,9,0.9511111111111111,8.56,1.55,9,-0.7388363224406146,0.022961089685819894
5537980,2021-12-17,9,0.84,7.5600000000000005,1.42,9,0.2819442902611795,0.4623283357531556
5537980,2021-12-18,9,0.44666666666666666,4.0200000000000005,0.88,9,-0.7484160513178698,0.020353427748402937
5537980,2021-12-19,10,0.738,7.38,1.33,10,0.6034662279312581,0.06471965675129421
5537980,2021-12-20,10,0.836,8.36,1.52,10,0.919815782177591,1.6402886503811992e-4
5537980,2021-12-21,10,0.721,7.21,1.3,10,-0.20826832149105048,0.5636654596720612
5537980,2021-12-22,10,0.702,7.0200000000000005,1.51,10,-0.7769062589666185,0.00819723769991458
5537980,2021-12-23,10,0.519,5.19,0.97,10,0.07975170605553163,0.8266485189315067
5537980,2021-12-24,10,0.316,3.16,0.66,10,-0.9740790684668199,1.9142873942617347e-6
5537980,2021-12-25,10,0.64,6.4,1.31,10,-0.8304225387694449,0.002932401350029259
5537980,2021-12-26,10,0.458,4.58,0.81,10,0.35586444863432265,0.312864645587004
5537980,2021-12-27,10,0.323,3.23,0.69,10,0.19891161506097335,0.5816918473780011
5537980,2021-12-28,10,0.184,1.84,0.42,10,-0.032618290835012,0.9287233560592445
5537980,2021-12-29,10,0.42,4.2,0.84,10,-0.05384473526974415,0.8825555378177852
5537980,2021-12-30,10,0.20400000000000001,2.04,0.38,10,-0.01650622825960557,0.9639024617293228
5537980,2021-12-31,10,0.307,3.07,0.54,10,0.058075400392312564,0.8733876694784912
5537980,2022-01-01,10,0.192,1.9200000000000002,0.55,10,-0.7170602943506327,0.019595548764845837
5537980,2022-01-02,10,0.41800000000000004,4.18,0.67,10,-0.42996261525869456,0.2148954270198513
5537980,2022-01-03,10,0.779,7.79,1.47,10,-0.23903914594164166,0.5059697126639049
5537980,2022-01-04,10,0.493,4.93,0.95,10,-0.43237479921706606,0.2120484670904376
5537980,2022-01-05,10,0.741,7.41,1.54,10,-0.7133515797449786,0.020541182228937204
5537980,2022-01-06,10,0.855,8.55,1.63,10,-0.31918382074902424,0.36867564772837164
5537980,2022-01-07,10,0.676,6.76,1.19,10,0.5523386102762505,0.0977954866271971
5537980,2022-01-08,10,0.217,2.17,0.36,10,-0.8993645624167776,3.9677681320398256e-4
5537980,2022-01-09,10,0.898,8.98,1.75,10,-0.6843574032796802,0.02904392416210181
5537980,2022-01-10,10,0.9219999999999999,9.22,1.71,10,-0.8412995796987752,0.002280824444954872
5537980,2022-01-11,10,0.87,8.7,1.54,10,-0.7179147127865437,0.019382041356891144
5537980,2022-01-12,10,0.476,4.76,0.97,10,-0.6420268205316371,0.04534884780055486
5537980,2022-01-13,10,0.7979999999999999,7.9799999999999995,1.48,10,-0.4354169599374433,0.20848910701408988
5537980,2022-01-14,10,0.316,3.16,0.54,10,0.2479117786919911,0.4898122006519937
5537980,2022-01-15,10,0.606,6.06,1.1,10,-0.028601127664622677,0.9374861877946803
5537980,2022-01-16,10,0.658,6.58,1.21,10,-0.7417357301098769,0.014057058000496123
5537980,2022-01-17,10,0.302,3.02,0.61,10,-0.4576383782379518,0.18354387432129887
5537980,2022-01-18,10,0.855,8.55,1.45,10,0.6626080955944289,0.03680985685658261
5537980,2022-01-19,10,0.699,6.99,1.26,10,-0.6648129499980332,0.03596515561910801
5537980,2022-01-20,10,1.061,10.61,1.89,10,0.6601798091759873,0.037755554662493404
5537980,2022-01-21,10,1.08,10.8,1.82,10,0.468674292309024,0.17184420409528486
5537980,2022-01-22,10,0.908,9.08,1.69,10,0.23072979255477324,0.5213006690770811
5537980,2022-01-23,10,0.8250000000000001,8.25,1.47,10,-0.5763573431119337,0.08116146230431746
5537980,2022-01-24,10,0.358,3.58,0.78,10,-0.3428271111719474,0.3321642387861107
5537980,2022-01-25,10,0.829,8.29,1.64,10,-0.7914951767003092,0.00637428445912102
5537980,2022-01-26,10,1.177,11.77,2.01,10,-0.020646281213075712,0.9548555068221014
5537980,2022-01-27,10,0.546,5.46,0.92,10,-0.6983466449361062,0.02468937798935659
5537980,2022-01-28,10,0.629,6.29,1.07,10,-0.6775706973525899,0.031333864487470955
5537980,2022-01-29,10,0.729,7.29,1.34,10,-0.5148625586799913,0.12780361382166017
5537980,2022-01-30,10,0.7030000000000001,7.03,1.12,10,-0.9434395873561909,4.180635086152896e-5
5537980,2022-01-31,10,0.756,7.5600000000000005,1.34,10,0.2701665778435983,0.4502906338073456
5537980,2022-02-01,10,0.47700000000000004,4.7700000000000005,1.1,10,-0.7989582445993068,0.005563061922351003
5537980,2022-02-02,10,0.18,1.8,0.37,10,-0.1566886387888749,0.6655354910235086
5537980,2022-02-03,10,0.298,2.98,0.63,10,-0.4334561640761578,0.2107792807195333
5537980,2022-02-04,10,0.701,7.01,1.33,10,0.018283232011870234,0.9600187965406304
5537980,2022-02-05,10,0.894,8.94,1.66,10,-0.49117309231034745,0.14940328391442023
5537980,2022-02-06,10,0.823,8.23,1.24,10,-0.3920011445622979,0.2625611469615761
5537980,2022-02-07,10,0.694,6.94,1.16,10,-0.4823570295306356,0.15797171077373695
5537980,2022-02-08,10,0.922,9.22,1.75,10,0.0352490790651366,0.9229883738515021
5537980,2022-02-09,10,0.751,7.51,1.24,10,0.3342079256295289,0.3452511488399874
5537980,2022-02-10,10,0.545,5.45,0.91,10,-0.7207592153273609,0.018682845200417783
5537980,2022-02-11,10,0.768,7.680000000000001,1.62,10,0.031604654507689546,0.9309338328538819
5537980,2022-02-12,10,0.763,7.63,1.39,10,-0.7671775819122144,0.009600417996079007
5537980,2022-02-13,11,0.7654545454545455,8.42,1.36,11,-0.8022805251064041,0.0029644118109674925
5537980,2022-02-14,11,0.7981818181818182,8.78,1.8,11,-0.27175461192661193,0.41887098601574946
5537980,2022-02-15,11,0.9681818181818181,10.65,1.76,11,0.5495125115882122,0.07993611035397535
5537980,2022-02-16,11,0.44636363636363635,4.91,0.78,11,0.27841908227270773,0.40709020176229915
5537980,2022-02-17,11,0.24,2.64,0.67,11,0.4801537237552481,0.13497678279830272
5537980,2022-02-18,11,1.2436363636363637,13.68,2.25,11,-0.24079169261966885,0.47569357862544004
5537980,2022-02-19,11,1.259090909090909,13.85,2.21,11,0.7960249149957263,0.003377619270187174
5537980,2022-02-20,11,1.3572727272727272,14.93,2.32,11,0.9058818115536577,1.2284799064905163e-4
5537980,2022-02-21,11,1.15,12.65,2.15,11,0.7013959257778322,0.016165159280085103
5537980,2022-02-22,11,0.2972727272727273,3.27,0.71,11,0.3952070956422026,0.2289785159923129
5537980,2022-02-23,11,1.1654545454545455,12.82,2.35,11,0.24352929816592928,0.470534946438229
5537980,2022-02-24,11,0.4709090909090909,5.18,0.92,11,-0.7543501711063657,0.007305901667753013
5537980,2022-02-25,12,0.9883333333333334,11.86,1.99,12,-0.069678667428822,0.8296303556534899
5537980,2022-02-26,12,1.3683333333333334,16.42,2.48,12,-0.13817370787216895,0.6684717207253172
5537980,2022-02-27,12,1.3800000000000001,16.56,2.47,12,0.1802959496166341,0.5749797695859451
5537980,2022-02-28,12,1.3325,15.99,2.38,12,0.3942967096134743,0.20468112425609675
5537980,2022-03-01,12,0.9975,11.97,2.11,12,-0.3963445001773686,0.20212734760582526
5537980,2022-03-02,12,1.1475,13.77,2.17,12,0.022395912175942827,0.9449219024176551
5537980,2022-03-03,12,0.9225,11.07,1.78,12,-0.02418374022021514,0.9405317121832968
5537980,2022-03-04,12,0.975,11.7,1.74,12,0.5702268649155696,0.05288110903411848
5537980,2022-03-05,12,0.7833333333333333,9.4,1.83,12,0.2107421917870779,0.5108858127225895
5537980,2022-03-06,12,0.9491666666666666,11.39,1.89,12,0.6662486104353184,0.01799832435153272
5537980,2022-03-07,12,0.6441666666666667,7.73,1.28,12,0.7774837102163493,0.0029162302542833965
5537980,2022-03-08,12,1.3433333333333333,16.12,2.48,12,0.06847044209904572,0.8325473789027542
5537980,2022-03-09,12,1.5116666666666667,18.14,2.57,12,0.954907607080296,1.3609584486077858e-6
5537980,2022-03-10,12,0.8083333333333333,9.7,1.61,12,0.3438536888677515,0.27378434281931047
5537980,2022-03-11,12,0.875,10.5,1.94,12,0.603915385379332,0.03756992101289181
5537980,2022-03-12,12,1.3425,16.11,2.29,12,0.7994742524383146,0.0018036731802968259
5537980,2022-03-14,12,1.4016666666666666,16.82,2.51,12,0.8503650036666713,4.5699909494763274e-4
5537980,2022-03-15,12,1.4425,17.31,2.59,12,0.9498201102757552,2.302643053497572e-6
5537980,2022-03-16,12,1.2508333333333332,15.01,2.12,12,0.786473396409561,0.0024119104121621293
5537980,2022-03-17,12,1.215,14.58,2.38,12,0.9570497293430359,1.0708653893781694e-6
5537980,2022-03-18,12,0.34833333333333333,4.18,0.71,12,0.5168146726834351,0.0853420778988461
5537980,2022-03-19,12,0.5691666666666666,6.83,1.13,12,0.45853103326457634,0.13380706122267605
5537980,2022-03-20,12,1.7166666666666666,20.6,2.84,12,0.9430997062974306,4.267615266323473e-6
5537980,2022-03-21,12,1.5725,18.87,2.66,12,-0.3736316736236259,0.23155081770120983
5537980,2022-03-22,12,0.44333333333333336,5.32,1.11,12,0.937557921258706,6.728142693255356e-6
5537980,2022-03-23,12,0.4241666666666667,5.09,0.81,12,0.7977766941796706,0.001875571274601619
5537980,2022-03-24,12,0.5841666666666667,7.01,0.98,12,-0.8756477023929777,1.8937326614184405e-4
5537980,2022-03-25,12,0.7883333333333333,9.459999999999999,1.77,12,0.6136773938630855,0.033800184124086516
5537980,2022-03-26,12,0.88,10.56,1.8,12,-0.8011394835733402,0.0017352151194772144
5537980,2022-03-27,12,1.9891666666666667,23.87,3.15,12,0.8716423685130039,2.2035015006671496e-4
5537980,2022-03-28,12,1.83,21.96,3.05,12,-0.5493809843681016,0.06428740796484621
5537980,2022-03-29,12,0.6333333333333333,7.6,1.78,12,-0.5093810328115818,0.0907315886551921
5537980,2022-03-30,12,0.31083333333333335,3.73,0.62,12,0.8544424605541556,4.0091165748235144e-4
5537980,2022-03-31,12,0.5725,6.87,1.23,12,-0.13916309509329075,0.6662188444124075
5537980,2022-04-01,12,1.7008333333333334,20.41,2.75,12,0.13203490010133423,0.6825055990450828
5537980,2022-04-02,13,0.5023076923076923,6.53,1.03,13,0.7387672222424461,0.003918480725621553
5537980,2022-04-03,13,1.5553846153846154,20.22,2.71,13,-0.5160525268433744,0.07102539096036682
5537980,2022-04-04,13,0.5915384615384616,7.69,1.05,13,-0.714018019758982,0.006116246772551139
5537980,2022-04-05,13,1.0438461538461539,13.57,2.04,13,0.7561397265817082,0.002783788144415502
5537980,2022-04-06,14,1.0878571428571429,15.23,2.48,14,-0.23941070979342335,0.40973157254660364
5537980,2022-04-07,14,0.6992857142857143,9.79,1.4,14,-0.40979060496697367,0.14562275263602517
5537980,2022-04-08,13,0.6415384615384615,8.34,1.25,13,0.7028379170987953,0.0073737641755381705
5537980,2022-04-09,14,1.5385714285714285,21.54,2.74,14,0.695099113821565,0.005787104027501696
5537980,2022-04-10,14,1.4721428571428572,20.61,2.58,14,0.7866565196159088,8.446680224289535e-4
5537980,2022-04-11,14,0.9264285714285715,12.97,2.22,14,0.8713993425328234,4.922185729468377e-5
5537980,2022-04-12,14,1.1614285714285715,16.26,2.72,14,-0.24682620095686827,0.39492924263985807
5537980,2022-04-13,14,0.5064285714285715,7.09,1.36,14,0.7731702565251317,0.0011821930349906625
5537980,2022-04-14,14,1.8342857142857143,25.68,3.38,14,0.7038462506962513,0.004963856362665412
5537980,2022-04-15,14,1.1257142857142857,15.76,2.8,14,0.6901523935964764,0.006297617246366833
5537980,2022-04-16,14,1.7235714285714285,24.13,3.17,14,0.08920280480053572,0.7616972291456697
5537980,2022-04-17,14,1.2985714285714285,18.18,2.76,14,0.6732307945783182,0.00831357764570696
5537980,2022-04-18,14,0.45,6.3,1.29,14,-0.7161846920774078,0.003961495772242565
5537980,2022-04-19,14,1.6392857142857142,22.95,2.83,14,0.5808902917427703,0.029379043310069203
5537980,2022-04-20,14,0.48928571428571427,6.85,0.84,14,0.6276212400987145,0.016263920066220166
5537980,2022-04-21,14,1.802857142857143,25.24,3.29,14,0.8201653798243792,3.2750008866214874e-4
5537980,2022-04-22,14,0.345,4.83,0.77,14,0.9336514724354634,1.0663917347999317e-6
5537980,2022-04-23,14,1.4392857142857143,20.15,2.73,14,0.982054544061411,4.63937278601272e-10
5537980,2022-04-24,14,0.7214285714285714,10.1,1.56,14,-0.4806556883199633,0.08189985377961548
5537980,2022-04-25,14,1.1385714285714286,15.94,2.1,14,0.3252278461453247,0.2565312700640394
5537980,2022-04-26,14,1.7971428571428572,25.16,3.33,14,0.875239510838413,4.1392419081689286e-5
5537980,2022-04-27,14,1.5571428571428572,21.8,3.04,14,0.5484007419339278,0.04230017008684634
5537980,2022-04-28,14,0.6535714285714286,9.15,1.51,14,0.45442164441846017,0.10259859013260088
5537980,2022-04-29,14,0.8964285714285715,12.55,1.99,14,0.3823896686884676,0.17722844256288783
5537980,2022-04-30,14,0.7321428571428571,10.25,2.21,14,0.22303044709477896,0.4434194844252396
5537980,2022-05-01,14,0.30214285714285716,4.23,0.59,14,-0.3292827022241855,0.25030120781637255
5537980,2022-05-02,14,0.9092857142857143,12.73,2.02,14,0.3526721983695949,0.21617179971729808
5537980,2022-05-03,14,0.43,6.0200000000000005,1.02,14,-0.12534098043674977,0.6694166876296087
5537980,2022-05-04,14,1.5271428571428571,21.38,2.94,14,0.7813528299949558,9.666872863378971e-4
5537980,2022-05-05,14,0.4135714285714286,5.79,0.79,14,0.3900938892841706,0.1679300346948947
5537980,2022-05-06,14,0.3457142857142857,4.84,0.83,14,0.08006407690254753,0.7855618663222679
5537980,2022-05-07,14,2.057142857142857,28.8,3.49,14,-0.32459338195505055,0.2575144650968814
5537980,2022-05-08,14,1.0414285714285714,14.58,1.78,14,0.9503295746749505,1.9471450646082421e-7
5537980,2022-05-09,14,1.7385714285714287,24.34,3.03,14,0.9719353385053258,6.6403061368364705e-9
5537980,2022-05-10,14,1.63,22.82,3,14,0.728863466073328,0.003104469363683519
5537980,2022-05-11,14,1.4135714285714285,19.79,2.61,14,0.9762672605903987,2.4512594384146865e-9
5537980,2022-05-12,14,1.8192857142857144,25.47,3.11,14,0.6667568448026773,0.009204670962814064
5537980,2022-05-13,14,1.9035714285714285,26.65,3.33,14,0.969091872022209,1.177574199431255e-8
5537980,2022-05-14,14,1.64,22.96,3,14,0.9769895569869588,2.0395311763332826e-9
5537980,2022-05-15,15,0.8526666666666667,12.79,2.12,15,0.7231682155778328,0.002313888026405885
5537980,2022-05-16,15,1.7946666666666666,26.92,3.25,15,0.9787111371529682,2.5361882352849226e-10
5537980,2022-05-17,15,1.0953333333333333,16.43,2.2,15,0.9451664045286533,1.0958210380859841e-7
5537980,2022-05-18,15,0.5373333333333333,8.06,1.32,15,-0.35751551683157057,0.19077864400536487
5537980,2022-05-19,15,1.482,22.23,2.72,15,0.9811977201206769,1.1380288306646896e-10
5537980,2022-05-20,15,0.8386666666666667,12.58,1.81,15,0.940047191898366,1.9331949810716477e-7
5537980,2022-05-21,14,0.4585714285714286,6.42,1.22,14,-0.2590305720878703,0.3711915751372681
5537980,2022-05-22,15,1.5753333333333333,23.63,3.11,15,0.7885212587369032,4.7750794374195156e-4
5537980,2022-05-24,15,1.494,22.41,3.05,15,0.7787284610305235,6.247199018249406e-4
5537980,2022-05-25,15,0.7433333333333333,11.15,1.67,15,0.48816478226346804,0.06486544769584837
5537980,2022-05-26,15,1.0173333333333334,15.26,2.38,15,0.970117485490665,2.251207121003598e-9
5537980,2022-05-27,15,0.554,8.31,1.11,15,0.49246197783251267,0.06219270748706616
5537980,2022-05-28,15,1.742,26.13,3.12,15,0.961163863895021,1.2101585211343473e-8
5537980,2022-05-29,15,1.58,23.7,3.22,15,0.827176687035807,1.4205159643283162e-4
5537980,2022-05-30,15,1.7766666666666666,26.65,3.3,15,0.973377642636542,1.0708266327433085e-9
5537980,2022-06-01,15,1.1346666666666667,17.02,2.37,15,0.96144284484082,1.1555369347295569e-8
5537980,2022-06-02,15,1.972,29.58,3.4,15,0.9696925901498907,2.4650530725022115e-9
5537980,2022-06-03,15,2.0633333333333335,30.95,3.53,15,0.9650004912380672,6.212138271196161e-9
5537980,2022-06-04,15,1.0553333333333332,15.83,1.96,15,0.6021889013651419,0.017525426597137066
5537980,2022-06-05,15,1.456,21.84,3.16,15,0.9479925565856935,7.822585808500979e-8
5537980,2022-06-06,15,0.8713333333333334,13.07,2.74,15,0.6258526421272887,0.012570377082606887
5537980,2022-06-07,15,1.8233333333333333,27.35,3.44,15,0.9158815891750923,1.6464822652189468e-6
5537980,2022-06-08,16,0.740625,11.85,2.02,16,-0.5396557117488557,0.030961699945431773
5537980,2022-06-09,16,1.783125,28.53,3.32,16,0.9301417727030351,1.8075127232235195e-7
5537980,2022-06-10,16,0.691875,11.07,1.87,16,0.9142614396263069,7.262810954852661e-7
5537980,2022-06-11,16,0.863125,13.81,1.98,16,0.007638933044446153,0.9776005478997725
5537980,2022-06-12,16,1.210625,19.37,2.44,16,0.9863899282419862,2.237699458921236e-12
5537980,2022-06-13,16,1.064375,17.03,2.18,16,0.9520511381675579,1.3759062212959223e-8
5537980,2022-06-14,16,1.81375,29.02,3.37,16,0.9789138385824708,4.700875008048366e-11
5537980,2022-06-15,16,1.664375,26.63,3.28,16,0.5582713904026095,0.02460827396603995
5537980,2022-06-16,16,1.84375,29.5,3.52,16,0.9916584306032897,7.371334048944957e-14
5537980,2022-06-17,16,1.860625,29.77,3.49,16,0.9208280193363352,4.232665821493669e-7
5537980,2022-06-18,16,1.9806249999999999,31.689999999999998,3.57,16,0.9471353096824771,2.6889368056713715e-8
5537980,2022-06-19,16,1.755,28.08,3.41,16,0.94941851226768,1.9861866692353028e-8
5537980,2022-06-20,16,1.943125,31.09,3.51,16,0.9596496597227465,4.196527394875603e-9
5537980,2022-06-21,16,1.811875,28.99,3.38,16,0.9910290673393659,1.2244890376055468e-13
5537980,2022-06-22,16,1.6475,26.36,3.33,16,0.9575961060969035,5.907709644300709e-9
5537980,2022-06-23,16,1.884375,30.15,3.45,16,0.9577286102217937,5.781736912526764e-9
5537980,2022-06-24,16,1.6625,26.6,3.14,16,0.9888479492966858,5.585708074171394e-13
5537980,2022-06-25,15,0.538,8.07,2.08,15,-0.004936825778980483,0.9860685443807176
5537980,2022-06-26,16,1.776875,28.43,3.48,16,0.9837716256418599,7.61554552086775e-12
5537980,2022-06-27,16,1.964375,31.43,3.56,16,0.9623568525537909,2.5995403237822483e-9
5537980,2022-06-28,16,1.81,28.96,3.39,16,0.9636715016806678,2.0339886630401863e-9
5537980,2022-06-29,16,1.80375,28.86,3.41,16,0.9367057426248797,9.221404696387402e-8
5537980,2022-06-30,16,1.781875,28.51,3.39,16,0.9733922919304742,2.3598947041261573e-10
5537980,2022-07-01,16,0.5825,9.32,1.22,16,0.4628580182688175,0.07101084282995945
5537980,2022-07-02,16,1.509375,24.15,3.19,16,0.9639297332458853,1.93624638762753e-9
5537980,2022-07-03,16,1.82375,29.18,3.36,16,0.9528990463552782,1.2171218700585443e-8
5537980,2022-07-04,16,0.79125,12.66,1.87,16,0.4888402679905203,0.05466954195840154
5537980,2022-07-05,16,1.6356249999999999,26.169999999999998,3.21,16,0.8693618653251125,1.2242112020076672e-5
5537980,2022-07-06,16,1.175625,18.81,2.29,16,0.8802919757930113,6.844575603744425e-6
5537980,2022-07-07,16,0.87375,13.98,1.67,16,0.01032891679953908,0.969715703262664
5537980,2022-07-08,16,0.3825,6.12,0.72,16,-0.4972577505318202,0.05002735322657511
5537980,2022-07-09,16,1.75875,28.14,3.45,16,0.9720709866911719,3.301463397366729e-10
5537980,2022-07-10,16,1.80625,28.9,3.41,16,0.9038391593785141,1.5758981448788416e-6
5537980,2022-07-11,16,0.885625,14.17,2.64,16,-0.21894185724445225,0.4152539490564717
5537980,2022-07-12,16,1.8487500000000001,29.580000000000002,3.44,16,-0.29209524728525543,0.27230636352343823
5537980,2022-07-13,16,1.5943749999999999,25.509999999999998,3.07,16,0.9208335384742197,4.230664119176797e-7
5537980,2022-07-14,16,1.793125,28.69,3.39,16,0.9587437329796418,4.8903412096759715e-9
5537980,2022-07-15,14,0.3107142857142857,4.35,0.81,14,-0.5211601044809488,0.055997815084778683
5537980,2022-07-16,16,0.82625,13.22,1.99,16,0.9700193777658893,5.393061775715875e-10
5537980,2022-07-17,14,0.88,12.32,1.63,14,0.47596731788334057,0.085362501861214607
5537980,2022-07-18,14,2.0235714285714286,28.33,3.34,14,0.954634874707175,1.1408443254139066e-7
5537980,2022-07-19,14,1.995,27.93,3.23,14,0.9774409450425157,1.8127159099853021e-9
5537980,2022-07-20,14,1.8921428571428571,26.490000000000002,3.24,14,0.9810671834274035,6.384076561316332e-10
5537980,2022-07-21,14,1.967142857142857,27.54,3.32,14,0.9382220300448486,7.019299212209811e-7
5537980,2022-07-22,14,1.865,26.11,3.27,14,0.9710332315516896,8.012730081219032e-9
5537980,2022-07-23,14,1.2457142857142858,17.44,2.95,14,-0.19477950115433118,0.5045889206187624
5537980,2022-07-24,14,1.0785714285714285,15.1,1.98,14,-0.09793290480316877,0.7390818053766148
5537980,2022-07-25,14,1.4835714285714285,20.77,2.68,14,0.795689009236794,6.654372829158965e-4
5537980,2022-07-26,14,1.4914285714285713,20.88,2.76,14,0.9471275934206191,2.812836975681251e-7
5537980,2022-07-27,14,1.3435714285714284,18.81,2.34,14,0.976915599612746,2.0788473615116543e-9
5537980,2022-07-28,14,1.6242857142857143,22.740000000000002,2.89,14,0.622365677496627,0.017459555124095173
5537980,2022-07-29,14,1.9128571428571428,26.78,3.16,14,0.9527204410332215,1.4558600500370718e-7
5537980,2022-07-30,14,1.7692857142857144,24.77,2.94,14,0.9579763428641627,7.261404338357175e-8
5537980,2022-07-31,14,1.7814285714285714,24.94,3.22,14,0.9720127358031166,6.5322796124224e-9
5537980,2022-08-01,14,1.815,25.41,3.07,14,0.9508159274904057,1.8374668167283595e-7
5537980,2022-08-02,14,1.515,21.21,3.07,14,0.9715273536694247,7.234563172066216e-9
5537980,2022-08-03,14,1.1614285714285715,16.26,2.26,14,0.6506255936322974,0.011746538375794492
5537980,2022-08-04,14,1.1257142857142857,15.76,2.16,14,0.8631241177930543,7.023263570320945e-5
5537980,2022-08-05,14,1.5592857142857144,21.83,2.68,14,0.9644214569846754,2.7119219208299004e-8
5537980,2022-08-06,14,1.7342857142857142,24.28,3,14,0.9258669113845495,2.039634166618462e-6
5537980,2022-08-07,14,0.445,6.23,1.31,14,-0.8401916519780724,1.6885878101931658e-4
5537980,2022-08-08,14,0.4807142857142857,6.73,1.27,14,0.814215117085774,3.927108051145562e-4
5537980,2022-08-09,14,1.7442857142857142,24.419999999999998,3,14,0.9789301392512905,1.2071804152688823e-9
5537980,2022-08-10,14,1.9378571428571427,27.13,3.26,14,0.9393019569093697,6.32950572421399e-7
5537980,2022-08-12,14,1.0257142857142858,14.36,1.71,14,0.6426081427699408,0.013194697748060551
5537980,2022-08-13,14,1.1064285714285713,15.49,2.26,14,0.685240052110702,0.006838608913685678
5537980,2022-08-14,14,0.43142857142857144,6.04,0.88,14,0.45660625412264866,0.10074981551376698
5537980,2022-08-15,14,1.292142857142857,18.09,2.5,14,0.7588088265377337,0.0016518085093458128
5537980,2022-08-16,14,1.78,24.92,3,14,0.9008102486144116,1.106990954479875e-5
5537980,2022-08-17,14,1.5814285714285714,22.14,2.78,14,0.9863802048588233,8.949657810626514e-11
5537980,2022-08-18,14,1.6442857142857144,23.02,3.04,14,0.9269969126671866,1.864703793857069e-6
5537980,2022-08-19,14,1.3821428571428571,19.35,2.69,14,0.9739336891127761,4.28140548300105e-9
5537980,2022-08-20,14,0.7378571428571429,10.33,1.61,14,0.2514284110605341,0.3858860276751612
5537980,2022-08-21,14,1.2178571428571427,17.05,2.44,14,0.8120016863120258,4.1948184096696694e-4
5537980,2022-08-22,14,1.6728571428571428,23.419999999999998,2.78,14,0.9753532674598565,3.0690179483494475e-9
5537980,2022-08-23,14,1.5585714285714285,21.82,2.81,14,0.9337456030089902,1.0575653263626166e-6
5537980,2022-08-24,14,1.6585714285714286,23.22,2.99,14,0.9371194920971836,7.786395898263738e-7
5537980,2022-08-25,14,0.9214285714285714,12.9,1.75,14,0.5169695628344354,0.05835876152012887
5537980,2022-08-26,14,1.3685714285714285,19.16,2.36,14,0.9428344115139858,4.45138132304642e-7
5537980,2022-08-27,14,1.5235714285714286,21.33,2.64,14,0.9215444503039515,2.8384115020494813e-6
5537980,2022-08-28,14,1.1557142857142857,16.18,2.41,14,0.9784182586433405,1.3926458770756229e-9
5537980,2022-08-29,14,1.0171428571428571,14.24,2.05,14,0.5962769381461596,0.024409598246968388
5537980,2022-08-30,14,1.7428571428571429,24.4,3.1,14,0.7511110302670245,0.0019584427440636
5537980,2022-08-31,14,1.697857142857143,23.77,3.05,14,0.9821897542380926,4.4348453816852034e-10
5537980,2022-09-01,14,1.532857142857143,21.46,2.92,14,0.9307573449230294,1.3690034056985008e-6
5537980,2022-09-02,14,1.3092857142857142,18.33,2.48,14,0.9750759030504935,3.280191867381695e-9
5537980,2022-09-03,13,1.5,19.5,2.8,13,0.9677143637181793,6.3058040031904e-8
5537980,2022-09-04,13,0.77,10.01,1.47,13,0.2612172299826254,0.38866268257564196
5537980,2022-09-05,13,0.7669230769230769,9.97,1.55,13,0.28741972347790956,0.34100001676645086
5537980,2022-09-06,13,1.2892307692307692,16.76,2.28,13,0.8689064028486578,1.1548472251017252e-4
5537980,2022-09-07,13,1.5484615384615386,20.13,2.68,13,0.9189026857409042,9.087860750664327e-6
5537980,2022-09-08,13,1.7407692307692308,22.63,2.97,13,0.8906048584808729,4.457861044181284e-5
5537980,2022-09-09,13,1.6723076923076923,21.74,2.94,13,0.5604835653221555,0.04632504153178084
5537980,2022-09-10,13,1.5369230769230768,19.98,2.61,13,0.8185619800435293,6.230874979906457e-4
5537980,2022-09-11,13,0.42615384615384616,5.54,0.9,13,-0.6929311908631252,0.008645071328580809
5537980,2022-09-12,13,0.4807692307692308,6.25,0.93,13,0.700612349799471,0.0076460385713307665
5537980,2022-09-13,13,1.5446153846153845,20.08,2.71,13,0.9498989713973033,6.829312912803567e-7
5537980,2022-09-14,13,1.4815384615384615,19.26,2.69,13,0.9327179632313201,3.342955691708274e-6
5537980,2022-09-15,13,1.3576923076923078,17.65,2.52,13,0.981608147699186,2.932450013732589e-9
5537980,2022-09-16,13,1.383076923076923,17.98,2.53,13,0.9488654065483364,7.625710295605884e-7
5537980,2022-09-17,12,1.2375,14.85,2.53,12,0.978175425553015,3.759381006262242e-8
5537980,2022-09-18,12,1.4991666666666665,17.99,2.53,12,0.9842141389898371,7.518501175564429e-9
5537980,2022-09-19,12,1.645,19.74,2.73,12,0.9413673821775989,4.943415533703704e-6
5537980,2022-09-20,12,1.5541666666666667,18.65,2.63,12,0.9559210722716872,1.2168296264354726e-6
5537980,2022-09-21,12,1.4,16.8,2.54,12,0.9836157813598972,9.04654606436584e-9
5537980,2022-09-22,12,1.65,19.8,2.8,12,0.7136654581201088,0.00914762918492933
5537980,2022-09-23,12,0.7391666666666666,8.87,1.62,12,-0.2515606846278584,0.4302740920526481
5537980,2022-09-24,12,1.2916666666666667,15.5,2.43,12,0.9156274022287734,2.918681682684678e-5
5537980,2022-09-25,12,0.7033333333333334,8.44,1.48,12,-0.7781217818318252,0.0028779953267095318
5537980,2022-09-26,12,1.425,17.1,2.58,12,0.7426106572325067,0.005665287863876344
5537980,2022-09-27,12,1.6133333333333333,19.36,2.73,12,0.8308882142177718,8.139883460453561e-4
5537980,2022-09-28,12,1.6191666666666666,19.43,2.76,12,0.7986179572892879,0.0018396714621743753
5537980,2022-09-29,12,1.5966666666666667,19.16,2.73,12,0.83495761843213,7.258886664866423e-4
5537980,2022-09-30,12,1.6025,19.23,2.7,12,0.8991657740425216,6.916248706734755e-5
5537980,2022-10-01,12,1.5516666666666667,18.62,2.64,12,0.7685898173817253,0.0034904928414141484
5537980,2022-10-02,12,1.3875,16.65,2.47,12,0.7590007080431997,0.004201808510265919
5537980,2022-10-03,12,1.5908333333333333,19.09,2.71,12,0.7716447867949704,0.0032843508369204827
5537980,2022-10-04,12,1.4875,17.85,2.59,12,-0.6855464925118452,0.013860893682365441
5537980,2022-10-05,12,1.35,16.2,2.34,12,0.6487664802749818,0.02246926678975259
5537980,2022-10-06,12,1.2,14.4,2.38,12,0.4180734087859356,0.17623358399265815
5537980,2022-10-07,12,1.2375,14.85,2.23,12,0.11036819103781081,0.732754043748552
5537980,2022-10-08,12,1.4766666666666666,17.72,2.55,12,-0.7393114633021094,0.006001139061268309
5537980,2022-10-09,11,1.4672727272727273,16.14,2.4,11,0.7161540396901208,0.013176511961175722
5537980,2022-10-10,11,1.4972727272727273,16.47,2.45,11,0.9274907098500178,3.9217155867247346e-5
5537980,2022-10-11,11,0.5209090909090909,5.73,1.19,11,0.6985111847675608,0.016801699910386724
5537980,2022-10-12,11,0.5636363636363636,6.2,1.06,11,0.5552469599390899,0.07620190820191779
5537980,2022-10-13,11,1.190909090909091,13.1,2.35,11,-0.051068404974682416,0.8814631141392497
5537980,2022-10-14,11,1.1618181818181819,12.78,2.21,11,0.5916695803316542,0.0551827845128807
5537980,2022-10-15,11,1.4218181818181819,15.639999999999999,2.43,11,0.8966010425981559,1.8499858465070455e-4
5537980,2022-10-16,11,1.1227272727272728,12.35,2.08,11,0.02319314218658686,0.9460353815722097
5537980,2022-10-17,11,0.5763636363636364,6.34,1.09,11,-0.7662649056509238,0.005951629677238129
5537980,2022-10-18,11,1.3263636363636364,14.59,2.3,11,0.0076622232912443,0.9821619611399697
5537980,2022-10-19,11,1.4154545454545455,15.57,2.37,11,0.059052334384007095,0.8630716811419749
5537980,2022-10-20,11,1.2127272727272727,13.34,2.21,11,0.3808745111304086,0.2478271344564974
5537980,2022-10-21,11,1.2845454545454544,14.129999999999999,2.24,11,0.48662118376401436,0.12904441793754032
5537980,2022-10-22,11,1.260909090909091,13.87,2.17,11,-0.540948377472683,0.08573662447394169
5537980,2022-10-23,11,1.1409090909090909,12.55,2.06,11,-0.9278306400516115,3.841578680137318e-5
5537980,2022-10-24,11,0.5345454545454545,5.88,1.06,11,-0.5231970269693864,0.0986312828881774
5537980,2022-10-25,11,0.24181818181818182,2.66,0.44,11,-0.16769081639430222,0.622121682135057
5537980,2022-10-26,11,1.278181818181818,14.06,2.2,11,0.8922962520087575,2.20850334531094e-4
5537980,2022-10-27,11,1.040909090909091,11.45,1.98,11,0.8187624045080323,0.0020552087878972928
5537980,2022-10-28,11,1.219090909090909,13.41,2.14,11,0.8714982223809314,4.738309641463243e-4
5537980,2022-10-29,11,1.1572727272727272,12.73,2.04,11,0.9395801531797657,1.756797083377175e-5
5537980,2022-10-30,11,0.6127272727272728,6.74,1.26,11,0.7262062851156733,0.011384140687006236
5537980,2022-10-31,11,0.3690909090909091,4.0600000000000005,0.65,11,-0.17475515758204668,0.6073013245918788
5537980,2022-11-01,11,1.1663636363636363,12.83,2.06,11,0.5779998143740495,0.06253737035627395
5537980,2022-11-02,11,1.1272727272727272,12.4,2,11,0.08595728689153996,0.801589008175197
5537980,2022-11-03,11,1.0163636363636364,11.18,1.86,11,0.774772660528789,0.005104507243365739
5537980,2022-11-04,11,0.23545454545454544,2.59,0.57,11,0.6658755428630273,0.025307108381364043
5537980,2022-11-05,11,0.35545454545454547,3.91,0.75,11,0.24123351052893705,0.4748593156020703
5537980,2022-11-07,11,1.1027272727272728,12.129999999999999,2.01,11,0.7736268481387175,0.005213070406780815
5537980,2022-11-08,11,0.9481818181818181,10.43,1.89,11,0.647395673363474,0.031282562387838574
5537980,2022-11-09,10,0.9430000000000001,9.43,1.61,10,0.6005698913547969,0.06636172509302632
5537980,2022-11-10,10,1.065,10.65,1.79,10,0.5251903650752585,0.11903018937687061
5537980,2022-11-11,10,1.034,10.34,1.86,10,-0.6069730231560888,0.0627674254177508
5537980,2022-11-12,10,0.28500000000000003,2.85,0.54,10,0.32816019298586707,0.35458740061663735
5537980,2022-11-13,10,0.753,7.53,1.21,10,0.5339934229851796,0.1118565544773405
5537980,2022-11-14,10,1.032,10.32,1.75,10,-0.9590068749340837,1.175699882648317e-5
5537980,2022-11-15,10,0.404,4.04,0.72,10,-0.741943934232916,0.014015645659124313
5537980,2022-11-16,10,0.405,4.05,0.72,10,0.6747253215531438,0.0323294265537286
5537980,2022-11-17,10,0.528,5.28,1.11,10,-0.6402061256912502,0.04616254927921288
5537980,2022-11-18,10,0.492,4.92,0.88,10,-0.9598960125631012,1.0781345027464616e-5
5537980,2022-11-19,10,0.556,5.5600000000000005,0.91,10,-0.9937224257483748,6.743263664960288e-9
5537980,2022-11-20,10,1.057,10.57,1.79,10,-0.2406621144496484,0.5029976165770099
5537980,2022-11-21,10,1.048,10.48,1.79,10,-0.7740381832774726,0.008594705392586027
5537980,2022-11-22,10,0.981,9.81,1.72,10,0.34736937237183296,0.32537205415868603
5537980,2022-11-23,10,0.955,9.55,1.71,10,-0.9152632837558731,2.0342530327451588e-4
5537980,2022-11-24,10,0.408,4.08,0.74,10,-0.9116752963222083,2.3906516123981778e-4
5537980,2022-11-25,10,1.01,10.1,1.74,10,-0.04487598051235814,0.90203124624241
5537980,2022-11-26,10,0.982,9.82,1.73,10,-0.8136376693193376,0.004186303499976833
5537980,2022-11-27,10,0.471,4.71,0.85,10,0.2792834470115341,0.4345310467362826
5537980,2022-11-28,10,0.523,5.23,1,10,0.46085332198473516,0.18008840913322294
5537980,2022-11-29,9,0.2644444444444444,2.38,0.48,9,0.8399866819977433,0.004597418312662814
5537980,2022-11-30,9,0.8533333333333334,7.68,1.31,9,-0.9447120180481023,1.2392706560712034e-4
5537980,2022-12-01,9,0.9933333333333334,8.94,1.61,9,-0.6422799952289052,0.062145959696336094
5537980,2022-12-02,9,0.5511111111111111,4.96,0.92,9,-0.4884120801695423,0.18219249053594538
5537980,2022-12-03,9,1.1077777777777778,9.97,1.74,9,-0.6791809887499771,0.04422061127625966
5537980,2022-12-04,9,1.0077777777777779,9.07,1.59,9,0.11233898708466239,0.7735380490595578
5537980,2022-12-05,9,0.5366666666666666,4.83,0.89,9,0.4095915621400992,0.2736136381646778
5537980,2022-12-06,9,0.31666666666666665,2.85,0.51,9,-0.8053314113623812,0.008808142016715044
5537980,2022-12-07,9,0.5811111111111111,5.23,0.96,9,0.7364574657767149,0.023641108017809654
5537980,2022-12-08,9,0.5733333333333334,5.16,0.98,9,0.369301880402536,0.32800843383575706
5537980,2022-12-09,9,0.21555555555555556,1.94,0.43,9,-0.46232422931756395,0.21020462257430111
5537980,2022-12-10,9,0.25222222222222224,2.27,0.49,9,0.8569947262793562,0.0031571195732005373
5537980,2022-12-11,9,0.3622222222222222,3.26,0.74,9,0.3199450041039731,0.4012837599118185
5537980,2022-12-12,9,0.33999999999999997,3.06,0.57,9,0.3120311711564284,0.4136774844050135
5537980,2022-12-13,9,0.23,2.07,0.45,9,-0.26030831832092616,0.498742817746025
5537980,2022-12-14,9,0.2011111111111111,1.81,0.36,9,0.6983820784461515,0.03638520652828185
5537980,2022-12-15,9,0.23222222222222222,2.09,0.36,9,0.8421481229771021,0.004393484523021662
5537980,2022-12-16,9,0.2877777777777778,2.59,0.47,9,0.9774917660895021,5.510484796312298e-6
5537980,2022-12-17,9,0.3011111111111111,2.71,0.46,9,-0.14972460468262375,0.7006242902253558
5537980,2022-12-18,9,0.7188888888888889,6.47,1.13,9,0.29062466414516586,0.4480486541655535
5537980,2022-12-19,10,0.524,5.24,0.98,10,0.19207712247199596,0.5949927089332434
5537980,2022-12-20,10,0.4,4,0.76,10,-0.8936933526949676,4.905831844325251e-4
5537980,2022-12-21,10,0.261,2.61,0.51,10,-0.932774463127712,8.234594664707698e-5
5537980,2022-12-22,10,0.191,1.91,0.5,10,-0.9245800453785076,1.2914134935519594e-4
5537980,2022-12-23,10,0.40099999999999997,4.01,0.75,10,-0.6835266775636871,0.029317884494846392
5537980,2022-12-24,10,0.582,5.82,1.06,10,-0.16204911852655057,0.65468048271299
5537980,2022-12-25,10,0.645,6.45,1.33,10,-0.2284031078025593,0.5256272685843608
5537980,2022-12-26,10,0.405,4.05,0.75,10,0.585733563761335,0.07520038657173737
5537980,2022-12-27,10,0.493,4.93,0.87,10,0.6998424086058384,0.024252102365158033
5537980,2022-12-28,10,0.657,6.57,1.19,10,-0.08420193383090252,0.8171086368381238
5537980,2022-12-29,10,0.477,4.77,0.83,10,0.3606419272526537,0.3059434837548029
5537980,2022-12-30,10,0.379,3.79,0.8,10,0.5929473058220536,0.0708129074061542
5537980,2023-01-04,10,0.243,2.43,0.37,10,0.5698823456504519,0.08545087146768182
5537980,2023-01-05,10,0.244,2.44,0.52,10,0.36371948655322534,0.3015282759047088
5537980,2023-01-06,10,0.503,5.03,0.86,10,0.517041313713962,0.12592049146198014
5537980,2023-01-07,10,0.24100000000000002,2.41,0.44,10,0.15092190656282647,0.6772758941723954
5537980,2023-01-08,10,0.409,4.09,0.76,10,0.6581715855894791,0.03854993873604206
5537980,2023-01-09,10,0.84,8.4,1.53,10,0.3045853474821053,0.39216719730844274
5537980,2023-01-10,10,0.877,8.77,1.59,10,-0.92428183319077,1.3114773313753015e-4
5537980,2023-01-11,10,0.523,5.23,0.88,10,-0.2917857330923726,0.41334155687793317
5537980,2023-01-12,10,0.231,2.31,0.4,10,-0.969740924876401,3.5362501629905963e-6
5537980,2023-01-13,10,0.426,4.26,0.78,10,-0.6494849311944968,0.0421158874998336
5537980,2023-01-14,10,0.548,5.48,0.95,10,0.7497839831601405,0.012517489079269004
5537980,2023-01-15,10,0.865,8.65,1.61,10,-0.852256624792157,0.0017372377833991632
5537980,2023-01-16,10,0.143,1.43,0.25,10,-0.5363743497933203,0.10996412648050365
5537980,2023-01-17,10,0.156,1.56,0.27,10,0.4175471234592469,0.2298935504022221
5537980,2023-01-18,10,0.324,3.24,0.67,10,-0.790705597515527,0.006464757142351849
5537980,2023-01-24,10,0.463,4.63,0.81,10,-0.9321203768552756,8.552897934363452e-5
5537980,2023-01-25,10,0.311,3.11,0.6,10,-0.47884333835053283,0.1614673835531924
5537980,2023-01-26,10,0.305,3.05,0.51,10,0.04795500486107994,0.8953393344940118
5537980,2023-01-27,10,0.398,3.98,0.72,10,-0.9503186354044901,2.509701864673593e-5
5537980,2023-01-28,10,0.434,4.34,0.7,10,-0.8147330701547175,0.00409451072896821
5537980,2023-01-29,10,0.663,6.63,1.27,10,-0.4045698062624808,0.2461857773516785
5537980,2023-01-30,10,0.474,4.74,0.84,10,-0.024430499352919594,0.946590167896124
5537980,2023-01-31,10,0.9520000000000001,9.52,1.59,10,-0.4868094094844709,0.15360825856205898
5537980,2023-02-01,10,1.197,11.97,2.03,10,-0.04364279103298606,0.9047130253061222
5537980,2023-02-02,10,1.165,11.65,2.01,10,-0.8476623286804461,0.0019521975058658125
5537980,2023-02-03,10,1.214,12.139999999999999,2.09,10,-0.9721600231795313,2.5413830941655905e-6
5537980,2023-02-04,10,0.957,9.57,1.63,10,0.5242967013063254,0.11977405892493105
5537980,2023-02-05,10,0.99,9.9,1.99,10,0.1922717012391765,0.5946125057835088
5537980,2023-02-06,10,0.917,9.17,1.42,10,-0.37138667307032247,0.2906768666486637
5537980,2023-02-07,10,0.375,3.75,0.56,10,-0.5481538852445288,0.10089821281103471
5537980,2023-02-08,10,0.915,9.15,1.57,10,0.18828156381895617,0.602426770715464
5537980,2023-02-09,10,0.396,3.96,0.65,10,-0.31922621625757974,0.3686084655886001
5537980,2023-02-10,10,1.4,14,2.24,10,-0.8657326429259926,0.001205347631092978
5537980,2023-02-11,10,1.412,14.12,2.23,10,0.8278830703670326,0.003101945134927908
5537980,2023-02-12,10,1.3900000000000001,13.9,2.22,10,0.7803323458695196,0.00773969525217081
5537980,2023-02-13,11,1.2972727272727274,14.27,2.24,11,0.37116295072342165,0.26108868339190605
5537980,2023-02-14,11,0.3972727272727273,4.37,0.97,11,0.0963018576108878,0.7781981867996226
5537980,2023-02-15,11,0.3518181818181818,3.87,0.65,11,0.682742806001944,0.020602535786122433
5537980,2023-02-16,11,0.22545454545454546,2.48,0.7,11,-0.09316934617760853,0.7852647769856699
5537980,2023-02-17,11,1.0363636363636364,11.4,1.89,11,0.07956937381659057,0.8161077284875679
5537980,2023-02-18,11,0.9936363636363637,10.93,1.79,11,0.6643204076370591,0.025775968526178
5537980,2023-02-19,11,1.3227272727272728,14.549999999999999,2.29,11,0.8943853172506733,2.0284834464470865e-4
5537980,2023-02-20,11,1.2818181818181817,14.1,2.12,11,0.8638032460179088,6.084855165475829e-4
5537980,2023-02-21,11,1.2381818181818183,13.62,2.36,11,0.8566238880058034,7.584668015834154e-4
5537980,2023-02-22,11,0.21818181818181817,2.4,0.7,11,0.10694556224118151,0.754302387318725
5537980,2023-02-23,11,0.4309090909090909,4.74,0.74,11,-0.551072573800486,0.0789084074125271
5537980,2023-02-24,11,1.1818181818181819,13,2.07,11,-0.059808287015369256,0.8613333265615697
5537980,2023-02-25,12,0.9708333333333333,11.65,2.21,12,0.45953249652607564,0.13285056829328049
5537980,2023-02-26,12,1.3683333333333334,16.42,2.49,12,-0.6717536615988701,0.016736423753331658
5537980,2023-02-27,12,0.5866666666666667,7.04,1.33,12,-0.7008032792508271,0.011124179084350884
5537980,2023-02-28,12,1.2875,15.450000000000001,2.5,12,-0.7432333314665699,0.005603524097732514
5537980,2023-03-01,12,1.2408333333333335,14.89,2.31,12,-0.3384492142831703,0.28189221193145964
5537980,2023-03-02,12,0.6008333333333333,7.21,1.17,12,-0.30095263992421695,0.3418329288269605
5537980,2023-03-03,12,0.215,2.58,0.45,12,0.7359768545534654,0.006355604220898309
5537980,2023-03-04,12,0.9716666666666667,11.66,2.08,12,-0.10034364362446822,0.756345859916258
5537980,2023-03-05,12,1.1525,13.83,2.43,12,-0.6882663724642107,0.01334003522689542
5537980,2023-03-06,12,0.6525,7.83,1.62,12,0.24086547785967316,0.45076883969920234
5537980,2023-03-07,12,1.4216666666666666,17.06,2.68,12,-0.6474802065773615,0.022827326968944038
5537980,2023-03-08,12,1.1366666666666667,13.64,2.2,12,-0.09158219534465363,0.7771234088712353
5537980,2023-03-09,12,0.42083333333333334,5.05,0.82,12,0.19990177672625226,0.5333406819894131
5537980,2023-03-10,12,0.5016666666666667,6.02,0.87,12,0.7566268362748968,0.0043937021833510195
5537980,2023-03-11,12,0.5125,6.15,1.07,12,0.6700565551460695,0.01711828390944159
5537980,2023-03-13,12,0.5708333333333333,6.8500000000000005,1.1,12,-0.15840348877053373,0.6229295826822103
5537980,2023-03-14,12,1.7275,20.73,2.87,12,0.5231737960318629,0.08090740870431737
5537980,2023-03-15,12,1.3966666666666667,16.759999999999998,2.58,12,0.3028319538344011,0.3386772729432982
5537980,2023-03-16,12,0.32083333333333336,3.85,0.63,12,0.2641337170696189,0.40677714429005063
5537980,2023-03-17,12,1.1966666666666668,14.36,2.41,12,-0.11644520900894245,0.7185536883483226
5537980,2023-03-18,12,1.1258333333333332,13.51,1.93,12,-0.2211544749316868,0.4897180899368325
5537980,2023-03-19,12,1.8233333333333333,21.88,2.97,12,-0.06844675986148209,0.8326045745206931
5537980,2023-03-20,12,1.3875,16.65,2.77,12,0.9000656219724614,6.623421814869322e-5
5537980,2023-03-21,12,1.1,13.2,2.04,12,0.34220305828436376,0.276246283518874
5537980,2023-03-22,12,0.4091666666666667,4.91,1.01,12,0.2722278671714533,0.39199946384127615
5537980,2023-03-23,12,0.7191666666666666,8.63,1.32,12,0.6919105877311349,0.012665026160901881
5537980,2023-03-24,12,1.0358333333333334,12.43,1.93,12,0.013603060314721053,0.9665319767945175
5537980,2023-03-25,12,1.0733333333333333,12.88,2.15,12,0.45378449084452355,0.13840121767509783
5537980,2023-03-26,12,1.0591666666666666,12.71,2.08,12,0.21085153023681086,0.5106614690340325
5537980,2023-03-27,12,1.6616666666666666,19.94,2.72,12,-0.7071851225697383,0.0101075154964274
5537980,2023-03-28,12,1.325,15.9,2.58,12,0.3408404587717414,0.27828814064278506
5537980,2023-03-29,12,1.415,16.98,2.56,12,0.4415550154869032,0.15070377397845666
5537980,2023-04-12,14,1.7635714285714286,24.69,3.14,14,0.9066210289535571,7.806508970100806e-6
5537980,2023-04-13,14,1.74,24.36,3.14,14,0.754366873636851,0.001823682012464418
5537980,2023-04-14,14,1.3814285714285715,19.34,2.88,14,0.8383088766207201,1.8037437715857712e-4
5537980,2023-04-15,14,1.4071428571428573,19.7,2.91,14,0.7587963308574296,0.0016522732406694936
5537980,2023-04-16,14,0.53,7.42,1.25,14,-0.7742507240664962,0.0011517248539353842
5537980,2023-04-17,14,0.6757142857142857,9.46,1.13,14,-0.9542588358804658,1.1977899474987041e-7
5537980,2023-04-20,14,0.8764285714285714,12.27,2.37,14,0.8817724451431539,3.041955931421343e-5
5537980,2023-04-21,14,1.4192857142857143,19.87,2.94,14,0.43084401840151276,0.12405702429186398
5537980,2023-04-25,14,1.1435714285714287,16.01,2.35,14,0.48512903784186706,0.07868925697455566
5537980,2023-05-02,14,1.1921428571428572,16.69,2.88,14,0.06278111743058307,0.831160711574787
5537980,2023-05-03,14,1.9985714285714287,27.98,3.38,14,0.8827580034021995,2.8993541465390172e-5
5537980,2023-05-04,14,1.9664285714285714,27.53,3.36,14,0.8485977372852804,1.2446536357971645e-4
5537980,2023-05-06,14,0.9792857142857143,13.709999999999999,2.61,14,0.5799807203323115,0.02969469512790663
5537980,2023-05-07,14,1.7792857142857144,24.91,3.24,14,0.9019504945369052,1.0354267457665965e-5
5537980,2023-05-08,14,0.5228571428571429,7.32,1.37,14,0.4579609944380501,0.09961497496210386
5537980,2023-05-09,14,1.8864285714285713,26.41,3.41,14,0.9792923195647684,1.0887564888541091e-9
5537980,2023-05-10,14,2.0285714285714285,28.4,3.42,14,0.7910047316854969,7.541124776212729e-4
5537980,2023-05-11,14,1.8457142857142856,25.84,3.3,14,0.9431654952886559,4.3020391394784287e-7
5537980,2023-05-12,14,0.6878571428571428,9.629999999999999,1.47,14,0.5810372933482939,0.02932826447461757
5537980,2023-05-13,14,1.0542857142857143,14.76,1.91,14,0.8254332648173002,2.7733566677979536e-4
5537980,2023-05-14,14,0.4471428571428571,6.26,1.04,14,-0.26779152515378873,0.3546381467468267
5537980,2023-05-15,14,1.5407142857142857,21.57,2.99,14,0.8696604679477746,5.3143666254642164e-5
5537980,2023-05-16,15,1.6893333333333334,25.34,3.38,15,0.9658437878851316,5.312225921672793e-9
5537980,2023-05-17,15,1.7473333333333334,26.21,3.26,15,0.8477268904669885,6.573690664536219e-5
5537980,2023-05-18,15,1.6786666666666668,25.18,3.1,15,0.7602737256646328,0.0010018884172294576
5537980,2023-05-19,15,1.0066666666666666,15.1,2.08,15,0.4986127458048258,0.05850750625666492
5537980,2023-05-20,15,1.9306666666666668,28.96,3.4,15,0.862258859507976,3.553259767731266e-5
5537980,2023-05-21,15,1.9773333333333334,29.66,3.5,15,0.6258921213821259,0.012563140704087532
5537980,2023-05-23,15,1.8493333333333333,27.74,3.3,15,0.9004717772410946,4.7300279276834055e-6
5537980,2023-05-24,15,1.7866666666666666,26.8,3.27,15,0.8083809178531445,2.648038510073644e-4
5537980,2023-05-25,15,1.8473333333333333,27.71,3.53,15,0.8183930527559776,1.916982468328472e-4
5537980,2023-05-26,15,2.068,31.02,3.57,15,0.923096620103812,9.356740837865088e-7
5537980,2023-05-27,15,1.7673333333333334,26.51,3.29,15,0.18317070589873832,0.513474855622502
5537980,2023-05-28,15,1.5993333333333333,23.99,3.06,15,0.3528983083475805,0.19698436056079224
5537980,2023-05-29,15,1.7306666666666666,25.96,3.07,15,0.9636952819393533,7.856479846798519e-9
5537980,2023-05-30,15,1.4873333333333334,22.31,3.2,15,0.7224657823735665,0.002347905850116596
5537980,2023-05-31,15,1.2973333333333334,19.46,2.85,15,0.8727609537783875,2.1787951008330526e-5
5537980,2023-06-01,15,1.5053333333333334,22.580000000000002,2.93,15,0.9809174002128912,1.2520930386817984e-10
5537980,2023-06-02,15,1.8906666666666667,28.36,3.3,15,0.9533011243955217,3.9356896034237806e-8
5537980,2023-06-03,15,1.782,26.73,3.29,15,0.9769504184251094,4.2331299032735817e-10
5537980,2023-06-04,15,1.8226666666666667,27.34,3.14,15,0.8929993239396786,7.432954238070043e-6
5537980,2023-06-06,15,1.02,15.299999999999999,2.31,15,0.38726511118595164,0.15383319426051484
5537980,2023-06-07,15,1.8533333333333333,27.8,3.33,15,0.7352483043914775,0.0017880345581363663
5537980,2023-06-08,16,1.898125,30.37,3.46,16,0.6055114670658529,0.01293035664200642
5537980,2023-06-09,16,1.851875,29.63,3.43,16,0.7334654191429182,0.0012228835451654435
5537980,2023-06-10,16,1.76125,28.18,3.46,16,0.3689756707990059,0.15960762551791124
5537980,2023-06-11,15,0.512,7.68,1.01,15,0.8294632054101203,1.3103491201286988e-4
5537980,2023-06-12,16,1.4825,23.72,2.78,16,0.09462853289866607,0.7273944950641842
5537980,2023-06-14,16,1.46,23.36,2.94,16,0.746110464496374,9.030176976687306e-4
5537980,2023-06-15,16,1.35625,21.7,2.84,16,0.9795555748613484,3.792783895527124e-11
5537980,2023-06-16,16,1.436875,22.99,2.97,16,0.8767251573739446,8.323978569559294e-6
5537980,2023-06-17,16,1.764375,28.23,3.4,16,0.9241795322490753,3.155454923749586e-7
5537980,2023-06-18,16,1.524375,24.39,2.98,16,0.9371579703111974,8.780662513385773e-8
5537980,2023-06-19,16,1.583125,25.33,3.13,16,0.6856540847391189,0.0033681308130535143
5537980,2023-06-20,16,1.7906250000000001,28.650000000000002,3.41,16,0.9226544357237555,3.612525437922132e-7
5537980,2023-06-21,16,1.768125,28.29,3.39,16,0.9136444166775183,7.623876245768975e-7
5537980,2023-06-22,16,1.560625,24.97,3.04,16,0.8447641263716468,3.824468780470521e-5
5537980,2023-06-23,16,1.56875,25.1,3.15,16,0.8467199798720435,3.5188546768575846e-5
5537980,2023-06-24,16,1.73,27.68,3.33,16,0.8947341963168632,2.895579168911566e-6
5537980,2023-06-25,16,1.445625,23.13,3,16,0.7979517422645719,2.1200861549249212e-4
5537980,2023-06-26,16,0.66625,10.66,1.29,16,0.5773674152448379,0.01918320738948658
5537980,2023-06-27,16,1.4212500000000001,22.740000000000002,2.93,16,0.9129367545949756,8.056586040905772e-7
5537980,2023-06-28,16,1.0887499999999999,17.419999999999998,2.61,16,0.929606676896959,1.903930230899026e-7
5537980,2023-06-29,16,0.673125,10.77,2.12,16,0.5604747061310057,0.023928344201582658
5537980,2023-06-30,16,0.9725,15.56,2.02,16,0.955217195551374,8.601963845260072e-9
5537980,2023-07-01,16,0.875,14,2.24,16,0.8928188887052535,3.2679212954995516e-6
5537980,2023-07-02,16,0.660625,10.57,1.35,16,0.1776564146808492,0.5103780070310446
5537980,2023-07-03,16,1.71125,27.38,3.13,16,-0.06667455947988957,0.8061959618835673
5537980,2023-07-04,16,1.684375,26.95,3.2,16,-0.8785918647155633,7.5193767862816146e-6
5537980,2023-07-05,16,1.35375,21.66,2.93,16,0.5363999864432648,0.03219025057606545
5537980,2023-07-06,16,1.4975,23.96,2.89,16,0.012294487638979406,0.9639558715209282
5537980,2023-07-07,16,1.561875,24.99,3.23,16,-0.14605292120074048,0.5893829950862747
5537980,2023-07-08,15,1.1473333333333333,17.21,2.06,15,0.46425714308691335,0.08127219422708351
5537980,2023-07-09,16,1.760625,28.17,3.23,16,0.9305605965005105,1.7349681306795427e-7
5537980,2023-07-10,16,1.861875,29.79,3.42,16,0.9511000904352479,1.5746766289434748e-8
5537980,2023-07-11,16,1.536875,24.59,3.09,16,0.8688538723348282,1.25615653107413e-5
5537980,2023-07-12,15,0.6133333333333333,9.2,1.43,15,0.7001491131295644,0.00365571096794749
5537980,2023-07-13,16,1.125,18,2.58,16,0.27730618727612677,0.29842367001714243
5537980,2023-07-14,16,1.65375,26.46,3.31,16,0.8813272091863634,6.459234488165061e-6
5537980,2023-07-15,16,1.505625,24.09,2.98,16,0.550604513135332,0.02709041665589001
5537980,2023-07-16,16,1.1875,19,2.48,16,0.9661914219656778,1.2379941309151792e-9
5537980,2023-07-17,14,1.6628571428571428,23.28,2.76,14,0.9867976735221826,7.431497791122597e-11
5537980,2023-07-18,14,1.8185714285714285,25.46,2.85,14,0.9416948175451255,4.998556490536016e-7
5537980,2023-07-19,14,1.9307142857142856,27.03,3.11,14,0.9552488442960427,1.0526909308999785e-7
5537980,2023-07-20,14,1.8785714285714286,26.3,3.22,14,0.8778907722998295,3.660508889902883e-5
5537980,2023-07-21,14,1.64,22.96,2.6,14,0.9794143003078518,1.0511150991724574e-9
5537980,2023-07-22,14,1.8071428571428572,25.3,3.14,14,0.9622674875225722,3.8406859099753574e-8
5537980,2023-07-23,14,1.8007142857142857,25.21,3.15,14,0.9704224026106819,9.06948289394161e-9
5537980,2023-07-24,14,1.7157142857142857,24.02,2.99,14,0.7841531356638078,9.006230555638105e-4
5537980,2023-07-25,14,1.7835714285714286,24.97,3.1,14,0.8493903479434005,1.2082446028548785e-4
5537980,2023-07-26,14,1.1692857142857143,16.37,2.34,14,0.9814581367623912,5.637590051179912e-10
5537980,2023-07-28,14,1.7421428571428572,24.39,3.2,14,0.873362476401161,4.508125162031902e-5
5537980,2023-07-29,14,1.4242857142857144,19.94,2.77,14,0.9640955189178034,2.8624144329276542e-8
5537980,2023-07-30,14,1.877857142857143,26.29,3.15,14,0.7564342218415977,0.0017420082057302301
5537980,2023-07-31,14,1.7157142857142857,24.02,2.91,14,0.9711489821295849,7.824489679635591e-9
5537980,2023-08-01,14,1.5464285714285715,21.65,2.88,14,0.9572788911041319,8.002996433771001e-8
5537980,2023-08-02,14,1.42,19.88,2.56,14,0.961544687886273,4.2970423261991347e-8
5537980,2023-08-03,14,1.497142857142857,20.96,2.99,14,0.9162746564644086,4.143908041164089e-6
5537980,2023-08-04,14,1.6892857142857143,23.65,2.93,14,0.812043477694981,4.189631287772605e-4
5537980,2023-08-05,14,0.5121428571428571,7.17,0.95,14,-0.8007841293418654,5.786885736029756e-4
5537980,2023-08-07,14,1.1685714285714286,16.36,1.98,14,0.918914291361522,3.4393209433102653e-6
5537980,2023-08-09,14,0.7571428571428571,10.6,1.86,14,0.8485009634424059,1.2491593363404905e-4
5537980,2023-08-10,14,1.3828571428571428,19.36,2.94,14,0.8960443622996377,1.451486549684866e-5
5537980,2023-08-11,14,1.3557142857142856,18.98,2.79,14,0.809331920414969,4.537071136720945e-4
5537980,2023-08-12,14,1.7807142857142857,24.93,3.23,14,0.916391392242048,4.110425134553722e-6
5537980,2023-08-13,14,0.9942857142857143,13.92,1.78,14,0.9288083013714304,1.6101758027973339e-6
5537980,2023-08-14,14,0.4057142857142857,5.68,1,14,-0.3510331815507927,0.21846315384405968
5537980,2023-08-15,14,1.45,20.3,2.66,14,0.40972040738472015,0.14569855698877834
5537980,2023-08-16,14,1.8478571428571429,25.87,3.19,14,0.9568133748428332,8.532032131626007e-8
5537980,2023-08-17,14,1.602857142857143,22.44,2.99,14,0.9200909760376816,3.1587293587862222e-6
5537980,2023-08-18,14,1.7028571428571428,23.84,2.99,14,0.9163834867719429,4.112685585918591e-6
5537980,2023-08-19,14,1.68,23.52,3.04,14,0.8424859691068284,1.5563886444118174e-4
5537980,2023-08-20,14,1.5935714285714286,22.31,2.89,14,0.9965233638594574,2.5305199366828933e-14
5537980,2023-08-21,14,1.5,21,2.83,14,0.9008350528185891,1.105392173169672e-5
5537980,2023-08-23,14,1.605,22.47,2.91,14,0.988940741462178,2.5794882815516732e-11
5537980,2023-08-25,14,1.365,19.11,2.65,14,-0.20523277405463847,0.48151706958921137
5537980,2023-08-26,14,0.8492857142857143,11.89,1.78,14,-0.1510489129685767,0.6062357680032823
5537980,2023-08-27,14,1.7228571428571429,24.12,3.1,14,0.9000541617539844,1.1566432696690199e-5
5537980,2023-08-28,14,1.7021428571428572,23.830000000000002,3.08,14,0.8842775625306969,2.6902272273694402e-5
5537980,2023-08-29,14,1.39,19.46,2.34,14,0.8000270748463552,5.9096912185071e-4
5537980,2023-08-30,14,1.74,24.36,3.03,14,0.6978960294219053,0.005513093236762503
5537980,2023-08-31,14,1.7814285714285714,24.94,3.17,14,0.9781869219716443,1.4839059505823369e-9
5537980,2023-09-01,14,1.7457142857142858,24.439999999999998,3.13,14,0.8563863380134661,9.228243041442164e-5
5537980,2023-09-02,14,1.6364285714285713,22.91,3.02,14,0.8403360176097152,1.6800100471345107e-4
5537980,2023-09-03,14,1.6728571428571428,23.42,3.03,14,0.9729694012945936,5.312954374730264e-9
5537980,2023-09-04,13,1.646923076923077,21.41,2.83,13,0.9764574466808936,1.128993788608533e-8
5537980,2023-09-05,13,1.0176923076923077,13.23,2.29,13,0.8720611837603066,1.0164460362410673e-4
5537980,2023-09-06,13,0.9969230769230769,12.959999999999999,2.28,13,0.5291445264092561,0.0629630839721112
5537980,2023-09-07,13,0.7076923076923077,9.2,1.56,13,0.17005032193497568,0.5786085450317022
5537980,2023-09-08,13,0.6284615384615384,8.17,1.17,13,0.2789445870960214,0.35605077282200315
5537980,2023-09-09,13,1.666153846153846,21.66,2.85,13,0.9225206664441105,7.1208881971454814e-6
5537980,2023-09-10,13,1.4792307692307693,19.23,2.81,13,0.8570948895890129,1.8125096717149533e-4
5537980,2023-09-11,13,0.27615384615384614,3.59,0.53,13,-0.2559567454174504,0.3986293133158956
5537980,2023-09-12,13,1.4746153846153847,19.169999999999998,2.74,13,0.7693553050818631,0.0021065155221311623
5537980,2023-09-13,13,1.466923076923077,19.07,2.71,13,0.8984416440103618,3.008343257033235e-5
5537980,2023-09-14,13,1.6315384615384616,21.21,2.84,13,0.19177345060972104,0.53023501165046
5537980,2023-09-15,13,1.6592307692307693,21.57,2.95,13,0.9678741718651289,6.13792627359281e-8
5537980,2023-09-16,13,0.5553846153846154,7.22,1.04,13,0.6957125005723842,0.008272496324351447
5537980,2023-09-17,13,0.7138461538461538,9.28,1.53,13,0.8381238215413752,3.462289605740066e-4
5537980,2023-09-18,12,1.3933333333333333,16.72,2.33,12,0.27479616667954393,0.38736849722107536
5537980,2023-09-19,12,0.5133333333333333,6.16,1.08,12,0.2910042578761656,0.3587990012265099
5537980,2023-09-26,12,0.955,11.459999999999999,1.78,12,0.9428826133035204,4.34804218288158e-6
5537980,2023-09-27,12,0.62,7.44,1.31,12,0.7303739999357928,0.006986332094506211
5537980,2023-09-28,12,0.7733333333333333,9.28,1.24,12,0.9514250855958825,1.9625569190745594e-6
5537980,2023-09-29,12,1.205,14.46,2.47,12,0.9642671494008165,4.3206306820607536e-7
5537980,2023-09-30,12,1.4758333333333333,17.71,2.55,12,0.9412555557586069,4.989785797420005e-6
5537980,2023-10-01,12,1.4966666666666666,17.96,2.58,12,0.9712808182717353,1.466252600612991e-7
5537980,2023-10-02,12,1.4658333333333333,17.59,2.53,12,0.8060888438003608,0.0015434523273272411
5537980,2023-10-03,12,1.4591666666666667,17.51,2.55,12,0.9103843724539139,3.9099741052162186e-5
5537980,2023-10-05,12,0.6875,8.25,1.37,12,0.9404193380486366,5.3475559607802924e-6
5537980,2023-10-06,12,0.6583333333333333,7.9,1.35,12,-0.4985114618552653,0.0990182787885546
5537980,2023-10-07,12,1.4575,17.490000000000002,2.58,12,-0.8792312209290759,1.6464288925860683e-4
5537980,2023-10-08,12,0.6425,7.71,1.13,12,0.5315014434979836,0.07534086662429193
5537980,2023-10-09,11,1.2663636363636364,13.93,2.1,11,-0.1124888194540502,0.7419322524699627
5537980,2023-10-10,11,1.5054545454545454,16.56,2.44,11,0.5855031904202803,0.05842303382666353
5537980,2023-10-11,11,1.17,12.870000000000001,2.1,11,0.9611249428693329,2.4922017854480275e-6
5537980,2023-10-12,11,0.7245454545454546,7.97,1.37,11,0.5320904963938135,0.09202241186805751
5537980,2023-10-13,11,0.2090909090909091,2.3,0.4,11,-0.4226707473590196,0.19527954466862163
5537980,2023-10-14,11,0.5818181818181818,6.3999999999999995,1.46,11,0.7625095808763771,0.006356643583291064
5537980,2023-10-15,11,1.1654545454545455,12.82,1.96,11,0.29875735437567597,0.3721658669727611
5537980,2023-10-16,11,0.7454545454545455,8.2,1.19,11,0.35635928215677204,0.2820606227032198
5537980,2023-10-17,11,1.3018181818181818,14.32,2.28,11,0.9020732799104737,1.4602809007007594e-4
5537980,2023-10-18,11,0.9754545454545455,10.73,1.81,11,0.8491358272339832,9.429814053470743e-4
5537980,2023-10-19,11,0.4309090909090909,4.74,1.05,11,0.7952264745587607,0.003433275478667349
5537980,2023-10-20,11,1.1,12.1,2.19,11,-0.32483963394259335,0.3297172882950676
5537980,2023-10-21,11,1.16,12.76,2.24,11,0.9034423765524088,1.3734215228725037e-4
5537980,2023-10-22,11,1.3481818181818181,14.83,2.29,11,-0.5964636553924672,0.052750026187900506
5537980,2023-10-23,11,1.0472727272727274,11.52,1.83,11,-0.5796776823556548,0.061600817496881746
5537980,2023-10-24,11,1.0827272727272728,11.91,2.01,11,0.8737798998746233,4.386316796770773e-4
5537980,2023-10-25,11,0.31636363636363635,3.48,0.58,11,-0.5238464612491203,0.09813847412260693
5537980,2023-10-26,11,0.4118181818181818,4.53,0.99,11,0.8318419750135836,0.0014968020612229696
5537980,2023-10-27,11,0.3427272727272727,3.77,0.61,11,-0.5313434082786057,0.09256603548337836
5537980,2023-10-28,11,1.0063636363636363,11.07,1.92,11,0.17329816139592136,0.6103473546910553
5537980,2023-10-29,11,0.21636363636363637,2.38,0.47,11,-0.6344073033117811,0.03603266749966204
5537980,2023-10-30,11,1.2127272727272727,13.34,2.1,11,-0.6832769654050693,0.020464606495195475
5537980,2023-10-31,11,0.44727272727272727,4.92,0.72,11,-0.6504437810995299,0.03023500333199626
5537980,2023-11-01,11,0.8536363636363636,9.39,1.49,11,0.598985004408389,0.05150049558017873
5537980,2023-11-02,11,1.0854545454545454,11.94,1.98,11,-0.06739711216149653,0.8439141363042062
5537980,2023-11-03,11,0.5045454545454545,5.55,1.1,11,-0.8258613427142077,0.0017357716356512167
5537980,2023-11-04,11,1.049090909090909,11.540000000000001,1.89,11,0.3337290646845047,0.3158676394997532
5537980,2023-11-06,11,0.7763636363636364,8.54,1.53,11,0.5859029650891371,0.05820913673154424
5537980,2023-11-07,11,0.9436363636363636,10.379999999999999,1.69,11,0.8346269448629885,0.0013943522969995872
5537980,2023-11-08,11,0.3381818181818182,3.7199999999999998,0.69,11,0.7571583043617196,0.006968248668103484
5537980,2023-11-09,10,1.221,12.209999999999999,1.99,10,0.03268629850315565,0.9285750646112734
5537980,2023-11-10,10,0.888,8.88,1.47,10,0.5444649435039327,0.10368446125137035
5537980,2023-11-11,10,1.141,11.41,1.9,10,-0.17437585683024476,0.6299413791658546
5537980,2023-11-12,10,1.112,11.120000000000001,1.86,10,0.7257416892073384,0.017500571036943538
5537980,2023-11-13,10,1.174,11.74,1.94,10,0.6369644076355662,0.047635375058567825
5537980,2023-11-14,10,1.161,11.61,1.93,10,0.6874632300204199,0.028035148124137082
5537980,2023-11-15,10,1.06,10.6,1.79,10,-0.5545395589678571,0.09618823685597719
5537980,2023-11-16,10,0.908,9.08,1.56,10,0.9407842287770917,5.006425562117454e-5
5537980,2023-11-17,10,0.957,9.57,1.65,10,-0.006987977046394258,0.9847145466421479
5537980,2023-11-18,10,1.09,10.9,1.84,10,-0.11225327252820802,0.7575168196525128
5537980,2023-11-19,10,0.998,9.98,1.68,10,0.5350191329087992,0.11103880512637693
5537980,2023-11-20,10,0.476,4.76,0.96,10,0.6415531255752486,0.045559619796882986
5537980,2023-11-21,10,0.368,3.68,0.67,10,0.10250437609536278,0.7781128615207965
5537980,2023-11-22,10,0.706,7.06,1.18,10,0.4424522282798689,0.20039084053670186
5537980,2023-11-23,10,0.935,9.35,1.62,10,0.46236880200310576,0.17847300142591851
5537980,2023-11-24,10,0.855,8.55,1.52,10,-0.0806411897909893,0.8247400747137996
5537980,2023-11-25,10,0.717,7.17,1.33,10,0.6174458848798476,0.05716861065460542
5537980,2023-11-26,10,0.219,2.19,0.4,10,-0.8755597553024748,9.004276679082146e-4
5537980,2023-11-27,10,0.689,6.89,1.17,10,-0.1609118600161256,0.6569786540390965
5537980,2023-11-28,10,0.712,7.12,1.43,10,-0.4502295471394547,0.191654747025322
5537980,2023-11-30,9,0.9755555555555555,8.78,1.63,9,-0.9051832287751551,7.868752415251182e-4
5537980,2023-12-01,9,0.22111111111111112,1.99,0.41,9,0.3754696307413184,0.3193572148554946
5537980,2023-12-02,9,0.24,2.16,0.36,9,0.28070303049919537,0.4643859935408824
5537980,2023-12-03,9,0.3066666666666667,2.7600000000000002,0.54,9,0.006279138053864983,0.987208665279188
5537980,2023-12-04,9,0.3844444444444444,3.46,0.63,9,0.8873569838089647,0.0014123956935536525
5537980,2023-12-05,9,0.31222222222222223,2.81,0.55,9,0.21026129045432754,0.5871276483810679
5537980,2023-12-06,9,0.6266666666666667,5.64,1.02,9,0.8286472459554561,0.005774285095733362
5537980,2023-12-07,9,0.9377777777777778,8.44,1.52,9,0.90418572087286,8.154129682249547e-4
5537980,2023-12-08,9,0.7444444444444445,6.7,1.16,9,-0.010434082440777573,0.9787457901674146
5537980,2023-12-09,9,0.6755555555555556,6.08,1.13,9,0.04221598379727717,0.9141259276868057
5537980,2023-12-10,9,0.3288888888888889,2.96,0.48,9,-0.4186079030060853,0.2621369548276341
5537980,2023-12-11,9,0.9155555555555556,8.24,1.47,9,-0.763812309579068,0.016586875790410658
5537980,2023-12-12,9,0.9755555555555556,8.78,1.6,9,0.4582647320539016,0.21476494181523942
5537980,2023-12-15,9,0.7433333333333334,6.69,1.24,9,0.4261122254063661,0.25278276183589116
5537980,2023-12-16,9,0.13444444444444445,1.21,0.21,9,-0.647168677470616,0.05954656306123492
5537980,2023-12-17,9,0.22444444444444445,2.02,0.37,9,0.33110942020757217,0.38409515268068434
5537980,2023-12-18,9,0.46,4.140000000000001,0.75,9,0.7611819271466649,0.017194376766096076
5537980,2023-12-19,10,0.647,6.47,1.19,10,0.45757641533395815,0.18361085395846313
5537980,2023-12-20,10,0.787,7.87,1.45,10,-0.2149157546435356,0.5509912701793327
5537980,2023-12-21,10,0.365,3.65,0.69,10,0.8083410110342877,0.00465104995246889
5537980,2023-12-22,10,0.23,2.3,0.44,10,-0.5744712953474691,0.08239621991155335
5537980,2023-12-23,10,0.244,2.44,0.4,10,-0.032753212691649825,0.9284291594398
5537980,2023-12-24,10,0.338,3.3800000000000003,0.61,10,0.35477446352551856,0.3144551221490641
5537980,2023-12-25,10,0.283,2.83,0.53,10,0.9565873674936439,1.4744706642556301e-5
5537980,2023-12-26,10,0.412,4.12,0.73,10,0.06171456953888505,0.8655123804565976
5537980,2023-12-27,10,0.528,5.28,0.92,10,0.5859233949278704,0.0750827276345373
5537980,2023-12-28,10,0.234,2.3400000000000003,0.46,10,0.5473702174098457,0.1014860996554386
5537980,2023-12-29,10,0.34400000000000003,3.44,0.62,10,0.036026442038559973,0.9212943634662838
5537980,2023-12-30,10,0.472,4.72,0.83,10,0.0718706793762829,0.8435924635151768
5537980,2023-12-31,10,0.295,2.95,0.57,10,-0.3149916439901417,0.3753487123683449
