date,period,n,r,p,slope
2002-05-31,daytime,6,-0.6957729736585979,0.12475239852671942,-0.17721518987342072
2002-05-31,nighttime,6,0.8625669476222888,0.027033858809748706,0.8043478260869474
2002-06-01,daytime,6,-0.3370600353877954,0.5135565524787975,-0.15384615384615039
2002-06-01,nighttime,6,0.05710402407201497,0.9144370682790515,0.010869565217392865
2002-06-14,daytime,6,-0.6240192894539398,0.18546764444298924,-0.4401913875598095
2002-06-14,nighttime,6,-4.246300980083934e-15,0.9999999999999936,1.3319464604803935e-14
2002-06-24,daytime,6,-0.31225312569201363,0.5468429658571181,-0.10045662100456698
2002-06-24,nighttime,6,0.1000000000000004,0.8504999999999995,0.07500000000001113
2002-10-20,daytime,6,-0.27011363051604365,0.6046834849529146,-0.25000000000000383
2002-10-20,nighttime,6,0.9981482668266113,5.140198899625006e-6,0.4761936240889784
2002-10-21,daytime,6,1.291380994974148e-16,0.9999999999999998,-8.644893927685814e-15
2002-10-21,nighttime,6,-0.6121555003040796,0.1964645983021535,-0.8363636363636279
2002-10-24,daytime,6,0.21483446221183028,0.6827060250409891,0.36923076923077125
2002-10-24,nighttime,6,-0.2079500979640157,0.6925710713883335,-0.5000000000000541
2002-10-25,daytime,6,0.5647991763811556,0.24288617022440998,1.3043478260869643
2002-10-25,nighttime,6,-0.47809144373375767,0.33750185654036446,-0.9999999999999778
2002-10-26,daytime,6,0.054840849710708114,0.9178211928771118,0.14285714285712645
2002-10-26,nighttime,6,-0.23987920237277113,0.6470827647781134,-0.6585365853659796
2002-10-28,daytime,6,0.28721347895177685,0.5810261287681573,0.5185185185185209
2002-10-28,nighttime,6,-0.3936931031550746,0.43997043075874037,-0.6923076923076924
2002-10-29,daytime,6,0.9999780694998927,7.21414978735165e-10,0.5549952539155196
2002-10-29,nighttime,6,-0.6120541193300351,0.19655969279928137,-5.80000000000006
2002-10-30,daytime,6,0.5302878133549991,0.2791281159915902,0.6829268292682874
2002-10-30,nighttime,6,0.13130643285972254,0.8041723027178276,0.06896551724137327
2002-10-31,daytime,6,0.7977528089887629,0.05721953731298884,0.7977528089887636
2002-10-31,nighttime,6,-0.6123724356957945,0.19626117814926947,-0.7500000000000089
2002-11-01,daytime,6,0.7808688094430334,0.06676654481198631,1.6666666666666634
2002-11-01,nighttime,6,-0.22086305214969382,0.6740923254864275,-0.5000000000001139
2002-11-02,daytime,6,0.4139186771923573,0.41458005271220794,0.6363636363636582
2002-11-02,nighttime,6,-0.4588314677411241,0.3600508476242217,-0.10526315789474966
2002-11-03,daytime,6,0.6097560975609755,0.19872027393682615,0.6097560975609814
2002-11-03,nighttime,6,-0.7071067811865455,0.11611652351681703,-0.6666666666666962
2002-11-04,daytime,6,0.5735393346764033,0.23402312539927658,0.6249999999999971
2002-11-04,nighttime,6,-0.10846522890932808,0.8379401873942981,-0.058823529411744235
2002-11-05,daytime,6,-0.06546536707079342,0.9019422323232472,-0.07500000000000213
2002-11-05,nighttime,6,-0.1084652289093308,0.837940187394294,-0.05882352941174769
2002-11-06,daytime,6,0.9999725297479884,1.1319117536403745e-9,0.650286852085546
2002-11-06,nighttime,6,-0.4987293499153674,0.3139306912331749,-2.3333333333333854
2002-11-07,daytime,6,0.19460170216420686,0.7117822127118285,0.2461538461538403
2002-11-07,nighttime,6,-0.632455532033675,0.177807808356222,-0.16666666666666513
2002-11-08,daytime,6,0.5410017808004626,0.26766832111156946,0.5000000000000184
2002-11-08,nighttime,6,0.5423261445466424,0.26626462796630757,0.5000000000000064
2002-11-09,daytime,6,0.7454342820849882,0.0889571562963401,0.8214285714285781
2002-11-09,nighttime,6,-0.6761234037828182,0.14035738661899044,-0.22857142857142662
2002-11-10,daytime,6,-7.779827729291978e-16,0.9999999999999989,-1.939767436049429e-14
2002-11-10,nighttime,6,0.7006490497453741,0.12100391941035045,0.545454545454555
2002-11-13,daytime,6,0.9999829643735714,4.353163797485042e-10,0.6149728463067647
2002-11-13,nighttime,6,-0.8944271909999166,0.01613008990009229,-0.8333333333333418
2002-11-14,daytime,6,0.774596669241483,0.0704839969102202,1.2000000000000137
2002-11-14,nighttime,6,-0.6708203932499377,0.1447039986063297,-0.45000000000001905
2002-11-15,daytime,6,0.6320257287002892,0.17819480656769485,0.456521739130431
2002-11-15,nighttime,6,-0.26261286571944453,0.6151363174801243,-0.27586206896553733
2002-11-16,daytime,6,0.5726371269248889,0.2349319686342269,0.40740740740740994
2002-11-16,nighttime,6,-0.8210311549880998,0.04517859882220101,-0.41592920353983853
2002-11-17,daytime,6,0.08451542547284938,0.8735287025959861,0.07142857142855928
2002-11-17,nighttime,6,0.2793721183078308,0.5918441491063642,0.1951219512195219
2002-11-18,daytime,6,0.8749999999999997,0.022460937500000108,0.2187499999999987
2002-11-18,nighttime,6,0.3162277660168379,0.541469739275585,0.3999999999998779
2002-11-19,daytime,6,0.999947041845731,4.2067748930406915e-9,0.7125748502994013
2002-11-19,nighttime,6,-0.7730206825239252,0.07143247282186996,-0.8750000000000148
2002-11-20,daytime,6,0.18449054095122516,0.7264039186778461,0.17699115044247968
2002-11-20,nighttime,6,-0.801145745908831,0.055382873241685976,-0.36277602523658214
2002-11-21,daytime,6,0.6788335930269965,0.13815797750490974,0.6363636363636419
2002-11-21,nighttime,6,-0.9186680063564763,0.009653338559603215,-0.3220338983050964
2002-11-23,daytime,6,-0.350329236163591,0.4960041998256544,-0.2549019607843258
2002-11-23,nighttime,6,-0.30151134457776313,0.5614380442505263,-0.13636363636360604
2002-11-24,daytime,6,0.43967151009509187,0.3829894125889615,0.5230769230769313
2002-11-24,nighttime,6,-0.8783100656536798,0.021311641128756765,-0.9000000000000437
2002-11-25,daytime,6,0.3674234614174741,0.4736658915194677,0.8999999999999925
2002-11-25,nighttime,6,-0.8058772873379609,0.052867817353362545,-0.3820224719100808
2002-11-26,daytime,6,NA,NA,0
2002-11-26,nighttime,6,-0.5331139899831817,0.2760873188649423,-1.8000000000000356
2002-11-27,daytime,6,0.8320502943378445,0.03994196807171844,0.6923076923077022
2002-11-27,nighttime,6,-0.7985836518841356,0.05676723381232221,-0.8666666666666782
2002-11-29,daytime,6,0.0899235973995271,0.8654781763969338,0.14285714285711076
2002-11-29,nighttime,6,0.6123724356957936,0.19626117814927035,0.5000000000000138
2002-11-30,daytime,6,0.02900073952828749,0.9565110861405075,0.02439024390242543
2002-11-30,nighttime,6,-0.18898223650461432,0.7199013280378037,-0.07142857142857999
2002-12-01,daytime,6,-0.1352504452001161,0.798361378954705,-0.1250000000000104
2002-12-01,nighttime,6,0.5,0.31250000000000006,0.4999999999999401
2002-12-02,daytime,6,0.5863019699779276,0.22131769612306437,0.6875000000000149
2002-12-02,nighttime,6,-0.8436958338752919,0.03473715557863852,-1.1724137931034864
2002-12-03,daytime,6,0.7341289493323138,0.0966342546496727,0.5315120487245123
2002-12-03,nighttime,6,0.5698028822981868,0.23779614445826824,0.4545454545454819
2002-12-05,daytime,6,0.6822882392210106,0.13537611064233884,0.31034482758621124
2002-12-05,nighttime,6,-0.39735970711951457,0.4353309425143743,-0.15789473684211677
2002-12-06,daytime,6,0.5698028822981939,0.23779614445826117,0.7142857142857232
2002-12-06,nighttime,6,-0.4152273992686998,0.41295436655114875,-0.5000000000000653
2002-12-07,daytime,6,0.5863019699779303,0.2213176961230618,0.6874999999999998
2002-12-07,nighttime,6,-0.4000000000000011,0.43199999999999894,-0.8000000000001133
2002-12-08,daytime,6,0.6333004963811222,0.1770480180715891,0.9090909090909086
2002-12-08,nighttime,6,-0.4992301766027063,0.31336649556489327,-0.41538461538464705
2002-12-09,daytime,6,-0.17149858514250885,0.7452741603030383,-0.11764705882352754
2002-12-09,nighttime,6,NA,NA,NA
2002-12-10,daytime,6,0.9913980571752424,1.1067188695492301e-4,0.7972027972027972
2002-12-10,nighttime,6,0.5698028822981902,0.23779614445826483,0.1948051948051715
2002-12-11,daytime,6,0.2208630521496898,0.6740923254864333,0.49999999999998224
2002-12-11,nighttime,6,0.2500000000000011,0.6328124999999984,0.24999999999998768
2002-12-12,daytime,6,0.21650635094610965,0.680314841181135,0.24999999999997577
2002-12-12,nighttime,6,-0.5477225575051657,0.26057454736802577,-0.5000000000000203
2002-12-13,daytime,6,0.420084025208403,0.4069401997057841,0.2499999999999924
2002-12-13,nighttime,6,-0.8386592170224154,0.036946353658470404,-0.7368421052631351
2002-12-14,daytime,6,-0.7385489458759964,0.09359902097036805,-0.7500000000000011
2002-12-14,nighttime,6,-2.7026769483654533e-16,0.9999999999999996,1.19927216305863e-14
2002-12-15,daytime,6,-0.44721359549995665,0.3739009663000604,-1.200000000000019
2002-12-15,nighttime,6,-0.8121670915614505,0.049608316893956866,-0.9423076923076757
2002-12-16,daytime,6,0.5000000000000023,0.31249999999999734,0.49999999999997996
2002-12-16,nighttime,6,-0.2927700218845605,0.5733922538253546,-0.285714285714245
2002-12-18,daytime,6,0.18835264373920604,0.7208121012424408,0.1951219512194976
2002-12-18,nighttime,6,0.1581138830084173,0.7648055990249792,0.2500000000000187
2002-12-19,daytime,6,0.6123724356957936,0.19626117814927035,0.4999999999999522
2002-12-19,nighttime,6,-0.46291004988627577,0.35523243051554465,-0.5714285714286211
2002-12-20,daytime,6,0.16366341767699452,0.756696794256968,0.10714285714284665
2002-12-20,nighttime,6,-0.5185629788417314,0.29187828519511466,-0.28571428571429547
2002-12-21,daytime,6,0.04724555912615266,0.9291843907294386,0.062499999999994234
2002-12-21,nighttime,6,-0.645607934809394,0.1661358920900964,-0.25471698113206576
2002-12-22,daytime,6,0,1,-7.811604467583169e-15
2002-12-22,nighttime,6,0.5248906591678238,0.28497037756219906,0.3214285714285597
2002-12-23,daytime,6,0.4077954358702809,0.422214448955412,0.36585365853656926
2002-12-23,nighttime,6,-0.5118906968889914,0.2992298481091881,-0.31818181818180025
2002-12-24,daytime,6,-0.11812488464372428,0.8236368001365791,-0.02325581395348826
2002-12-24,nighttime,6,0.4892942539976064,0.3246293104919739,0.25714285714286733
2002-12-25,daytime,6,0.32826608214930636,0.5252876268918436,0.31249999999998634
2002-12-25,nighttime,6,0.4330127018922193,0.39107588796406656,0.7499999999999809
2002-12-27,daytime,6,-0.15811388300841894,0.7648055990249769,-0.25000000000005707
2002-12-27,nighttime,6,-0.25537695922762443,0.6252620706985945,-0.0869565217391488
2002-12-28,daytime,6,-0.583874208121142,0.22371270056620862,-0.22727272727273312
2002-12-28,nighttime,6,-0.6599120175960898,0.15382249356630417,-0.19354838709675304
2002-12-29,daytime,6,0.3608439182435211,0.48222656522869817,0.13888888888888137
2002-12-29,nighttime,6,-0.24253562503633297,0.6433299631818633,-0.333333333333347
2002-12-30,daytime,6,0.26514390667749893,0.6116041194867626,0.41176470588233194
2002-12-30,nighttime,6,-5.46643328061169e-16,0.9999999999999991,-7.30812312608129e-15
2002-12-31,daytime,6,-0.26111648393354697,0.617226972415596,-0.06818181818181837
2002-12-31,nighttime,6,-0.6033299171549404,0.20481327750633044,-0.2475247524752314
2003-01-01,daytime,6,0.8366600265340755,0.03784096948581315,0.4999999999999889
2003-01-01,nighttime,6,-0.15877683720748895,0.7638361328930626,-0.176470588235296
2003-01-02,daytime,6,0.5000000000000031,0.31249999999999656,0.2499999999999972
2003-01-02,nighttime,6,-0.5222329678670934,0.28786413472669087,-0.27272727272724623
2003-01-03,daytime,6,0.6746171945133979,0.14158617044889635,0.3684210526315678
2003-01-03,nighttime,6,-0.1290774947850306,0.8074590378708163,-0.04046242774564985
2003-01-05,daytime,6,0,1,-8.04672385075434e-15
2003-01-05,nighttime,6,-0.4472135954999581,0.3739009663000587,-0.30000000000004673
2003-01-06,daytime,6,0.776898596067356,0.06910900364072171,0.46428571428570586
2003-01-06,nighttime,6,-0.8783100656536782,0.0213116411287573,-3.600000000000147
2003-01-07,daytime,6,-0.7650920556760061,0.07629129863506581,-0.5853658536585474
2003-01-07,nighttime,6,0.7196763181246421,0.10685794092135532,0.46341463414635015
2003-01-08,daytime,6,-0.4909902530309828,0.3226964813099388,-0.32142857142857106
2003-01-08,nighttime,6,-0.37210420376762526,0.4676047546093975,-0.1384615384615139
2003-01-10,daytime,6,0.9819805060619659,4.841277583563187e-4,2.2499999999999933
2003-01-10,nighttime,6,-0.5232166435699434,0.28679179241879893,-0.21153846153847866
2003-01-11,daytime,6,-4.159332062553782e-16,0.9999999999999993,-9.252738031976195e-15
2003-01-11,nighttime,6,-0.2696799449852968,0.6052866259760656,-0.1818181818181807
2003-01-12,daytime,6,0.9167549873669041,0.010106165373144948,1.1447368421052606
2003-01-12,nighttime,6,NA,NA,NA
2003-01-13,daytime,6,0.2279333853708032,0.6640209051189492,0.08029197080291532
2003-01-13,nighttime,6,-0.8691982616052137,0.024544692481698376,-0.5466666666666554
2003-01-14,daytime,6,0.09417632186960273,0.8591531505520021,0.09090909090908367
2003-01-14,nighttime,6,-0.9460998335825321,0.0042795457750273175,-0.6153846153846303
2003-01-16,daytime,6,0.47786212493709834,0.3377672488540691,0.15527950310558383
2003-01-16,nighttime,6,-0.3534031660738129,0.4919641826704408,-0.13084112149532326
2003-01-17,daytime,6,0.6788335930269981,0.1381579775049084,0.7241379310344686
2003-01-17,nighttime,6,-0.4330127018922193,0.39107588796406656,-0.749999999999944
2003-01-18,daytime,6,0.22742941307367107,0.6647376755551918,0.20689655172411825
2003-01-18,nighttime,6,0.6002450479987809,0.20776480797219707,0.4375000000000223
2003-01-19,daytime,6,0.5477225575051662,0.2605745473680253,0.4999999999999771
2003-01-19,nighttime,6,-0.5302878133549991,0.2791281159915902,-0.1707317073170868
2003-01-20,daytime,6,0.5843487097907775,0.22324378820494184,0.49999999999998773
2003-01-20,nighttime,6,0,1,2.758617227440223e-14
2003-01-22,daytime,6,-0.17770466332772772,0.736248868113583,-0.10526315789474579
2003-01-22,nighttime,6,0.1682316462276142,0.7500331671617997,0.11320754716982089
2003-01-23,daytime,6,-7.216052742064986e-16,0.9999999999999989,-5.953164028888752e-15
2003-01-23,nighttime,6,-0.5185629788417289,0.2918782851951174,-0.2857142857142591
2003-01-24,daytime,6,0.368939225957461,0.47170045502643054,0.2631578947368327
2003-01-24,nighttime,6,0.5,0.31250000000000006,0.4999999999999743
2003-01-25,daytime,6,NA,NA,0
2003-01-25,nighttime,6,0.642718120911326,0.1686719348159516,0.280898876404501
2003-01-26,daytime,6,0.7071067811865474,0.11611652351681565,0.14999999999999958
2003-01-26,nighttime,6,-0.15877683720749292,0.7638361328930569,-0.1428571428571124
2003-01-27,daytime,6,-0.8911327886790068,0.0171329536628601,-0.7499999999999994
2003-01-27,nighttime,6,-3.787192865471017e-15,0.9999999999999943,1.5385522370697424e-15
2003-01-29,daytime,6,0.14625448482542613,0.7821824918509028,0.09090909090906275
2003-01-29,nighttime,6,-0.44721359549995804,0.37390096630005887,-0.3333333333333268
2003-01-30,daytime,6,0.5331139899831836,0.27608731886494037,0.315789473684207
2003-01-30,nighttime,6,0.857492925712545,0.029015363531383447,0.588235294117645
2003-01-31,daytime,6,0.17770466332772408,0.7362488681135884,0.10526315789472025
2003-01-31,nighttime,6,0.2499999999999994,0.6328125000000009,0.1250000000000122
2003-02-01,daytime,6,0.24253562503633358,0.6433299631818625,0.17647058823529163
2003-02-01,nighttime,6,0.10846522890932808,0.8379401873942981,0.20000000000001683
2003-02-02,daytime,6,-0.23529411764706168,0.653572155505797,-0.11764705882355535
2003-02-02,nighttime,6,0.23904572186687936,0.6482612949673061,0.14285714285715392
2003-02-03,daytime,6,-0.3222773044199762,0.5333203325695283,-0.047210300429201754
2003-02-03,nighttime,6,-0.31799936400190776,0.5390795735253249,-0.1011235955056169
2003-02-05,daytime,6,-0.5222329678670927,0.2878641347266917,-0.18181818181818976
2003-02-05,nighttime,6,-0.15877683720748895,0.7638361328930626,-0.1764705882352724
2003-02-06,daytime,6,0.7293968086257971,0.0999315243312208,0.3103448275861995
2003-02-06,nighttime,6,0.8401680504168061,0.03627782452189904,0.4999999999999981
2003-02-07,daytime,6,0.6965977657191909,0.1241148434920576,0.31055900621117793
2003-02-07,nighttime,6,-0.9079593845004528,0.012317352470240085,-0.5199999999999942
2003-02-08,daytime,6,0.6846531968814583,0.13348579769690458,0.37499999999999806
2003-02-08,nighttime,6,-0.42411176857938887,0.401975007038856,-0.13294797687860962
2003-02-09,daytime,6,0.15811388300841897,0.7648055990249768,0.09999999999996965
2003-02-09,nighttime,6,0.5773502691896206,0.230199641080504,0.3333333333333442
2003-02-11,daytime,6,0.5426095162342932,0.26596465269001934,0.46428571428571225
2003-02-11,nighttime,6,-0.6915640748081253,0.12802790567671177,-0.99999999999999
2003-02-13,daytime,6,0.6831300510639736,0.13470193531896682,0.19999999999999907
2003-02-13,nighttime,6,0.39107694443751845,0.44329046733012023,0.20000000000000576
2003-02-14,daytime,6,-0.8215838362577482,0.04490879035036704,-0.7499999999999957
2003-02-14,nighttime,6,-0.35355339059327373,0.4917670010221689,-0.7499999999999941
2003-02-15,daytime,6,0.35503580124836437,0.4898225040884849,0.14285714285713738
2003-02-15,nighttime,6,0.2705008904002317,0.6041450384386855,0.14634146341463689
2003-02-16,daytime,6,0.1574591643244434,0.7657632266247949,0.13636363636364224
2003-02-16,nighttime,6,0.5809475019311124,0.22661363805420628,0.15000000000001387
2003-02-17,daytime,6,0.6859943405700318,0.1324189222202521,0.5000000000000034
2003-02-17,nighttime,6,-0.5582905262390854,0.2495705264188924,-0.42857142857143676
2003-02-19,daytime,6,0.6859943405700354,0.13241892222024929,0.23529411764705743
2003-02-19,nighttime,6,1.563938225792259e-20,1,-2.958754302057185e-16
2003-02-20,daytime,6,-0.05882352941176442,0.9118664766944844,-0.058823529411815914
2003-02-20,nighttime,6,-0.29277002188455997,0.5733922538253555,-0.5999999999999882
2003-02-21,daytime,6,-0.6919053632356181,0.12776093123329013,-0.17692307692308104
2003-02-21,nighttime,6,0.5786375623578451,0.22891378409010368,0.23437500000000902
2003-02-22,daytime,6,-0.7789240586062486,0.06790936180227075,-0.2714285714285703
2003-02-22,nighttime,6,0.3721042037676251,0.46760475460939743,0.1384615384615447
2003-02-23,daytime,6,0.8574929257125443,0.029015363531383714,0.31249999999999917
2003-02-23,nighttime,6,0.19127301391900545,0.7165893757175713,0.14634146341463566
2003-02-24,daytime,6,-0.7448452997421311,0.08935009586321639,-0.09246575342465634
2003-02-24,nighttime,6,0.5016750465679853,0.3106176792966771,0.2013422818792027
2003-02-26,daytime,6,0.9428873383155076,0.004799637544374543,0.5511221945137098
2003-02-26,nighttime,6,0.5669467095138409,0.24069637118682002,0.21428571428571935
2003-02-27,daytime,6,-0.34389281572132946,0.504495548707239,-0.18584070796461408
2003-02-27,nighttime,6,0.3321819194149597,0.52005439919011,0.1379310344827646
2003-02-28,daytime,6,-0.9235857435765773,0.008535611160563606,-0.28099173553719164
2003-02-28,nighttime,6,0.27856797618117285,0.592956489549558,0.05735660847880726
2003-03-01,daytime,6,0.5681655143089248,0.23945706621201202,0.2941176470588183
2003-03-01,nighttime,6,0.2738612787525811,0.5994778798243501,0.20000000000000367
2003-03-02,daytime,6,0.8416254115301728,0.03563754928834342,0.4722222222222215
2003-03-02,nighttime,6,-0.5423261445466404,0.26626462796630956,-0.5882352941176457
2003-03-05,daytime,6,-0.5222329678670905,0.287864134726694,-0.2727272727272831
2003-03-05,nighttime,6,0.715503593625822,0.10989399359517961,0.20477815699659344
2003-03-06,daytime,6,-0.6271206013136241,0.18263617102044483,-0.16605166051660397
2003-03-06,nighttime,6,0.8693182879212237,0.024500692625541942,0.3285714285714377
2003-03-07,daytime,6,-0.44172610429938913,0.3805060732386621,-0.49999999999999867
2003-03-07,nighttime,6,0.6357084917461978,0.17489020055248963,0.2987012987013012
2003-03-08,daytime,6,0.3692744729379981,0.4712660955660483,0.09090909090909041
2003-03-08,nighttime,6,0.21320071635561214,0.6850443962928457,0.181818181818169
2003-03-09,daytime,6,0.43301270189222,0.3910758879640655,0.1250000000000001
2003-03-09,nighttime,6,-0.11396057645963975,0.8297991390537849,-0.09090909090909215
2003-03-10,daytime,6,-0.7273238618387273,0.10139136869825235,-0.36800000000001315
2003-03-10,nighttime,6,0.46362091855396637,0.354394972080414,0.28108108108108953
2003-03-12,daytime,6,-0.7837689821348987,0.06507874677839244,-0.4418604651163016
2003-03-12,nighttime,6,0.08097763301789182,0.87879905090928645,0.013114754098365726
2003-03-13,daytime,6,-0.5521576303742339,0.25593392492252626,-0.6250000000000284
2003-03-13,nighttime,6,0.8058772873379588,0.05286781735336365,0.3820224719101242
2003-03-14,daytime,6,-0.809039834955892,0.05121692082445485,-0.4000000000000046
2003-03-14,nighttime,6,0.3083349194223856,0.5521543864023446,0.06338028169014956
2003-03-15,daytime,6,-0.6779839886978033,0.13884585300485439,-0.853658536585372
2003-03-15,nighttime,6,0.79975072923829,0.0561346807666742,0.25964010282776573
2003-03-16,daytime,6,-0.6021120361558567,0.20597646462800503,-0.26898047722342555
2003-03-16,nighttime,6,0.8895324291917253,0.017630603766434837,0.20723684210526483
2003-03-17,daytime,6,0.6509445549041192,0.16149514961503278,0.2542372881355929
2003-03-17,nighttime,6,0.5376033305704706,0.2712833467122813,0.3468208092485548
2003-03-19,daytime,6,0.7426106572325045,0.09084798213814634,0.6249999999999994
2003-03-19,nighttime,6,-0.7725393039369074,0.07172332975220425,-0.2387267904509314
2003-03-20,daytime,6,-0.5081097906755785,0.30342607870378996,-0.24096385542168883
2003-03-20,nighttime,6,0.8874119674649423,0.018300510991907482,0.3500000000000014
2003-03-21,daytime,6,-0.9443395513950016,0.004560907892908321,-0.43501326259947615
2003-03-21,nighttime,6,0.7239737088005911,0.10377047772616488,0.19999999999999843
2003-03-22,daytime,6,-0.808916787262499,0.05128070027519525,-0.3379888268156473
2003-03-22,nighttime,6,-0.2805147493273109,0.5902645218842064,-0.07868852459015874
2003-03-23,daytime,6,-0.6528618085697914,0.15984145524503304,-0.23066485753053076
2003-03-23,nighttime,6,-0.31046021028252996,0.5492716224211459,-0.09638554216866903
2003-03-24,daytime,6,0.45645511269959516,0.36286883214445226,0.43564356435644025
2003-03-24,nighttime,6,0.2581988897471589,0.6213082950375002,0.20000000000000662
2003-03-27,daytime,6,-0.9400000000000002,0.005291999999999976,-1.1750000000000065
2003-03-27,nighttime,6,-0.7514691493021796,0.08497580055558149,-0.39999999999998737
2003-03-28,daytime,6,0.43994134506405674,0.38266295128108113,0.1290322580645164
2003-03-28,nighttime,6,-0.8557169633109853,0.029724579126083457,-0.3275862068965669
2003-03-29,daytime,6,-0.34367169831173755,0.504788025267339,-0.19685039370078883
2003-03-29,nighttime,6,0.40193125238302846,0.42956886344037487,0.04405874499333106
2003-03-30,daytime,6,-0.5760715294819274,0.23147979584601291,-0.26548672566372156
2003-03-30,nighttime,6,0.9818477611467172,4.912650474630037e-4,0.6277372262773884
2003-03-31,daytime,6,-0.39477101697586187,0.4386048524823783,-0.27272727272727665
2003-03-31,nighttime,6,0.11575622541394562,0.8271411998657259,0.09677419354838712
2003-04-01,daytime,6,-0.7732369676646778,0.07130196469738265,-0.38265306122449183
2003-04-01,nighttime,6,0.4274373669939296,0.39789093060206465,0.07027027027028326
2003-04-02,daytime,6,-0.7932297795381034,0.059710766952023785,-0.6292134831460883
2003-04-02,nighttime,6,0.8314876315471743,0.040202053628897914,0.44247787610619727
2003-04-04,daytime,6,-0.18938850476964356,0.7193137368335125,-0.29411764705881005
2003-04-04,nighttime,6,0.8724024145144718,0.023382998412306902,0.4461538461538592
2003-04-05,daytime,6,-0.8845726053279063,0.019216277670417514,-0.37674418604651605
2003-04-05,nighttime,6,-0.768018969503152,0.07448074516215414,-0.1255006675567394
2003-04-06,daytime,6,-0.7169281790988649,0.10885325989634105,-0.269230769230773
2003-04-06,nighttime,6,0.5095246653650678,0.30185322293728695,0.346153846153848
2003-04-07,daytime,6,-0.405498008563376,0.42509072916621543,-0.24855491329480603
2003-04-07,nighttime,6,0.5916079783099614,0.21611942873930093,0.1750000000000097
2003-04-09,daytime,6,0.6324555320336741,0.17780780835622273,0.9999999999999812
2003-04-09,nighttime,6,-0.628019268259147,0.18181907260068844,-0.7931034482758778
2003-04-10,daytime,6,-0.6585235783315,0.15500009499811832,-0.3116883116883144
2003-04-10,nighttime,6,-0.22885432413650772,0.6627115565013272,-0.055865921787704845
2003-04-11,daytime,6,-0.4813109511118903,0.3337838765497581,-0.32432432432432756
2003-04-11,nighttime,6,0.4865401437450089,0.3277769948388641,0.12459016393443868
2003-04-12,daytime,6,-0.6168380343694793,0.19209304142129757,-0.2879377431906615
2003-04-12,nighttime,6,0.15877683720748897,0.7638361328930626,0.0882352941176658
2003-04-14,daytime,6,0.9661363887437512,0.0017006998016253626,0.904761904761905
2003-04-14,nighttime,6,-0.4629100498862771,0.35523243051554304,-1.0000000000000164
2003-04-16,daytime,6,-0.6592477879183632,0.1543853827002897,-0.3380281690140961
2003-04-16,nighttime,6,0.8530666868875069,0.030797996828302827,0.41584158415842337
2003-04-17,daytime,6,-0.9712404627008674,0.0012287728138689895,-0.3477157360406094
2003-04-17,nighttime,6,-0.5393193716300065,0.26945561078483476,-0.14102564102563078
2003-04-18,daytime,6,-0.6289398133396578,0.18098365944244407,-0.30249110320284905
2003-04-18,nighttime,6,0.5295134817469697,0.2799634710325602,0.13618677042802196
2003-04-19,daytime,6,0.8696242356521142,0.024388706707420712,0.5610859728506769
2003-04-19,nighttime,6,-0.09417632186960452,0.8591531505519995,-0.0909090909090919
2003-04-20,daytime,6,-0.9909866070969601,1.2149574777644252e-4,-0.3415841584158445
2003-04-20,nighttime,6,0.761964431978254,0.07824773894095964,0.16180371352785883
2003-04-21,daytime,6,-0.8451542547285166,0.034109423167409635,-0.23809523809524208
2003-04-21,nighttime,6,-0.4716981132075495,0.3449290353781954,-0.2358490566037767
2003-04-23,daytime,6,0.971884204091312,0.0011746342294384558,0.43772241992883204
2003-04-23,nighttime,6,0.9626509401538987,0.0020663783291482245,0.28959276018099406
2003-04-24,daytime,6,0.576356428077911,0.23119433709214132,0.28108108108108115
2003-04-24,nighttime,6,0.9613160266404962,0.002215730380318733,0.6842105263157902
2003-04-25,daytime,6,0.5422580159741314,0.2663367678775615,0.22746781115879985
2003-04-25,nighttime,6,0.9585144756340407,0.0025458737933263995,0.525000000000001
2003-04-26,daytime,6,0.43852900965351493,0.3843727364479503,0.09615384615383926
2003-04-26,nighttime,6,0.4421479059274276,0.37999694285478186,0.23893805309734154
2003-04-27,daytime,6,-0.9150357298217416,0.010521715369582983,-0.38801261829654154
2003-04-27,nighttime,6,0.9349717564881109,0.006205517110319099,0.29139072847682285
2003-04-28,daytime,6,0.933025689021066,0.006578128907363724,0.5796703296703323
2003-04-28,nighttime,6,0.780868809443028,0.06676654481198951,0.8333333333333306
2003-04-29,daytime,6,0.06984302957696109,0.8954058044871851,0.199999999999939
2003-04-29,nighttime,6,0.5590169943749485,0.24882091380866309,0.3750000000000094
2003-05-01,daytime,6,-0.8474857191710649,0.03311712149820584,-0.2872928176795642
2003-05-01,nighttime,6,0.45913112912132503,0.3596960472794065,0.03832752613240646
2003-05-02,daytime,6,-0.4451888489580439,0.3763334080943491,-0.27272727272727876
2003-05-02,nighttime,6,0.2612188624844039,0.6170838792287443,0.04000000000000239
2003-05-03,daytime,6,-0.567223741882935,0.24041445708889764,-0.2815249266862297
2003-05-03,nighttime,6,-0.3638974314683676,0.47824774566074396,-0.05116279069767384
2003-05-04,daytime,6,0.4472135954999598,0.3739009663000566,0.2500000000000034
2003-05-04,nighttime,6,0.3735436838188185,0.4657456615149464,0.2790697674418769
2003-05-05,daytime,6,0.04288778793996954,0.9357077611813455,0.025751072961366816
2003-05-05,nighttime,6,0.8153742483272113,0.04798336390366811,0.21153846153845984
2003-05-06,daytime,6,-0.37406454863606536,0.46507353459098516,-0.2279411764705928
2003-05-06,nighttime,6,0.5138393311580347,0.2970757230657782,0.12131147540984072
2003-05-08,daytime,6,-0.5730698830937561,0.23449585502646536,-0.19318181818183316
2003-05-08,nighttime,6,-0.6629126073623874,0.15129059741006787,-0.9375000000000071
2003-05-09,daytime,6,0.3071475584169757,0.5537667547526957,0.09433962264152851
2003-05-09,nighttime,6,0.5655919464019692,0.24207688610046815,0.49438202247191265
2003-05-10,daytime,6,-0.07905694150421222,0.8816616406858824,-0.050000000000001786
2003-05-10,nighttime,6,0.8273494075984584,0.04213913655502375,0.25352112676055993
2003-05-11,daytime,6,-0.655490289158874,0.1575860094569453,-0.4117647058823593
2003-05-11,nighttime,6,0.812676945806794,0.049348313834319986,0.14970059880239464
2003-05-12,daytime,6,-0.8641264122753554,0.02643822368499462,-0.40322580645161976
2003-05-12,nighttime,6,0.983865712281824,3.883728597681419e-4,0.9615384615384551
2003-05-14,daytime,6,0.904922896669328,0.013129751232907137,0.9078947368420994
2003-05-14,nighttime,6,-0.41702882811414527,0.41072013418653314,-0.5217391304347856
2003-05-15,daytime,6,-0.9108595236205936,0.01156488058779593,-0.35789473684211826
2003-05-15,nighttime,6,-0.6561808046625899,0.15699574330927163,-0.1324840764331164
2003-05-16,daytime,6,-0.3377779740177623,0.512602252256249,-0.11409395973155304
2003-05-16,nighttime,6,0.3350296971302475,0.5162581413884696,0.3928571428571643
2003-05-17,daytime,6,-0.7477618514378679,0.08741191486071981,-0.28589909443726164
2003-05-17,nighttime,6,-0.5938176983191681,0.21396929023583877,-0.12089810017270715
2003-05-18,daytime,6,-0.7105853882669236,0.11352042399153457,-0.153674832962145
2003-05-18,nighttime,6,-0.026490647141298312,0.9602733242519618,-0.013333333333328912
2003-05-19,daytime,6,0.78334945180064,0.06532167682878162,0.8181818181818271
2003-05-19,nighttime,6,-0.3602883460614459,0.48295158029162694,-0.37500000000000006
2003-05-21,daytime,6,-0.6490191314518688,0.16316311495850114,-0.28959276018099955
2003-05-21,nighttime,6,0.9716254134469442,0.0011962533097852157,0.6923076923077014
2003-05-22,daytime,6,-0.21520701346890098,0.682173034918085,-0.15853658536586412
2003-05-22,nighttime,6,0.8878745226005822,0.018153356394246725,0.525547445255476
2003-05-23,daytime,6,-0.11268723396380181,0.8316846235556548,-0.06349206349206926
2003-05-23,nighttime,6,0.8420753583206857,0.035440953196306364,0.6000000000000096
2003-05-24,daytime,6,-0.9963864489960088,1.9563033863306262e-5,-2.5807259073842235
2003-05-24,nighttime,6,0.6456079348093956,0.16613589209009505,0.8181818181818248
2003-05-25,daytime,6,-0.7834450930258059,0.0652662591401398,-0.3356643356643483
2003-05-25,nighttime,6,-0.016340829138365244,0.9754909379785854,-0.0013351134846461715
2003-05-26,daytime,6,1.2436973660861885e-15,0.9999999999999981,8.162188154916336e-15
2003-05-26,nighttime,6,0.8021228180449845,0.05485909066653827,0.3959390862944131
2003-05-28,daytime,6,-0.25000000000000017,0.6328124999999998,-0.06250000000000565
2003-05-28,nighttime,6,0.7075491376772259,0.11578496374128938,0.21276595744680615
2003-05-29,daytime,6,-0.5683985600588051,0.23922038884436828,-0.1538461538461559
2003-05-29,nighttime,6,-0.44279242191003026,0.37921944377403155,-0.09226594301221076
2003-05-30,daytime,6,-0.01660909597074943,0.9750886469536649,-0.003999999999999806
2003-05-30,nighttime,6,0.4457893447634345,0.37561142649191476,0.13513513513514133
2003-06-05,daytime,6,-0.5331139899831826,0.2760873188649414,-0.1578947368421056
2003-06-05,nighttime,6,3.932972657658624e-16,0.9999999999999993,4.409273901517707e-15
2003-06-06,daytime,6,0.15249857033260436,0.7730253836910075,0.04651162790697409
2003-06-06,nighttime,6,0.8573214099741112,0.02908350320431823,0.3500000000000064
2003-06-07,daytime,6,-0.8794230170999032,0.020931690357583715,-0.30696202531646155
2003-06-07,nighttime,6,-0.23733318373092951,0.6506843622821255,-0.05039787798408065
2003-11-07,daytime,6,0.347182537414708,0.5001501414453425,0.32142857142857834
2003-11-07,nighttime,6,-0.8114441191120686,0.04997808652009212,-0.6500000000000029
2003-11-09,daytime,6,0.4037864265436225,0.4272377319136655,0.3260869565217478
2003-11-09,nighttime,6,-0.5345224838248465,0.27457662909485053,-1.1428571428571548
2003-11-10,daytime,6,-0.4032500706373494,0.42791126593761003,-0.43750000000000905
2003-11-10,nighttime,6,0.5423261445466405,0.26626462796630956,0.8823529411764969
2003-11-12,daytime,6,0.7196763181246421,0.10685794092135532,1.117647058823562
2003-11-12,nighttime,6,-0.6384423980690627,0.17245373945939474,-0.9375000000000155
2003-11-13,daytime,6,0.21997067253203192,0.6753658623115981,0.2500000000000088
2003-11-13,nighttime,6,-0.3230291412348992,0.5323099824729502,-0.5999999999999782
2003-11-14,daytime,6,-0.2152070134689003,0.682173034918086,-0.3170731707317115
2003-11-14,nighttime,6,-0.1608168802256696,0.7608542082851034,-0.20689655172414623
2003-11-15,daytime,6,-0.5819356972401051,0.22563247041736487,-0.9268292682926987
2003-11-15,nighttime,6,-0.6363961030678967,0.17427605626940548,-0.2400000000000038
2003-11-16,daytime,6,0.7511561630742162,0.08518027255746069,0.741379310344827
2003-11-16,nighttime,6,-0.485642931178632,0.32880481681443785,-0.4166666666666671
2003-11-17,daytime,6,0.6885371730598191,0.13040627574366662,0.6637168141593036
2003-11-17,nighttime,6,-0.5944454429259137,0.21336005689731868,-0.8750000000000061
2003-11-19,daytime,6,0,1,-1.2853422335100696e-15
2003-11-19,nighttime,6,-0.830454798537399,0.040681525827486915,-1.3793103448275916
2003-11-20,daytime,6,-0.6929348671835837,0.1269570621794136,-1.8333333333333772
2003-11-20,nighttime,6,0.28284271247461923,0.5870496397870559,0.11999999999999865
2003-11-21,daytime,6,-0.5897678246195893,0.21791658039576203,-1.0000000000000342
2003-11-21,nighttime,6,-0.612146092152417,0.19647342227443343,-0.5909090909090859
2003-11-23,daytime,6,0.4927569020810332,0.320687642014041,0.47826086956522584
2003-11-23,nighttime,6,-0.8320502943378442,0.03994196807171861,-1.0000000000000164
2003-11-24,daytime,6,-0.4918157259389881,0.3217572709741461,-0.5344827586207015
2003-11-24,nighttime,6,0.5795871619734638,0.2279670872150882,0.2918660287081398
2003-11-25,daytime,6,0.39477101697586237,0.43860485248237774,0.8181818181818215
2003-11-25,nighttime,6,0.52223296786709406,0.28786413472669004,0.9999999999999895
2003-11-27,daytime,6,0.4762896722078387,0.33958908876737154,0.5833333333333329
2003-11-27,nighttime,6,-0.715678085420548,0.10976628398907501,-1.0000000000000155
2003-11-29,daytime,6,-0.5111986324432478,0.29999629773450753,-0.7317073170731805
2003-11-29,nighttime,6,-0.39509183865983605,0.43819867819833086,-0.13333333333333192
2003-11-30,daytime,6,0.8468261737804965,0.033396432474029514,1.8571428571428628
2003-11-30,nighttime,6,-0.7191949522280762,0.1072062661996295,-1.0344827586206984
2003-12-01,daytime,6,-0.7838495153381952,0.06503216117183873,-0.9655172413793668
2003-12-01,nighttime,6,-0.464947814908549,0.3528336664544975,-0.6176470588235383
2003-12-04,daytime,6,0.6078306738548322,0.20053798069339826,0.7142857142857197
2003-12-04,nighttime,6,-0.4152273992686998,0.41295436655114875,-0.49999999999999994
2003-12-06,daytime,6,0.39999999999999597,0.4320000000000051,0.7999999999999832
2003-12-06,nighttime,6,-0.771211138093255,0.07252861362971653,-1.0357142857142498
2003-12-07,daytime,6,0.4183300132670379,0.40910885626030896,0.18750000000000522
2003-12-07,nighttime,6,-0.5552336962739257,0.25273441500376875,-0.23387096774193464
2003-12-08,daytime,6,0.26111648393354403,0.6172269724155999,0.24999999999998831
2003-12-08,nighttime,6,-0.400000000000001,0.43199999999999883,-0.8000000000000062
2003-12-10,daytime,6,1.6987251745804084e-15,0.9999999999999974,-8.250458651155251e-15
2003-12-10,nighttime,6,-0.6123724356957946,0.19626117814926947,-1.4999999999999543
2003-12-11,daytime,6,0.23354968324845948,0.656045011943178,0.2727272727272558
2003-12-11,nighttime,6,-0.6324555320336801,0.17780780835621746,-1.599999999999957
2003-12-12,daytime,6,1.1042985774881792e-15,0.9999999999999983,-1.2465930986200745e-14
2003-12-12,nighttime,6,0.21483446221182909,0.6827060250409909,0.4999999999999508
2003-12-14,daytime,6,-0.6671786152547193,0.14772178648321632,-0.582089552238823
2003-12-14,nighttime,6,-0.6195224741298926,0.18960515940280137,-0.6956521739130312
2003-12-15,daytime,6,0.411764705882354,0.4172603297374301,0.41176470588235414
2003-12-15,nighttime,6,0.23145502494313683,0.6590171507534144,0.5000000000000363
2003-12-18,daytime,6,0.42460388780422165,0.4013697591414036,0.6249999999999956
2003-12-18,nighttime,6,-0.5000000000000013,0.31249999999999867,-2.0000000000000786
2003-12-21,daytime,6,-0.4953828252632521,0.3177102610905897,-0.6304347826087112
2003-12-21,nighttime,6,0.030457245193657667,0.9543282589466163,0.025974025974035128
2003-12-23,daytime,6,0.4207031619116678,0.40617562544326485,1.0000000000000184
2003-12-23,nighttime,6,NA,NA,NA
2003-12-24,daytime,6,0.01847737675347709,0.9722870890822721,0.03448275862067521
2003-12-24,nighttime,6,-0.49751859510499397,0.3152961908951071,-1.6666666666666585
2003-12-25,daytime,6,0.6479619753887075,0.16408198429272758,0.9714285714285729
2003-12-25,nighttime,6,-0.10000000000000213,0.8504999999999968,-0.13333333333334108
2003-12-27,daytime,6,0.12982269672237376,0.8063599664056729,0.24999999999998376
2003-12-27,nighttime,6,-0.9286541181161706,0.007453768645067212,-1.4615384615384774
2003-12-28,daytime,6,-0.645452773228204,0.1662716485184786,-0.8029197080292115
2003-12-28,nighttime,6,0.025708724836452965,0.9614454086887563,0.01123595505617997
2003-12-29,daytime,6,-0.48168766908288146,0.33334980793754587,-0.7857142857142936
2003-12-29,nighttime,6,-0.18257418583505683,0.7291816243446658,-0.1666666666666583
2003-12-30,daytime,6,-0.10877909084991233,0.8374749492662623,-0.1707317073170619
2003-12-30,nighttime,6,-0.8812241993702495,0.02032371008704889,-0.8106904231625862
2004-01-07,daytime,6,-0.440086229423351,0.3824877017972742,-0.3181818181818161
2004-01-07,nighttime,6,0.045037734911100885,0.9324890748492829,0.019607843137259086
2004-01-08,daytime,6,0.09894548898362962,0.8520661150720279,0.10769230769229846
2004-01-08,nighttime,6,0.29756985032180777,0.5668198046673092,0.194805194805194
2004-01-09,daytime,6,0.4842742776412895,0.3303749669387805,0.6097560975609856
2004-01-09,nighttime,6,-0.14625448482542613,0.7821824918509028,-0.2352941176470588
2004-01-10,daytime,6,-0.19473404508356254,0.7115912211508193,-0.1011235955056136
2004-01-10,nighttime,6,0.4152273992687004,0.4129543665511478,0.5172413793103455
2004-01-11,daytime,6,-0.20000000000000337,0.7039999999999952,-0.20000000000000429
2004-01-11,nighttime,6,0.4582575694955839,0.3607306905536604,0.4000000000000088
2004-01-12,daytime,6,-0.1597108266586969,0.7624706758126513,-0.4117647058823681
2004-01-12,nighttime,6,0.630126037812604,0.1799094949056548,1.4999999999999964
2004-01-15,daytime,6,-1.131379942582065e-15,0.9999999999999982,-9.733343487670695e-15
2004-01-15,nighttime,6,0.44357765228113005,0.37827294243025417,0.415384615384628
2004-01-16,daytime,6,-0.3550358012483629,0.48982250408848704,-0.44117647058825465
2004-01-16,nighttime,6,-0.25928148942086576,0.6197931100509153,-0.4705882352940942
2004-01-17,daytime,6,-0.1158806995601768,0.8269569931752799,-0.17073170731708767
2004-01-17,nighttime,6,2.2637907742392596e-20,1,-2.9461032369394635e-15
2004-01-18,daytime,6,-0.7511185688542201,0.0852048474850094,-0.6268656716417972
2004-01-18,nighttime,6,0.5021395048517509,0.3100964950493098,0.3181818181818234
2004-01-19,daytime,6,-9.342878983152546e-16,0.9999999999999987,-2.734079689544943e-15
2004-01-19,nighttime,6,0.37139067635410355,0.46852713556223113,0.333333333333329
2004-01-21,daytime,6,-0.5505041256034782,0.2576602683190854,-0.27881040892193887
2004-01-21,nighttime,6,0.07963978098028678,0.8807928859745391,0.046511627906985514
2004-01-23,daytime,6,0.2615384615384618,0.616637232589895,0.2615384615384581
2004-01-23,nighttime,6,-0.6719412301104987,0.14378057300301061,-0.6521739130434845
2004-01-24,daytime,6,-0.3812820115639664,0.4557916042379135,-0.3258426966292237
2004-01-24,nighttime,6,-0.3586710748941064,0.48506399710743203,-0.454545454545468
2004-01-25,daytime,6,-0.4615930911724957,0.3567857635792351,-0.3125000000000093
2004-01-25,nighttime,6,0.5138701197773617,0.29704173458581234,0.20312499999999842
2004-01-26,daytime,6,-0.2979217958621087,0.5663386876800075,-0.1923076923076998
2004-01-26,nighttime,6,0.7784989441615231,0.06816035471575269,0.45454545454544926
2004-01-28,daytime,6,0.11572751247156914,0.8271836923136613,0.1071428571428608
2004-01-28,nighttime,6,0.6741998624632407,0.14192744777405655,1.0000000000000142
2004-01-29,daytime,6,-0.1690308509457046,0.7488684500235245,-0.12857142857143702
2004-01-29,nighttime,6,0.26967994498529685,0.6052866259760656,0.1818181818181928
2004-01-30,daytime,6,-0.06741998624632413,0.8990232478719827,-0.0500000000000029
2004-01-30,nighttime,6,0.15745916432444662,0.7657632266247902,0.13636363636364976
2004-01-31,daytime,6,-0.263981838674227,0.6132252154616291,-0.14285714285714787
2004-01-31,nighttime,6,0.837435789358622,0.037492631711192964,0.6428571428571628
2004-02-01,daytime,6,-0.18156825980064323,0.7306404937023425,-0.1428571428571457
2004-02-01,nighttime,6,0.10223972648865255,0.8471747642382162,0.14285714285714662
2004-02-02,daytime,6,-0.5192907868895007,0.2910805549766936,-0.5000000000000039
2004-02-02,nighttime,6,-0.16903085094570353,0.7488684500235261,-0.09999999999999054
2004-02-04,daytime,6,-0.31622776601684077,0.5414697392755816,-0.2500000000000035
2004-02-04,nighttime,6,0.30714755841697455,0.5537667547526972,0.33333333333333104
2004-02-05,daytime,6,-0.5029556907695454,0.3091814128758221,-0.3478260869565268
2004-02-05,nighttime,6,0.3015113445777636,0.5614380442505257,0.3636363636363651
2004-02-06,daytime,6,-0.5619514869490182,0.24580195172631794,-0.500000000000018
2004-02-06,nighttime,6,0.31855912392113866,0.53832499059632,0.5454545454545537
2004-02-07,daytime,6,-0.33847718414857275,0.5116733484165626,-0.2773722627737318
2004-02-07,nighttime,6,0.37397879600337974,0.46518416935180945,0.307692307692315
2004-02-08,daytime,6,-0.3518657752744978,0.4939835041290556,-0.3333333333333408
2004-02-08,nighttime,6,0.5888107617966452,0.2188536473806294,0.4375000000000085
2004-02-09,daytime,6,9.053187276950545e-16,0.9999999999999987,-7.859779188766363e-15
2004-02-09,nighttime,6,-0.24643202904507225,0.6378347103507642,-0.263157894736853
2004-02-11,daytime,6,-0.32062002869004447,0.5355493780199813,-0.15909090909091228
2004-02-11,nighttime,6,-0.40147753427348287,0.4301396182927374,-0.1842105263157801
2004-02-12,daytime,6,0.23791547571544389,0.6498602432867053,0.25000000000000205
2004-02-12,nighttime,6,-0.5342072242964941,0.2749144868334139,-0.6875000000000036
2004-02-13,daytime,6,-0.44055140289085076,0.38192522381685046,-0.15014164305949207
2004-02-13,nighttime,6,0.20761369963435178,0.6930538837302471,0.08620689655172821
2004-02-14,daytime,6,-0.1874626427044949,0.7220999647596048,-0.14893617021276906
2004-02-14,nighttime,6,-0.13948208816291896,0.7921336974070119,-0.0583657587548536
2004-02-15,daytime,6,-0.13055824196677554,0.8052753493393263,-0.13636363636364102
2004-02-15,nighttime,6,0.20412414523193262,0.6980663685110997,0.6666666666666327
2004-02-16,daytime,6,-0.14383899044561463,0.785729503887912,-0.10344827586206902
2004-02-16,nighttime,6,-0.18490006540840878,0.7258105867661631,-0.3333333333333121
2004-02-21,daytime,6,1.9860348986908056e-15,0.999999999999997,1.1671101284798618e-14
2004-02-21,nighttime,6,0.2956561979945423,0.5694377396338222,0.19230769230769518
2004-02-23,daytime,6,0.012458862821019438,0.9813126727211396,0.001707455890721071
2004-02-23,nighttime,6,-0.758495349855982,0.08044392555615058,-0.37226277372264605
2004-02-27,daytime,6,0,1,-3.0771044741394883e-15
2004-02-27,nighttime,6,-0.5000000000000012,0.31249999999999867,-0.5000000000000027
2004-02-28,daytime,6,-0.49143609346716155,0.3221890861801981,-0.2264150943396253
2004-02-28,nighttime,6,0.6863485850246113,0.13213773959697797,0.27272727272728653
2004-02-29,daytime,6,-0.33756997551928747,0.5128786748611213,-0.122093023255814
2004-02-29,nighttime,6,-0.15745916432444437,0.7657632266247936,-0.13636363636360962
2004-03-05,daytime,6,-0.3216337604513404,0.5341855883118518,-0.41379310344827774
2004-03-05,nighttime,6,0.48890120703870343,0.3250778458929116,0.6829268292683042
2004-03-06,daytime,6,0.5410017808004574,0.267668321111575,0.5853658536585402
2004-03-06,nighttime,6,0.04029114820126578,0.9395959815521608,0.03571428571428658
2004-03-07,daytime,6,-0.268664197703786,0.6066998549403974,-0.1714285714285784
2004-03-07,nighttime,6,0.3692744729379994,0.4712660955660464,0.5000000000000056
2004-03-08,daytime,6,-0.09379580992210822,0.8597188766560844,-0.06451612903226082
2004-03-08,nighttime,6,0.2218800784900912,0.6726415457353885,0.12307692307692575
2004-03-10,daytime,6,0.21320071635561022,0.6850443962928485,0.1818181818181852
2004-03-10,nighttime,6,0,1,1.4462281870509705e-14
2004-03-11,daytime,6,-0.15617376188860607,0.7676439152389032,-0.03658536585366162
2004-03-11,nighttime,6,0.3162277660168413,0.5414697392755805,0.49999999999998
2004-03-12,daytime,6,0.2937591126138162,0.5720362166489077,0.0862944162436494
2004-03-12,nighttime,6,-0.6699206945741362,0.1454470641508382,-0.1862917398945462
2004-03-13,daytime,6,-0.4615930911724991,0.3567857635792312,-0.22727272727274303
2004-03-13,nighttime,6,0.2891216547914549,0.5784015498242252,0.15789473684210656
2004-03-14,daytime,6,-0.19304683562634162,0.7140268925659475,-0.07453416149069757
2004-03-14,nighttime,6,-0.1330380210475474,0.8016202960485688,-0.035398230088493424
2004-03-15,daytime,6,0.39107694443752206,0.4432904673301157,0.19999999999998616
2004-03-15,nighttime,6,0.7617550741785382,0.0783794992288671,0.31914893617021783
2004-03-18,daytime,6,-0.6033299171549416,0.20481327750632933,-0.24752475247526198
2004-03-18,nighttime,6,0.11952286093344006,0.8215694433207931,0.4000000000000526
2004-03-22,daytime,6,-0.3463054346845316,0.5013076125331797,-0.11471321695761517
2004-03-22,nighttime,6,-0.3216337604513394,0.5341855883118533,-0.49999999999995076
2004-03-26,daytime,6,-0.045883146774114196,0.9312235778880646,-0.02000000000000675
2004-03-26,nighttime,6,-0.6889283267815854,0.13009786246370061,-0.3932584269662986
2004-03-29,daytime,6,-0.6080630472452759,0.20031824820268695,-0.29968454258676613
2004-03-29,nighttime,6,-0.2390457218668785,0.6482612949673073,-0.1428571428571348
2004-03-30,daytime,6,0.26726124191242334,0.60865318148538,0.4999999999999906
2004-03-30,nighttime,6,-0.6076436202502017,0.20071493028627363,-0.3692307692307724
2004-03-31,daytime,6,0.24365796154926908,0.6417459470727351,0.08163265306122443
2004-03-31,nighttime,6,7.48678426114934e-21,1,-1.874888619223985e-14
2004-04-01,daytime,6,0.2075143391598204,0.6931965033474423,0.07894736842105109
2004-04-01,nighttime,6,0.12666009927622718,0.8110258411868054,0.17647058823532358
2004-04-02,daytime,6,0.8665407417674361,0.025528514057066805,0.41428571428572647
2004-04-02,nighttime,6,-0.7399400733959431,0.09265267017963497,-0.14932126696833578
2004-04-07,daytime,6,0.09914083043424575,0.8517759772138889,0.04477611940298172
2004-04-07,nighttime,6,-0.21320071635561127,0.685044396292847,-0.1818181818181573
2004-04-10,daytime,6,-0.34438115910909717,0.5038497855961929,-0.1428571428571496
2004-04-10,nighttime,6,0.18181818181818196,0.7302779864763334,0.033057851239669075
2004-04-11,daytime,6,0.030769230769233234,0.9538607191624906,0.01538461538461909
2004-04-11,nighttime,6,0.2936400684442071,0.5721993798763096,0.06632653061224833
2004-04-12,daytime,6,0.5628590807898418,0.24487116855242078,0.21874999999999084
2004-04-12,nighttime,6,-0.6785714285714282,0.13837008017492736,-0.6785714285714431
2004-04-14,daytime,6,-0.37836507139725045,0.45953578878886914,-0.13043478260869712
2004-04-14,nighttime,6,-0.6805570473787199,0.13676711358804428,-0.21052631578947115
2004-04-16,daytime,6,-0.37907125275171855,0.4586284454836164,-0.2258064516129039
2004-04-16,nighttime,6,-0.25000000000000017,0.6328124999999998,-0.12499999999998995
2004-04-18,daytime,6,-0.6874102230682954,0.13129660920465033,-0.19251336898396015
2004-04-18,nighttime,6,0.12247448713915857,0.8172068279448058,0.030000000000005547
2004-04-19,daytime,6,0.4370483222197008,0.3861680867700831,0.33333333333333204
2004-04-19,nighttime,6,-0.3595587326483134,0.48390422375851383,-0.1809954751131201
2004-04-22,daytime,6,0.15548576840284836,0.7686508456951026,0.07142857142856925
2004-04-22,nighttime,6,-0.6324555320336763,0.17780780835622076,-0.3333333333333309
2004-04-26,daytime,6,-0.21520264493646263,0.6821792842362018,-0.16981132075471164
2004-04-26,nighttime,6,0.2526455763199567,0.6290947922111274,0.06382978723404786
2004-04-28,daytime,6,-0.5969128791852659,0.21097219855496002,-0.21774193548387047
2004-04-28,nighttime,6,-0.13957263155977226,0.7920005263443655,-0.10714285714285002
2004-05-19,daytime,6,-0.17524990930819712,0.7398163201487026,-0.06756756756757565
2004-05-19,nighttime,6,-0.25330637668919687,0.6281670254012357,-0.08860759493670767
2004-05-20,daytime,6,-0.49830794777006193,0.31440570361703474,-0.14189189189189433
2004-05-20,nighttime,6,0.5616499299179377,0.24611152110800405,0.1802575107296169
2004-05-21,daytime,6,0.24253562503633294,0.6433299631818633,0.3333333333333344
2004-05-21,nighttime,6,-0.4548588261473407,0.36476612210457554,-0.20689655172414334
2004-05-24,daytime,6,-0.1242561124150553,0.8145750625629613,-0.02386117136659435
2004-05-24,nighttime,6,0.12482101653376168,0.8137408487780784,0.03783783783783733
2004-05-27,daytime,6,-0.413693153477973,0.4148604118389845,-0.1637010676156661
2004-05-27,nighttime,6,-0.6704086429284526,0.14504386318130227,-0.21495327102802994
2004-05-30,daytime,6,0.2701351013344494,0.604653628722691,0.04864864864865098
2004-05-30,nighttime,6,0.454858826147342,0.3647661221045741,0.41379310344827003
2004-06-01,daytime,6,-0.4789131426105759,0.3365515180348904,-0.04587155963302568
2004-06-01,nighttime,6,0.09449111825230483,0.8586851579708834,0.07142857142858408
2004-06-03,daytime,6,-0.06866229106847672,0.8971684179335909,-0.03614457831324888
2004-06-03,nighttime,6,0.2581988897471566,0.6213082950375033,0.10000000000000074
2004-06-04,daytime,6,-0.38936988955373714,0.4454611381139075,-0.17326732673267484
2004-06-04,nighttime,6,-0.46980923864981744,0.34713445890329425,-0.12612612612611923
2004-06-05,daytime,6,-0.8678333919815773,0.025047674447031324,-0.5344827586207057
2004-06-05,nighttime,6,0.41079191812887245,0.41847269089881467,0.29999999999999744
2004-06-06,daytime,6,-0.3986111451909306,0.4337511130705426,-0.1338028169014103
2004-06-06,nighttime,6,-0.7642869980476009,0.07679274875259674,-0.17307692307692021
2004-06-08,daytime,6,0.622171016838255,0.18716367155002145,0.12903225806451676
2004-06-08,nighttime,6,0.7462025072446354,0.08844580080910942,0.6363636363636502
2004-06-10,daytime,6,0.4355724051843734,0.38796051366385415,0.5454545454545219
2004-06-10,nighttime,6,-0.4889012070387073,0.3250778458929071,-0.7000000000000315
2004-10-28,daytime,6,0.4264014327112208,0.3991616175432798,0.4999999999999793
2004-10-28,nighttime,6,-0.40549911245444437,0.42508934559730627,-0.28187919463086086
2004-10-29,daytime,6,-0.10159747976353484,0.8481281273807275,-0.05780346820809696
2004-10-29,nighttime,6,-0.7482698938894872,0.08707624697123692,-0.9642857142857044
2004-10-30,daytime,6,-0.2812499999999993,0.5892486572265636,-0.2812500000000045
2004-10-30,nighttime,6,-0.2150032908918826,0.6824644793478847,-0.26415094339623607
2004-11-08,daytime,6,-0.15554275420956537,0.7685674342607677,-0.25000000000001904
2004-11-08,nighttime,6,-0.7951465679458916,0.058649063109219204,-0.4516129032257994
2004-11-10,daytime,6,-0.568044788567472,0.2395797096581502,-0.6716417910447928
2004-11-10,nighttime,6,-0.5331139899831834,0.27608731886494065,-0.1894736842105191
2004-11-14,daytime,6,0.255203646035469,0.6255050974391321,0.545454545454549
2004-11-14,nighttime,6,-0.5222329678670934,0.28786413472669087,-0.40909090909090595
2004-11-17,daytime,6,0.2631174057921089,0.6144318015123327,0.3461538461538327
2004-11-17,nighttime,6,0.27386127875258,0.5994778798243516,0.7499999999999611
2004-11-18,daytime,6,-0.2068965517241366,0.6940833982533128,-0.31034482758622217
2004-11-18,nighttime,6,-0.3770096138677302,0.4612789453647824,-0.22413793103447194
2004-11-19,daytime,6,0.09280323373346269,0.8611947805498543,0.1578947368421022
2004-11-19,nighttime,6,0.29250896965084905,0.573750298236062,0.47058823529409954
2004-11-20,daytime,6,-0.37765238933533035,0.4604520584850968,-0.4615384615384746
2004-11-20,nighttime,6,0.05423261445466061,0.9187308321627954,0.04999999999998165
2004-11-21,daytime,6,0.1411956236812254,0.7896140168673288,0.1435406698564515
2004-11-21,nighttime,6,9.064924391743007e-16,0.9999999999999987,5.617987078727839e-15
2004-11-23,daytime,6,-0.2292668109507018,0.6621252902861495,-0.19565217391305195
2004-11-23,nighttime,6,-0.6298366572977708,0.1801712931867847,-0.36363636363634455
2004-11-24,daytime,6,0.5155279503105592,0.29521376585952375,0.5155279503105508
2004-11-24,nighttime,6,-0.30382181012510173,0.5582898298950445,-0.5000000000000394
2004-11-27,daytime,6,0.7357303295929275,0.09552959481478872,0.7758620689655168
2004-11-27,nighttime,6,-0.46277347810283775,0.35539340306737444,-0.2750000000000058
2004-11-28,daytime,6,0.6358173628569627,0.17479290154272983,0.9411764705882391
2004-11-28,nighttime,6,-0.7252425898161898,0.10286650869023362,-0.5109489051095047
2004-11-29,daytime,6,0.18573082362323245,0.7246072441317057,0.29230769230768777
2004-11-29,nighttime,6,0.15617376188860607,0.7676439152389032,0.33333333333334547
2004-11-30,daytime,6,0.5029529525451332,0.30918448120804326,0.8048780487804835
2004-11-30,nighttime,6,-0.04708816093479953,0.9294199627673514,-0.04878048780489987
2004-12-01,daytime,6,0.6444363311926999,0.1671621225446116,0.5961538461538471
2004-12-01,nighttime,6,0.3508232077228116,0.49535430889103244,0.2461538461538694
2004-12-03,daytime,6,0.12500000000000083,0.8134765624999988,0.5000000000000137
2004-12-03,nighttime,6,-0.5617581620638946,0.246000395608799,-0.4461538461538288
2004-12-04,daytime,6,-0.06741998624632528,0.8990232478719811,-0.09090909090910408
2004-12-04,nighttime,6,-0.13819749820569588,0.7940234385031989,-0.2941176470587866
2004-12-05,daytime,6,-0.4220811446494878,0.404475687039634,-0.14516129032257932
2004-12-05,nighttime,6,-0.5906244232186187,0.2170792529427612,-0.1250000000000024
2004-12-06,daytime,6,-0.48238191061886493,0.33255041405716645,-0.6769230769230923
2004-12-06,nighttime,6,0.26438132250706897,0.6126678108284134,0.055917986952475324
2004-12-08,daytime,6,0.2814390178921183,0.5889875728803226,1.000000000000154
2004-12-08,nighttime,6,-0.7922077922077916,0.060280417844931586,-0.7922077922078122
2004-12-10,daytime,6,-0.20000000000000254,0.7039999999999964,-0.6000000000000361
2004-12-10,nighttime,6,-0.3999999999999999,0.43200000000000016,-0.19999999999997606
2004-12-11,daytime,6,0.849207775608447,0.0323930633692216,1.250000000000003
2004-12-11,nighttime,6,-0.8696263565463042,0.024387931249614896,-0.8800000000000227
2004-12-12,daytime,6,0.2272727272727267,0.6649605559729534,0.4545454545454703
2004-12-12,nighttime,6,0.08770580193069953,0.8687786271113764,0.24999999999996816
2004-12-13,daytime,6,0.7442084075352509,0.0897758707838086,1.107692307692314
2004-12-13,nighttime,6,-0.08283153665626054,0.8760368512305535,-0.07547169811320807
2004-12-15,daytime,6,-0.615239214393921,0.1935811340008767,-0.7857142857142941
2004-12-15,nighttime,6,-0.29277002188455997,0.5733922538253555,-0.099999999999991665
2004-12-16,daytime,6,-0.7724238832805369,0.07179314866288407,-0.2857142857142895
2004-12-16,nighttime,6,-0.6549305384178444,0.1580651834806147,-0.39593908629442165
2004-12-17,daytime,6,-0.4342481186734473,0.38957121603618255,-0.2200000000000041
2004-12-17,nighttime,6,-0.8711871219403567,0.0238204559032739,-2.70588235294119
2004-12-18,daytime,6,-0.07641607199008481,0.8855990046338219,-0.2000000000000017
2004-12-18,nighttime,6,-0.8075728530872482,0.051979694201925955,-1.5000000000000218
2004-12-19,daytime,6,-0.33510664371424354,0.5161556797803609,-0.29197080291972044
2004-12-19,nighttime,6,-0.6467081863717562,0.16517458085639802,-1.2068965517241343
2004-12-20,daytime,6,-0.8612074626947189,0.027558246728007947,-2.103448275862071
2004-12-20,nighttime,6,-0.24846467329894387,0.6349724353243322,-0.15714285714285325
2004-12-22,daytime,6,0.3490050304482656,0.4977476479112932,0.47368421052632775
2004-12-22,nighttime,6,-0.41391867719235764,0.4145800527122072,-0.26923076923077655
2004-12-23,daytime,6,0.38306543884143596,0.45350718643545124,0.5624999999999982
2004-12-23,nighttime,6,-0.19425717247145236,0.7122794709620941,-0.2500000000000097
2004-12-24,daytime,6,-0.5028364551542697,0.30931503347014694,-0.7142857142857367
2004-12-24,nighttime,6,0.5553478324017079,0.25261600125377726,0.15420560747663853
2004-12-25,daytime,6,-0.15811388300841944,0.7648055990249761,-0.20000000000000728
2004-12-25,nighttime,6,0.5533985905294664,0.2546412733806246,0.17500000000001004
2004-12-26,daytime,6,-0.24647515087732488,0.6377739563919114,-0.22500000000000733
2004-12-26,nighttime,6,0.15617376188860607,0.7676439152389032,0.14634146341463575
2004-12-27,daytime,6,0.4554393423980043,0.36407573797265463,0.7560975609756053
2004-12-27,nighttime,6,-0.5680375574437561,0.23958705643529216,-0.5280000000000118
2004-12-29,daytime,6,-0.03999999999999905,0.9400320000000014,-0.05000000000002398
2004-12-29,nighttime,6,0.27607881518711636,0.59640307352981,0.24390243902439027
2004-12-30,daytime,6,-0.3394134990331532,0.5104302275132715,-0.2408759124087805
2004-12-30,nighttime,6,0.3799802978286748,0.45746128598793473,0.27272727272728015
2004-12-31,daytime,6,-0.4813254700769495,0.3337671434545752,-0.4705882352941412
2004-12-31,nighttime,6,-0.4170288281141492,0.4107201341865282,-0.2608695652173881
2005-01-01,daytime,6,0.049858106308216577,0.925274809944939,0.056179775280879064
2005-01-01,nighttime,6,0.1976423537605237,0.7073966715810998,0.31250000000000044
2005-01-03,daytime,6,-0.5111986324432479,0.2999962977345073,-0.731707317073188
2005-01-03,nighttime,6,-0.8805874420954343,0.020537665212709156,-0.6048387096774182
2005-01-04,daytime,6,0.4054653794259698,0.4251316257730988,0.6875000000000058
2005-01-04,nighttime,6,-0.279145263119539,0.5921578947928812,-0.21428571428572485
2005-01-05,daytime,6,0.3339135484518728,0.5177450667829222,0.3902439024390054
2005-01-05,nighttime,6,-0.17837651700316837,0.7352730327202979,-0.17499999999999918
2005-01-08,daytime,6,0.4351941398892443,0.38842035644352396,0.6818181818181829
2005-01-08,nighttime,6,-0.11396057645963945,0.8297991390537853,-0.1428571428571434
2005-01-09,daytime,6,-0.4116934847963105,0.4173490511781032,-0.33898305084746694
2005-01-09,nighttime,6,0.06706527510148418,0.899552908806023,0.04347826086957696
2005-01-10,daytime,6,-0.3277606683281536,0.5259641792946266,-0.20689655172414456
2005-01-10,nighttime,6,-0.18938850476964258,0.719313736833514,-0.1470588235294122
2005-01-11,daytime,6,-0.31277162108561324,0.5461411802725071,-0.19565217391304962
2005-01-11,nighttime,6,0.43759497449368395,0.38550492943440123,0.19148936170212988
2005-01-13,daytime,6,-0.43910934224430853,0.3836698628270346,-0.2767857142857228
2005-01-13,nighttime,6,0.7534105749568203,0.08371241604475542,0.7804878048780524
2005-01-14,daytime,6,-0.3333333333333333,0.5185185185185183,-0.5000000000000173
2005-01-14,nighttime,6,-0.8011927448021521,0.055357625823456845,-1.5172413793103672
2005-01-15,daytime,6,-0.5256963779667059,0.2840952863764423,-0.36170212765958587
2005-01-15,nighttime,6,-0.533113989983183,0.276087318864941,-0.15789473684210395
2005-01-16,daytime,6,-0.6494312503299391,0.1628054946989842,-0.6277372262773763
2005-01-16,nighttime,6,0.4246038878042241,0.4013697591414005,0.2884615384615372
2005-01-17,daytime,6,0.20040008930851372,0.7034239194491981,0.1881188118811829
2005-01-17,nighttime,6,0.8727860481775663,0.023245707838897452,0.9310344827586576
2005-01-19,daytime,6,-0.04347826086956602,0.934823703460178,-0.04347826086957419
2005-01-19,nighttime,6,NA,NA,NA
2005-01-20,daytime,6,-0.7522288310651982,0.08448042379843905,-0.6093750000000004
2005-01-20,nighttime,6,-0.41665471049321356,0.41118380224416734,-0.6470588235294262
2005-01-21,daytime,6,1.8129819966839894e-15,0.9999999999999973,-1.9262982703065747e-15
2005-01-21,nighttime,6,NA,NA,NA
2005-01-22,daytime,6,-0.19101123595505803,0.7169676964518981,-0.1910112359550704
2005-01-22,nighttime,6,-0.26726124191242556,0.608653181485377,-0.6666666666666747
2005-01-23,daytime,6,-0.19708957802392923,0.7081935364859193,-0.15714285714286505
2005-01-23,nighttime,6,-0.2705008904002337,0.6041450384386827,-0.5000000000000152
2005-01-24,daytime,6,0.5532107686648403,0.2548367547885953,0.32459016393442547
2005-01-24,nighttime,6,-0.316227766016838,0.5414697392755848,-0.26666666666666644
2005-01-26,daytime,6,-0.4416300553080506,0.38062204093797897,-0.258928571428579
2005-01-26,nighttime,6,0.5196152422706659,0.2907251943005417,0.3000000000000065
2005-01-27,daytime,6,0.2605618996247652,0.6180022504086715,0.23762376237623492
2005-01-27,nighttime,6,0.42874646285627216,0.39628714972811685,0.14705882352942096
2005-01-28,daytime,6,-0.24632124817679074,0.6379907948143346,-0.20224719101123959
2005-01-28,nighttime,6,0.26111648393354575,0.6172269724155977,0.5000000000000158
2005-01-29,daytime,6,-0.3707714113192079,0.4693281228319715,-0.37623762376237657
2005-01-29,nighttime,6,-0.6275716324421888,0.18222588818687072,-0.2666666666666584
2005-01-31,daytime,6,-0.05469028176232154,0.9180463674090038,-0.03389830508474351
2005-01-31,nighttime,6,-0.13716898705776193,0.7955369593612872,-0.08571428571430142
2005-02-01,daytime,6,-0.42930215617549317,0.39560703268808545,-0.24573378839590793
2005-02-01,nighttime,6,0.4037864265436241,0.42723773191366343,0.10869565217392321
2005-02-03,daytime,6,6.064463226814823e-16,0.9999999999999991,-2.46666924002613e-15
2005-02-03,nighttime,6,-0.11396057645963766,0.829799139053788,-0.09090909090909709
2005-02-04,daytime,6,0.5444655064804694,0.26400314934260577,0.3260869565217335
2005-02-04,nighttime,6,-0.3318318241979812,0.5205216562712314,-0.1573033707865068
2005-02-06,daytime,6,0.3508232077228122,0.4953543088910318,0.2461538461538434
2005-02-06,nighttime,6,0.16628219864210786,0.75287553427613,0.04838709677420484
2005-02-07,daytime,6,0.35355339059327506,0.49176700102216736,0.2499999999999979
2005-02-07,nighttime,6,0.5521576303742327,0.25593392492252753,1.250000000000009
2005-02-09,daytime,6,3.250226602064354e-16,0.9999999999999996,-4.560706458366108e-15
2005-02-09,nighttime,6,0.4482758620689655,0.37262700397720283,0.44827586206896014
2005-02-11,daytime,6,-0.24903483415749955,0.6341701133458824,-0.07155963302752301
2005-02-11,nighttime,6,-3.205255683194329e-16,0.9999999999999996,-3.605555036969185e-15
2005-02-12,daytime,6,-0.6737838512026522,0.1422679956086024,-0.267734553775747
2005-02-12,nighttime,6,-0.0722944039067814,0.8917473167981209,-0.035714285714278496
2005-02-13,daytime,6,-0.5350504073943418,0.274011220232296,-0.2422360248447263
2005-02-13,nighttime,6,-0.12375299717919513,0.8153181306985466,-0.06976744186045732
2005-02-14,daytime,6,-0.7534105749568177,0.08371241604475708,-0.3636363636363562
2005-02-14,nighttime,6,0.2347382389307839,0.6543599196151824,0.1714285714285721
2005-02-16,daytime,6,-0.3407708191163799,0.5086297346118824,-0.2554744525547477
2005-02-16,nighttime,6,0.2927700218845603,0.5733922538253551,0.2857142857142833
2005-02-17,daytime,6,-0.2546032553440859,0.626347167178688,-0.19230769230769035
2005-02-17,nighttime,6,0.4264014327112209,0.3991616175432797,0.4999999999999965
2005-02-18,daytime,6,-0.5197067187037883,0.29062503412881757,-0.24038461538461806
2005-02-18,nighttime,6,0.4260429614980361,0.3996016416536079,0.3428571428571467
2005-02-19,daytime,6,-0.25126360339992254,0.6310361574877348,-0.18831168831169098
2005-02-19,nighttime,6,0.045722995685921836,0.9314633005432628,0.028571428571435003
2005-02-20,daytime,6,0.1688013452717017,0.7492028859260333,0.1044776119402964
2005-02-20,nighttime,6,0.2148344622118287,0.6827060250409914,0.5000000000000157
2005-02-21,daytime,6,-0.31794032215884244,0.5391591821674258,-0.17460317460317962
2005-02-21,nighttime,6,0.2376242282608782,0.650272416170537,0.21739130434782722
2005-02-23,daytime,6,0.739596616118634,0.09288591688667276,0.3217665615141973
2005-02-23,nighttime,6,-0.41958540897902225,0.4075562939996853,-0.20640569395018446
2005-02-24,daytime,6,-0.12403473458920579,0.8149020114591852,-0.1666666666666737
2005-02-24,nighttime,6,0.8677218312746228,0.025089001332628272,1.0666666666666753
2005-02-25,daytime,6,-0.21439736214109067,0.6833314758994866,-0.17073170731708237
2005-02-25,nighttime,6,-0.20965696734438374,0.6901223944195647,-0.07692307692306947
2005-02-26,daytime,6,-0.39999999999999925,0.43200000000000055,-0.2400000000000008
2005-02-26,nighttime,6,0.4247953952428723,0.40113431121775517,0.421052631578959
2005-02-27,daytime,6,-0.30138189055755155,0.561614580038067,-0.11057692307692724
2005-02-27,nighttime,6,0.38273277230987335,0.4539330270071049,0.23437500000000228
2005-02-28,daytime,6,-0.41871789467931214,0.4086289474496728,-0.2727272727272801
2005-02-28,nighttime,6,-5.466485411885855e-16,0.9999999999999991,-4.023905850797796e-15
2005-03-01,daytime,6,0.5965587590013056,0.21131422890856816,0.3666666666666658
2005-03-01,nighttime,6,0.1450036976414354,0.7840188826551875,0.1219512195121951
2005-03-03,daytime,6,-0.47658798759349774,0.339243189377671,-0.3357664233576609
2005-03-03,nighttime,6,0.09243423333081717,0.8617435330921663,0.06578947368421248
2005-03-04,daytime,6,0.11396057645963824,0.8297991390537871,0.047619047619046
2005-03-04,nighttime,6,0.32163376045133857,0.5341855883118547,0.16666666666666505
2005-03-05,daytime,6,-0.37437973111048756,0.4646669691586589,-0.1601830663615591
2005-03-05,nighttime,6,0.3133397807202564,0.545372463609519,0.1200000000000069
2005-03-06,daytime,6,-0.541553390893243,0.2670833232598703,-0.2598684210526381
2005-03-06,nighttime,6,0.34815531191139604,0.49886735406692956,0.11111111111111269
2005-03-07,daytime,6,-0.608826423993753,0.19959709196509967,-0.33630289532294816
2005-03-07,nighttime,6,0.3436716983117336,0.5047880252673441,0.07874015748031843
2005-03-09,daytime,6,-0.31028580141904327,0.5495080341400024,-0.36585365853659646
2005-03-09,nighttime,6,0.03745029431365729,0.9438508210079949,0.04347826086956953
2005-03-10,daytime,6,-0.287332287906646,0.5808626225260158,-0.2921348314606779
2005-03-10,nighttime,6,0.7007485949685381,0.12092791347297073,0.3529411764705926
2005-03-11,daytime,6,-0.39155542374914853,0.44268265150187536,-0.5862068965517553
2005-03-11,nighttime,6,0.165748386032949,0.7536541844949851,0.15384615384615083
2005-03-12,daytime,6,-0.0841406323823346,0.8740868943729843,-0.0707964601769963
2005-03-12,nighttime,6,0.3219374546342135,0.5337772165074568,0.21052631578948608
2005-03-13,daytime,6,0.4559833243433438,0.3634292204711732,0.9999999999999969
2005-03-13,nighttime,6,0.42653334344375576,0.39899973822931234,0.43750000000000777
2005-03-14,daytime,6,0.4902044221233999,0.3235915201613914,0.34042553191489094
2005-03-14,nighttime,6,0.7273698696059339,0.10135886652007527,0.6404494382022577
2005-03-16,daytime,6,0.23509354666100515,0.6538563697651523,0.16949152542372795
2005-03-16,nighttime,6,0.5976143046671976,0.2102953831183461,0.5714285714285797
2005-03-17,daytime,6,-0.41176470588235436,0.41726032973742944,-0.4117647058823683
2005-03-17,nighttime,6,-0.0471509312282997,0.9293260163759012,-0.028901734104040632
2005-03-18,daytime,6,-0.11583309365626226,0.8270274435228844,-0.04216867469879842
2005-03-18,nighttime,6,0.8406728074767074,0.036055458734640784,0.8750000000000216
2005-03-19,daytime,6,-0.4532471038866837,0.36668528608023726,-0.28947368421052916
2005-03-19,nighttime,6,0.8471405189362194,0.03326317250807803,0.40000000000001384
2005-03-20,daytime,6,-0.3871471347966623,0.4482926662206815,-0.26229508196721524
2005-03-20,nighttime,6,0.6092650527933764,0.1991832040629362,0.16052060737527704
2005-03-21,daytime,6,-0.21204921880162267,0.6866935547027078,-0.09836065573770585
2005-03-21,nighttime,6,0.7016464154456253,0.12024334063356298,1.0000000000000184
2005-03-22,daytime,6,-0.4689976552616006,0.34808359798496236,-0.24124513618677448
2005-03-22,nighttime,6,0.8226791947664981,0.044376282351540286,0.9411764705882436
2005-03-24,daytime,6,-0.5445716454489957,0.2638911462725695,-0.35810810810811294
2005-03-24,nighttime,6,0.326843695850276,0.5271922895364373,0.23008849557522823
2005-03-25,daytime,6,-0.05535658388085542,0.9170499401907917,-0.033707865168538555
2005-03-25,nighttime,6,-0.9002604435863438,0.014425865158388312,-0.9496402877697945
2005-03-26,daytime,6,0.15617376188860607,0.7676439152389032,0.3333333333333604
2005-03-26,nighttime,6,0.4785101489172647,0.33701748058892994,0.26168224299066495
2005-03-27,daytime,6,0.04862166383263201,0.9271249766669298,0.03191489361702028
2005-03-27,nighttime,6,0.6793662204867557,0.13772748938219373,0.5000000000000139
2005-03-28,daytime,6,-0.28137315432888754,0.589078544682504,-0.21888412017167885
2005-03-28,nighttime,6,0.6767529681839608,0.13984514341930238,0.9512195121951337
2005-03-30,daytime,6,0.4073065399812794,0.4228259859712286,0.38709677419354643
2005-03-30,nighttime,6,0.77805612561834,0.06842224915688452,1.1463414634146503
2005-03-31,daytime,6,0.15745916432444276,0.7657632266247959,0.18181818181818157
2005-03-31,nighttime,6,0.258300803660642,0.6211656195818062,0.7647058823529472
2005-04-01,daytime,6,-0.3061862178478963,0.5550731521897756,-0.37500000000000555
2005-04-01,nighttime,6,0.7855533190649866,0.06405014805419523,0.876923076923093
2005-04-02,daytime,6,-0.5525789639955384,0.2554947546166981,-0.30534351145038263
2005-04-02,nighttime,6,0.605218306569021,0.20301500439397463,0.35365853658537544
2005-04-03,daytime,6,-0.08304547985373996,0.8757181439430236,-0.20000000000004345
2005-04-03,nighttime,6,-0.26111648393354875,0.6172269724155934,-0.4090909090909152
2005-04-04,daytime,6,-0.34745409204161026,0.49979194596424165,-0.28169014084507527
2005-04-04,nighttime,6,0.37617739693163915,0.4623502298571384,0.2500000000000152
2005-04-06,daytime,6,0.18633899812498503,0.7237265548633034,0.09375000000000239
2005-04-06,nighttime,6,0.7366351076087229,0.09490796490311562,0.8051948051948079
2005-04-07,daytime,6,0.04000000000000197,0.9400319999999971,0.20000000000007323
2005-04-07,nighttime,6,0.4595725150090284,0.3591736698042211,0.43749999999998906
2005-04-08,daytime,6,-0.17460757394239496,0.7407503399087002,-0.12195121951220118
2005-04-08,nighttime,6,0.7559289460184544,0.0820862798347339,1.33333333333335
2005-04-09,daytime,6,-0.661693159884427,0.1523174113913015,-0.4054054054054108
2005-04-09,nighttime,6,0.7325612348008309,0.09772116235400714,0.68571428571429
2005-04-10,daytime,6,0.5930216194611502,0.21474290341687388,1.7500000000000264
2005-04-10,nighttime,6,-0.4813254700769477,0.33376714345457753,-0.4923076923076975
2005-04-11,daytime,6,-0.3568732135731623,0.48741559654232086,-0.37500000000000805
2005-04-11,nighttime,6,0.65693868174163,0.15634897564548877,0.935064935064936
2005-04-13,daytime,6,0.4414147946478212,0.3808819868949242,0.4782608695652175
2005-04-13,nighttime,6,0.43151697133684497,0.39290026101574904,0.6206896551724033
2005-04-14,daytime,6,-0.3695475350695749,0.4709123972979643,-0.39603960396039767
2005-04-14,nighttime,6,-0.17770466332772797,0.7362488681135827,-0.07500000000000046
2005-04-15,daytime,6,-0.31698338899620737,0.5404499193021489,-0.136363636363644
2005-04-15,nighttime,6,0.39816652969059846,0.434312186476162,0.25000000000000594
2005-04-16,daytime,6,-0.5927788850800112,0.21497901210309192,-0.2717391304347859
2005-04-16,nighttime,6,-0.24510221106169974,0.6397089525757618,-0.04255319148936115
2005-04-17,daytime,6,-0.46594555814804633,0.3516612792874222,-0.1447368421052689
2005-04-17,nighttime,6,0.7312000173321458,0.09866928556581864,0.35643564356436097
2005-04-18,daytime,6,-0.6792116609988085,0.1378523502335413,-0.248407643312108
2005-04-18,nighttime,6,0.7872732303132517,0.0630657897491502,0.3529411764705906
2005-04-20,daytime,6,0.723189063321275,0.10433122060815346,1.2857142857142858
2005-04-20,nighttime,6,-0.2541955637208983,0.6269191264773278,-0.19999999999999185
2005-04-21,daytime,6,0.14782809899727312,0.7798731060822949,0.09615384615384265
2005-04-21,nighttime,6,0.5539117094069963,0.2541075276735326,0.5625000000000079
2005-04-22,daytime,6,-0.5679829549599404,0.23964253509911476,-0.21071863580998865
2005-04-22,nighttime,6,-0.180701580581049,0.7318978590154639,-0.11428571428571459
2005-04-23,daytime,6,-0.4403577591138031,0.382159339073284,-0.13489736070381303
2005-04-23,nighttime,6,0.6172133998483673,0.1917443573414235,0.42857142857143177
2005-04-24,daytime,6,-0.5694504204265936,0.23815328991425275,-0.2479740680713164
2005-04-24,nighttime,6,-6.343829280926149e-17,0.9999999999999999,9.383969935245991e-15
2005-04-25,daytime,6,-0.17875307751726516,0.7347262021223071,-0.11538461538461747
2005-04-25,nighttime,6,-0.26678526425610405,0.6093162411338547,-0.07117437722419881
2005-04-27,daytime,6,0.49692934659788957,0.3159615422851503,0.31428571428571583
2005-04-27,nighttime,6,0.272907767302112,0.6008012500138917,0.1415094339622638
2005-04-28,daytime,6,0.8400221210319033,0.03634223196888537,0.7127468581687627
2005-04-28,nighttime,6,-0.5065936913756371,0.30511484811306466,-0.51327433628318
2005-04-29,daytime,6,0.86698926095953055,0.02536118158279913,0.6013363028953245
2005-04-29,nighttime,6,0.5031152949374522,0.3090025871093428,0.28124999999999567
2005-04-30,daytime,6,-0.7104283930773329,0.11363703529820496,-0.33480662983426007
2005-04-30,nighttime,6,0.6368938709211303,0.17383203504456185,0.3380281690140801
2005-05-01,daytime,6,0.3876649209163633,0.4476325537340851,0.26136363636363014
2005-05-01,nighttime,6,0.4697449803015151,0.3472095746120496,0.279503105590067
2005-05-02,daytime,6,-0.3873060808198235,0.4480899967964729,-0.15600624024961215
2005-05-02,nighttime,6,-0.3086066999241836,0.5517855072529714,-0.16666666666666027
2005-05-04,daytime,6,-0.5761290673682538,0.23142213352429394,-0.3157894736842151
2005-05-04,nighttime,6,0.5805396102481359,0.2270191253634882,0.27755102040816915
2005-05-05,daytime,6,-0.3909026806586028,0.44351190264906004,-0.18441971383148448
2005-05-05,nighttime,6,0.5321760019684536,0.2770951249411259,0.11924686192469158
2005-05-06,daytime,6,-0.4926770956791349,0.32077828971163524,-0.3185840707964671
2005-05-06,nighttime,6,0.8125050845000439,0.049435884690664664,0.28648648648648833
2005-05-08,daytime,6,0.2696799449852998,0.6052866259760614,0.9999999999999827
2005-05-08,nighttime,6,-0.749064254158385,0.08655256787169593,-2.5
2005-05-09,daytime,6,0.024390243902440482,0.9634218888292371,0.024390243902420373
2005-05-09,nighttime,6,0.693375245281539,0.12661387373190877,2.4999999999999587
2005-05-11,daytime,6,0.48846577189260704,0.3255750181866118,0.32022471910112477
2005-05-11,nighttime,6,0.10678316121670159,0.8404340633355636,0.09189189189190419
2005-05-12,daytime,6,0.0945832098940978,0.8585482550808374,0.03420523138832565
2005-05-12,nighttime,6,-0.11516335992621965,0.828018642868802,-0.026525198938991742
2005-05-13,daytime,6,-0.15410282570588427,0.7706755538057704,-0.0653061224489811
2005-05-13,nighttime,6,0.7389884275845595,0.09329958836297197,0.7250000000000046
2005-05-14,daytime,6,0.18156825980063868,0.7306404937023492,0.1428571428571302
2005-05-14,nighttime,6,0.5142057091590411,0.2966713621970989,0.8536585365853897
2005-05-15,daytime,6,0.09449111825230788,0.8586851579708789,0.1249999999999835
2005-05-15,nighttime,6,0.32868786756695895,0.524723212924384,0.27500000000000097
2005-05-16,daytime,6,-0.07937650825657731,0.8811852986222429,-0.09090909090909201
2005-05-16,nighttime,6,0.5839673225796107,0.22362065182053859,0.13397129186603132
2005-05-18,daytime,6,0.5477225575051661,0.2605745473680253,1.2500000000000013
2005-05-18,nighttime,6,-0.15061311370164226,0.7757886067295968,-0.13043478260868951
2005-05-19,daytime,6,0.4838867031273095,0.3308200959190628,0.3999999999999843
2005-05-19,nighttime,6,-0.6324555320336782,0.17780780835621904,-1.6000000000000243
2005-05-20,daytime,6,-0.30001500112509505,0.563479523565512,-0.22727272727273362
2005-05-20,nighttime,6,-0.312218042561279,0.5468904601158098,-0.06730769230768999
2005-05-21,daytime,6,-0.4179271141913138,0.4096075456936183,-0.16981132075472022
2005-05-21,nighttime,6,-0.42477910051549483,0.40115434287510643,-0.1288837744533902
2005-05-23,daytime,6,-0.5963118382339876,0.21155285249468397,-0.5384615384615545
2005-05-23,nighttime,6,0.2682926829268304,0.6072169585467402,0.2682926829268472
2005-05-25,daytime,6,0.5026155365907194,0.3095626610556679,0.11888111888111944
2005-05-25,nighttime,6,0.2696799449852968,0.6052866259760656,0.26666666666665895
2005-05-26,daytime,6,-0.7068976707927433,0.11627340268725038,-0.342105263157902
2005-05-26,nighttime,6,-0.13385212056281873,0.8004208925649279,-0.06569343065692455
2005-05-27,daytime,6,0.02439024390243982,0.9634218888292381,0.012195121951208043
2005-05-27,nighttime,6,0.33129457822453867,0.521238932687709,0.24999999999999117
2005-05-28,daytime,6,-0.8119368178764479,0.049725953916327545,-0.26992561105207746
2005-05-28,nighttime,6,-0.7606022394011829,0.07910683469384208,-0.22782258064515784
2005-06-03,daytime,6,0.04385290096534777,0.9342628148029066,0.030769230769221213
2005-06-03,nighttime,6,0.5855400437691163,0.222068227563887,0.5714285714285664
2005-06-04,daytime,6,-0.6011231457884225,0.2069229160623298,-0.19271948608137257
2005-06-04,nighttime,6,-0.5167523265868919,0.29386646361450536,-0.32142857142856457
2005-06-08,daytime,6,-0.2909678486200527,0.5758652291046112,-0.09134615384615494
2005-06-08,nighttime,6,0.2370227315699848,0.6511238445430558,0.11235955056181322
2005-10-26,daytime,6,0.12407291674636582,0.8148456196214177,0.1785714285714394
2005-10-26,nighttime,6,-0.9133467545550862,0.010937847126739399,-0.5839416058394272
2005-10-27,daytime,6,-0.5796187076728065,0.22793566483871103,-0.5443037974683597
2005-10-27,nighttime,6,-0.7863729095926257,0.06358020067260306,-0.7249999999999915
2005-10-28,daytime,6,-0.26239752097989405,0.6154370758097947,-0.49999999999999545
2005-10-28,nighttime,6,-0.3269695565478432,0.5270236742009747,-0.16799999999999654
2005-10-29,daytime,6,1.3410659648682791e-20,1,-7.420171049924011e-16
2005-10-29,nighttime,6,-1.4802959544453027e-15,0.9999999999999978,-5.937147294209213e-14
2005-10-30,daytime,6,0.6324555320336767,0.17780780835622045,1.000000000000003
2005-10-30,nighttime,6,-0.7722492140123952,0.0718988662557198,-1.2153846153846213
2005-10-31,daytime,6,0,1,1.898795248505698e-14
2005-10-31,nighttime,6,-0.5507910552258939,0.25736037497632247,-0.7499999999999951
2005-11-01,daytime,6,0.08408277820068125,0.8741730616871188,0.15789473684214808
2005-11-01,nighttime,6,0.09534625892456317,0.8574140036991761,0.03636363636363932
2005-11-03,daytime,6,2.4505755796620323e-15,0.9999999999999963,3.162089811133863e-14
2005-11-03,nighttime,6,-0.5423261445466404,0.26626462796630956,-0.2499999999999908
2005-11-04,daytime,6,-0.17825602397684379,0.7354480253400386,-0.32352941176468947
2005-11-04,nighttime,6,0.3692744729379982,0.47126609556604815,0.5000000000000038
2005-11-05,daytime,6,-0.2683913156290382,0.6070796629244379,-0.5000000000000125
2005-11-05,nighttime,6,-0.6351073488299578,0.17542785383001347,-0.4705882352941214
2005-11-06,daytime,6,-0.269686699056824,0.605277231695031,-0.40993788819876753
2005-11-06,nighttime,6,-0.7403432366869472,0.092379210375136,-0.42162162162161776
2005-11-07,daytime,6,0.8320502943378424,0.03994196807171941,1.000000000000004
2005-11-07,nighttime,6,0.5477225575051645,0.26057454736802704,0.24000000000001673
2005-11-09,daytime,6,-0.09463204468147784,0.8584756585509838,-0.1500000000000059
2005-11-09,nighttime,6,-0.8271701918685123,0.042223988362776035,-0.6842105263157918
2005-11-10,daytime,6,0.5414891851074677,0.26715138987061693,1.2758620689655487
2005-11-10,nighttime,6,-0.7768985960673559,0.06910900364072177,-0.46428571428569904
2005-11-11,daytime,6,0.3257023745309615,0.5287220238399242,0.7142857142857401
2005-11-11,nighttime,6,-0.37139067635410383,0.46852713556223086,-0.3333333333333426
2005-11-12,daytime,6,0.06514047490619307,0.9024274923258013,0.14285714285713272
2005-11-12,nighttime,6,0.1369306393762909,0.7958877656797163,0.0750000000000006
2005-11-13,daytime,6,-0.49251828131120623,0.32095870621202544,-0.5833333333333476
2005-11-13,nighttime,6,-0.628587266192621,0.1813034142759522,-0.6585365853658637
2005-11-14,daytime,6,0.8446618840169168,0.03432074646173105,2.0588235294117547
2005-11-14,nighttime,6,-0.4075902041331355,0.42247112815189836,-0.4634146341463357
2005-11-15,daytime,6,0.3500000000000041,0.49643749999999476,0.35000000000000203
2005-11-15,nighttime,6,-0.11371470653683785,0.8301631645904556,-0.06250000000001106
2005-11-17,daytime,6,-5.908210189806614e-16,0.9999999999999991,-8.973825869789937e-15
2005-11-17,nighttime,6,0.3692744729379979,0.4712660955660486,0.3636363636363679
2005-11-18,daytime,6,0.5782619234274087,0.2292887069869203,0.8214285714285735
2005-11-18,nighttime,6,-1.812984878348599e-15,0.9999999999999973,-5.047777051756993e-14
2005-11-19,daytime,6,0.22135943621178744,0.6733841518695076,0.437500000000013
2005-11-19,nighttime,6,0.04173919355648491,0.9374275678478131,0.048780487804873096
2005-11-20,daytime,6,0.037380456874212376,0.9439554305178903,0.05263157894737424
2005-11-20,nighttime,6,NA,NA,NA
2005-11-21,daytime,6,0.06573827785585604,0.9015346278961119,0.07692307692307929
2005-11-21,nighttime,6,0.06984302957695838,0.8954058044871891,0.10000000000000894
2005-11-23,daytime,6,0.6030226891555275,0.2051064552040772,0.818181818181825
2005-11-23,nighttime,6,-0.6028605644882187,0.20526123434133736,-0.419354838709639
2005-11-25,daytime,6,0.09417632186960126,0.8591531505520044,0.09090909090908161
2005-11-25,nighttime,6,-0.4330127018922193,0.39107588796406656,-0.7499999999999626
2005-11-26,daytime,6,0.139686059153914,0.7918337020901427,0.19999999999999596
2005-11-26,nighttime,6,-0.447213595499958,0.37390096630005887,-0.6000000000000282
2005-11-27,daytime,6,0.46709936649691225,0.35030724478156733,0.6000000000000061
2005-11-27,nighttime,6,-1.7588473924498537e-15,0.9999999999999973,-2.0192181260370322e-14
2005-11-28,daytime,6,0.15745916432444415,0.7657632266247939,0.18181818181818818
2005-11-28,nighttime,6,0.8750000000000021,0.022460937499999264,1.7500000000000688
2005-11-30,daytime,6,0.5331139899831837,0.2760873188649403,0.4736842105263148
2005-11-30,nighttime,6,-0.7985541332934822,0.05678327514684497,-0.6194690265486897
2005-12-01,daytime,6,0.7682733253465358,0.07432433482636891,1.073170731707319
2005-12-01,nighttime,6,-0.740668172458348,0.09215907388334109,-1.206896551724175
2005-12-02,daytime,6,0,1,-1.1934897514720474e-14
2005-12-02,nighttime,6,-0.3321819194149599,0.5200543991901098,-0.39999999999997843
2005-12-03,daytime,6,0.26829268292682945,0.6072169585467417,0.26829268292682373
2005-12-03,nighttime,6,-0.4323735684045292,0.3918550970947357,-0.2300884955752386
2005-12-04,daytime,6,0.1561737618886056,0.7676439152389039,0.07317073170731306
2005-12-04,nighttime,6,-0.49541508402214973,0.3176737483751731,-0.3793103448276186
2005-12-05,daytime,6,0.32371214075559457,0.5313926136580115,0.2923076923076908
2005-12-05,nighttime,6,-0.42008402520839866,0.40694019970578943,-0.5000000000000431
2005-12-07,daytime,6,0.09759000729485297,0.8540797033781722,0.06666666666666202
2005-12-07,nighttime,6,-0.13130643285972254,0.8041723027178276,-0.25
2005-12-08,daytime,6,-0.5433223562855056,0.26521062336873413,-0.3820224719101175
2005-12-08,nighttime,6,0.12499999999999999,0.8134765625,0.24999999999999759
2005-12-09,daytime,6,1.5013012677232213e-15,0.9999999999999978,9.643386491735413e-15
2005-12-09,nighttime,6,-0.7016464154456233,0.12024334063356444,-1.9999999999999802
2005-12-10,daytime,6,0.1893885047696435,0.7193137368335127,0.12195121951218015
2005-12-10,nighttime,6,-0.8629677108231535,0.0268801866479607,-0.6479591836734756
2005-12-11,daytime,6,-0.43791749441843186,0.3851138565431972,-0.24817518248176204
2005-12-11,nighttime,6,-0.5118906968889915,0.2992298481091881,-0.8235294117647363
2005-12-12,daytime,6,-0.1843024451936211,0.7266764688466882,-0.31250000000001127
2005-12-12,nighttime,6,-0.5809475019311126,0.22661363805420628,-0.37499999999999944
2005-12-14,daytime,6,0.24467726152216657,0.6403081499130898,0.21951219512190834
2005-12-14,nighttime,6,-0.2686641977037871,0.6066998549403959,-0.17142857142856385
2005-12-15,daytime,6,-0.5245497488555211,0.28534094811033234,-0.29687500000001915
2005-12-15,nighttime,6,-0.08304547985373957,0.8757181439430242,-0.04999999999998971
2005-12-16,daytime,6,-0.3067191794659486,0.5543487880233429,-0.2195121951219774
2005-12-16,nighttime,6,-0.5866659766167743,0.22095949364031445,-0.7931034482758608
2005-12-17,daytime,6,0.9594032236002469,0.0024386936429250518,0.3750000000000037
2005-12-17,nighttime,6,0.15713484026367722,0.7662376759040357,0.14814814814814845
2005-12-18,daytime,6,0.3170731707317074,0.5403287822289284,0.3170731707316872
2005-12-18,nighttime,6,-0.36927447293799825,0.47126609556604776,-0.749999999999978
2005-12-19,daytime,6,-0.5698028822981899,0.23779614445826508,-0.7142857142857506
2005-12-19,nighttime,6,0.20418087001980756,0.6979848276138366,0.058365758754869
2005-12-21,daytime,6,-0.22742941307367526,0.6647376755551859,-0.2068965517241817
2005-12-21,nighttime,6,-0.6551724137931034,0.15785805076058868,-0.6551724137930972
2005-12-22,daytime,6,-0.3872983346207411,0.448099873165444,-0.2500000000000265
2005-12-22,nighttime,6,0.18617148085142476,0.7239691137568733,0.21951219512194528
2005-12-23,daytime,6,-0.7592566023652982,0.07995964654558069,-0.34999999999999953
2005-12-23,nighttime,6,-0.33218191941495956,0.5200543991901104,-0.39999999999999597
2005-12-24,daytime,6,-0.2651439066774998,0.6116041194867614,-0.2058823529411931
2005-12-24,nighttime,6,6.620084761915258e-16,0.999999999999999,1.4404745153689556e-14
2005-12-25,daytime,6,-0.3624412178045369,0.48014397146262927,-0.17000000000000112
2005-12-25,nighttime,6,-0.6546536707079759,0.158302423375459,-0.8571428571428544
2005-12-26,daytime,6,0.5107539184552498,0.3004891986373755,0.34782608695651984
2005-12-26,nighttime,6,-0.49999999999999994,0.31250000000000006,-0.9999999999999983
2005-12-28,daytime,6,-0.12909944487358058,0.807426661396909,-0.12500000000000933
2005-12-28,nighttime,6,-0.8600131635675324,0.028022858534053532,-1.3999999999999921
2005-12-29,daytime,6,-0.5376542185539237,0.2712290780899263,-0.22866894197952592
2005-12-29,nighttime,6,-0.5969678169865618,0.21091915647419665,-0.4606741573033623
2005-12-30,daytime,6,-0.2936400684442067,0.5721993798763101,-0.10612244897960663
2005-12-30,nighttime,6,-0.7343880736345253,0.09645512288785922,-0.5393258426966238
2005-12-31,daytime,6,0.09712858623572627,0.8547652743550697,0.0624999999999847
2005-12-31,nighttime,6,-0.5606119105813885,0.24717829150499235,-0.28571428571428353
2006-01-01,daytime,6,-0.05096471914376432,0.9236191092312935,-0.03896103896105286
2006-01-01,nighttime,6,-0.837946057988904,0.037264331993649265,-0.33644859813083455
2006-01-02,daytime,6,0.5908789478687512,0.21683070487223677,0.23275862068965478
2006-01-02,nighttime,6,0.7918883750351257,0.06045896876630338,0.9285714285714334
2006-01-03,daytime,6,-0.7211102550927972,0.10582328368493103,-0.6500000000000158
2006-01-03,nighttime,6,-0.7197633633294866,0.10679500680082027,-0.4428571428571371
2006-01-04,daytime,6,0.4107919181288751,0.41847269089881134,0.300000000000003
2006-01-04,nighttime,6,-0.7647058823529416,0.07653165072257252,-0.3823529411764796
2006-01-05,daytime,6,-0.13744162654881023,0.7951357101323815,-0.10389610389611584
2006-01-05,nighttime,6,-0.3872983346207415,0.4480998731654434,-0.40000000000000435
2006-01-07,daytime,6,0.03241018617760402,0.9514017428901999,0.02941176470585778
2006-01-07,nighttime,6,-0.2514778453847701,0.6307351005516122,-0.17391304347825168
2006-01-08,daytime,6,0.15041420939904615,0.7760802041073023,0.07692307692305907
2006-01-08,nighttime,6,-0.21004201260420188,0.6895702607834957,-0.3529411764705838
2006-01-09,daytime,6,-0.5819356972401045,0.22563247041736545,-0.3653846153846236
2006-01-09,nighttime,6,-0.3554093266554552,0.48933291485821445,-0.5999999999999857
2006-01-10,daytime,6,-0.7850481003559895,0.06434062565319189,-0.5223880597015017
2006-01-10,nighttime,6,-0.5505617977528092,0.2575999795735692,-0.550561797752802
2006-01-12,daytime,6,0.1612287038967078,0.760252489643251,0.10769230769229665
2006-01-12,nighttime,6,0.15617376188860746,0.7676439152389011,0.14634146341465062
2006-01-13,daytime,6,-0.31900813481115786,0.5377199190247056,-0.2682926829268622
2006-01-13,nighttime,6,-0.6666666666666669,0.1481481481481479,-0.6666666666666574
2006-01-14,daytime,6,0.26111648393354725,0.6172269724155954,0.27272727272725134
2006-01-14,nighttime,6,-0.5393598899705934,0.2694125126761958,-0.7999999999999517
2006-01-15,daytime,6,-0.2660760420950979,0.6103045578164719,-0.14159292035399923
2006-01-15,nighttime,6,0,1,-4.419154855409147e-15
2006-01-16,daytime,6,0.15877683720748895,0.7638361328930626,0.1764705882352775
2006-01-16,nighttime,6,0.5773502691896258,0.23019964108049865,0.6666666666666681
2006-01-18,daytime,6,-0.30688497362911865,0.5541235054678231,-0.16788321167884712
2006-01-18,nighttime,6,-0.48245064067700927,0.332471311821897,-0.3749999999999928
2006-01-19,daytime,6,0.08304547985373997,0.8757181439430236,0.06666666666664718
2006-01-19,nighttime,6,-0.2970442628930001,0.5675384996116615,-0.24999999999997824
2006-01-20,daytime,6,-0.5533985905294664,0.2546412733806246,-0.35000000000001147
2006-01-20,nighttime,6,-0.26967994498529746,0.6052866259760648,-0.7999999999999129
2006-01-21,daytime,6,-0.20952908873087345,0.6903057859246113,-0.21951219512197864
2006-01-21,nighttime,6,-0.21520264493646674,0.682179284236196,-0.16981132075470332
2006-01-22,daytime,6,-0.8396071825974643,0.036525662559597605,-0.3665689149560264
2006-01-22,nighttime,6,0.1682316462276142,0.7500331671617997,0.11320754716981163
2006-01-24,daytime,6,-0.431092458719241,0.3934185757844305,-0.18584070796461039
2006-01-24,nighttime,6,-0.6863485850246125,0.132137739596977,-0.2727272727272591
2006-01-25,daytime,6,6.07554542662594e-21,1,-1.1241008124329724e-14
2006-01-25,nighttime,6,-0.2909286827258561,0.5759190048040029,-0.2727272727272459
2006-01-26,daytime,6,-0.2738612787525828,0.5994778798243476,-0.15000000000002675
2006-01-26,nighttime,6,-0.5021395048517509,0.3100964950493098,-0.6363636363636176
2006-01-27,daytime,6,-0.5185629788417323,0.2918782851951138,-0.28571428571430457
2006-01-27,nighttime,6,-0.6943650748294133,0.12584396829511335,-0.6428571428571255
2006-01-28,daytime,6,-0.5940885257860062,0.21370636293028636,-0.3529411764705989
2006-01-28,nighttime,6,0.4,0.43199999999999994,0.2666666666666774
2006-01-29,daytime,6,-0.06565321642986112,0.9016616693561348,-0.03125000000002018
2006-01-29,nighttime,6,-0.03641785203646144,0.9453973717145627,-0.019230769230759805
2006-01-30,daytime,6,0.24253562503633133,0.6433299631818656,0.16666666666666605
2006-01-30,nighttime,6,0.26111648393354675,0.6172269724155962,0.13636363636362245
2006-01-31,daytime,6,-0.5065936913756356,0.3051148481130662,-0.2566371681416059
2006-01-31,nighttime,6,-0.6788335930269975,0.13815797750490888,-0.6363636363636607
2006-02-01,daytime,6,-0.4166025591708388,0.41124845063332655,-0.3653846153846383
2006-02-01,nighttime,6,-0.8266126116286299,0.042488490977348574,-0.4642857142857015
2006-02-03,daytime,6,0.05205792062953536,0.9219836582435419,0.03703703703702705
2006-02-03,nighttime,6,-2.1946950037749517e-16,0.9999999999999997,-7.444539493352887e-15
2006-02-04,daytime,6,-0.16609095970747942,0.7531544702278495,-0.20000000000001966
2006-02-04,nighttime,6,-0.6262030483811917,0.18347200882723763,-0.2537313432835657
2006-02-05,daytime,6,-0.7244616763479585,0.10342242849484008,-0.32298136645964287
2006-02-05,nighttime,6,0.08304547985373996,0.8757181439430236,0.2000000000000832
2006-02-06,daytime,6,-0.5967517830871816,0.21112776692227977,-0.22739726027397603
2006-02-06,nighttime,6,-0.6333004963811257,0.177048018071586,-0.22727272727271824
2006-02-08,daytime,6,0.30671917946594907,0.5543487880233422,0.21951219512193887
2006-02-08,nighttime,6,0.31622776601683766,0.5414697392755853,0.40000000000000724
2006-02-09,daytime,6,-0.4999999999999999,0.31249999999999994,-0.2500000000000074
2006-02-09,nighttime,6,-0.13130643285972254,0.8041723027178276,-0.06896551724137742
2006-02-15,daytime,6,-0.6301260378126043,0.17990949490565444,-0.37500000000001593
2006-02-15,nighttime,6,-0.7808688094430304,0.066766544811988085,-1.6666666666666685
2006-02-16,daytime,6,-0.3321819194149602,0.5200543991901092,-0.20000000000001814
2006-02-16,nighttime,6,-0.7514691493021782,0.08497580055558236,-0.3999999999999761
2006-02-17,daytime,6,-0.6002450479987808,0.20776480797219715,-0.2058823529411841
2006-02-17,nighttime,6,-0.1921562277631718,0.7153132481567901,-0.0973451327433535
2006-02-18,daytime,6,-0.4670993664969131,0.3503072447815661,-0.3000000000000264
2006-02-18,nighttime,6,-0.39056673294247163,0.4439388886920745,-0.15254237288135195
2006-02-19,daytime,6,-0.43320011272198183,0.390847503831525,-0.24285714285715418
2006-02-19,nighttime,6,-0.5521576303742308,0.25593392492252964,-0.24390243902437592
2006-02-20,daytime,6,0.10170952554312199,0.8479617954381262,0.0499999999999902
2006-02-20,nighttime,6,-0.3758230140014144,0.4628066523030632,-0.0847457627118475
2006-02-22,daytime,6,-0.40575133560034654,0.4247732589812164,-0.37500000000002975
2006-02-22,nighttime,6,-0.7488929883265026,0.08666535439162604,-0.690265486725656
2006-02-23,daytime,6,-0.49099025303098515,0.32269648130993633,-0.21428571428572252
2006-02-23,nighttime,6,-0.655172413793103,0.1578580507605891,-0.655172413793114
2006-02-24,daytime,6,-0.5517241379310343,0.2563860756898601,-0.27586206896552395
2006-02-24,nighttime,6,0.3639126714370251,0.4782279129801573,0.09459459459459833
2006-02-25,daytime,6,0.12768847961381238,0.8095082192717853,0.0652173913043344
2006-02-25,nighttime,6,-0.3244428422615256,0.5304116756741079,-0.42105263157894296
2006-02-26,daytime,6,0.5318978854080619,0.27739421288802885,0.8636363636363679
2006-02-26,nighttime,6,-0.7745966692414817,0.07048399691022093,-0.7999999999999784
2006-02-27,daytime,6,-0.39107694443752183,0.4432904673301159,-0.2000000000000068
2006-02-27,nighttime,6,-0.9883716976506169,2.0203994879766624e-4,-1.1271676300578168
2006-02-28,daytime,6,-0.024133196686194357,0.9638072326925158,-0.009900990099012363
2006-02-28,nighttime,6,0.7385489458759962,0.09359902097036818,0.3636363636363746
2006-03-01,daytime,6,0.4296689244236593,0.3951583602343873,0.1538461538461565
2006-03-01,nighttime,6,0.030082841879810224,0.9548893493259316,0.05882352941175529
2006-03-03,daytime,6,-0.5698028822981899,0.23779614445826508,-0.3571428571428611
2006-03-03,nighttime,6,0.7559289460184544,0.0820862798347339,1.0000000000000129
2006-03-04,daytime,6,-0.4268862291693046,0.39856679045312726,-0.20422535211268306
2006-03-04,nighttime,6,0.5107539184552491,0.3004891986373764,0.08695652173914525
2006-03-05,daytime,6,-0.8795932074125605,0.020873877011807575,-0.3684210526315887
2006-03-05,nighttime,6,-0.055094583703455026,0.9174417418568463,-0.015177065767280878
2006-03-06,daytime,6,-0.03962144258751248,0.9405989361521594,-0.010989010989011417
2006-03-06,nighttime,6,-0.6496527526864687,0.16261342053059002,-0.31564986737400835
2006-03-08,daytime,6,-0.4536801280630126,0.36616931348146686,-0.192546583850937
2006-03-08,nighttime,6,-0.1171917470618067,0.8250171296017057,-0.03433476394849152
2006-03-09,daytime,6,0.3263766828841096,0.5278180816100546,0.1521739130434779
2006-03-09,nighttime,6,0.1682316462276135,0.7500331671618007,0.11320754716981399
2006-03-10,daytime,6,0.4330127018922208,0.3910758879640647,0.4999999999999972
2006-03-10,nighttime,6,-0.3721042037676252,0.46760475460939743,-0.06923076923076212
2006-03-11,daytime,6,0.12854362418226623,0.8082465566560642,0.29411764705881727
2006-03-11,nighttime,6,-0.7115555919594818,0.1128009519607586,-0.6129032258064346
2006-03-12,daytime,6,0.2169304578186556,0.679708559338338,0.07843137254901741
2006-03-12,nighttime,6,-0.3093441124448719,0.5507849850381883,-0.0956937799043193
2006-03-13,daytime,6,0.18835264373920535,0.7208121012424418,0.1951219512195065
2006-03-13,nighttime,6,0.6546536707079774,0.1583024233754576,0.428571428571439
2006-03-15,daytime,6,-0.7655894249727178,0.07598224315431472,-0.4508670520231274
2006-03-15,nighttime,6,-0.7796429549831781,0.06748587737306141,-0.11111111111110668
2006-03-16,daytime,6,0.35032452487268456,0.49601039944452435,0.22499999999999734
2006-03-16,nighttime,6,0.30179142949145893,0.561056145767534,0.05204460966543458
2006-03-17,daytime,6,-0.6401219396028951,0.1709640245630787,-0.2000000000000034
2006-03-17,nighttime,6,-0.3117146000796795,0.5475721290341493,-0.2307692307692172
2006-03-18,daytime,6,-0.6780939503330075,0.1387567406749391,-0.366412213740464
2006-03-18,nighttime,6,-0.8679563435367651,0.02500216543554089,-0.4687499999999755
2006-03-19,daytime,6,0.3449345144223997,0.5031183514541762,0.15736040609136254
2006-03-19,nighttime,6,1.8935919180347267e-15,0.9999999999999971,-8.580387475965849e-16
2006-03-20,daytime,6,0.2279211529192755,0.6640383005670418,0.14285714285714277
2006-03-20,nighttime,6,0.1846372364689991,0.726191370918132,0.25000000000000905
2006-03-21,daytime,6,-0.5459924402444172,0.2623936271540365,-0.1827111984282967
2006-03-21,nighttime,6,-0.63543841556657,0.17513166744584277,-0.35483870967739434
2006-03-23,daytime,6,-0.6454972243679044,0.16623275185812414,-0.8333333333333688
2006-03-23,nighttime,6,0.2218800784900931,0.6726415457353858,0.12307692307694003
2006-03-24,daytime,6,-0.6178229934782848,0.1911786502657235,-0.16149068322981608
2006-03-24,nighttime,6,0.3429971702850179,0.5056805487068856,0.470588235294122
2006-03-25,daytime,6,-0.27720312196339325,0.5948456787197143,-0.11591355599214485
2006-03-25,nighttime,6,0.16828126476466862,0.7499608464248861,0.0707964601769994
2006-03-26,daytime,6,-0.46223672582095277,0.3560263056695011,-0.12209302325582197
2006-03-26,nighttime,6,-0.2727272727272699,0.6010518407212662,-0.2727272727272692
2006-03-27,daytime,6,-0.29942473580817414,0.5642853844446571,-0.22413793103449428
2006-03-27,nighttime,6,0.5303948353054362,0.27901273486502776,0.5714285714285819
2006-03-29,daytime,6,-0.2777940953522051,0.5940274809445611,-0.045393858477975675
2006-03-29,nighttime,6,-0.7873359887517337,0.06303000318192778,-0.48214285714286265
2006-03-30,daytime,6,0.6587064830174588,0.15484474684959418,0.3653846153846156
2006-03-30,nighttime,6,0.4472135954999583,0.37390096630005837,1.0000000000000182
2006-03-31,daytime,6,-0.8685104172245637,0.02479757031465995,-0.31250000000000244
2006-03-31,nighttime,6,0.7730206825239255,0.0714324728218698,0.6829268292682967
2006-04-01,daytime,6,-0.8606930963343321,0.027757896431747534,-0.29792746113990115
2006-04-01,nighttime,6,-0.23354968324845687,0.6560450119431817,-0.09999999999998449
2006-04-02,daytime,6,0.6975345229133434,0.12339246498412378,0.5086705202312164
2006-04-02,nighttime,6,-0.2091650066335199,0.6908279745698285,-0.10000000000000128
2006-04-03,daytime,6,0.41522739926869984,0.4129543665511486,0.34482758620688914
2006-04-03,nighttime,6,-0.2909286827258565,0.5759190048040022,-0.6206896551724287
2006-04-04,daytime,6,-0.47293618919813607,0.3434862131012859,-0.2307692307692355
2006-04-04,nighttime,6,0.7178049194865029,0.10821492472332347,0.6341463414634341
2006-04-05,daytime,6,-0.48217977671980516,0.33278309196029626,-0.21826280623608516
2006-04-05,nighttime,6,0.2886751345948133,0.5790154287158973,0.11111111111111617
2006-04-06,daytime,6,-0.4933292274385353,0.32003784511453,-0.2639405204460986
2006-04-06,nighttime,6,0.10223972648864878,0.8471747642382219,0.07317073170731346
2006-04-08,daytime,6,-0.29147170053435567,0.5751735479822266,-0.2123893805309799
2006-04-08,nighttime,6,0.2927700218845601,0.5733922538253553,0.14285714285714846
2006-04-09,daytime,6,-0.622349229765051,0.18699986027636567,-0.38235294117647395
2006-04-09,nighttime,6,0.29565619799454157,0.5694377396338233,0.4545454545454692
2006-04-12,daytime,6,-0.34921514788478913,0.49747088475115697,-1.0000000000000435
2006-04-12,nighttime,6,-0.4417261042993854,0.3805060732386667,-0.3902439024390188
2006-04-13,daytime,6,0.1249999999999996,0.8134765625000007,0.12499999999999961
2006-04-13,nighttime,6,0.5,0.31250000000000006,2.0000000000000178
2006-04-14,daytime,6,-0.8350533214033538,0.03856722447929814,-0.340909090909095
2006-04-14,nighttime,6,-0.04850712500726627,0.9272963796949916,-0.013333333333326676
2006-04-15,daytime,6,-0.4304140269378049,0.3942474005647858,-0.1460674157303399
2006-04-15,nighttime,6,-0.7490058862731394,0.08659099843689443,-0.3225806451612874
2006-04-16,daytime,6,-0.34412360080584187,0.5041903383126355,-0.31578947368422444
2006-04-16,nighttime,6,0.4522670168666472,0.367854055970482,0.4999999999999916
2006-04-17,daytime,6,-0.5587442366156652,0.24910225762138707,-0.29268292682927244
2006-04-17,nighttime,6,0.4846371111182055,0.3299584507962352,0.35849056603775437
2006-04-19,daytime,6,0.12458356352886932,0.81409148945692,0.09090909090908245
2006-04-19,nighttime,6,-0.43557240518437945,0.3879605136638468,-0.34782608695650735
2006-04-20,daytime,6,-0.38729833462074165,0.44809987316544336,-0.3750000000000069
2006-04-20,nighttime,6,-0.42874646285627094,0.39628714972811824,-0.588235294117638
2006-04-21,daytime,6,-0.7325612348008333,0.09772116235400545,-0.514285714285727
2006-04-21,nighttime,6,-8.199571724006248e-16,0.9999999999999988,2.3796663243996393e-14
2006-04-22,daytime,6,-0.8268564142033537,0.04237274203325843,-0.30678466076696426
2006-04-22,nighttime,6,-0.8936511324658822,0.016363715252373425,-0.3059360730593532
2006-04-23,daytime,6,-0.6046243458653905,0.20357992353127424,-0.19148936170213365
2006-04-23,nighttime,6,-0.06482037235521709,0.9029056187200215,-0.05882352941176529
2006-04-24,daytime,6,-0.3025316904537657,0.5600471348994389,-0.1525423728813567
2006-04-24,nighttime,6,-0.05415303610738968,0.9188498491176653,-0.032258064516150174
2006-04-26,daytime,6,-0.44659589686882384,0.37464246049217154,-0.3167701863354066
2006-04-26,nighttime,6,0.5271458979557462,0.2825235415347126,0.45652173913045324
2006-04-27,daytime,6,-0.8619614423452419,0.0272668273533691,-0.7187500000000051
2006-04-27,nighttime,6,0.04528334128517667,0.9321214166518166,0.014354066985650043
2006-04-28,daytime,6,-0.91467680814938,0.010609492175052318,-0.8125000000000014
2006-04-28,nighttime,6,0.19738550848793004,0.7077669095113763,0.038961038961049056
2006-04-29,daytime,6,-0.6123000982747515,0.19632899928785222,-0.41566265060241475
2006-04-29,nighttime,6,0.103504058166402,0.8452983368985933,0.01941747572815994
2006-04-30,daytime,6,0.2187500000000023,0.6771087646484342,0.437500000000027
2006-04-30,nighttime,6,0.20325114428826563,0.6993215403888511,0.10891089108911108
2006-05-01,daytime,6,0.21693045781865686,0.6797085593383361,0.800000000000031
2006-05-01,nighttime,6,-0.5444655064804715,0.2640031493426035,-0.9090909090909317
2006-05-03,daytime,6,-0.7246678356481359,0.10327553816560678,-0.3558823529411824
2006-05-03,nighttime,6,-0.7051993349346211,0.11755096378999376,-0.18155619596540998
2006-05-04,daytime,6,-0.6745680223718907,0.14162636312887794,-0.27941176470588924
2006-05-04,nighttime,6,-0.824093444302983,0.043693125997078225,-0.22214532871972067
2006-05-05,daytime,6,0.18981415059132384,0.7186982202082256,0.051470588235282375
2006-05-05,nighttime,6,-0.20335531332779663,0.6991717451335038,-0.1052631578947387
2006-05-07,daytime,6,-0.4736022227783167,0.3427109338076637,-0.22429906542056283
2006-05-07,nighttime,6,-0.7734456656746093,0.07117613757711765,-0.19161676646706424
2006-05-11,daytime,6,-0.5907766754408342,0.2169305620083302,-0.17757009345794814
2006-05-11,nighttime,6,NA,NA,NA
2006-05-12,daytime,6,-0.799320482663404,0.05636749329745318,-0.3312883435582907
2006-05-12,nighttime,6,-0.5555555555555557,0.25240054869684464,-0.09259259259258196
2006-05-17,daytime,6,-0.553815835462635,0.2542072224228745,-0.17757009345794642
2006-05-17,nighttime,6,-0.20049160254417675,0.7032921648977074,-0.15217391304348188
2006-05-18,daytime,6,0.3680484510073773,0.47285518292864553,0.1461538461538447
2006-05-18,nighttime,6,0.8146881698903523,0.0483288634909157,0.26548672566372994
2006-05-19,daytime,6,0.8812161832248381,0.020326396910304117,1.0434782608695687
2006-05-19,nighttime,6,0.5619514869490142,0.24580195172632224,0.4210526315789456
2006-05-21,daytime,6,-0.5715739957163789,0.2360047134180168,-0.25791855203620356
2006-05-21,nighttime,6,-0.41522739926870084,0.4129543665511472,-0.11494252873562737
2006-05-22,daytime,6,0.18835264373920788,0.7208121012424382,0.18181818181817472
2006-05-22,nighttime,6,0.04503773491110731,0.9324890748492732,0.034482758620702096
2006-05-24,daytime,6,-0.13443321448446646,0.7995649362355093,-0.04819277108434059
2006-05-24,nighttime,6,0.31755367441497756,0.539680598011902,0.14285714285715062
2006-05-25,daytime,6,-0.41780952227686186,0.4097531337853708,-0.20212765957447235
2006-05-25,nighttime,6,0.3522606864821488,0.4934645603139901,0.12408759124087311
2006-05-26,daytime,6,-0.39477101697586137,0.43860485248237907,-0.2727272727272755
2006-05-26,nighttime,6,-0.4082482904638614,0.42164825517619614,-0.22222222222221621
2006-05-27,daytime,6,-0.07118684968143858,0.8934000975631836,-0.020270270270269845
2006-05-27,nighttime,6,-0.4969766099345823,0.31590815567097635,-0.2184873949579807
2006-05-28,daytime,6,-0.4856429311786321,0.32880481681443774,-1.2499999999999838
2006-05-28,nighttime,6,0.14907119849998768,0.7780495489000183,0.07407407407406846
2006-05-29,daytime,6,0.48186942465243165,0.3331404556667599,0.26315789473684054
2006-05-29,nighttime,6,0.46852128566581536,0.34864113944020714,1.0000000000000369
2006-05-31,daytime,6,0.7559289460184561,0.08208627983473282,0.500000000000008
2006-05-31,nighttime,6,-0.5085476277156091,0.30293902752774304,-0.2500000000000151
2006-06-01,daytime,6,0.28284271247461945,0.5870496397870557,0.066666666666664
2006-06-01,nighttime,6,0.29660582093757837,0.5681382190721463,0.11504424778760966
2006-06-02,daytime,6,-0.8944271909999149,0.01613008990009283,-0.5000000000000042
2006-06-02,nighttime,6,2.600323873517804e-15,0.9999999999999961,9.121412916732243e-15
2006-06-03,daytime,6,-0.39788668905884567,0.4346654467166235,-0.17049180327868949
2006-06-03,nighttime,6,-0.9114654303752997,0.011410571669867045,-0.7499999999999712
2006-06-04,daytime,6,0.3912303982179738,0.44309550457747576,0.28571428571428686
2006-06-04,nighttime,6,-0.9767328030946414,8.057456843671119e-4,-0.45121951219511375
2006-06-05,daytime,6,-0.6924357433015382,0.1273465188469514,-0.3529411764705906
2006-06-05,nighttime,6,-0.49221253586090735,0.32130614447095246,-0.1525423728813548
2006-06-07,daytime,6,0.8728715609439707,0.02321515799127179,1.3333333333333264
2006-06-07,nighttime,6,0.3321819194149645,0.5200543991901037,0.4000000000000292
2006-06-08,daytime,6,0.1490711984999849,0.7780495489000224,0.33333333333331816
2006-06-08,nighttime,6,-0.484881137876428,0.3296784269482612,-0.22727272727273445
2006-06-09,daytime,6,-0.20300517669800916,0.6996752684509687,-0.24137931034482932
2006-06-09,nighttime,6,0.47633051162246387,0.3395417275822974,0.42857142857143704
2006-06-12,daytime,6,0.8219228548918047,0.04474366042717101,0.26708074534161713
2006-06-12,nighttime,6,-0.7156780854205416,0.1097662839890797,-0.5121951219512396
2006-06-14,daytime,6,-0.030123761656438264,0.9548280252837893,-0.013157894736848141
2006-06-14,nighttime,6,-0.4970501217477096,0.31582512653550604,-0.19999999999999782
2006-06-15,daytime,6,0.8798335881615024,0.020792350318471382,0.7968749999999988
2006-06-15,nighttime,6,0.3492151478847899,0.4974708847511558,0.500000000000008
2006-06-16,daytime,6,0.20701966780270684,0.6939066340345692,0.03571428571428946
2006-06-16,nighttime,6,-0.08304547985374089,0.8757181439430223,-0.19999999999991222
2006-06-17,daytime,6,-0.34299717028501653,0.50568054870688806,-0.4705882352941112
2006-06-17,nighttime,6,0.15811388300841683,0.7648055990249799,0.13333333333334305
2006-06-18,daytime,6,-0.39999999999999997,0.43200000000000016,-0.4000000000000137
2006-06-18,nighttime,6,-0.24999999999999886,0.6328125000000016,-0.08333333333333154
2006-06-19,daytime,6,-0.21520264493646576,0.6821792842361973,-0.1698113207547263
2006-06-19,nighttime,6,-0.8115026712006891,0.04994809225285181,-1.500000000000036
2006-06-21,daytime,6,0.19999999999999998,0.7040000000000001,0.20000000000001614
2006-06-21,nighttime,6,-0.3162277660168379,0.541469739275585,-0.4000000000000783
2006-06-22,daytime,6,0.7745966692414787,0.07048399691022272,0.4999999999999995
2006-06-22,nighttime,6,-0.10846522890932808,0.8379401873942981,-0.20000000000005222
2006-06-23,daytime,6,0.7140128315425602,0.11098773706610576,0.4769230769230784
2006-06-23,nighttime,6,-0.5889844266763391,0.21868349063023648,-0.24778761061945512
2006-06-24,daytime,6,-0.8220439461090566,0.0446847477418294,-0.3873581847649948
2006-06-24,nighttime,6,-0.44721359549995915,0.3739009663000574,-0.17999999999999663
2006-10-21,daytime,6,0.6136964857512025,0.1950214927159548,0.37662337662337897
2006-10-21,nighttime,6,0.5477225575051659,0.26057454736802554,0.23999999999998775
2006-10-22,daytime,6,0.7833494518006405,0.06532167682878126,0.7499999999999973
2006-10-22,nighttime,6,-0.2981423969999721,0.5660371777000406,-0.26666666666666144
2006-10-23,daytime,6,0.1395726315597751,0.7920005263443612,0.10714285714285313
2006-10-23,nighttime,6,-0.42592170096430243,0.3997505263771453,-0.23913043478261045
2006-10-25,daytime,6,-0.059062442321862765,0.9115093524049765,-0.04651162790698154
2006-10-25,nighttime,6,-0.45065623352106904,0.3697777714753651,-0.2871287128712776
2006-10-26,daytime,6,0.056727602779741336,0.9149998711365501,0.0353982300884948
2006-10-26,nighttime,6,0.4780914437337565,0.33750185654036585,1.6000000000000005
2006-10-27,daytime,6,-0.38720154633118464,0.4482232836764756,-0.43478260869565905
2006-10-27,nighttime,6,-0.8111648969212496,0.05012123745012427,-0.5505617977528047
2006-10-30,daytime,6,-0.2232453502017682,0.6706950798708113,-0.18274111675127008
2006-10-30,nighttime,6,-0.4545454545454543,0.3651389932381672,-0.2272727272727261
2006-11-01,daytime,6,0.07286792513359093,0.8908915669681099,0.05309734513274282
2006-11-01,nighttime,6,-0.5838742081211413,0.2237127005662093,-0.25000000000001255
2006-11-02,daytime,6,0,1,4.191000011072762e-15
2006-11-02,nighttime,6,-0.3162277660168379,0.541469739275585,-0.20000000000000048
2006-11-03,daytime,6,-0.36028834606144583,0.48295158029162694,-0.3461538461538535
2006-11-03,nighttime,6,-0.5635445125120278,0.2441691455813958,-0.6071428571428487
2006-11-04,daytime,6,-0.38575837490523013,0.4500646976797465,-0.3174603174603193
2006-11-04,nighttime,6,-0.307147558416975,0.5537667547526968,-0.18867924528300642
2006-11-05,daytime,6,0.05734345499245066,0.9140790979451807,0.05882352941175687
2006-11-05,nighttime,6,-0.82896486120749,0.041377880995780894,-0.5786802030456774
2006-11-11,daytime,6,0.33995005182504273,0.5097182625211945,0.4375000000000166
2006-11-11,nighttime,6,0.5883484054145516,0.21930692358453688,0.17307692307691228
2006-11-12,daytime,6,-0.08304547985373997,0.8757181439430236,-0.1034482758620997
2006-11-12,nighttime,6,-0.5290486946131067,0.280465344585757,-0.3246753246753381
2006-11-18,daytime,6,0.19851666679418242,0.7061366582677249,0.2758620689655246
2006-11-18,nighttime,6,0.2927700218845579,0.5733922538253583,0.14285714285714854
2006-11-19,daytime,6,0.1428571428571443,0.7871720116618055,0.14285714285715115
2006-11-19,nighttime,6,0.3162277660168379,0.541469739275585,0.40000000000003244
2006-11-20,daytime,6,-0.12097167578182513,0.819427644930544,-0.14634146341463575
2006-11-20,nighttime,6,-0.7682733253465355,0.07432433482636909,-0.536585365853645
2006-11-22,daytime,6,0.9185586535436913,0.009678951648207418,0.18749999999999836
2006-11-22,nighttime,6,-0.7035975447302917,0.11876149100611967,-0.19801980198020636
2006-11-23,daytime,6,0.8728715609439687,0.023215157991272502,0.6666666666666748
2006-11-23,nighttime,6,NA,NA,-2.1755839288168113e-14
2006-11-24,daytime,6,-0.31209389196618276,0.547058539906222,-0.06818181818181693
2006-11-24,nighttime,6,-0.9135002783911396,0.010899698569593639,-0.3666666666666666
2006-11-25,daytime,6,0.5773502691896232,0.2301996410805013,0.3333333333333354
2006-11-25,nighttime,6,0.3162277660168379,0.541469739275585,0.24999999999996553
2006-11-26,daytime,6,-0.20228869496967633,0.7007058566753002,-0.08695652173912972
2006-11-26,nighttime,6,0.44721359549995793,0.373900966300059,0.2999999999999899
2006-11-27,daytime,6,-0.5813183589761797,0.22624521874205036,-0.7000000000000074
2006-11-27,nighttime,6,NA,NA,NA
2006-11-29,daytime,6,0.6963106238227935,0.124336639738003,0.6666666666666853
2006-11-29,nighttime,6,0.6324555320336758,0.17780780835622126,0.499999999999984
2006-11-30,daytime,6,0.5423261445466417,0.26626462796630823,0.33333333333333515
2006-11-30,nighttime,6,0.19999999999999998,0.7040000000000001,0.19999999999991783
2006-12-01,daytime,6,0.7650920556760048,0.07629129863506662,1.0000000000000122
2006-12-01,nighttime,6,-0.2,0.704,-0.06666666666669617
2006-12-03,daytime,6,0.878310065653681,0.021311641128756345,0.45000000000000057
2006-12-03,nighttime,6,-0.7592566023652966,0.07995964654558178,-0.46666666666668116
2006-12-04,daytime,6,0.6419407387663691,0.1693569012116485,0.2884615384615291
2006-12-04,nighttime,6,0.17149858514251312,0.7452741603030322,0.25000000000001
2006-12-06,daytime,6,0.3152641443777314,0.5427710684988276,0.41176470588239206
2006-12-06,nighttime,6,-0.7938841860374447,0.05934730898084282,-0.7142857142857326
2006-12-07,daytime,6,0.3739896631100032,0.4651701485707005,0.2134831460674237
2006-12-07,nighttime,6,NA,NA,NA
2006-12-08,daytime,6,0.4296689244236597,0.39515836023438666,0.18461538461538698
2006-12-08,nighttime,6,-0.3216337604513417,0.5341855883118505,-0.2068965517241355
2006-12-09,daytime,6,0.22086305214969307,0.6740923254864285,0.4999999999999766
2006-12-09,nighttime,6,-0.3162277660168379,0.541469739275585,-0.250000000000028
2006-12-10,daytime,6,0.18898223650461662,0.7199013280378006,0.14285714285713452
2006-12-10,nighttime,6,0.7071067811865475,0.1161165235168155,0.7499999999999987
2006-12-11,daytime,6,-0.069843029576957,0.8954058044871913,-0.024390243902436565
2006-12-11,nighttime,6,-0.44721359549995793,0.373900966300059,-0.20000000000003634
2006-12-13,daytime,6,0.14575018235653442,0.78292282045561,0.09677419354838311
2006-12-13,nighttime,6,-0.9099637547345423,0.011794847634901254,-0.558441558441539
2006-12-14,daytime,6,0.7745966692414833,0.07048399691021998,1
2006-12-14,nighttime,6,-0.3535533905932748,0.4917670010221679,-0.16666666666666524
2006-12-15,daytime,6,0.2499999999999992,0.6328125000000011,0.12499999999999716
2006-12-15,nighttime,6,0.3162277660168379,0.541469739275585,0.4000000000000131
2006-12-16,daytime,6,0.36646313255902363,0.47491242604472883,0.20754716981132013
2006-12-16,nighttime,6,0.3162277660168379,0.541469739275585,0.4000000000000086
2006-12-17,daytime,6,0.125,0.8134765625,0.2500000000000142
2006-12-17,nighttime,6,-0.3333333333333333,0.5185185185185183,-0.1666666666666588
2006-12-18,daytime,6,0.49751859510499435,0.3152961908951068,0.14851485148514687
2006-12-18,nighttime,6,-0.853491813588197,0.030624599653060997,-0.8965517241379373
2006-12-20,daytime,6,0,1,-1.936856243954445e-14
2006-12-20,nighttime,6,-0.7985836518841368,0.056767233812321585,-0.24528301886790052
2006-12-21,daytime,6,-0.10502100630209917,0.8430476505080761,-0.12500000000002015
2006-12-21,nighttime,6,NA,NA,NA
2006-12-22,daytime,6,NA,NA,NA
2006-12-22,nighttime,6,0.3162277660168379,0.541469739275585,0.39999999999997415
2006-12-23,daytime,6,0.8215838362577489,0.044908790350366753,0.37500000000000344
2006-12-23,nighttime,6,-0.1856953381770508,0.7246586364960972,-0.1034482758620833
2006-12-24,daytime,6,0.1910401799752169,0.7169258647082553,0.07299270072991583
2006-12-24,nighttime,6,-0.9079593845004518,0.012317352470240359,-1.3000000000000433
2006-12-25,daytime,6,-0.6495190528383326,0.1627293459505884,-0.2812500000000188
2006-12-25,nighttime,6,-0.19999999999999998,0.7040000000000001,-0.06666666666669574
2006-12-27,daytime,6,-0.8944271909999159,0.016130089900092542,-1.3333333333333717
2006-12-27,nighttime,6,NA,NA,NA
2006-12-28,daytime,6,0.48949357543898286,0.32440193647332455,0.10891089108911262
2006-12-28,nighttime,6,0.43309279302430287,0.3909782810634945,0.24528301886791276
2006-12-29,daytime,6,0.8899883189799694,0.01748814290825145,0.39603960396039484
2006-12-29,nighttime,6,0.10660035817780263,0.840705146586579,0.2500000000000512
2006-12-30,daytime,6,0.2820380374088825,0.5881603658290748,0.1818181818181802
2006-12-30,nighttime,6,-0.7715167498104597,0.0723429555850426,-0.41666666666667695
2006-12-31,daytime,6,-0.08770580193069959,0.8687786271113763,-0.06153846153845716
2006-12-31,nighttime,6,0.447213595499958,0.37390096630005887,0.6000000000000014
2007-01-01,daytime,6,-0.7661308776828734,0.07564644105653297,-0.3913043478260909
2007-01-01,nighttime,6,-0.9561828874675155,0.0028378459267343744,-0.4571428571428514
2007-01-02,daytime,6,0.7905694150420927,0.0611988196375136,0.6666666666666684
2007-01-02,nighttime,6,-0.6549305384178419,0.1580651834806169,-0.1319796954314848
2007-01-03,daytime,6,-0.441726104299387,0.3805060732386647,-1.000000000000057
2007-01-03,nighttime,6,0.7071067811865481,0.11611652351681508,0.44444444444444847
2007-01-04,daytime,6,-0.3162277660168356,0.5414697392755883,-0.19999999999999826
2007-01-04,nighttime,6,0.9429903335828891,0.004782509480212071,0.261538461538469
2007-01-05,daytime,6,-0.5345224838248486,0.27457662909484826,-0.2857142857142897
2007-01-05,nighttime,6,-0.6324555320336758,0.17780780835622126,-0.2666666666666811
2007-01-06,daytime,6,-0.8445161615799958,0.034383407702872015,-1.1886792452830353
2007-01-06,nighttime,6,-0.8931977372352655,0.016500953066224393,-0.5238095238095193
2007-01-07,daytime,6,NA,NA,NA
2007-01-07,nighttime,6,NA,NA,-1.7404671430534703e-14
2007-01-08,daytime,6,0.41522739926869995,0.4129543665511482,0.34482758620689313
2007-01-08,nighttime,6,-0.9486832980505142,0.0038825370469604452,-1.8000000000000436
2007-01-09,daytime,6,0.9999999999999999,1.848892746611764e-32,0.49999999999999667
2007-01-09,nighttime,6,-0.9999999999999999,1.848892746611764e-32,-1.0000000000000435
2007-01-11,daytime,6,0.6324555320336761,0.17780780835622095,0.16666666666666555
2007-01-11,nighttime,6,0.5976143046671967,0.210295383118347,0.17857142857143007
2007-01-12,daytime,6,-0.17149858514250882,0.7452741603030384,-0.12500000000000738
2007-01-12,nighttime,6,0.49999999999999994,0.31250000000000006,0.500000000000011
2007-01-13,daytime,6,0.24571804673358144,0.6388408331972455,0.15094339622640937
2007-01-13,nighttime,6,NA,NA,0
2007-01-14,daytime,6,0.4758309514308865,0.3401212277326386,0.22641509433961438
2007-01-14,nighttime,6,0.4472135954999577,0.37390096630005926,0.1500000000000074
2007-01-15,daytime,6,0.715678085420547,0.1097662839890757,0.5121951219512163
2007-01-15,nighttime,6,0.2548235957188128,0.6260380997892747,0.06493506493507484
2007-01-17,daytime,6,-0.33259505261886557,0.5195031651324792,-0.1769911504424815
2007-01-17,nighttime,6,-0.11396057645963754,0.8297991390537881,-0.03896103896103826
2007-01-18,daytime,6,-0.6603773584905664,0.1534286693041903,-0.6603773584905843
2007-01-18,nighttime,6,-0.08770580193070349,0.8687786271113705,-0.030769230769230483
2007-01-19,daytime,6,-0.5366563145999523,0.27229403740246555,-0.16000000000000883
2007-01-19,nighttime,6,-0.8366600265340757,0.03784096948581305,-0.7499999999999925
2007-01-20,daytime,6,0.43000658178376555,0.3947454528100206,0.1320754716981042
2007-01-20,nighttime,6,-0.8446557856466841,0.03432336770700531,-2.0754716981132373
2007-01-21,daytime,6,-0.592156525463792,0.21558486237263882,-0.21428571428571677
2007-01-21,nighttime,6,0.8268741925060656,0.04236430728367278,0.16279069767441726
2007-01-22,daytime,6,-0.3937031201859325,0.43995773414512895,-0.13868613138685978
2007-01-22,nighttime,6,0.2425356250363328,0.6433299631818634,0.08823529411764576
2007-01-24,daytime,6,0.447213595499957,0.37390096630006,0.22222222222222177
2007-01-24,nighttime,6,0.25,0.6328125,0.2500000000000155
2007-01-25,daytime,6,-0.2721655269759094,0.6018319142389474,-0.14814814814815444
2007-01-25,nighttime,6,NA,NA,0
2007-01-26,daytime,6,3.8874476270978155e-16,0.9999999999999993,5.20802394228881e-16
2007-01-26,nighttime,6,0.5813183589761803,0.22624521874204953,0.24137931034482787
2007-01-27,daytime,6,0,1,-0
2007-01-27,nighttime,6,-0.7071067811865476,0.11611652351681545,-0.7500000000000071
2007-01-28,daytime,6,0.2988071523335982,0.5651288765144955,0.17857142857142988
2007-01-28,nighttime,6,0.7745966692414833,0.07048399691021998,1.2000000000000217
2007-01-29,daytime,6,0.836701516894204,0.0378223009841936,0.36912751677852645
2007-01-29,nighttime,6,NA,NA,-0
2007-01-31,daytime,6,0.33421342287388905,0.5173454534174173,0.14606741573032933
2007-01-31,nighttime,6,-0.6324555320336759,0.17780780835622115,-0.26666666666666083
2007-02-01,daytime,6,0.38202872398020826,0.45483468577959474,0.09729729729729712
2007-02-01,nighttime,6,0.22360679774997938,0.6701799733187804,0.07499999999999907
2007-02-02,daytime,6,0.408248290463863,0.4216482551761943,0.2499999999999982
2007-02-02,nighttime,6,0,1,-1.6457567063280098e-15
2007-02-03,daytime,6,-0.6546536707079771,0.1583024233754579,-0.14285714285714887
2007-02-03,nighttime,6,-0.6170175523422955,0.19192625124714593,-0.15228426395938927
2007-02-04,daytime,6,0.7276068751089988,0.10119150721829552,0.26470588235294074
2007-02-04,nighttime,6,-0.7250184882071772,0.10302590735680613,-0.4310344827586259
2007-02-05,daytime,6,-0.922721569239401,0.008727182102483164,-0.1792452830188789
2007-02-05,nighttime,6,-0.9585144756340407,0.0025458737933263995,-0.1093749999999989
2007-02-07,daytime,6,-0.062499999999999827,0.9063720703125002,-0.03125000000001225
2007-02-07,nighttime,6,0.06052275326688031,0.9093267176331353,0.025641025641029196
2007-02-08,daytime,6,-0.45883146774112316,0.36005084762422274,-0.21052631578947567
2007-02-08,nighttime,6,1.8338801254115783e-20,1,5.47305256670682e-15
2007-02-09,daytime,6,-0.47628314854075215,0.33959665443946696,-0.08724832214765738
2007-02-09,nighttime,6,0.790569415042095,0.061198819637512294,0.312500000000018
2007-02-11,daytime,6,-0.12095963460568575,0.819445442402561,-0.035532994923862755
2007-02-11,nighttime,6,0.44172610429938547,0.38050607323866653,0.19512195121954637
2007-02-12,daytime,6,-0.5919163484003883,0.21581885230167516,-0.1751824817518315
2007-02-12,nighttime,6,-0.42008402520839866,0.40694019970578943,-0.25000000000002137
2007-02-13,daytime,6,-0.28005601680560177,0.5908985636859346,-0.11111111111111395
2007-02-13,nighttime,6,-0.2335496832484575,0.6560450119431808,-0.18181818181818882
2007-02-15,daytime,6,-0.12082441866603505,0.8196453020642032,-0.02919708029197451
2007-02-15,nighttime,6,-0.8574929257125443,0.029015363531383714,-0.4166666666666505
2007-02-16,daytime,6,-0.5649326828660318,0.24274980807319108,-0.21276595744681034
2007-02-16,nighttime,6,0.9683296637314887,0.0014886324638936305,0.740259740259747
2007-02-17,daytime,6,-0.7701540462154072,0.07317245908881248,-0.32352941176472205
2007-02-17,nighttime,6,-0.6707211814778574,0.14478585822211096,-0.2422360248447105
2007-02-18,daytime,6,-0.10846522890932876,0.8379401873942971,-0.029411764705885055
2007-02-18,nighttime,6,0.48564293117863194,0.3288048168144379,0.18867924528299782
2007-02-19,daytime,6,NA,NA,-1.101561482945182e-15
2007-02-19,nighttime,6,-0.7745966692414834,0.07048399691021988,-0.4000000000000144
2007-02-23,daytime,6,-0.6324555320336759,0.17780780835622115,-0.40000000000004776
2007-02-23,nighttime,6,0.17149858514250882,0.7452741603030384,0.12499999999999994
2007-02-24,daytime,6,-0.17320508075688423,0.7427904550760268,-0.06000000000000448
2007-02-24,nighttime,6,-0.8593378488473188,0.02828720168803135,-0.15384615384615946
2007-03-01,daytime,6,-0.40915854419248376,0.4205109457809573,-0.13392857142858292
2007-03-01,nighttime,6,NA,NA,1.4166593024853775e-14
2007-03-02,daytime,6,-0.6174969805662258,0.19148110685315145,-0.18487394957984254
2007-03-02,nighttime,6,-0.881134221062802,0.020353878445704823,-0.1552795031055743
2007-03-03,daytime,6,0.21650635094611184,0.6803148411811318,0.12499999999999253
2007-03-03,nighttime,6,-0.35437465393117135,0.49068945086171195,-0.0697674418604503
2007-03-04,daytime,6,-0.3572948005052517,0.48686385033820273,-0.12765957446809773
2007-03-04,nighttime,6,-0.6565321642986127,0.15669575447850592,-0.3448275862068816
2007-03-07,daytime,6,0.46291004988627654,0.35523243051554343,0.2857142857142911
2007-03-07,nighttime,6,-3.356995681917639e-15,0.9999999999999949,8.975767426922903e-15
2007-03-08,daytime,6,-0.6249999999999998,0.18457031249999997,-0.31250000000001943
2007-03-08,nighttime,6,8.392529223339345e-16,0.9999999999999987,5.102800490722276e-15
2007-03-09,daytime,6,0.8401680504168031,0.03627782452190035,0.3529411764706019
2007-03-09,nighttime,6,0,1,4.881844145825948e-15
2007-03-11,daytime,6,NA,NA,-4.4464489056109535e-15
2007-03-11,nighttime,6,NA,NA,NA
2007-03-12,daytime,6,-0.36440544440674744,0.47758677482067924,-0.12962962962963415
2007-03-12,nighttime,6,-0.11396057645963796,0.8297991390537874,-0.03896103896102938
2007-03-14,daytime,6,0.08574929257125469,0.8716913158952182,0.02941176470586929
2007-03-14,nighttime,6,0.9869275424396534,2.552167494419292e-4,0.3896103896104132
2007-03-15,daytime,6,0.6324555320336758,0.17780780835622126,0.16666666666667945
2007-03-15,nighttime,6,0.3429971702850175,0.505680548706887,0.23529411764708466
2007-03-16,daytime,6,0.39743879941869037,0.4352310401810851,0.11675126903553572
2007-03-16,nighttime,6,0.13046561461068817,0.805411923740229,0.021276595744698652
2007-03-17,daytime,6,-0.23200591622629912,0.6582351873251785,-0.09756097560976629
2007-03-17,nighttime,6,-0.4592793267718464,0.3595206263376987,-0.09374999999998526
2007-03-18,daytime,6,-0.14338483366909943,0.7863966889871927,-0.06578947368422233
2007-03-18,nighttime,6,0,1,5.413706821650462e-15
2007-03-19,daytime,6,-0.275411316377625,0.5973281914571723,-0.09210526315790685
2007-03-19,nighttime,6,0.4120816918460675,0.41686553040650837,0.1698113207547246
2007-03-22,daytime,6,-0.1210898699241191,0.8192529507584263,-0.04398826979472058
2007-03-22,nighttime,6,-0.2927700218845595,0.5733922538253562,-0.199999999999971
2007-03-23,daytime,6,0.38769905726763376,0.4475890451105893,0.13664596273292273
2007-03-23,nighttime,6,-0.17770466332772702,0.7362488681135841,-0.052631578947344645
2007-03-24,daytime,6,0.08362420100070779,0.8748560908101296,0.05128205128205361
2007-03-24,nighttime,6,-0.132453235706504,0.8024820169288975,-0.05263157894735633
2007-03-25,daytime,6,-0.21879748724684206,0.6770409430266028,-0.047872340425534246
2007-03-25,nighttime,6,-0.465633073666417,0.35202831120314954,-0.12389380530972313
2007-03-28,daytime,6,0.29814239699997225,0.5660371777000404,0.13333333333333539
2007-03-28,nighttime,6,0.7647058823529409,0.07653165072257295,0.764705882352952
2007-03-29,daytime,6,-0.40705600564114597,0.42313948087095793,-0.13586956521739177
2007-03-29,nighttime,6,0.4183300132670378,0.40910885626030896,0.2500000000000109
2007-03-30,daytime,6,-0.3520340307890994,0.49376238325418326,-0.16037735849056856
2007-03-30,nighttime,6,0.3321819194149599,0.5200543991901098,0.4000000000000107
2007-03-31,daytime,6,0.38829013735765666,0.4468358966258609,0.699999999999999
2007-03-31,nighttime,6,-0.5882710761834306,0.21938277099214573,-0.23791821561337473
2007-04-01,daytime,6,-0.4060517809103748,0.42439684130461,-0.47560975609756945
2007-04-01,nighttime,6,0.4914360934671607,0.32218908618019915,0.3018867924528401
2007-04-02,daytime,6,0.33218191941496056,0.520054399190109,1.6000000000000794
2007-04-02,nighttime,6,0.2182178902359913,0.6778688286992509,0.4285714285714393
2007-04-05,daytime,6,-0.4172933427205662,0.4103924098645213,-0.47674418604651553
2007-04-05,nighttime,6,-0.725018488207176,0.10302590735680703,-1.8292682926829111
2007-04-12,daytime,6,-0.3627381250550058,0.4797571627500573,-0.06578947368421534
2007-04-12,nighttime,6,0.4758309514308854,0.34012122773263975,0.2264150943396301
2007-04-13,daytime,6,0.31526414437773176,0.5427710684988272,0.41176470588236325
2007-04-13,nighttime,6,NA,NA,NA
2007-04-14,daytime,6,-0.4618802153517029,0.35644689994329437,-0.10666666666667425
2007-04-14,nighttime,6,0.29277002188455997,0.5733922538253555,0.07142857142855298
2007-04-15,daytime,6,0.41587706916203204,0.4121481428072625,0.19217081850533355
2007-04-15,nighttime,6,0.28221626051507986,0.5879143098673614,0.0796460176991229
2007-04-16,daytime,6,0.24253562503633042,0.643329963181867,0.3333333333333874
2007-04-16,nighttime,6,0.8885233166386387,0.01794791318887314,0.2631578947368506
2007-04-17,daytime,6,0.12856486930664476,0.8082152156210795,0.04545454545454228
2007-04-17,nighttime,6,NA,NA,7.769942602917259e-15
2007-04-26,daytime,6,0.4151763331157284,0.4130177606410549,0.1218487394958018
2007-04-26,nighttime,6,-0.9827076298239908,4.459536647407921e-4,-0.3714285714285822
2007-04-28,daytime,6,-0.8751899489873677,0.022394205918366147,-0.2872340425531931
2007-04-28,nighttime,6,-0.5955758190072458,0.21226478649467245,-0.1135073779795674
2007-04-29,daytime,6,-0.699062073642557,0.12221843694203878,-0.23076923076923572
2007-04-29,nighttime,6,-0.37406600104036214,0.4650716608256762,-0.055970149253730825
2007-04-30,daytime,6,-0.49168917189444306,0.321901197002719,-0.21153846153846415
2007-04-30,nighttime,6,-0.3458572319330363,0.5018993932447657,-0.07177033492822826
2007-05-01,daytime,6,0.8539325842696628,0.030445310361164858,0.42696629213483256
2007-05-01,nighttime,6,-0.11396057645963753,0.8297991390537881,-0.019480519480515643
2007-05-03,daytime,6,-0.7738998335274484,0.07090266236244651,-0.2422907488986815
2007-05-03,nighttime,6,-0.580947501931113,0.2266136380542057,-0.1499999999999932
2007-05-04,daytime,6,0.6908492797077569,0.12858784036862453,0.2500000000000003
2007-05-04,nighttime,6,0.07352146220938054,0.8899165133405491,0.01621621621621556
2007-05-05,daytime,6,-0.41675437673324794,0.41106026235327914,-0.15000000000000271
2007-05-05,nighttime,6,-0.4467216111975558,0.37449150977450546,-0.10280373831775011
2007-05-06,daytime,6,0.556009299799392,0.251930170727219,0.1625000000000004
2007-05-06,nighttime,6,-0.42857142857143143,0.3965014577259441,-0.14285714285713733
2007-05-07,daytime,6,0.6123724356957945,0.19626117814926947,0.37500000000000305
2007-05-07,nighttime,6,0.8093123765957446,0.0510757848540465,0.5094339622641484
2007-05-08,daytime,6,-0.3030216076314316,0.5593796279276102,-0.23529411764706315
2007-05-08,nighttime,6,0.7001400420140078,0.12139288845301109,0.27777777777779017
2007-05-09,daytime,6,-0.4758309514308839,0.34012122773264164,-0.22641509433962345
2007-05-09,nighttime,6,0.39279220242478824,0.4411128091213017,0.0857142857142961
2007-05-10,daytime,6,0.7905694150420974,0.061198819637510914,2.0000000000001035
2007-05-10,nighttime,6,0.6163156344279359,0.19257874249363385,0.16279069767441962
2007-05-11,daytime,6,0.038329089686265215,0.942534520469784,0.022624434389141232
2007-05-11,nighttime,6,-0.5207556439232995,0.28947746888431297,-0.13559322033898114
2007-05-12,daytime,6,0.7791170716723111,0.06779554384358079,0.6346153846153868
2007-05-12,nighttime,6,NA,NA,6.526602452804944e-29
2007-05-13,daytime,6,0.9232735656776426,0.008604576408515438,0.7068965517241358
2007-05-13,nighttime,6,-0.2693758190745821,0.6057096748710817,-0.09489051094891196
2007-05-14,daytime,6,-0.15031161927043515,0.7762306101088328,-0.03823529411764834
2007-05-14,nighttime,6,0.49999999999999933,0.3125000000000007,0.1250000000000078
2007-05-15,daytime,6,0.5182002205050339,0.2922762023452224,0.1846153846153871
2007-05-15,nighttime,6,-0.29488391230979627,0.5704951712009492,-0.08695652173912051
2007-05-16,daytime,6,0.7469235147202854,0.0879670767625985,0.27894736842105466
2007-05-16,nighttime,6,-0.4553131982596412,0.36422571687902766,-0.10679611650484777
2007-05-18,daytime,6,0.6891687876063171,0.1299084230684624,0.38095238095238626
2007-05-18,nighttime,6,-0.656532164298613,0.15669575447850562,-0.6250000000000068
2007-05-19,daytime,6,0.9778024140774094,7.336304916229954e-4,0.6999999999999978
2007-05-19,nighttime,6,-0.37796447300922775,0.4600507528439605,-0.5714285714285653
2007-05-20,daytime,6,-0.39909946897267445,0.4331351553029634,-0.25581395348837477
2007-05-20,nighttime,6,0.7165452239681142,0.10913259990385853,0.32673267326732425
2007-05-21,daytime,6,0.6439209162167853,0.1676144253783021,0.25000000000000105
2007-05-21,nighttime,6,0.034185953142873204,0.948741046495162,0.006622516556295683
2007-05-22,daytime,6,0.22395700438233776,0.6696809700254233,0.13793103448275562
2007-05-22,nighttime,6,0.5330017908890251,0.2762077953268351,0.11363636363636877
2007-05-23,daytime,6,0.5489261743939801,0.25931194072986463,0.26180257510729854
2007-05-23,nighttime,6,0.766685023519976,0.07530346454804175,0.2700729927007367
2007-05-24,daytime,6,-0.19424194477601292,0.7123014506277939,-0.0913461538461529
2007-05-24,nighttime,6,0.8457709306622473,0.03384561570334492,0.20437956204379973
2007-05-25,daytime,6,0.866185586048603,0.02566138572668436,3.0588235294116064
2007-05-25,nighttime,6,0.6123724356957926,0.19626117814927133,0.7500000000000083
2007-05-26,daytime,6,0.8866206949335729,0.01855356229278284,1.235294117647034
2007-05-26,nighttime,6,-0.8965517241379322,0.015498790438312012,-0.4482758620689867
2007-05-27,daytime,6,0.5726371269248915,0.23493196863422416,0.40740740740741144
2007-05-27,nighttime,6,-0.7931034482758593,0.059781048833491994,-0.793103448275863
2007-05-28,daytime,6,-0.08347838711297083,0.8750732847908677,-0.035714285714288085
2007-05-28,nighttime,6,0.7905694150420952,0.06119881963751214,0.3124999999999965
2007-05-29,daytime,6,-0.3185591239211391,0.53832499059632,-0.18604651162790836
2007-05-29,nighttime,6,0,1,9.328121933351583e-15
2007-05-30,daytime,6,0.2652946129712249,0.6113939613515339,0.09677419354838672
2007-05-30,nighttime,6,0.8593378488473185,0.028287201688031467,0.3692307692307741
2007-06-01,daytime,6,0.9864191226193039,2.7540791556749023e-4,0.29613733905579404
2007-06-01,nighttime,6,0.2169304578186556,0.679708559338338,0.2352941176470823
2007-06-02,daytime,6,0.6324555320336774,0.17780780835621984,1.0000000000000282
2007-06-02,nighttime,6,-0.6002450479987823,0.2077648079721957,-0.8235294117647611
2007-06-03,daytime,6,-0.4878860388300205,0.3262373785075263,-0.21639344262295376
2007-06-03,nighttime,6,-0.7462025072446408,0.08844580080910588,-0.15909090909090604
2007-10-15,daytime,6,0.24999999999999803,0.6328125000000027,0.12500000000000208
2007-10-15,nighttime,6,-0.1999999999999961,0.7040000000000056,-0.1333333333333099
2007-10-16,daytime,6,0.6436024688664836,0.16789413561852626,0.7750000000000021
2007-10-16,nighttime,6,-0.5854905538443589,0.22211701264086195,-0.22413793103447813
2007-10-17,daytime,6,0.4848811378764268,0.32967842694826266,0.22727272727272516
2007-10-17,nighttime,6,0.39999999999999897,0.43200000000000127,0.20000000000000265
2007-10-19,daytime,6,0.18898223650461612,0.7199013280378012,0.5000000000000725
2007-10-19,nighttime,6,-0.5854905538443581,0.22211701264086262,-0.44827586206897163
2007-10-20,daytime,6,0.8378688987532465,0.037298811877849704,0.7846153846153777
2007-10-20,nighttime,6,-0.6943650748294125,0.1258439682951141,-0.8571428571428303
2007-10-21,daytime,6,-0.20145574100634905,0.7019043702479106,-0.22727272727273154
2007-10-21,nighttime,6,-0.5809475019311126,0.22661363805420628,-0.375000000000011
2007-10-22,daytime,6,-0.050379272185988595,0.9244950248075475,-0.020304568527932915
2007-10-22,nighttime,6,-0.6565321642986123,0.1566957544785063,-0.3448275862068807
2007-10-23,daytime,6,-0.1581138830084173,0.7648055990249792,-0.24999999999993955
2007-10-23,nighttime,6,-0.89856344680973,0.014912202151772705,-0.5113636363636408
2007-10-24,daytime,6,-0.12186666955535812,0.818104946183463,-0.059405940594061755
2007-10-24,nighttime,6,-0.19999999999999682,0.7040000000000046,-0.09999999999999709
2007-10-25,daytime,6,0.017797651932695783,0.9733063408611611,0.012987012987012199
2007-10-25,nighttime,6,-0.4763305116224638,0.3395417275822975,-0.21428571428570273
2007-10-26,daytime,6,0.6984302957695807,0.1227034089723571,0.5000000000000075
2007-10-26,nighttime,6,-0.7559289460184545,0.08208627983473378,-0.571428571428562
2007-10-27,daytime,6,0.2788775080910958,0.5925282613027019,0.3170731707317357
2007-10-27,nighttime,6,0.5539117094069983,0.25410752767353056,0.4090909090908982
2007-10-28,daytime,6,0.10573610652753584,0.8419869116116452,0.05590062111801379
2007-10-28,nighttime,6,-0.4330127018922193,0.39107588796406656,-0.2500000000000005
2007-10-29,daytime,6,0.9601829094043466,0.002346538033532825,1.5365853658536603
2007-10-29,nighttime,6,0.3162277660168379,0.541469739275585,0.39999999999994285
2007-10-30,daytime,6,-0.11197850219117085,0.83273430628811,-0.0909090909090927
2007-10-30,nighttime,6,NA,NA,NA
2007-10-31,daytime,6,-0.4484354928469308,0.37243569195292703,-0.1627906976744213
2007-10-31,nighttime,6,0.17149858514250885,0.7452741603030383,0.11764705882352967
2007-11-02,daytime,6,0.10846522890933011,0.8379401873942951,0.23529411764705827
2007-11-02,nighttime,6,-0.48536267169707614,0.32912611484178195,-0.2692307692307755
2007-11-03,daytime,6,0.1933807691670927,0.7135446916562249,0.11842105263158212
2007-11-03,nighttime,6,0.6432675209026769,0.1681885505568832,1.0000000000000255
2007-11-04,daytime,6,-0.4214636152117601,0.4052372009018251,-0.3157894736842322
2007-11-04,nighttime,6,-0.26278072311320216,0.6149019070489391,-0.13043478260869074
2007-11-05,daytime,6,-0.5930815297122951,0.2146846446071165,-0.4455445544554503
2007-11-05,nighttime,6,-0.6260990336999419,0.1835668600552759,-0.16799999999997808
2007-11-06,daytime,6,0.719676318124642,0.10685794092135546,0.5588235294117627
2007-11-06,nighttime,6,-0.5423261445466383,0.26626462796631195,-0.29411764705885013
2007-11-07,daytime,6,1.8907742582698712e-15,0.9999999999999971,3.630706199124147e-15
2007-11-07,nighttime,6,0.25,0.6328125,0.08333333333333737
2007-11-08,daytime,6,0.13130643285972254,0.8041723027178276,0.2500000000000145
2007-11-08,nighttime,6,0.47245559126153525,0.3440460317752795,0.17857142857143463
2007-11-09,daytime,6,0.2357022603955156,0.6529938944177132,0.14814814814813684
2007-11-09,nighttime,6,-0.4970501217477124,0.3158251265355027,-0.2000000000000148
2007-11-10,daytime,6,-0.4706129089465267,0.34619548891321394,-1.0000000000000144
2007-11-10,nighttime,6,0.7071067811865485,0.1161165235168148,0.22222222222222737
2007-11-11,daytime,6,0.674199862463242,0.14192744777405542,2.0000000000000497
2007-11-11,nighttime,6,-0.2941176470588183,0.5715448809281569,-0.2941176470588112
2007-11-12,daytime,6,0.610170215847755,0.1983302087169505,2.200000000000098
2007-11-12,nighttime,6,NA,NA,NA
2007-11-13,daytime,6,0.178571428571425,0.7349899781341159,0.1785714285714034
2007-11-13,nighttime,6,-0.654653670707976,0.15830242337545883,-1.0000000000000104
2007-11-14,daytime,6,0.699999999999999,0.12150000000000068,1.3999999999999968
2007-11-14,nighttime,6,-0.11952286093343936,0.8215694433207941,-0.035714285714274915
2007-11-16,daytime,6,0.44214790592742576,0.3799969428547839,0.8181818181818136
2007-11-16,nighttime,6,0.4780914437337565,0.33750185654036585,1.59999999999997
2007-11-17,daytime,6,-0.2617851572023635,0.6162925248278641,-0.31818181818182983
2007-11-17,nighttime,6,0.22360679774997896,0.670179973318781,0.16666666666666827
2007-11-18,daytime,6,0.7206037585776714,0.10618823859990621,0.27586206896552196
2007-11-18,nighttime,6,-0.8890657857298447,0.017776999442141145,-0.49278350515465263
2007-11-19,daytime,6,-0.3671940368172644,0.4739635989415597,-0.26966292134833525
2007-11-19,nighttime,6,0.037877700953927625,0.9432106205210125,0.058823529411791954
2007-11-20,daytime,6,-0.016609095970748115,0.9750886469536669,-0.008000000000012473
2007-11-20,nighttime,6,-0.5423261445466424,0.26626462796630757,-0.9999999999999262
2007-11-21,daytime,6,0.645776599937948,0.1659883738175128,0.6623376623376617
2007-11-21,nighttime,6,-0.9682458365518537,0.001496481055900383,-0.5357142857142965
2007-11-22,daytime,6,0.31622776601683666,0.5414697392755866,0.10000000000000171
2007-11-22,nighttime,6,-0.5850179393017032,0.22258311274613163,-0.363636363636375
2007-11-23,daytime,6,0.35820928496420973,0.4856676862762036,0.23913043478261076
2007-11-23,nighttime,6,-0.15811388300842055,0.7648055990249745,-0.3999999999999363
2007-11-24,daytime,6,-0.5896376448013922,0.21804394520881112,-0.640449438202254
2007-11-24,nighttime,6,-0.14990633779917187,0.7768248341753903,-0.044943820224709254
2007-11-25,daytime,6,-0.7876455814235329,0.06285360118362958,-0.5188679245283044
2007-11-25,nighttime,6,0.29704426289300156,0.5675384996116595,0.1250000000000005
2007-11-26,daytime,6,0.6324555320336801,0.17780780835621746,0.8000000000000131
2007-11-26,nighttime,6,0.30618621784789785,0.5550731521897735,0.49999999999999734
2007-11-27,daytime,6,0.38413666267326885,0.4521367963458686,0.5365853658536806
2007-11-27,nighttime,6,-0.6678270969037479,0.14718247033023224,-0.7804878048780572
2007-11-28,daytime,6,0,1,9.1941653442715e-15
2007-11-28,nighttime,6,-0.9370425713316362,0.0058206865139955755,-1.0000000000000315
2007-11-29,daytime,6,-4.735036526207944e-15,0.9999999999999929,-5.358033215596899e-15
2007-11-29,nighttime,6,NA,NA,NA
2007-12-01,daytime,6,-0.44232586846469035,0.3797822061745101,-0.7500000000000187
2007-12-01,nighttime,6,-0.8026426939290278,0.05458133510383221,-0.29599999999998733
2007-12-02,daytime,6,0.7977240352174655,0.05723523110663159,1.0000000000000093
2007-12-02,nighttime,6,-0.8834522085987734,0.01958352460380107,-0.6666666666667022
2007-12-03,daytime,6,0.6495366119157415,0.16271411923854118,1.7000000000000184
2007-12-03,nighttime,6,-0.6625413488689158,0.1516028961237011,-0.8666666666667041
2007-12-04,daytime,6,0.18104121003915552,0.7314050810255206,0.15217391304347855
2007-12-04,nighttime,6,-0.803219328902498,0.05427401596963888,-0.6451612903226052
2007-12-05,daytime,6,0.358209284964208,0.48566768627620577,0.5365853658536472
2007-12-05,nighttime,6,-0.5813183589761798,0.2262452187420501,-1.4000000000000867
2007-12-06,daytime,6,0.7592566023652961,0.07995964654558205,1.3999999999999992
2007-12-06,nighttime,6,-0.23354968324845685,0.6560450119431818,-0.5999999999999422
2007-12-07,daytime,6,0.24571804673357836,0.6388408331972497,0.4000000000000112
2007-12-07,nighttime,6,NA,NA,NA
2007-12-08,daytime,6,0.3872983346207417,0.4480998731654429,0.2999999999999989
2007-12-08,nighttime,6,-0.19999999999999998,0.7040000000000001,-0.3999999999999856
2007-12-09,daytime,6,1.2258190422037518e-15,0.9999999999999982,3.0767402982137e-14
2007-12-09,nighttime,6,-0.46291004988627565,0.35523243051554476,-0.7499999999999817
2007-12-10,daytime,6,0.2641777920640766,0.6129517835178091,0.1683168316831621
2007-12-10,nighttime,6,-0.7924058156930597,0.060169846503579226,-1.5000000000000269
2007-12-11,daytime,6,-0.7308002227129123,0.09894852540265914,-0.7586206896551831
2007-12-11,nighttime,6,-0.3429971702850177,0.5056805487068863,-0.4999999999999781
2007-12-12,daytime,6,-0.29756985032180894,0.5668198046673079,-0.4545454545454596
2007-12-12,nighttime,6,-0.7905694150420947,0.06119881963751246,-2.0000000000001306
2007-12-14,daytime,6,-0.42874646285627094,0.39628714972811824,-0.3125000000000148
2007-12-14,nighttime,6,-0.7730206825239264,0.07143247282186924,-0.6829268292682721
2007-12-15,daytime,6,0.19127301391900148,0.7165893757175771,0.24999999999998235
2007-12-15,nighttime,6,-0.853491813588197,0.030624599653060997,-0.8965517241379608
2007-12-16,daytime,6,0.5423261445466399,0.26626462796631023,0.14705882352941546
2007-12-16,nighttime,6,-0.7039710372159739,0.11847874543309322,-0.495575221238957
2007-12-17,daytime,6,0.2500000000000007,0.6328124999999989,0.16666666666666957
2007-12-17,nighttime,6,-0.3162277660168379,0.541469739275585,-0.19999999999997392
2007-12-18,daytime,6,0.35355339059327373,0.4917670010221689,0.7500000000000271
2007-12-18,nighttime,6,-0.8764598212022148,0.021950517703892187,-1.3000000000000569
2007-12-19,daytime,6,-0.41522739926869756,0.41295436655115136,-0.34482758620691434
2007-12-19,nighttime,6,-0.2105798931586655,0.6887991262189135,-0.10769230769231031
2007-12-20,daytime,6,-0.5581563056514386,0.24970911990316227,-0.4615384615384718
2007-12-20,nighttime,6,0.7592566023653006,0.0799596465455792,0.7000000000000143
2007-12-21,daytime,6,0.6445033866354888,0.16710331573259865,0.2769230769230768
2007-12-21,nighttime,6,-0.9079593845004529,0.012317352470240071,-0.43333333333333895
2007-12-22,daytime,6,-0.5460189062319472,0.26236576332019496,-0.38095238095238754
2007-12-22,nighttime,6,NA,NA,1.0736647960394772e-14
2007-12-23,daytime,6,-0.6249999999999984,0.1845703125000013,-0.4166666666666712
2007-12-23,nighttime,6,-0.4472135954999588,0.37390096630005787,-0.33333333333332626
2007-12-24,daytime,6,-0.19127301391900214,0.7165893757175761,-0.14634146341463564
2007-12-24,nighttime,6,-0.5423261445466404,0.26626462796630956,-1.0000000000000435
2007-12-25,daytime,6,0.23570226039551526,0.6529938944177136,0.11111111111110913
2007-12-25,nighttime,6,-0.9683296637314878,0.001488632463893712,-1.2666666666666924
2007-12-26,daytime,6,-0.3471825374147068,0.5001501414453441,-0.32142857142856895
2007-12-26,nighttime,6,-0.44721359549995793,0.373900966300059,-0.14999999999999958
2007-12-29,daytime,6,-0.9002501925591408,0.014428779633502895,-0.5891089108910946
2007-12-29,nighttime,6,-0.9244772073434697,0.008340158933861433,-1.0862944162436374
2007-12-30,daytime,6,0.11572751247156912,0.8271836923136613,0.18749999999998643
2007-12-30,nighttime,6,-0.5331139899831832,0.2760873188649408,-0.9000000000000016
2007-12-31,daytime,6,-0.24759378423606615,0.636198405155052,-0.20689655172414415
2007-12-31,nighttime,6,-0.5410017808004608,0.26766832111157124,-0.4390243902439135
2008-01-01,daytime,6,-0.09045256429962893,0.8646911799030931,-0.06194690265487655
2008-01-01,nighttime,6,0.3230291412348938,0.5323099824729577,0.17391304347828102
2008-01-02,daytime,6,-0.24445060351935255,0.640627801777342,-0.17073170731707818
2008-01-02,nighttime,6,0.38729833462073815,0.4480998731654477,0.6000000000000353
2008-01-03,daytime,6,-0.3689392259574632,0.4717004550264279,-0.26315789473685003
2008-01-03,nighttime,6,0.6800092553874449,0.13720853654294016,0.44230769230770534
2008-01-04,daytime,6,0.3428726929917568,0.5058453060365538,0.23076923076923334
2008-01-04,nighttime,6,-0.8215838362577482,0.04490879035036704,-0.5142857142857247
2008-01-05,daytime,6,-2.923385661826767e-15,0.9999999999999956,-7.979727989493373e-15
2008-01-05,nighttime,6,-0.8509629433967629,0.03166285751402823,-0.7241379310344691
2008-01-06,daytime,6,-0.5054286377481445,0.30641496510545785,-0.31759656652360785
2008-01-06,nighttime,6,-0.4563568975047624,0.36298546664997877,-0.13253012048191523
2008-01-07,daytime,6,-0.7990034651257426,0.0565393200353854,-0.5681818181818289
2008-01-07,nighttime,6,0.2696799449852945,0.6052866259760687,0.4000000000000124
2008-01-08,daytime,6,-0.458050857071478,0.36097567414384646,-0.33802816901409205
2008-01-08,nighttime,6,-0.19395245515057058,0.7127193258349699,-0.1034482758620833
2008-01-09,daytime,6,0.39631454350213385,0.4366517997120485,0.4250000000000004
2008-01-09,nighttime,6,-0.8600131635675314,0.028022858534053934,-0.5283018867924716
2008-01-11,daytime,6,-0.5098499285104604,0.3014920740698863,-1.7500000000000093
2008-01-11,nighttime,6,-0.6998542122237656,0.12161154996404942,-1.7142857142857169
2008-01-16,daytime,6,-0.2921836342486026,0.5741965934860849,-0.3076923076923076
2008-01-16,nighttime,6,-0.7841955263729276,0.06483217959090495,-1.7413793103448487
2008-01-18,daytime,6,-0.12341917379408732,0.8158112177840715,-0.19801980198019534
2008-01-18,nighttime,6,-0.9162672750228563,0.010223221695607236,-1.841584158415844
2008-01-20,daytime,6,0.4086514987502553,0.42114434440860593,0.5652173913043498
2008-01-20,nighttime,6,-0.8087360843031881,0.05137443084436824,-1.8333333333333366
2008-01-21,daytime,6,0.25384037467818893,0.6274175321077629,0.27586206896551363
2008-01-21,nighttime,6,-0.970987469328727,0.0012503800896542679,-2.2830188679245325
2008-01-22,daytime,6,-0.1554057379771613,0.7687679906249256,-0.3018867924528408
2008-01-22,nighttime,6,-0.3885083982492576,0.4465578935797004,-0.4299999999999907
2008-01-24,daytime,6,-0.33646329245522755,0.5143501533429263,-0.1509433962264172
2008-01-24,nighttime,6,-0.6246950475544245,0.1848491452643484,-1.3333333333333557
2008-01-25,daytime,6,-0.35093120317179766,0.49521225947702013,-0.7142857142857247
2008-01-25,nighttime,6,-0.895197497632685,0.015899794231291772,-1.2617449664429583
2008-01-26,daytime,6,-0.10421002114378108,0.8442508145529823,-0.18461538461538313
2008-01-26,nighttime,6,-0.881336990417934,0.020285923194793797,-2.045454545454565
2008-01-27,daytime,6,-0.14816242607109886,0.779382599423341,-0.21153846153847025
2008-01-27,nighttime,6,-0.28398481204836634,0.5854740965265754,-0.3043478260869493
2008-01-28,daytime,6,-0.03578281334822493,0.9463486883088714,-0.09090909090909284
2008-01-28,nighttime,6,-0.7016464154456233,0.12024334063356444,-4.000000000000001
2008-01-29,daytime,6,-0.08500255011475533,0.8728032649655648,-0.12500000000000389
2008-01-29,nighttime,6,-0.7679817174694634,0.074503664967922,-4.249999999999953
2008-01-30,daytime,6,-0.40535567355051233,0.42526913807889494,-0.780487804878063
2008-01-30,nighttime,6,-0.6500000000000002,0.1623124999999997,-1.6250000000000089
2008-01-31,daytime,6,-0.4616238288676917,0.35674948152787234,-0.9056603773584984
2008-01-31,nighttime,6,-0.7886224039948386,0.062298505058672314,-1.4382022471910179
2008-02-01,daytime,6,-0.3505237427021919,0.4957482677509425,-0.5000000000000071
2008-02-01,nighttime,6,-0.6857842672714124,0.13258579053943537,-1.3913043478260885
2008-02-02,daytime,6,-0.46894509514701505,0.3481450985105745,-0.8307692307692448
2008-02-02,nighttime,6,-0.2363157270671378,0.6521249498051143,-0.44117647058821974
2008-02-03,daytime,6,-0.3484660262185837,0.4984578265496813,-0.4857142857142897
2008-02-03,nighttime,6,-0.7246123507996796,0.10331506252567056,-1.2022471910112504
2008-02-05,daytime,6,-0.23227583876249333,0.6578521224633664,-0.24864864864865288
2008-02-05,nighttime,6,-0.9369403236349568,0.005839405055010551,-1.2583732057416366
2008-02-06,daytime,6,-0.22567317510697799,0.6672368221698434,-0.4000000000000038
2008-02-06,nighttime,6,-0.41580602548955836,0.4122362805613878,-0.34328358208955007
2008-02-08,daytime,6,-0.5587442366156644,0.24910225762138785,-0.4571428571428649
2008-02-08,nighttime,6,-0.3863587544773452,0.44929835030029336,-0.2967032967032985
2008-02-09,daytime,6,-0.4402498164016571,0.3822898632777858,-0.2789115646258543
2008-02-09,nighttime,6,-0.13936662018318766,0.7923035324772562,-0.08441558441558311
2008-02-10,daytime,6,-0.6677280719637484,0.1472647709129976,-0.43207126948775737
2008-02-10,nighttime,6,-0.5983211225424651,0.20961425675973225,-0.564102564102563
2008-02-11,daytime,6,-0.08627959628145808,0.8709017455143444,-0.07692307692308287
2008-02-11,nighttime,6,-0.7144957674337008,0.1106328945284294,-0.6428571428571455
2008-02-12,daytime,6,0.24657171263179137,0.6376379163978029,0.29870129870129825
2008-02-12,nighttime,6,-0.6957135502164841,0.12479838703985575,-0.3791469194312828
2008-02-13,daytime,6,-0.2775698510177909,0.5943379111393445,-0.21686746987952096
2008-02-13,nighttime,6,0.18926408936295616,0.7194936705411711,0.11940298507463246
2008-02-14,daytime,6,-0.5813183589761789,0.22624521874205109,-1.400000000000038
2008-02-14,nighttime,6,0.25309472436575997,0.6284641501748187,0.1281138790035661
2008-02-15,daytime,6,-0.607158228950724,0.20117439981953547,-0.5609756097561004
2008-02-15,nighttime,6,0.18159187690008985,0.7306062360836325,0.3170731707317232
2008-02-17,daytime,6,-0.5037175233040653,0.30832817695561165,-0.5074626865671695
2008-02-17,nighttime,6,-0.5155075474676042,0.2952362367790336,-0.2362204724409453
2008-02-18,daytime,6,-0.5015215491779232,0.3107899952700403,-0.5744680851063892
2008-02-18,nighttime,6,-0.19245008972987865,0.7148887559557355,-0.33333333333333637
2008-02-19,daytime,6,-0.4054944841824046,0.42509514648149926,-0.23824959481361863
2008-02-19,nighttime,6,0.04076542275707884,0.9388857382555384,0.02409638554216857
2008-02-22,daytime,6,0.053708615552957806,0.9195145410199185,0.07500000000000172
2008-02-22,nighttime,6,-0.7830553464958129,0.06549222584579158,-0.44594594594594533
2008-02-25,daytime,6,-0.4479652526741379,0.37299935690919467,-0.31901840490797917
2008-02-25,nighttime,6,-0.05755412232575062,0.9137641398645084,-0.03846153846153296
2008-02-26,daytime,6,0.36615846591423284,0.4753081041068348,0.23157894736842333
2008-02-26,nighttime,6,-0.7348469228349523,0.096138284913008007,-3.599999999999996
2008-02-27,daytime,6,0.2176906194396392,0.6786221636223493,0.169811320754716
2008-02-27,nighttime,6,-0.7640343207850576,0.07695044152975831,-0.34246575342466057
2008-02-28,daytime,6,-0.2146510780877472,0.6829684162372949,-0.18430034129693262
2008-02-28,nighttime,6,0.3867615383341868,0.44878445575363146,0.11842105263158047
2008-02-29,daytime,6,-0.48653363279984374,0.32778444936833245,-0.2282608695652269
2008-02-29,nighttime,6,0,1,8.710949335479225e-15
2008-03-01,daytime,6,-0.5297017477843922,0.27976028045783535,-0.4133333333333258
2008-03-01,nighttime,6,-0.5387270543537269,0.27008594352879567,-0.6981132075471602
2008-03-02,daytime,6,-0.3580574370197155,0.4858662442793829,-0.333333333333338
2008-03-02,nighttime,6,-0.7259500563541246,0.10236402003947713,-0.7857142857142773
2008-03-03,daytime,6,-0.6535021242215215,0.15929076462187447,-0.2847100175746972
2008-03-03,nighttime,6,-0.7768985960673558,0.06910900364072184,-0.580357142857138
2008-03-04,daytime,6,-0.8033557336464402,0.05420143586326084,-0.43478260869565794
2008-03-04,nighttime,6,-0.36364248586721304,0.47857955917525563,-0.18287937743189597
2008-03-05,daytime,6,-0.699434509510023,0.12193293590288524,-0.4892086330935304
2008-03-05,nighttime,6,-0.6260990336999411,0.18356686005527673,-0.5039999999999979
2008-03-07,daytime,6,-0.1747794079809692,0.7405004548507752,-0.14163090128755434
2008-03-07,nighttime,6,-0.5734054188086003,0.23415793771964158,-0.8124999999999928
2008-03-08,daytime,6,-0.8528556101338401,0.03088426092411516,-0.5957446808510691
2008-03-08,nighttime,6,-0.7108295552969693,0.11333916847030365,-0.4635036496350306
2008-03-09,daytime,6,-0.7054812462061385,0.11733847525471974,-0.253731343283588
2008-03-09,nighttime,6,-0.45479402682709813,0.3648432138158306,-0.28205128205127744
2008-03-10,daytime,6,-0.427437366993929,0.3978909306020655,-0.14054054054055176
2008-03-10,nighttime,6,0.6002450479987809,0.20776480797219707,0.8750000000000159
2008-03-11,daytime,6,0.7925939239012169,0.06006489793765934,4.666666666666614
2008-03-11,nighttime,6,-0.9520185054519771,0.0033981036587816013,-4.058823529411837
2008-03-12,daytime,6,-0.38698987510506244,0.44849321430883005,-0.3029259896729848
2008-03-12,nighttime,6,0.8126006880022077,0.049387161636412394,1.009900990099023
2008-03-13,daytime,6,-0.30745934690622095,0.5533432378342829,-0.3437500000000119
2008-03-13,nighttime,6,-0.10846522890932607,0.837940187394301,-0.23529411764704028
2008-03-14,daytime,6,-0.10825317547305512,0.8382545327404548,-0.14062500000000258
2008-03-14,nighttime,6,0.2937789968059763,0.5720089643770241,0.6818181818182002
2008-03-15,daytime,6,-0.41635208250202604,0.41155899660533235,-0.7924528301886901
2008-03-15,nighttime,6,0.3495310368212767,0.4970548881938191,1.0588235294117763
2008-03-16,daytime,6,-0.6840069926819,0.13400117037959347,-0.7187500000000075
2008-03-16,nighttime,6,0.29160592175990163,0.574989328319327,0.5357142857142926
2008-03-18,daytime,6,-0.9363107919943214,0.005955301072809231,-0.8443579766536985
2008-03-18,nighttime,6,0.7082882469748283,0.11523190553478788,0.5769230769230894
2008-03-19,daytime,6,0.5403596242362533,0.26834996806678096,0.9130434782608622
2008-03-19,nighttime,6,-0.15745916432444432,0.7657632266247936,-0.36363636363636875
2008-03-20,daytime,6,0.08941411116095693,0.8662362609494862,0.18867924528300664
2008-03-20,nighttime,6,0.35355339059327373,0.4917670010221689,1.000000000000021
2008-03-22,daytime,6,-0.866391665337622,0.025584246947376505,-0.23096446700508053
2008-03-22,nighttime,6,-0.8277289019571175,0.04195972361314725,-0.4216216216216128
2008-03-23,daytime,6,-0.8913090456958087,0.01707856287819883,-0.44257274119449697
2008-03-23,nighttime,6,-0.5636018619766333,0.24411044393722045,-0.14999999999999422
2008-03-24,daytime,6,0.03154401489382498,0.9526996711990107,0.014925373134328046
2008-03-24,nighttime,6,-0.3872983346207407,0.44809987316544425,-0.30000000000001065
2008-03-25,daytime,6,-0.3085577263937753,0.5518519724401421,-0.10948905109489186
2008-03-25,nighttime,6,-0.7905694150420961,0.06119881963751165,-0.5714285714285597
2008-03-26,daytime,6,-0.3433408204766981,0.5052257783507406,-0.24137931034483476
2008-03-26,nighttime,6,-0.5965587590013053,0.21131422890856857,-0.5499999999999898
2008-03-27,daytime,6,-0.8724643430254,0.02336081004619253,-0.25373134328358393
2008-03-27,nighttime,6,0.49541508402215056,0.3176737483751723,1.2941176470588331
2008-03-28,daytime,6,0.4914360934671631,0.32218908618019637,0.7999999999999768
2008-03-28,nighttime,6,-0.036273812505501775,0.94561314559208,-0.10000000000002686
2008-03-29,daytime,6,-0.4299934998786472,0.3947614474006242,-0.37888198757765024
2008-03-29,nighttime,6,0.08770580193070183,0.868778627111373,0.19999999999999563
2008-03-30,daytime,6,-0.5686416212459068,0.2389736386319747,-0.3233532934131779
2008-03-30,nighttime,6,-0.8281766860861406,0.041748485376790434,-0.2954545454545387
2008-03-31,daytime,6,-0.4391550328268392,0.38361454321090066,-0.18000000000000035
2008-03-31,nighttime,6,-0.28057938012106676,0.5901752060040372,-0.4150943396226475
2008-04-01,daytime,6,NA,NA,NA
2008-04-01,nighttime,6,-0.271193595479121,0.6031822042886184,-0.10769230769231328
2008-04-02,daytime,6,-0.7312542456058724,0.0986314363823761,-0.3159784560143654
2008-04-02,nighttime,6,-0.8729797114060348,0.02317654814122408,-0.3195876288659706
2008-04-03,daytime,6,-0.4883788455357942,0.32567430246993373,-0.33720930232558716
2008-04-03,nighttime,6,-0.8316509740648029,0.040126468718328916,-0.7560975609756061
2008-04-05,daytime,6,-0.36927447293799853,0.4712660955660476,-0.1250000000000014
2008-04-05,nighttime,6,-0.16819198298381507,0.7500909786074996,-0.14285714285713388
2008-04-06,daytime,6,0.1557479558214954,0.7682670885042058,0.17500000000000734
2008-04-06,nighttime,6,-0.6000710185242476,0.20793182675616884,-0.5909090909091006
2008-04-07,daytime,6,-0.4784575522633293,0.3370783128167738,-0.43654822335025906
2008-04-07,nighttime,6,-0.5387354557766164,0.2700769989291136,-0.5482233502538068
2008-04-08,daytime,6,-0.29368923928574103,0.5721319842750863,-0.2857142857142904
2008-04-08,nighttime,6,-0.6576910684116305,0.15570801318149477,-0.2871287128712805
2008-04-09,daytime,6,-0.3896749439290873,0.4450729843585653,-0.16180371352785636
2008-04-09,nighttime,6,-0.7474976815779206,0.0875866829274053,-0.49888641425389546
2008-04-10,daytime,6,-0.13959140520052624,0.7919729145374379,-0.08843537414966401
2008-04-10,nighttime,6,-0.548580385058995,0.25967443332947565,-0.8275862068965447
2008-04-11,daytime,6,0.31622776601683916,0.5414697392755836,0.4999999999999989
2008-04-11,nighttime,6,-0.24324463137626298,0.6423291961134548,-0.2909090909090849
2008-04-12,daytime,6,-0.28405887555822695,0.5853719631399553,-0.2613636363636503
2008-04-12,nighttime,6,-0.1109400392450463,0.8342726490662462,-0.09999999999999289
2008-04-13,daytime,6,0.15546754616863934,0.7686775183175611,0.09345794392523121
2008-04-13,nighttime,6,-0.5185517144781973,0.29189063823029227,-0.44303797468353956
2008-04-14,daytime,6,0.7116232194419644,0.11275087646260254,1.7073170731707084
2008-04-14,nighttime,6,-0.19764235376052286,0.7073966715811009,-0.24999999999999847
2008-04-15,daytime,6,-0.7012581338197368,0.12053919066939549,-0.3442340791738422
2008-04-15,nighttime,6,-0.49062835259629434,0.3231085626149934,-0.42307692307692313
2008-04-16,daytime,6,-0.8680596722324065,0.02496395002566889,-0.4679802955665075
2008-04-16,nighttime,6,-0.5916079783099631,0.2161194287392991,-0.29999999999999655
2008-04-18,daytime,6,-0.7589431369807269,0.08015890115253815,-0.3501144164759739
2008-04-18,nighttime,6,-0.836041325176332,0.03811986537773773,-0.23579545454544473
2008-04-19,daytime,6,-0.6015940221472422,0.2064720275797233,-0.2895322939866377
2008-04-19,nighttime,6,-0.3674234614174769,0.4736658915194643,-0.11999999999999558
2008-04-20,daytime,6,-0.921728006120168,0.008949990656939716,-0.37247706422018656
2008-04-20,nighttime,6,-0.7853022378314498,0.06419443309008209,-0.35909090909090174
2008-04-21,daytime,6,-0.5856681404045183,0.22194197529343873,-0.2261306532663347
2008-04-21,nighttime,6,-0.2578483140393155,0.6217991486071912,-0.10447761194029542
2008-04-22,daytime,6,-0.5716420808778341,0.23593595446025478,-0.2659793814432998
2008-04-22,nighttime,6,0.15895434071423953,0.763576597457206,0.10738255033556846
2008-04-23,daytime,6,-0.550705121680597,0.2574501768041492,-0.16848673946957862
2008-04-23,nighttime,6,0.21302148074901786,0.685301039364056,0.08571428571429036
2008-04-24,daytime,6,0.6585046078685185,0.15501621114216663,2.333333333333349
2008-04-24,nighttime,6,-0.42008402520840354,0.40694019970578343,-0.25000000000000894
2008-04-25,daytime,6,-0.5377976567400462,0.2710761333628227,-0.2603036876355762
2008-04-25,nighttime,6,-0.39370312018593323,0.4399577341451282,-1.1176470588234553
2008-04-26,daytime,6,-0.2381027370397671,0.6495952633643114,-0.09448818897638003
2008-04-26,nighttime,6,-0.33844138350495434,0.5117208976847086,-0.18688524590163938
2008-04-27,daytime,6,-0.6060432152628553,0.2022314921037732,-0.7804878048780713
2008-04-27,nighttime,6,-0.58094750193111,0.22661363805420873,-1.5000000000000366
2008-04-28,daytime,6,-0.28097574347451076,0.5896275325569649,-0.2105263157894666
2008-04-28,nighttime,6,0.5603155257282202,0.24748321835337797,0.7499999999999968
2008-04-29,daytime,6,-0.036554825648722,0.9451921848162755,-0.01416430594900477
2008-04-29,nighttime,6,0.1352504452001143,0.7983613789547076,0.036585365853661816
2008-04-30,daytime,6,-0.9238333198368013,0.008481109464195627,-0.4759725400457733
2008-04-30,nighttime,6,-0.5954371961386501,0.21239898147114974,-0.2954545454545432
2008-05-01,daytime,6,-0.7881133165380336,0.06258752120790008,-0.25701624815362306
2008-05-01,nighttime,6,-0.7006490497453685,0.12100391941035472,-0.16363636363636316
2008-05-14,daytime,6,-0.45267873021259264,0.36736292212092586,-0.06147540983606272
2008-05-14,nighttime,6,-0.8190283593479236,0.04616262498300917,-0.2236024844720548
2008-05-15,daytime,6,-0.5603155257282199,0.24748321835337844,-0.27906976744186385
2008-05-15,nighttime,6,0.6123724356957926,0.19626117814927133,0.7500000000000258
2008-05-16,daytime,6,-0.6210700940445356,0.18817694071613433,-0.11571841851494707
2008-05-16,nighttime,6,-0.8883301383959752,0.01800896657749429,-0.2391304347826131
2008-05-17,daytime,6,-0.856283234389058,0.02949756348241236,-0.3282442748091612
2008-05-17,nighttime,6,-0.763477854533914,0.07729824123871974,-0.23404255319148815
2008-05-18,daytime,6,-0.5587861386994514,0.24905902840653293,-0.1589595375722547
2008-05-18,nighttime,6,-0.8892972917998874,0.01770429860012426,-0.20370370370370142
2008-05-19,daytime,6,-0.3603018792888355,0.4829339156250485,-0.1379310344827631
2008-05-19,nighttime,6,NA,NA,7.502013547644262e-15
2008-05-20,daytime,6,-0.09697622757528537,0.8549916597071752,-0.10344827586207556
2008-05-20,nighttime,6,-0.8115026712006865,0.04994809225285312,-1.49999999999995
2008-05-21,daytime,6,-0.22249707974499594,0.6717617338415408,-0.09900990099010058
2008-05-21,nighttime,6,5.233644024540637e-15,0.9999999999999922,5.167962219655739e-14
2008-05-22,daytime,6,-0.3763549647474917,0.46212158720932156,-0.11331444759206626
2008-05-22,nighttime,6,-0.7793496079856899,0.06765853505307824,-0.17006802721087838
2008-05-23,daytime,6,-0.9458212344948103,0.004323491435797824,-0.281853281853284
2008-05-23,nighttime,6,-0.39477101697585965,0.4386048524823809,-0.27272727272727004
2008-05-24,daytime,6,-0.3910769444375205,0.44329046733011784,-0.05882352941176329
2008-05-24,nighttime,6,1.938171602510669e-15,0.9999999999999971,3.375185272107342e-15
2008-05-25,daytime,6,-0.5235703144047363,0.28640661344417423,-0.43076923076923385
2008-05-25,nighttime,6,NA,NA,8.702335715270794e-15
2008-05-26,daytime,6,-0.4398353520675554,0.38279117602875484,-0.0511720039617023
2008-05-26,nighttime,6,0.4330127018922193,0.39107588796406656,0.2500000000000133
2008-05-28,daytime,6,-0.4321694436393756,0.39210407052282453,-0.09338521400778274
2008-05-28,nighttime,6,-0.36614604667615913,0.47532423544011393,-0.08139534883720781
2008-05-30,daytime,6,-0.24999999999999795,0.6328125000000029,-0.06249999999999956
2008-05-30,nighttime,6,-0.18569533817705183,0.7246586364960956,-0.10344827586205585
2008-05-31,daytime,6,-0.8356290217967338,0.038306255087379934,-0.37500000000000666
2008-05-31,nighttime,6,-0.21320071635561041,0.6850443962928483,-0.09090909090908561
2008-06-01,daytime,6,0,1,-7.359808400080222e-15
2008-06-01,nighttime,6,0.5570860145311551,0.25081535976844604,0.9999999999999749
2008-06-02,daytime,6,-0.9327439715615137,0.0066329479782643586,-0.30871369294605955
2008-06-02,nighttime,6,-0.7668285060651127,0.07521477424301798,-0.18861209964412443
2008-12-27,daytime,6,-0.3321819194149613,0.5200543991901079,-0.40000000000001856
2008-12-27,nighttime,6,2.6305925725271786e-16,0.9999999999999996,-2.3278177919862167e-14
2008-12-28,daytime,6,1.2769502141415536e-20,1,-8.199540445241689e-15
2008-12-28,nighttime,6,-0.7985836518841367,0.05676723381232166,-0.3714285714285611
2008-12-29,daytime,6,0.42640143271122083,0.3991616175432798,0.99999999999998
2008-12-29,nighttime,6,-0.751862784366882,0.08471895470242967,-0.35532994923856853
2008-12-30,daytime,6,-0.6622661785325229,0.15183454328290952,-1.6666666666666383
2008-12-30,nighttime,6,0.5813183589761788,0.22624521874205109,0.6999999999999953
2008-12-31,daytime,6,-0.7055237187246044,0.1173064764860386,-0.3786407766990232
2008-12-31,nighttime,6,-0.23354968324845912,0.6560450119431784,-0.07500000000001375
2009-01-01,daytime,6,0.4479140087646841,0.37306079964441574,0.3636363636363569
2009-01-01,nighttime,6,-0.7895420339517227,0.06177797264178396,-0.3116883116883074
2009-01-02,daytime,6,0.5393598899705934,0.2694125126761958,1.5999999999999828
2009-01-02,nighttime,6,-0.7142857142857143,0.1107871720116617,-0.7142857142857214
2009-01-03,daytime,6,-0.09712858623572573,0.8547652743550704,-0.12500000000002276
2009-01-03,nighttime,6,-3.630100202401318e-15,0.9999999999999946,1.200986034036401e-14
2009-01-04,daytime,6,0.39391929857916647,0.439683756331358,0.6206896551723885
2009-01-04,nighttime,6,-0.5477225575051644,0.26057454736802727,-1.2000000000000328
2009-01-05,daytime,6,NA,NA,NA
2009-01-05,nighttime,6,-0.48238191061886554,0.3325504140571658,-0.21153846153848335
2009-01-06,daytime,6,0.7537783614444091,0.08347403778918441,0.6249999999999907
2009-01-06,nighttime,6,-0.3321819194149598,0.5200543991901098,-0.1379310344827568
2009-01-07,daytime,6,0,1,-2.8363699624157696e-14
2009-01-07,nighttime,6,-0.49301257198088083,0.32039730405663297,-0.41463414634144136
2009-01-09,daytime,6,0.6324555320336759,0.17780780835622115,0.16666666666665064
2009-01-09,nighttime,6,-0.43994134506405286,0.38266295128108585,-0.09677419354838036
2009-01-17,daytime,6,-0.35942537872388974,0.4840784037456127,-0.31578947368422067
2009-01-17,nighttime,6,-0.43386091563731233,0.39004259507460215,-1.6000000000001222
2009-01-18,daytime,6,-0.31799936400190804,0.5390795735253242,-0.20224719101124472
2009-01-18,nighttime,6,0.521450009453976,0.288718751149296,0.7333333333333436
2009-01-19,daytime,6,-0.2237209702352074,0.6700172819002661,-0.1573033707865293
2009-01-19,nighttime,6,-0.6162591020819704,0.1926313336768791,-0.6499999999999823
2009-01-20,daytime,6,-5.094072031356043e-16,0.9999999999999992,-1.0806117409607213e-15
2009-01-20,nighttime,6,-0.2078804601550779,0.6926710125671627,-0.27499999999999036
2009-01-21,daytime,6,-0.16374466038126673,0.7565781960369848,-0.16981132075473432
2009-01-21,nighttime,6,NA,NA,NA
2009-01-23,daytime,6,NA,NA,NA
2009-01-23,nighttime,6,-0.7682733253465361,0.07432433482636869,-0.7333333333333082
2009-01-24,daytime,6,0.11043152607484621,0.8350260738516017,0.0487804878048534
2009-01-24,nighttime,6,-0.988495079201969,1.977833897723853e-4,-0.44128113879004305
2009-01-25,daytime,6,0.6943650748294137,0.12584396829511313,0.21428571428570692
2009-01-25,nighttime,6,-0.09712858623572608,0.85476527435507,-0.03773584905660719
2009-01-26,daytime,6,0.022815832379813716,0.9657821899603106,0.008849557522110816
2009-01-26,nighttime,6,0.6793662204867572,0.13772748938219256,0.15384615384616385
2009-01-27,daytime,6,-0.3098386676965939,0.5501142545045457,-0.09599999999999888
2009-01-27,nighttime,6,-0.9199999999999999,0.00934400000000002,-0.36800000000001337
2009-01-28,daytime,6,-0.09950371902099914,0.8512370141369221,-0.02970297029703435
2009-01-28,nighttime,6,0.4300065817837658,0.3947454528100202,0.13207547169812126
2009-01-29,daytime,6,0.44721359549995793,0.373900966300059,0.5999999999999936
2009-01-29,nighttime,6,-0.7462025072446361,0.08844580080910902,-0.31818181818180574
2009-01-30,daytime,6,-1.1318953871196284e-20,1,1.135643091211518e-15
2009-01-30,nighttime,6,-0.8783100656536782,0.0213116411287573,-0.8571428571428973
2009-01-31,daytime,6,0.14625448482542644,0.7821824918509024,0.09090909090908678
2009-01-31,nighttime,6,-0.138675049056308,0.7933208403487717,-0.038461538461550156
2009-02-01,daytime,6,0.06826296394121158,0.8977646010684743,0.027027027027027306
2009-02-01,nighttime,6,0.3162277660168379,0.541469739275585,0.19999999999999404
2009-02-02,daytime,6,-0.4579565896743108,0.36108741389777765,-0.3269230769230801
2009-02-02,nighttime,6,NA,NA,3.7295724494002605e-14
2009-02-03,daytime,6,-0.44908871313907234,0.37165318707852507,-0.14285714285714157
2009-02-03,nighttime,6,0.4685212856658176,0.34864113944020486,0.21951219512195633
2009-02-04,daytime,6,-0.4618928874840364,0.35643194693839697,-0.13432835820895442
2009-02-04,nighttime,6,0.061429511683392675,0.9079716372139363,0.03773584905660717
2009-02-06,daytime,6,-0.2925089696508531,0.5737502982360563,-0.1818181818181941
2009-02-06,nighttime,6,-0.9030902434534406,0.013632187337283051,-0.35885167464115253
2009-02-07,daytime,6,-0.3222516933177459,0.5333547594841102,-0.3461538461538511
2009-02-07,nighttime,6,-0.7071067811865476,0.11611652351681545,-0.6666666666666468
2009-02-08,daytime,6,0.19667643607744542,0.708789227515451,0.05058365758754925
2009-02-08,nighttime,6,-0.07544931822417426,0.8870407740438833,-0.03225806451612384
2009-02-09,daytime,6,-0.676352132951666,0.1401711887894958,-0.40466926070039194
2009-02-09,nighttime,6,-0.7276068751089958,0.10119150721829759,-0.24999999999998582
2009-02-10,daytime,6,-0.48890120703870515,0.3250778458929096,-0.17073170731707563
2009-02-10,nighttime,6,0,1,-5.995913950583012e-15
2009-02-11,daytime,6,-0.5654115894520783,0.24226090639248546,-0.30088495575221663
2009-02-11,nighttime,6,0.46291004988627527,0.3552324305155451,0.14285714285715093
2009-02-12,daytime,6,-0.5252257314388895,0.28460633131599505,-0.13793103448275734
2009-02-12,nighttime,6,-0.26261286571944803,0.6151363174801194,-0.5000000000000374
2009-02-13,daytime,6,0.2649064714130088,0.6119352567897152,0.33333333333333826
2009-02-13,nighttime,6,0.2390457218668792,0.6482612949673063,0.1428571428571229
2009-02-14,daytime,6,-0.1768872844193094,0.7374363963438035,-0.05319148936170461
2009-02-14,nighttime,6,-1.2691798858267192e-16,0.9999999999999998,3.2049378106392735e-15
2009-02-15,daytime,6,0.06575959492214235,0.9015027905247263,0.021621621621621755
2009-02-15,nighttime,6,-0.8075728530872485,0.05197969420192583,-0.21739130434783419
2009-02-16,daytime,6,0.5669467095138405,0.2406963711868203,0.21428571428571563
2009-02-16,nighttime,6,-0.6324555320336758,0.17780780835622126,-0.40000000000000646
2009-02-17,daytime,6,3.592860894705831e-15,0.9999999999999947,1.812777354984839e-15
2009-02-17,nighttime,6,-0.8364896408367027,0.03791767948113225,-0.6103896103896214
2009-02-18,daytime,6,0.11764705882352942,0.8243435782617545,0.05882352941176157
2009-02-18,nighttime,6,0.7462025072446361,0.08844580080910902,0.31818181818181507
2009-02-20,daytime,6,0.676481425202546,0.14006598491201783,0.15254237288135852
2009-02-20,nighttime,6,0.6533586077765665,0.1594141231965524,0.5217391304347785
2009-02-21,daytime,6,NA,NA,-0
2009-02-21,nighttime,6,-0.89488388094083,0.015993362785695856,-1.272727272727288
2009-02-22,daytime,6,-0.6552728750750212,0.15777205339896122,-0.07806955287437867
2009-02-22,nighttime,6,-0.7905694150420975,0.06119881963751085,-0.24999999999999725
2009-02-23,daytime,6,-0.04287464628563078,0.9357274374155664,-0.029411764705884618
2009-02-23,nighttime,6,-0.8064049958557051,0.05259066238339818,-0.5202312138728384
2009-02-24,daytime,6,-0.31722063428726,0.5401298351999158,-0.2222222222222245
2009-02-24,nighttime,6,-0.3912927904356148,0.4430162432794478,-0.07655502392343776
2009-02-25,daytime,6,0.2809757434745082,0.5896275325569682,0.10526315789473743
2009-02-25,nighttime,6,0.19999999999999682,0.7040000000000046,0.19999999999997284
2009-02-26,daytime,6,-0.22086305214969418,0.6740923254864268,-0.12499999999999957
2009-02-26,nighttime,6,-2.7332948372171336e-16,0.9999999999999996,7.685364299593557e-15
2009-02-28,daytime,6,-0.4214636152117621,0.40523720090182236,-0.07894736842105209
2009-02-28,nighttime,6,-0.8882347881956874,0.018039138374572307,-0.6428571428571577
2009-03-01,daytime,6,0.2688016652852353,0.6065085448931455,0.057803468208092956
2009-03-01,nighttime,6,-0.41208169184606686,0.41686553040650914,-0.16981132075471436
2009-03-04,daytime,6,-0.8738275920531928,0.02287491544730513,-0.2884615384615413
2009-03-04,nighttime,6,-0.5377328579378651,0.2711452226745807,-0.09638554216866535
2009-03-06,daytime,6,-0.6546536707079771,0.1583024233754579,-0.42857142857142694
2009-03-06,nighttime,6,-0.8811450159029093,0.020350257970120245,-0.23889739663093265
2009-03-07,daytime,6,-0.15309310892394873,0.7721543964842794,-0.03124999999999941
2009-03-07,nighttime,6,-0.9339804754728082,0.006393990817190829,-0.48993288590604633
2009-03-08,daytime,6,-0.903584106498598,0.0134958945244729,-0.32163742690059
2009-03-08,nighttime,6,-0.9877629653290688,2.2370130882065346e-4,-0.12837837837836547
2009-03-09,daytime,6,-0.9019752336033944,0.013942329365780522,-0.2711864406779693
2009-03-09,nighttime,6,-0.8295613557843404,0.04109843282992919,-0.2580645161290259
2009-03-10,daytime,6,-0.7337993857053433,0.09686229451650073,-0.26923076923078276
2009-03-10,nighttime,6,-0.6585131215097443,0.15500897838581756,-0.4805194805195012
2009-03-11,daytime,6,-0.8971499589146105,0.015323215825427287,-0.4024390243902481
2009-03-11,nighttime,6,-0.3746343246326774,0.4643386410953822,-0.33333333333333454
2009-03-12,daytime,6,-0.8749999999999999,0.02246093750000004,-0.5833333333333445
2009-03-12,nighttime,6,0.33709993123162096,0.5135035083361835,0.05681818181819368
2009-03-13,daytime,6,-0.24940424095157784,0.6336504191544341,-0.20437956204379717
2009-03-13,nighttime,6,-0.7909057560124442,0.06100976201075732,-0.2978723404255224
2009-03-14,daytime,6,0.069843029576957,0.8954058044871913,0.024390243902412255
2009-03-14,nighttime,6,0.40824829046386296,0.4216482551761942,0.3333333333333312
2009-03-15,daytime,6,-0.9705824208782217,0.0012853620444138406,-0.40115163147793187
2009-03-15,nighttime,6,0.6919053632356159,0.12776093123329188,0.3538461538461823
2009-03-16,daytime,6,-0.8090398349558914,0.051216920824455225,-0.30000000000001464
2009-03-16,nighttime,6,NA,NA,2.1005637933403943e-14
2009-03-17,daytime,6,-0.19583736295015838,0.7099993595517895,-0.093750000000005
2009-03-17,nighttime,6,-0.18569533817704775,0.7246586364961014,-0.33333333333335646
2009-03-18,daytime,6,-0.8162133406996422,0.04756237394219015,-0.4622641509433987
2009-03-18,nighttime,6,-0.47245559126153325,0.3440460317752819,-0.17857142857141378
2009-03-20,daytime,6,-0.6380091150886714,0.172838928809735,-0.29850746268657097
2009-03-20,nighttime,6,0.22086305214969307,0.6740923254864285,0.5000000000000485
2009-03-21,daytime,6,-0.8849836589547899,0.01908237634959294,-0.4299065420560766
2009-03-21,nighttime,6,-0.4152273992686992,0.41295436655114937,-0.1999999999999834
2009-03-22,daytime,6,0.5222329678670925,0.28786413472669176,0.2727272727272827
2009-03-22,nighttime,6,-0.7276068751089979,0.10119150721829606,-0.529411764705875
2009-03-23,daytime,6,-0.7584205698830399,0.08049156879550667,-0.297872340425533
2009-03-23,nighttime,6,-0.30618621784789524,0.555073152189777,-0.7500000000000053
2009-03-24,daytime,6,-0.649113483611873,0.163081210736377,-0.33707865168538015
2009-03-24,nighttime,6,-0.719194952228077,0.1072062661996289,-0.49999999999999667
2009-03-25,daytime,6,-0.878229774030359,0.021339178178426323,-0.33936651583711863
2009-03-25,nighttime,6,0.1587768372074872,0.7638361328930652,0.17647058823529918
2009-03-27,daytime,6,-0.6546536707079791,0.15830242337545625,-0.5000000000000037
2009-03-27,nighttime,6,-0.9429903335828896,0.004782509480211975,-0.26153846153845994
2009-03-28,daytime,6,-0.9455779434075351,0.004362047823830744,-0.20000000000000026
2009-03-28,nighttime,6,-0.22792115291927637,0.6640383005670407,-0.15584415584415173
2009-03-29,daytime,6,-0.5997093526005018,0.2082790975195614,-0.20821917808219056
2009-03-29,nighttime,6,-0.5313689313240572,0.2779633933184871,-0.19999999999998958
2009-03-30,daytime,6,-0.6078306738548308,0.20053798069339965,-0.517241379310356
2009-03-30,nighttime,6,-0.6324555320336758,0.17780780835622126,-0.7999999999999996
2009-03-31,daytime,6,-0.47583095143088255,0.34012122773264314,-0.22641509433961696
2009-03-31,nighttime,6,-0.44721359549995793,0.373900966300059,-0.29999999999999527
2009-04-01,daytime,6,-0.8028463951575708,0.0544726805040809,-0.28647214854111214
2009-04-01,nighttime,6,-0.7142857142857153,0.11078717201166101,-0.357142857142853
2009-04-02,daytime,6,-0.8132359171881374,0.04906399151986161,-0.35748792270531515
2009-04-02,nighttime,6,-0.7650920556760069,0.07629129863506533,-0.33333333333333537
2009-04-03,daytime,6,-0.9262116498428249,0.007966202452608472,-0.3959390862944176
2009-04-03,nighttime,6,-0.9421152630284519,0.004928988623560969,-0.42187499999999606
2009-04-04,daytime,6,-0.24566059346595473,0.6389218110004147,-0.0822942643391537
2009-04-04,nighttime,6,-0.5163977794943257,0.2942563680244225,-0.22222222222222163
2009-04-05,daytime,6,-0.7645793998993543,0.07661044707076516,-0.24844720496894812
2009-04-05,nighttime,6,-0.6237055560836802,0.18575508491877216,-0.32758620689654183
2009-04-06,daytime,6,0.7244616763479583,0.1034224284948402,0.16149068322981308
2009-04-06,nighttime,6,-0.5240974256643361,0.2858329070882978,-0.20600858369098965
2009-04-07,daytime,6,-0.7280440075456119,0.10088315173904223,-0.4038461538461569
2009-04-07,nighttime,6,-0.8745458870034062,0.022620857215472186,-0.3220338983050795
2009-04-08,daytime,6,-0.3347827762949179,0.5165869798680782,-0.06472196900637973
2009-04-08,nighttime,6,-0.20412414523193198,0.6980663685111006,-0.055555555555553804
2009-04-10,daytime,6,-0.2665569949915887,0.6096342954925811,-0.22500000000000334
2009-04-10,nighttime,6,-0.6482037235521649,0.1638716675188462,-0.5882352941176455
2009-04-11,daytime,6,-0.923174254936302,0.008626572388677662,-0.43084260731320423
2009-04-11,nighttime,6,-0.8857079074284372,0.018847542982139552,-0.1932773109243609
2009-04-12,daytime,6,-0.5962936968956436,0.21157038853845828,-0.37888198757765046
2009-04-12,nighttime,6,-0.8944271909999155,0.01613008990009264,-0.26666666666665273
2009-04-13,daytime,6,-0.8235212185596474,0.04396894577512685,-0.43006993006993166
2009-04-13,nighttime,6,-0.9974586998307352,9.67910370475814e-6,-0.426395939086291
2009-04-14,daytime,6,-0.9120027683234615,0.01127456532993532,-0.3326996197718684
2009-04-14,nighttime,6,-0.8593378488473198,0.028287201688030936,-0.1538461538461444
2009-04-15,daytime,6,0.07495316889958621,0.8877807892598892,0.08988764044943232
2009-04-15,nighttime,6,-0.31622776601683955,0.5414697392755827,-0.10000000000000966
2009-04-16,daytime,6,-0.31975676541306935,0.5367115194389189,-0.1022443890274329
2009-04-16,nighttime,6,0.6432675209026779,0.16818855055688225,0.41379310344829434
2009-04-17,daytime,6,-0.6585990746922105,0.15493596495665313,-0.2934973637961407
2009-04-17,nighttime,6,-0.9341599350433256,0.006359665715524663,-0.2932692307692193
2009-04-18,daytime,6,0.12411432056761784,0.8147844702697615,0.07317073170731814
2009-04-18,nighttime,6,-0.7745966692414828,0.07048399691022027,-0.3000000000000028
2009-04-19,daytime,6,-0.9218822510251833,0.008915221857194186,-0.3884007029877015
2009-04-19,nighttime,6,0.6831300510639725,0.13470193531896768,0.20000000000000465
2009-04-20,daytime,6,-0.7373940601876318,0.09438791983206495,-0.36250000000000404
2009-04-20,nighttime,6,-0.989162583849269,1.7553795820077775e-4,-0.3371104815863916
2009-04-21,daytime,6,0.9114074914990773,0.011425283820222763,0.7173913043478276
2009-04-21,nighttime,6,-0.9618239551200859,0.0021582965215393704,-0.3484162895927697
2009-04-22,daytime,6,-0.8000362836474313,0.05598040841021468,-0.3962264150943428
2009-04-22,nighttime,6,-0.8536585365853638,0.0305567243655788,-0.4268292682926614
2009-04-24,daytime,6,-0.7839340569863318,0.06498327323065874,-0.3318584070796526
2009-04-24,nighttime,6,-0.7721873425053422,0.07193633059140422,-0.3478260869565099
2009-04-25,daytime,6,-0.8527651966194285,0.030921246527180125,-0.34628975265018735
2009-04-25,nighttime,6,-0.7492913926261421,0.08640308830115129,-0.23943661971830585
2009-04-26,daytime,6,0.8665069303180497,0.025541149553338652,0.483870967741937
2009-04-26,nighttime,6,-0.9532199738696578,0.003231370244482969,-0.24557522123894307
2009-04-27,daytime,6,-0.7840625602339755,0.06490899578652949,-0.32786885245902103
2009-04-27,nighttime,6,-0.8186582670899685,0.04634554064832231,-0.22935779816513086
2009-04-28,daytime,6,-0.7633013731539778,0.07740869289433952,-0.3187969924812089
2009-04-28,nighttime,6,-0.7399956641006086,0.09261494236219496,-0.14545454545454042
2009-04-29,daytime,6,-0.7138295707690869,0.11112252074198799,-0.36486486486486847
2009-04-29,nighttime,6,-0.8147159132058065,0.04831487001575415,-0.2259615384615361
2009-04-30,daytime,6,-0.785689570209911,0.06397191286256489,-0.3598774885145521
2009-04-30,nighttime,6,-0.9204668034278166,0.009236749250598059,-0.23488372093022739
2009-05-01,daytime,6,-0.8046109891933089,0.053535628318853105,-0.33333333333333576
2009-05-01,nighttime,6,-0.4385290096535142,0.3843727364479511,-0.07692307692307146
2009-05-02,daytime,6,-0.657085076182828,0.15622417393293456,-0.2651162790697692
2009-05-02,nighttime,6,-0.8714212528966696,0.02373587761420045,-0.22500000000000095
2009-05-03,daytime,6,-0.9441746010034175,0.004587723524690046,-0.31632653061225
2009-05-03,nighttime,6,-0.5656854249492378,0.24198153056802102,-0.11999999999999933
2009-05-04,daytime,6,-0.7878940455588103,0.06271219326893282,-0.2837837837837865
2009-05-04,nighttime,6,-0.9759908501286698,8.57739007812853e-4,-0.22325581395348643
2009-05-05,daytime,6,-0.08966883682638269,0.8658572359150287,-0.030821917808219617
2009-05-05,nighttime,6,-0.34027852368935907,0.5092825500479767,-0.05263157894736397
2009-05-06,daytime,6,-0.4653315662336526,0.35238257921153054,-0.1634615384615399
2009-05-06,nighttime,6,-0.7826237921249264,0.06574284815086909,-0.11666666666666521
2009-05-07,daytime,6,-0.5309942440535939,0.2783668450173911,-0.5263157894736952
2009-05-07,nighttime,6,-0.46291004988627604,0.35523243051554426,-0.14285714285714804
2009-05-09,daytime,6,-0.40622565945922673,0.4241790450324516,-0.15163934426229644
2009-05-09,nighttime,6,-0.9806298820660989,5.591683548102994e-4,-0.6175637393767665
2009-05-10,daytime,6,-0.9391381446447404,0.005443526965398821,-0.30504587155963825
2009-05-10,nighttime,6,-0.7576684191960874,0.08097148060652018,-0.1979522184300309
2009-05-11,daytime,6,0.2509741561779516,0.6314429492045801,0.09734513274337406
2009-05-11,nighttime,6,-0.6166698388447788,0.1922493660202193,-0.12676056338028102
2009-05-12,daytime,6,0.8164965809277259,0.04742065558431964,0.6666666666666827
2009-05-12,nighttime,6,0.3333333333333333,0.5185185185185183,0.1666666666666621
2009-05-13,daytime,6,-0.5863019699779282,0.2213176961230638,-0.1718749999999949
2009-05-13,nighttime,6,0.44721359549995787,0.373900966300059,0.6000000000000368
2009-05-14,daytime,6,-0.689381987545711,0.12974056027645373,-0.23762376237624253
2009-05-14,nighttime,6,0.5222329678670914,0.28786413472669303,0.272727272727277
2009-05-15,daytime,6,-0.780694769012388,0.06686845761346442,-0.24669603524229342
2009-05-15,nighttime,6,-0.9017089975039708,0.014016881114911877,-0.31967213114753745
2009-05-16,daytime,6,-0.7808951897004474,0.06675110352522562,-0.25675675675675885
2009-05-16,nighttime,6,-0.8944271909999152,0.016130089900092747,-0.29999999999999755
2009-05-17,daytime,6,0.7030776499208196,0.11915555791170064,0.3295454545454558
2009-05-17,nighttime,6,-0.48241815132442206,0.3325087033492999,-0.21333333333333207
2009-05-18,daytime,6,-1.6007418076521324e-20,1,-5.213197616723466e-16
2009-05-18,nighttime,6,-0.6708203932499337,0.14470399860633298,-0.900000000000003
2009-05-19,daytime,6,-0.8192569785734071,0.04604979958335746,-0.32160804020100603
2009-05-19,nighttime,6,-0.8867330217252954,0.018517538391805127,-0.28237129485179097
2009-05-20,daytime,6,-0.7811295279164265,0.06661400874741306,-0.21578947368421364
2009-05-20,nighttime,6,-0.8535791995526407,0.03058901471571743,-0.21857923497267454
2009-05-22,daytime,6,-0.4200840252084029,0.4069401997057842,-0.5
2009-05-22,nighttime,6,-0.68325946852294706,0.13459841851536547,-0.23342175066313237
2009-05-23,daytime,6,0.5222329678670935,0.2878641347266908,0.2727272727272662
2009-05-23,nighttime,6,NA,NA,1.3844625001561578e-14
2009-05-24,daytime,6,-0.9124731876785304,0.01115614535811694,-0.3387850467289745
2009-05-24,nighttime,6,-0.7914672795166299,0.06069472722138619,-0.17897727272726732
2009-05-25,daytime,6,-0.5949820268560705,0.2128398530907794,-0.1854304635761589
2009-05-25,nighttime,6,-0.8257228238447716,0.04291218145265188,-0.18181818181817894
2009-05-26,daytime,6,-0.6881663597482917,0.13069894302409155,-0.3255813953488376
2009-05-26,nighttime,6,-0.5614045753966254,0.24636350773604754,-0.10505836575874959
2009-05-27,daytime,6,-0.7151953752498416,0.11011973663603802,-0.10029498525073563
2009-05-27,nighttime,6,-0.5762094850891215,0.23134155147408492,-0.19463087248322491
2009-05-28,daytime,6,-0.3258752679561425,0.5284902096386791,-0.106194690265496
2009-05-28,nighttime,6,NA,NA,-0
2009-05-29,daytime,6,-0.8944271909999163,0.016130089900092414,-0.13333333333333297
2009-05-29,nighttime,6,-0.7471705946604054,0.08780329215505547,-0.14164904862579158
2009-05-30,daytime,6,-0.8906215123051829,0.01729119718819004,-0.25803108808290315
2009-05-30,nighttime,6,-0.7640574479604185,0.07693600205863091,-0.19459459459459322
2009-05-31,daytime,6,-0.9999999999999999,1.848892746611764e-32,-2.0000000000003046
2009-05-31,nighttime,6,-0.70064904974537,0.12100391941035357,-0.2727272727272759
2009-06-01,daytime,6,-0.9557896392964649,0.002888628177560267,-0.23684210526315866
2009-06-01,nighttime,6,-0.5990422978731583,0.20892021907659614,-0.14354066985645714
2009-06-03,daytime,6,-0.4914360934671592,0.32218908618020076,-0.15094339622641306
2009-06-03,nighttime,6,-0.9860295813311666,2.9139557522188213e-4,-0.25144508670520327
2009-06-05,daytime,6,-0.533570528512208,0.27559730737577465,-0.1423487544484052
2009-06-05,nighttime,6,NA,NA,-0
2009-06-06,daytime,6,-0.5598925109558528,0.24791868042450416,-0.22727272727272962
2009-06-06,nighttime,6,0,1,-1.603848437858734e-14
2009-06-07,daytime,6,-0.9117647058823503,0.011334724201099797,-0.22794117647059156
2009-06-07,nighttime,6,NA,NA,-1.1866821429910023e-14
2009-06-08,daytime,6,-0.21004201260420152,0.6895702607834964,-0.04166666666666677
2009-06-08,nighttime,6,-0.5749889084999459,0.2325658241653781,-0.12244897959183083
2009-06-09,daytime,6,0.043810795433833004,0.934325851758496,0.005758157389637242
2009-06-09,nighttime,6,-0.5897678246195885,0.21791658039576287,-0.17391304347825742
2009-06-10,daytime,6,0.28496141408759035,0.5841277407939756,0.054135338345864
2009-06-10,nighttime,6,-0.9219544457292891,0.008898970841014535,-0.24999999999999506
2009-06-11,daytime,6,0.8109307588519346,0.05024142101852253,0.2391304347826138
2009-06-11,nighttime,6,-0.8660254037844387,0.025721420742506496,-0.5000000000000216
2009-06-14,daytime,6,0.10846522890932807,0.8379401873942981,0.09999999999998042
2009-06-14,nighttime,6,-0.7803989725717083,0.06704182978269474,-0.47368421052635584
2009-06-15,daytime,6,0.1871051450867497,0.7226174021993292,0.02834008097166064
2009-06-15,nighttime,6,0.8280786712108246,0.04179468045604552,0.22857142857144117
2009-06-16,daytime,6,-0.6041220933301769,0.204058117911701,-0.14598540145985722
2009-06-16,nighttime,6,0.2425356250363355,0.6433299631818596,0.17647058823532422
2009-06-17,daytime,6,-0.8314971796756813,0.040197633508334316,-0.22368421052631401
2009-06-17,nighttime,6,NA,NA,1.0877919644084489e-14
2009-06-19,daytime,6,-0.038720154633118814,0.941948793653495,-0.02173913043477967
2009-06-19,nighttime,6,0,1,7.836072947012896e-14
2009-06-20,daytime,6,0.2626128657194451,0.6151363174801235,0.2758620689655436
2009-06-20,nighttime,6,0.5582905262390817,0.24957052641889607,0.42857142857143443
2009-10-09,daytime,6,0.29449221333817005,0.5710316963233382,0.12389380530973747
2009-10-09,nighttime,6,-0.5598925109558565,0.2479186804245003,-0.4545454545454735
2009-10-10,daytime,6,-0.722315118514615,0.10495735314493339,-0.2608695652173924
2009-10-10,nighttime,6,-0.7196763181246422,0.10685794092135532,-0.4634146341463323
2009-10-11,daytime,6,0.26726124191242434,0.6086531814853786,0.10714285714285733
2009-10-11,nighttime,6,-0.8866206949335725,0.01855356229278294,-0.617647058823542
2009-10-12,daytime,6,0.10502100630210132,0.8430476505080728,0.03125000000000199
2009-10-12,nighttime,6,-0.6943650748294129,0.1258439682951137,-0.21428571428570553
2009-10-13,daytime,6,-0.3779644730092272,0.46005075284396113,-0.14285714285714188
2009-10-13,nighttime,6,-0.9561828874675153,0.0028378459267343905,-0.2857142857143104
2009-10-14,daytime,6,-0.31859654643215835,0.5382745539488835,-0.31578947368421273
2009-10-14,nighttime,6,-0.12126781251816832,0.8189899563147929,-0.08823529411765872
2009-10-15,daytime,6,0.3638034375545006,0.47837007115347335,0.12500000000000316
2009-10-15,nighttime,6,-0.6859943405700354,0.13241892222024929,-0.9999999999999928
2009-10-16,daytime,6,-1.4325910580984526e-15,0.9999999999999978,8.755140962263197e-15
2009-10-16,nighttime,6,-0.894427190999915,0.016130089900092806,-0.2999999999999869
2009-10-17,daytime,6,0.2626128657194472,0.6151363174801207,0.1379310344827587
2009-10-17,nighttime,6,0.3849001794597519,0.4511608552147985,0.14814814814815083
2009-10-18,daytime,6,0.17180203318601175,0.7448323993530073,0.12987012987013136
2009-10-18,nighttime,6,-0.48454371185234896,0.3300656505693611,-0.1304347826086847
2009-10-19,daytime,6,-0.11094003924504788,0.8342726490662439,-0.06153846153846085
2009-10-19,nighttime,6,NA,NA,1.087791964408432e-14
2009-10-20,daytime,6,0.6116340197341649,0.19695394376355957,0.3945945945945981
2009-10-20,nighttime,6,NA,NA,4.3511678576335047e-14
2009-10-21,daytime,6,0.29092868272585776,0.5759190048040006,0.27272727272729685
2009-10-21,nighttime,6,-0.713024095907378,0.11171577967841204,-0.3928571428571612
2009-10-23,daytime,6,0.09759000729485293,0.8540797033781722,0.16666666666670238
2009-10-23,nighttime,6,-0.4472135954999573,0.3739009663000596,-0.2222222222222198
2009-10-24,daytime,6,-0.08804509063256201,0.8682736240923685,-0.06976744186046646
2009-10-24,nighttime,6,-0.6757246285173447,0.1406822648666211,-0.20754716981133522
2009-10-25,daytime,6,0.15075567228888484,0.7755796242063192,0.18181818181823534
2009-10-25,nighttime,6,-0.6428590928561349,0.16854784648778984,-0.3135135135135116
2009-10-26,daytime,6,0.25,0.6328125,0.25000000000003625
2009-10-26,nighttime,6,-0.6882472016116902,0.13063511375365677,-0.3157894736842046
2009-10-27,daytime,6,-0.4685212856658173,0.348641139440205,-0.5000000000000121
2009-10-27,nighttime,6,-0.25,0.6328125,-0.2500000000000534
2009-10-28,daytime,6,0.18057877962865324,0.732076049790096,0.06521739130435816
2009-10-28,nighttime,6,-0.9024390243902436,0.013812916237431336,-0.90243902439028445
2009-10-29,daytime,6,0.06984302957695894,0.8954058044871883,0.09999999999999808
2009-10-29,nighttime,6,-0.8576900278702356,0.02893715235381352,-0.44444444444444065
2009-10-30,daytime,6,0.33333333333333237,0.5185185185185198,0.06666666666666822
2009-10-30,nighttime,6,-0.8381950032936666,0.037153188701683805,-0.3945945945946024
2009-10-31,daytime,6,0.6662966046527719,0.148456670080282,0.7547169811320874
2009-10-31,nighttime,6,-0.4330127018922193,0.39107588796406656,-0.2500000000000015
2009-11-01,daytime,6,-0.5669467095138421,0.24069637118681872,-0.37500000000001343
2009-11-01,nighttime,6,-0.34921514788478836,0.4974708847511582,-0.12195121951219548
2009-11-02,daytime,6,0.7940666671767465,0.05924614061080177,0.5714285714285758
2009-11-02,nighttime,6,-0.9426893152375194,0.004832652991842906,-0.5046728971962643
2009-11-03,daytime,6,-0.1473826353091429,0.7805267433972458,-0.07964601769912412
2009-11-03,nighttime,6,NA,NA,-0
2009-11-04,daytime,6,-0.48186942465242355,0.3331404556667691,-0.8823529411764806
2009-11-04,nighttime,6,-0.9860295813311666,2.9139557522188213e-4,-0.502890173410401
2009-11-05,daytime,6,0.2682926829268282,0.6072169585467435,0.26829268292683073
2009-11-05,nighttime,6,NA,NA,-1.2797552522451955e-14
2009-11-07,daytime,6,0.04152273992687121,0.9377516855751474,0.03448275862068599
2009-11-07,nighttime,6,-0.3162277660168411,0.5414697392755805,-0.1599999999999955
2009-11-08,daytime,6,-0.6673083711820309,0.14761380630215162,-1.5454545454545972
2009-11-08,nighttime,6,-0.38207087422295566,0.45478068891917856,-0.736842105263146
2009-11-09,daytime,6,0.5956833971812706,0.21216066824412577,1.000000000000006
2009-11-09,nighttime,6,-0.7140128315425622,0.11098773706610424,-1.0689655172413257
2009-11-10,daytime,6,0.1250000000000017,0.8134765624999976,0.12499999999997603
2009-11-10,nighttime,6,-0.20225995873896888,0.7007471974112072,-0.13636363636364807
2009-11-11,daytime,6,0.03787770095392851,0.9432106205210111,0.05882352941167874
2009-11-11,nighttime,6,-0.44393726130028943,0.37783975058645525,-0.26277372262774823
2009-11-12,daytime,6,0.729292898544976,0.1000044779494419,0.6769230769230712
2009-11-12,nighttime,6,-0.15811388300841894,0.7648055990249769,-0.2000000000000156
2009-11-13,daytime,6,0.3216337604513355,0.5341855883118588,0.5
2009-11-13,nighttime,6,-0.6998542122237658,0.12161154996404937,-1.1428571428570975
2009-11-14,daytime,6,0.9615239476408237,0.002192129806692878,2.333333333333356
2009-11-14,nighttime,6,0.9438798074485388,0.004635839417904425,2.800000000000035
2009-11-15,daytime,6,0.2674562519653049,0.6083815755894878,0.15328467153285008
2009-11-15,nighttime,6,-0.5222329678670935,0.2878641347266908,-0.27272727272726066
2009-11-16,daytime,6,0.6204366813009301,0.188760945870576,0.8048780487804986
2009-11-16,nighttime,6,-0.7301066361540401,0.09943379783081795,-0.9411764705882513
2009-11-17,daytime,6,0.433554984762062,0.39041517180071017,0.5263157894736832
2009-11-17,nighttime,6,-0.3162277660168379,0.541469739275585,-0.40000000000006103
2009-11-18,daytime,6,0.5582905262390846,0.24957052641889318,0.7272727272727352
2009-11-18,nighttime,6,-0.905807818953916,0.01289040607656244,-0.38666666666667204
2009-11-20,daytime,6,0.7137464271463293,0.11118369449702356,0.6792452830188672
2009-11-20,nighttime,6,-0.6708203932499344,0.14470399860633243,-0.5000000000000019
2009-11-21,daytime,6,0.6524726973924448,0.1601764948197024,0.3636363636363528
2009-11-21,nighttime,6,-0.4479140087646824,0.37306079964441785,-0.3636363636363768
2009-11-22,daytime,6,0.38829013735766016,0.44683589662585654,0.21538461538460807
2009-11-22,nighttime,6,-0.7999999999999999,0.05600000000000001,-1.6000000000000782
2009-11-23,daytime,6,0.6285393610547105,0.18134688158923554,0.5925925925925961
2009-11-23,nighttime,6,-0.9429903335828896,0.004782509480211975,-0.2615384615384473
2009-11-24,daytime,6,-0.6452050780644734,0.16648846250042076,-0.4162895927601922
2009-11-24,nighttime,6,-0.9045340337332916,0.013235599563682492,-0.4090909090909118
2009-11-25,daytime,6,-0.2901905000440049,0.5769327973042666,-0.21052631578947761
2009-11-25,nighttime,6,-0.40147753427348337,0.4301396182927365,-0.09210526315788675
2009-11-26,daytime,6,-0.42966892442366394,0.39515836023438167,-1.0000000000000386
2009-11-26,nighttime,6,-0.8944271909999165,0.016130089900092338,-0.333333333333349
2009-11-27,daytime,6,-0.9104356419656189,0.011673428815557906,-1.1463414634146698
2009-11-27,nighttime,6,-0.3885143449429066,0.44655031993982186,-0.15094339622640324
2009-11-28,daytime,6,-0.3061862178478964,0.5550731521897754,-0.3750000000000002
2009-11-28,nighttime,6,-0.9797958971132713,6.081849444633301e-4,-0.6000000000000146
2009-11-29,daytime,6,-0.05521576303742774,0.9172605258143423,-0.04878048780487942
2009-11-29,nighttime,6,NA,NA,NA
2009-11-30,daytime,6,-0.7216878364870324,0.10540778602128281,-0.6250000000000117
2009-11-30,nighttime,6,-0.4472135954999583,0.37390096630005837,-0.29999999999996074
2009-12-01,daytime,6,-0.40207700790596584,0.42938556289565444,-0.2467532467532554
2009-12-01,nighttime,6,-0.4152273992686995,0.41295436655114903,-0.17241379310346916
2009-12-02,daytime,6,0.34718253741470734,0.5001501414453433,0.3214285714285768
2009-12-02,nighttime,6,-0.10660035817780586,0.8407051465865742,-0.045454545454572316
2009-12-05,daytime,6,-0.8410214463203264,0.035902244462065684,-1.4146341463414944
2009-12-05,nighttime,6,-0.8295613557843377,0.04109843282993054,-0.5161290322580334
2009-12-06,daytime,6,0.8748177652797042,0.022525047978287964,0.5357142857142906
2009-12-06,nighttime,6,-0.5477225575051661,0.2605745473680253,-0.24999999999999817
2009-12-07,daytime,6,0.09607689228305423,0.8563280933859558,0.09230769230768383
2009-12-07,nighttime,6,-1,0,-0.6666666666666957
2009-12-08,daytime,6,0.7196763181246406,0.10685794092135638,1.1176470588235323
2009-12-08,nighttime,6,-0.7730206825239258,0.07143247282186962,-1.7500000000000435
2009-12-09,daytime,6,0.8115026712006891,0.04994809225285181,0.4390243902439001
2009-12-09,nighttime,6,-0.7745966692414878,0.07048399691021723,-1.2000000000001305
2009-12-10,daytime,6,0.5773502691896252,0.23019964108049926,0.2500000000000008
2009-12-10,nighttime,6,-0.8000000000000034,0.055999999999998155,-0.5333333333333768
2009-12-11,daytime,6,-0.7700535410868218,0.07323380844638741,-0.6842105263158297
2009-12-11,nighttime,6,-0.9999999999999999,1.848892746611764e-32,-0.49999999999996747
2009-12-12,daytime,6,-0.40759020413313707,0.4224711281518966,-0.46341463414636974
2009-12-12,nighttime,6,NA,NA,NA
2009-12-13,daytime,6,0.5222329678670937,0.2878641347266906,0.2727272727272645
2009-12-13,nighttime,6,-0.9429903335828901,0.004782509480211907,-0.8500000000000217
2009-12-14,daytime,6,0.9079593845004522,0.012317352470240238,0.31707317073170566
2009-12-14,nighttime,6,-0.7745966692414787,0.07048399691022272,-0.40000000000003194
2009-12-15,daytime,6,0.523722936566384,0.28624045502238593,0.22857142857142881
2009-12-15,nighttime,6,-0.9135002783911397,0.01089969856959361,-0.7333333333333677
2009-12-16,daytime,6,-0.4479140087646843,0.3730607996444155,-0.36363636363636703
2009-12-16,nighttime,6,-0.38729833462074165,0.44809987316544336,-0.5000000000000133
2009-12-17,daytime,6,-0.15249857033260553,0.7730253836910058,-0.04651162790698065
2009-12-17,nighttime,6,-0.9079593845004529,0.012317352470240071,-0.8666666666667101
2009-12-18,daytime,6,-0.8801724588467044,0.020677679188350902,-0.6086956521739163
2009-12-18,nighttime,6,-0.5855400437691182,0.2220682275638851,-0.5714285714285672
2009-12-19,daytime,6,-4.681173791014174e-16,0.9999999999999993,-3.718242626473483e-15
2009-12-19,nighttime,6,-0.7592566023653007,0.07995964654557919,-0.46666666666668116
2009-12-20,daytime,6,0.7151953752498403,0.11011973663603886,0.1504424778761057
2009-12-20,nighttime,6,0.25,0.6328125,0.2500000000000024
2009-12-22,daytime,6,-0.21821789023599236,0.6778688286992494,-0.0714285714285798
2009-12-22,nighttime,6,-0.9431191251430149,0.004761133730660355,-0.1710526315789384
2009-12-23,daytime,6,0.2378257470772468,0.6499872206476267,0.09615384615384638
2009-12-23,nighttime,6,-0.5996253511966888,0.20835978915043862,-0.17977528089886446
2009-12-24,daytime,6,0.23320381162846893,0.6565355626737199,0.1320754716981152
2009-12-24,nighttime,6,-0.0830454798537395,0.8757181439430244,-0.03448275862067244
2009-12-25,daytime,6,-0.7071067811865475,0.1161165235168155,-0.6666666666666594
2009-12-25,nighttime,6,-0.7474093186836617,0.08764517650339333,-0.6000000000000084
2009-12-26,daytime,6,0.5543200649270316,0.25368306932549783,0.18012422360248492
2009-12-26,nighttime,6,0.23782574707724707,0.6499872206476263,0.04524886877827413
2009-12-27,daytime,6,0.6000000000000009,0.20799999999999905,0.2000000000000004
2009-12-27,nighttime,6,0.5850179393017042,0.22258311274613068,0.18181818181818693
2009-12-28,daytime,6,-0.6678270969037459,0.1471824703302339,-0.7804878048780581
2009-12-28,nighttime,6,-0.8944271909999173,0.016130089900092116,-0.7999999999999887
2009-12-29,daytime,6,-0.852802865422442,0.030905834747225167,-0.36363636363636753
2009-12-29,nighttime,6,-0.6324555320336759,0.17780780835622115,-0.2500000000000103
2009-12-30,daytime,6,-0.4447495899966607,0.37686183819149194,-0.30769230769231387
2009-12-30,nighttime,6,0.8426548012644086,0.03518852955900607,0.15436241610738158
2010-01-01,daytime,6,0.5000000000000007,0.31249999999999933,0.16666666666666263
2010-01-01,nighttime,6,-0.9165151389911678,0.01016364988953862,-0.40000000000001584
2010-01-02,daytime,6,-0.3020610466650885,0.5606885872407381,-0.03649635036496039
2010-01-02,nighttime,6,-0.8783100656536799,0.021311641128756713,-0.30000000000000554
2010-01-03,daytime,6,-0.6350006350009527,0.17552336907134355,-0.32258064516129725
2010-01-03,nighttime,6,0.7905694150420942,0.06119881963751272,0.31250000000001066
2010-01-04,daytime,6,-0.529751455660611,0.27970664145456453,-0.35384615384615337
2010-01-04,nighttime,6,0.43852900965351516,0.38437273644795006,0.15384615384616063
2010-01-05,daytime,6,0.6957010852370434,0.12480803477179928,0.3519999999999982
2010-01-05,nighttime,6,0.44271887242357316,0.3793081408621503,0.11199999999998761
2010-01-06,daytime,6,0.50469493868284,0.3072347775627055,0.3396226415094378
2010-01-06,nighttime,6,NA,NA,4.351167857633662e-14
2010-01-07,daytime,6,NA,NA,3.34705219817981e-15
2010-01-07,nighttime,6,-0.8944271909999173,0.016130089900092116,-1.2000000000000697
2010-01-09,daytime,6,-0.7770286898858115,0.06903166400473533,-0.30188679245283745
2010-01-09,nighttime,6,-0.44721359549995793,0.373900966300059,-0.3999999999999769
2010-01-10,daytime,6,-0.4200840252084045,0.4069401997057821,-0.3529411764705964
2010-01-10,nighttime,6,-0.5423261445466404,0.26626462796630956,-0.25000000000001027
2010-01-11,daytime,6,0.1381974982056959,0.7940234385031988,0.06493506493506905
2010-01-11,nighttime,6,0.6324555320336759,0.17780780835622115,0.4999999999999988
2010-01-12,daytime,6,-0.30618621784789707,0.5550731521897745,-0.09375000000000522
2010-01-12,nighttime,6,0,1,-1.756330775867738e-14
2010-01-13,daytime,6,-0.24253562503633402,0.6433299631818619,-0.16666666666667948
2010-01-13,nighttime,6,0.8401680504168046,0.03627782452189966,0.7058823529411732
2010-01-14,daytime,6,-0.6123724356957944,0.1962611781492697,-0.2500000000000002
2010-01-14,nighttime,6,-0.9428090415820619,0.004812678330044462,-0.6666666666666817
2010-01-15,daytime,6,0.37796447300922764,0.4600507528439605,0.07142857142856701
2010-01-15,nighttime,6,-0.5423261445466404,0.26626462796630956,-0.9999999999999926
2010-01-16,daytime,6,0.33995005182504584,0.50971826252119,0.26415094339623035
2010-01-16,nighttime,6,NA,NA,5.438959822042196e-15
2010-01-17,daytime,6,3.625969756697166e-15,0.9999999999999946,-9.434535680069377e-15
2010-01-17,nighttime,6,-0.6324555320336759,0.17780780835622115,-0.39999999999999103
2010-01-18,daytime,6,0.3238751378156487,0.5311737515535714,0.23076923076923342
2010-01-18,nighttime,6,-0.5252257314388902,0.2846063313159944,-0.2758620689654941
2010-01-23,daytime,6,-0.3692744729379996,0.47126609556604643,-0.18181818181819362
2010-01-23,nighttime,6,-0.9165151389911678,0.01016364988953862,-0.19999999999998022
2010-01-24,daytime,6,-0.7140128315425621,0.11098773706610433,-0.476923076923107
2010-01-24,nighttime,6,0.38729833462074137,0.4480998731654434,0.1250000000000206
2010-01-26,daytime,6,-0.44271887242357305,0.3793081408621504,-0.11200000000000358
2010-01-26,nighttime,6,-0.7905694150420951,0.06119881963751221,-0.3125000000000126
2010-01-27,daytime,6,-0.5118906968889972,0.299229848109182,-0.31818181818182617
2010-01-27,nighttime,6,-0.7298004491997617,0.0996483588676853,-0.1521739130434651
2010-01-28,daytime,6,-0.06041220933301803,0.9094919272583799,-0.014598540145980672
2010-01-28,nighttime,6,0.6622661785325217,0.15183454328291066,0.2631578947368191
2010-01-29,daytime,6,-0.2335496832484576,0.6560450119431807,-0.14999999999999966
2010-01-29,nighttime,6,0.31622776601683716,0.5414697392755861,0.12500000000002473
2010-01-30,daytime,6,-0.20701966780270648,0.6939066340345696,-0.0571428571428596
2010-01-30,nighttime,6,-0.4629100498862755,0.35523243051554493,-0.28571428571432517
2010-01-31,daytime,6,-0.39107694443752083,0.44329046733011757,-0.20000000000000318
2010-01-31,nighttime,6,-0.8571428571428571,0.029154518950437337,-0.21428571428570795
2010-02-01,daytime,6,-0.5237849266165003,0.28617297744390996,-0.33766233766234444
2010-02-01,nighttime,6,-0.6139406135149209,0.19479327227466145,-0.2153846153846321
2010-02-02,daytime,6,-0.35540932665545527,0.489332914858214,-0.05263157894737832
2010-02-02,nighttime,6,0.29411764705882354,0.5715448809281498,0.29411764705880766
2010-02-03,daytime,6,-0.3849001794597448,0.4511608552148076,-0.1481481481481542
2010-02-03,nighttime,6,-0.5410017808004595,0.26766832111157285,-0.29268292682929337
2010-02-05,daytime,6,-0.17677669529663723,0.7375970929190542,-0.041666666666667795
2010-02-05,nighttime,6,-0.46852128566581824,0.3486411394402038,-0.21951219512196188
2010-02-06,daytime,6,0.06249999999999576,0.9063720703125063,0.031249999999996777
2010-02-06,nighttime,6,NA,NA,-3.5833147062865586e-14
2010-02-07,daytime,6,-0.529640897702852,0.27982594818846024,-0.2571428571428613
2010-02-07,nighttime,6,-0.5095651600732873,0.30180825170215875,-0.04721030042918108
2010-02-08,daytime,6,-0.14285714285714418,0.7871720116618056,-0.07142857142858343
2010-02-08,nighttime,6,0.6324555320336759,0.17780780835622115,0.49999999999997774
2010-02-09,daytime,6,0.41026434366535963,0.41913068174112444,0.16831683168316172
2010-02-09,nighttime,6,NA,NA,-6.215954082333776e-15
2010-02-10,daytime,6,0.21320071635561041,0.6850443962928483,0.09090909090908336
2010-02-10,nighttime,6,-0.1865009616480625,0.7234920525130899,-0.043478260869583715
2010-02-11,daytime,6,-0.9585144756340404,0.0025458737933264437,-0.4375000000000153
2010-02-11,nighttime,6,-0.8167651211688062,0.047286473794543794,-0.17105263157894185
2010-02-12,daytime,6,-0.6230853024407205,0.18632389916564623,-0.20000000000000223
2010-02-12,nighttime,6,-0.4999999999999996,0.31250000000000044,-0.25000000000002504
2010-02-13,daytime,6,-0.813321192607322,0.04902068294962901,-0.20446096654275497
2010-02-13,nighttime,6,NA,NA,2.7592771780115766e-14
2010-02-14,daytime,6,-0.7418201672013586,0.09138051499186431,-0.24213075060533315
2010-02-14,nighttime,6,0.29880715233359834,0.5651288765144953,0.07142857142858434
2010-02-16,daytime,6,-0.2773500981126146,0.5946421642969479,-0.0769230769230788
2010-02-16,nighttime,6,NA,NA,1.9778035716516645e-14
2010-02-17,daytime,6,-0.5085476277156076,0.30293902752774493,-0.25000000000000483
2010-02-17,nighttime,6,NA,NA,-8.209750674780418e-15
2010-02-18,daytime,6,-0.3223291856101488,0.533250594863226,-0.36363636363636015
2010-02-18,nighttime,6,0.14535047493345274,0.7835096799406672,0.028169014084518093
2010-02-19,daytime,6,-0.4549906402175985,0.36460932066996526,-0.09511568123393895
2010-02-19,nighttime,6,-0.1754116038614053,0.7395812342672984,-0.06153846153845171
2010-02-22,daytime,6,-0.21821789023599053,0.677868828699252,-0.16666666666668192
2010-02-22,nighttime,6,-0.5669467095138409,0.24069637118682002,-0.37499999999999195
2010-02-23,daytime,6,-0.4400000000000005,0.3825919999999994,-0.08800000000000303
2010-02-23,nighttime,6,-0.27386127875258365,0.5994778798243464,-0.09999999999998148
2010-02-24,daytime,6,-0.6669631606402607,0.1479011577585282,-0.2669039145907505
2010-02-24,nighttime,6,-0.9192253336698175,0.009523311038966252,-0.23659305993690097
2010-02-25,daytime,6,-0.7387487426998519,0.09346284009013084,-0.2792207792207877
2010-02-25,nighttime,6,-0.8783100656536786,0.02131164112875714,-0.3599999999999869
2010-02-26,daytime,6,0.23702273156998815,0.6511238445430512,0.056179775280892165
2010-02-26,nighttime,6,0.0788110406239101,0.8820281938486811,0.018633540372657697
2010-02-27,daytime,6,-0.9219544457292885,0.008898970841014655,-0.42500000000001326
2010-02-27,nighttime,6,5.562103055348843e-16,0.9999999999999991,1.8870729893599774e-15
2010-02-28,daytime,6,-0.6351073488299561,0.17542785383001502,-0.3809523809523838
2010-02-28,nighttime,6,-0.27386127875258304,0.5994778798243474,-0.06249999999999086
2010-03-01,daytime,6,-0.26093122922137674,0.6174859214180244,-0.04255319148936268
2010-03-01,nighttime,6,NA,NA,-5.438959822042042e-15
2010-03-02,daytime,6,-0.7833494518006402,0.06532167682878152,-0.27272727272727615
2010-03-02,nighttime,6,NA,NA,1.403602534720534e-14
2010-03-05,daytime,6,-0.8352291036011569,0.038487452983548456,-0.2842105263157983
2010-03-05,nighttime,6,-0.6202872214750219,0.18889885642325532,-0.15953307392995988
2010-03-06,daytime,6,0.8285714285714284,0.04156268221574352,0.11836734693877347
2010-03-06,nighttime,6,-0.6324555320336716,0.17780780835622506,-0.7999999999999985
2010-03-07,daytime,6,-0.2500000000000003,0.6328124999999996,-0.0312500000000016
2010-03-07,nighttime,6,-0.34641016151377535,0.5011693674201637,-0.20000000000000565
2010-03-08,daytime,6,NA,NA,4.6858730774516535e-15
2010-03-08,nighttime,6,-0.15075567228888098,0.7755796242063249,-0.1666666666666684
2010-03-09,daytime,6,0.7765802747153226,0.06929840922579136,0.8615384615384636
2010-03-09,nighttime,6,-0.2098125954499471,0.6898992210737491,-0.1683168316831474
2010-03-10,daytime,6,0.24253562503632867,0.6433299631818694,0.3529411764705639
2010-03-10,nighttime,6,-0.30499714066521105,0.5566902025214957,-0.999999999999946
2010-03-11,daytime,6,-0.6398034400707349,0.1712461105599335,-0.19263456090652345
2010-03-11,nighttime,6,0.7196763181246429,0.10685794092135478,1.1176470588235625
2010-03-12,daytime,6,-0.9132233209773135,0.01096856550526443,-0.4864864864865019
2010-03-12,nighttime,6,0.4605529955913822,0.3580142385030312,0.13372093023256645
2010-03-13,daytime,6,-0.391292790435615,0.4430162432794476,-0.0765550239234468
2010-03-13,nighttime,6,-0.803174505144611,0.05429787619691649,-0.6071428571428783
2010-03-14,daytime,6,-0.47159540043127784,0.34504883175466344,-0.20805369127518542
2010-03-14,nighttime,6,-0.6427181209113253,0.1686719348159522,-1.4705882352940467
2010-03-15,daytime,6,0.23354968324845748,0.6560450119431808,0.1818181818181934
2010-03-15,nighttime,6,-0.2991830368027059,0.5646154548346636,-0.18181818181816906
2010-03-16,daytime,6,-0.493463771219825,0.31988515947137736,-0.17045454545454017
2010-03-16,nighttime,6,-0.19999999999999998,0.7040000000000001,-0.19999999999998735
2010-03-17,daytime,6,-0.6932306401041048,0.126726520665066,-0.18483412322275225
2010-03-17,nighttime,6,-0.12666009927622485,0.811025841186809,-0.17647058823528705
2010-03-19,daytime,6,-0.6657190234489461,0.1489387484317451,-0.1875000000000034
2010-03-19,nighttime,6,-0.7840185939869103,0.06493440478465118,-0.31325301204818357
2010-03-20,daytime,6,0.1119785021911712,0.8327343062881095,0.09090909090908678
2010-03-20,nighttime,6,0,1,-3.4965416180806666e-15
2010-03-23,daytime,6,-0.13693063937629119,0.7958877656797159,-0.07500000000000653
2010-03-23,nighttime,6,0.12038585308576995,0.8202935816255899,0.04347826086957126
2010-03-24,daytime,6,-0.8148679708594252,0.04823820693610989,-0.24463519313305945
2010-03-24,nighttime,6,-0.9557790087219501,0.0028900071171007345,-0.4216216216216094
2010-03-25,daytime,6,0.13130643285972254,0.8041723027178276,0.12499999999997834
2010-03-25,nighttime,6,-0.943119125143015,0.004761133730660333,-0.3421052631579093
2010-03-27,daytime,6,-0.8736977528572243,0.022920983456928123,-0.1161616161616144
2010-03-27,nighttime,6,-0.9719273929377944,0.0011710452933919664,-0.3833333333333406
2010-03-28,daytime,6,-0.7960029457578485,0.058177549092545564,-0.18103448275862033
2010-03-28,nighttime,6,-0.8891566191542837,0.017748457590611902,-0.2535885167464021
2010-03-29,daytime,6,-0.8120154043479465,0.049685792913694724,-0.30375426621160956
2010-03-29,nighttime,6,-0.9087389347953034,0.012112835399944104,-0.12903225806450927
2010-03-31,daytime,6,-0.7006490497453703,0.12100391941035325,-0.5454545454545507
2010-03-31,nighttime,6,-0.816496580927726,0.04742065558431962,-0.49999999999997535
2010-04-01,daytime,6,0,1,-2.0169476006739362e-14
2010-04-01,nighttime,6,-0.3067191794659494,0.5543487880233419,-0.2195121951219268
2010-04-04,daytime,6,-0.8515916822142183,0.03140319444620267,-0.3501006036217355
2010-04-04,nighttime,6,-0.6616931598844276,0.15231741139130092,-0.1459459459459433
2010-04-05,daytime,6,-0.7999999999999988,0.05600000000000061,-0.26666666666668165
2010-04-05,nighttime,6,6.112867005358675e-15,0.9999999999999909,1.7379838833784844e-14
2010-04-06,daytime,6,0.5738190417570033,0.23374164545863532,0.37500000000000894
2010-04-06,nighttime,6,-0.9179850920431576,0.009813833301763223,-0.33707865168538115
2010-04-07,daytime,6,-0.8446618840169163,0.034320746461731236,-0.17326732673266748
2010-04-07,nighttime,6,-0.3381553867212212,0.5121007961624451,-0.24675324675324806
2010-04-09,daytime,6,-0.05417289784878766,0.9188201439059803,-0.021276595744677804
2010-04-09,nighttime,6,0.6324555320336767,0.17780780835622045,0.20000000000001383
2010-04-10,daytime,6,0.2611164839335459,0.6172269724155974,0.13636363636363896
2010-04-10,nighttime,6,-0.5562939111665931,0.25163530109046583,-0.47826086956520125
2010-04-11,daytime,6,-0.8164965809277258,0.04742065558431971,-0.25000000000000905
2010-04-11,nighttime,6,0.3999999999999997,0.4320000000000005,0.10000000000002457
2010-04-13,daytime,6,0.5813183589761777,0.2262452187420522,0.4666666666666696
2010-04-13,nighttime,6,0.6822882392210096,0.1353761106423396,0.37499999999997363
2010-04-14,daytime,6,-3.8220530436082714e-16,0.9999999999999994,9.473708923880984e-15
2010-04-14,nighttime,6,-0.629843866925207,0.18016476882098076,-0.5846153846153961
2010-04-17,daytime,6,0.4374999999999992,0.38562011718750094,0.10937500000000396
2010-04-17,nighttime,6,-0.7682733253465367,0.07432433482636833,-0.5365853658536708
2010-04-18,daytime,6,0.05292561240249687,0.9206857069038212,0.03174603174602627
2010-04-18,nighttime,6,0.1587768372074888,0.7638361328930628,0.1428571428571251
2010-04-20,daytime,6,-0.40824829046386296,0.4216482551761942,-0.6666666666666792
2010-04-20,nighttime,6,0.06142951168339605,0.9079716372139313,0.018867924528290978
2010-04-21,daytime,6,9.064924391743017e-16,0.9999999999999987,-9.396022057435738e-15
2010-04-21,nighttime,6,-0.4763305116224674,0.3395417275822931,-0.42857142857138947
2010-04-23,daytime,6,-0.8468097984399412,0.03340338133256023,-0.3137254901960828
2010-04-23,nighttime,6,-0.5172606001118735,0.29330784232207296,-0.6153846153846105
2010-04-24,daytime,6,0.7808688094430295,0.06676654481198861,0.36585365853658947
2010-04-24,nighttime,6,-0.2696799449852959,0.60528662597606675,-0.18181818181817758
2010-04-25,daytime,6,-0.651203056320183,0.16127176449415664,-0.15420560747663087
2010-04-25,nighttime,6,-0.6423577224086271,0.16898934408879596,-0.22627737226276395
2010-04-26,daytime,6,-0.8841708787292283,0.01934757393958426,-0.2876869965477627
2010-04-26,nighttime,6,-0.7617402824058355,0.07838881228740865,-0.1629464285714248
2010-04-27,daytime,6,-0.5539117094069962,0.25410752767353284,-0.20454545454545825
2010-04-27,nighttime,6,-0.8327041650040512,0.03964071536089369,-0.19811320754715028
2010-04-28,daytime,6,-0.6859943405700354,0.13241892222024929,-0.4705882352941434
2010-04-28,nighttime,6,-0.7600065066233905,0.07948387745168312,-0.5576923076923154
2010-04-29,daytime,6,-0.8340576562282994,0.039020526519568305,-0.3478260869565123
2010-04-29,nighttime,6,-0.09697622757528716,0.8549916597071725,-0.09090909090911858
2010-04-30,daytime,6,NA,NA,-3.076583333680351e-15
2010-04-30,nighttime,6,-0.8309636037307712,0.04044499078893085,-0.5842696629213275
2010-05-01,daytime,6,-0.9018881970362326,0.013966680349521188,-0.32821497120921667
2010-05-01,nighttime,6,-0.802357042739911,0.05473387024847415,-0.25751072961372573
2010-05-02,daytime,6,-0.6563918846422339,0.15681549528723673,-0.13317191283293
2010-05-02,nighttime,6,-0.9159291318091387,0.010304763615627861,-0.33557046979864463
2010-05-03,daytime,6,-0.15811388300841836,0.7648055990249777,-0.016666666666665202
2010-05-03,nighttime,6,-0.8403611703022246,0.03619267157751774,-0.3199999999999852
2010-05-04,daytime,6,-0.32471756790128814,0.5300430016880102,-0.13294797687861273
2010-05-04,nighttime,6,-0.9219544457292885,0.008898970841014655,-0.24999999999999245
2010-05-05,daytime,6,-0.5656854249492371,0.24198153056802166,-0.1066666666666649
2010-05-05,nighttime,6,0.28867513459481287,0.5790154287158978,0.12499999999999924
2010-05-06,daytime,6,0.7824884252135748,0.06582155167828513,0.14406779661016889
2010-05-06,nighttime,6,0,1,-7.237144926745552e-15
2010-05-08,daytime,6,0.746202507244639,0.08844580080910712,0.636363636363638
2010-05-08,nighttime,6,-0.17149858514250885,0.7452741603030383,-0.11764705882350515
2010-05-09,daytime,6,-0.8145951002416065,0.04837582071268448,-0.29341317365269864
2010-05-09,nighttime,6,0.4287464628562718,0.3962871497281172,0.07352941176471586
2010-05-10,daytime,6,-0.7555399224447097,0.08233653799110092,-0.20954907161804073
2010-05-10,nighttime,6,-0.22941573387056066,0.6619136553486473,-0.10526315789473852
2010-05-11,daytime,6,0.6999999999999968,0.12150000000000238,0.700000000000008
2010-05-11,nighttime,6,NA,NA,-1.2431908164666848e-14
2010-05-12,daytime,6,0.15811388300841814,0.7648055990249779,0.09999999999998703
2010-05-12,nighttime,6,-0.2773500981126148,0.5946421642969475,-0.07692307692308836
2010-05-13,daytime,6,0.09712858623572676,0.8547652743550689,0.03773584905661217
2010-05-13,nighttime,6,-0.79310344827586,0.05978104883349166,-0.7931034482758912
2010-05-14,daytime,6,-0.8146409961604841,0.04835266180857792,-0.1375838926174461
2010-05-14,nighttime,6,-0.3429971702850182,0.5056805487068856,-0.24999999999997843
2010-05-15,daytime,6,-0.5226554865186261,0.287403345171489,-0.12747875354107743
2010-05-15,nighttime,6,-0.8714893406611902,0.023711308246641395,-0.2531645569620158
2010-05-16,daytime,6,-0.7383503845211847,0.09373444738609445,-0.10483870967741725
2010-05-16,nighttime,6,0.180578779628655,0.7320760497900933,0.06521739130435661
2010-05-17,daytime,6,-0.5261522196019812,0.28360065014645525,-0.1186440677966164
2010-05-17,nighttime,6,-0.6495366119157364,0.16271411923854562,-0.24817518248173648
2010-05-18,daytime,6,-0.8276612592490729,0.041991676762138844,-0.16417910447761117
2010-05-18,nighttime,6,NA,NA,1.4503892858778784e-14
2010-05-19,daytime,6,-0.49209166198684823,0.32144353932150616,-0.14044943820224562
2010-05-19,nighttime,6,-0.8254166036140121,0.04305844814604671,-0.2822580645161093
2010-05-21,daytime,6,-0.788738213320282,0.06223284406007587,-0.22622107969151883
2010-05-21,nighttime,6,-0.27386127875258365,0.5994778798243464,-0.09999999999999144
2010-05-22,daytime,6,-0.7633225336137932,0.07739544576316719,-0.13709677419354865
2010-05-22,nighttime,6,0.29449221333816955,0.5710316963233388,0.06194690265487414
2010-05-23,daytime,6,-0.8918825850158454,0.016902150607534604,-0.29166666666666835
2010-05-23,nighttime,6,-0.6919053632356165,0.1277609312332914,-0.3538461538461185
2010-05-24,daytime,6,0.7245314141326618,0.10337272936511115,0.09544468546638324
2010-05-24,nighttime,6,0.19999999999999998,0.7040000000000001,0.0999999999999911
2010-05-25,daytime,6,NA,NA,3.2886733807696325e-15
2010-05-25,nighttime,6,-0.8174238913695991,0.046958053925899176,-0.3181818181818252
2010-05-26,daytime,6,-0.15467205622244076,0.769842059879526,-0.04784688995215467
2010-05-26,nighttime,6,0.7276068751089999,0.10119150721829473,0.5294117647058872
2010-05-27,daytime,6,-0.6145098677990241,0.19426153697680293,-0.3461538461538498
2010-05-27,nighttime,6,0.055470019622520635,0.916880309057946,0.015384615384632087
2010-05-28,daytime,6,0.3779644730092265,0.460050752843962,0.14285714285714649
2010-05-28,nighttime,6,-0.5033620102305383,0.30872623482582756,-0.2826086956521823
2010-05-29,daytime,6,-0.8620689655172417,0.027225388494813135,-0.28735632183908305
2010-05-29,nighttime,6,-0.24455799402225986,0.6404763461084242,-0.04784688995214218
2010-05-30,daytime,6,-0.8495698909275388,0.03224176872874134,-0.29927007299270186
2010-05-30,nighttime,6,-0.929366664711158,0.007307404822719522,-0.233438485804404
2010-05-31,daytime,6,-0.25264557631995666,0.6290947922111274,-0.06382978723404328
2010-05-31,nighttime,6,NA,NA,5.933410714954988e-15
2010-06-01,daytime,6,-0.4000000000000008,0.4319999999999991,-0.06666666666666624
2010-06-01,nighttime,6,NA,NA,7.428823171569912e-15
2010-06-02,daytime,6,-0.42008402520840166,0.4069401997057856,-0.0882352941176438
2010-06-02,nighttime,6,-0.7592566023652965,0.0799596465455818,-0.4117647058823791
2010-06-04,daytime,6,0.39929182594206747,0.43289260004171454,0.3250000000000055
2010-06-04,nighttime,6,-0.7977240352174638,0.057235231106632506,-0.999999999999997
2010-06-05,daytime,6,-0.967412591259711,0.0015756058890891488,-0.4965034965034998
2010-06-05,nighttime,6,-0.06741998624632461,0.899023247871982,-0.011363636363630341
2010-06-06,daytime,6,-0.8079713921079312,0.05177195323573479,-0.31221719457014185
2010-06-06,nighttime,6,0.31526414437773015,0.5427710684988294,0.2413793103448223
2010-06-07,daytime,6,-0.3744154322244892,0.4646209240154502,-0.09345794392523334
2010-06-07,nighttime,6,-0.38586041963298834,0.4499344144550841,-0.11004784688995052
2010-06-08,daytime,6,-0.8318003918560595,0.04005738561476472,-0.5189189189189314
2010-06-08,nighttime,6,-0.9111079228383562,0.01150149830408013,-0.41176470588234776
2010-06-09,daytime,6,-0.6093333477767922,0.19911879289733542,-0.29702970297030057
2010-06-09,nighttime,6,-0.14852213144650314,0.7788549145741406,-0.0882352941176443
2010-06-10,daytime,6,-0.6859943405700342,0.13241892222025023,-0.4705882352941412
2010-06-10,nighttime,6,-0.6531561093841249,0.15958824796582957,-0.18548387096773983
2010-06-11,daytime,6,-0.7770286898858119,0.06903166400473514,-0.30188679245282984
2010-06-11,nighttime,6,-0.9325680982740896,0.006667283557824922,-0.14027149321266189
2010-06-12,daytime,6,-0.03656362120635781,0.9451790091137295,-0.011363636363638118
2010-06-12,nighttime,6,-0.699138702979765,0.12215967082519552,-0.14376321353064825
2010-10-08,daytime,6,0.8215838362577494,0.04490879035036644,0.5999999999999949
2010-10-08,nighttime,6,-0.39999999999999997,0.43200000000000016,-0.8000000000000881
2010-10-09,daytime,6,0.39999999999999997,0.43200000000000016,0.20000000000000348
2010-10-09,nighttime,6,-0.433012701892218,0.39107588796406817,-0.2499999999999985
2010-10-10,daytime,6,0,1,2.5962963631595578e-15
2010-10-10,nighttime,6,-0.3779644730092301,0.4600507528439576,-0.2857142857142816
2010-10-11,daytime,6,-0.03999999999999918,0.9400320000000012,-0.015999999999992808
2010-10-11,nighttime,6,NA,NA,-2.1755839288164557e-14
2010-10-12,daytime,6,-0.6030226891555271,0.20510645520407753,-0.7272727272727276
2010-10-12,nighttime,6,-0.1889822365046093,0.719901328037811,-0.07142857142856257
2010-10-13,daytime,6,-0.35729480050524814,0.4868638503382074,-0.08510638297872025
2010-10-13,nighttime,6,-0.8770580193070279,0.021742978465237123,-0.19230769230770955
2010-10-14,daytime,6,-0.07905694150420947,0.8816616406858865,-0.04999999999999511
2010-10-14,nighttime,6,-0.5573640511319502,0.2505278003071643,-0.2894736842105274
2010-10-15,daytime,6,-0.10846522890932535,0.837940187394302,-0.19999999999998558
2010-10-15,nighttime,6,-2.5639478033379136e-15,0.9999999999999962,1.1796119636642225e-15
2010-10-16,daytime,6,0.5813183589761788,0.22624521874205109,0.4827586206896505
2010-10-16,nighttime,6,-0.5423261445466404,0.26626462796630956,-0.9999999999999827
2010-10-17,daytime,6,-0.1348399724926484,0.7989658591927787,-0.09090909090907281
2010-10-17,nighttime,6,-0.12666009927622035,0.8110258411868156,-0.0909090909090887
2010-10-18,daytime,6,0,1,8.309521950342057e-16
2010-10-18,nighttime,6,-0.891834469537093,0.016916916408382145,-0.4563591022443894
2010-10-19,daytime,6,-0.267261241912422,0.6086531814853818,-0.2499999999999945
2010-10-19,nighttime,6,0.7905694150420947,0.06119881963751246,0.3124999999999911
2010-10-20,daytime,6,-0.1507556722888827,0.7755796242063224,-0.13636363636363835
2010-10-20,nighttime,6,-0.5636018619766345,0.24411044393721923,-0.2999999999999701
2010-10-22,daytime,6,-0.7673775306735022,0.07487584521031271,-0.6571428571428658
2010-10-22,nighttime,6,-0.8328707558159604,0.039564133970273245,-0.7352941176470293
2010-10-23,daytime,6,0.3399500518250401,0.5097182625211981,0.264150943396223
2010-10-23,nighttime,6,0.35355339059327373,0.4917670010221689,0.24999999999998987
2010-10-24,daytime,6,0.17864740025262443,0.7348796560080733,0.0425531914893617
2010-10-24,nighttime,6,-0.836660026534077,0.037840969485812476,-0.4999999999999783
2010-10-25,daytime,6,-0.36927447293799853,0.4712660955660476,-0.3750000000000026
2010-10-25,nighttime,6,0,1,-3.17272656285791e-14
2010-10-26,daytime,6,-0.42146361521176373,0.4052372009018205,-0.31578947368422566
2010-10-26,nighttime,6,-0.9375000000000001,0.005737304687499982,-0.3515625000000066
2010-10-27,daytime,6,-0.37923637051198217,0.4584163742463716,-0.1797752808988697
2010-10-27,nighttime,6,-0.9182622582426491,0.009748540327176966,-1.0731707317073689
2010-10-28,daytime,6,-0.10846522890932807,0.8379401873942981,-0.11764705882353593
2010-10-28,nighttime,6,-0.9258200997725513,0.008049893100837754,-0.5000000000000218
2010-10-29,daytime,6,0.18257418583505455,0.729181624344669,0.050000000000006345
2010-10-29,nighttime,6,-0.9891595713947983,1.7563538261646018e-4,-0.7857142857143063
2010-10-30,daytime,6,-0.23622779563076293,0.652249483887303,-0.15625000000000702
2010-10-30,nighttime,6,-0.19999999999999998,0.7040000000000001,-0.09999999999999196
2010-10-31,daytime,6,0.2030051766980138,0.6996752684509621,0.24137931034483467
2010-10-31,nighttime,6,0,1,6.68903613893674e-15
2010-11-01,daytime,6,-0.5773502691896224,0.23019964108050212,-0.5000000000000214
2010-11-01,nighttime,6,-0.45485882614734574,0.36476612210456966,-0.499999999999997
2010-11-02,daytime,6,-0.3692744729380004,0.4712660955660452,-0.18750000000001707
2010-11-02,nighttime,6,-0.7905694150420947,0.06119881963751246,-1.249999999999983
2010-11-03,daytime,6,-0.15811388300841728,0.7648055990249792,-0.12500000000002418
2010-11-03,nighttime,6,-0.5331139899831833,0.27608731886494065,-0.47368421052632625
2010-11-04,daytime,6,-0.9701425001453311,0.0013238969092172388,-1.4117647058823883
2010-11-04,nighttime,6,0.31622776601684294,0.5414697392755782,0.19999999999998272
2010-11-06,daytime,6,-0.8705715001320127,0.024043528799374256,-0.6000000000000113
2010-11-06,nighttime,6,-0.10223972648864973,0.8471747642382205,-0.07317073170733465
2010-11-07,daytime,6,-0.38651034126196493,0.4491049251830228,-0.43749999999999645
2010-11-07,nighttime,6,-0.39735970711951313,0.4353309425143761,-0.15789473684211094
2010-11-08,daytime,6,-0.15811388300841894,0.7648055990249769,-0.2000000000000043
2010-11-08,nighttime,6,0.3429971702850171,0.505680548706887,0.23529411764703517
2010-11-09,daytime,6,0.2274294130736689,0.6647376755551948,0.2500000000000193
2010-11-09,nighttime,6,-0.15877683720749272,0.7638361328930572,-0.14285714285715728
2010-11-10,daytime,6,0.19851666679418606,0.7061366582677197,0.1428571428571435
2010-11-10,nighttime,6,-0.6439209162167864,0.16761442537830115,-0.4146341463414925
2010-11-11,daytime,6,0.37210420376762393,0.46760475460939926,0.13846153846154055
2010-11-11,nighttime,6,-2.19855452294462e-15,0.9999999999999967,-9.662409761190863e-15
2010-11-12,daytime,6,-0.49999999999999994,0.31250000000000006,-0.4999999999999965
2010-11-12,nighttime,6,-0.7559289460184544,0.0820862798347339,-0.2857142857142794
2010-11-13,daytime,6,0.10846522890932067,0.8379401873943091,0.04999999999999113
2010-11-13,nighttime,6,-0.3216337604513365,0.5341855883118573,-0.5000000000000154
2010-11-14,daytime,6,NA,NA,-0
2010-11-14,nighttime,6,NA,NA,0
2010-11-15,daytime,6,0.3770096138677311,0.46127894536478103,0.31707317073170904
2010-11-15,nighttime,6,-0.7223151185146154,0.10495735314493315,-0.2608695652173931
2010-11-16,daytime,6,0.42640143271122083,0.3991616175432798,0.18181818181817885
2010-11-16,nighttime,6,-0.5521576303742316,0.2559339249225287,-0.24390243902439276
2010-11-17,daytime,6,0.48507125007266605,0.32946033078190295,0.17647058823529474
2010-11-17,nighttime,6,0.2169304578186565,0.6797085593383366,0.23529411764705038
2010-11-19,daytime,6,-0.591910050312439,0.2158249895247856,-0.636363636363647
2010-11-19,nighttime,6,-0.8574929257125441,0.029015363531383825,-1.1764705882352833
2010-11-20,daytime,6,-0.2797514424720921,0.5913196318668565,-0.2608695652174075
2010-11-20,nighttime,6,-0.5640760748177664,0.2436252633125401,-0.09090909090909988
2010-11-21,daytime,6,-0.27386127875258276,0.5994778798243476,-0.19999999999999946
2010-11-21,nighttime,6,-0.1546720562224376,0.7698420598795307,-0.04784688995215553
2010-11-22,daytime,6,-0.23354968324845685,0.6560450119431818,-0.18181818181819048
2010-11-22,nighttime,6,-0.9383838571303769,0.005577859238482856,-0.24090909090908313
2010-11-23,daytime,6,-0.4338609156373113,0.39004259507460337,-0.47058823529411203
2010-11-23,nighttime,6,-0.8901633040536235,0.017433609235120603,-0.4587525150905477
2010-11-24,daytime,6,0.6201736729460416,0.1890036584551758,0.4615384615384668
2010-11-24,nighttime,6,-0.8593378488473229,0.028287201688029732,-0.3692307692307954
2010-11-25,daytime,6,-0.426401432711218,0.39916161754328316,-0.36363636363636537
2010-11-25,nighttime,6,-0.2747211278973784,0.5982851431689278,-0.05660377358490243
2010-11-26,daytime,6,0.4724555912615342,0.34404603177528076,0.17857142857142846
2010-11-26,nighttime,6,-0.44721359549995793,0.373900966300059,-0.3333333333333145
2010-11-27,daytime,6,-0.42008402520840216,0.40694019970578504,-0.25000000000000827
2010-11-27,nighttime,6,-0.8594194690069626,0.028255190058997907,-0.2872340425532043
2010-11-28,daytime,6,NA,NA,1.2797552522452368e-15
2010-11-28,nighttime,6,-0.8299425004659609,0.040920336273678824,-0.3548387096774257
2010-11-29,daytime,6,0.5996253511966894,0.20835978915043807,0.1797752808988773
2010-11-29,nighttime,6,-0.866025403784438,0.02572142074250675,-0.500000000000015
2010-11-30,daytime,6,0.21239769762143498,0.6861943790781053,0.07894736842105458
2010-11-30,nighttime,6,NA,NA,-2.900778571755759e-14
2010-12-01,daytime,6,-0.5786375623578477,0.228913784090101,-0.3571428571428825
2010-12-01,nighttime,6,0.5423261445466386,0.2662646279663115,0.5882352941176358
2010-12-03,daytime,6,0.4008918628686356,0.4308767303918475,0.21428571428571627
2010-12-03,nighttime,6,-0.8939803125353489,0.01626442132099259,-0.769230769230747
2010-12-04,daytime,6,-0.1313064328597211,0.8041723027178297,-0.06896551724139362
2010-12-04,nighttime,6,-0.6123724356957945,0.19626117814926947,-1.0000000000000218
2010-12-05,daytime,6,-0.20300517669801066,0.6996752684509666,-0.24137931034483953
2010-12-05,nighttime,6,-0.24253562503633422,0.6433299631818615,-0.17647058823527764
2010-12-06,daytime,6,-0.73127242412713,0.09861874993955323,-0.9090909090909296
2010-12-06,nighttime,6,-0.49999999999999784,0.3125000000000025,-0.4999999999999955
2010-12-07,daytime,6,-0.09090909090909244,0.8640120210368122,-0.09090909090911152
2010-12-07,nighttime,6,-0.9341987329938277,0.006352256724747015,-0.18181818181818918
2010-12-08,daytime,6,-0.5477225575051653,0.26057454736802615,-0.20000000000000076
2010-12-08,nighttime,6,-0.6108162135213087,0.19772235914396663,-0.21319796954315903
2010-12-09,daytime,6,0.8660254037844412,0.02572142074250558,0.5000000000000044
2010-12-09,nighttime,6,-0.6858449352888174,0.13253759055804554,-0.42857142857143915
2010-12-10,daytime,6,-0.34188172937891437,0.5071575069992273,-0.11688311688311294
2010-12-10,nighttime,6,-0.5507910552258936,0.2573603749763228,-0.20224719101124375
2010-12-11,daytime,6,-0.3535533905932724,0.49176700102217086,-0.18750000000003939
2010-12-11,nighttime,6,-0.43386091563731316,0.39004259507460126,-0.23529411764703614
2010-12-12,daytime,6,0.2169304578186569,0.6797085593383361,0.05882352941175286
2010-12-12,nighttime,6,-0.9658342616078197,0.0017310057262460137,-0.4664179104477634
2010-12-13,daytime,6,0.49923017660270697,0.3133664955648925,0.41538461538460963
2010-12-13,nighttime,6,0.19738550848793085,0.7077669095113751,0.13636363636364776
2010-12-14,daytime,6,-0.2970442628930012,0.5675384996116599,-0.3529411764705826
2010-12-14,nighttime,6,-0.5345224838248481,0.2745766290948488,-0.5000000000000041
2010-12-15,daytime,6,-0.33333333333333387,0.5185185185185179,-0.16666666666667987
2010-12-15,nighttime,6,-0.9105117944133969,0.011653891416790626,-0.5189873417721728
2010-12-17,daytime,6,-0.698430295769578,0.12270340897235915,-0.24390243902439343
2010-12-17,nighttime,6,-0.9019466885198895,0.013950313415274395,-0.3033419023136262
2010-12-18,daytime,6,-0.6966305460192362,0.12408953404934278,-0.32352941176470906
2010-12-18,nighttime,6,NA,NA,-0
2010-12-19,daytime,6,8.107953521920949e-16,0.9999999999999988,1.304512053934568e-14
2010-12-19,nighttime,6,1,0,1.0000000000000007
2010-12-20,daytime,6,-0.5738190417570003,0.23374164545863824,-0.4390243902439325
2010-12-20,nighttime,6,-0.6376804093660574,0.17313138850582055,-0.8620689655172561
2010-12-21,daytime,6,-0.4200840252083979,0.4069401997057903,-0.3529411764706029
2010-12-21,nighttime,6,-0.7905694150420949,0.06119881963751235,-0.9999999999999997
2010-12-22,daytime,6,0.6826287631218996,0.13510322310485867,0.8048780487804766
2010-12-22,nighttime,6,-0.9284766908852585,0.007490433881274689,-0.5172413793103433
2010-12-23,daytime,6,-0.585490553844353,0.22211701264086775,-0.44827586206896564
2010-12-23,nighttime,6,-0.5521576303742336,0.25593392492252665,-0.48780487804877914
2010-12-24,daytime,6,-0.5855400437691197,0.22206822756388353,-0.14285714285714232
2010-12-24,nighttime,6,-0.731611574053986,0.09838219663401133,-0.6637168141593008
2010-12-25,daytime,6,-1.5639382257922584e-20,1,4.970707227456079e-15
2010-12-25,nighttime,6,-0.7745966692414856,0.07048399691021857,-0.5000000000000215
2010-12-26,daytime,6,-0.34785054261852183,0.4992691439006379,-0.17600000000000404
2010-12-26,nighttime,6,-0.17149858514250885,0.7452741603030383,-0.2500000000000088
2010-12-27,daytime,6,-0.420084025208403,0.4069401997057841,-0.25000000000000805
2010-12-27,nighttime,6,-3.62596975669715e-15,0.9999999999999946,4.416804920287245e-15
2010-12-28,daytime,6,0.43309279302429865,0.3909782810634999,0.7647058823529411
2010-12-28,nighttime,6,0.3872983346207414,0.4480998731654434,0.30000000000000987
2010-12-29,daytime,6,-0.3296171265436079,0.5234803403405046,-0.341463414634143
2010-12-29,nighttime,6,0.20000000000000318,0.7039999999999954,0.19999999999999832
2010-12-30,daytime,6,0.6078306738548318,0.20053798069339873,0.5172413793103412
2010-12-30,nighttime,6,-0.29704426289299873,0.5675384996116632,-0.25000000000000394
2010-12-31,daytime,6,0.38729833462074376,0.4480998731654405,0.29999999999999843
2010-12-31,nighttime,6,0.25,0.6328125,0.25000000000000216
2011-01-01,daytime,6,-0.16151457061745025,0.7598348558644871,-0.04347826086956717
2011-01-01,nighttime,6,-0.15877683720748617,0.7638361328930667,-0.1428571428571479
2011-01-02,daytime,6,-0.5855400437691204,0.22206822756388284,-0.5714285714285854
2011-01-02,nighttime,6,0.4780914437337565,0.33750185654036585,1.6000000000000605
2011-01-04,daytime,6,-0.25928148942086615,0.6197931100509146,-0.14285714285713277
2011-01-04,nighttime,6,0.5281452275692496,0.2814418820357647,0.22580645161290203
2011-01-05,daytime,6,0.23145502494313805,0.6590171507534126,0.2857142857142843
2011-01-05,nighttime,6,-0.4629100498862755,0.35523243051554493,-0.2857142857142866
2011-01-06,daytime,6,0.6030226891555268,0.2051064552040779,0.27272727272726854
2011-01-06,nighttime,6,-0.4588314677411207,0.3600508476242258,-0.21052631578948008
2011-01-08,daytime,6,-0.33421342287389166,0.5173454534174138,-0.2921348314606856
2011-01-08,nighttime,6,0.5940885257860047,0.2137063629302878,0.7058823529411831
2011-01-09,daytime,6,-0.4200840252084023,0.40694019970578493,-0.2500000000000133
2011-01-09,nighttime,6,0.32163376045133846,0.5341855883118547,0.5000000000000022
2011-01-10,daytime,6,-0.7924058156930628,0.060169846503577484,-0.418604651162804
2011-01-10,nighttime,6,0.31622776601683794,0.5414697392755848,0.19999999999999696
2011-01-11,daytime,6,-0.6030226891555308,0.20510645520407408,-0.5454545454545416
2011-01-11,nighttime,6,0.28690952087850186,0.5814444946940148,0.18750000000000638
2011-01-12,daytime,6,0.21320071635561103,0.6850443962928474,0.18181818181818213
2011-01-12,nighttime,6,-0.5393598899705936,0.2694125126761956,-0.18181818181817205
2011-01-13,daytime,6,-0.27050089040023334,0.6041450384386833,-0.14634146341464416
2011-01-13,nighttime,6,-0.5619514869490164,0.24580195172631977,-1.5000000000000322
2011-01-14,daytime,6,-0.6383942119187189,0.1724965592676231,-0.6792452830188744
2011-01-14,nighttime,6,0.8574929257125441,0.029015363531383825,0.5882352941176457
2011-01-15,daytime,6,-0.4743416490252566,0.3418509619774565,-0.19999999999999832
2011-01-15,nighttime,6,-0.8850130404923047,0.019072822446669357,-0.760869565217393
2011-01-16,daytime,6,0.1999999999999992,0.7040000000000011,0.09999999999999536
2011-01-16,nighttime,6,-0.6061281253562022,0.20215091325395476,-0.5652173913043465
2011-01-17,daytime,6,0.12768847961381216,0.8095082192717857,0.08695652173913053
2011-01-17,nighttime,6,-0.2886751345948112,0.5790154287159002,-0.4999999999999871
2011-01-18,daytime,6,-0.18463723646899913,0.726191370918132,-0.18749999999999342
2011-01-18,nighttime,6,NA,NA,0
2011-01-19,daytime,6,-0.4496179869976355,0.37101958153160963,-0.2830188679245214
2011-01-19,nighttime,6,-0.4629100498862749,0.3552324305155456,-0.7499999999999919
2011-01-21,daytime,6,0.17541160386140842,0.7395812342672937,0.4999999999999917
2011-01-21,nighttime,6,0.5940885257860066,0.213706362930286,0.7058823529412055
2011-01-22,daytime,6,-0.03241018617760841,0.9514017428901933,-0.02941176470588745
2011-01-22,nighttime,6,-0.4685212856658176,0.34864113944020486,-0.21951219512194872
2011-01-23,daytime,6,-0.5222329678670944,0.2878641347266899,-0.2727272727272838
2011-01-23,nighttime,6,-0.7108186533109115,0.11334725876481065,-0.4210526315789336
2011-01-24,daytime,6,0.18938850476963714,0.7193137368335218,0.12195121951219588
2011-01-24,nighttime,6,0.7142857142857164,0.11078717201166018,0.7142857142857129
2011-01-25,daytime,6,-0.14071950894605822,0.7903139990457251,-0.039603960396043
2011-01-25,nighttime,6,-0.6439209162167843,0.16761442537830296,-0.4146341463414573
2011-01-26,daytime,6,0.3779644730092277,0.4600507528439605,0.14285714285714476
2011-01-26,nighttime,6,-0.31622776601683794,0.5414697392755848,-0.24999999999999797
2011-01-27,daytime,6,-0.34921514788478913,0.49747088475115697,-0.12195121951219746
2011-01-27,nighttime,6,0.0971285862357266,0.8547652743550692,0.03773584905659381
2011-01-28,daytime,6,0.2696799449852967,0.6052866259760659,0.0909090909090724
2011-01-28,nighttime,6,-0.9295160030897823,0.007276908700114439,-0.28799999999998915
2011-01-29,daytime,6,-4.354586527887051e-16,0.9999999999999993,-1.2700013249323728e-14
2011-01-29,nighttime,6,0.12500000000000072,0.813476562499999,0.06249999999999884
2011-01-30,daytime,6,-0.764705882352941,0.07653165072257286,-0.38235294117648994
2011-01-30,nighttime,6,-0.5,0.31250000000000006,-0.24999999999997605
2011-01-31,daytime,6,NA,NA,-4.351167857633482e-15
2011-01-31,nighttime,6,NA,NA,-1.8061451484517082e-14
2011-02-01,daytime,6,-0.3535533905932738,0.4917670010221689,-0.18749999999997072
2011-02-01,nighttime,6,-0.9438798074485388,0.004635839417904425,-0.6363636363636455
2011-02-02,daytime,6,0.11651034560709396,0.8260252757903123,0.038461538461533704
2011-02-02,nighttime,6,-0.22086305214969307,0.6740923254864285,-0.09756097560973916
2011-02-04,daytime,6,-0.8722168621510322,0.023449540057510664,-0.501779359430616
2011-02-04,nighttime,6,-0.7868894753646337,0.06328481957367904,-0.2631578947368387
2011-02-05,daytime,6,-0.2609312292213773,0.6174859214180235,-0.04255319148936123
2011-02-05,nighttime,6,-0.9258200997725514,0.00804989310083773,-0.4285714285714348
2011-02-06,daytime,6,-0.7073170731707318,0.11595885143860349,-0.7073170731707518
2011-02-06,nighttime,6,-0.4421479059274278,0.37999694285478147,-0.23893805309733546
2011-02-07,daytime,6,-0.39009474880274725,0.44453899898739274,-0.08695652173913118
2011-02-07,nighttime,6,-0.14797908710009716,0.779651578332702,-0.043795620437963735
2011-02-08,daytime,6,-0.44172610429938586,0.3805060732386661,-0.19512195121951667
2011-02-08,nighttime,6,-0.5423261445466404,0.26626462796630956,-0.2941176470588195
2011-02-09,daytime,6,-0.21566554640687477,0.6815171582131034,-0.09302325581395843
2011-02-09,nighttime,6,-0.727606875108999,0.10119150721829531,-0.2647058823529389
2011-02-10,daytime,6,-0.38729833462073565,0.4480998731654508,-0.15000000000000654
2011-02-10,nighttime,6,-0.4330127018922193,0.39107588796406656,-0.24999999999998745
2011-02-11,daytime,6,-0.7787549872351008,0.06800913309961969,-0.443181818181821
2011-02-11,nighttime,6,-0.6123724356957946,0.19626117814926947,-0.2499999999999929
2011-02-12,daytime,6,-0.6527912098338644,0.1599022214353949,-0.3125000000000048
2011-02-12,nighttime,6,-0.25,0.6328125,-0.2500000000000318
2011-02-13,daytime,6,-0.6546536707079772,0.15830242337545783,-0.21428571428571988
2011-02-13,nighttime,6,-3.743392130574661e-21,1,-1.1537776118301442e-14
2011-02-14,daytime,6,-0.8748177652797063,0.022525047978287208,-0.2678571428571467
2011-02-14,nighttime,6,0.6708203932499369,0.1447039986063304,0.22500000000000628
2011-02-15,daytime,6,-0.5516772843673704,0.25643496454832654,-0.13043478260870164
2011-02-15,nighttime,6,-0.3535533905932738,0.4917670010221689,-0.16666666666666716
2011-02-16,daytime,6,-0.6390644422470533,0.1719013697941542,-0.07563025210084003
2011-02-16,nighttime,6,0.21442250696755874,0.6832954925823989,0.04597701149425791
2011-02-18,daytime,6,0,1,2.1577218733018873e-15
2011-02-18,nighttime,6,0.6767529681839608,0.13984514341930238,0.4814814814814862
2011-02-19,daytime,6,-0.6004976598995274,0.2075224694569182,-0.26351351351351227
2011-02-19,nighttime,6,-0.3872983346207359,0.4480998731654505,-0.2999999999999785
2011-02-20,daytime,6,-0.48989794855663615,0.3239408309918422,-0.10000000000000027
2011-02-20,nighttime,6,0.3365625295293376,0.5142181542811066,0.14159292035398144
2011-02-21,daytime,6,-0.80369957966523,0.05401867656628445,-0.4306220095693808
2011-02-21,nighttime,6,-0.34740416688982234,0.49985779421896237,-0.24999999999999314
2011-02-22,daytime,6,-0.8427009716003845,0.03516845280535696,-0.30434782608695943
2011-02-22,nighttime,6,-3.731103217790102e-15,0.9999999999999944,5.5750548630606924e-15
2011-02-23,daytime,6,-0.8304547985374021,0.0406815258274854,-0.689655172413798
2011-02-23,nighttime,6,-0.31622776601683794,0.5414697392755848,-0.06666666666666883
2011-02-24,daytime,6,-0.41576092031014705,0.4122922419330131,-0.15714285714285864
2011-02-24,nighttime,6,-0.9163795899053125,0.010196206928360138,-0.7428571428571348
2011-02-25,daytime,6,-0.5527787875066564,0.2552865746690924,-0.1675675675675667
2011-02-25,nighttime,6,-0.8451542547285161,0.03410942316740979,-0.42857142857143393
2011-02-26,daytime,6,-0.7385489458759961,0.0935990209703683,-0.27272727272727193
2011-02-26,nighttime,6,0.17241379310344698,0.7439419410389949,0.17241379310344748
2011-02-27,daytime,6,-0.7819967492686555,0.06610777825906002,-0.35403726708074906
2011-02-27,nighttime,6,-0.833333333333334,0.03935185185185151,-0.8333333333333225
2011-02-28,daytime,6,-0.516810245012267,0.293802787770203,-0.24124513618677312
2011-02-28,nighttime,6,-0.4417261042993862,0.38050607323866587,-0.1951219512195166
2011-03-01,daytime,6,-0.31622776601683794,0.5414697392755848,-0.19999999999999354
2011-03-01,nighttime,6,-0.6859943405700353,0.1324189222202494,-0.4705882352941103
2011-03-02,daytime,6,-0.5498051602938209,0.258391382357963,-0.3680000000000006
2011-03-02,nighttime,6,NA,NA,-0
2011-03-04,daytime,6,-0.8387682258247251,0.036897862298535644,-0.17197452229299334
2011-03-04,nighttime,6,-0.9474729115034316,0.004066178924590857,-0.24262295081965524
2011-03-05,daytime,6,-0.3559458233164895,0.4886299753882946,-0.16756756756756971
2011-03-05,nighttime,6,-0.8519977207387461,0.03123604111122821,-0.20325203252032298
2011-03-06,daytime,6,-0.23457552866834658,0.6545905458273134,-0.10638297872340481
2011-03-06,nighttime,6,-0.10846522890932808,0.8379401873942981,-0.05882352941175165
2011-03-07,daytime,6,-0.8682431421244587,0.02489616346022292,-1.1666666666666634
2011-03-07,nighttime,6,0.4166547104932137,0.4111838022441672,0.2682926829268271
2011-03-08,daytime,6,-0.7905694150420942,0.06119881963751272,-0.31250000000000533
2011-03-08,nighttime,6,-0.3872983346207413,0.4480998731654437,-0.14999999999999944
2011-03-09,daytime,6,-0.12666009927622518,0.8110258411868084,-0.09090909090909916
2011-03-09,nighttime,6,0.15811388300841883,0.7648055990249769,0.06250000000000128
2011-03-10,daytime,6,-0.8871662490696829,0.01837891409259222,-0.2209302325581434
2011-03-10,nighttime,6,-0.632455532033676,0.1778078083562211,-0.26666666666666716
2011-03-11,daytime,6,-0.4909902530309831,0.32269648130993855,-0.3214285714285817
2011-03-11,nighttime,6,0.5503082015736662,0.25786512248346244,0.1514195583596246
2011-03-12,daytime,6,-0.37041951281146723,0.4697834754505538,-0.1677018633540376
2011-03-12,nighttime,6,-4.964992545564593e-16,0.9999999999999993,9.045401142426066e-15
2011-03-13,daytime,6,-0.5412658773652779,0.2673881777067633,-0.23437500000000216
2011-03-13,nighttime,6,-0.5000000000000001,0.31250000000000006,-0.1666666666666434
2011-03-14,daytime,6,-0.6002450479987808,0.20776480797219715,-0.20588235294118573
2011-03-14,nighttime,6,-0.43301270189221963,0.3910758879640663,-0.24999999999999875
2011-03-15,daytime,6,-0.46709936649691247,0.35030724478156705,-0.18181818181818107
2011-03-15,nighttime,6,-0.2927700218845601,0.5733922538253553,-0.14285714285714607
2011-03-16,daytime,6,-0.8537128456195329,0.030534629760879065,-0.22775800711744032
2011-03-16,nighttime,6,-0.5423261445466411,0.2662646279663089,-0.3333333333333317
