date,period,n,r,p,slope
2021-11-10,daytime,6,-0.08982837383369997,0.8656198579654998,-0.027310924369759005
2021-11-10,nighttime,6,0.4308970740338738,0.393657211851916,0.8695652173912738
2021-11-11,daytime,6,0.5181135199167859,0.29237133631580164,0.22406042078762828
2021-11-11,nighttime,6,-0.6503245685029596,0.1620314452625022,-3.9384615384615764
2021-11-12,daytime,6,0.709575270759942,0.11427162692750521,3.5368421052639185
2021-11-12,nighttime,6,-0.2421173560233967,0.6439205242223387,-0.0987297921478051
2021-11-13,daytime,6,0.7345767852546969,0.09632476027095085,0.5013333333333392
2021-11-13,nighttime,6,0.8810154045572214,0.020393748602568467,0.3401273885350355
2021-11-14,daytime,6,-0.6536656227870592,0.15915027975846907,-0.6376811594203158
2021-11-14,nighttime,6,-0.920369002269933,0.009259169806621403,-0.7339556592765635
2021-11-15,daytime,6,-0.21821911788119136,0.6778670749208868,-0.10073784068664902
2021-11-15,nighttime,6,1,0,0.750000000000007
2021-11-16,daytime,6,-0.25482359571881197,0.6260380997892758,-0.500000000000352
2021-11-16,nighttime,6,-0.9767310633242275,8.058657147744783e-4,-0.24263674614304814
2021-11-17,daytime,6,0.3957608117695632,0.4373521215098365,0.21032717560649763
2021-11-17,nighttime,6,-0.9061915769440535,0.012787272343753939,-0.22875816993463866
2021-11-18,daytime,6,-0.0466111109958954,0.9301339670550783,-0.0328358208954869
2021-11-18,nighttime,6,-0.7406681724583475,0.09215907388334149,-0.6034482758620974
2021-11-19,daytime,6,-0.8569188416616624,0.029243732483760394,-0.6950578338591245
2021-11-19,nighttime,6,-0.8781359458600625,0.021371379283586737,-1.3545258620689518
2021-11-20,daytime,6,0.9172954751001006,0.009977206593683237,0.6243386243386382
2021-11-20,nighttime,6,0.66394000220698135,0.15042779309432996,0.2571428571428942
2021-11-21,daytime,6,0.9791037119190076,6.504200505188244e-4,0.897454031117404
2021-11-21,nighttime,6,NA,NA,1.0509176605301714e-14
2021-11-22,daytime,6,-0.5150401431625118,0.29575119445654363,-0.7291666666667175
2021-11-22,nighttime,6,-0.5674018060080843,0.24023332414949014,-0.04599211563731515
2021-11-23,daytime,6,0.9762812094883313,8.371996642854599e-4,0.9531249999999981
2021-11-23,nighttime,6,-0.15357377920848975,0.7714503427345354,-0.18867924528301727
2021-11-24,daytime,6,0.5571997171580229,0.2506977471653287,1.6956521739131032
2021-11-24,nighttime,6,-0.8457369188823396,0.0338601404491902,-0.2275862068965416
2021-11-25,daytime,6,-0.8576302467556522,0.028960863255560958,-1.0271493212669571
2021-11-25,nighttime,6,-0.9525626715469739,0.0033220760829300302,-1.0454545454545694
2021-11-26,daytime,6,-0.20942736996387137,0.6904516687735437,-0.783333333333442
2021-11-26,nighttime,6,-0.9515156979512156,0.003469104625569727,-1.0158982511923882
2021-11-27,daytime,6,-0.4852643605628179,0.32923884882752796,-0.4025974025974725
2021-11-27,nighttime,6,-0.9621023987294832,0.002127127471600032,-0.974358974359031
2021-11-30,daytime,6,0.08899883189799516,0.8668542227743854,0.26666666666665745
2021-11-30,nighttime,6,NA,NA,NA
2021-12-01,daytime,6,0.7309093336023124,0.09887228122942045,2.7183908045979206
2021-12-01,nighttime,6,0.7406681724583485,0.0921590738833408,0.6034482758620776
2021-12-02,daytime,6,0.9951725276288838,3.490048335125912e-5,1.3518693056864657
2021-12-02,nighttime,6,NA,NA,6.9618685722139586e-15
2021-12-03,daytime,6,0.8504087160628935,0.031892584960203973,1.4182389937106707
2021-12-03,nighttime,6,-0.9329121095167351,0.006600203486997212,-0.23248407643310914
2021-12-04,daytime,6,0.7145896010104998,0.11056400725289019,0.7499999999999799
2021-12-04,nighttime,6,NA,NA,1.8918121120148035e-14
2021-12-05,daytime,6,0.960221350013433,0.0023420397978358523,2.2398753894081174
2021-12-05,nighttime,6,NA,NA,3.72957244940033e-14
2021-12-06,daytime,6,-0.25708974665119044,0.6228615711434173,-0.5636172450053072
2021-12-06,nighttime,6,0.7745966692414773,0.07048399691022358,1.2000000000000233
2021-12-07,daytime,6,-0.5091059068861906,0.3023184204279007,-0.7344632768361775
2021-12-07,nighttime,6,-0.9231861823449952,0.00862392918634014,-1.3636363636364237
2021-12-08,daytime,6,0.8416975766245414,0.03560598363427137,0.708454810495616
2021-12-08,nighttime,6,0.488020303247353,0.32608393407552755,0.6237623762376674
2021-12-09,daytime,6,0.9877707773024591,2.2341636777956523e-4,2.5777777777777637
2021-12-09,nighttime,6,NA,NA,8.559674474033483e-15
2021-12-10,daytime,6,-0.49118814181629705,0.32247123497484936,-0.9946236559139934
2021-12-10,nighttime,6,-0.6107932814554234,0.1977439239161663,-0.086092715231792
2021-12-11,daytime,6,-0.8589304214589631,0.028447252524080535,-1.6303341902313755
2021-12-11,nighttime,6,-0.994231589409327,4.981587044958962e-5,-0.9010989010988887
2021-12-12,daytime,6,0.7507571935295512,0.08544123697309379,6.199999999999752
2021-12-12,nighttime,6,0.5793241220216587,0.2282291662108726,0.19178082191781384
2021-12-13,daytime,6,-0.45513132505970716,0.3644419930378807,-0.3234859675037019
2021-12-13,nighttime,6,-0.37210420376762626,0.46760475460939677,-0.307692307692304
2021-12-14,daytime,6,NA,NA,NA
2021-12-14,nighttime,6,NA,NA,7.251946429390916e-15
2021-12-15,daytime,6,-0.2719193631066487,0.6021738332328301,-0.5040650406504037
2021-12-15,nighttime,6,0.21821789023599236,0.6778688286992494,0.28571428571433555
2021-12-16,daytime,6,-0.26967994498529096,0.6052866259760737,-0.2666666666667334
2021-12-16,nighttime,6,NA,NA,-0
2021-12-17,daytime,6,-0.31755367441497623,0.539680598011904,-0.8571428571429618
2021-12-17,nighttime,6,NA,NA,-0
2021-12-18,daytime,6,-0.9333532353819501,0.006514671343651367,-1.1304086538461529
2021-12-18,nighttime,6,-0.8022574532384175,0.054787096317501116,-1.3749999999999396
2021-12-19,daytime,6,0.7203816153764886,0.10634847836053118,2.566666666666391
2021-12-19,nighttime,6,0.9007208651536155,0.014295255141386232,0.35156249999999506
2021-12-20,daytime,6,-0.7011678569617731,0.120608022305035,-0.8320000000000317
2021-12-20,nighttime,6,0.9850365626224079,3.341814970606112e-4,0.27722772277228364
2021-12-21,daytime,6,NA,NA,NA
2021-12-21,nighttime,6,NA,NA,NA
2021-12-23,daytime,6,-0.165958949386139,0.7533470275542866,-0.03672316384180399
2021-12-23,nighttime,6,-0.34303290722264695,0.5056332504759475,-0.3155737704918023
2021-12-24,daytime,6,-0.7745966692415016,0.07048399691020897,-0.6000000000002436
2021-12-24,nighttime,6,-0.976636259710995,8.12419823864671e-4,-0.5794223826714763
2021-12-25,daytime,6,0.6956083436402587,0.12487982574290334,0.9999999999998608
2021-12-25,nighttime,6,NA,NA,NA
2021-12-26,daytime,6,-0.98449034290945,3.589587747569332e-4,-0.7269159264614777
2021-12-26,nighttime,6,-0.3402785236893592,0.5092825500479766,-0.026315789473685788
2021-12-27,daytime,6,0.7985836518841366,0.05676723381232171,2.599999999999692
2021-12-27,nighttime,6,NA,NA,1.469225510369801e-14
2021-12-28,daytime,6,-0.5546657150104075,0.25332400579375514,-0.4804655029094409
2021-12-28,nighttime,6,-0.97117964374607,0.001233950121562966,-0.6959459459459479
2021-12-29,daytime,6,-0.22018385688752565,0.6750615738369606,-0.2380952380952828
2021-12-29,nighttime,6,-0.6527912098338656,0.15990222143539382,-1.3636363636364992
2021-12-30,daytime,6,-0.86376087373366806,0.02657727529775067,-0.7383912712509564
2021-12-30,nighttime,6,-0.39528470752104744,0.4379545564935108,-0.4166666666666767
2021-12-31,daytime,6,0.5888953305434672,0.21877078031478756,0.41793570219965986
2021-12-31,nighttime,6,0.9479002328753499,0.004000869169338688,0.653465346534641
2022-01-01,daytime,6,-0.3409424381742348,0.5084022149133454,-0.18678160919541467
2022-01-01,nighttime,6,-0.7467286566323443,0.08809634097893464,-0.05069124423962216
2022-01-02,daytime,6,-0.4934299489731542,0.3199235397830728,-0.6303921568627767
2022-01-02,nighttime,6,-0.7980238751210147,0.05707178965964433,-0.8800000000000023
2022-01-03,daytime,6,-0.9777967854953111,7.340012008129979e-4,-0.654580152671748
2022-01-03,nighttime,6,-0.9675758117009774,0.0015599477519708754,-0.6890365448505007
2022-01-04,daytime,6,-0.7141676407723229,0.11087393483539389,-0.20779220779220764
2022-01-04,nighttime,6,0.022282825891078887,0.9665812931459763,0.013157894736864552
2022-01-05,daytime,6,-0.08362420100070286,0.8748560908101369,-0.05128205128207138
2022-01-05,nighttime,6,-0.9107806691449831,0.011585036590341794,-0.9107806691450134
2022-01-06,daytime,6,0.47565149415449476,0.3403294888762326,0.361990950226224
2022-01-06,nighttime,6,-0.983715957879111,3.9559602174142356e-4,-1.0338983050847395
2022-01-07,daytime,6,NA,NA,8.702335715269079e-15
2022-01-07,nighttime,6,-0.11396057645963163,0.8297991390537969,-0.08333333333332513
2022-01-08,daytime,6,0.3071475584169754,0.5537667547526961,0.06289308176099415
2022-01-08,nighttime,6,0.7568892626614537,0.08146997954982735,0.220338983050863
2022-01-09,daytime,6,0.9771071235928791,7.801267925696499e-4,0.8910891089108874
2022-01-09,nighttime,6,0.5606119105813898,0.247178291504991,0.44000000000002565
2022-01-10,daytime,6,0.15579423821244,0.7681993494557628,0.02427184466018119
2022-01-10,nighttime,6,NA,NA,4.201127586680795e-14
2022-01-11,daytime,6,0.22475645467377364,0.6685421562774914,0.08659793814432423
2022-01-11,nighttime,6,-0.7348469228349536,0.09613828491300717,-0.14999999999999883
2022-01-12,daytime,6,0.8783100656536792,0.021311641128756963,1.7142857142857708
2022-01-12,nighttime,6,-0.13912166872804343,0.7926638356375609,-0.19999999999997237
2022-01-13,daytime,6,1,0,0.3333333333333526
2022-01-13,nighttime,6,NA,NA,NA
2022-01-14,daytime,6,0.9999999999999999,1.848892746611764e-32,0.9999999999999416
2022-01-14,nighttime,6,0.8058229640253829,0.05289638643770099,1.0389610389610426
2022-01-15,daytime,6,0.9742593358696063,9.853450371545734e-4,0.8913043478261059
2022-01-15,nighttime,6,NA,NA,NA
2022-01-16,daytime,6,NA,NA,NA
2022-01-16,nighttime,6,NA,NA,NA
2022-01-17,daytime,6,0.9897433186107871,1.5725977073555335e-4,1.1428571428571372
2022-01-17,nighttime,6,NA,NA,1.0877919644084173e-14
2022-01-18,daytime,6,0.7332173316980405,0.09726562778689175,0.5578947368421147
2022-01-18,nighttime,6,NA,NA,NA
2022-01-19,daytime,6,0.7784989441615211,0.06816035471575389,0.7500000000000034
2022-01-19,nighttime,6,0.6201736729460436,0.18900365845517397,0.256410256410282
2022-01-20,daytime,6,0.7706471495896093,0.07287180195561196,1.0867052023121513
2022-01-20,nighttime,6,-1,0,-1.000000000000012
2022-01-21,daytime,6,NA,NA,NA
2022-01-21,nighttime,6,NA,NA,9.091992538339093e-15
2022-01-22,daytime,6,0.9451980968063711,0.00442258102111817,2.214285714285775
2022-01-22,nighttime,6,0.47500966190721433,0.3410747146574155,0.05206942590120485
2022-01-23,daytime,6,0.8528997889127677,0.030866196245964473,1.3135313531352886
2022-01-23,nighttime,6,0.4925182813112051,0.32095870621202666,0.43750000000001604
2022-01-24,daytime,6,NA,NA,NA
2022-01-24,nighttime,6,0.29277002188456097,0.5733922538253541,0.4000000000000988
2022-01-25,daytime,6,0.5521576303742304,0.25593392492253003,0.6249999999999616
2022-01-25,nighttime,6,NA,NA,NA
2022-01-26,daytime,6,0.6820617404564617,0.13555775266708928,1.1647183846971398
2022-01-26,nighttime,6,0.7985836518841404,0.05676723381231967,0.6500000000000696
2022-01-27,daytime,6,0.2707617152748824,0.6037824558590771,0.30735930735932326
2022-01-27,nighttime,6,NA,NA,2.1755839288168076e-14
2022-01-28,daytime,6,-0.35107177619193275,0.4950273782726535,-0.17044948820651126
2022-01-28,nighttime,6,-0.36596252735569934,0.47556262820902023,-0.04687499999999884
2022-01-29,daytime,6,-0.44420610649279524,0.3775160070711347,-0.21529324424648083
2022-01-29,nighttime,6,NA,NA,8.742072408031133e-15
2022-01-30,daytime,6,-0.9441529651715415,0.004591246533192225,-1.2364112639162128
2022-01-30,nighttime,6,NA,NA,NA
2022-01-31,daytime,6,-0.2966536352883023,0.5680728082654616,-0.18656716417911756
2022-01-31,nighttime,6,-0.9529991308561226,0.003261708170458327,-0.25053995680344426
2022-02-01,daytime,6,-0.0793483404052921,0.881227284280813,-0.12160228898429898
2022-02-01,nighttime,6,0.8962934242275938,0.015574895883703543,0.1285347043701869
2022-02-02,daytime,6,-0.47044577354198136,0.34639068688786,-0.6356589147287006
2022-02-02,nighttime,6,-0.6119755214687024,0.19663342991646365,-0.11015118790495937
2022-02-03,daytime,6,-0.30987917742647947,0.5500593240735396,-0.32008368200838555
2022-02-03,nighttime,6,-0.8396799166562245,0.0364934778794316,-0.6595744680851174
2022-02-04,daytime,6,-0.8966120633089253,0.015481037968673462,-1.889610389610445
2022-02-04,nighttime,6,0.8451542547285174,0.03410942316740925,0.3333333333333467
2022-02-05,daytime,6,-0.6979345955249535,0.12308450920843834,-1.6285140562248908
2022-02-05,nighttime,6,0.05096471914376707,0.9236191092312893,0.012987012987023632
2022-02-06,daytime,6,-0.2897275868369341,0.5775687870948555,-0.5707434052758752
2022-02-06,nighttime,6,0.7426139036107964,0.09084579800566746,0.04754098360655691
2022-02-07,daytime,6,-0.8014105874163437,0.05524067190676835,-0.7360061979469532
2022-02-07,nighttime,6,NA,NA,1.0877919644084142e-14
2022-02-08,daytime,6,-0.7881132894720677,0.06258753658992514,-2.4901960784315285
2022-02-08,nighttime,6,0.8696242356521101,0.024388706707422214,0.5610859728506888
2022-02-09,daytime,6,-0.4881495985643566,0.3259361935378672,-0.5644051130776635
2022-02-09,nighttime,6,0.24004801440479961,0.6468441276673684,0.08163265306123627
2022-02-10,daytime,6,-0.8410557147192813,0.03588720128057642,-3.791666666666673
2022-02-10,nighttime,6,NA,NA,-0
2022-02-11,daytime,6,0.2678274447337177,0.6078646704523649,0.5863636363636273
2022-02-11,nighttime,6,NA,NA,NA
2022-02-12,daytime,6,-0.6847561744017899,0.1334037483764097,-0.9914529914529701
2022-02-12,nighttime,6,-0.7551364685589314,0.08259644148963449,-0.10976948408342152
2022-02-13,daytime,6,-0.4941707147679799,0.3190833322695531,-0.39090126481687076
2022-02-13,nighttime,6,-0.9290602066737724,0.007370180782578829,-0.1897711978465619
2022-02-14,daytime,6,-0.6826251157483131,0.13510614476304794,-2.0217391304347903
2022-02-14,nighttime,6,NA,NA,NA
2022-02-15,daytime,6,0.007784914016090912,0.9883228648777778,0.022653721682806702
2022-02-15,nighttime,6,0.16245910832215985,0.7584552260430056,0.026392961876841037
2022-02-16,daytime,6,-0.6872854855429273,0.1313953176743636,-2.416666666666927
2022-02-16,nighttime,6,0.3721042037676263,0.46760475460939666,0.0769230769230874
2022-02-17,daytime,6,-0.884223798714626,0.01933025362002728,-2.2384937238494365
2022-02-17,nighttime,6,-0.9345780168481558,0.006280049601680656,-0.23672566371680648
2022-02-18,daytime,6,-0.10227395013776076,0.8471239655519363,-0.22689075630253708
2022-02-18,nighttime,6,0.7564900711329764,0.08172591365442794,0.5049504950495354
2022-02-19,daytime,6,-0.32685948255891406,0.5271711392610514,-0.8690476190475684
2022-02-19,nighttime,6,NA,NA,-0
2022-02-20,daytime,6,-0.5375685216169205,0.27132047053287744,-0.62790697674419
2022-02-20,nighttime,6,-0.6575959492214285,0.15578898410762515,-0.1621621621621568
2022-02-21,daytime,6,0.9585278781440371,0.0025442406206848105,1.9604519774010953
2022-02-21,nighttime,6,0.7338098849274912,0.0968550259455792,0.32647814910027295
2022-02-22,daytime,6,0.7614547347930412,0.0785686941032054,1.0906148867314571
2022-02-22,nighttime,6,-0.6713915473706454,0.14423312479946002,-0.0357751277683183
2022-02-23,daytime,6,-0.27289657670071793,0.6008167857759288,-0.4519774011300023
2022-02-23,nighttime,6,-0.8130841591035298,0.04914110832017418,-0.16828148903619597
2022-02-24,daytime,6,0.04487148793694846,0.9327379413529107,0.045977011494275036
2022-02-24,nighttime,6,0.6440940481460316,0.16746243605352923,0.5280000000000407
2022-02-25,daytime,6,-0.5042885367468826,0.3076892292567427,-0.5816030363920865
2022-02-25,nighttime,6,0.6069259230015019,0.20139445159979344,0.07797381900967894
2022-02-26,daytime,6,-0.9754209146830618,8.987726534840213e-4,-2.498245614035066
2022-02-26,nighttime,6,0.6452903400773726,0.1664138170499082,0.04429783223375621
2022-02-27,daytime,6,-0.927314657823095,0.007732734342401384,-1.2276854928017684
2022-02-27,nighttime,6,-0.8064053306232571,0.05259048677569937,-1.1683168316831716
2022-02-28,daytime,6,0.1814578965280198,0.7308005844034015,0.08457711442785999
2022-02-28,nighttime,6,-0.6634888026970368,0.15080645089591185,-1.6874999999999922
2022-03-01,daytime,6,0.6873190457152057,0.13136875736893758,0.3951044299587517
2022-03-01,nighttime,6,NA,NA,NA
2022-03-02,daytime,6,0.8051455171094787,0.05325326049371672,0.7346938775510062
2022-03-02,nighttime,6,0.9315667566432567,0.0068644230325224246,1.1467576791808876
2022-03-03,daytime,6,0.932360129173204,0.0067079968388087515,1.1131221719457112
2022-03-03,nighttime,6,0.9652934086624052,0.0017859183548051946,1.0074349442379216
2022-03-04,daytime,6,0.8959373249126981,0.015680111065954593,1.5294117647058982
2022-03-04,nighttime,6,0.5447047794019222,0.2637506827864125,0.6428571428571602
2022-03-05,daytime,6,0.9164754672385327,0.010173173273823027,0.4858934169278999
2022-03-05,nighttime,6,0.8962548338908565,0.01558628153915177,0.3560606060606138
2022-03-06,daytime,6,0.6108610387844524,0.19768020930987137,0.2970103986135181
2022-03-06,nighttime,6,NA,NA,5.965833724326347e-15
2022-03-07,daytime,6,0.6707404261717688,0.14476997788013998,0.37602507182034317
2022-03-07,nighttime,6,0.6781032715750775,0.13874918792033472,0.12316715542523358
2022-03-08,daytime,6,0.5581397143488559,0.24972625384417835,0.3186813186813106
2022-03-08,nighttime,6,0.785584404849572,0.06403229479350953,3.600000000000104
2022-03-09,daytime,6,0.8151415636725444,0.04810041168742977,0.9081133919842744
2022-03-09,nighttime,6,0.7873085300881976,0.06304565971344099,0.2711864406779771
2022-03-10,daytime,6,0.05407741652832977,0.9189629463130911,0.03828002097531276
2022-03-10,nighttime,6,0.7898299253136841,0.06161543088601716,0.08169219547775736
2022-03-11,daytime,6,0.47725338793331584,0.3384721102017756,0.16511646394786472
2022-03-11,nighttime,6,0.8249579113843063,0.04327797776958982,1.166666666666679
2022-03-12,daytime,6,-0.7693828767281177,0.07364378607997023,-0.9371293001186347
2022-03-12,nighttime,6,0.9557471191265351,0.002894145603642781,0.4957627118644045
2022-03-14,daytime,6,0.5861213769407331,0.22149549607345015,0.1392722710163079
2022-03-14,nighttime,6,0.9772991539767323,7.67143419812799e-4,0.9318181818181901
2022-03-15,daytime,6,0.8805571250140297,0.02054787869424614,0.6534108289996959
2022-03-15,nighttime,6,0.604743156814765,0.20346687059540988,0.16000000000001785
2022-03-16,daytime,6,0.9570142709541316,0.0027319454197638825,0.7093287827075876
2022-03-16,nighttime,6,0.9559076820410356,0.0028733381002534262,0.7349397590361474
2022-03-17,daytime,6,0.8617425594585427,0.027351276023517692,1.0175438596490711
2022-03-17,nighttime,6,0.9706518237196856,0.001279334157626445,0.9015544041450796
2022-03-18,daytime,6,0.9338159276566596,0.006425543061732843,0.8103604678921293
2022-03-18,nighttime,6,0.9603416566831698,0.002327989284176279,2.06250000000001
2022-03-19,daytime,6,0.8940368218309839,0.016247405071102634,1.2194911599826888
2022-03-19,nighttime,6,0.9952469551035199,3.383346462764508e-5,1.4658385093167523
2022-03-20,daytime,6,0.463312213439626,0.35475856437797426,0.5452380952380063
2022-03-20,nighttime,6,0.9726182696719904,0.0011143738821268317,0.43104969126727327
2022-03-21,daytime,6,0.84697152915989,0.0333347809346077,1.077707715133535
2022-03-21,nighttime,6,0.9684475334265651,0.001477631062726115,1.2249999999999723
2022-03-22,daytime,6,0.8177106274729002,0.046815438368935196,0.3594883778133172
2022-03-22,nighttime,6,0.9010297139687157,0.014207963484481924,2.9280000000000173
2022-03-23,daytime,6,0.9717596941938673,0.001185011276100393,1.242545703392205
2022-03-23,nighttime,6,0.9961017587961364,2.2764807334090257e-5,0.8795180722891512
2022-03-24,daytime,6,0.2739838696805594,0.5993077910863023,0.15955153083228393
2022-03-24,nighttime,6,0.954172419026946,0.003102127976062978,0.611374407582936
2022-03-25,daytime,6,0.8166334436835122,0.04735224714891148,0.5438141219069987
2022-03-25,nighttime,6,0.9740895846917226,9.98326958416746e-4,0.541050484446712
2022-03-26,daytime,6,0.6645785794289508,0.14989257640241357,0.5661257777030138
2022-03-26,nighttime,6,0.9965742699359517,1.758333816337464e-5,0.8060975609756122
2022-03-27,daytime,6,0.08989310711807354,0.8655235421162855,0.043988741455592575
2022-03-27,nighttime,6,0.9414174407621857,0.005047349151862818,0.962962962962965
2022-03-28,daytime,6,0.7184614456499405,0.10773800636293597,0.8495575221238887
2022-03-28,nighttime,6,0.9945969395146679,4.371072797072394e-5,0.7241597970830758
2022-03-29,daytime,6,-0.9193383613672049,0.0094970455128136,-1.0630136986301442
2022-03-29,nighttime,6,0.9832597366536668,0.00041800900964777125,0.5509433962264154
2022-03-30,daytime,6,0.728973899902731,0.1002285893981142,0.6034452139939924
2022-03-30,nighttime,6,0.9762739114984501,8.377128821948531e-4,0.30849478390462465
2022-03-31,daytime,6,0.30537530370423993,0.5561757903508899,0.21331455500783875
2022-03-31,nighttime,6,0.9720511712171831,0.001160789612938499,0.25710227272727426
2022-04-01,daytime,6,0.10968458576584748,0.8361329129824022,0.14989939637826494
2022-04-01,nighttime,6,0.9352085033497377,0.006160911713102022,0.31373449701423944
2022-04-02,daytime,6,0.4512618601044495,0.36905407565104953,0.40416666666668843
2022-04-02,nighttime,6,0.8230533446356316,0.04419506786264519,0.13272543059777125
2022-04-03,daytime,6,-0.727747223784092,0.10109245906499899,-0.9530711654983913
2022-04-03,nighttime,6,0.9831465661269182,4.236638401802164e-4,0.3503314635390083
2022-04-04,daytime,6,0.9514324548342727,0.0034809289458983066,4.269230769230909
2022-04-04,nighttime,6,-0.708242291067924,0.1152662594347027,-0.23660714285713616
2022-04-05,daytime,6,0.7497659108326579,0.08609118265711,0.47551772690597965
2022-04-05,nighttime,6,0.9241975768538632,0.008401230391783305,0.43988269794722495
2022-04-06,daytime,6,0.8507974248473988,0.03173138291594975,0.5191508998615775
2022-04-06,nighttime,6,0.8847514813292826,0.019157953433023362,0.26845943482224677
2022-04-07,daytime,6,0.11015563041261182,0.8354348830713921,0.03925961549738894
2022-04-07,nighttime,6,0.9787208698035906,6.743844630941629e-4,0.5630372492836665
2022-04-08,daytime,6,-0.05207604474549482,0.9219565457705241,-0.07351225204203975
2022-04-08,nighttime,6,0.990964404607774,1.220941341703864e-4,0.5496881496881515
2022-04-09,daytime,6,0.7956056173750985,0.058396096906752036,0.5957352778698686
2022-04-09,nighttime,6,0.9774210976307458,7.589548089547526e-4,0.24496205181889463
2022-04-10,daytime,6,0.9879663484196074,2.1634186639328976e-4,2.5803571428571654
2022-04-10,nighttime,6,0.9827659674854772,4.429584588972219e-4,0.4301262516325657
2022-04-11,daytime,6,0.9203190248281585,0.009270637147867505,1.3903423142002072
2022-04-11,nighttime,6,0.979360927887342,6.345611203419645e-4,0.5629780724120331
2022-04-12,daytime,6,0.71304488755437,0.111700448485109,0.9813176007866836
2022-04-12,nighttime,6,0.9507305826912789,0.0035814130716481513,0.357052096569251
2022-04-13,daytime,6,0.41013044927179193,0.4192977293427671,0.3782071840923214
2022-04-13,nighttime,6,0.9688008242603457,0.0014448983897709352,0.450884086444013
2022-04-14,daytime,6,0.9683947439832306,0.0014825531898466236,0.7665934065934246
2022-04-14,nighttime,6,0.8569867148959736,0.029216688535870828,1.5999999999999959
2022-04-15,daytime,6,0.7531841353594789,0.08385933336960305,0.25403147464540415
2022-04-15,nighttime,6,0.9748369117298229,9.418051221000075e-4,0.4858420268256385
2022-04-16,daytime,6,0.8025697400776578,0.05462027311966646,0.9061181434598992
2022-04-16,nighttime,6,0.9560176680571114,0.0028591275721396867,0.34203777104220145
2022-04-17,daytime,6,0.9570347313957689,0.0027293642090932954,0.7843816925352389
2022-04-17,nighttime,6,0.9307221278907841,0.007032888420039592,0.48330058939096787
2022-04-18,daytime,6,0.7683481091822879,0.07427837657252392,0.5289536490390465
2022-04-18,nighttime,6,0.9636087082812205,0.0019623922004881815,2.076775431861794
2022-04-19,daytime,6,0.9003170497401065,0.014409776542730538,1.0097615850782855
2022-04-19,nighttime,6,0.914552092531595,0.010640075014784693,0.30414746543779486
2022-04-20,daytime,6,-0.28256053702547634,0.5874390756768105,-0.2490148045584423
2022-04-20,nighttime,6,0.9006723748141776,0.014308983648598138,0.5218978102189791
2022-04-21,daytime,6,0.7466893425866539,0.08812243129342875,0.7130907570054572
2022-04-21,nighttime,6,0.8104854210520028,0.05047038190233631,0.926229508196719
2022-04-22,daytime,6,0.9348237624724586,0.006233480470984565,0.5849426911602893
2022-04-22,nighttime,6,0.9797864068129974,6.087544948484884e-4,0.6728723404255316
2022-04-23,daytime,6,0.9013922072701809,0.014105838902677354,0.6077654516640216
2022-04-23,nighttime,6,0.9271814560997871,0.007760748870510218,0.671935580077543
2022-04-24,daytime,6,0.8632091012490746,0.02678782642307121,0.673236877053169
2022-04-24,nighttime,6,0.9501799617407136,0.0036612267487098425,0.582073434125274
2022-04-25,daytime,6,0.9826696505736032,4.479090095255747e-4,2.560188364563922
2022-04-25,nighttime,6,0.9738563497397349,0.0010163012057700493,0.9540302267002548
2022-04-26,daytime,6,0.9539451310820631,0.003132734064813125,1.5913251094309724
2022-04-26,nighttime,6,0.9372248966910739,0.005787381041636998,0.41784548422198625
2022-04-27,daytime,6,0.9370788081763625,0.005814059668569333,0.5188616810059553
2022-04-27,nighttime,6,0.9425384913461458,0.004857873542927154,0.7681109185441976
2022-04-28,daytime,6,0.8609355353006387,0.027663709362898442,1.1110267122420758
2022-04-28,nighttime,6,0.9745695776435731,9.618365636317965e-4,1.0927643784786678
2022-04-29,daytime,6,0.9262405992337023,0.007960031665607489,1.1783601014370306
2022-04-29,nighttime,6,0.9564716639178675,0.0028008371447887036,1.5401459854014579
2022-04-30,daytime,6,0.9509381172190512,0.0035515548605965924,1.4600162645703463
2022-04-30,nighttime,6,0.8971044866922377,0.015336527551100166,2.185628742514947
2022-05-01,daytime,6,0.8414350723572637,0.03572086840991472,1.944105691056956
2022-05-01,nighttime,6,0.96773600923589,0.0015446548058533542,1.1058823529411692
2022-05-02,daytime,6,0.9313186663886979,0.0069136991418897046,3.666666666666729
2022-05-02,nighttime,6,0.9255410080012431,0.008109806640804181,1.4236252545824775
2022-05-03,daytime,6,0.8719260909162383,0.02355399584333897,3.1173184357542096
2022-05-03,nighttime,6,0.9834557454871575,4.0830435262661276e-4,1.080769230769222
2022-05-04,daytime,6,0.48127207767637253,0.3338286796503845,0.4288791737946061
2022-05-04,nighttime,6,0.9615479379089202,0.0021894147573757144,0.910165484633569
2022-05-05,daytime,6,0.9604337013201687,0.002317267624979653,5.5567375886525125
2022-05-05,nighttime,6,0.9616441591482833,0.002178541799855179,1.5834011391375047
2022-05-06,daytime,6,0.9860964994431869,2.886171673305665e-4,3.7480811403509247
2022-05-06,nighttime,6,0.960033006660849,0.002364119985495244,1.0232558139534818
2022-05-07,daytime,6,0.7692566526526287,0.07372106306519541,1.8742551566079269
2022-05-07,nighttime,6,0.9622793591835908,0.0021074347699247607,1.819956616052052
2022-05-08,daytime,6,0.9146952653900609,0.010604969704767936,1.1418004866180254
2022-05-08,nighttime,6,0.9761986300371469,8.430160180932652e-4,0.7651421508034665
2022-05-09,daytime,6,0.8724129194034741,0.02337923390871098,1.6145328719723306
2022-05-09,nighttime,6,0.975166504268205,9.173963258134449e-4,0.8192534381139439
2022-05-10,daytime,6,0.5099969852930686,0.30132884587944075,0.4146730462520312
2022-05-10,nighttime,6,0.9146722322262746,0.010610613531472676,0.49943030763388385
2022-05-11,daytime,6,0.7665150989108772,0.07540856062743928,1.3348593852191106
2022-05-11,nighttime,6,0.9200525288359614,0.009331901164071427,0.8981723237597988
2022-05-12,daytime,6,0.9463077694754766,0.004246889953823807,2.684888469996925
2022-05-12,nighttime,6,0.9335270091176177,0.006481127051622485,1.2278481012658042
2022-05-13,daytime,6,0.576995787672597,0.23055423139753636,1.423177083333331
2022-05-13,nighttime,6,0.9500624333132783,0.0036783746825887363,0.5008077544426556
2022-05-14,daytime,6,0.3699632358427949,0.4703740974662406,0.43968871595329206
2022-05-14,nighttime,6,0.7459776605836522,0.08859532931901018,3.1875000000000155
2022-05-15,daytime,6,0.7696767051911761,0.07346404067817401,0.8561215370866788
2022-05-15,nighttime,6,0.7756156953304032,0.06987378831418951,2.1190476190476346
2022-05-16,daytime,6,0.9577811762880785,0.0026360175839661945,2.3749999999999556
2022-05-16,nighttime,6,0.8599621408648938,0.028042789627120573,1.5000000000000158
2022-05-17,daytime,6,0.8048187387994837,0.05342580128676436,1.5316698656429875
2022-05-17,nighttime,6,0.9134954741761192,0.010900891371845363,0.5351900639819342
2022-05-18,daytime,6,0.9138557957223349,0.010811605409653653,2.7812185803339395
2022-05-18,nighttime,6,0.9390217736343569,0.005464147122215403,1.561764705882344
2022-05-19,daytime,6,0.8278852644954456,0.041885904366825835,1.0276133706847295
2022-05-19,nighttime,6,0.9434760277752833,0.0047021432548793336,0.5305802404600085
2022-05-20,daytime,6,0.3773661444712728,0.46082023525090327,0.7734806629834179
2022-05-20,nighttime,6,0.8972920816812711,0.015281646101684967,0.6875000000000012
2022-05-21,daytime,6,0.1729323819180191,0.7431872511969405,0.2478814929814412
2022-05-21,nighttime,6,0.8939027719797815,0.016287784505776243,0.6037187681580471
2022-05-22,daytime,6,0.5314323424201141,0.277895136343667,1.1232547993019404
2022-05-22,nighttime,6,0.9243224119225203,0.008373939549253995,0.6250000000000044
2022-05-23,daytime,6,0.31499879282689713,0.5431295685877162,0.5744047619047804
2022-05-23,nighttime,6,0.9778183788421809,7.325795272813504e-4,1.9625000000000103
2022-05-24,daytime,6,0.8586894079751236,0.028542131889724393,4.342205323193978
2022-05-24,nighttime,6,0.9414261314469784,0.0050458666294016675,1.1328124999999942
2022-05-25,daytime,6,0.3051317663405482,0.5565070572793493,0.2789712659256997
2022-05-25,nighttime,6,0.9500735022563004,0.003676757993893519,1.1623376623376818
2022-05-26,daytime,6,0.0332850455381935,0.950090869848099,0.13805650684899048
2022-05-26,nighttime,6,0.9381553340785667,0.005618873468604692,0.732441471571899
2022-05-27,daytime,6,0.9702345735734842,0.0013157851201921092,2.8700202565835844
2022-05-27,nighttime,6,0.8991203389743393,0.014751747686722987,0.868300153139355
2022-05-28,daytime,6,0.5866903061833207,0.22093556032607217,4.937293729373028
2022-05-28,nighttime,6,0.9572928168365736,0.0026969083503415774,0.53225806451614
2022-05-29,daytime,6,0.9006094145780008,0.014326818329706462,1.6453148461710116
2022-05-29,nighttime,6,0.8143450710459549,0.04850207488314713,0.6631578947368548
2022-05-30,daytime,6,0.39731189327185756,0.4353913403161094,0.7389969293756373
2022-05-30,nighttime,6,0.9444450623536772,0.004543795623959114,0.4351585014409234
2022-05-31,daytime,6,0.024433527328358864,0.9633570023818673,0.02651787194074396
2022-05-31,nighttime,6,0.8129332099644083,0.04921786977876441,0.7238805970149327
2022-06-01,daytime,6,0.015155690848205209,0.9772682043206323,0.04166666666664082
2022-06-01,nighttime,6,0.9182750210757535,0.009745538839922838,2.384615384615214
2022-06-02,daytime,6,0.09225803760469947,0.8620055728354805,0.24436319317488425
2022-06-02,nighttime,6,0.6920884357989411,0.1276178215006547,0.3831891223733126
2022-06-03,daytime,6,0.83326687764646,0.039382316228636596,2.1933774834440443
2022-06-03,nighttime,6,0.9698009895802657,0.001354199895257646,1.5634517766496454
2022-06-04,daytime,6,0.5059744316949,0.305805641343982,1.6985981308413978
2022-06-04,nighttime,6,0.9414582645832974,0.0050403869694708526,0.28103579588727884
2022-06-05,daytime,6,0.8370742216141576,0.03765479703833987,1.1976551931459953
2022-06-05,nighttime,6,0.8385332260028489,0.037002436616022094,0.5789473684210377
2022-06-06,daytime,6,0.8629228040857118,0.026897385399565817,1.252399058482704
2022-06-06,nighttime,6,0.7996435202199548,0.05619265155197435,0.1929313929313923
2022-06-07,daytime,6,0.704441380582981,0.11812309981360564,1.0602533378979797
2022-06-07,nighttime,6,0.5525239209043372,0.2555521111885513,0.23797626483448542
2022-06-08,daytime,6,0.25730476473867564,0.6225603793213131,0.3202986992131604
2022-06-08,nighttime,6,0.9161803425262846,0.010244155118795577,1.5641025641024704
2022-06-09,daytime,6,-0.88479996033280806,0.019142161015346274,-0.2186481104619353
2022-06-09,nighttime,6,0.928099420580985,0.0075686880085934025,1.3687499999999875
2022-06-10,daytime,6,0.6403865044336247,0.17072985511270114,3.071251855516831
2022-06-10,nighttime,6,0.986414629910252,2.755897472706962e-4,0.7170712296060412
2022-06-11,daytime,6,0.7843319720126478,0.0647533964850005,0.6778606965174175
2022-06-11,nighttime,6,0.9444736148548122,0.0045391702662065745,0.6954813359528493
2022-06-12,daytime,6,0.2152029402408698,0.6821788617939046,0.22970903522204358
2022-06-12,nighttime,6,0.7729440965344834,0.07147871140908399,1.1262135922330085
2022-06-13,daytime,6,0.9654346728446656,0.0017714940950733762,1.5421245421245438
2022-06-13,nighttime,6,-0.5098023903017338,0.30154484699270095,-0.162436548223335
2022-06-14,daytime,6,0.8232682114078095,0.044091156251563304,1.0959363217427616
2022-06-14,nighttime,6,0.560611910581388,0.24717829150499276,0.285714285714298
2022-06-15,daytime,6,-0.25898488514140955,0.6202081409968965,-0.37500000000000155
2022-06-15,nighttime,6,0.9021342216356472,0.013897900812112328,1.179487179487203
2022-06-16,daytime,6,0.5328409829816161,0.27638050176344836,0.2766194050597675
2022-06-16,nighttime,6,0.6381267096183001,0.1727343515233222,0.31671554252200323
2022-06-17,daytime,6,-0.5616875979995131,0.24607284381191635,-1.3999999999996162
2022-06-17,nighttime,6,0.7987249482761273,0.056690477802707445,1.2023121387283382
2022-06-18,daytime,6,0.8177665663039877,0.04678763926585594,1.7098976109215134
2022-06-18,nighttime,6,0.6821842146102736,0.13545952075782675,0.0750605326876568
2022-06-19,daytime,6,0.8457448541167041,0.033856751441291605,0.6569529652351774
2022-06-19,nighttime,6,0.4934637712198262,0.3198851594713757,0.3896103896103672
2022-06-20,daytime,6,0.2760125329786801,0.596494920665286,0.3642495784149205
2022-06-20,nighttime,6,0.9977441884195624,7.627289271378881e-6,0.8895899053627622
2022-06-21,daytime,6,-0.08329104848374716,0.8753523388825112,-0.052809801995573086
2022-06-21,nighttime,6,0.9877268156345089,2.2502222035266647e-4,1.151260504201666
2022-06-22,daytime,6,0.7407503787131101,0.09210341822225715,1.2720886668749114
2022-06-22,nighttime,6,0.8931557942079706,0.016513676605086007,1.4181818181818002
2022-06-23,daytime,6,0.7563546847225732,0.08181279622847125,0.634690511329091
2022-06-23,nighttime,6,0.8367916034367403,0.03778178160774456,0.26623756582797875
2022-06-24,daytime,6,0.5758604843823035,0.23169134634224223,0.4252599129593998
2022-06-24,nighttime,6,0.911470162310668,0.011409370516886815,0.6662354463130609
2022-06-25,daytime,6,0.6651368808519489,0.1494253081150153,0.38955093736373897
2022-06-25,nighttime,6,0.8773597001254824,0.021638670236653532,0.6440849342770555
2022-06-26,daytime,6,0.7189464518039139,0.10738628139305792,0.44853058298819953
2022-06-26,nighttime,6,0.9235118694084051,0.008551906797547843,0.6927426955702015
2022-06-27,daytime,6,0.7240218642083678,0.10373610724653694,0.4506410760638683
2022-06-27,nighttime,6,0.9606541456889509,0.0022916887924146123,0.7015209125475229
2022-06-28,daytime,6,0.8755262661819858,0.02227628562314569,1.1907514450866858
2022-06-28,nighttime,6,0.917909970074299,0.009831566480645584,0.5916030534351148
2022-06-29,daytime,6,0.9353485502025961,0.00613459955443424,1.0058323360836616
2022-06-29,nighttime,6,0.48238191061886687,0.3325504140571643,0.2115384615384719
2022-06-30,daytime,6,0.5031912614284498,0.3089174852552642,0.33214879084362137
2022-06-30,nighttime,6,0.9592872091558163,0.0024525556441359706,0.7988826815642549
2022-07-01,daytime,6,0.885751677297428,0.018833395505534152,0.6793770347285938
2022-07-01,nighttime,6,0.9635293180817431,0.0019709109383478475,0.9705882352940979
2022-07-02,daytime,6,0.7858363038422267,0.06388770758022853,4.0696812453679625
2022-07-02,nighttime,6,0.992114750601427,9.302059591737666e-5,1.316306483300537
2022-07-03,daytime,6,NA,NA,NA
2022-07-03,nighttime,6,0.9526361451257238,0.0033118756320948332,0.9414062500000207
2022-07-04,daytime,6,0.6222882536160012,0.18705590217904045,0.4853504122497183
2022-07-04,nighttime,6,0.8456265788457936,0.03390728141668987,0.5795454545454504
2022-07-05,daytime,6,0.7534450546400141,0.08369005528779326,0.7380318362033338
2022-07-05,nighttime,6,0.9788923668288892,6.63596202238778e-4,1.034129692832772
2022-07-06,daytime,6,0.9874087741413963,2.3681035295289928e-4,3.4950961161239844
2022-07-06,nighttime,6,NA,NA,NA
2022-07-07,daytime,6,0.9667471783067654,0.0016402405695461312,0.9898467181972875
2022-07-07,nighttime,6,0.9065195959149359,0.012699435649089107,0.7962962962962833
2022-07-08,daytime,6,0.855464452654496,0.029826074977094448,0.7939022211636031
2022-07-08,nighttime,6,0.9840911075746492,3.776260737746982e-4,2.1688311688310935
2022-07-09,daytime,6,0.9121282040918355,0.011242929824383371,0.6505328596802872
2022-07-09,nighttime,6,0.9361066791721299,0.00599311701453751,0.6414538310412625
2022-07-10,daytime,6,0.808651347420019,0.05141841112637004,0.7202764437155919
2022-07-10,nighttime,6,0.9836348135637233,3.995375340315769e-4,1.2260934025203805
2022-07-11,daytime,6,0.9670290560729041,0.0016127036364822626,0.6079925741364972
2022-07-11,nighttime,6,0.9675185028585591,0.0015654367211040035,1.0654205607476583
2022-07-12,daytime,6,0.926884793765904,0.007823319218848636,0.7142105955041411
2022-07-12,nighttime,6,0.925379740756067,0.008144525001614649,0.8748228625413167
2022-07-13,daytime,6,0.9433267726623226,0.0047267689595965135,1.2571976967370475
2022-07-13,nighttime,6,0.9634190060242219,0.0019827779021205434,0.8189189189189185
2022-07-14,daytime,6,0.9704020579276126,0.0013010927988033533,0.8159612887157202
2022-07-14,nighttime,6,0.9697854280603552,0.0013555887873355921,0.9264931087289379
2022-07-15,daytime,6,0.9521603873705792,0.003378199253479372,0.904413755754121
2022-07-15,nighttime,6,0.7893814307917639,0.06186873354374347,0.6072931276297382
2022-07-16,daytime,6,0.9806991027999902,5.551919192676701e-4,2.014195056780231
2022-07-16,nighttime,6,0.9645206564949331,0.001865845311630527,3.099999999999995
2022-07-17,daytime,6,0.9839693640210634,3.8341214807796067e-4,3.850241545893699
2022-07-17,nighttime,6,0.9458398617914348,0.0043205463323948414,1.5683101242002204
2022-07-18,daytime,6,0.8439891856302095,0.03461045850536592,1.1285667521413993
2022-07-18,nighttime,6,0.988096023694256,2.117135534223308e-4,1.5360576923076659
2022-07-19,daytime,6,0.9742467724540804,9.863029533609907e-4,0.605411954765752
2022-07-19,nighttime,6,0.9690041330503398,0.0014262261089393335,1.7138621200889421
2022-07-20,daytime,6,0.9682178035549427,0.0014991102906921874,0.6468770918078365
2022-07-20,nighttime,6,0.9216606534839227,0.00896519344974564,1.1597938144329822
2022-07-21,daytime,6,0.9398889790732684,0.005311401632284234,0.5603206743107527
2022-07-21,nighttime,6,0.9651283868551342,0.001802841651524989,1.0106496272630474
2022-07-22,daytime,6,0.8279080370752734,0.04187515842583934,0.6518865197974812
2022-07-22,nighttime,6,0.9985306252506276,3.2370069954339415e-6,1.0500000000000056
2022-07-23,daytime,6,0.8872146393157949,0.018363461167207575,1.1895518811406738
2022-07-23,nighttime,6,0.9981064762211195,5.374753901119097e-6,1.3899430740038021
2022-07-24,daytime,6,0.9253396097580379,0.008153175808377345,0.40295075684997045
2022-07-24,nighttime,6,0.9806032988465784,5.606991934669084e-4,1.0210472279260727
2022-07-25,daytime,6,0.9718132458164846,0.0011805425760870898,0.33273703041144925
2022-07-25,nighttime,6,0.9635977773036897,0.001963564036102352,0.8722466960352413
2022-07-26,daytime,6,0.9773482938417041,7.638383949648791e-4,0.3588571806487822
2022-07-26,nighttime,6,0.9966759822711193,1.6555277100926955e-5,0.9171396140749111
2022-07-27,daytime,6,0.9267552169434231,0.007850725625708672,0.39745308310991595
2022-07-27,nighttime,6,0.9973008488489538,1.091829318353685e-5,0.8691922802001323
2022-07-28,daytime,6,0.9232601966476016,0.008607535875925443,0.3792086120307196
2022-07-28,nighttime,6,0.9984173438886496,3.7552184313882796e-6,0.762595419847327
2022-07-29,daytime,6,0.9257739558736143,0.008059784036098997,0.31519500579224347
2022-07-29,nighttime,6,0.9947872555096027,4.0688235498793854e-5,0.6139640176337429
2022-07-30,daytime,6,0.8546928529463081,0.030137230793830534,0.21065238219666996
2022-07-30,nighttime,6,0.9969096734704442,1.4310420597314906e-5,0.605780200278872
2022-07-31,daytime,6,0.9050164419726213,0.013104349487993962,0.3001035043619745
2022-07-31,nighttime,6,0.9923075046914464,8.853412638762453e-5,0.44454958364875136
2022-08-01,daytime,6,0.7273288432564322,0.1013878493537162,0.3018653219688623
2022-08-01,nighttime,6,0.9956412854207818,2.845618488883152e-5,0.53050123041057
2022-08-02,daytime,6,0.8934221846344933,0.016432946410073156,0.4413534275493908
2022-08-02,nighttime,6,0.9965072145607797,1.8278019981123852e-5,0.5289900249376539
2022-08-03,daytime,6,0.791147313761364,0.060874147740483386,0.28014320911611124
2022-08-03,nighttime,6,0.977033807433339,7.851122882995888e-4,0.3948976310429854
2022-08-04,daytime,6,0.5459104521323044,0.2624799528904091,0.2627502491167874
2022-08-04,nighttime,6,0.9926243058899172,8.140067334362484e-5,0.6914263891540993
2022-08-05,daytime,6,-0.7477544777636805,0.08741679097258555,-0.2000189083574986
2022-08-05,nighttime,6,0.9844703618395612,3.598818533028728e-4,0.5787201233616036
2022-08-06,daytime,6,0.32868768227292344,0.524723460837894,0.07015506227626328
2022-08-06,nighttime,6,0.989851415740119,1.5396802328147076e-4,0.414285714285715
2022-08-07,daytime,6,0.8129625701570803,0.04920293502409731,0.17961086119992747
2022-08-07,nighttime,6,0.9757950240662813,8.717306738702725e-4,0.3080082135523624
2022-08-08,daytime,6,0.8232336274075633,0.04410787370372668,0.2751885098743243
2022-08-08,nighttime,6,0.9892473548656883,1.7280745900882384e-4,0.29151829070897134
2022-08-09,daytime,6,0.50808016378507,0.3034590462999872,0.4024734848005059
2022-08-09,nighttime,6,0.997842081507836,6.979894033425828e-6,0.47173074364773565
2022-08-11,daytime,6,0.7237448885154547,0.10393386492114218,0.20680751173708498
2022-08-11,nighttime,6,0.9793229084798124,6.368930068941129e-4,0.5328185328185409
2022-08-12,daytime,6,0.5762954743687266,0.23125539884765464,0.2344038469795058
2022-08-12,nighttime,6,0.9664458574115353,0.0016699317501074676,0.2668621700879783
2022-08-13,daytime,6,0.42241525904496646,0.40406387111056685,0.343741440701169
2022-08-13,nighttime,6,0.9901585647805302,1.4480418033714542e-4,0.4012916739396089
2022-08-14,daytime,6,0.3342452409342479,0.5173030578841954,0.07101190958437197
2022-08-14,nighttime,6,0.9290157031907187,0.007379318803678912,0.38446726572528933
2022-08-15,daytime,6,0.43017982456407144,0.3945336583569292,0.12009541827753989
2022-08-15,nighttime,6,0.9648338959109648,0.001833238148141389,0.23746641074856475
2022-08-16,daytime,6,0.3870360416468388,0.448434336665943,0.10963673008861705
2022-08-16,nighttime,6,0.9898958634183543,1.526245803725136e-4,0.18082716152117936
2022-08-17,daytime,6,0.2666458617774705,0.6095104698002277,0.08687782805428991
2022-08-17,nighttime,6,0.9776677441801582,7.425255959398828e-4,0.23918029148479772
2022-08-18,daytime,6,0.6813605050617897,0.13612077797080613,0.28249406802001226
2022-08-18,nighttime,6,0.989342228486949,1.6977684246237732e-4,0.3850418780228869
2022-08-19,daytime,6,0.777771470417892,0.06859084336530297,0.8040707236842094
2022-08-19,nighttime,6,0.9875711130327294,2.3075585684470301e-4,0.7938461538461572
2022-08-20,daytime,6,0.47345909234715683,0.3428774879735741,0.6969816531860298
2022-08-20,nighttime,6,0.9852254088361575,3.258202540909302e-4,0.6705157813702862
2022-08-21,daytime,6,0.22252486040788103,0.6717221260253086,0.09050433349706234
2022-08-21,nighttime,6,0.9958552679368444,2.5732605043410634e-5,0.6712697878073406
2022-08-22,daytime,6,0.04584324722266899,0.9312833013261843,0.014558232931723262
2022-08-22,nighttime,6,0.9442723694100454,0.004571820221015369,0.33323507737656566
2022-08-23,daytime,6,0.6065004626745928,0.2017977235877002,0.2860713928607129
2022-08-23,nighttime,6,0.9483955636256863,0.0039258150125733035,0.23961117861482192
2022-08-24,daytime,6,0.21259098855139158,0.6859175344273546,0.08056278307795857
2022-08-24,nighttime,6,0.8692771298294799,0.024515776335190267,0.2922356613343732
2022-08-25,daytime,6,0.5956064278735865,0.21223515996417658,0.19855746744454783
2022-08-25,nighttime,6,0.9546141107727613,0.003043073692703103,0.3026660839160827
2022-08-26,daytime,6,-0.14431689202996134,0.7850275322715099,-0.21282798833822283
2022-08-26,nighttime,6,0.9911763351516486,1.1644209972630712e-4,0.41195335276967926
2022-08-27,daytime,6,0.8383989851101115,0.03706223581680895,1.0144927536231771
2022-08-27,nighttime,6,0.9699312091703446,0.0013426051922055312,0.5487804878048855
2022-08-28,daytime,6,0.01955398806744012,0.9706727562151178,0.007028112449796373
2022-08-28,nighttime,6,0.9658700554982114,0.0017274014815153154,0.350376749192678
2022-08-29,daytime,6,0.40253339786944903,0.42881177767715956,0.11800778984006466
2022-08-29,nighttime,6,0.922468395647016,0.008783697471223442,0.2578245253976418
2022-08-30,daytime,6,0.12141499929885995,0.8187724268532803,0.0317451430490989
2022-08-30,nighttime,6,0.9114908230979272,0.011404126706456741,0.40988372093023684
2022-08-31,daytime,6,0.5107257588186873,0.30052041971150306,0.17442354691318435
2022-08-31,nighttime,6,0.9839417857554879,3.8472893138188663e-4,0.5613793103448306
2022-09-01,daytime,6,-0.0425737586257569,0.9361779450606633,-0.024673439767780376
2022-09-01,nighttime,6,0.9838419658856689,3.895138131917446e-4,0.5896946564885468
2022-09-02,daytime,6,0.1385656006869513,0.7934818582294219,0.03727509352921193
2022-09-02,nighttime,6,0.9394953870877113,0.005380464384449418,0.3090672733181727
2022-09-03,daytime,6,-0.17838288454926376,0.7352637853176125,-0.07971879559624125
2022-09-03,nighttime,6,0.8883928571428583,0.01798913360684638,0.8883928571428639
2022-09-04,daytime,6,0.4999285001174726,0.3125804412018354,0.2543801579946115
2022-09-04,nighttime,6,-0.666769448758233,0.14806250696987733,-0.025550660792946416
2022-09-05,daytime,6,-0.5868586687643911,0.22076996839578122,-0.38307488506192905
2022-09-05,nighttime,6,0.8662151800043596,0.025650301448328666,0.25951219512195306
2022-11-07,daytime,6,0.254054558809995,0.6271169747934761,0.9846685705696444
2022-11-07,nighttime,6,0.44274777255872605,0.3792732878538182,0.4892365456821052
2022-11-08,daytime,6,-0.7808688094430327,0.06676654481198674,-0.31358885017422
2022-11-08,nighttime,6,0.8955940579434398,0.015781857360626973,0.5956790123456769
2022-11-09,daytime,6,0.8390999296803492,0.036750491448063576,0.4202219482120847
2022-11-09,nighttime,6,-0.1213596528643451,0.8188542232201814,-0.01145523971149656
2022-11-10,daytime,6,0.9497008965553647,0.003731371349989175,1.044580419580425
2022-11-10,nighttime,6,0.7901404999783075,0.0614403024808071,0.8709677419355635
2022-11-23,daytime,6,0.7986322305368345,0.056740839182667646,0.3289774583469421
2022-11-23,nighttime,6,0.01241463254404128,0.9813790078747721,0.0019727756954074213
2022-11-26,daytime,6,0.9962548253995697,2.1013233648916062e-5,0.9460171165240301
2022-11-26,nighttime,6,0.3806840071999658,0.45655841200311004,0.11756547279106191
2022-11-27,daytime,6,-0.38733393680260825,0.44805448111994556,-0.3063063063063045
2022-11-27,nighttime,6,0.851741157533438,0.03134161114366294,0.3954736350909943
2022-11-28,daytime,6,-0.7860044773478153,0.06379126113326841,-2.3185893308237313
2022-11-28,nighttime,6,0.8646078068755798,0.026255628681230925,5.328859060402543
2022-11-29,daytime,6,-0.38961626282781836,0.4451476422379029,-0.18159425742611024
2022-11-29,nighttime,6,0.8313450642292382,0.04026807944540668,0.4877697841726672
2022-11-30,daytime,6,-0.44621572933403625,0.3750990731629677,-0.2262225109028336
2022-11-30,nighttime,6,-0.9970829623221368,1.2751252525602472e-05,-1.5929475587703494
2022-12-06,daytime,6,-0.19204236281142245,0.7154777427937719,-0.09030303030307767
2022-12-06,nighttime,6,0.93447454266294006,0.006299708760154093,2.4025974025974066
2022-12-07,daytime,6,-0.5262012218399328,0.28354749707164306,-0.40980881130514146
2022-12-07,nighttime,6,0.6165263271279523,0.1923827903276763,6.600000000000156
2022-12-08,daytime,6,NA,NA,NA
2022-12-08,nighttime,6,0.23401306241207556,0.6553879313099311,0.4424778761062229
2022-12-09,daytime,6,-0.6133767965493951,0.19532051694311023,-0.29262418464626627
2022-12-09,nighttime,6,0.9052090776559468,0.01305211510242267,3.571428571428571
2022-12-10,daytime,6,-0.6991023246583409,0.12218756738675635,-0.6457105435494518
2022-12-10,nighttime,6,-0.8100723357457281,0.0506831919631944,-1.5486725663716732
2022-12-11,daytime,6,NA,NA,-3.4809342861070996e-14
2022-12-11,nighttime,6,NA,NA,NA
2022-12-12,daytime,6,0.05101996546800309,0.9235364552237671,0.0999999999999842
2022-12-12,nighttime,6,0.18291322825490783,0.7286900443356572,0.0669144981412907
2022-12-13,daytime,6,-0.8697423314683559,0.024345545464469542,-1.586726998491758
2022-12-13,nighttime,6,0.7169856630816533,0.10881135642056063,0.09885931558936116
2022-12-14,daytime,6,0.4649195483599452,0.3528669009905608,0.8118811881188371
2022-12-14,nighttime,6,0.8017837257372732,0.05504060895249944,0.5000000000000359
2022-12-15,daytime,6,-0.561177049633653,0.2465972742870655,-0.3569089718402698
2022-12-15,nighttime,6,0.8543223728348184,0.030287173391078576,0.14191852825230614
2022-12-16,daytime,6,-0.8351463520532056,0.038524996714405,-0.45703124999987454
2022-12-16,nighttime,6,0.890284911405499,0.017395758757728377,0.23927765237020107
2022-12-17,daytime,6,0.587702932476959,0.2199403511366416,0.33333333333327614
2022-12-17,nighttime,6,NA,NA,NA
2022-12-18,daytime,6,-0.13707178544661378,0.795680020400808,-0.19159335288373963
2022-12-18,nighttime,6,0.6945945136995679,0.1256657982938672,1.4358974358973993
2022-12-19,daytime,6,0.9545975824935953,0.0030452734664395734,1.235602094240835
2022-12-19,nighttime,6,0.21986577973481422,0.6755155919502935,0.812500000000075
2022-12-20,daytime,6,-0.8944589869695972,0.016120552465581146,-1.8189952904238629
2022-12-20,nighttime,6,0.9552886286454894,0.002953968690946013,1.6170212765957288
2022-12-21,daytime,6,-0.7755772626538285,0.06989675857002145,-0.8295019157087782
2022-12-21,nighttime,6,-0.3922265690187537,0.4418305439143414,-1.5365853658536435
2022-12-22,daytime,6,0.10062250312270299,0.8495756411099199,0.06828913912102932
2022-12-22,nighttime,6,NA,NA,1.2566549769339084e-14
2022-12-23,daytime,6,-0.9727014242433453,0.001107646741141148,-0.9788883287118859
2022-12-23,nighttime,6,-0.9840089795437502,3.8152454905828826e-4,-1.396396396396405
2022-12-24,daytime,6,0.3075892391177154,0.5531668256089888,0.05172363007982545
2022-12-24,nighttime,6,-0.7966752464994602,0.057808613297409626,-0.864306784660772
2022-12-25,daytime,6,-0.837748840003161,0.03735249187935584,-0.6004415011037609
2022-12-25,nighttime,6,NA,NA,4.1748758319564986e-15
2022-12-26,daytime,6,0.9288432650389169,0.007414778125886536,0.3607725186006043
2022-12-26,nighttime,6,-0.970720008664389,0.0012734257086863883,-0.5140381282495743
2022-12-27,daytime,6,0.6986956960477687,0.12249957768325001,2.1250000000000653
2022-12-27,nighttime,6,0.26221293644093907,0.6156949023763743,1.3360000000000303
2022-12-28,daytime,6,0.7362954252032871,0.09514113253710087,0.9858442871587201
2022-12-28,nighttime,6,-0.45429522306238584,0.3654368320680598,-0.1265822784810025
2022-12-29,daytime,6,0.7152057649911473,0.1101121237378598,0.5533980582524285
2022-12-29,nighttime,6,NA,NA,NA
2022-12-30,daytime,6,0.3084184677017799,0.5520409816672931,0.433333333333296
2022-12-30,nighttime,6,-0.8389640601584799,0.03681082267405242,-1.2610837438423665
2022-12-31,daytime,6,0.8808847452300699,0.020437635822263395,0.9133284777858436
2022-12-31,nighttime,6,NA,NA,NA
2023-01-01,daytime,6,0.9312801949550474,0.006921355805691313,1.7229437229438276
2023-01-01,nighttime,6,-0.7704169392017044,0.07301209689595328,-0.6410256410256183
2023-01-02,daytime,6,0.8131655439624186,0.049099745119742084,0.8736842105262894
2023-01-02,nighttime,6,NA,NA,6.635211982315276e-15
2023-01-03,daytime,6,0.825132144859581,0.04319452846391232,0.6245133891706915
2023-01-03,nighttime,6,-0.29277002188455997,0.5733922538253555,-0.6000000000001217
2023-01-05,daytime,6,0.5122194994259804,0.29886596255484194,0.32608695652174546
2023-01-05,nighttime,6,-0.8123512676559521,0.04951432215752299,-0.4727272727272861
2023-01-06,daytime,6,0.8219330172397338,0.04473871490325646,0.8027210884353659
2023-01-06,nighttime,6,-0.5466742709280342,0.2616761505404087,-0.8881987577639475
2023-01-07,daytime,6,0.21302148074901447,0.6853010393640608,0.6000000000000013
2023-01-07,nighttime,6,-0.9292549268101203,0.007330263287132659,-1.1578947368420855
2023-01-08,daytime,6,0.9552783789612546,0.0029553129384789047,1.0416666666666712
2023-01-08,nighttime,6,-0.49629166698546284,0.3166821629436603,-0.3571428571428211
2023-01-09,daytime,6,0.1760580873435329,0.7386414568459014,0.1401360544217565
2023-01-09,nighttime,6,0.8497058314499198,0.03218505797854111,0.3958333333333347
2023-01-10,daytime,6,0.9945092633468431,4.513951560831283e-5,0.8295165394401965
2023-01-10,nighttime,6,-0.922017947774736,0.00888468845760249,-2.357142857142982
2023-01-11,daytime,6,0.7785675621104933,0.06811981324432165,0.7188049209138696
2023-01-11,nighttime,6,NA,NA,5.801557143511087e-14
2023-01-12,daytime,6,0.014272256797916398,0.9785930684133134,0.007963594994287415
2023-01-12,nighttime,6,0.211619477845242,0.6873092399684837,0.2597402597402151
2023-01-13,daytime,6,0.5072433834629378,0.30439073357505425,0.5602409638553905
2023-01-13,nighttime,6,-0.16893237680338258,0.749011943374823,-0.06930693069305167
2023-01-14,daytime,6,0.9677116851606341,0.001546972059151168,0.9119127516778548
2023-01-14,nighttime,6,0.49945424760887147,0.3131141947429989,0.318181818181811
2023-01-15,daytime,6,-0.7838801471566785,0.06501444575311642,-2.533333333333032
2023-01-15,nighttime,6,0.7965662348464596,0.057868361831345944,0.12690355329949052
2023-01-16,daytime,6,0.8455852149151872,0.03392496143611505,0.8129032258064386
2023-01-16,nighttime,6,0.28867513459481026,0.5790154287159015,0.16666666666669108
2023-01-17,daytime,6,0.27146536665640947,0.6028045590888269,0.35443037974679537
2023-01-17,nighttime,6,NA,NA,1.1350872672087925e-14
2023-01-18,daytime,6,NA,NA,NA
2023-01-18,nighttime,6,0.2,0.704,0.26666666666670463
2023-01-19,daytime,6,0.9682458365518537,0.001496481055900383,1.5625000000000326
2023-01-19,nighttime,6,NA,NA,1.0272571670636037e-14
2023-01-20,daytime,6,0.989593044261551,1.6189353035911562e-4,0.9961240310077418
2023-01-20,nighttime,6,-0.7762678614090542,0.069484528980507,-0.20086393088551308
2023-01-21,daytime,6,0.7911352791354677,0.06088090088865156,0.9107468123861604
2023-01-21,nighttime,6,-0.09656090991705255,0.855608802536622,-0.09090909090909713
2023-01-22,daytime,6,0.9410924753409513,0.0051029372957483825,0.963101938711756
2023-01-22,nighttime,6,-0.7406681724583464,0.09215907388334224,-0.9090909090909227
2023-01-23,daytime,6,0.9227962755587396,0.008710539480185776,0.7260034904014364
2023-01-23,nighttime,6,0.60267522575062,0.20543823400201128,0.33116883116884627
2023-01-24,daytime,6,0.3004247552334014,0.5629202903323774,0.16399999999999149
2023-01-24,nighttime,6,0.7659868437514866,0.07573570331001667,0.4486803519061673
2023-01-25,daytime,6,0.7505857200770555,0.085553507251413,0.8230593607305222
2023-01-25,nighttime,6,NA,NA,NA
2023-01-26,daytime,6,NA,NA,NA
2023-01-26,nighttime,6,0.31622776601683794,0.5414697392755848,0.8000000000001024
2023-01-27,daytime,6,0.94346587366613,0.0047038165895967295,0.8761467889908202
2023-01-27,nighttime,6,0.6195224741298957,0.18960515940279846,0.5517241379310368
2023-01-28,daytime,6,-0.11152913783632246,0.8333999346983246,-0.13095238095242961
2023-01-28,nighttime,6,0.6034034675744389,0.20474311607310486,0.39361702127659315
2023-01-29,daytime,6,-0.344803570296878,0.5032914069503174,-0.6553660982948977
2023-01-29,nighttime,6,-0.9161376437965101,0.01025444461807503,-0.1883325677537761
2023-01-30,daytime,6,0.7527132832712548,0.08416519998508122,1.4603330068560172
2023-01-30,nighttime,6,0.7006490497453706,0.12100391941035316,0.5844155844155816
2023-02-01,daytime,6,0.9727125553355594,0.001106747775567194,0.5090909090909334
2023-02-01,nighttime,6,0.5968376775623904,0.21104481398292455,0.4675324675324735
2023-02-02,daytime,6,0.9801895521600595,5.847934222292042e-4,0.39593710323275677
2023-02-02,nighttime,6,0.9042224341494591,0.013320712990885922,0.43925233644858924
2023-02-03,daytime,6,0.9143876230419908,0.010680471569289406,0.49579288025892315
2023-02-03,nighttime,6,-0.8638505205802821,0.02654314140250387,-1.992700729927005
2023-02-04,daytime,6,0.8098727605143102,0.05078615615837542,0.42214111922145997
2023-02-04,nighttime,6,-0.9624772206110909,0.002085523192635567,-1.1241379310344959
2023-02-05,daytime,6,0.7326050439757328,0.09769071572590445,0.9682947729219198
2023-02-05,nighttime,6,0.9407696512605684,0.005158454349779926,3.2820512820512433
2023-02-06,daytime,6,0.9415544714433866,0.0050239982619530105,0.7446808510638273
2023-02-06,nighttime,6,NA,NA,NA
2023-02-07,daytime,6,0.9720873361428041,0.0011578015926849623,2.096174863388087
2023-02-07,nighttime,6,-0.7929164276288954,0.059885163761243775,-1.2142857142858516
2023-02-08,daytime,6,0.7706477840979002,0.07287141544252444,0.45795322607401456
2023-02-08,nighttime,6,0.44522319172024855,0.37629210448699785,0.19085173501577846
2023-02-09,daytime,6,0.7726996582761912,0.07162638133021101,0.39165299799528297
2023-02-09,nighttime,6,0.08382932436265762,0.8745505626929839,0.13600000000001106
2023-02-10,daytime,6,0.880336781561607,0.020622182855454103,0.4619565217391268
2023-02-10,nighttime,6,-0.22124883943434978,0.673541922233232,-0.35897435897431174
2023-02-11,daytime,6,0.9620913858416693,0.00212835600719423,0.5785123966942192
2023-02-11,nighttime,6,-0.43737513716204474,0.385771572383509,-0.13307618129217946
2023-02-12,daytime,6,0.8984242965955056,0.01495242534981578,0.43185805554633533
2023-02-12,nighttime,6,0.6845342620813797,0.133580588392005,0.25917431192661355
2023-02-13,daytime,6,0.9141815974734235,0.010731179709568887,0.8860075634792185
2023-02-13,nighttime,6,-0.7174300539794395,0.10848765351084369,-3.5000000000003997
2023-02-14,daytime,6,0.9625558229083259,0.0020768499858571238,1.0779000846740168
2023-02-14,nighttime,6,0.8090687799160432,0.05120192308912205,0.6181102362204862
2023-02-15,daytime,6,0.8626538534010666,0.027000499596863622,0.5335570469798627
2023-02-15,nighttime,6,0.4435782134887406,0.37827226625481647,0.13445378151260445
2023-02-16,daytime,6,0.9451126315755456,0.004436257338746721,0.6933414783139824
2023-02-16,nighttime,6,0.9097176522946852,0.011858412162670452,2.999999999999986
2023-02-17,daytime,6,0.6809386050929056,0.13646000786563758,0.37035248672141097
2023-02-17,nighttime,6,-0.9752427609134697,9.117942163088153e-4,-1.952586206896585
2023-02-18,daytime,6,0.924106546882254,0.008421158167840738,0.6408246840358854
2023-02-18,nighttime,6,0.0268754113614268,0.9596965888478709,0.05833333333320999
2023-02-19,daytime,6,0.9901182740833769,1.4599029274526813e-4,2.175046554934886
2023-02-19,nighttime,6,-0.35370608685072835,0.4915665995512941,-1.264150943396285
2023-02-20,daytime,6,0.9870598543200246,2.500876586462959e-4,1.0703812316715504
2023-02-20,nighttime,6,-0.8576900278702333,0.028937152353814444,-1.655172413793123
2023-02-21,daytime,6,0.8151476299739582,0.048097358463759815,0.43623188405792657
2023-02-21,nighttime,6,0.737544526510509,0.09428496948607792,0.347345132743364
2023-02-22,daytime,6,0.5506385977342505,0.25751970369158184,0.9712351945854473
2023-02-22,nighttime,6,0.6440940481460308,0.16746243605352987,2.3571428571428665
2023-02-23,daytime,6,0.7327830392209271,0.09756705545910353,1.7008180755745401
2023-02-23,nighttime,6,0.7899880658748856,0.061526229225216576,0.33944954128439897
2023-02-24,daytime,6,0.9532666870682576,0.0032249709693481176,0.9297063903281364
2023-02-24,nighttime,6,0.7786195746602048,0.0680890900510632,1.1506024096385716
2023-02-25,daytime,6,0.9285609233747739,0.007473016351419208,0.36724060731876956
2023-02-25,nighttime,6,0.8907898866671451,0.017239007023728367,0.7013574660633669
2023-02-26,daytime,6,0.9789073740919618,6.62656258853048e-4,0.790363178712665
2023-02-26,nighttime,6,-0.6415178992833852,0.16972996200077295,-4.411764705882395
2023-02-27,daytime,6,0.969026624988556,0.0014241677863663731,0.9264214046822706
2023-02-27,nighttime,6,0.8481248802950208,0.03284749827490057,0.6533523537803191
2023-02-28,daytime,6,0.7322515738677512,0.09793649167227823,0.533982683982706
2023-02-28,nighttime,6,0.7969270915512189,0.05767068737356508,2.480519480519499
2023-03-01,daytime,6,0.8924424752623755,0.016730785564966467,1.4875820250851595
2023-03-01,nighttime,6,0.9557790087219501,0.0028900071171007345,0.9749999999999909
2023-03-02,daytime,6,0.9025427307131599,0.013784058364033567,0.8925514245560501
2023-03-02,nighttime,6,-0.9244203820516036,0.008352552054876722,-4.641025641025707
2023-03-03,daytime,6,0.6631308662762103,0.15110712825584563,0.7515390297955257
2023-03-03,nighttime,6,0.9130143388477183,0.011020669138427256,2.081850533807847
2023-03-04,daytime,6,-0.7744771603818268,0.07055571881977192,-0.11663066954643475
2023-03-04,nighttime,6,0.16398401233815682,0.7562288085494122,0.05042016806723149
2023-03-05,daytime,6,0.6854031099787974,0.13288878845059837,0.6356346724400362
2023-03-05,nighttime,6,0.36646313255902263,0.47491242604473,0.32352941176467764
2023-03-06,daytime,6,0.6122384167363831,0.19638683742082094,0.7010025062656883
2023-03-06,nighttime,6,0.6807140220947675,0.13664073278889635,1.0194174757281738
2023-03-07,daytime,6,0.48287474312558964,0.33198335860105815,0.6276302643131745
2023-03-07,nighttime,6,-0.8132261852088302,0.04906893519879695,-5.800000000000428
2023-03-08,daytime,6,0.7717826567208983,0.07218159393996182,1.2733618702667044
2023-03-08,nighttime,6,0.6046311651420551,0.20357343404904105,0.14175506268081084
2023-03-09,daytime,6,0.9059904042907708,0.012841286933605573,1.194312796208506
2023-03-09,nighttime,6,0.9532144131575733,0.0032321324261149562,1.5637583892617768
2023-03-10,daytime,6,0.8180433055746543,0.04665022513814403,0.8328840970351172
2023-03-10,nighttime,6,-0.9539850074608516,0.0031273537057363264,-5.953488372093268
2023-03-11,daytime,6,0.905158418226445,0.013065841962465564,1.2044656649346788
2023-03-11,nighttime,6,0.8078770180097683,0.05182111154429031,0.5964010282776385
2023-03-13,daytime,6,0.9870959460933046,2.486975541063946e-4,1.333543983822047
2023-03-13,nighttime,6,-0.8954933125357628,0.015811778974439274,-0.6231884057971103
2023-03-14,daytime,6,0.8838502161485826,0.019452683290434057,0.4975741757801721
2023-03-14,nighttime,6,0.667338275473394,0.14758892535239865,0.21703296703297595
2023-03-15,daytime,6,0.991218494738528,1.153336598227519e-4,0.7020897832817241
2023-03-15,nighttime,6,0.44262666813799184,0.3794193448759178,0.2857142857143065
2023-03-16,daytime,6,0.9948154646114497,4.024943217378307e-5,0.8022369647458615
2023-03-16,nighttime,6,0.6373262158351255,0.17344675685569827,0.13539490179691363
2023-03-17,daytime,6,0.9699746247239533,0.0013387504550946084,0.6838344745459831
2023-03-17,nighttime,6,0.7804739473797169,0.0669978661749437,0.24440019910404132
2023-03-18,daytime,6,0.9615973146503409,0.0021838318711182208,0.7322341036675748
2023-03-18,nighttime,6,0.6936952111453916,0.12636477604558047,0.8285714285714393
2023-03-19,daytime,6,0.9905362931353197,1.3391882836801116e-4,2.2639821029083267
2023-03-19,nighttime,6,0.7920888071901803,0.06034690091451145,0.8587731811697579
2023-03-20,daytime,6,0.962313599794836,0.0021036348075563665,1.6993437506680509
2023-03-20,nighttime,6,0.2639799649558072,0.6132278301815807,0.11505507955936695
2023-03-21,daytime,6,0.9663895522328404,0.0016755090724946031,1.6433294437961659
2023-03-21,nighttime,6,0.8205087761770428,0.04543430584188429,0.523076923076931
2023-03-22,daytime,6,0.9180693546505357,0.009793960890603328,0.7839933425620161
2023-03-22,nighttime,6,0.9134976858087939,0.010900342254420603,0.7417582417582406
2023-03-23,daytime,6,-0.07884389264323778,0.8819792220220074,-0.3526745240255385
2023-03-23,nighttime,6,0.6557716668554003,0.15734536905462407,0.8054862842892854
2023-03-24,daytime,6,0.9948458648921293,3.9779202985554045e-5,1.748025276461301
2023-03-24,nighttime,6,0.9181395839231101,0.009777413028738986,0.4955357142857197
2023-03-25,daytime,6,0.9427240659264072,0.004826851150854497,1.6626490196722623
2023-03-25,nighttime,6,0.9787353428404093,6.734706798250999e-4,0.6913580246913585
2023-03-26,daytime,6,0.9650124472894783,0.0018147786307685934,1.3820224719101144
2023-03-26,nighttime,6,0.9248301681816639,0.008263381720158749,0.7536394176931783
2023-03-27,daytime,6,0.9778452509014294,7.30812221472095e-4,0.7837393434720321
2023-03-27,nighttime,6,0.8356606785712325,0.03829192892404299,0.5521669341894159
2023-03-28,daytime,6,0.9908178623439888,1.2608039730387642e-4,2.713397614818568
2023-03-28,nighttime,6,-0.8074251533726032,0.05205678134705112,-2.1704918032787255
2023-03-29,daytime,6,0.8895853276136692,0.017614045105531124,0.9424390243902436
2023-03-29,nighttime,6,0.9204771728872199,0.009234373638779964,1.322580645161271
2023-03-30,daytime,6,0.9950633346154885,3.649584276850748e-5,2.133411488862836
2023-03-30,nighttime,6,-0.9173312046553493,0.00996870994985845,-3.8811881188119783
2023-03-31,daytime,6,0.9942447658487661,4.9588765698240524e-5,4.1979166666667185
2023-03-31,nighttime,6,NA,NA,NA
2023-04-01,daytime,6,0.9758610447216334,8.670009890859571e-4,1.4498791297340843
2023-04-01,nighttime,6,0.7571794948971906,0.0812841297981296,0.28343949044587696
2023-04-02,daytime,6,0.7903781517467581,0.06130644861813922,1.2406926135829914
2023-04-02,nighttime,6,0.575726532189402,0.23182565923510964,0.145204262877444
2023-04-03,daytime,6,0.9393215723662376,0.005411102281043489,1.2853516120843058
2023-04-03,nighttime,6,-0.6426258232925495,0.16875319909462075,-0.5170616113743973
2023-04-04,daytime,6,0.9438872513808179,0.004634621398348915,1.0460903032009907
2023-04-04,nighttime,6,0.9539951919557669,0.00312598028245256,0.78680203045685
2023-04-05,daytime,6,0.9986692653155697,2.655103931566928e-6,1.5650310559006122
2023-04-05,nighttime,6,0.8782043983779448,0.021347884618671757,1.5321336760925441
2023-04-06,daytime,6,0.7596652903690828,0.07970019971821246,1.4972014925373047
2023-04-06,nighttime,6,-0.9910920235581342,1.1867463336268424e-4,-3.53846153846166
2023-04-07,daytime,6,0.9807024483073464,5.550000912774362e-4,1.8150058328728655
2023-04-07,nighttime,6,0.759990632082192,0.0794939356127667,2.3766233766233658
2023-04-08,daytime,6,0.933876860515262,0.006413850267480361,4.096543504172094
2023-04-08,nighttime,6,0.46094439323650765,0.35755177637587204,0.5665859564164657
2023-04-09,daytime,6,0.9459920588817633,0.004296519816187001,1.868636402791063
2023-04-09,nighttime,6,NA,NA,NA
2023-04-10,daytime,6,0.7573101587343424,0.08120052187556821,1.226699029126359
2023-04-10,nighttime,6,0.9901487152198922,1.450936949124186e-4,0.8457249070632064
2023-04-11,daytime,6,0.7580492513316911,0.08072832882374942,0.3801025251565966
2023-04-11,nighttime,6,0.9549587164788605,0.002997387818074647,0.6062658763759534
2023-04-12,daytime,6,0.48873331682424687,0.32526950709910113,0.28715635738832157
2023-04-12,nighttime,6,0.9666388279597333,0.0016508867447265335,0.404283801874167
2023-04-13,daytime,6,0.8074100605075409,0.05206466156149248,0.5939950608726071
2023-04-13,nighttime,6,0.8062817630740183,0.05265532453771631,0.2885714285714308
2023-04-14,daytime,6,0.7336981774718364,0.09693237302914202,0.5885005636978654
2023-04-14,nighttime,6,0.9481337267592773,0.003965402451891296,0.21866535336124526
2023-04-15,daytime,6,0.060619732829462425,0.9091817819982857,0.0615586116568962
2023-04-15,nighttime,6,0.8413600162094441,0.03575374865123579,0.19754977029097337
2023-04-16,daytime,6,0.9822752531901393,4.6846571205148765e-4,1.8224885844749115
2023-04-16,nighttime,6,0.919331057990182,0.009498741616501081,0.8798076923077012
2023-04-17,daytime,6,0.6577497476540147,0.15565807093814643,0.1717814371257409
2023-04-17,nighttime,6,0.9693314416533285,0.0013964178897521023,0.15340464388207928
2023-04-18,daytime,6,0.86753147664322094,0.02515959167881285,2.125170068027246
2023-04-18,nighttime,6,0.7076473264264106,0.11571142457928972,0.1584051724137973
2023-04-19,daytime,6,0.7406724911342246,0.09215614965958163,1.4142538975500678
2023-04-19,nighttime,6,0.9406162080575393,0.005184945584586494,0.7027027027027047
2023-04-22,daytime,6,0.6623294338449119,0.15178127962637405,0.6126961139270903
2023-04-22,nighttime,6,0.8823835495821778,0.019936912919597538,1.6244343891402624
2023-04-23,daytime,6,0.9393681148352968,0.005402890006802513,3.340487804878074
2023-04-23,nighttime,6,0.3134847014369901,0.5451764352762817,1.016000000000274
2023-04-24,daytime,6,0.9747009103230815,9.519696432227532e-4,0.9496248660235623
2023-04-24,nighttime,6,0.9197184075632647,0.009408988312394062,0.33404255319149034
2023-04-26,daytime,6,0.7644550915012105,0.07668792477472924,0.6304799261652043
2023-04-26,nighttime,6,0.9296549300368732,0.007248594514708185,0.7824824582627619
2023-04-27,daytime,6,0.8954611485475426,0.015821337494004575,0.9700027647221449
2023-04-27,nighttime,6,0.9234089531094987,0.008574633937825402,1.348457350272229
2023-04-28,daytime,6,0.8703491116688326,0.02412435550327419,0.8825123915737194
2023-04-28,nighttime,6,0.8507526978332196,0.031749912096530185,0.9852569502948649
2023-04-29,daytime,6,0.8751210274107523,0.02241840802681361,1.0609703136147643
2023-04-29,nighttime,6,0.8011756066811243,0.05536683166584953,1.029337803855828
2023-04-30,daytime,6,0.9846489551499066,3.5167309498644573e-4,5.902912621359373
2023-04-30,nighttime,6,0.8902685677673702,0.01740084344317329,1.0876833307049396
2023-05-01,daytime,6,-0.5951210770704184,0.2127051314437857,-7.742138364779992
2023-05-01,nighttime,6,0.9150392073940925,0.010520866634504132,0.5063009636768071
2023-05-02,daytime,6,0.9203344900611811,0.009267087907985283,1.1783113602106146
2023-05-02,nighttime,6,0.8184403992151831,0.04645337772507579,0.4262648008611509
2023-05-03,daytime,6,0.8727025035431429,0.023275573052542457,0.8687708178378738
2023-05-03,nighttime,6,0.841500124089006,0.035692382359289614,1.5659751037343945
2023-05-04,daytime,6,-0.015197252108832241,0.9772058767886147,-0.07253679883311591
2023-05-04,nighttime,6,0.9868944450400391,2.565078801763795e-4,1.7881586094513815
2023-05-05,daytime,6,0.942745512622317,0.0048232721975388915,4.303022701617569
2023-05-05,nighttime,6,0.8866660000497155,0.01853902862168264,0.7435158501441028
2023-05-06,daytime,6,0.9468249111891456,0.004166206428515786,1.2818685669041923
2023-05-06,nighttime,6,0.5132393536609797,0.29773834779558606,0.30000000000001875
2023-05-07,daytime,6,0.9519152348250074,0.003412627496822261,1.8351448603332097
2023-05-07,nighttime,6,0.8009274304229,0.05550022012311521,1.7236842105263457
2023-05-08,daytime,6,0.8279418022455178,0.04185922766428879,0.7356342596271437
2023-05-08,nighttime,6,0.32589633538921686,0.5284619645803204,0.2698268003646361
2023-05-09,daytime,6,0.9805319379739131,5.648189078795086e-4,1.21235060793818
2023-05-09,nighttime,6,0.5586021095269781,0.24924890810734643,1.1328767123287424
2023-05-10,daytime,6,0.9085524561165216,0.012161607871972405,0.9152993796637747
2023-05-10,nighttime,6,-0.48033770562040895,0.3349062347635188,-0.3267796610169462
2023-05-11,daytime,6,0.9214503134406032,0.009012752013111112,0.9710492586515654
2023-05-11,nighttime,6,0.9486993321795919,0.003880132293451033,1.6973684210526319
2023-05-12,daytime,6,0.936698882188119,0.00588372248730794,0.9142660505358368
2023-05-12,nighttime,6,0.9241211716925924,0.00841795503657771,1.641108247422672
2023-05-13,daytime,6,0.9282292435824249,0.007541715143563986,0.9048841223479036
2023-05-13,nighttime,6,0.4728519168065642,0.34358435308971846,0.6080843585237222
2023-05-14,daytime,6,0.8970756806497803,0.015344963229887904,0.7916526457846882
2023-05-14,nighttime,6,0.9249453798143253,0.008238395323297187,1.0724409448818837
2023-05-15,daytime,6,0.9527336767753185,0.003298358994891989,1.2252994976168943
2023-05-15,nighttime,6,0.9371149411490902,0.005807455494430252,0.7810082688716984
2023-05-16,daytime,6,0.8851710715626047,0.019021475295451888,0.9945006208976525
2023-05-16,nighttime,6,0.9510834453061823,0.0035307195014413722,1.1615318168730155
2023-05-17,daytime,6,0.9436899971141613,0.0046669502964835395,1.2280814233050201
2023-05-17,nighttime,6,-0.1898935091214112,0.7185834730681914,-0.10974244120940072
2023-05-18,daytime,6,0.8860779696415001,0.018728090402378546,0.9350350209185255
2023-05-18,nighttime,6,0.202891921277941,0.6998381544152388,0.17714285714286593
2023-05-19,daytime,6,0.9654468927936106,0.0017702490516164355,1.055325543382064
2023-05-19,nighttime,6,0.3392006586911797,0.5107127317876421,0.3290426387771511
2023-05-20,daytime,6,0.9433409469337221,0.004724427627317701,0.9483799867754017
2023-05-20,nighttime,6,0.17329169415190104,0.7426644345356479,0.15092502434275284
2023-05-21,daytime,6,0.8400526790474914,0.03632874042930428,4.736947791164796
2023-05-21,nighttime,6,0.9164292864587967,0.010184264629969787,0.8212378880759382
2023-05-22,daytime,6,0.9365358125669158,0.0059137471780079266,2.100115698893567
2023-05-22,nighttime,6,0.9836713308614283,3.977613344925585e-4,0.5870432913724272
2023-05-23,daytime,6,0.9823584126292895,4.6409315058668093e-4,1.4149381571798831
2023-05-23,nighttime,6,0.9847780815056363,3.4579669294132123e-4,0.7322733132788999
2023-05-24,daytime,6,0.9325940625963608,0.006662209122031194,0.8321592147972926
2023-05-24,nighttime,6,0.9326021025880783,0.006660638178204464,1.830357142857105
2023-05-25,daytime,6,0.8998403301388967,0.014545540325906213,0.5332852992204589
2023-05-25,nighttime,6,0.9264707776127491,0.007911050235688175,0.9258785942491948
2023-05-26,daytime,6,0.9498285377811743,0.0037126182409746218,0.4508619198375929
2023-05-26,nighttime,6,0.957867900771465,0.00262527604303041,0.897181033078052
2023-05-27,daytime,6,0.9727646907277935,0.0011025420470219898,0.7159433285509191
2023-05-27,nighttime,6,0.9042248064222357,0.013320064009487388,0.4121621621621633
2023-05-28,daytime,6,0.9090966357542724,0.012019546033559037,2.01061708703012
2023-05-28,nighttime,6,0.9734749498577341,0.0010460362029296039,0.8266764382557698
2023-05-29,daytime,6,0.8600169559130281,0.028021377391252517,0.7986046221889944
2023-05-29,nighttime,6,0.9947598054313764,4.1117511749669475e-5,1.0558659217877095
2023-05-30,daytime,6,0.8969095905234667,0.015393645294621183,0.4721516591015955
2023-05-30,nighttime,6,0.7693849328288669,0.07364252759701695,0.37445284520493516
2023-05-31,daytime,6,0.9833524300121838,4.134055127699692e-4,0.8611712689778696
2023-05-31,nighttime,6,0.9919463401051533,9.703097057302296e-5,0.9479110146500201
2023-06-01,daytime,6,0.9744782523410368,9.687274876329409e-4,0.5843692196251489
2023-06-01,nighttime,6,0.9674726518917905,0.001569835133798733,1.3024574669187108
2023-06-02,daytime,6,0.984700364300887,3.4932761820410376e-4,0.403788711821563
2023-06-02,nighttime,6,0.9941598724174648,5.106104039137133e-5,0.9788732394366194
2023-06-03,daytime,6,0.9932036738523783,6.912811233802376e-5,0.46039534150669625
2023-06-03,nighttime,6,0.9890035443928923,1.807181969786838e-4,0.6226900584795305
2023-06-04,daytime,6,0.9975146918444169,9.257459370500538e-6,0.5440772578113792
2023-06-04,nighttime,6,0.9970199115106859,1.3308158131447661e-5,0.6757164404223219
2023-06-05,daytime,6,0.9932225265887891,6.874556003345934e-5,0.3832750199189417
2023-06-05,nighttime,6,0.9940621578857881,5.2782275333446876e-5,0.61641565179794
2023-06-06,daytime,6,0.9900111748881592,1.4916661503316372e-4,0.2292169527171158
2023-06-06,nighttime,6,0.9924196413046316,8.597496625419244e-5,0.6816149861633394
2023-06-07,daytime,6,0.9935358290082188,6.254320558662299e-5,0.3677901649815901
2023-06-07,nighttime,6,0.9960078718978316,2.3873818730175273e-5,0.6349002757647678
2023-06-08,daytime,6,0.9334454800480632,0.006496854428682525,0.5664074008602888
2023-06-08,nighttime,6,0.9970645784115608,1.2912403029355892e-5,0.7037126325940224
2023-06-09,daytime,6,-0.5756424742640514,0.23190995933371653,-1.6590909090909276
2023-06-09,nighttime,6,0.9932535591154779,6.811816659009269e-5,1.1408056042031487
2023-06-10,daytime,6,0.9794966854219943,6.262692107620304e-4,2.009241676161542
2023-06-10,nighttime,6,0.9796277063242175,6.183179643351607e-4,1.598901098901097
2023-06-11,daytime,6,0.9248494009392756,0.00825920807598729,0.5058168501818446
2023-06-11,nighttime,6,0.9957855231992312,2.660529367832226e-5,1.1882760024424959
2023-06-12,daytime,6,0.9895613357377911,1.6287983912904056e-4,0.16625583871246186
2023-06-12,nighttime,6,0.9986474088335651,2.7430170105706134e-6,0.7448579823702237
2023-06-13,daytime,6,0.921235368492239,0.009061478108787912,0.8624639222239275
2023-06-13,nighttime,6,0.9958323175204646,2.6018170433947968e-5,0.38186290953818647
2023-06-14,daytime,6,0.9842807493397719,3.687001891048473e-4,0.7568281938325843
2023-06-14,nighttime,6,0.9933123651769723,6.693713886277478e-5,0.7399811853245534
2023-06-15,daytime,6,0.9608025760697582,0.0022745448574982017,0.2105994675048965
2023-06-15,nighttime,6,0.9962668914795885,2.087813635237431e-5,0.765651201788705
2023-06-16,daytime,6,0.9169836312395436,0.01005151354331167,0.4470682730923572
2023-06-16,nighttime,6,0.9977996119695853,7.2572344089905305e-6,0.4946413849958804
2023-06-17,daytime,6,0.9900719020416922,1.4736140154819786e-4,2.6870748299320195
2023-06-17,nighttime,6,0.9549719001481343,0.002995646757795134,0.9797360685471296
2023-06-18,daytime,6,0.9908474217933478,1.2527117743372612e-4,1.10452961672476
2023-06-18,nighttime,6,0.9968741138765445,1.4641474312150546e-5,1.5237050043898042
2023-06-19,daytime,6,0.9855969007115937,3.096799474573759e-4,0.5419383305949182
2023-06-19,nighttime,6,0.882746980506495,0.019816392751336835,1.194044966578898
2023-06-20,daytime,6,0.8824328383094542,0.019920547402660208,0.5863550438219292
2023-06-20,nighttime,6,0.9956135765816664,2.8818866656005472e-5,1.229681978798581
2023-06-21,daytime,6,0.9676378868494453,0.001554013027768669,0.2804572523179681
2023-06-21,nighttime,6,0.9468836493930455,0.004157090232403065,0.8186416184971013
2023-06-22,daytime,6,-0.9218881175504362,0.008913900765217886,-0.11906695735191586
2023-06-22,nighttime,6,0.99727013730629,1.1168053816182422e-5,0.6234867446493348
2023-06-23,daytime,6,-0.9630956320474254,0.0020177679342405987,-0.22538948163535072
2023-06-23,nighttime,6,0.7934665062795379,0.059579171011162765,0.20579962496651466
2023-06-24,daytime,6,-0.9198134963790168,0.00938701843239979,-0.1187038437044959
2023-06-24,nighttime,6,-0.6661734745531547,0.1485593847545539,-0.06104774524322949
2023-06-25,daytime,6,-0.9036075055361666,0.013489453426265733,-0.2073947769900394
2023-06-25,nighttime,6,0.9685794568038586,0.0014653658280747673,0.14710575946612653
2023-06-26,daytime,6,-0.8841085665377802,0.019367977781645923,-0.5719236533177998
2023-06-26,nighttime,6,0.9849381034856566,3.385826135195097e-4,0.175434083601287
2023-06-27,daytime,6,-0.986320568385785,2.7941037946296876e-4,-0.39022271637538986
2023-06-27,nighttime,6,0.9037527158090357,0.013449514301463985,0.3136593591905579
2023-06-28,daytime,6,-0.9365716172358164,0.005907148352162056,-0.2760160184205991
2023-06-28,nighttime,6,0.6532355659126372,0.15951991512917013,0.11818379317836451
2023-06-29,daytime,6,-0.9720764403084468,0.0011587014273865904,-0.42169704639078565
2023-06-29,nighttime,6,0.88893562357731,0.017817937602222188,0.11934204386374594
2023-06-30,daytime,6,-0.9815800269232821,5.058182060789597e-4,-0.5266863309177898
2023-06-30,nighttime,6,0.916263939764149,0.010224024445701342,0.20988490182802977
2023-07-01,daytime,6,-0.9578285867592131,0.0026301427290369847,-0.39754385964912614
2023-07-01,nighttime,6,0.968723441285745,0.001452036961006913,0.17254554137954703
2023-07-02,daytime,6,-0.9481392972739974,0.00396455820845602,-0.4864232232193886
2023-07-02,nighttime,6,0.6840427168698431,0.13397265658323415,0.07575757575757844
2023-07-03,daytime,6,-0.8658957934677434,0.025770046432504343,-0.20020434600157325
2023-07-03,nighttime,6,0.5222282914730195,0.2878692362646294,0.03834028272145196
2023-07-04,daytime,6,-0.8935875077825883,0.01638294051713317,-0.5867026167341765
2023-07-04,nighttime,6,0.8909112744990543,0.01720142803815962,0.12375249500998527
2023-07-05,daytime,6,-0.9313201198866143,0.006913409944813441,-0.6582984473530933
2023-07-05,nighttime,6,NA,NA,1.4518621895484447e-15
2023-07-06,daytime,6,-0.8934784350888827,0.01641592390795437,-0.4984193289878032
2023-07-06,nighttime,6,0.6510328365285697,0.16141884599052866,0.016953750169539768
2023-07-07,daytime,6,-0.46940843547010447,0.3476030784981119,-0.29959266610850155
2023-07-07,nighttime,6,-0.30234552274847704,0.5603008435648822,-0.03098739495798115
2023-07-08,daytime,6,-0.4669900092357379,0.35043549940263263,-0.3666488300822246
2023-07-08,nighttime,6,-0.9937650406483339,5.8190886031759027e-5,-0.24017677010279487
2023-07-09,daytime,6,-0.6132852567136784,0.1954061742071471,-0.24579521350674424
2023-07-09,nighttime,6,-0.9600426479767032,0.002362987217122363,-0.23168688425708536
2023-07-10,daytime,6,-0.43779781733277523,0.385258955556023,-0.24039580908033278
2023-07-10,nighttime,6,-0.8840075739731149,0.01940106920649566,-0.10670666380972454
2023-07-11,daytime,6,-0.8520263043663137,0.031224290001898802,-0.6425552566234977
2023-07-11,nighttime,6,-0.7957961154004439,0.058291267711750326,-0.08919597989949613
2023-07-12,daytime,6,-0.5269457969060622,0.2827403178066822,-0.25641130516585736
2023-07-12,nighttime,6,-0.31870420965992535,0.5381294569808643,-0.035268185157969534
2023-07-13,daytime,6,-0.946277444597919,0.004251644756728114,-0.8865629515137206
2023-07-13,nighttime,6,-0.4133661696815892,0.41526701285949896,-0.07723646240027114
2023-07-14,daytime,6,-0.9145802922929566,0.010633156118186986,-0.9349615665234577
2023-07-14,nighttime,6,-0.13001843096276708,0.8060713208470002,-0.01564324071912137
2023-07-15,daytime,6,-0.900962528187532,0.0142269306341165,-0.8008808513435486
2023-07-15,nighttime,6,0.5341257975875365,0.27500177620084937,0.08028663351857455
2023-07-16,daytime,6,-0.3299171409656578,0.5230792569264507,-0.21003737906772527
2023-07-16,nighttime,6,0.7070451641988269,0.1161627402844478,0.1331838565022432
2023-07-17,daytime,6,0.5238698761929359,0.28608051770653514,0.5544117647058764
2023-07-17,nighttime,6,0.9028270077324502,0.013705103256107133,0.13337149398969533
2023-07-18,daytime,6,0.40754533609100163,0.42252725056927576,0.4444550921157192
2023-07-18,nighttime,6,0.9577359054124103,0.0026416333394796475,0.23655913978494744
2023-07-19,daytime,6,-0.13299712356859908,0.8016805568269594,-0.09192357645773537
2023-07-19,nighttime,6,0.8870041885518242,0.01843071182970125,0.5301023479831407
2023-07-20,daytime,6,0.8307111726573253,0.040562261138655714,0.7234913793103585
2023-07-20,nighttime,6,0.9221163360231371,0.008862581771539505,0.4091172717782159
2023-07-21,daytime,6,0.9409291308689537,0.005130991382014694,0.9450373265193653
2023-07-21,nighttime,6,0.8034552569034007,0.05414850845829682,0.3594128736870462
2023-07-22,daytime,6,0.956471437720721,0.0028008660399493155,0.7729750125775732
2023-07-22,nighttime,6,0.8127357427502739,0.049318370750215806,0.5417625780993108
2023-07-23,daytime,6,0.9724589622257708,0.0011273180832935062,0.6931540342298207
2023-07-23,nighttime,6,0.9551569777484059,0.0029712576254944424,0.8805194805194803
2023-07-24,daytime,6,0.9959682335422035,2.4349942689656984e-5,2.412396306657462
2023-07-24,nighttime,6,0.9841914000785472,3.7289236913510903e-4,0.8223203026481706
2023-07-25,daytime,6,0.9216034536643347,0.008978114404870063,0.596338931873937
2023-07-25,nighttime,6,0.9612736198857449,0.0022205591693739055,1.465486086013728
2023-07-26,daytime,6,0.9677350524042542,0.0015447459267610081,1.003709660126513
2023-07-26,nighttime,6,0.9928341460265202,7.684021337651102e-5,1.0611183355006506
2023-07-27,daytime,6,0.97400796952566,0.0010045985508907766,0.6336119919285086
2023-07-27,nighttime,6,0.9910850050870436,1.1886143232307754e-4,0.6122503328894815
2023-07-28,daytime,6,-0.3206132873750767,0.5355584505318063,-0.09231933409005312
2023-07-28,nighttime,6,0.9974005769652157,1.0126718019780198e-5,0.6533633730286414
2023-07-29,daytime,6,0.9017000943284275,0.014019377506286602,0.6295173110942663
2023-07-29,nighttime,6,0.9757310712457264,8.763243865351995e-4,0.8771343391453574
2023-12-02,daytime,6,-0.7799597692272623,0.06729963344953617,-0.6145641025641512
2023-12-02,nighttime,6,-0.7736772663427031,0.0710366204127124,-0.4128113879003591
2023-12-03,daytime,6,-0.7204256450570553,0.10631670971695283,-0.2631504624726672
2023-12-03,nighttime,6,0.7329153857689673,0.09747515427482524,2.8051948051946725
2023-12-04,daytime,6,-0.9701229657731909,0.0013256210855821838,-0.41874084919473487
2023-12-04,nighttime,6,-0.7690257168526892,0.07386254189943413,-2.048780487804824
2023-12-05,daytime,6,-0.8148777917049281,0.048233257492379444,-0.4673529653022796
2023-12-05,nighttime,6,0.9489512042814212,0.003842453257773461,0.6853233830845746
2023-12-06,daytime,6,NA,NA,NA
2023-12-06,nighttime,6,-0.9237022282378746,0.008509946947895048,-2.299999999999984
2023-12-07,daytime,6,-0.035212577361847415,0.9472029644453639,-0.0416666666667014
2023-12-07,nighttime,6,-0.8770921417767629,0.021731168372912415,-2.7931034482757395
2023-12-08,daytime,6,NA,NA,NA
2023-12-08,nighttime,6,NA,NA,2.4173154764631364e-14
2023-12-09,daytime,6,-0.8796412197905177,0.02085758111447225,-0.9906955162645277
2023-12-09,nighttime,6,-0.3618517475607144,0.4809122132027994,-0.27559055118107206
2023-12-10,daytime,6,-0.7080736434885871,0.11539236877142556,-0.3002544529262127
2023-12-10,nighttime,6,-0.7801212397757608,0.06720480095453654,-1.0306035219695604
2023-12-11,daytime,6,NA,NA,NA
2023-12-11,nighttime,6,-0.802642693929028,0.05458133510383204,-1.1840000000000093
2023-12-12,daytime,6,-0.2867696673382018,0.5816370149194325,-0.19736842105262517
2023-12-12,nighttime,6,NA,NA,NA
2023-12-13,daytime,6,0.2483762960973928,0.6350968201280494,0.2307692307692105
2023-12-13,nighttime,6,NA,NA,1.6801539252249185e-14
2023-12-14,daytime,6,-0.36210341218894204,0.48058417884435745,-0.15734265734266029
2023-12-14,nighttime,6,-0.9925869879177075,8.222543950539293e-5,-1.3100171070138766
2023-12-15,daytime,6,0.8208142915204241,0.04528467299376673,1.3118148599269137
2023-12-15,nighttime,6,NA,NA,1.6175345195664224e-14
2023-12-16,daytime,6,0.809312376595744,0.05107578485404687,0.6428571428571384
2023-12-16,nighttime,6,NA,NA,-0
2023-12-17,daytime,6,0.42736381699675574,0.3979811023911247,0.40952380952379835
2023-12-17,nighttime,6,0,1,2.4425116810360775e-14
2023-12-18,daytime,6,-0.213308475127388,0.6848901090383074,-0.06521739130434819
2023-12-18,nighttime,6,-0.7311339232621021,0.09871542532664808,-0.9487179487179528
2023-12-19,daytime,6,-0.8787022204793616,0.021177390682726442,-0.6742550655542401
2023-12-19,nighttime,6,-0.9987386486260126,2.3855075233750744e-6,-0.8894277400581934
2023-12-20,daytime,6,0.8456438596801982,0.03389989642421796,1.7320525783619405
2023-12-20,nighttime,6,0.06402169274312838,0.9040986662107016,0.019748653500908774
2023-12-21,daytime,6,-0.6581510032592058,0.1553167420811494,-1.0222222222222326
2023-12-21,nighttime,6,-0.878310065653684,0.02131164112875531,-1.200000000000104
2023-12-22,daytime,6,-0.5383430838973012,0.27049486052678995,-0.19948186528498554
2023-12-22,nighttime,6,-0.9999999999999998,7.395570986446979e-32,-0.3636363636363603
2023-12-23,daytime,6,0.7871424182398767,0.06314041224987897,0.6561743341404019
2023-12-23,nighttime,6,-0.37050696344136663,0.4696703024874044,-0.07452093683462843
2023-12-24,daytime,6,0.8548226312918542,0.03008478946663249,1.3870967741935192
2023-12-24,nighttime,6,0.6323345612272495,0.17791669596409046,0.32844574780059715
2023-12-25,daytime,6,-0.9096360724069237,0.011879519490869786,-0.7593913456967054
2023-12-25,nighttime,6,-0.6324555320336758,0.17780780835622126,-0.5000000000000319
2023-12-26,daytime,6,0.7647851801529767,0.07648226830244967,0.9819819819819917
2023-12-26,nighttime,6,-0.9796308358288854,6.181286614212508e-4,-1.225793327908878
2023-12-27,daytime,6,0.47010622283015274,0.34678737064486054,0.5348837209302291
2023-12-27,nighttime,6,-0.5795446908939254,0.22800939499354458,-0.5384615384615362
2023-12-28,daytime,6,0.16131742792031964,0.7601228650428535,0.1935483870967683
2023-12-28,nighttime,6,-0.8813408533811553,0.02028462963305148,-1.0629370629370474
2023-12-29,daytime,6,0.6907346178291989,0.12867775932871947,1.027777777777746
2023-12-29,nighttime,6,0.20000000000000004,0.704,0.39999999999991864
2023-12-30,daytime,6,-0.8783106049772451,0.021311456218203285,-0.8980969920196501
2023-12-30,nighttime,6,NA,NA,NA
2023-12-31,daytime,6,0.776559913219803,0.06931053262990992,1.9243243243243229
2023-12-31,nighttime,6,0.34426518632954584,0.5040031204363208,0.024691358024689632
2024-01-01,daytime,6,0.9134786003354819,0.010905081351477807,3.014492753623229
2024-01-01,nighttime,6,NA,NA,NA
2024-01-02,daytime,6,0.07496646840369868,0.8877609520980807,0.07232327633156167
2024-01-02,nighttime,6,0.7006490497453737,0.12100391941035074,0.9000000000000237
2024-01-03,daytime,6,-0.6639419484660386,0.15042616062366876,-0.7695652173913119
2024-01-03,nighttime,6,NA,NA,NA
2024-01-04,daytime,6,0.5831948894407146,0.22438470372346797,0.6802325581395257
2024-01-04,nighttime,6,-0.9607811388158635,0.0022770169696747504,-0.9482758620689943
2024-01-05,daytime,6,0.8495769730597902,0.0322388130895466,2.6333333333333244
2024-01-05,nighttime,6,-0.3816096797205212,0.455371616041296,-0.23857868020300987
2024-01-06,daytime,6,0.722313423194355,0.1049585693560601,0.30371991247263963
2024-01-06,nighttime,6,-0.9920391870928283,9.480955677794706e-5,-1.1298819255222499
2024-01-07,daytime,6,0.9146809567169177,0.010608475594244202,2.9047619047618505
2024-01-07,nighttime,6,0.5236217558734217,0.2863506054757959,0.044222539229679905
2024-01-08,daytime,6,-0.7976427755335812,0.057279562471520905,-0.6235727485222754
2024-01-08,nighttime,6,0.8779444839247728,0.02143715949059167,0.6999999999999753
2024-01-09,daytime,6,-0.3134578344107683,0.5452127757139116,-0.3779069767442056
2024-01-09,nighttime,6,-0.9467739005147744,0.0041741312595388064,-2.0880281690140943
2024-01-10,daytime,6,0.5329565554370129,0.2762563736697583,0.9155844155844846
2024-01-10,nighttime,6,0.28441669127764774,0.5848786020643093,0.11507293354945938
2024-01-11,daytime,6,0.7773402399828382,0.06884661058439781,0.3851674641148266
2024-01-11,nighttime,6,0.644877837696922,0.16677508653410877,0.2784503631961492
2024-01-12,daytime,6,-0.27463973600149333,0.5983980195654863,-0.10249196141478845
2024-01-12,nighttime,6,-0.8963589068606307,0.015555585113703158,-0.22858982614294512
2024-01-13,daytime,6,0.8328265125462799,0.039584465731629555,0.815999999999995
2024-01-13,nighttime,6,NA,NA,7.980678607171978e-15
2024-01-14,daytime,6,0.5573722030482824,0.2505193711347311,0.2629233511586829
2024-01-14,nighttime,6,NA,NA,1.7366917262572717e-14
2024-01-15,daytime,6,0.684301519825318,0.13376616734279453,0.28384279475981944
2024-01-15,nighttime,6,0.36203309401910083,0.48067582872502684,0.1747572815534169
2024-01-18,daytime,6,0.3107175665908296,0.5489228269519046,0.7226277372262851
2024-01-18,nighttime,6,-0.4152273992686993,0.41295436655114914,-0.0862068965517176
2024-01-19,daytime,6,0.7165255024735255,0.10914699394453325,0.8296529968454368
2024-01-19,nighttime,6,-0.39270455493905315,0.4412240007433474,-1.0666666666666729
2024-01-20,daytime,6,0.3305163510742812,0.5222784513815204,0.3992248062015205
2024-01-20,nighttime,6,NA,NA,NA
2024-01-21,daytime,6,0.53971915475682,0.2690304900323079,0.6325301204819249
2024-01-21,nighttime,6,-0.8937438024393624,0.016335732881659622,-0.7150964812712886
2024-01-22,daytime,6,-0.5693248348251244,0.2382805956105027,-0.2830882352941181
2024-01-22,nighttime,6,NA,NA,NA
2024-01-23,daytime,6,0.48113317017524865,0.33398879361097566,0.5028901734104092
2024-01-23,nighttime,6,0.5795446908939268,0.22800939499354325,0.6237623762376576
2024-01-24,daytime,6,0.22425763162850224,0.6692526772543671,0.10920436817471992
2024-01-24,nighttime,6,0.7913169925382089,0.060778970245647164,0.5301204819277173
2024-01-25,daytime,6,0.689986660918626,0.12926498270125514,0.43673965936738773
2024-01-25,nighttime,6,0.3730235484764953,0.46641715050950294,0.35714285714285954
2024-01-26,daytime,6,0.37039408177014466,0.4698163882586278,0.6502890173410104
2024-01-26,nighttime,6,0.8306623862918092,0.040584943832961566,1.499999999999991
2024-01-27,daytime,6,0.41462529153351063,0.41370203632797226,0.28837209302323613
2024-01-27,nighttime,6,0.1069656374601425,0.84016347537420355,1.0000000000009504
2024-01-28,daytime,6,NA,NA,-0
2024-01-28,nighttime,6,-0.3968825412828818,0.43593381396429315,-0.3465346534653297
2024-01-29,daytime,6,0.7531506580310515,0.08388106378163812,1.0238095238095437
2024-01-29,nighttime,6,0.7592566023652949,0.07995964654558282,0.8235294117647073
2024-01-30,daytime,6,0.9259054406124569,0.008031615892515151,1.250000000000011
2024-01-30,nighttime,6,0.7276068751090016,0.10119150721829348,1.5000000000000586
2024-01-31,daytime,6,NA,NA,NA
2024-01-31,nighttime,6,NA,NA,NA
2024-02-01,daytime,6,0.8366986561726463,0.037823588021242735,1.2895927601809847
2024-02-01,nighttime,6,NA,NA,2.2506040642934777e-14
2024-02-02,daytime,6,0.6968076854161454,0.12395280480643582,1.6333333333334634
2024-02-02,nighttime,6,0.9367499606057403,0.005874333199601653,0.6504854368932153
2024-02-03,daytime,6,0.9066335730589646,0.012668983424600096,2.1666666666667025
2024-02-03,nighttime,6,0.8623666404708421,0.027110822133232966,0.21247892074199262
2024-02-04,daytime,6,0.7811930205236038,0.0665768858520715,0.8274111675126797
2024-02-04,nighttime,6,0.8505773601315836,0.03182259895597828,1.1037735849056736
2024-02-05,daytime,6,0.37476584449792766,0.46416905941167064,0.5208333333333054
2024-02-05,nighttime,6,0.8109307588519363,0.05024142101852159,1.3750000000000129
2024-02-06,daytime,6,0.8950446761897918,0.015945356012327747,2.500000000000097
2024-02-06,nighttime,6,0.8496617760555296,0.03220343155172184,0.6617647058823503
2024-02-07,daytime,6,NA,NA,NA
2024-02-07,nighttime,6,0.9721958742954988,0.0011488568498135272,1.2716763005780367
2024-02-08,daytime,6,0.6761234037828115,0.14035738661899588,1.0000000000000107
2024-02-08,nighttime,6,0.8313960272589207,0.040244471610651936,0.8510638297872456
2024-02-09,daytime,6,0.9115938720088256,0.011377989811276244,0.910577161258348
2024-02-09,nighttime,6,0.9211323729436778,0.00908487153028704,0.9545454545454561
2024-02-10,daytime,6,0.21521653985443656,0.6821594071774455,0.14159779614322968
2024-02-10,nighttime,6,0.9247218733927468,0.008286901611869516,0.26134185303514423
2024-02-11,daytime,6,0.48126649495327267,0.33383511412849304,0.41558441558440345
2024-02-11,nighttime,6,0.8660254037844386,0.025721420742506544,1.5000000000000435
2024-02-12,daytime,6,0.6981839653393741,0.12289272640173707,0.904584882280054
2024-02-12,nighttime,6,-0.5015503913178149,0.31075761441573513,-0.18749999999999017
2024-02-13,daytime,6,0.5165320408094346,0.2941086945419705,4.466666666665568
2024-02-13,nighttime,6,0.8106138025238049,0.05040432783927034,1.224000000000007
2024-02-14,daytime,6,NA,NA,NA
2024-02-14,nighttime,6,0.966860961021284,0.0016290972782076515,0.43766578249337346
2024-02-15,daytime,6,0.6293135341722325,0.1806449564667357,0.37299035369774175
2024-02-15,nighttime,6,-0.8075991151920342,0.05196599306969284,-0.21565217391303848
2024-02-16,daytime,6,0.7150382542103636,0.1102348925170022,1.3003412969283228
2024-02-16,nighttime,6,0.9445228194806313,0.004531204791281031,0.6172248803827894
2024-02-17,daytime,6,-0.5468314596249902,0.26151085217152764,-0.6601659751037742
2024-02-17,nighttime,6,0.8708079131258163,0.02395774654666569,1.3313253012048276
2024-02-18,daytime,6,0.23452940548509052,0.6546559244114938,0.2999999999999873
2024-02-18,nighttime,6,0.9019120678598656,0.0139599997599277,1.7600000000000071
2024-02-19,daytime,6,0.9194092578030536,0.009480588486452612,0.9885601577909344
2024-02-19,nighttime,6,0.934060363929452,0.006378699464962885,0.8530805687203806
2024-02-20,daytime,6,0.7975916494199571,0.05730746251184249,0.7032828282828627
2024-02-20,nighttime,6,0.7929164276288979,0.059885163761242345,1.2142857142857801
2024-02-21,daytime,6,0.93238085677722915,0.006703933650209006,1.2914798206277842
2024-02-21,nighttime,6,0.26344029842533806,0.6139810348861814,1.3214285714285654
2024-02-22,daytime,6,0.45968977383646936,0.3590349398518512,1.2638888888888333
2024-02-22,nighttime,6,0.9240073920887026,0.008442890724567687,0.6135458167330545
2024-02-23,daytime,6,0.1513002044644695,0.7747814566726111,0.10543233686919787
2024-02-23,nighttime,6,0.9829452018907429,4.3381887618640667e-4,0.6484149855907848
2024-02-24,daytime,6,-0.04742494140849955,0.9289159201995263,-0.03902707159549927
2024-02-24,nighttime,6,0.9775162986836737,7.525922926721479e-4,0.9908466819222054
2024-02-25,daytime,6,-0.19149203445584806,0.7162728781003139,-0.21000704721634617
2024-02-25,nighttime,6,0.9178570359601443,0.009844071361150388,1.8974358974358847
2024-02-26,daytime,6,0.9427027114579377,0.0048304160060307156,2.524390243902474
2024-02-26,nighttime,6,0.6323709458579857,0.177883942701699,0.1327231121281436
2024-02-27,daytime,6,0.20304338925741347,0.6996203122290439,0.24714828897337365
2024-02-27,nighttime,6,0.9034718915099159,0.01352680478620376,0.2487046632124412
2024-02-28,daytime,6,-0.4776668152623794,0.33799334161120503,-0.36817279046673196
2024-02-28,nighttime,6,-0.7010259454422043,0.1207162574689032,-2.376623376623345
2024-02-29,daytime,6,0.6011713996744892,0.20687669207565185,0.2893566427407378
2024-02-29,nighttime,6,-0.4393452667681134,0.3833842481028552,-0.1286828422876962
2024-03-01,daytime,6,0.9205695388519372,0.009213225977700946,1.6551724137930885
2024-03-01,nighttime,6,0.9850401796580289,3.3402036133898416e-4,0.6808035714285775
2024-03-02,daytime,6,0.6420387375057811,0.16927048849442874,0.7328244274809195
2024-03-02,nighttime,6,0.9948203788334906,4.017323247323049e-5,1.7201365187713646
2024-03-03,daytime,6,0.9674684797363013,0.0015702356651332574,1.3195488721804405
2024-03-03,nighttime,6,0.9877004634731099,2.259875698387625e-4,1.1141552511415451
2024-03-04,daytime,6,0.8145739003025927,0.04838651985842786,2.229166666666709
2024-03-04,nighttime,6,0.6798684627094875,0.1373220893180312,1.9736842105262855
2024-03-05,daytime,6,0.6211872954793723,0.18806896318481162,0.6022514071294556
2024-03-05,nighttime,6,0.8993631273908189,0.01468205613352914,1.8559322033898347
2024-03-06,daytime,6,-0.8944395708720916,0.01612637614406229,-1.2878787878788607
2024-03-06,nighttime,6,0.9660193466074338,0.0017124087354106375,0.4273127753303986
2024-03-07,daytime,6,0.0915961282340033,0.8629900465696274,0.06340057636886577
2024-03-07,nighttime,6,0.9581706830115125,0.0025879434339602394,0.5968523002421358
2024-03-08,daytime,6,0.32047851104813785,0.5357398426865253,0.25320115654690595
2024-03-08,nighttime,6,0.9469827577824887,0.004141730784804467,1.8778280542985946
2024-03-09,daytime,6,0.44642222065243164,0.3748510359867529,0.7039800995024977
2024-03-09,nighttime,6,0.9842615323782603,3.695998404179383e-4,1.5069767441860387
2024-03-11,daytime,6,0.6453818631909615,0.16633370577279177,2.0330033003299346
2024-03-11,nighttime,6,0.9289122933735394,0.007400573536875092,1.0640000000000114
2024-03-12,daytime,6,0.9883565853553239,2.0256441323292468e-4,1.3364109848485068
2024-03-12,nighttime,6,0.5553360369441929,0.25262823777887483,0.3308270676691861
2024-03-13,daytime,6,0.9931255337592687,7.072499139625384e-5,1.4313127690100709
2024-03-13,nighttime,6,0.9671004711351225,0.0016057636197274571,0.5284872298624812
2024-03-14,daytime,6,0.9696191981416559,0.0013704690467626463,1.0429015883412347
2024-03-14,nighttime,6,0.9722509856419945,0.0011443282180421622,0.7829525483304042
2024-03-15,daytime,6,0.9236584844584856,0.008519580286048654,0.8167621895506508
2024-03-15,nighttime,6,0.9821810152587709,4.734454174974727e-4,0.8583509513742129
2024-03-16,daytime,6,0.9252674634294374,0.008168739217781117,0.8221374045801527
2024-03-16,nighttime,6,0.9703393680842168,0.001306582612240337,0.6420204978038093
2024-03-17,daytime,6,0.9635581527712623,0.001967814807656052,1.2504655493482555
2024-03-17,nighttime,6,0.8913393949469129,0.017069205848958078,0.622617534942818
2024-03-18,daytime,6,0.9905177950230732,1.344420338283024e-4,1.3017731398998658
2024-03-18,nighttime,6,0.9370571571466598,0.00581801867613064,0.5906593406593438
2024-03-19,daytime,6,0.9632934789164038,0.0019963244264761958,1.2673130193906068
2024-03-19,nighttime,6,0.8904971484073497,0.01732979428458419,0.46818312697955566
2024-03-20,daytime,6,0.9485483221882622,0.003902809350425077,3.767518009168394
2024-03-20,nighttime,6,0.901578995961983,0.014053353977368274,0.6925734024179684
2024-03-21,daytime,6,0.7125929026122121,0.1120339382564483,3.6442953020134476
2024-03-21,nighttime,6,0.5089511848264622,0.3024903684536459,0.8712871287128466
2024-03-22,daytime,6,0.9604259165318019,0.00231817347753634,2.3200208822762063
2024-03-22,nighttime,6,0.8983690275220462,0.014968416083117546,1.1308900523560348
2024-03-23,daytime,6,0.9702117245519895,0.0013177958469126586,2.7777777777777826
2024-03-23,nighttime,6,0.9799198987904755,6.007674434083204e-4,1.1324503311258278
2024-03-24,daytime,6,0.9832266922000434,4.196562482931127e-4,1.0278242844614327
2024-03-24,nighttime,6,0.98322150235225525,4.1991525056263805e-4,1.2550458715596442
2024-03-25,daytime,6,0.9496339697339539,0.0037412228207610314,2.978335795174737
2024-03-25,nighttime,6,0.9438589248182409,0.004639257193001673,0.7678571428571553
2024-03-26,daytime,6,0.8843065024163052,0.019303200187681082,1.7918575960520415
2024-03-26,nighttime,6,0.9120535658575731,0.011261748759883013,1.1787709497206629
2024-03-27,daytime,6,0.9848349959144538,3.4322221965401423e-4,2.2984878369493393
2024-03-27,nighttime,6,0.722831174734823,0.10458742751268513,0.7537593984962436
2024-03-28,daytime,6,0.9468855962830752,0.0041567882419840455,2.776649746192902
2024-03-28,nighttime,6,0.4203495588109198,0.4066122320469046,0.15581854043392174
2024-03-29,daytime,6,0.923172904222821,0.008626871741650962,0.7722868217054011
2024-03-29,nighttime,6,0.9648968104823771,0.001826723201153192,1.6636363636363252
2024-03-30,daytime,6,0.96756299291514,0.001561174691514557,1.969864698647015
2024-03-30,nighttime,6,0.9593512604034785,0.0024448976828479524,0.8296422487223178
2024-03-31,daytime,6,0.9823726820483165,4.633449065298097e-4,0.9041684992425146
2024-03-31,nighttime,6,0.9596680188951853,0.002407199664125841,0.5748613678373339
2024-04-01,daytime,6,0.9498816647806935,0.0037048264795894246,0.9816753926701557
2024-04-01,nighttime,6,0.9533443245794972,0.0032143491548817502,0.5487489214840373
2024-04-02,daytime,6,0.9753711349881459,9.024017869756428e-4,1.1773785425101184
2024-04-02,nighttime,6,0.9457680522999338,0.004331905323756042,0.7988056959118065
2024-04-04,daytime,6,0.988644700274767,1.9268215552327678e-4,4.81623277182237
2024-04-04,nighttime,6,0.9889891517399957,1.811906982056327e-4,1.011933174224334
2024-04-05,daytime,6,0.9280213373431557,0.007584933686816437,1.9525280898876223
2024-04-05,nighttime,6,0.9965230346931243,1.8112914600788285e-5,0.9181532004197381
2024-04-06,daytime,6,0.7354633129711893,0.09571339462918173,2.2172284644196116
2024-04-06,nighttime,6,0.956859294852137,0.002751535636894793,1.2391304347826042
2024-04-07,daytime,6,0.710976120891775,0.11323042768445804,0.682142857142855
2024-04-07,nighttime,6,0.7960029457578481,0.05817754909254577,2.1724137931034715
2024-04-08,daytime,6,0.917497392621174,0.009929235903407543,1.5679644808742845
2024-04-08,nighttime,6,0.9612969387656859,0.0022179032441465626,0.9353612167300435
2024-04-09,daytime,6,0.9201642321357529,0.00930619813976567,1.6209551229892445
2024-04-09,nighttime,6,0.906057352884075,0.012823299112141869,2.243654822335023
2024-04-10,daytime,6,0.9901688983969644,1.4450074736238448e-4,1.1666693654160603
2024-04-10,nighttime,6,0.9153374581249187,0.010448199197324948,0.622720897615708
2024-04-11,daytime,6,0.9631462539210444,0.0020122705469126506,1.7682403433476317
2024-04-11,nighttime,6,0.9623994837926242,0.002094118445886658,1.0011918951132297
2024-04-12,daytime,6,0.8201744267936696,0.045598324098633,0.7151706036745259
2024-04-12,nighttime,6,0.943635251861135,0.0046759422741668435,2.0172744721689058
2024-04-13,daytime,6,0.883471286880165,0.01957724321300291,1.0755047848088395
2024-04-13,nighttime,6,0.9601328705018367,0.0023523998527380605,0.9458461538461518
2024-04-14,daytime,6,0.7751980220892957,0.07012360548083323,0.6347334410339216
2024-04-14,nighttime,6,0.9499616820552322,0.003693106091671627,0.9252548131370294
2024-04-15,daytime,6,0.8850088636706257,0.01907418047099508,2.2488967343336346
2024-04-15,nighttime,6,0.9857610996711605,3.026759818071244e-4,1.0232558139534902
2024-04-16,daytime,6,0.8106022302970564,0.05041028026828907,0.546274223485037
2024-04-16,nighttime,6,0.9624772100938104,0.002085524354336665,0.6549053356282313
2024-04-17,daytime,6,0.6659868237797708,0.14871514591647175,0.5201660270968571
2024-04-17,nighttime,6,0.9695813480505462,0.0013738684756873397,0.517954815695598
2024-04-18,daytime,6,0.7101423242031132,0.11384965371578609,0.529555666093123
2024-04-18,nighttime,6,0.9589703042743309,0.0024906184649931876,0.7417040358744365
2024-04-19,daytime,6,0.8659898566690213,0.025734752552226754,0.8162269811059059
2024-04-19,nighttime,6,0.9279338921086833,0.007603147332809674,0.670826833073323
2024-04-20,daytime,6,0.8000860215684176,0.05595355723302506,0.9178034732146879
2024-04-20,nighttime,6,0.9501934307451636,0.003659264074159249,0.7691532258064577
2024-04-21,daytime,6,0.8271918384904334,0.04221373528115426,0.9003420657433306
2024-04-21,nighttime,6,0.9106830691261393,0.011610007671562787,0.8799414348462744
2024-04-22,daytime,6,0.5740175556131936,0.23354195507539077,0.40129910729793616
2024-04-22,nighttime,6,0.9538438912682669,0.003146414387341065,0.7801922273297203
2024-04-23,daytime,6,0.6288213558727453,0.18109107238690325,0.5198889495721752
2024-04-23,nighttime,6,0.9173483620086267,0.009964631105106512,0.7557538750587155
2024-04-24,daytime,6,0.6536669738701527,0.1591491190692543,3.10352673492614
2024-04-24,nighttime,6,0.9806949011437682,5.554328846111671e-4,0.8793893129770989
2024-04-25,daytime,6,0.8944526236860719,0.01612246096205609,1.4179071481207894
2024-04-25,nighttime,6,0.9035700301857531,0.01349977005324565,1.8510638297872042
2024-04-26,daytime,6,0.8239709050909809,0.043752123292388076,0.9121410038471857
2024-04-26,nighttime,6,0.9491468618690639,0.003813308319828776,1.1636363636363292
2024-04-27,daytime,6,0.968477265929606,0.001474862346160672,2.657483930211245
2024-04-27,nighttime,6,0.9875482597627085,2.3160345717472018e-4,0.7356115107913702
2024-04-28,daytime,6,0.33613301843794074,0.5147895351363484,0.5873912176973265
2024-04-28,nighttime,6,0.8362709835460214,0.03801622874931871,0.7788018433179797
2024-04-29,daytime,6,0.929276747849685,0.007325796574770776,0.9440829963073664
2024-04-29,nighttime,6,-0.411742423316861,0.41728808687308183,-0.10628394103956189
2024-04-30,daytime,6,0.8715728414814499,0.023681193647835923,1.452342917997897
2024-04-30,nighttime,6,0.866321762562998,0.0256104003061627,0.6966993755575447
2024-05-01,daytime,6,0.8664255615549096,0.025571569620706926,0.8510069506326746
2024-05-01,nighttime,6,0.9553031867209466,0.0029520599148058413,0.4750542299349194
2024-05-02,daytime,6,0.5600348027068683,0.24777216815046096,0.35271417215825945
2024-05-02,nighttime,6,0.9376638032304009,0.005707589100344973,0.7680898876404578
2024-05-03,daytime,6,0.9538450133830303,0.0031462625975965117,1.4715011084888732
2024-05-03,nighttime,6,0.9190185135342646,0.009571463384606538,0.7629032258064508
2024-05-04,daytime,6,0.46225514262616957,0.356004583175848,3.2857142857142847
2024-05-04,nighttime,6,0.7825706905625464,0.06577371674416323,3.068965517241423
2024-05-05,daytime,6,0.843079024181482,0.03500426280791927,8.200000000001463
2024-05-05,nighttime,6,0.980401269983578,5.724012911528207e-4,0.5339925834363389
2024-05-06,daytime,6,0.9080240982343563,0.012300311629455371,1.0750758560901403
2024-05-06,nighttime,6,0.8165382378539002,0.047399829246567805,0.66000000000002
2024-05-07,daytime,6,0.704629010599629,0.11798135561198754,0.4355393360937533
2024-05-07,nighttime,6,0.9452926201009978,0.0044074793351687345,0.6378299120234647
2024-05-08,daytime,6,0.6115324223714272,0.1970493385000457,0.39561937114866574
2024-05-08,nighttime,6,0.9430131110738021,0.004778725646352046,0.47312815801561664
2024-05-09,daytime,6,0.5650967036315949,0.24258232030372784,0.2917073697277006
2024-05-09,nighttime,6,0.9296696802013674,0.00724559149925337,0.7764705882352984
2024-05-10,daytime,6,0.6128238607502441,0.19583815439480903,0.2986194995685936
2024-05-10,nighttime,6,0.9309891105910607,0.006979422006531737,0.5916542473919577
2024-05-11,daytime,6,0.6487440799793875,0.16340197762907285,0.34950683085217255
2024-05-11,nighttime,6,0.8986769211560118,0.014879439538283967,0.5955056179775321
2024-05-12,daytime,6,0.7727823544340114,0.07157640746277101,0.46624713958809927
2024-05-12,nighttime,6,0.879665279536972,0.020849417275818634,0.4904281239122886
2024-05-13,daytime,6,0.9062375172701181,0.01277495285766699,1.3391142444718371
2024-05-13,nighttime,6,0.8276255719134105,0.042008539369581835,0.46774696167030194
2024-05-14,daytime,6,0.899008059428267,0.014784030902167974,0.5248437435078712
2024-05-14,nighttime,6,0.9317799462876256,0.006822216355691037,0.5726872246696055
2024-05-15,daytime,6,0.8056611221619798,0.05298154271217273,0.44154263089918905
2024-05-15,nighttime,6,0.9830743667264615,4.2729118972157276e-4,0.751170046801877
2024-05-16,daytime,6,0.9863602895513587,2.777937742168188e-4,2.8419721871049144
2024-05-16,nighttime,6,0.9901175014609052,1.4601308499420128e-4,0.5875810936051894
2024-05-17,daytime,6,0.9757666731676129,8.73765633422648e-4,1.6173732599359778
2024-05-17,nighttime,6,0.8691728325376721,0.024554019221005394,0.30645161290322925
2024-05-18,daytime,6,0.9323820487308021,0.006703700030598694,1.7147010443363802
2024-05-18,nighttime,6,0.9779347901485851,7.249387458629752e-4,0.748704663212437
2024-05-19,daytime,6,0.949504606577025,0.0037603009431887257,0.5231603178139046
2024-05-19,nighttime,6,-0.17626934563502109,0.7383344035852509,-0.18044270103670076
2024-05-20,daytime,6,0.8558552118963422,0.029669079887342298,0.2892527220074115
2024-05-20,nighttime,6,0.900997861609618,0.014216954170577265,0.48421052631579264
2024-05-21,daytime,6,0.8211426614122971,0.04512410290834636,1.616784133748549
2024-05-21,nighttime,6,0.9733736361744448,0.0010540063191319272,0.7377049180327881
2024-05-22,daytime,6,0.923082284695551,0.008646966908678787,1.1493166820766352
2024-05-22,nighttime,6,0.8535496330246508,0.030601052481617454,0.3546025104602541
2024-05-23,daytime,6,0.8774399500813332,0.021610963592751713,1.1737294652219616
2024-05-23,nighttime,6,0.9876250243994901,2.287624796574552e-4,1.1239547466797877
2024-05-24,daytime,6,0.9838810471958919,3.876369409387735e-4,2.6755988631750087
2024-05-24,nighttime,6,0.9195348580280301,0.009451467232758115,0.7106598984771682
2024-05-25,daytime,6,0.9472040614913557,0.004107534691388491,2.3405017921147357
2024-05-25,nighttime,6,0.9734393408987441,0.00104883406218613,1.665384615384609
2024-05-26,daytime,6,0.9968076834804752,1.5270060876360936e-5,2.017964071856296
2024-05-26,nighttime,6,0.9683172487888376,0.0014897935655211964,1.87417218543045
2024-05-27,daytime,6,0.6919122043495545,0.12775558221178057,0.33217931646694754
2024-05-27,nighttime,6,0.9898668718580008,1.5350019266570903e-4,2.7672955974842433
2024-05-28,daytime,6,0.9272116284936289,0.007754398792792311,2.1989035995036446
2024-05-28,nighttime,6,0.9922071744106599,9.085557413348928e-5,1.446989877464038
2024-05-29,daytime,6,0.7296194295186182,0.09977530527333128,0.6735829360423992
2024-05-29,nighttime,6,0.9934803249617178,6.362068072354622e-5,1.5248057381948608
2024-05-30,daytime,6,0.9537400906019665,0.0031604712039134553,1.1232676878191508
2024-05-30,nighttime,6,0.9764491978348819,8.254293121463937e-4,0.8291621327529958
2024-05-31,daytime,6,0.6022755213728991,0.20582016557110538,0.1069857961571236
2024-05-31,nighttime,6,0.9267631437823083,0.007849047703111206,0.7130218413049556
2024-06-01,daytime,6,0.8893677837170566,0.01768219011755523,1.1181995673051726
2024-06-01,nighttime,6,0.9769551339097869,7.904796089387094e-4,1.7857142857142732
2024-06-02,daytime,6,0.4011373121825859,0.43056776347288694,0.805383022774311
2024-06-02,nighttime,6,0.9944708587543085,4.577258756981225e-5,2.7427652733118393
2024-06-03,daytime,6,0.815002078166919,0.048170640810533856,1.0776566757493193
2024-06-03,nighttime,6,0.1449556035447097,0.7840895074583852,0.21472392638039997
2024-06-04,daytime,6,0.867581205687936,0.025141141258767267,1.183089796428131
2024-06-04,nighttime,6,0.9858899896369497,2.9723399080777355e-4,1.3442498095963387
2024-06-05,daytime,6,0.6666127243076159,0.1481931030237233,0.22561852501450125
2024-06-05,nighttime,6,0.9380989012600095,0.005629024393300285,0.8228346456692905
2024-06-06,daytime,6,0.5576432161426094,0.2502392038355998,0.111737298526436
2024-06-06,nighttime,6,0.9627449774003144,0.0020560512566260665,1.0653266331658349
2024-06-07,daytime,6,0.4803426160390274,0.33490056858239614,0.09047233676314996
2024-06-07,nighttime,6,0.9717801567109366,0.0011833027619633596,0.9033613445378149
2024-06-08,daytime,6,0.7758304575341819,0.06974549354921558,0.4483055490334391
2024-06-08,nighttime,6,0.9491882047848159,0.0038071638740762343,0.8924276893077706
2024-06-09,daytime,6,0.6648209495854435,0.149689649243502,0.23658429594971134
2024-06-09,nighttime,6,0.9931802714010983,6.960445889453708e-5,1.164516914091021
2024-06-10,daytime,6,0.7008157402542897,0.12087665768064883,0.7610578078614559
2024-06-10,nighttime,6,0.9608768106866427,0.002265994467947031,1.04530201342282
2024-06-11,daytime,6,0.9542350487656569,0.003093720381391247,1.59768180069254
2024-06-11,nighttime,6,0.9965110987266692,1.823741393565581e-5,1.223076923076932
2024-06-12,daytime,6,0.21208362511152523,0.6866442662273478,0.045410001896710496
2024-06-12,nighttime,6,0.6640422710759656,0.15034202288824916,0.3831872099020125
2024-06-13,daytime,6,0.839703706473371,0.03648295382356951,0.41123144317353033
2024-06-13,nighttime,6,-0.12278545379098055,0.816747392496746,-0.12730061349692284
2024-06-14,daytime,6,0.4903422372195652,0.32343448701316235,0.34127772260844497
2024-06-14,nighttime,6,0.39860587140654985,0.43375776682965783,0.26307165201847643
2024-06-15,daytime,6,0.8466949746656897,0.03345212581507984,0.8122438342533362
2024-06-15,nighttime,6,0.9957769776276155,2.671322041922876e-5,1.3363309352517931
2024-06-16,daytime,6,0.37768956045126806,0.460404254684746,0.15592687433145436
2024-06-16,nighttime,6,0.03530456233603213,0.947065158513176,0.022024367385199382
2024-06-17,daytime,6,0.8374899033782992,0.03746838949776779,1.5440372870459451
2024-06-17,nighttime,6,0.05321460532744995,0.9202534384147222,0.06034868126956024
2024-06-18,daytime,6,0.5435890931192584,0.2649286868555169,0.15187552935988452
2024-06-18,nighttime,6,0.7923753698172314,0.06018684065232151,0.46286329386437874
2024-06-19,daytime,6,-0.08326078848073178,0.8753974141128598,-0.021983573665892066
2024-06-19,nighttime,6,0.7915697649304615,0.060637310009932006,0.36429974740387566
2024-06-20,daytime,6,-0.33196144043863357,0.5203486487988292,-0.0840948561032237
2024-06-20,nighttime,6,0.9970935009713465,1.2659328236229055e-5,0.49295154185021883
2024-06-21,daytime,6,0.5073066089411332,0.30432029987915327,0.15379533953515698
2024-06-21,nighttime,6,0.9911840830237154,1.1623799993691129e-4,0.4483837330552691
2024-06-22,daytime,6,0.7285492415725585,0.10052727701199736,1.0347408470030832
2024-06-22,nighttime,6,0.9974655484181865,9.62702727589243e-6,0.42530874640500765
2024-06-23,daytime,6,0.9278166882957757,0.007627592668848299,1.8746520779345859
2024-06-23,nighttime,6,0.9975509488180461,8.989433014857269e-6,0.7101675107128953
2024-06-24,daytime,6,0.8696420353378141,0.024382199012134197,1.1205124808388118
2024-06-24,nighttime,6,0.9887177955525304,1.9021416039797197e-4,0.6900826446280991
2024-06-25,daytime,6,-0.46918838756216763,0.3478604550020606,-0.13545627376426506
2024-06-25,nighttime,6,0.9264105435452552,0.007923853682629349,0.9268911439114382
2024-06-26,daytime,6,0.9132035243720519,0.010973496084729601,1.5112994350283004
2024-06-26,nighttime,6,0.9860787448132345,2.893530399661382e-4,0.24868929079455404
2024-06-27,daytime,6,0.7587242598898493,0.08029816326027446,1.5413809384626387
2024-06-27,nighttime,6,-0.4922745140915359,0.32123570345581387,-6.5272727272719635
2024-06-28,daytime,6,0.4068515021336655,0.42339543397578555,0.2106083290048604
2024-06-28,nighttime,6,0.9791769454628005,6.458849663270204e-4,0.856877323420075
2024-06-29,daytime,6,0.39280656750015963,0.4410945861186998,0.5178343949044534
2024-06-29,nighttime,6,0.9176711379346104,0.009888048070416397,0.5684170180145646
2024-06-30,daytime,6,0.6067985810218757,0.2015151179701192,0.5175524382515564
2024-06-30,nighttime,6,0.9703590508224031,0.001304857742690339,0.6781447645818691
2024-07-01,daytime,6,0.3715656615558936,0.46830087865495224,0.2332450318900187
2024-07-01,nighttime,6,0.8392459196935863,0.036685718131669987,1.334494773519165
2024-07-02,daytime,6,0.9123214311646041,0.011194281272572599,2.1779742066366006
2024-07-02,nighttime,6,0.9853053396131329,3.223130344549417e-4,0.9474018414647017
2024-07-03,daytime,6,-0.25282096716680813,0.6288485103420094,-0.1274079000498798
2024-07-03,nighttime,6,0.9791257587276492,6.490531152566508e-4,1.7992610837438499
2024-07-04,daytime,6,-0.7914831464117436,0.06068583619907943,-0.26818290132120043
2024-07-04,nighttime,6,0.6320491493427801,0.17817370941656868,0.497338852749854
2024-07-05,daytime,6,-0.8365722049980364,0.03788049885595608,-0.33614784511464457
2024-07-05,nighttime,6,0.4148052225669494,0.41347855894732993,0.24877056130236108
2024-07-06,daytime,6,-0.8713601479587154,0.023757937558215772,-0.37179962894248747
2024-07-06,nighttime,6,0.5346657170417878,0.2744231813845092,0.7523510971786976
2024-07-07,daytime,6,-0.8730146095023605,0.02316409601409405,-0.35498376399311693
2024-07-07,nighttime,6,0.5365886381781586,0.27236631950769397,0.8370165745856398
2024-07-08,daytime,6,-0.764166763547704,0.07686776737472643,-0.29864713863836745
2024-07-08,nighttime,6,0.397556755210085,0.43508206280994716,0.4933804060017232
2024-07-09,daytime,6,-0.8624395720948212,0.027082787849821634,-0.3329871804053609
2024-07-09,nighttime,6,0.2409313449130446,0.6455957635000509,0.4695051783659337
2024-07-10,daytime,6,-0.4071977443671825,0.4229621130603922,-0.3557969254259904
2024-07-10,nighttime,6,-0.4270105176864262,0.39841434156008715,-0.2366771159874556
2024-07-11,daytime,6,-0.7388751247774986,0.09337674414644766,-0.7193765116904405
2024-07-11,nighttime,6,-0.5902969112115667,0.21739924340315334,-0.19824314065719043
2024-07-12,daytime,6,-0.8667159617935957,0.02546308112650028,-0.7152044538299155
2024-07-12,nighttime,6,-0.5464770549962473,0.2618835985400286,-0.10843373493975672
2024-07-13,daytime,6,-0.8246971518423188,0.04340300918144664,-0.8875618225823337
2024-07-13,nighttime,6,-0.29501996381107526,0.5703088479857394,-0.07667525773195523
2024-07-14,daytime,6,-0.7281806525361184,0.10078684726711339,-0.5706686930091324
2024-07-14,nighttime,6,-0.007856819611786147,0.9882150130815434,-0.0015802781289482935
2024-07-15,daytime,6,0.5104994099996975,0.3007714206730309,0.44700647249190784
2024-07-15,nighttime,6,0.10970173882233475,0.8361074929912121,0.01334138243284169
2024-07-16,daytime,6,-0.7447395991523829,0.08942069606803606,-0.6316596522136363
2024-07-16,nighttime,6,0.8868455320029878,0.01848148929257532,0.31184852252080153
2024-07-17,daytime,6,0.7044959227185302,0.11808188854623462,0.4863595104385728
2024-07-17,nighttime,6,0.652965437592711,0.15975227669868974,0.16277438107647724
2024-07-18,daytime,6,-0.6737978447175254,0.14225653479622155,-0.41473509933775415
2024-07-18,nighttime,6,0.4026039058885934,0.42872315560356355,0.09785988659228212
