date,period,n,r,p,slope
2003-09-21,nighttime,24,-0.6377724179299816,8.00329296401275e-4,-0.09083403296978793
2003-11-21,nighttime,24,-0.19389134340007397,0.36397358828323445,-0.08994069412744944
2003-12-20,daytime,120,-0.5926376782689491,9.991083098910522e-13,-0.12409240959788388
2003-12-21,nighttime,24,0.7748004075007217,8.792824092902127e-6,1.0654741179549854
2004-08-20,daytime,120,-0.8890944116455293,7.351830907665163e-42,-0.22531985806647276
2004-08-20,nighttime,120,-0.9021890395021819,6.573379072361557e-45,-0.2337675471913681
2004-08-21,nighttime,24,0.6045019257408223,0.0017552650485114214,0.37048156292825457
2004-09-20,daytime,96,-0.9270218902457225,8.055991841610988e-42,-0.14896401919125793
2004-09-20,nighttime,120,-0.766187089233912,2.07319569223742e-24,-0.1827577127159185
2004-09-21,nighttime,24,0.9353292779903113,2.110398133713503e-11,0.4060850076867699
2004-10-20,daytime,144,-0.20945901579781198,0.011748283145196822,-0.11170084238506504
2004-10-20,nighttime,120,-0.8953239261003797,2.927715457464203e-43,-0.22849853128669087
2004-10-21,nighttime,24,0.6362653610044346,8.309306310496343e-4,0.7331023656053623
2004-11-20,daytime,144,-0.7915785961017368,3.5433076382706396e-32,-0.13000690791704897
2004-11-20,nighttime,96,-0.9089517891347262,1.729232162141445e-37,-0.254215146566402
2004-11-21,nighttime,24,0.09144083425095118,0.6708768653593613,0.011383568999462789
2004-12-20,daytime,144,-0.23548222261438143,0.004494035870133739,-0.2563473495596245
2004-12-20,nighttime,120,0.21634296070369413,0.017630353040000515,0.2750466509615121
2004-12-21,nighttime,24,-0.5172821459510203,0.00963595408909625,-0.054905011177216516
2005-08-20,daytime,120,-0.7153704164793889,4.3331050720768103e-20,-0.09390587816355428
2005-08-20,nighttime,96,-0.6792899659444801,2.7876060687322443e-14,-0.2253386749266919
2005-08-21,nighttime,24,-0.0853723246845995,0.6916361244601499,-0.012463796572761199
2005-09-20,daytime,144,0.5382271237123015,3.4659992565800497e-12,0.884577762788049
2005-09-20,nighttime,120,0.45927080999338094,1.3188790310781656e-7,0.17979189195761672
2005-09-21,nighttime,24,0.8681943758026448,3.8579432525730047e-8,3.073078253816046
2005-10-20,daytime,144,-0.8659306087735693,1.4472103064331027e-44,-0.15849628969616497
2005-10-20,nighttime,120,0.4705004145021076,5.8764152405963276e-8,0.13296727044330053
2005-10-21,nighttime,24,0.9519461202487355,8.699353444849006e-13,1.6999749052944721
2005-11-20,daytime,144,-0.10101552802901453,0.2283168875464734,-0.02445216578763838
2005-11-20,nighttime,120,-0.06488141172015041,0.4814058086579932,-0.01566407811386
2005-11-21,nighttime,24,-0.0454133564051388,0.8331130769954825,-0.019786258452422805
2005-12-20,daytime,144,0.7653044425014117,5.876613363487841e-29,1.1410100232770277
2005-12-20,nighttime,120,-0.8070967012259171,8.977991104731285e-29,-0.2845094653692437
2005-12-21,nighttime,24,0.5614500586079029,0.0043073321213135465,2.346040551507253
2006-08-20,daytime,144,0.3925892281605187,1.133854191537054e-6,0.12424249300907554
2006-08-20,nighttime,72,0.6380034439712847,1.6607270986919353e-9,0.39549111771053
2006-08-21,nighttime,24,-0.851614363664419,1.310068848717001e-7,-0.20418521021690594
2006-09-20,daytime,120,-0.6134918211576575,9.377048427832716e-14,-0.5071467763812222
2006-09-20,nighttime,120,0.6863051452539843,5.102189052106814e-18,1.4429423789733127
2006-09-21,nighttime,24,0.03978145339800691,0.8535763159162135,0.017058689281174863
2006-10-20,daytime,144,-0.391449181333711,1.2254323886638063e-6,-0.27250269519616843
2006-10-20,nighttime,120,0.2055598780281913,0.0243010327019829,0.16515100137593738
2006-10-21,nighttime,24,0.7858040477626359,5.357497315050231e-6,0.5342029122491828
2006-11-20,daytime,144,-0.265902275261506,0.0012765019255059342,-0.05949221281858887
2006-11-20,nighttime,120,-0.33104926276320323,2.2144474853336897e-4,-0.07565833867201278
2006-11-21,nighttime,24,-0.14296433089392946,0.5051382974772773,-0.00663996176239367
2006-12-20,daytime,144,0.7480235922419711,4.6364126221105084e-27,1.4907256746299324
2006-12-20,nighttime,120,0.546617539010467,1.0575152195248414e-10,0.19329451936151262
2006-12-21,nighttime,24,0.8513371221987632,1.3354338547645838e-7,1.5957138183946862
2007-08-20,daytime,144,0.5746662110699877,5.0107617711158485e-14,0.2723837402302217
2007-08-20,nighttime,96,0.6051546138423983,6.54950705697976e-11,0.8753663965189605
2007-08-21,nighttime,24,0.29977923682705293,0.15468133688932026,0.18560917241133132
2007-09-20,daytime,144,0.30639063293075386,1.8780606043462258e-4,0.3215939290068973
2007-09-20,nighttime,24,0.907105714216381,9.915606133083834e-10,0.7965077321957229
2007-09-21,nighttime,24,0.9333577295210866,2.9093055897191463e-11,1.5769719981841661
2007-10-20,daytime,120,-0.0027000065250087635,0.9766511998463703,-4.887632812639371e-4
2007-10-20,nighttime,120,-0.09313067459718935,0.3116729544927386,-0.014965969015364173
2007-10-21,nighttime,24,0.49005739945810645,0.015059074315002372,0.12852944090353527
2007-11-20,daytime,144,-0.8987160664089591,1.0832660645644488e-52,-0.1738173785404504
2007-11-20,nighttime,120,-0.8283014091329901,1.8084512139535639e-31,-0.18955898449955627
2007-11-21,nighttime,24,-0.20213626467901247,0.3435239889852143,-0.015830814712499208
2007-12-20,daytime,144,0.7391043887330568,3.855824613343113e-26,1.9040173758845045
2007-12-20,nighttime,120,0.7729063147891012,4.603683892814162e-25,2.2406723086186537
2007-12-21,nighttime,24,0.8881920615192802,6.954562865790218e-9,2.1553449390938852
2008-03-27,daytime,6,-0.9602259621074029,0.002341500386716645,-0.4610169491525382
2008-03-27,nighttime,6,NA,NA,4.187560829862292e-15
2008-03-28,daytime,6,0.6953288019758299,0.12509632662103717,0.04241071428571024
2008-03-28,nighttime,6,-0.9715680880738634,0.00120106861993981,-0.2840529146678271
2008-03-29,daytime,6,-0.8848926155460602,0.019111995204846348,-0.09229689419196332
2008-03-29,nighttime,6,-0.5934204421976125,0.21435519459663968,-0.03405684924738858
2008-03-30,daytime,6,-0.7754649510394473,0.06996390412682026,-0.16902695294655845
2008-03-30,nighttime,6,0.8086898285216176,0.05139843644003943,0.12456747404844494
2008-03-31,daytime,6,-0.919053966954475,0.009563200660711365,-0.5631067961164825
2008-03-31,nighttime,6,-0.7255229971650804,0.10266721486081178,-0.16238468405912065
2008-04-25,daytime,6,-0.8387311380740015,0.03691435701842031,-0.5339366515837023
2008-04-25,nighttime,6,0.8572383445666631,0.029116530576591273,0.14075630252101226
2008-04-26,daytime,6,0.9401537905234447,0.005265181525075639,0.36449037106622295
2008-04-26,nighttime,6,0.03198595802914561,0.9520374253972774,0.007004310344830486
2008-04-27,daytime,6,-0.5541369948807708,0.25387332415724223,-0.023145814755942514
2008-04-27,nighttime,6,-0.7280981501903632,0.10084498828040028,-0.10838150289016948
2008-04-28,daytime,6,0.4109298007411665,0.41830078023264766,0.025978969405717568
2008-04-28,nighttime,6,0.1479251096818868,0.779730772125768,0.007293946024800493
2008-05-28,daytime,6,0.04056369571574119,0.9391878284508355,0.09090909090899177
2008-05-28,nighttime,6,-0.9786982793104375,6.758119869201318e-4,-0.23773152568263986
2008-05-29,daytime,6,-0.9063678882942469,0.012740023446871857,-0.1252290775809426
2008-05-29,nighttime,6,-0.8697618324032749,0.024338421831955323,-0.39225181598061765
2008-05-30,daytime,6,0.8339783036400548,0.03905676057879141,0.27035747488925876
2008-05-30,nighttime,6,-0.7772807249869051,0.06888194360312966,-0.8643533123028792
2008-05-31,daytime,6,0.7783111346619374,0.06827137424240347,0.03985317252228333
2008-05-31,nighttime,6,0.7474093186836607,0.08764517650339401,0.6000000000000062
2008-06-25,daytime,6,0.912291845852566,0.0112017233068091,0.08517322242378343
2008-06-25,nighttime,6,0.7161878581496067,0.10939355859241684,0.48416289592758843
2008-06-26,daytime,6,0.7505498213934827,0.08557701988514373,0.09252286175362817
2008-06-26,nighttime,6,0.9467130294687905,0.004183597633450597,0.2987551867219968
2008-06-27,daytime,6,0.9173986334693264,0.009952684655604437,0.22703349282296734
2008-06-27,nighttime,6,0.8682431421244586,0.024896163460222973,0.20999999999999938
2008-06-28,daytime,6,0.9429866195453476,0.004783126601345846,0.772819472616628
2008-06-28,nighttime,6,0.9385745023292946,0.005543755626457399,0.274006216260428
2008-06-29,daytime,6,0.9895196091452798,1.6418231301155685e-4,0.2807773109243695
2008-06-29,nighttime,6,0.9770212680938277,7.859665406554226e-4,0.15664747623510525
2008-06-30,daytime,6,0.997931548714926,6.4133111532740806e-6,0.4682581241336841
2008-06-30,nighttime,6,0.9721336503437787,0.0011539805885207133,0.20137144408989305
2008-07-25,daytime,6,0.9942510997459242,4.947978103956302e-5,0.658432976714916
2008-07-25,nighttime,6,0.9972306436446775,1.1493382373858098e-5,0.6897590361445709
2008-07-26,daytime,6,0.9925910245903712,8.213602479602419e-5,1.3236094573907187
2008-07-26,nighttime,6,0.9852532818422391,3.24595091969574e-4,0.7249999999999986
2008-07-27,daytime,6,0.9914534097075012,1.0925416899238189e-4,0.9564682086008292
2008-07-27,nighttime,6,0.9784372151632407,6.924176866872046e-4,1.1111813013265976
2008-07-28,daytime,6,0.9988860254959552,1.8607176061804093e-6,1.4209358612343757
2008-07-28,nighttime,6,0.9674246523876766,0.0015744461897418411,1.2977635782747599
2008-07-29,daytime,6,0.973222769249932,0.0010659302238073503,3.758865248226968
2008-07-29,nighttime,6,0.9627607117870581,0.0020543258168477553,1.348799785436499
2008-07-30,daytime,6,0.9963390788699912,2.0078982818925612e-5,1.7925169179317124
2008-07-30,nighttime,6,0.9709010021531187,0.0012578077009452896,1.6612111292962262
2008-07-31,daytime,6,0.9910868771546615,1.1881159229315388e-4,1.9895545484691088
2008-07-31,nighttime,6,0.982018998776965,4.820678311374708e-4,1.3869870295555955
2008-08-20,daytime,144,0.7530761851772811,1.3419834590314494e-27,1.7955506329914492
2008-08-20,nighttime,120,0.665974056844283,1.0438769181307954e-16,1.996115473142651
2008-08-21,nighttime,24,0.8391165172398127,2.9990153356845745e-7,3.3183858166716598
2008-08-25,daytime,6,0.9899489757087353,1.5102694119310494e-4,1.9371608832807659
2008-08-25,nighttime,6,0.9695221204504738,0.0013791962441960016,1.521658986175111
2008-08-26,daytime,6,0.9650388264248564,0.0018120592510686264,1.727744535352308
2008-08-26,nighttime,6,0.9817841826984489,4.947018501286992e-4,1.4644883920894158
2008-08-27,daytime,6,0.9878872363803395,2.1918997721846986e-4,1.8923335826477246
2008-08-27,nighttime,6,0.985899921579395,2.9681668331448555e-4,1.9478260869565083
2008-08-28,daytime,6,0.984519580977934,3.576101697323976e-4,2.3312078019504927
2008-08-28,nighttime,6,0.9437626891244479,0.004655023654147431,3.422725293861561
2008-08-29,daytime,6,0.9691843829235932,0.0014097720939547909,1.7356378343351226
2008-08-29,nighttime,6,0.9750162911006626,9.284813285067834e-4,1.118733727321569
2008-08-30,daytime,6,0.9656845948331556,0.001746116545898028,1.8600071821881745
2008-08-30,nighttime,6,0.97850510701175,6.880799895976901e-4,1.4087871287128675
2008-08-31,daytime,6,0.951596147654187,0.0034576958932686377,1.3127599079321535
2008-08-31,nighttime,6,0.9787151588888403,6.747452020052792e-4,1.665530720657505
2008-09-20,daytime,72,0.7686555055081185,3.1960150205030624e-15,1.4927325382602168
2008-09-20,nighttime,120,0.7533993318934655,3.1766435228167e-23,0.9645176735560499
2008-09-21,nighttime,24,0.9694687578630199,6.428948048234651e-15,0.6017228873073969
2008-09-25,daytime,6,0.9946521996360466,4.282198231135168e-5,0.9531865698990236
2008-09-25,nighttime,6,0.960401603892827,0.002321003665978919,0.22855216585201885
2008-09-26,daytime,6,0.9957506861510875,2.7046638054743817e-5,1.575858534085088
2008-09-26,nighttime,6,0.9770561252430692,7.83593010084885e-4,0.8750000000000107
2008-09-27,daytime,6,0.9734316445558234,0.001049439264205902,1.5667259334518824
2008-09-27,nighttime,6,0.9734786590415045,0.0010457449787145388,1.285313901345293
2008-09-28,daytime,6,0.9519717616851591,0.003404673864400408,1.298318836057262
2008-09-28,nighttime,6,0.9692486914502091,0.001403924586796767,0.8244959460429088
2008-09-29,daytime,6,0.98971292993907245,1.5819140718160052e-4,3.727873855544275
2008-09-29,nighttime,6,0.9266811242860077,0.007866417720565625,1.4329311568488294
2008-09-30,daytime,6,0.9846236304835253,3.5283137067653185e-4,1.7608128667681007
2008-09-30,nighttime,6,0.9810176919398321,5.370721002042251e-4,0.7553707940405134
2008-10-20,daytime,144,-0.41582538817583115,2.1824133618405537e-7,-0.15486006910914715
2008-10-20,nighttime,96,0.7630352819140034,1.6326310368140586e-19,0.6632750252198399
2008-10-21,nighttime,24,0.8310902647087349,4.924610412897847e-7,1.1152796136458527
2008-11-20,daytime,144,0.7255484112194676,8.214627888956549e-25,1.5578020373948938
2008-11-20,nighttime,120,0.5766856368424895,5.46049165148457e-12,1.0832400229577077
2008-11-21,nighttime,24,0.919883930029175,2.0690380429887778e-10,0.5143897301470011
2008-12-20,daytime,144,0.8257953762674581,3.846800419445783e-37,1.0162791611942523
2008-12-21,nighttime,24,0.8516752753449205,1.3045541378355326e-7,2.304563250019117
2009-03-25,daytime,6,0.8317478017199383,0.040081694236503616,0.19035538975063424
2009-03-25,nighttime,6,-0.9351985739054665,0.006162779357288273,-0.16359356610435147
2009-03-31,daytime,6,-0.8654681849951971,0.025930781043917477,-0.4277929155313265
2009-03-31,nighttime,6,NA,NA,3.2318292453945106e-15
2009-04-25,daytime,6,-0.9972453525726233,1.1371672427831303e-5,-0.8830334190231267
2009-04-25,nighttime,6,0.9361321102439517,0.0059883990238286215,0.16454469969554522
2009-04-26,daytime,6,0.8588629599379681,0.02847379490274521,2.1704545454545277
2009-04-26,nighttime,6,0.8853652123008104,0.018958486241576474,0.1767109295199231
2009-04-27,daytime,6,0.9372342480818694,0.005785675337735255,0.8704353932584251
2009-04-27,nighttime,6,0.7381306230183777,0.09388443492642658,0.09513023782560447
2009-04-28,daytime,6,0.9801176520710652,5.890318155474448e-4,0.22738014854827535
2009-04-28,nighttime,6,0.9926233101488782,8.142262641009759e-5,0.2988966900702136
2009-04-29,daytime,6,0.9847894737928742,3.4528060675730315e-4,0.5777988614800754
2009-04-29,nighttime,6,0.9723121243656824,0.001139314667462007,0.7653429602888149
2009-04-30,daytime,6,0.9816760991281228,5.005717493114127e-4,0.4643858665171063
2009-04-30,nighttime,6,0.5422176684690403,0.2663794945613886,2.10000000000022
2009-05-25,daytime,6,0.9890578913475877,1.7893956472015546e-4,1.745629965947791
2009-05-25,nighttime,6,0.9526185904536703,0.003314311371757772,1.9931610942249174
2009-05-26,daytime,6,-0.8168762774974373,0.04723098389767175,-5.498559077809769
2009-05-26,nighttime,6,0.9629995426992591,0.002028223321617245,3.2848036715961033
2009-05-27,daytime,6,0.8113794748162313,0.05001121131376726,16.287128712870373
2009-05-27,nighttime,6,0.988574992775918,1.950505274957305e-4,0.9481003228209598
2009-05-28,daytime,6,0.9988858696915127,1.8612380390661447e-6,1.258120126944327
2009-05-28,nighttime,6,0.9936050503172452,6.121231021414995e-5,2.820717131474105
2009-05-30,daytime,6,0.9992677887224274,8.040037510623278e-7,2.0958101377087734
2009-05-30,nighttime,6,0.9741948792517334,9.9026451537175e-4,2.767028126058963
2009-05-31,daytime,6,0.9944971245750316,4.533913887345045e-5,2.5455259026687798
2009-05-31,nighttime,6,0.9860321206596258,2.912899017249072e-4,1.9708794408852555
2009-06-25,daytime,6,0.9991546617739976,1.0715930365510902e-6,0.40016944365998164
2009-06-25,nighttime,6,0.9803189665072121,5.772029629574723e-4,0.33001245330012724
2009-06-26,daytime,6,0.9794635518388682,6.282879752280896e-4,1.521197007481317
2009-06-26,nighttime,6,0.9938054995318303,5.743890689704357e-5,0.5879432624113448
2009-06-27,daytime,6,0.990821520107652,1.2598012150821737e-4,0.6934265734265774
2009-06-27,nighttime,6,0.9858367691100484,2.994751122760955e-4,0.3946135831381726
2009-06-28,daytime,6,0.9993458446887342,6.417387940865581e-7,0.5388429752066107
2009-06-28,nighttime,6,0.9688574754801307,0.0014396833550974339,0.29835082458770473
2009-07-25,daytime,6,0.9903458500672991,1.3935402039461716e-4,1.8255231939463221
2009-07-25,nighttime,6,0.9900017591784149,1.494474931199588e-4,1.915272887323933
2009-07-26,daytime,6,0.9965901089126055,1.742121183094817e-5,1.5085603990675076
2009-07-26,nighttime,6,0.9862944765835606,2.8047482601577825e-4,1.6156271418779926
2009-07-27,daytime,6,0.8299952266977761,0.040895727489849286,3.12078651685393
2009-07-27,nighttime,6,0.9918368582799293,9.968334095413477e-5,1.9531759739013597
2009-07-28,daytime,6,0.6079186663370221,0.20045476333644127,3.971910112359392
2009-07-28,nighttime,6,0.9886738965300811,1.9169446993038e-4,1.4659877800407273
2009-07-29,daytime,6,0.9953666159709955,3.2152636022662624e-5,1.1586347869177425
2009-07-29,nighttime,6,0.9993950736212047,5.487932034969167e-7,1.1888144210769551
2009-07-30,daytime,6,0.9988730922426565,1.9041660983754882e-6,1.1685563114134578
2009-07-30,nighttime,6,0.9677300220597193,0.0015452250198157167,1.7148703956343725
2009-08-20,daytime,144,0.22353491950950005,0.007076812288343894,0.405840382130605
2009-08-20,nighttime,120,0.16544971542457843,0.07093273951414188,0.2585292791094078
2009-08-21,nighttime,24,0.951827897261901,8.932752707340283e-13,0.6325363159621923
2009-08-25,daytime,6,0.9915411479703615,1.0702564184736923e-4,1.4873652588796797
2009-08-25,nighttime,6,0.9899600797751213,1.5069398521298457e-4,2.2061068702290143
2009-08-26,daytime,6,-0.17629464282635363,0.7382976369765432,-0.6796116504857586
2009-08-26,nighttime,6,0.9652662225607054,0.0017887009152844412,2.468364504576189
2009-08-27,daytime,6,0.984085369603059,3.778977983342578e-4,0.5538016896398431
2009-08-27,nighttime,6,0.9972491859707486,1.1340059060911103e-5,0.9733178654292359
2009-08-28,daytime,6,0.996628849400891,1.7027828558757704e-5,0.5369709904799336
2009-08-28,nighttime,6,0.9921091100316597,9.31535490912093e-5,0.6282258064516059
2009-08-29,daytime,6,0.9688369562275094,0.0014415711798619448,0.4073151546932363
2009-08-29,nighttime,6,0.9856400754618053,3.078305875272682e-4,0.5984009840098383
2009-08-30,daytime,6,0.9852216233819671,3.2598682140000087e-4,0.6787805498981717
2009-08-30,nighttime,6,0.977046392408747,7.842553903532873e-4,0.2920103700212113
2009-08-31,daytime,6,0.9951983666927301,3.452817115991697e-5,0.6898058123118765
2009-08-31,nighttime,6,0.9909708729604347,1.2191965224406004e-4,0.5628438425730008
2009-09-20,daytime,144,0.6389801565300547,6.834631394383331e-18,0.7264202013343414
2009-09-20,nighttime,120,0.7211140195081461,1.57303480584256e-20,0.5429909746061737
2009-09-21,nighttime,24,0.9584778612162395,1.7980707648094276e-13,1.091226492433979
2009-09-25,daytime,6,0.9380787107029316,0.005632658372303928,1.1955773678569672
2009-09-25,nighttime,6,0.9832675751601221,4.1761873923398406e-4,1.1532075471697936
2009-09-26,daytime,6,0.9979006845197669,6.6060622549420385e-6,0.6924390829752612
2009-09-26,nighttime,6,0.9871931550427295,2.44972657522901e-4,1.5716298731798912
2009-09-27,daytime,6,0.9092896725883515,0.011969346475158711,0.6642891524088754
2009-09-27,nighttime,6,0.9889040805106758,1.8399608233273006e-4,0.6594658382101518
2009-09-28,daytime,6,0.9552395513997106,0.002960407909119719,0.6672406371071901
2009-09-28,nighttime,6,0.988846474698831,1.859079344089672e-4,0.35897880205627153
2009-09-29,daytime,6,0.9732127104386915,0.0010667275942868148,0.4623336501901129
2009-09-29,nighttime,6,0.9817242186118967,4.979541842815658e-4,0.4830632610088904
2009-09-30,daytime,6,0.9481985795055893,0.003955579114410216,0.5447488584474903
2009-09-30,nighttime,6,0.9776418779374261,7.442401813685874e-4,0.5804498269896204
2009-10-20,daytime,144,0.49675433619388165,2.41096573670503e-10,0.8984009715206371
2009-10-20,nighttime,120,-0.0850000122548373,0.3559788946755421,-0.1506735938621394
2009-10-21,nighttime,24,0.405640617812727,0.04922643698780751,0.4921596352760679
2009-11-20,daytime,120,-0.057129282956740655,0.5354052622962191,-0.04391526186773598
2009-11-20,nighttime,120,0.2867143282718445,0.0014991130766199953,0.34272486512426953
2009-11-21,nighttime,24,0.8078408308573534,1.8126593581383884e-6,1.8262904184662727
2009-12-20,daytime,72,0.535444618549924,1.2580998953594855e-6,0.7848570930268659
2009-12-20,nighttime,120,0.7773778558547633,1.6430374806698942e-25,1.4711070652593738
2009-12-21,nighttime,24,0.7268628493391334,5.746467261977851e-5,1.6706180423539851
2010-03-31,daytime,6,-0.898802409291238,0.014843248694923513,-0.06779125350610671
2010-03-31,nighttime,6,0.8554161657593807,0.029845502379571683,0.259433962264153
2010-04-25,daytime,6,-0.9695607674297456,0.0013757186312233986,-1.192786069651736
2010-04-25,nighttime,6,-0.3816612668068903,0.4553055055626452,-0.06854838709677533
2010-04-26,daytime,6,0.37724659112088177,0.460974035836765,0.44117647058815224
2010-04-26,nighttime,6,0.12209353913346989,0.8177697052560695,0.012422360248455205
2010-04-27,daytime,6,-0.41440644606819743,0.4139739003649434,-0.008673368815298307
2010-04-27,nighttime,6,-0.8620359335045846,0.027238115675160376,-0.18577648766327737
2010-04-28,daytime,6,-0.905756288156719,0.012904285294230305,-0.043407113943674844
2010-04-28,nighttime,6,-0.6295517645376112,0.1804291860307244,-0.03235391218222976
2010-04-29,daytime,6,-0.8924701043940603,0.016722350870262134,-0.0536426462081762
2010-04-29,nighttime,6,NA,NA,9.090898304070355e-15
2010-04-30,daytime,6,NA,NA,-1.9511329467211818e-15
2010-04-30,nighttime,6,0.7310937526847618,0.0987434727786013,0.07501727371434991
2010-05-25,daytime,6,0.9981327392687286,5.2267387037084505e-6,2.5268910478834297
2010-05-25,nighttime,6,0.9886369203650299,1.9294577015789102e-4,1.6854345165238698
2010-05-26,daytime,6,0.9935392996901726,6.247613582977853e-5,2.55845095910245
2010-05-26,nighttime,6,0.9870655953483127,2.4986628019868187e-4,1.1366594360086695
2010-05-27,daytime,6,0.10828690321785078,0.8382045341785113,0.005796401400797436
2010-05-27,nighttime,6,0.9367665353595377,0.005871287986763047,1.799838318512521
2010-05-28,daytime,6,0.9974276203813844,9.91719445935245e-6,1.0584431137724581
2010-05-28,nighttime,6,-0.3956007254932979,0.43755465547722067,-0.010162333377324135
2010-05-29,daytime,6,0.9990241469071485,1.4279692410326568e-6,1.5210772833723705
2010-05-29,nighttime,6,0.9844333562638784,3.6159453816434086e-4,1.2829974453590693
2010-05-30,daytime,6,0.9959278062665099,2.484037859526503e-5,3.3393930508723564
2010-05-30,nighttime,6,0.9877151496978275,2.2544932068407724e-4,1.4619466735697615
2010-05-31,daytime,6,0.9905059338261938,1.3477805405899578e-4,1.2917137210615477
2010-05-31,nighttime,6,0.9721862971623988,0.0011496447293248605,0.9826390784517108
2010-06-25,daytime,6,0.8083290076097264,0.0515858716335527,0.09836065573770034
2010-06-25,nighttime,6,-0.7143585813751199,0.11073364269626468,-0.05207226354941499
2010-06-26,daytime,6,0.8672663014474605,0.025258085368219444,0.07575619947315547
2010-06-26,nighttime,6,-0.5307448924342736,0.2786354630998952,-0.07042253521126304
2010-06-27,daytime,6,NA,NA,-4.821994698475264e-15
2010-06-27,nighttime,6,0.2987303282797939,0.5652338263045085,0.06940874035990865
2010-06-28,daytime,6,0.8286141177267619,0.04154261186564124,0.0860280658938374
2010-06-28,nighttime,6,-0.7430428494079836,0.09055741389360776,-0.09859154929576884
2010-06-29,daytime,6,0.941834451901566,0.004976452736076601,0.10464827243350816
2010-06-29,nighttime,6,-0.946589037379581,0.0042029128395778695,-0.7819905213269814
2010-06-30,daytime,6,NA,NA,-2.0369576446659556e-15
2010-06-30,nighttime,6,-0.7043254788556836,0.118210694395451,-0.07592975206611066
2010-07-25,daytime,6,0.9011464157586884,0.014175046525397096,0.12963686060132926
2010-07-25,nighttime,6,-0.984983946744455,3.365298592858215e-4,-0.5185516316495159
2010-07-26,daytime,6,0.85139283914329,0.03148520555878094,0.06395909704804112
2010-07-26,nighttime,6,-0.6816198765212589,0.1359124101784777,-0.04040049183207072
2010-07-27,daytime,6,0.9926559273438904,8.070505200748611e-5,0.14549180327868774
2010-07-27,nighttime,6,NA,NA,3.795822519460429e-15
2010-07-28,daytime,6,0.9788230595311991,6.679456763389966e-4,0.5064902010689779
2010-07-28,nighttime,6,0.9797958971132712,6.081849444633373e-4,0.2666666666666683
2010-07-29,daytime,6,0.9956528754197231,2.8305163298428196e-5,0.43816769180964993
2010-07-29,nighttime,6,0.9748744610686976,9.390082751443757e-4,0.22712102582118032
2010-08-20,nighttime,24,0.664369654996196,3.99004245902881e-4,2.500400320256205
2010-08-25,daytime,6,0.989948066905767,1.5105420790654319e-4,0.5763835237669278
2010-08-25,nighttime,6,0.6584496842282354,0.15506287491350232,0.09392315378327014
2010-08-26,daytime,6,0.9934710074399105,6.380245766333317e-5,1.5217114478543257
2010-08-26,nighttime,6,NA,NA,2.8028995401934724e-15
2010-08-27,daytime,6,0.9965994739913282,1.7325704581078744e-5,2.110908930824996
2010-08-27,nighttime,6,0.9929822769963467,7.36998482923541e-5,1.776874769117101
2010-08-28,daytime,6,0.9969814080512167,1.3654093479894371e-5,2.1065643648763928
2010-08-28,nighttime,6,0.9948044621288128,4.042029748509751e-5,1.7598566308243608
2010-08-29,daytime,6,0.9990618661962898,1.3197297270449704e-06,2.467494943657917
2010-08-29,nighttime,6,0.9916362361783452,1.0463628461297536e-4,2.408078715691332
2010-08-30,daytime,6,0.9969421869775272,1.401103510763193e-5,2.4040839361756707
2010-08-30,nighttime,6,0.9926499763763487,8.083573630053041e-5,3.8555352002093506
2010-08-31,daytime,6,0.9983514615297129,4.0742785327617034e-6,2.610628875110746
2010-08-31,nighttime,6,0.9963672204042564,1.977166033161394e-5,3.78440463645936
2010-09-26,daytime,6,0.993851750996559,5.65852438372904e-5,0.46451560665560127
2010-09-26,nighttime,6,-0.8985481269307859,0.014916628007300984,-0.8148546824542501
2010-09-27,daytime,6,0.9971731333153584,1.1975467885558347e-5,0.7264233727352534
2010-09-27,nighttime,6,0.9952004732736883,3.449790554959598e-5,0.3127423822714702
2010-09-28,daytime,6,0.9944525659863467,4.607567776964236e-5,0.6534875272463051
2010-09-28,nighttime,6,0.9771406004964835,7.778556043625069e-4,1.1086956521739055
2010-09-29,daytime,6,0.9844492100801395,3.6086029973850193e-4,0.642804182752535
2010-09-29,nighttime,6,0.9008421952279292,0.014260932204004319,0.5773552290406219
2010-09-30,daytime,6,0.9957416372264115,2.716187042969537e-5,0.9979679959359935
2010-09-30,nighttime,6,0.9540162578429593,0.0031231403983056007,0.5216854071419695
2010-10-20,daytime,72,0.3116713383139612,0.0076972475119240075,0.24075427519038312
2010-10-20,nighttime,96,0.03903476318034864,0.7057315365978777,0.03233258238819287
2010-11-20,nighttime,48,0.7502518850518821,8.319245229982702e-10,1.9308944114129247
2010-12-20,daytime,96,-0.03163210967882091,0.7596451881837301,-0.018311012912559415
2010-12-20,nighttime,120,0.4182712261572703,1.9964686885457435e-6,0.6045216516146947
2011-03-25,daytime,6,NA,NA,-7.633627820409925e-15
2011-03-25,nighttime,6,-0.9402635467771063,0.00524608267610406,-0.09318038969201214
2011-03-26,daytime,6,0.7509392614826348,0.08532210255498418,0.7142857142856868
2011-03-26,nighttime,6,-0.8539681625254602,0.030430860140874736,-0.21877848678210496
2011-03-27,daytime,6,-0.32824854297644945,0.5253111008069867,-0.009795191451470868
2011-03-27,nighttime,6,-0.9343046742508673,0.006332047303809547,-0.1904287138584155
2011-03-28,daytime,6,-0.5145791488563006,0.2962594206332647,-0.06218592964824909
2011-03-28,nighttime,6,NA,NA,1.4971760370352386e-14
2011-03-29,daytime,6,NA,NA,-5.437456100775268e-15
2011-03-29,nighttime,6,-0.9207119830667873,0.009180658831315996,-0.1988064155165843
2011-03-30,daytime,6,-0.8214032553918341,0.044996863706650306,-0.07111737570477056
2011-03-30,nighttime,6,-0.5108294681810458,0.30040544135797004,-0.21538461538461912
2011-03-31,daytime,6,NA,NA,-3.612290296903426e-14
2011-03-31,nighttime,6,NA,NA,1.1897724610717044e-14
2011-04-25,daytime,6,-0.6228318096302147,0.18655657614738375,-0.34228187919467123
2011-04-25,nighttime,6,0.5640760748177615,0.24362526331254533,0.1818181818181829
2011-04-26,daytime,6,-0.7543783209066036,0.08308583477628362,-0.14754098360656276
2011-04-26,nighttime,6,-0.5869275813634285,0.2207022042466362,-0.07829181494660437
2011-04-28,daytime,6,-0.9249284521501209,0.0082420641838003815,-0.08819050256126537
2011-04-28,nighttime,6,NA,NA,7.090296585844269e-15
2011-04-29,daytime,6,-0.9204763146154399,0.009234570254980506,-0.10932601880878128
2011-04-29,nighttime,6,NA,NA,5.1665072892125055e-15
2011-04-30,daytime,6,NA,NA,-2.511043668968028e-15
2011-04-30,nighttime,6,0.41724858962274203,0.4104478512288304,0.0768072289156723
2011-05-25,daytime,6,-0.9601834637029424,0.0023464731404812017,-0.5295315682280979
2011-05-25,nighttime,6,-0.9336381083632547,0.006459725403168414,-0.23191489361701215
2011-05-26,daytime,6,-0.9187787197453208,0.009627440365028234,-0.16260610231705167
2011-05-26,nighttime,6,-0.715632480818557,0.10979965544267578,-0.08638334778837345
2011-05-27,daytime,6,-0.7328409360587255,0.09752684726980478,-0.7666666666666728
2011-05-27,nighttime,6,0.9397177382211138,0.005341395232463052,0.35322777101096664
2011-05-28,daytime,6,0.9951451577305366,3.529702710548994e-5,0.3339882121807417
2011-05-28,nighttime,6,-0.9992204753914719,9.112510805293222e-7,-0.5636363636363648
2011-05-29,daytime,6,-0.9038287186913538,0.01342863300292766,-0.12713026444662684
2011-05-29,nighttime,6,NA,NA,3.000805419060261e-15
2011-05-30,daytime,6,-0.9681530115828508,0.0015051959106433665,-0.13029416294471122
2011-05-30,nighttime,6,NA,NA,NA
2011-05-31,daytime,6,-0.8868192994580232,0.018489891377347762,-0.07214468252408333
2011-05-31,nighttime,6,0.9001195438136556,0.014465949306438925,0.3759398496240534
2011-06-25,daytime,6,-0.8623930927838989,0.02710065250316565,-0.08184235976789551
2011-06-25,nighttime,6,-0.9015384615384586,0.014064735548476013,-0.24041025641025002
2011-06-26,daytime,6,-0.7764312142306169,0.06938718342577933,-0.34965034965034586
2011-06-26,nighttime,6,NA,NA,-0
2011-06-27,daytime,6,-0.9476685282789369,0.004036217361094887,-0.16993037423847032
2011-06-27,nighttime,6,0.5125924576897858,0.2984534109849421,0.0833718838344915
2011-06-28,daytime,6,-0.8374891711567148,0.03746871747219908,-0.08087902129588442
2011-06-28,nighttime,6,-0.5490143650038565,0.25921952160393946,-0.47686832740216417
2011-06-29,daytime,6,NA,NA,-2.0519560104167196e-15
2011-06-29,nighttime,6,-0.9216399300002631,0.008969873664288934,-0.311864406779642
2011-06-30,daytime,6,-0.9663951441487161,0.0016749547528971055,-0.07700831024930986
2011-06-30,nighttime,6,NA,NA,1.1799777241041626e-14
2011-07-25,daytime,6,0.9227855393147549,0.008712930285097738,0.09170357016890744
2011-07-25,nighttime,6,-0.7698968012772934,0.07332953060019393,-0.07828655834563895
2011-07-26,daytime,6,0.9998349997064253,4.083539924512127e-8,0.3342379781189038
2011-07-26,nighttime,6,NA,NA,2.784237339601966e-15
2011-07-27,daytime,6,0.9963896858365602,1.9528023455752663e-5,0.8793916214533544
2011-07-27,nighttime,6,0.9606102193421804,0.0022967745283821793,0.2887811634349061
2011-07-28,daytime,6,0.9839000814129673,3.8672445891804746e-4,1.7818493684702985
2011-07-28,nighttime,6,0.9483914170566846,0.003926440417521131,0.6170879465218302
2011-07-29,daytime,6,0.9845854435331864,3.545815113891532e-4,2.4063241106719517
2011-07-29,nighttime,6,0.9513693822800244,0.0034899012966407156,1.2199223803363577
2011-07-30,daytime,6,0.9951428895406095,3.532998970791609e-5,0.6735966735966741
2011-07-30,nighttime,6,0.998253164802626,4.574484634712738e-6,0.5983606557376951
2011-07-31,daytime,6,0.9959780908772127,2.4231100783676745e-5,1.4776374365876481
2011-07-31,nighttime,6,0.9884160495429335,2.005046492474418e-4,1.0584424348764994
2011-08-25,daytime,6,0.9991538985665538,1.073528596742172e-6,1.8202136139008667
2011-08-25,nighttime,6,0.9248127026892036,0.00826717274447628,0.09929849366469143
2011-08-26,daytime,6,0.980199963261144,5.841809646853791e-4,3.48371707114709
2011-08-26,nighttime,6,0.9970923160914502,1.2669646878490986e-5,1.2724729853075314
2011-08-27,daytime,6,0.984642949336977,3.5194761182541837e-4,1.8404018754186242
2011-08-27,nighttime,6,0.9869579646760304,2.540328376398595e-4,1.8708113804004076
2011-08-28,daytime,6,0.9821360097479781,4.758328241184243e-4,3.064251488311309
2011-08-28,nighttime,6,0.9866091912318071,2.677700610682066e-4,1.430454497521874
2011-08-29,daytime,6,0.9763902093128118,8.29553013513723e-4,2.6918421640503283
2011-08-29,nighttime,6,0.9797831368128246,6.089508017923883e-4,1.5762581340726185
2011-08-30,daytime,6,0.9895640040549405,1.6279672482945602e-4,2.5548318206086575
2011-08-30,nighttime,6,0.9855904040995893,3.0995870232143754e-4,2.5075187969924566
2011-08-31,daytime,6,0.9896715350474192,1.5946487661485552e-4,1.7580481878922907
2011-08-31,nighttime,6,0.9912277757635107,1.1509035734257033e-4,3.036945812807854
2011-09-25,daytime,6,0.9899599980495332,1.506964344211516e-4,1.504769320615142
2011-09-25,nighttime,6,0.9556016804555518,0.002913056944542608,1.1388216819289836
2011-09-26,daytime,6,0.9817674307723789,4.956093756376807e-4,1.5692110509826278
2011-09-26,nighttime,6,0.9680723701611097,0.0015127872300536483,1.0443189224418894
2011-09-27,daytime,6,0.9793619704280341,6.34497236859698e-4,1.3819940133548203
2011-09-27,nighttime,6,0.9685864045050299,0.0014647212852539802,1.3553280135583698
2011-09-28,daytime,6,0.9610633744273401,0.0022445760704069015,1.221500315478935
2011-09-28,nighttime,6,0.9738937665030579,0.0010134069795932593,1.1866270296029797
2011-09-29,daytime,6,0.9902612692388653,1.4180249063573967e-4,2.9081353237346512
2011-09-29,nighttime,6,0.9659268686715476,0.0017216883351120914,1.2509941264455915
2011-09-30,daytime,6,0.9861440100500741,2.866525911699113e-4,1.4772640610104855
2011-09-30,nighttime,6,0.9584306186740063,0.002556103970431703,0.819702193207665
2012-03-25,daytime,6,0.9954537240848446,3.0955954409754533e-5,1.2446838276440946
2012-03-25,nighttime,6,0.9780878923077398,7.149502505038105e-4,0.8884750219106012
2012-03-26,daytime,6,0.9587312336679705,0.0025195239653645614,0.8575190477862431
2012-03-26,nighttime,6,0.9820424972769632,4.808124610242869e-4,1.449571522742246
2012-03-27,daytime,6,0.9943294607641122,4.814135470088069e-5,1.579646017699122
2012-03-27,nighttime,6,0.991401952602489,1.105718171473103e-4,0.8762312633832917
2012-03-28,daytime,6,0.9917383347498201,1.0210071861265011e-4,1.5019688139864589
2012-03-28,nighttime,6,0.9811507077470144,5.295951902986874e-4,0.8940027894002817
2012-03-29,daytime,6,0.906004281731393,0.012837557326729936,3.8108108108108354
2012-03-29,nighttime,6,0.983020399886922,4.300125627433196e-4,1.1792052259118149
2012-03-30,daytime,6,0.9884361942946605,1.9980923827193727e-4,1.1843720736655956
2012-03-30,nighttime,6,0.9425015216788363,0.004864065372750272,1.4888888888888883
2012-03-31,daytime,6,0.9962555097708058,2.100555947834676e-5,1.2550760305880275
2012-03-31,nighttime,6,0.9766226943529529,8.13359798681209e-4,1.1142857142857154
2012-04-25,daytime,6,0.7306772745981546,0.09903446998560124,0.008188485883653101
2012-04-25,nighttime,6,0.83709920445331365,0.03764358152353075,0.14713979810339708
2012-04-26,daytime,6,0.9947022224854806,4.202532499518405e-5,0.14536686186703476
2012-04-26,nighttime,6,0.6178439258687513,0.1911592370911352,0.04698229129020778
2012-04-27,daytime,6,-0.16632018546187372,0.7528201298966468,-0.03324808184143452
2012-04-27,nighttime,6,-0.9179947867110735,0.009811545925268374,-0.06762523191094498
2012-04-28,daytime,6,0.99341396358492,6.492097594282209e-5,0.17307071359380016
2012-04-28,nighttime,6,-0.7549583044299691,0.08271133154792427,-0.08725065047701337
2012-04-29,daytime,6,-0.432893292861641,0.39122142698041074,-0.9808612440191384
2012-04-29,nighttime,6,0.8880740424615882,0.018090058218471688,0.10719861231569937
2012-04-30,daytime,6,0.9623778307192214,0.0020965157032989934,0.09471122647631401
2012-04-30,nighttime,6,0.9108437646689831,0.011568907376941814,0.44318181818183444
2012-05-25,daytime,6,0.9778415486231818,7.310555849138633e-4,0.813478312821128
2012-05-25,nighttime,6,0.9956604277761145,2.820696946241614e-5,1.3550363845270008
2012-05-26,daytime,6,0.9678380171873004,0.001534955640496464,0.13087635789523153
2012-05-26,nighttime,6,0.9595924187189542,0.0024161707411977282,0.27396226415094277
2012-05-27,daytime,6,-0.7875596178500857,0.06290255943449348,-0.6529616724738759
2012-05-27,nighttime,6,0.9865784690019213,2.68997381016533e-4,0.5009823182711186
2012-05-28,daytime,6,0.23217047985543082,0.6580016381949958,0.024408965305494978
2012-05-28,nighttime,6,-0.9603347481631135,0.0023287949958922813,-0.33051477091808396
2012-05-29,daytime,6,0.8018296149873834,0.05501602795832527,0.3620386643233659
2012-05-29,nighttime,6,0.9607418304408679,0.0022815533941334997,1.364476170480784
2012-05-30,daytime,6,-0.9681399520348439,0.0015064240120537236,-2.1276595744680002
2012-05-30,nighttime,6,-0.9970467001901836,1.3070090339399405e-5,-0.6698737221888098
2012-06-25,daytime,6,0.9913590220941629,1.116771529689325e-4,2.400697566581329
2012-06-25,nighttime,6,0.9817347339753324,4.973830859232397e-4,1.898716740375546
2012-06-26,daytime,6,0.9860549905975372,2.903390346677013e-4,1.5082011657855499
2012-06-26,nighttime,6,0.9656308073966631,0.0017515629437105603,1.012118345993556
2012-06-27,daytime,6,0.9873874916427985,2.3760988089247898e-4,1.5361743983406955
2012-06-27,nighttime,6,0.9887318378016766,1.897418513797733e-4,1.7420129714148458
2012-06-28,daytime,6,0.9462891288343598,0.004249812412430308,1.7124236623826559
2012-06-28,nighttime,6,0.9848227245740707,3.437764936919694e-4,1.7224169587714866
2012-06-29,daytime,6,0.9940721861762373,5.2604316437784145e-5,2.6589323245060945
2012-06-29,nighttime,6,0.9644955024272973,0.0018684760811588813,0.9538913817112743
2012-06-30,daytime,6,0.9751503111438651,9.185881255114704e-4,1.0514763014763022
2012-06-30,nighttime,6,0.9704416927356658,0.001297627841616526,1.1433365292425595
2012-08-25,daytime,6,0.9405300481083237,0.005199849815651411,1.2342156229825751
2012-08-25,nighttime,6,0.9146086711498986,0.01062619548267326,0.3040768631524303
2012-08-26,daytime,6,0.9973331941983191,1.0658296810152347e-5,1.6620001558967974
2012-08-26,nighttime,6,0.792575800633611,0.06007500553508501,3.0913705583756452
2012-08-27,daytime,6,0.996426581582535,1.9131163719237244e-5,1.0837945638290725
2012-08-27,nighttime,6,0.9703146958396031,0.0013087463231028777,0.6934252188489468
2012-08-28,daytime,6,0.9879665397395164,2.1633500117335862e-4,1.3599905638122214
2012-08-28,nighttime,6,0.9731086029163061,0.0010749976359177653,0.6714735186156263
2012-08-29,daytime,6,0.9903621639663713,1.3888420602175332e-4,1.0106321917621024
2012-08-29,nighttime,6,0.9708298060173473,0.001263939863283708,0.6667819022514139
2012-08-30,daytime,6,0.9863127471312677,2.7972924556441146e-4,0.9816706555367475
2012-08-30,nighttime,6,0.9549361024633289,0.003000375427299872,0.5834020011771653
2012-08-31,daytime,6,0.9893170587366364,1.7057825446877483e-4,1.0834406641964098
2012-08-31,nighttime,6,0.9561883528229782,0.0028371432810168932,0.5257309781866859
2012-09-25,daytime,6,0.9874562851133226,2.3503033068795679e-4,1.0293331756916535
2012-09-25,nighttime,6,0.9385474414193528,0.005548590192051737,1.2144012944983829
2012-09-26,daytime,6,0.9714175595447289,0.001213758556851516,1.398198436879056
2012-09-26,nighttime,6,0.9832333713317433,4.19323039390529e-4,0.8704819277108413
2012-09-27,daytime,6,0.994141838638244,5.137656145999677e-5,0.9150863782509536
2012-09-27,nighttime,6,0.9764801506106416,8.232695788168926e-4,0.7486977659451315
2012-09-28,daytime,6,0.9559944958296208,0.0028621186098234984,1.0037789007647244
2012-09-28,nighttime,6,0.9794252089077559,6.306281615837746e-4,0.5337463218212806
2012-09-29,daytime,6,0.9944871047851854,4.5504246480979686e-5,0.876870193684858
2012-09-29,nighttime,6,0.9791395517026208,6.481986561092442e-4,0.7809486321590257
2012-09-30,daytime,6,0.9963331852119284,2.0143644899647204e-5,1.425390457447083
2012-09-30,nighttime,6,0.9879342326729459,2.1749582804488966e-4,0.8610944731826838
2013-03-21,daytime,6,0.9789861162112792,6.577352776292929e-4,0.4053546265852413
2013-03-21,nighttime,6,-0.6695365598988617,0.1457648185604487,-0.04944255937954046
2013-03-22,daytime,6,0.9412337218934879,0.005078739214594143,0.23272727272726776
2013-03-22,nighttime,6,NA,NA,1.3903139900131217e-14
2013-03-23,daytime,6,-0.5830150787246652,0.22456271325080857,-0.06893687707642009
2013-03-23,nighttime,6,NA,NA,1.3762613860210628e-14
2013-03-24,daytime,6,0.9042908467323281,0.013302003525129068,0.026209677419345517
2013-03-24,nighttime,6,-0.6162591020819703,0.1926313336768791,-0.020866773675756144
2013-03-25,daytime,6,0.7866518035296822,0.06342064615967556,0.09305579849571383
2013-03-25,nighttime,6,-0.7494823795134914,0.08627748979726704,-0.09633125938638908
2013-03-27,daytime,6,-0.8724659594215024,0.02336023104205275,-0.06703514129640126
2013-03-27,nighttime,6,0.9185565546905895,0.00967944357297277,0.18068751079634185
2013-03-28,daytime,6,-0.10465882805227035,0.8435849466033849,-0.004259682890274428
2013-03-28,nighttime,6,0.8903875019345642,0.017363858011394666,0.15275707898658641
2013-03-29,daytime,6,0.9176249736120441,0.009898983616793599,0.0416087282062253
2013-03-29,nighttime,6,0.9175127223827585,0.009925598508103258,0.16490816725283677
2013-03-30,daytime,6,0.9898731560726269,1.5331018294380405e-4,0.18351076758543416
2013-03-30,nighttime,6,0.9957761989216055,2.6723065972598195e-5,0.4472016895459345
2013-03-31,daytime,6,0.9973973035575127,1.0152227787311806e-5,0.44431900289017245
2013-03-31,nighttime,6,0.9378925348650254,0.005666221119615072,0.28162129133003005
2013-04-01,daytime,6,0.9913499822484119,1.1191060134935328e-4,0.374725542815319
2013-04-01,nighttime,6,0.8160210891976161,0.04765867830111156,0.0789026348097085
2013-04-02,daytime,6,0.9944737799779324,4.572427868414787e-5,0.34514457629951517
2013-04-02,nighttime,6,0.9261120724836338,0.007987445918893258,0.2873028710068757
2013-04-03,daytime,6,0.9953532937680178,3.233765265060785e-5,0.41472091165342534
2013-04-03,nighttime,6,0.9956177540557989,2.876404077341607e-5,0.43121863977346386
2013-04-04,daytime,6,0.9994316191940584,4.844933012188865e-7,0.4045585170993768
2013-04-04,nighttime,6,0.9731904681086644,0.0010684918114174792,0.5323597743113202
2013-04-05,daytime,6,0.9912400510034437,1.1476895481619015e-4,0.434346504559268
2013-04-05,nighttime,6,0.966708406775781,0.0016440462303648335,0.7268808777429477
2013-04-06,daytime,6,0.9984196581473894,3.7442471202907893e-6,0.7040251958826239
2013-04-06,nighttime,6,0.990571397291773,1.3292872899430878e-4,1.4128289473684221
2013-04-07,daytime,6,0.9983724410372748,3.971266606046715e-6,1.5068428130685798
2013-04-07,nighttime,6,0.9654106008846668,0.0017739479593404902,1.2029529853645908
2013-04-08,daytime,6,0.9961551121389396,2.2146324194856867e-5,1.4530457667372736
2013-04-08,nighttime,6,0.9602613810181704,0.002337359982044737,1.541036717062633
2013-04-09,daytime,6,-0.9158290919974258,0.010328948057768692,-0.9487444990939659
2013-04-09,nighttime,6,0.8723115091426611,0.023415587078655598,2.4798432250839872
2013-04-10,daytime,6,0.4541414147827458,0.36561994522007,0.12132024977698706
2013-04-10,nighttime,6,0.8902777183188695,0.017397996518135696,0.08617011408960323
2013-04-11,daytime,6,0.8819819194428533,0.020070507319207762,0.979301423027156
2013-04-11,nighttime,6,-0.9735005666079167,0.0010440257394900396,-0.320388349514562
2013-04-12,daytime,6,0.9686160390328057,0.0014619736456383044,0.11009689650329621
2013-04-12,nighttime,6,-0.9134976858087928,0.010900342254420872,-0.40178571428571064
2013-04-13,daytime,6,-0.9441239720280996,0.004595969627246385,-0.12232853950610645
2013-04-13,nighttime,6,NA,NA,7.347300742301812e-15
2013-04-14,daytime,6,-0.8321814985570434,0.039881433764424865,-0.09063260340632899
2013-04-14,nighttime,6,0.8724215424122278,0.023376144006471995,0.7816901408450788
2013-04-15,daytime,6,0.9805643792208296,5.629441943070674e-4,0.28063108425645944
2013-04-15,nighttime,6,0.6474232138106525,0.16455110631320377,0.07690950784971169
2013-04-16,daytime,6,0.9092634525960269,0.011976159063662086,0.07627203026983741
2013-04-16,nighttime,6,0.9257668502734718,0.008061307645464918,0.15720930232558017
2013-04-17,daytime,6,-0.5902888269333249,0.21740714442287798,-1.107142857142831
2013-04-17,nighttime,6,0.914275125484855,0.010708145653967504,0.20558072978774844
2013-04-18,daytime,6,0.9851058455847225,3.3110172502297497e-4,0.5902636916835649
2013-04-18,nighttime,6,-0.9595460869082467,0.002421676826245326,-0.15265967965195507
2013-04-19,daytime,6,-0.6748493807858019,0.1413964504701096,-0.02530120481927877
2013-04-19,nighttime,6,-0.941345547244375,0.005059621470502455,-0.094477249044803
2013-04-20,daytime,6,0.9365684394554404,0.005907733873681671,0.08312958435207468
2013-04-20,nighttime,6,0.5459204728759958,0.26246940140342256,0.059835970890613155
2013-04-21,daytime,6,-0.4703241640370061,0.3465327397982224,-0.028915662650608933
2013-04-21,nighttime,6,0.7968620965160353,0.057706268158684036,0.24190064794816857
2013-04-22,daytime,6,-0.7282831683885955,0.10071462306264682,-0.2855980471928379
2013-04-22,nighttime,6,0.9707145778321422,0.0012738958118707533,0.37480314960629935
2013-04-23,daytime,6,0.9965372373149803,1.796532760088382e-5,0.1704681872749096
2013-04-23,nighttime,6,-0.9573605517622027,0.0026884219479401195,-0.13372992266507913
2013-04-24,daytime,6,-0.5332614645470224,0.27592899514773794,-0.018112598061838646
2013-04-24,nighttime,6,NA,NA,5.043882951265216e-15
2013-04-25,daytime,6,0.24842092117488498,0.6350340126878353,0.008866299234443487
2013-04-25,nighttime,6,0.9646958886988286,0.0018475692381762913,0.16769801980198132
2013-04-26,daytime,6,0.9939120923325484,5.548111274759479e-5,0.19043171440431944
2013-04-26,nighttime,6,0.9615070122331829,0.0021940474363089713,0.32567463377024364
2013-04-27,daytime,6,0.9990927371923182,1.2343153075909109e-6,0.5020997339886841
2013-04-27,nighttime,6,0.926067266446561,0.007997013660519931,0.5680921052631596
2013-04-28,daytime,6,0.9990156282145068,1.4530047959810889e-6,0.7721871049304668
2013-04-28,nighttime,6,0.9790975831256871,6.508002985259083e-4,0.6771922767498008
2013-04-29,daytime,6,0.9957870318965992,2.658626216381991e-5,1.298585690515811
2013-04-29,nighttime,6,0.9697991635341087,0.0013543628364920458,1.6290916973769625
2013-04-30,daytime,6,0.9892346490921277,1.7321535703133362e-4,2.586723768736627
2013-04-30,nighttime,6,0.9908431484693512,1.253880034086471e-4,1.712115384615381
2013-05-01,daytime,6,-0.9640502400518858,0.0019153473909154343,-0.4888821775076413
2013-05-01,nighttime,6,0.9749206680615621,9.355722257672356e-4,0.6718157432244934
2013-05-02,daytime,6,0.9980291516488784,5.8225372075021115e-6,0.42313003452243747
2013-05-02,nighttime,6,-0.8147827733463284,0.04828115410094947,-0.09483870967741331
2013-05-03,daytime,6,0.8613890920127187,0.02748791115385132,0.23205828779599338
2013-05-03,nighttime,6,0.9791559806700528,6.471816294575227e-4,0.8625847412030573
2013-05-04,daytime,6,0.8806264319343121,0.020524533546738232,3.0960000000000187
2013-05-04,nighttime,6,0.952660389298504,0.0033085131612620926,0.5037617554858959
2013-05-05,daytime,6,0.992732839150698,7.902554492107293e-5,0.6224052718286632
2013-05-05,nighttime,6,0.9805416421272166,5.642578001009304e-4,0.8324607329842987
2013-05-06,daytime,6,0.996121021739777,2.2540526045367447e-5,0.45079226964645625
2013-05-06,nighttime,6,0.7877609890611034,0.06278790131205729,5.000000000000114
2013-05-07,daytime,6,0.9848720274985401,3.4155226775862285e-4,0.719885255821248
2013-05-07,nighttime,6,0.9509543149643958,0.003549229642810635,1.5372704357219982
2013-05-08,daytime,6,0.9920690832143886,9.409973647398405e-5,2.594439117929049
2013-05-08,nighttime,6,0.9856741091082112,3.0637666523503104e-4,1.8345534407027824
2013-05-09,daytime,6,0.9888085208530688,1.8717294630855386e-4,1.7544131310003155
2013-05-09,nighttime,6,0.9917316185513145,1.0226655904358113e-4,1.9130434782608878
2013-05-10,daytime,6,0.9930486213674139,7.231454624594604e-5,0.7830612784575816
2013-05-10,nighttime,6,0.9735745064081263,0.0010382335175953099,1.034677069787602
2013-05-11,daytime,6,0.998215634501524,4.7730996738341835e-6,0.9978134949556908
2013-05-11,nighttime,6,0.9780993013255425,7.142086714911603e-4,0.8194899672235983
2013-05-12,daytime,6,0.9962666031627513,2.0881359403704997e-5,0.971615547119462
2013-05-12,nighttime,6,0.9869973176997253,2.5250544039938724e-4,0.7327892310138309
2013-05-13,daytime,6,0.9944670399734703,4.5835777941158965e-5,1.0236805544715215
2013-05-13,nighttime,6,0.9951100096950486,3.580954303702118e-5,1.285116815690795
2013-05-14,daytime,6,0.9528573843626982,0.003281253821410006,1.306316345082402
2013-05-14,nighttime,6,0.9749273740496254,9.350740732562648e-4,2.4219830899308166
2013-05-15,daytime,6,0.9857789261341652,3.019203853806587e-4,1.764595017008373
2013-05-15,nighttime,6,0.9868441562435977,2.584758555276567e-4,1.6857024450890987
2013-05-16,daytime,6,0.9927134033955557,7.944829604829856e-5,1.677049148494088
2013-05-16,nighttime,6,0.9653771446138167,0.0017773612351907515,2.106170372220826
2013-05-17,daytime,6,0.9891014086995545,1.775216750201648e-4,1.8446885764826395
2013-05-17,nighttime,6,0.9626679919497281,0.0020645038230399297,2.3407859078590767
2013-05-18,daytime,6,0.942715029693878,0.004828359476811643,1.6771926197736373
2013-05-18,nighttime,6,0.985516344119573,3.131452677127519e-4,1.698749455608779
2013-05-19,daytime,6,0.8129427750355409,0.049213004048787014,0.7423325469278859
2013-05-19,nighttime,6,0.9946479391522595,4.2890179275366705e-5,1.8538196155741604
2013-05-20,daytime,6,0.9807401358731683,5.528413994902302e-4,0.14773869346733734
2013-05-20,nighttime,6,-0.9912531504171502,1.1442646717546679e-4,-0.18397987958234574
2013-05-21,daytime,6,0.24879816861150353,0.6345031161716188,1.2727272727272207
2013-05-21,nighttime,6,-0.845476082421322,0.03397162833283989,-0.07738243344115436
2013-05-22,daytime,6,0.8730515397536154,0.023150922259455427,3.021069692058419
2013-05-22,nighttime,6,0.990134496122649,1.455121544277971e-4,0.4309417729297948
2013-05-23,daytime,6,0.9990330952835034,1.4019051142783653e-6,0.8044526507352459
2013-05-23,nighttime,6,0.9733563191213123,0.0010553716117126023,0.6446700507614225
2013-05-24,daytime,6,0.9662353926266648,0.00169082641805525,0.5128922025473718
2013-05-24,nighttime,6,0.9116486377659817,0.011364111071395556,0.17459870459025645
2013-05-25,daytime,6,0.9911400295917008,1.1740086371029993e-4,0.934154989025828
2013-05-25,nighttime,6,0.9885627415937338,1.95468260859953e-4,0.7749559969826524
2013-05-26,daytime,6,0.998269547729157,4.489106703065563e-6,2.182725825192586
2013-05-26,nighttime,6,0.9941955561129527,5.043957284642713e-5,1.2556787007571535
2013-05-27,daytime,6,0.42882458870070145,0.39619150693977895,0.4890700902151259
2013-05-27,nighttime,6,0.9895438684038085,1.6342444390492311e-4,1.047748691099478
2013-05-28,daytime,6,-0.8636467328110159,0.026620765683998893,-2.1222212459362275
2013-05-28,nighttime,6,0.9936067917990368,6.117901149675047e-5,0.7663574830784643
2013-05-29,daytime,6,0.9577039692983118,0.002645598488516243,0.33164181434928386
2013-05-29,nighttime,6,-0.9865711498317892,2.692901860141941e-4,-0.6168741355463293
2013-05-30,daytime,6,0.1207697906500398,0.8197260483950376,0.007955641272900629
2013-05-30,nighttime,6,0.9301419573547955,0.007149760455368399,0.22895442359249532
2013-05-31,daytime,6,0.976729311165518,8.059866088403946e-4,0.1674342105263169
2013-05-31,nighttime,6,0.16298070165983264,0.7576935519949057,0.11555338859093996
2013-06-01,daytime,6,0.9387230924966214,0.005517246003904443,1.607142857142897
2013-06-01,nighttime,6,-0.9854021264361269,3.180914806879036e-4,-0.3513215859030795
2013-06-02,daytime,6,-0.08807730488084123,0.8682256774413029,-0.004838080374560903
2013-06-02,nighttime,6,-0.9380500941602778,0.005637810859940166,-0.1829959514170007
2013-06-03,daytime,6,0.9452631920005985,0.004412178252985982,0.09399075500770443
2013-06-03,nighttime,6,-0.6695365598988625,0.14576481856044807,-0.03296170625302854
2013-06-04,daytime,6,0.9049807108132124,0.013114049295953455,0.12448649321548295
2013-06-04,nighttime,6,NA,NA,4.645374936975459e-15
2013-06-05,daytime,6,0.9945840443078292,4.39194321231981e-5,0.22759048827228814
2013-06-05,nighttime,6,0.14480004066221663,0.7843179539815248,0.020467836257310062
2013-06-06,daytime,6,0.9980180589216053,5.888243035442652e-6,0.4477481068154611
2013-06-06,nighttime,6,0.9880915708630014,2.1187165552269345e-4,0.285025945144551
2013-06-07,daytime,6,0.9967193682345545,1.6126163197532607e-5,0.5399478311274304
2013-06-07,nighttime,6,0.9629455101402933,0.002034114268349326,0.40171990171989985
2013-06-08,daytime,6,0.20744754218505865,0.6932923855611528,1.2479999999998954
2013-06-08,nighttime,6,0.9865451840878743,2.703302302474968e-4,0.6407744874715295
2013-06-09,daytime,6,0.9791937429833164,6.448469787912865e-4,2.194656488549614
2013-06-09,nighttime,6,0.9727482239780745,0.0011038695521214373,0.6621067031463703
2013-06-10,daytime,6,-0.9916094198890923,1.0530739577976507e-4,-0.3811760149120067
2013-06-10,nighttime,6,0.9610826803796793,0.002242365385305505,0.5529722589167746
2013-06-11,daytime,6,0.5507340789832128,0.2574199146309622,0.04563533598492719
2013-06-11,nighttime,6,0.13372604203349459,0.800606625241254,0.02872062663185878
2013-06-12,daytime,6,0.9992081645072051,9.402569296827704e-7,0.8762426284751463
2013-06-12,nighttime,6,0.8610900682913356,0.02760375281409543,1.417910447761056
2013-06-13,daytime,6,0.7517747988051435,0.08477633472900208,1.446776981970877
2013-06-13,nighttime,6,0.9924158946689103,8.605986674561411e-5,0.6369312350325003
2013-06-14,daytime,6,0.9936634483459612,6.010061804389086e-5,1.0516392050280294
2013-06-14,nighttime,6,0.9942793970329912,4.899434323993239e-5,0.9448110377924412
2013-06-15,daytime,6,0.9047989727764182,0.013163438707834449,0.8355460227062607
2013-06-15,nighttime,6,0.9777425201704292,7.375799858909694e-4,1.249999999999994
2013-06-16,daytime,6,0.9653856462109779,0.0017764935779797841,0.15332011892963399
2013-06-16,nighttime,6,0.9080347111080287,0.01229751806745323,0.8236645605973557
2013-06-17,daytime,6,-0.09953568871278333,0.8511895345492132,-0.007028293386197142
2013-06-17,nighttime,6,-0.9890290946198335,1.798809140094661e-4,-0.8281872509960072
2013-06-20,daytime,6,0.9729247586066129,0.0010896790388073036,0.23966420807453484
2013-06-20,nighttime,6,-0.45750266218964136,0.3616256472272975,-0.2788407344783604
2013-06-21,daytime,6,0.9896122485664559,1.6129762263555994e-4,1.1643603760206778
2013-06-21,nighttime,6,0.9467537647269009,0.004177261516120418,0.4818056195301714
2013-06-22,daytime,6,0.9969667426659584,1.3787021112147744e-5,1.241675567733249
2013-06-22,nighttime,6,0.9611619780030916,0.0022332964490303707,0.9240976645435209
2013-06-23,daytime,6,0.9572427398133522,0.0027031908935180164,0.9554937413073705
2013-06-23,nighttime,6,0.9959288588061059,2.4827547995836274e-5,0.875334577013541
2013-06-24,daytime,6,0.9895352550379216,1.636933289298702e-4,0.1194888914469887
2013-06-24,nighttime,6,0.9839533587465564,3.8417608077326494e-4,2.0494216614090295
2013-06-25,daytime,6,-0.455683233987875,0.3637858250490925,-0.21465968586387937
2013-06-25,nighttime,6,0.9942859351461436,4.888252208770963e-5,0.4990099009901
2013-06-26,daytime,6,0.9769939222497009,7.878310962098353e-4,0.09581699715115681
2013-06-26,nighttime,6,0.8315850992049026,0.04015694355900864,0.12672084922872917
2013-06-27,daytime,6,0.9461521545812014,0.004271317335037343,0.2064952638700939
2013-06-27,nighttime,6,-0.99136889355274,1.1142250630940691e-4,-0.25038028597504963
2013-06-28,daytime,6,0.9185925507368173,0.009671008576750942,0.09016542446827774
2013-06-28,nighttime,6,-0.2687727775838698,0.6065487458891647,-0.016417910447758956
2013-06-29,daytime,6,0.8435146510132543,0.0348155163127864,0.05440596466583641
2013-06-29,nighttime,6,NA,NA,2.15369200459431e-15
2013-06-30,daytime,6,0.9906829435891242,1.2980691487086596e-4,0.20544835414301799
2013-06-30,nighttime,6,-0.9386007115557956,0.005539075183940623,-0.1306055347520306
2013-07-01,daytime,6,0.9980315043581691,5.8086487020704295e-6,0.42884150240484736
2013-07-01,nighttime,6,0.9148363952758747,0.010570420373293827,0.10546623794212254
2013-07-02,daytime,6,0.8756223250413677,0.02224265978925377,0.25461624026696295
2013-07-02,nighttime,6,0.9540670102526663,0.0031163037015496113,0.5023312883435567
2013-07-03,daytime,6,0.9981467884341564,5.1484073331502754e-6,0.6116388966103647
2013-07-03,nighttime,6,-0.13578033988699204,0.7975811337571526,-0.005267514485663552
2013-07-04,daytime,6,0.98988690356033,1.5289492234577925e-4,1.3270914498764133
2013-07-04,nighttime,6,0.9976166527285376,8.513747208136088e-6,0.5548748002131011
2013-07-05,daytime,6,0.9831322821819068,4.2438025585577827e-4,1.9371399769585285
2013-07-05,nighttime,6,0.9923365429347405,8.786782933320497e-5,1.329045290240271
2013-07-06,daytime,6,0.9375886215560838,0.005721218457390886,0.9463014950708344
2013-07-06,nighttime,6,0.9882427379013838,2.065371960308992e-4,1.8957243924946174
2013-07-07,daytime,6,0.9742760555556486,9.84070935456061e-4,1.1141535508001925
2013-07-07,nighttime,6,0.9685502452497677,0.0014680773378250365,1.226692836113834
2013-07-08,daytime,6,0.8732624488354194,0.02307575525620638,1.1493282810885221
2013-07-08,nighttime,6,0.9715133571091884,0.0012056749386249118,2.799212598425197
2013-07-09,daytime,6,0.9809917532728935,5.385361979165846e-4,1.5087798523664848
2013-07-09,nighttime,6,0.9588363438716736,0.0025067950704827633,1.367687736912193
2013-07-10,daytime,6,0.9875791561916922,2.3045791386405395e-4,2.2070657507360307
2013-07-10,nighttime,6,0.9794695748190997,6.279207669103082e-4,1.1668867082961591
2013-07-11,daytime,6,0.9790666317703984,6.527222953646992e-4,1.7727449003335196
2013-07-11,nighttime,6,0.9718596499596381,0.0011766770702397403,1.1878383482311414
2013-07-12,daytime,6,0.9534568487058891,0.00319898500033415,1.275996904403081
2013-07-12,nighttime,6,0.9904368421771149,1.3674368685989786e-4,1.1624612348463452
2013-07-13,daytime,6,0.9506007470787655,0.0036001551264344843,1.222122162531438
2013-07-13,nighttime,6,0.9779869459128959,7.215283424708013e-4,1.2261788961725562
2013-07-14,daytime,6,0.9678876539108711,0.0015302469868811919,1.5725918570009982
2013-07-14,nighttime,6,0.9663143618570695,0.0016829714046457515,1.161705420043165
2013-07-15,daytime,6,0.9544161043166365,0.00306947812277803,1.3346168177866102
2013-07-15,nighttime,6,0.9805286064960014,5.650116024870018e-4,1.384047196508217
2013-07-16,daytime,6,0.9343730179213736,0.0063190267150774835,1.2252571539324124
2013-07-16,nighttime,6,0.9883921632464701,2.0133078030571227e-4,1.5357142857142678
2013-07-17,daytime,6,0.9036258593800774,0.013484402166933475,1.2001769942216594
2013-07-17,nighttime,6,0.990993318488393,1.2131515537080102e-4,1.5480785653287636
2013-07-18,daytime,6,0.8232969237533745,0.04407727932455784,1.0139363362819807
2013-07-18,nighttime,6,0.9878558542298095,2.2032490374350827e-4,1.4614266330684107
2013-07-19,daytime,6,0.9793068238339565,6.378808227296066e-4,1.6944024205748875
2013-07-19,nighttime,6,0.9836823336065017,3.9722693298448614e-4,1.267306514192361
2013-07-20,daytime,6,0.7784326421254308,0.06819953832485497,0.7823602617457748
2013-07-20,nighttime,6,0.960348313535209,0.0023272130535276114,1.220655380015349
2013-07-21,daytime,6,0.6842723777341808,0.1337894118631973,0.5307025631569247
2013-07-21,nighttime,6,0.9736512245887724,0.001032240524899502,1.3392636388067667
2013-07-22,daytime,6,0.8047254311292914,0.053475115588140075,0.7436074513215588
2013-07-22,nighttime,6,0.9452504115463634,0.004414219730766388,0.8004357298474891
2013-07-23,daytime,6,0.968197195262505,0.0015010446129874889,1.883347473033574
2013-07-23,nighttime,6,0.9424896521544025,0.004866054148399647,0.6540438079191216
2013-07-24,daytime,6,0.8776327068729938,0.02154448274224162,0.9221453287197225
2013-07-24,nighttime,6,0.972572636091207,0.0011180741781005425,1.039595723045636
2013-07-25,daytime,6,0.9121854946486384,0.011228495192295393,2.282855781664733
2013-07-25,nighttime,6,0.985919225304167,2.96006439012551e-4,1.275743707093813
2013-07-26,daytime,6,0.9348432441232034,0.006229795916478095,1.31048016701462
2013-07-26,nighttime,6,0.9483091921539695,0.003938852065035257,1.0778790389395123
2013-07-27,daytime,6,0.9319383378222326,0.006790940710791724,0.9393160703696386
2013-07-27,nighttime,6,0.9858797228397277,2.976656744707398e-4,0.9399091499026588
2013-07-28,daytime,6,0.998475641463131,3.483732371088763e-6,1.3907349697118268
2013-07-28,nighttime,6,0.9829625454564309,4.329395136428745e-4,0.9755463461092944
2013-07-29,daytime,6,-0.6856185876567548,0.1327174594966634,-5.217917675544898
2013-07-29,nighttime,6,0.9732062597918303,0.0010672390979885498,1.3306287113004807
2013-07-30,daytime,6,0.9838311905020274,3.9003209170060263e-4,2.2596207116982754
2013-07-30,nighttime,6,0.9167962270286032,0.010096297393116736,4.34437086092706
2013-07-31,daytime,6,0.9658177490963626,0.0017326696951801652,0.9607085955010681
2013-07-31,nighttime,6,0.9794083556303453,6.31658135305395e-4,1.953156822810595
2013-08-01,daytime,6,0.7024659707510085,0.11961992493560904,1.1433182922596299
2013-08-01,nighttime,6,0.9698368581327712,0.0013510012495749652,1.237543962485342
2013-08-03,daytime,6,-0.71578803550816406,0.10968584568389002,-4.302763819095578
2013-08-03,nighttime,6,0.9740624160472097,0.0010004125300207638,1.3237837837837785
2013-08-04,daytime,6,0.9946902954323344,4.221459574269663e-5,0.5402527332102806
2013-08-04,nighttime,6,-0.9607393241716149,0.0022818427838077254,-0.18927548998017857
2013-08-05,daytime,6,0.9919556671374792,9.680665722134868e-5,1.4787308372035726
2013-08-05,nighttime,6,0.9992687672228686,8.018565659414121e-7,1.0903185895453087
2013-08-06,daytime,6,0.9507155371438268,0.003583582466491448,1.175947559709242
2013-08-06,nighttime,6,0.9807625453633916,5.515597959991467e-4,1.2237470167064373
2013-08-07,daytime,6,0.9803088267817388,5.777959036439804e-4,1.4735392590992569
2013-08-07,nighttime,6,0.9843091005425383,3.6737490501532365e-4,0.9480557167730681
2013-08-08,daytime,6,0.9921477011259962,9.224581554174378e-5,0.7307692307692372
2013-08-08,nighttime,6,0.9795196789386543,6.248701568701985e-4,1.6992130574176547
2013-08-09,daytime,6,0.9987053791482583,2.5129798044416577e-6,0.4472291352658715
2013-08-09,nighttime,6,-0.9723349268391726,0.0011374475908476663,-0.10861396667848087
2013-08-10,daytime,6,0.985278823996783,3.234743991002572e-4,0.19844431349440067
2013-08-10,nighttime,6,0.7168345851017635,0.10892150130358867,0.08170621808350939
2013-08-11,daytime,6,0.9993085719106292,7.169439276741925e-7,0.50064794141985
2013-08-11,nighttime,6,0.6204911389755647,0.18871070666146778,0.024367674275141832
2013-08-12,daytime,6,0.9921647710522221,9.18457134598881e-5,1.4622748852356124
2013-08-12,nighttime,6,0.9714641648503486,0.0012098225534609046,0.705447035539108
2013-08-13,daytime,6,0.9892299260885136,1.733671034619209e-4,1.629698122053499
2013-08-13,nighttime,6,0.9831326753590947,4.2436052787828393e-4,1.1806376689189189
2013-08-15,daytime,6,0.9991928151087676,9.770582133226214e-7,3.225806451612967
2013-08-15,nighttime,6,0.9039321527562575,0.013400240327749125,0.4358130348913768
2013-08-16,daytime,6,0.9913934770122008,1.1078960469998117e-4,1.4110461474211784
2013-08-16,nighttime,6,0.9530031759976828,0.003261151222414371,1.681151548071681
2013-08-17,daytime,6,0.9908146611643645,1.261681887048484e-4,1.345336952127969
2013-08-17,nighttime,6,0.9908429162346063,1.2539435389743797e-4,1.749685929648225
2013-08-18,daytime,6,0.9857722542885574,3.022030696683853e-4,1.779514607911587
2013-08-18,nighttime,6,0.9804179751546602,5.71429126071961e-4,1.3419354838709558
2013-08-19,daytime,6,0.9555004042902117,0.0029262616658845496,1.3824273914201977
2013-08-19,nighttime,6,0.9921669541126532,9.179460724743866e-5,2.3287425714555106
2013-08-20,daytime,6,0.9581251261001006,0.0025935436944770234,1.5372278812051494
2013-08-20,nighttime,6,0.9886565250693128,1.922818277060791e-4,2.129227823867257
2013-08-21,daytime,6,0.9668264568543341,0.001632472471111716,1.4847259461122613
2013-08-21,nighttime,6,0.9776093541390843,7.463988584630632e-4,1.7468230694037186
2013-08-22,daytime,6,0.9810118497985476,5.374016847742161e-4,2.203413211414172
2013-08-22,nighttime,6,0.9822371086094609,4.704781893242106e-4,1.9144241119483256
2013-08-23,daytime,6,0.9674869571942816,0.0015684621932402047,1.6210149810792642
2013-08-23,nighttime,6,0.9718205817789679,0.0011799310661802836,2.2008574769390536
2013-08-24,daytime,6,0.970583966838748,0.0012852276194424165,1.6044098087334475
2013-08-24,nighttime,6,0.9884028108399615,2.009623138230463e-4,1.8662735097226462
2013-08-25,daytime,6,0.9459792517849578,0.004298539069002852,1.5013918454232862
2013-08-25,nighttime,6,0.9944350821815613,4.63662974379947e-5,1.5576225045372036
2013-08-26,daytime,6,0.9855284240665777,3.126243991742664e-4,1.9949636336847256
2013-08-26,nighttime,6,0.9859400912030175,2.9513186440503487e-4,1.9391264992079673
2013-08-27,daytime,6,0.9864829800814783,2.728298950279068e-4,1.8467861669382626
2013-08-27,nighttime,6,0.9687710071978974,0.001447646949669294,1.3793825799338422
2013-08-28,daytime,6,0.9669824634828301,0.0016172394153677692,1.8974292452830255
2013-08-28,nighttime,6,0.9835230357645754,4.049988572261589e-4,1.539354294154881
2013-08-29,daytime,6,0.9901015139237183,1.46485112938977e-4,1.6015868077162447
2013-08-29,nighttime,6,0.977920014240751,7.259063756510614e-4,1.2419012671291747
2013-08-30,daytime,6,0.9772185074598712,7.725828471996055e-4,1.8661997213914892
2013-08-30,nighttime,6,0.9842366558000883,3.7076606885841096e-4,1.1105011933174178
2013-08-31,daytime,6,0.9891670361285201,1.7539401838112683e-4,1.5405889450267687
2013-08-31,nighttime,6,0.9593629133260501,0.002443505729945701,0.9142689371696996
2013-09-04,daytime,6,0.9786452950311904,6.791660136149046e-4,2.1311491418666635
2013-09-04,nighttime,6,0.9940910585986437,5.227022564381948e-5,1.184200743494419
2013-09-05,daytime,6,0.9841122629495669,3.766250900843376e-4,1.6493092167518315
2013-09-05,nighttime,6,0.9647471765720109,0.001842236912554834,1.4505415162454771
2013-09-06,daytime,6,0.941646669815177,0.005008316928047494,1.1141437216945227
2013-09-06,nighttime,6,0.9749112749524821,9.362702114786265e-4,0.7918269230769232
2013-09-07,daytime,6,0.7265687827605519,0.1019254538711871,1.6268965517241643
2013-09-07,nighttime,6,0.977967730159339,7.227839092121211e-4,0.8284773560290697
2013-09-08,daytime,6,0.9247510166984398,0.008280568953376225,1.1989946777054963
2013-09-08,nighttime,6,0.9724883396390578,0.0011249255133925073,1.0479452054794434
2013-09-09,daytime,6,0.8974493324330577,0.0152357149311781,1.1856900177964746
2013-09-09,nighttime,6,0.9787181257010971,6.745577866915449e-4,0.9465661928412386
2013-09-10,daytime,6,0.9287033546447986,0.007443609489615812,1.1162847608453825
2013-09-10,nighttime,6,0.9902606325438925,1.4182100246166416e-4,0.9177597061909712
2013-09-11,daytime,6,0.910160104056619,0.01174425216051951,2.0789908870201756
2013-09-11,nighttime,6,0.9879588451161331,2.166111964290994e-4,0.8468457055991858
2013-09-12,daytime,6,0.9988403576990714,2.0163756729115126e-6,2.011880965749572
2013-09-12,nighttime,6,0.9613511631992318,0.0022117333656074606,0.6009905447996363
2013-09-13,daytime,6,0.9948282368885485,4.005153560180152e-5,1.1718915811814652
2013-09-13,nighttime,6,0.966499646543291,0.0016646122400801832,0.5172933463943922
2013-09-14,daytime,6,0.9825165781762875,4.558329788863685e-4,1.409458730444176
2013-09-14,nighttime,6,0.9809124998930743,5.430218906513145e-4,0.5691026654882083
2013-09-15,daytime,6,0.982509732472079,4.561889681657707e-4,5.5408673894913
2013-09-15,nighttime,6,0.9956140419359463,2.8812756687299795e-5,3.0080862533692128
2013-09-16,daytime,6,0.9819819679251259,4.840494474062603e-4,1.2181076807855544
2013-09-16,nighttime,6,0.9597339234538228,0.0023993925397006945,0.9008030231459622
2013-09-17,daytime,6,0.9846689512426626,3.507598710550299e-4,2.3767981106419516
2013-09-17,nighttime,6,0.9625899650798578,0.0020730881967722836,1.4961349262122259
2013-09-18,daytime,6,0.9252311949290621,0.008176568517748416,0.7432760684362445
2013-09-18,nighttime,6,0.9757315198339503,8.762921228776287e-4,2.3347732181425105
2013-09-19,daytime,6,0.6442250918415262,0.16734743372207533,1.5789014821272547
2013-09-19,nighttime,6,0.9743009704845087,9.82173842013801e-4,1.100871193030452
2013-09-20,daytime,6,0.9915773293114308,1.0611331434472181e-4,1.0654659612183877
2013-09-20,nighttime,6,0.9092774020600569,0.0119725344218864,0.43877109476417225
2013-09-21,daytime,6,0.9415815350528872,0.005019392724579786,0.6773945081325331
2013-09-21,nighttime,6,0.9852331631161542,3.254791830074572e-4,0.811669900014923
2013-09-22,daytime,6,0.5408651813565798,0.2678132649307206,0.4340080357819691
2013-09-22,nighttime,6,0.9952299220389581,3.407619730432354e-5,1.4259709755892922
2013-09-23,daytime,6,0.478432225019935,0.3371076072114951,0.24704213859693125
2013-09-23,nighttime,6,0.9954986469010411,3.0347665969520266e-5,0.8053020425901783
2013-09-24,daytime,6,0.8856641241072561,0.018861699899685495,1.6673662119622308
2013-09-24,nighttime,6,0.9825830722966894,4.523823489050348e-4,2.2961608775136884
2013-09-25,daytime,6,0.7541094382718674,0.08325971425139535,0.6382958801498089
2013-09-25,nighttime,6,0.9842393288184663,3.7064066858030265e-4,1.547617304736107
2013-09-26,daytime,6,0.21785191851624455,0.6783916892578556,0.1421653277273051
2013-09-26,nighttime,6,0.9904305989614557,1.3692200288682792e-4,1.4583251617964235
2013-09-27,daytime,6,0.3712800642442812,0.4686701752781557,0.2532023357122986
2013-09-27,nighttime,6,0.9909876896368865,1.2146660936571371e-4,1.4073866815892344
2013-09-28,daytime,6,0.9569697245344835,0.0027375693818189185,1.4603538211023075
2013-09-28,nighttime,6,0.995661269930426,2.8196030542292893e-5,1.440481306403088
2013-09-29,daytime,6,0.8738132365565635,0.022880006722165155,0.7025556898635809
2013-09-29,nighttime,6,0.9940694934724376,5.2652070861422114e-5,0.9271428571428543
2013-09-30,daytime,6,0.9002399686380567,0.014431686684741924,0.7632215902214686
2013-09-30,nighttime,6,0.9961799711450691,2.186105856315834e-5,0.9830947680157862
2013-10-01,daytime,6,0.9480671694006796,0.003975496428412433,1.1917805904320964
2013-10-01,nighttime,6,0.9893793358506606,1.685987629300395e-4,1.9357776739841097
2013-10-02,daytime,6,0.79020699079202,0.06140283901790158,0.7419597132127008
2013-10-02,nighttime,6,0.9896632420003599,1.5972061503030318e-4,2.0435393258426977
2013-10-03,daytime,6,0.9812494663373306,5.240775890831664e-4,1.8561655697956483
2013-10-03,nighttime,6,0.9870456795035439,2.506346684001272e-4,1.3462771642322726
2013-10-04,daytime,6,0.9191530378934989,0.009540129701393516,1.0365816326530624
2013-10-04,nighttime,6,0.9942245599342334,4.993723998382519e-5,1.9423701298701357
2013-10-05,daytime,6,-0.43726048792474015,0.3859106567777471,-0.39522546419098664
2013-10-05,nighttime,6,-0.6580240747617495,0.15542467968716114,-0.015631613103466255
2013-10-06,daytime,6,-0.9755583086283165,8.887937279471005e-4,-3.2135922330096514
2013-10-06,nighttime,6,-0.9973265481689677,1.0711462998396719e-5,-0.5490843590513348
2013-10-07,daytime,6,0.19432452803190092,0.7121822515224179,0.012946979038223679
2013-10-07,nighttime,6,NA,NA,-5.24649335389642e-15
2013-10-08,daytime,6,-0.8665840491265259,0.025512334236207395,-0.07676560900716638
2013-10-08,nighttime,6,0.8900247334690081,0.017476787684376265,0.14042553191489734
2013-10-09,daytime,6,-0.7709581961294956,0.07268243842489759,-0.04069940160421073
2013-10-09,nighttime,6,NA,NA,6.629792252318961e-15
2013-10-10,daytime,6,0.9864751097427975,2.7314698027690467e-4,0.1492542664563314
2013-10-10,nighttime,6,0.20273562856722868,0.7000629501985502,0.021356783919597336
2013-10-11,daytime,6,0.9821771476486196,4.736503481506333e-4,0.6539192614047777
2013-10-11,nighttime,6,0.9280697780096495,0.0075748533214957305,0.1328621908127214
2013-10-12,daytime,6,0.9921996078583958,9.103186455555864e-5,0.9287938996885415
2013-10-12,nighttime,6,0.8368823606490549,0.037740981176810975,0.16449105862823743
2013-10-13,daytime,6,0.9982035910518088,4.837729081428918e-6,0.9056184765711739
2013-10-13,nighttime,6,0.9561748433619807,0.0028388802616828063,0.28225249544855346
2013-10-14,daytime,6,0.8472373620559227,0.03322216851648597,7.60115606936421
2013-10-14,nighttime,6,0.9765768786972379,8.165384561245998e-4,0.7716019417475735
2013-10-15,daytime,6,-0.9819704313154437,4.8466762642678847e-4,-2.360000000000052
2013-10-15,nighttime,6,0.8257551421478779,0.042896758101671796,0.3449067431850859
2013-10-16,daytime,6,0.967635609408043,0.0015542305659777289,0.46791044776119284
2013-10-16,nighttime,6,0.9602403325652186,0.0023398200712994094,8.678821879382827
2014-03-14,daytime,6,-0.9242729121069426,0.008384755790966125,-0.10756223579145144
2014-03-14,nighttime,6,NA,NA,4.07380257587215e-15
2014-03-15,daytime,6,-0.8561079578642307,0.02956774308958266,-0.07222987944240097
2014-03-15,nighttime,6,NA,NA,7.493204921169517e-15
2014-03-16,daytime,6,-0.7384768732385245,0.09364816715937081,-0.03091041818750935
2014-03-16,nighttime,6,-0.9946119417692472,4.3468546425705855e-5,-0.18837364100288045
2014-03-17,daytime,6,-0.8720086023049127,0.023524332221950908,-0.0691271820448898
2014-03-17,nighttime,6,-0.8755303756871486,0.022274846576193684,-0.0725603536212151
2014-03-18,daytime,6,-0.6991162358671212,0.1221768993075198,-0.0699755899105019
2014-03-18,nighttime,6,-0.06560130068586696,0.9017392075753453,-0.007377481117158522
2014-03-19,daytime,6,-0.7550126193087398,0.08267629869943507,-0.048724121328840506
2014-03-19,nighttime,6,-0.9981297289937048,5.2435994322539995e-6,-0.26055213324206705
2014-03-20,daytime,6,-0.910397361030067,0.01168325601751897,-0.06480081716036924
2014-03-20,nighttime,6,0.28483270990996473,0.5843051273903712,0.014944939695863248
2014-03-21,daytime,6,-0.6014430962501588,0.20661650337659923,-0.045395729997844525
2014-03-21,nighttime,6,NA,NA,-0
2014-03-22,daytime,6,0.389177677438622,0.4457057662570766,0.2710483432916743
2014-03-22,nighttime,6,-0.9808296557964353,5.47730574478326e-4,-0.16210840377921
2014-03-23,daytime,6,-0.8352243893417882,0.038489591345306474,-0.060869565217392285
2014-03-23,nighttime,6,-0.8543788593440957,0.030264289150713608,-0.09604779411764619
2014-03-24,daytime,6,-0.6803858857026014,0.13690497368408386,-0.053177966101695943
2014-03-24,nighttime,6,0.2561541823884821,0.6241725002931551,0.024407499115669997
2014-03-25,daytime,6,-0.7634142027744681,0.07733806975127037,-0.03642507781236181
2014-03-25,nighttime,6,0.3683198820621169,0.47250322896890323,0.01761812149640063
2014-03-26,daytime,6,-0.9694585770714433,0.001384923580196425,-0.18652165469023288
2014-03-26,nighttime,6,-0.7255698753346144,0.10263391384896216,-0.04925489257286227
2014-03-27,daytime,6,-0.9812540006121413,5.238249503846016e-4,-0.3037542662116019
2014-03-27,nighttime,6,0.64050285123411,0.17062691775563651,0.14146341463415166
2014-03-28,daytime,6,0.8535017203773678,0.030620564470189737,0.05453750060759296
2014-03-28,nighttime,6,-0.979263690819972,6.405335279748391e-4,-0.25213965493817836
2014-03-29,daytime,6,-0.8574699056966149,0.029024504513425635,-0.06312076863826234
2014-03-29,nighttime,6,-0.17942489952987692,0.7337507900271808,-0.01970619849516148
2014-03-30,daytime,6,-0.9237701590583357,0.008494997604735826,-0.07892360484016896
2014-03-30,nighttime,6,0.8909708079225843,0.017183012201629887,0.16105490131033934
2014-03-31,daytime,6,0.3729623747699867,0.46649614499611436,0.030534351145038656
2014-03-31,nighttime,6,0.9485720018648468,0.0038992491009049337,0.5566787003610184
2014-04-01,daytime,6,0.9269366953799044,0.007812354758587236,0.12085100160842181
2014-04-01,nighttime,6,-0.9976762782726192,8.093250319486168e-6,-0.20802335436481612
2014-04-02,daytime,6,0.18318582636182584,0.7282948481478958,0.20134228187916914
2014-04-02,nighttime,6,0.6466531856695228,0.16522258030667267,0.05270928687436282
2014-04-03,daytime,6,NA,NA,NA
2014-04-03,nighttime,6,0.8064211254072847,0.05258220167609558,0.3863636363636537
2014-04-06,daytime,6,0.6379088075582467,0.17292815361632982,0.05231057940417319
2014-04-06,nighttime,6,0.2790449090988395,0.5922967003495723,0.11123723041999654
2014-04-08,daytime,6,0.9927355935527536,7.896572436681179e-5,0.17276264591439736
2014-04-08,nighttime,6,-0.2699387849530226,0.6049266302226137,-0.024683925346174067
2014-04-09,daytime,6,0.9551544806008031,0.002971586041106561,0.11902250990944796
2014-04-09,nighttime,6,0.7610891931885183,0.07879924027148665,0.10791632788824419
2014-04-10,daytime,6,0.9859921746828918,2.9295445324251026e-4,0.4984604056496412
2014-04-10,nighttime,6,0.8543090432998378,0.030292574745340112,0.35281122279907207
2014-04-11,daytime,6,0.9966811671725673,1.6503699111448522e-5,0.534201954397394
2014-04-11,nighttime,6,0.9438338689435822,0.004643359615627741,0.470727101038713
2014-04-12,daytime,6,0.9973982172191052,1.014510436864486e-5,0.8830428146839091
2014-04-12,nighttime,6,0.986021940615258,2.9171365668202297e-4,0.6664346857818899
2014-04-13,daytime,6,-0.9068572941222598,0.012609312750269896,-0.2653856490190776
2014-04-13,nighttime,6,0.9761098821529284,8.492891002967961e-4,0.8335448776065283
2014-04-14,daytime,6,0.9914613393151228,1.0905181799981583e-4,0.28837469356156603
2014-04-14,nighttime,6,-0.9964306100532481,1.908807890206916e-5,-0.20892603129445117
2014-04-15,daytime,6,0.9677114079367009,0.001546998479020046,0.24333149143517013
2014-04-15,nighttime,6,0.9655990625001674,0.001754781295156032,0.49666262135922334
2014-04-16,daytime,6,0.9777119827400156,7.395977201151249e-4,0.4138746551044518
2014-04-16,nighttime,6,0.9560896511681412,0.0028498459186919395,0.5304740406320576
2014-04-17,daytime,6,0.992820882897683,7.712457870201704e-5,0.3835818485223655
2014-04-17,nighttime,6,0.9118270551181693,0.01131895343525677,0.2940671733267976
2014-04-18,daytime,6,0.966279684926811,0.00168641846814821,0.3165091494067967
2014-04-18,nighttime,6,0.9576757351260438,0.0026491064494712315,0.6157926644437727
2014-04-19,daytime,6,0.9747334722198978,9.49531095943835e-4,0.3911922109742719
2014-04-19,nighttime,6,0.9703213214927661,0.0013081650913691013,0.5957014231774612
2014-04-20,daytime,6,0.9551394412817948,0.002973564334552094,0.7252266995244615
2014-04-20,nighttime,6,0.9954020333019215,3.166334314343932e-5,1.014619289340102
2014-04-21,daytime,6,0.999466812853639,4.263570100709896e-7,1.5103108041440592
2014-04-21,nighttime,6,0.9761954443136839,8.432407996089788e-4,1.4618528610354202
2014-04-22,daytime,6,0.9898992771575531,1.5252164179623896e-4,1.3695891012964183
2014-04-22,nighttime,6,0.9791672996900763,6.464813927315502e-4,0.9453172821873109
2014-04-23,daytime,6,0.9021474351943073,0.013894211416230968,6.662337662337734
2014-04-23,nighttime,6,0.9573253616861531,0.0026928292126998173,1.0529215729837802
2014-04-24,daytime,6,0.9873503384697032,2.3900884417608396e-4,2.5000000000000013
2014-04-24,nighttime,6,0.9803110026080295,5.776686423781783e-4,2.374827744602649
2014-04-25,daytime,6,0.9791162960453936,6.496396408856679e-4,0.8502195204322847
2014-04-25,nighttime,6,0.9815195148138934,5.091366944241777e-4,2.303899537343014
2014-04-26,daytime,6,0.8336065949847232,0.039226700278413275,0.7259687171076806
2014-04-26,nighttime,6,0.9725756501600266,0.0011178295885130743,1.806472148541115
2014-04-27,daytime,6,0.9913932383720486,1.1079573985562118e-4,3.81860321384426
2014-04-27,nighttime,6,0.9977825534419571,7.370152187535985e-6,1.3036028119507888
2014-04-28,daytime,6,0.9913653842170673,1.1151300082515078e-4,1.9520605550883134
2014-04-28,nighttime,6,0.9857227565191053,3.043043877378232e-4,2.3555178268251336
2014-04-29,daytime,6,-0.9927871857830137,7.784941118516951e-5,-3.315049864007238
2014-04-29,nighttime,6,0.9729286887089992,0.0010893641574887154,1.421821793416569
2014-04-30,daytime,6,0.9519660401658157,0.0034054784977860663,5.3148148148148495
2014-04-30,nighttime,6,0.9873706983666026,2.3824170749017377e-4,1.443548387096773
2014-05-01,daytime,6,0.9982128606317326,4.787946739581399e-6,3.025470442881589
2014-05-01,nighttime,6,0.9642158166682188,0.0018978507025637918,2.11411609498681
2014-05-02,daytime,6,0.2263143629927463,0.6663241616341071,0.1473556019484995
2014-05-02,nighttime,6,0.9868959734842483,2.564481840841185e-4,1.4660257810793127
2014-05-03,daytime,6,0.9837454457957114,3.9416848636027456e-4,0.7131221664715884
2014-05-03,nighttime,6,0.9638293501190782,0.0019388125508044282,1.4881976212259824
2014-05-04,daytime,6,0.9842594046289151,3.696995190813215e-4,1.1794851763602978
2014-05-04,nighttime,6,0.9906646718782348,1.3031574748494407e-4,1.6322207958921606
2014-05-05,daytime,6,0.9897273573382895,1.5774875933990658e-4,1.0334470180798245
2014-05-05,nighttime,6,0.9875215576328813,2.3259576722575457e-4,1.1173164097914796
2014-05-06,daytime,6,0.9690485708396701,0.0014221608558236734,1.1336874511492803
2014-05-06,nighttime,6,0.9777160889887893,7.393262441165569e-4,1.5544801748361021
2014-05-07,daytime,6,0.9846190069514787,3.5304304192913756e-4,1.3620333645290197
2014-05-07,nighttime,6,0.9758474051686958,8.679770736502935e-4,2.3461977910371905
2014-05-08,daytime,6,0.9950386168118575,3.6861921684177566e-5,2.7222822563215985
2014-05-08,nighttime,6,0.9814355458359743,5.137594205390664e-4,2.3433070866141703
2014-05-09,daytime,6,0.9868517556181728,2.5817798536690537e-4,1.4424343708655445
2014-05-09,nighttime,6,0.987465387513934,2.3469006797865552e-4,0.8193643487030972
2014-05-10,daytime,6,0.9777198184068561,7.390797243442827e-4,1.1505225592658685
2014-05-10,nighttime,6,0.9933179026178174,6.682645889203461e-5,2.868832362856252
2014-05-11,daytime,6,0.9412456377082813,0.005076700397261512,1.2233606557376895
2014-05-11,nighttime,6,0.9969080730352338,1.4325239103180303e-5,1.7162027337124535
2014-05-20,daytime,6,0.9236046676576732,0.008531439198441794,1.1849825957235176
2014-05-20,nighttime,6,0.9805691463943195,5.626689699572472e-4,4.334908845374735
2014-05-21,daytime,6,0.9960122490284848,2.3821529793600762e-5,1.777785500799334
2014-05-21,nighttime,6,0.9587756670486113,0.0025141391847444006,0.8385876418663292
2014-05-22,daytime,6,0.9970536792045254,1.3008421124811153e-5,2.3721517051536924
2014-05-22,nighttime,6,0.984985490308222,3.364608501672884e-4,1.968414818714209
2014-05-23,daytime,6,0.9872848308257349,2.4148542485587135e-4,2.0640547455380567
2014-05-23,nighttime,6,0.9851406645228064,3.29559306707326e-4,2.5174006775484736
2014-05-24,daytime,6,0.9523292930726301,0.0033545786959022707,1.8380928953194506
2014-05-24,nighttime,6,0.9837259561774606,3.9511170798829697e-4,2.596752961825344
2014-05-25,daytime,6,0.9912837420662003,1.1362862775674579e-4,2.070278411481984
2014-05-25,nighttime,6,0.9345344321547593,0.006288326639815498,3.81407035175878
2014-05-26,daytime,6,0.9917845388045776,1.0096345762192106e-4,1.5565934419893048
2014-05-26,nighttime,6,0.9634453656665096,0.001979939030991217,1.8284501919579672
2014-05-27,daytime,6,0.9181318082350124,0.00977924451637696,0.13422324994744558
2014-05-27,nighttime,6,0.9631324759978095,0.0020137660556832134,1.3741027056874595
2014-05-28,daytime,6,0.9930269587525499,7.276543020494004e-5,1.0011079053664205
2014-05-28,nighttime,6,0.9842443023092785,3.7040740155245606e-4,0.2264623084141372
2014-05-29,daytime,6,0.9769355330495318,7.918196555231228e-4,0.24823985987567396
2014-05-29,nighttime,6,0.9443347812729198,0.004561682279175166,0.8634844868735068
2014-05-30,daytime,6,0.9652195902712501,0.0017934788222232294,0.6696682257288972
2014-05-30,nighttime,6,0.7916091531199572,0.060615249504571256,0.09714366515837217
2014-05-31,daytime,6,0.994487383288937,4.549965320712055e-5,0.9470157305923188
2014-05-31,nighttime,6,0.9756466769348524,8.824047291521755e-4,0.5199165797705926
2014-06-01,daytime,6,0.9390042242683064,0.005467260061787408,1.135854928481662
2014-06-01,nighttime,6,0.995354862038533,3.2315845238408e-5,0.5253828945104116
2014-06-02,daytime,6,0.9996670803323855,1.662348079670625e-7,0.9256144603242628
2014-06-02,nighttime,6,0.9184255039617885,0.009710183007714961,0.19508037018996774
2014-06-03,daytime,6,0.5755090563658332,0.23204378666549438,0.43527469936335567
2014-06-03,nighttime,6,0.9753369906665308,9.048952333572446e-4,0.6602578862537422
2014-06-04,daytime,6,0.9031572434205856,0.013613658412250693,0.21792353030074071
2014-06-04,nighttime,6,0.993789543588573,5.773488532326876e-5,0.9327810205234405
2014-06-05,daytime,6,0.969740151719004,0.0013596337845805675,0.14080795150784917
2014-06-05,nighttime,6,-0.9765051270877407,8.215288884695785e-4,-1.8214285714284792
2014-06-06,daytime,6,0.7463397831672203,0.0883545646138773,0.05450583758821311
2014-06-06,nighttime,6,-0.9380655779290202,0.005635022678435914,-0.3866256725595607
2014-06-07,daytime,6,0.41908476930368116,0.4081752033366655,0.028327749010051376
2014-06-07,nighttime,6,-0.6935104027340705,0.12650862587046235,-0.06588447653429276
2014-06-09,daytime,6,0.9023620172804054,0.013834363483684498,0.20120120120119903
2014-06-09,nighttime,6,-0.4505536805498503,0.36990036665656245,-0.02899980272242803
2014-06-10,daytime,6,-0.5885842238699773,0.21907568918335057,-0.026994653656258347
2014-06-10,nighttime,6,-0.9513444238779153,0.0034934548755395393,-0.22991347342397464
2014-06-11,daytime,6,0.8490339167503779,0.03246582168080197,0.03967556223589664
2014-06-11,nighttime,6,NA,NA,5.236362464774037e-15
2014-06-16,daytime,6,0.9413719314197888,0.005055115961333714,0.26585433397950686
2014-06-16,nighttime,6,-0.9180423285028475,0.009800332580791016,-0.676146010186745
2014-06-17,daytime,6,-0.9337552734774183,0.006437192708434434,-0.10969660916121367
2014-06-17,nighttime,6,-0.7002303768369224,0.1213238174530291,-2.451612903225963
2014-06-18,daytime,6,0.989214440934595,1.7386509373907473e-4,0.2885453824811743
2014-06-18,nighttime,6,0.9664630989646994,0.0016682257223471554,1.5578635014836728
2014-06-19,daytime,6,NA,NA,0
2014-06-19,nighttime,6,0.9393519143540084,0.005405747838843685,0.7900826446280951
2014-06-20,daytime,6,NA,NA,-1.8050696352628733e-15
2014-06-20,nighttime,6,-0.9927515327032428,7.861999898426395e-5,-0.33340852695690615
2014-06-21,daytime,6,0.5097746562042559,0.3015756366525522,1.4418604651164177
2014-06-21,nighttime,6,0.7353644319261785,0.09578149891463038,0.14016736401673643
2014-06-22,daytime,6,0.9716800970123518,0.001191668837369425,0.14562099481232696
2014-06-22,nighttime,6,0.9312160385437714,0.00693413354410027,1.3591549295774588
2014-06-23,daytime,6,0.9829635769104151,4.328872442681595e-4,0.45666991236611404
2014-06-23,nighttime,6,0.1889776074801899,0.7199080235970632,0.06569343065694325
2014-06-24,daytime,6,0.9717758122945108,0.0011836653961511776,0.15433946130824985
2014-06-24,nighttime,6,-0.9230788143547676,0.008647736919859735,-0.19059561128526292
2014-06-25,daytime,6,0.9572668659936528,0.0027001631818167147,0.06851288618536724
2014-06-25,nighttime,6,-0.9160804110459261,0.01026824437139317,-0.2199170124481235
2014-06-26,daytime,6,0.45480727790489783,0.36482744855074906,0.06149584487534242
2014-06-26,nighttime,6,NA,NA,5.409977798123588e-15
2014-06-27,daytime,6,0.7991233526193631,0.056474311461443494,2.486692015209056
2014-06-27,nighttime,6,-0.9175557840249787,0.009915384444128386,-0.23476297968396484
2014-06-28,daytime,6,NA,NA,-1.3424655822100075e-15
2014-06-28,nighttime,6,0.9160996114774429,0.01026361382949724,0.3770491803278695
2014-06-29,daytime,6,-0.44184421988919265,0.38036347951528393,-0.04639306653071888
2014-06-29,nighttime,6,-0.8239504562026834,0.04376197215579442,-0.3502738225629764
2014-06-30,daytime,6,-0.4121071333420313,0.41683384894371,-0.8118811881188674
2014-06-30,nighttime,6,-0.43000658178376194,0.394745452810025,-0.08805031446538873
2014-07-01,daytime,6,-0.9200979747805609,0.009321439857728526,-0.28508771929825605
2014-07-01,nighttime,6,0.9598329443837584,0.002387685925052589,0.32174355495250495
2014-07-02,daytime,6,0.8190570314447942,0.04614846803211534,0.5164454702827446
2014-07-02,nighttime,6,-0.9791647810975497,6.466371696891805e-4,-1.2230769230769056
2014-07-03,daytime,6,0.743185440168499,0.09046163966529806,0.04686390532544265
2014-07-03,nighttime,6,-0.988270188815637,2.055757622416209e-4,-0.4650847457627054
2014-07-04,daytime,6,0.7335695186778491,0.09702149138144382,0.011449451887940455
2014-07-04,nighttime,6,NA,NA,2.6204786198782533e-15
2014-07-05,daytime,6,NA,NA,-2.691444035649691e-15
2014-07-05,nighttime,6,-0.19329007716812127,0.7136756447465844,-0.027171675586661285
2014-07-06,daytime,6,-0.7749213139155873,0.07028933257981848,-0.08684373069796376
2014-07-06,nighttime,6,0.9928817122825919,7.582468815110187e-5,0.3699906803355076
2014-07-07,daytime,6,NA,NA,-6.303940110143716e-15
2014-07-07,nighttime,6,0.7759098027002855,0.06969812144525901,0.09710258418167472
2014-07-08,daytime,6,0.9969165971218786,1.4246402432098635e-5,0.6382620410912735
2014-07-08,nighttime,6,-0.676123403782815,0.14035738661899305,-0.02380952380952331
2014-07-09,daytime,6,0.9987041246351093,2.5178513648064675e-6,0.7480272108843566
2014-07-09,nighttime,6,0.995862110668682,2.564776744171792e-5,0.27338877338876955
2014-07-10,daytime,6,0.9990035152953061,1.4889779044621473e-6,0.7371185872359483
2014-07-10,nighttime,6,0.9939335042613092,5.509192510927945e-5,0.36744186046511407
2014-07-11,daytime,6,0.996818173658856,1.51699218628442e-5,1.6461500124595287
2014-07-11,nighttime,6,0.9985417071150471,3.1883765914065027e-6,0.8686418213004772
2014-07-13,daytime,6,-0.5912504197161648,0.21646816179937245,-0.7318435754190069
2014-07-13,nighttime,6,0.9975419222074398,9.055793618431962e-6,1.0266280353200785
2014-07-14,daytime,6,0.763493419184814,0.07728850345577153,0.09715370018974942
2014-07-14,nighttime,6,0.459800489871698,0.3589039681387202,0.07751937984496811
2014-07-22,daytime,6,0.9994833934989964,4.002544787591932e-7,1.6052662104164193
2014-07-22,nighttime,6,0.9794125281373085,6.314030583572905e-4,1.7044117647058676
2014-07-23,daytime,6,0.9993254233191148,6.824270632844407e-7,1.7787900874635594
2014-07-23,nighttime,6,0.981258960783629,5.235486510821223e-4,1.051936422655025
2014-07-24,daytime,6,0.9970196463432699,1.3310525371297803e-5,1.7403419139320144
2014-07-24,nighttime,6,0.9792186291778923,6.43310682635601e-4,1.0467535977298774
2014-07-25,daytime,6,0.9952978910655818,3.311276123580192e-5,1.3359483156437526
2014-07-25,nighttime,6,0.9742374073745673,9.870173078160213e-4,1.257717750826891
2014-07-26,daytime,6,0.87906345578196,0.021054083944551702,1.3863854266539097
2014-07-26,nighttime,6,0.9803182138171759,5.772469676200816e-4,1.960677966101667
2014-07-27,daytime,6,0.9992904321178087,7.550512402033287e-7,2.2280617164898735
2014-07-27,nighttime,6,0.97603878437513,8.543312369093532e-4,1.109914847802679
2014-07-28,daytime,6,0.9994594402572105,4.382282762016672e-7,1.7785022153380623
2014-07-28,nighttime,6,0.9878953298424881,2.1889775290068902e-4,0.9846796657381558
2014-07-29,daytime,6,0.997643957246824,8.319867059208021e-6,0.9892037786774636
2014-07-29,nighttime,6,0.9864588296199971,2.738034660791233e-4,1.2412693474371945
2014-07-30,daytime,6,0.9940967334493056,5.2169973795426214e-5,0.7197359421927518
2014-07-30,nighttime,6,0.9712140953712161,0.0012310160502616684,0.8710473200269061
2014-07-31,daytime,6,0.9983885657945195,3.892988076013635e-6,1.2144585873072777
2014-07-31,nighttime,6,0.9852787855569852,3.234760842439192e-4,0.5037971582557565
2014-08-01,daytime,6,0.9804120985245073,5.717710256716597e-4,0.8429675863536401
2014-08-01,nighttime,6,0.95856113300283,0.0025401905564557026,0.9170122997711659
2014-08-02,daytime,6,0.9799661611203022,5.980117126872497e-4,1.1620196694717617
2014-08-02,nighttime,6,0.9890262105513834,1.7997532818254833e-4,1.1000093205331254
2014-08-03,daytime,6,0.998313204584835,4.265518457338479e-6,1.433103698332131
2014-08-03,nighttime,6,0.9773804047534275,7.616825199554694e-4,1.3393646389083518
2014-08-04,daytime,6,0.9959278619234677,2.4839700046567254e-5,2.4038853708275414
2014-08-04,nighttime,6,0.9595259914956615,0.00242406689190867,1.7856615709014225
2014-08-05,daytime,6,0.9984433714486951,3.6327527426639443e-6,2.208683163941692
2014-08-05,nighttime,6,0.9916532509912832,1.0421157695277232e-4,1.8261709526467103
2014-08-06,daytime,6,0.9960092936687108,2.3856828064104028e-5,3.0864279608700094
2014-08-06,nighttime,6,0.986568071088865,2.6941339917042185e-4,1.5147523957890778
2014-08-07,daytime,6,0.9804377862262683,5.702772755784806e-4,2.7134044467292218
2014-08-07,nighttime,6,0.9974120366758364,1.0037664738550124e-5,1.5254822919665976
2014-08-08,daytime,6,0.8240002899563132,0.04373797237570066,0.3883857218966418
2014-08-08,nighttime,6,0.9797439226869495,6.113073801166667e-4,1.9999999999999285
2014-08-09,daytime,6,0.9913825957533067,1.1106952118911681e-4,0.25898060824414326
2014-08-09,nighttime,6,-0.8697459826407136,0.024344211626757154,-1.1653543307085017
2014-08-10,daytime,6,0.9877132368882315,2.2551938882874056e-4,0.5973763874873864
2014-08-10,nighttime,6,0.8278704344846056,0.041892903055275516,0.17007939824488735
2014-08-11,daytime,6,0.9860660545255474,2.8987958327493545e-4,0.21522277975938406
2014-08-11,nighttime,6,NA,NA,2.5279367577179386e-15
2014-08-12,daytime,6,0.9995663777935253,2.8200156031656835e-7,0.3823842129885588
2014-08-12,nighttime,6,0.5985282307589302,0.2094148463716528,0.030112594920135967
2014-08-13,daytime,6,0.9981313595183399,5.234463399014915e-6,0.7191011235955062
2014-08-13,nighttime,6,0.9778702958098717,7.291669898159826e-4,0.32176360225140865
2014-08-14,daytime,6,0.9577093701137018,0.0026449277239754664,0.5135693215339194
2014-08-14,nighttime,6,0.9823848504433438,4.627073077042671e-4,0.7696934975651687
2014-08-15,daytime,6,0.907693806289885,0.012387405708043578,2.9866666666667006
2014-08-15,nighttime,6,0.9576568436800527,0.002651454900231885,0.3800298062593132
2014-08-16,daytime,6,0.9796919838291425,6.144356106609986e-4,0.836074714245889
2014-08-16,nighttime,6,0.9850253908799744,3.3467943237082713e-4,0.8782051282051201
2014-08-17,daytime,6,0.9957898322208901,2.655095540110398e-5,1.1364173693750446
2014-08-17,nighttime,6,0.9873905705838004,2.3749413010111335e-4,2.0558823529411616
2014-08-18,daytime,6,0.9844500711085484,3.608204441475207e-4,1.438778338229567
2014-08-18,nighttime,6,0.9942392736160988,4.968336506319339e-5,1.066682115752272
2014-08-19,daytime,6,0.9872208052716231,2.4391825565582063e-4,1.5578231292517017
2014-08-19,nighttime,6,0.9710094489483676,0.0012484954913809508,1.6860574658502017
2014-08-20,daytime,6,0.9899846396320476,1.4995885735380842e-4,2.7732668157577867
2014-08-20,nighttime,6,0.9688136326751087,0.0014437184935749562,1.5887794688152692
2014-08-21,daytime,6,0.990321914219825,1.4004476593392642e-4,1.6835845604252062
2014-08-21,nighttime,6,0.9966746814026118,1.656823040069445e-5,2.0678903696253275
2014-08-22,daytime,6,0.9180604557967648,0.009796058664074446,1.630486831604149
2014-08-22,nighttime,6,0.988594342376152,1.9439166330403198e-4,2.3533604887983515
2014-08-23,daytime,6,0.9302611976421046,0.007125663479507999,1.1493240955382504
2014-08-23,nighttime,6,0.9068234250885377,0.012618337521551901,0.7407053768574313
2014-08-24,daytime,6,0.8959349042583913,0.015680827453072428,0.8349167528924826
2014-08-24,nighttime,6,0.9981093648553757,5.3583728362887505e-6,1.1264728002005455
2014-08-25,daytime,6,0.9829329882401031,4.344386713606247e-4,3.6351570087407308
2014-08-25,nighttime,6,0.9750269411765831,9.276932306410778e-4,1.0534202588303894
2014-08-26,daytime,6,0.9978762009965125,6.760993589537212e-6,1.367744610281928
2014-08-26,nighttime,6,0.9774755568495375,7.553119146684108e-4,0.41967018021081226
2014-08-27,daytime,6,0.7231725420454442,0.10434304181709794,2.6813380281690082
2014-08-27,nighttime,6,0.98585812842923,2.9857466293826366e-4,1.1019108280254724
2014-08-28,daytime,6,-0.038123721612789215,0.9428421224352775,-0.34545454545431037
2014-08-28,nighttime,6,0.9663162328928273,0.0016827855132783265,1.4379844961240178
2014-08-29,daytime,6,0.973437465603131,0.001048981510140302,0.8544776119403287
2014-08-29,nighttime,6,0.13323467750529916,0.8013305400512699,0.07692307692309046
2014-08-30,daytime,6,0.6991300424306744,0.1221663118788117,0.038186157517898583
2014-08-30,nighttime,6,-0.9741530106720919,9.934665275097897e-4,-0.5641180012040836
2014-08-31,daytime,6,0.9728308235480971,0.0010972185676036094,0.21879135421261633
2014-08-31,nighttime,6,-0.8655109841347792,0.02591467180436897,-0.05166270783847292
2014-09-01,daytime,6,0.9081336287135648,0.012271495347130868,0.18192671503351848
2014-09-01,nighttime,6,0.8057488370280114,0.05293538195450646,0.4086531337975984
2014-09-02,daytime,6,0.7023001514214091,0.11974594547871306,0.023375616241067734
2014-09-02,nighttime,6,-0.9699286146027173,0.0013428357297852718,-0.23609845031904833
2014-09-03,daytime,6,NA,NA,-1.8639758004390775e-15
2014-09-03,nighttime,6,-0.7940529164360468,0.05925376132039496,-0.08797953964194039
2014-09-04,daytime,6,0.9968772870964129,1.461177850615723e-5,0.1859524194853523
2014-09-04,nighttime,6,-0.7696261777667804,0.0734949359238326,-0.1527377521613736
2014-09-05,daytime,6,0.11334804183149874,0.8307060725251144,0.2799999999998476
2014-09-05,nighttime,6,0.556593384484737,0.25132517979216384,0.041032608695653006
2014-09-06,daytime,6,0.9645279151426884,0.0018650864972898683,0.34186537881074663
2014-09-06,nighttime,6,NA,NA,2.591842823690588e-15
2014-09-07,daytime,6,0.9960205391534779,2.372265335637876e-5,0.42837363854532234
2014-09-07,nighttime,6,0.9877421167026111,2.2446264596295148e-4,0.17983271375464827
2014-09-08,daytime,6,0.9881289491169344,2.1054632838208648e-4,0.6800454803865841
2014-09-08,nighttime,6,0.9848607269990399,3.420614380760395e-4,0.40127701375245645
2014-09-09,daytime,6,0.7442084075352631,0.08977587078380045,3.000000000000349
2014-09-09,nighttime,6,0.9871271709030762,2.47498016927621e-4,1.4369199037469849
2014-09-10,daytime,6,-0.5742393707415252,0.2333189056001028,-0.6521739130433576
2014-09-10,nighttime,6,0.9919434188810838,9.710127869345178e-5,2.0227985180963195
2014-09-11,daytime,6,-0.9822469140109104,4.699604548437862e-4,-1.2465116279069897
2014-09-11,nighttime,6,-0.9168656835774989,0.010079688144499083,-0.3259305598998994
2014-09-12,daytime,6,0.9938210303941784,5.7151542588500106e-5,1.7869318181818123
2014-09-12,nighttime,6,-0.9902669192841749,1.4163826904366547e-4,-0.5239999999999861
2014-09-13,daytime,6,0.9612010520180537,0.002228834386319333,0.237902097902096
2014-09-13,nighttime,6,0.8318420266330635,0.04003814575907188,0.10091100210231288
2014-09-14,daytime,6,0.8819753222280874,0.02007270531700235,0.1203305362695377
2014-09-14,nighttime,6,0.978802020137462,6.692688231449505e-4,0.4809052333804804
2014-09-15,daytime,6,0.9914335294924502,1.0976230271329354e-4,0.35437589670014247
2014-09-15,nighttime,6,0.9613619454462852,0.0022105075280240997,0.6334519572953685
2014-09-16,daytime,6,0.9664221011402727,0.0016722838120930884,0.2415846711548426
2014-09-16,nighttime,6,0.8661390593347523,0.02567881669230698,0.09726557622674632
2014-09-17,daytime,6,0.987209984817273,2.443306085165989e-4,0.30204307012700143
2014-09-17,nighttime,6,0.9821304153073329,4.7613000936091375e-4,0.7145038167938847
2014-09-18,daytime,6,0.996442231044394,1.8964063290682167e-5,0.6249789314006436
2014-09-18,nighttime,6,0.9632972275383106,0.0019959192263372784,0.5039473684210479
2014-09-19,daytime,6,0.9802969321662167,5.784918504224514e-4,0.6613078165296825
2014-09-19,nighttime,6,0.9935340801390306,6.257701549712612e-5,0.7610681658468016
2014-09-20,daytime,6,0.9861068581740325,2.881882618158679e-4,1.2368719009877824
2014-09-20,nighttime,6,0.98138782670802,5.163957426325222e-4,1.4011065006915562
2014-09-21,daytime,6,0.9998158474860367,5.086510009481291e-8,2.130590119502312
2014-09-21,nighttime,6,0.9806051979048376,5.605897641048123e-4,0.6494532199270948
2014-09-22,daytime,6,0.9939827025885926,5.420286545038874e-5,1.4548742396843748
2014-09-22,nighttime,6,0.9857443196854042,3.0338808065732926e-4,0.7716431095406324
2014-09-23,daytime,6,0.9429317190949371,0.004792253362413636,6.513418903150516
2014-09-23,nighttime,6,0.9661456660778837,0.0016997733923407856,1.3423326133909255
2014-09-24,daytime,6,0.9825044193870728,4.564653536184428e-4,1.3381845091267925
2014-09-24,nighttime,6,0.9952068027514731,3.440704856497983e-5,1.0871985157699466
2014-09-25,daytime,6,0.9660660787805782,0.0017077288720520089,1.0185185185185197
2014-09-25,nighttime,6,0.9700618729694939,0.001331020531497437,1.9233128834355875
2014-09-26,daytime,6,0.9784906481157919,6.89002653034398e-4,1.427293577981659
2014-09-26,nighttime,6,0.9569359638038037,0.0027418354512485864,1.665924771867343
2014-09-27,daytime,6,0.9819250591555078,4.87102656701465e-4,1.5048690006955656
2014-09-27,nighttime,6,0.9829679409306816,4.326661303796111e-4,1.475079872204475
2014-09-28,daytime,6,0.9955502726784239,2.965605739114654e-5,1.439340294895355
2014-09-28,nighttime,6,0.9717293489093458,0.0011875471974542395,1.448074110190138
2014-09-29,daytime,6,0.9684684428051803,0.0014756836951855033,1.7358867414674322
2014-09-29,nighttime,6,0.9939342964361608,5.507755259966535e-5,1.2256020278833932
2014-09-30,daytime,6,0.005913399649283698,0.9911300039168274,0.005221932114865682
2014-09-30,nighttime,6,0.9801515571079313,5.87031274778218e-4,1.3538118172207099
2014-10-01,daytime,6,0.9979681252109847,6.1885784244213235e-6,1.080107256577847
2014-10-01,nighttime,6,0.897576661540576,0.015198572313864372,0.6072308956450383
2014-10-02,daytime,6,-0.947259257208931,0.004099027470656391,-4.271428571428606
2014-10-02,nighttime,6,0.9639210275184863,0.0019290565234531566,1.4991577765300248
2014-10-03,daytime,6,-0.5774321096654055,0.23011780640551294,-0.2497883149872974
2014-10-03,nighttime,6,0.8704349240543924,0.024093151837108393,0.0801753393665183
2014-10-04,daytime,6,0.9908845495876915,1.2425844639561264e-4,0.45537065052949416
2014-10-04,nighttime,6,-0.993889652602827,5.5890448951003e-5,-0.29983693436608216
2014-10-05,daytime,6,0.720572680995042,0.10621064954369468,0.12292851842690476
2014-10-05,nighttime,6,0.9864231518842733,2.7524489146664476e-4,0.3369803063457365
2014-10-08,daytime,6,0.9420372487998036,0.004942152626803304,0.25669583664810297
2014-10-08,nighttime,6,0.6409641413916215,0.1702190492175758,0.06680244399185592
2014-10-09,daytime,6,0.992867450367599,7.612846834685068e-5,0.2117839607201302
2014-10-09,nighttime,6,0.8096794106999707,0.050886000848607046,0.15394203801807207
2014-10-10,daytime,6,0.9671717518735514,0.0015988514116102393,0.8102073365231397
2014-10-10,nighttime,6,NA,NA,2.9417582892175117e-15
2014-10-11,daytime,6,0.66242351330753,0.151702075433581,0.07348075918509207
2014-10-11,nighttime,6,NA,NA,5.612271859027303e-15
2014-10-12,daytime,6,0.6181509117140703,0.19087462475065797,0.039921997724935196
2014-10-12,nighttime,6,0.38846909457016504,0.44660795132475534,0.03760496531581268
2014-10-13,daytime,6,NA,NA,NA
2014-10-13,nighttime,6,0.9186602914609983,0.00965514449529673,0.430579964850637
2014-10-14,daytime,6,0.514475364634572,0.29637388347839866,0.04827178729689873
2014-10-14,nighttime,6,NA,NA,3.839265756735596e-15
2014-10-15,daytime,6,0.37323928160013325,0.46613860465582285,0.02494692144373609
2014-10-15,nighttime,6,NA,NA,5.3512675564448756e-15
2014-10-16,daytime,6,0.43049326601496196,0.3941505653026437,0.02470992694456311
2014-10-16,nighttime,6,0.7807372469580198,0.0668435772709184,0.10535443312378885
2014-10-17,daytime,6,0.8676634118816212,0.025110655314362733,0.14975845410627556
2014-10-17,nighttime,6,-0.5954535628464415,0.2123831357614938,-0.06753618009647952
2014-10-18,daytime,6,0.9479721658349952,0.003989926336038037,0.16822042676610965
2014-10-18,nighttime,6,-0.6027618097623296,0.20535553799499096,-0.05190311418684609
2014-10-19,daytime,6,0.6089115524901605,0.19951673765934377,0.062075164316611656
2014-10-19,nighttime,6,-0.7608503081585712,0.07895006930544538,-0.07725264426294898
2014-10-20,daytime,6,0.6558936605138744,0.15724108579209195,0.06552269135245038
2014-10-20,nighttime,6,0.584541138327945,0.22305373881736104,0.0803972570347667
2014-10-21,daytime,6,0.7534247754625846,0.08370320641026374,0.077105350457322
2014-10-21,nighttime,6,0.2901701379417424,0.5769607685831096,0.014734774066803404
2014-10-22,daytime,6,0.5955891534434762,0.21225187979711216,0.06103988337756389
2014-10-22,nighttime,6,0.6157076776002156,0.1931446253123918,0.07361086296230092
2014-10-23,daytime,6,0.8763180059685879,0.02199985716734846,0.15047340662133654
2014-10-23,nighttime,6,0.8584343597329855,0.02864269925540902,0.8225255972696496
2014-10-24,daytime,6,0.9726839183128478,0.0011090612807352312,0.34656285605772574
2014-10-24,nighttime,6,0.6689655172413811,0.14623773012423474,0.0692033293698057
2014-10-25,daytime,6,0.8910760171165704,0.01715049036524568,0.2769070010449322
2014-10-25,nighttime,6,0.41405692996792404,0.41440821541405404,0.010453850076493765
2014-10-26,daytime,6,0.8318974428898236,0.04001254405158828,0.15611035554691957
2014-10-26,nighttime,6,0.6409641413916218,0.17021904921757555,0.03340122199592938
2014-10-27,daytime,6,0.9756029130660542,8.855659854677024e-4,0.6487158243579182
2014-10-27,nighttime,6,0.9556272415653622,0.00290972884963258,0.24084110123564517
2014-10-28,daytime,6,0.9924918245205875,8.434742048619523e-5,0.4081352833638038
2014-10-28,nighttime,6,-0.4411189203638577,0.38123938093694765,-0.011793084963817856
2014-10-29,daytime,6,0.9338746342135396,0.006414277303614437,0.1884026258205634
2014-10-29,nighttime,6,-0.8941423480484011,0.016215651628696995,-0.09224890829694161
2014-10-30,daytime,6,0.007901271499191436,0.9881483393897634,9.62463907595881e-4
2014-10-30,nighttime,6,0.011871788443198044,0.9821931539363405,0.0017793594306048169
2014-10-31,daytime,6,0.8649493859361304,0.026126430857745363,0.1289892138329772
2014-10-31,nighttime,6,-0.9727128946006216,0.0011067203816328111,-0.1362190812720829
2014-11-01,daytime,6,-0.3855176431903075,0.4503720940204239,-0.01834862385321651
2014-11-01,nighttime,6,-0.9851419790325846,3.2950114640071333e-4,-0.16513233601840643
2014-11-03,daytime,6,-0.6960083314139284,0.12457032475688845,-0.07686489552803456
2014-11-03,nighttime,6,0.6109598099719157,0.19758734635024808,0.29032258064516336
2014-11-04,daytime,6,0.22109530852932743,0.6737609531635149,0.04528122020971483
2014-11-04,nighttime,6,-0.8571874848916775,0.02913676148866682,-0.052483598875350514
2015-03-10,daytime,6,-0.9554860700101743,0.0029281329919613034,-0.13720592358473743
2015-03-10,nighttime,6,-0.9165151389911675,0.010163649889538667,-0.17499999999999427
2015-03-11,daytime,6,-0.9714237164266264,0.0012132382208080324,-0.14116285796934155
2015-03-11,nighttime,6,-0.6573757351339152,0.15597651149770456,-0.0687499999999939
2015-03-12,daytime,6,-0.9653397826845209,0.0017811768055871864,-0.12701252236136204
2015-03-12,nighttime,6,NA,NA,7.0518927347855874e-15
2015-03-13,daytime,6,-0.9574102378928767,0.0026822052287926394,-0.08978423151651506
2015-03-13,nighttime,6,-0.6711481823695473,0.14443368071541857,-0.023460410557184123
2015-03-14,daytime,6,-0.7686585801653008,0.07408771513046356,-0.045016077170417834
2015-03-14,nighttime,6,-0.914448230846789,0.010665576608402899,-0.14126360062173932
2015-03-15,daytime,6,-0.09095788896890851,0.8639394292064879,-0.005968622100957553
2015-03-15,nighttime,6,-0.8289114917956254,0.041402926847100036,-0.08725006491819984
2015-03-16,daytime,6,-0.843652784726956,0.03475576660751994,-0.04580271093098486
2015-03-16,nighttime,6,NA,NA,3.280396820122107e-15
2015-03-17,daytime,6,0.8015025460948416,0.055191335978613705,0.0856541775195349
2015-03-17,nighttime,6,-0.9935359015864256,6.254180266973181e-5,-0.13586200722193845
2015-03-18,daytime,6,0.659986513079596,0.1537594182068907,0.05179896402071768
2015-03-18,nighttime,6,-0.6953957992426729,0.12504442337574576,-0.0662431941923745
2015-03-19,daytime,6,0.9151333141298438,0.010497911582928718,0.08374689826302266
2015-03-19,nighttime,6,NA,NA,-0
2015-03-20,daytime,6,-0.09896529893887418,0.852036691112836,-0.003542557802109661
2015-03-20,nighttime,6,0.3945434595097021,0.4388930240871829,0.011280039234921806
2015-03-21,daytime,6,0.8717013305793903,0.0236348896225891,0.09075456359470534
2015-03-21,nighttime,6,0.7262340020173718,0.10216264988162346,0.07213324791800164
2015-03-22,daytime,6,0.9260131704923432,0.008008572574063594,0.08558590184651896
2015-03-22,nighttime,6,0.8558959825632989,0.02965272206614224,0.11275278580272391
2015-03-23,daytime,6,0.9602340990781321,0.002340548870251135,0.1666874843867078
2015-03-23,nighttime,6,-0.6076623279526856,0.20069723024061198,-0.008587290809599774
2015-03-24,daytime,6,-0.6758955971375351,0.14054293894196876,-2.9285714285715656
2015-03-24,nighttime,6,0.7552662748576436,0.0825127805084213,0.069608383894098
2015-03-25,daytime,6,0.9916171527833172,1.0511365093333311e-4,0.35962290181650913
2015-03-25,nighttime,6,0.37358712670828564,0.46568959093605705,0.08374040474529963
2015-03-26,daytime,6,-0.4739200493961167,0.3423411979775346,-0.04449626865671871
2015-03-26,nighttime,6,0.6546536707079773,0.1583024233754577,0.04285714285714688
2015-03-27,daytime,6,-0.05864833649559582,0.9121283594684224,-0.005732712289504499
2015-03-27,nighttime,6,-0.9331439187951767,0.0065551888881784145,-0.12290319941084567
2015-03-28,daytime,6,-0.8798518674116874,0.020786157031367845,-0.07301541205999064
2015-03-28,nighttime,6,-0.6975240386202518,0.12340053977020106,-0.023618436138495954
2015-03-29,daytime,6,-0.8350001962737567,0.038591348359868216,-0.049801809126947205
2015-03-29,nighttime,6,0.7226957566130476,0.10468444368991996,0.04096385542169352
2015-03-30,daytime,6,-0.864652490990186,0.026238710289795034,-0.0838195111143953
2015-03-30,nighttime,6,0.22227588825749928,0.6720771122856466,0.020787778942641822
2015-03-31,daytime,6,-0.4940224889158003,0.31925139115865137,-0.029483543301892998
2015-03-31,nighttime,6,0.62278650866186,0.18659816982612937,0.011843146118204868
2015-04-01,daytime,6,-0.8516796118754665,0.03136696082347684,-0.06001039140976824
2015-04-01,nighttime,6,0.6569569740503747,0.15633337908659276,0.06078767123288162
2015-04-02,daytime,6,0.9432205487391544,0.004744333318999007,0.1407697790449
2015-04-02,nighttime,6,0.956477248604956,0.00280012378522032,0.1645499723909461
2015-04-03,daytime,6,0.9982053296572609,4.8283722841766335e-6,0.35959982014388286
2015-04-03,nighttime,6,-0.7736787190838351,0.07103574566854401,-0.06300829056454557
2015-04-04,daytime,6,0.915483933898186,0.010412600474795329,0.1206252974922939
2015-04-04,nighttime,6,0.3244887550675674,0.5303500568814025,0.026323238041328783
2015-04-05,daytime,6,0.694548532852059,0.12570149578224607,0.07174863682988541
2015-04-05,nighttime,6,0.89956864750763,0.01462318660790876,0.14010282776349894
2015-04-06,daytime,6,0.952830276578704,0.003284998299635543,1.1735384615384628
2015-04-06,nighttime,6,0.9372757473206852,0.005778108797967663,0.44338624338624677
2015-04-07,daytime,6,-0.85152208627118,0.03143188720470202,-3.0749999999999713
2015-04-07,nighttime,6,0.9858643040761543,2.9831456634516157e-4,0.8602272727272808
2015-04-08,daytime,6,0.8926746000503554,0.01665998544370111,4.344827586206897
2015-04-08,nighttime,6,0.9297864053625642,0.007221848592027447,0.26533166458072727
2015-04-09,daytime,6,-0.39042506718657716,0.44411898403618916,-0.5179856115107949
2015-04-09,nighttime,6,0.9498021451608262,0.003716492050172281,0.9500000000000314
2015-04-10,daytime,6,-0.336665269667357,0.5140815061349323,-0.018082037571238486
2015-04-10,nighttime,6,0.9250675198621907,0.008211946555516094,0.17354368932039357
2015-04-11,daytime,6,-0.9638022239630764,0.0019417038923156265,-0.12749165689546385
2015-04-11,nighttime,6,0.868056978570221,0.024964945905214073,0.18019026301063232
2015-04-12,daytime,6,-0.9538614421679087,0.003144040669667934,-0.08318643664956837
2015-04-12,nighttime,6,0.92349222683115,0.008556242227659536,0.28548387096774974
2015-04-13,daytime,6,0.8799137428447799,0.020765199242197403,0.05809737569060528
2015-04-13,nighttime,6,-0.9616543695184903,0.002177389600024701,-0.10403765172157341
2015-04-14,daytime,6,0.8974889857408507,0.015224143157666315,0.09296935359258247
2015-04-14,nighttime,6,0.6294506957964708,0.18052071310452739,0.032565055762084835
2015-04-15,daytime,6,0.933277327235227,0.006529350755420799,0.19309061300453326
2015-04-15,nighttime,6,-0.8341950458691502,0.038957828778485463,-0.08958901122860201
2015-04-16,daytime,6,0.9868232554049422,2.592959805158874e-4,0.20728457210541618
2015-04-16,nighttime,6,0.890906146901979,0.01720301463208509,0.3008849557522051
2015-04-17,daytime,6,0.9605766524613278,0.0023006646068324727,0.2278165503489566
2015-04-17,nighttime,6,0.9560451257432668,0.0028555853671942727,1.0251290877796695
2015-04-24,daytime,6,0.9477958141591204,0.004016780094971694,0.24558303886925867
2015-04-24,nighttime,6,0.9577415694922045,0.0026409304001812177,0.3919239904988206
2015-04-25,daytime,6,0.8772419969176884,0.021679338440489988,0.8171334431630901
2015-04-25,nighttime,6,0.9795508653321228,6.229750852380856e-4,1.0984848484848417
2015-04-26,daytime,6,0.9967680533009253,1.565133958204957e-5,0.16752309195800857
2015-04-26,nighttime,6,0.6474242815111861,0.16455017606444744,0.05515239477503588
2015-04-27,daytime,6,0.9877624147585174,2.237213976547653e-4,0.1420014194464145
2015-04-27,nighttime,6,0.8846388162506856,0.019194679064615323,0.1347073978652921
2015-04-28,daytime,6,0.9948235929416043,4.0123433645901314e-5,0.3613647019885782
2015-04-28,nighttime,6,0.9068059025446713,0.012623007818278851,0.16014622384693214
2015-04-29,daytime,6,0.995668741391605,2.8099074924120005e-5,0.6536792854104645
2015-04-29,nighttime,6,0.9839205676763997,3.857435620831547e-4,0.4388315041962557
2015-04-30,daytime,6,0.9954524736081326,3.0972973012651436e-5,0.8395715596058819
2015-04-30,nighttime,6,0.97860238344136,6.8188845668474e-4,0.5370246831220831
2015-05-01,daytime,6,0.9636394080100319,0.0019591029390841354,3.0497076023391907
2015-05-01,nighttime,6,0.9948054763233484,4.040453222677587e-5,0.8653683319220936
2015-05-02,daytime,6,0.9940061701694813,5.378132690245373e-5,0.9255977642066046
2015-05-02,nighttime,6,0.9910705928345777,1.1924547841893759e-4,0.9877926756053536
2015-05-03,daytime,6,0.9896757506337142,1.593349559507559e-4,1.0549023196230036
2015-05-03,nighttime,6,0.9700753956954169,0.001329824442778926,1.4636782069241425
2015-05-04,daytime,6,-0.312908328369953,0.5459561884233306,-0.7773195876288914
2015-05-04,nighttime,6,0.9732343250066192,0.0010650145538224011,1.205688227529099
2015-05-05,daytime,6,0.995582395588282,2.9229737827360306e-5,1.0667484485495713
2015-05-05,nighttime,6,0.9962814484995358,2.0715728524074587e-5,1.2830324909747317
2015-05-06,daytime,6,0.9716330259786301,0.001195614580397138,2.3300142247510696
2015-05-06,nighttime,6,0.995272713112127,3.34680410699483e-5,1.9566666666666634
2015-05-07,daytime,6,-0.8567434738252936,0.02931366225808822,-0.7363677332131627
2015-05-07,nighttime,6,0.9892751389481111,1.719171659330012e-4,0.6489607390300159
2015-05-08,daytime,6,0.9633265615760037,0.0019927498217102687,1.1467181467181506
2015-05-08,nighttime,6,-0.9230293214980179,0.008658722195037312,-0.27129337539431614
2015-05-09,daytime,6,0.9932717434868816,6.775186137166102e-5,0.38480906420478167
2015-05-09,nighttime,6,-0.9712471703353895,0.0012282024759583611,-0.30028169014083894
2015-05-10,daytime,6,0.9803019327484505,5.781992186799915e-4,0.8178654292343268
2015-05-10,nighttime,6,0.9282914660164003,0.00752880404637612,0.7947019867549708
2015-05-11,daytime,6,-0.9396808379937314,0.00534786929882349,-1.2569089048106368
2015-05-11,nighttime,6,0.9924626864666024,8.500254143237887e-5,0.36171662125340936
2015-05-12,daytime,6,0.824738353793399,0.04338324209458141,0.09365273454868726
2015-05-12,nighttime,6,NA,NA,3.277557632983348e-15
2015-05-13,daytime,6,-0.8056029854221243,0.05301214795533063,-0.273514851485153
2015-05-13,nighttime,6,0.9281852002712285,0.0075508606063033334,0.12335735481136079
2015-05-14,daytime,6,0.9110769897967184,0.011509382078605529,0.1344011142061241
2015-05-14,nighttime,6,0.7459594361387694,0.08860745397635023,0.1320402834763166
2015-05-15,daytime,6,0.8743840616962745,0.02267797612930829,0.5558620689655062
2015-05-15,nighttime,6,-0.9461096907216193,0.0042779949644591395,-0.18018720748829126
2015-05-16,daytime,6,NA,NA,-3.976285050925633e-15
2015-05-16,nighttime,6,0.8539074533199444,0.030455519329541412,0.7662337662337593
2015-05-17,daytime,6,0.8936338773635386,0.01636892809833879,0.061794997547817365
2015-05-17,nighttime,6,0.9310006324651081,0.006977119097030811,0.23638968481375167
2015-05-18,daytime,6,0.991403106151276,1.105421922413186e-4,0.3729281767955817
2015-05-18,nighttime,6,-0.856643896734789,0.029353404858349273,-0.06559089853726462
2015-05-19,daytime,6,0.9948534591302443,3.966216647335886e-5,1.1785714285715185
2015-05-19,nighttime,6,0.6508967319363566,0.16153649034563625,0.020078983679879765
2015-05-20,daytime,6,0.6198210802336702,0.18932924428078793,1.6394230769230473
2015-05-20,nighttime,6,0.9638128920087248,0.0019405665454403913,0.2754054948692533
2015-05-21,daytime,6,0.9882106559620417,2.0766365686302417e-4,0.19957920048091177
2015-05-21,nighttime,6,0.9243328813267117,0.008371652742396719,0.13468236855200102
2015-05-22,daytime,6,0.9611932849111783,0.002229721001607969,0.6356648731744781
2015-05-22,nighttime,6,0.9545246007840268,0.0030549960666405476,0.5762863534675634
2015-05-23,daytime,6,0.9100664035638864,0.01176838386007476,1.125000000000016
2015-05-23,nighttime,6,0.9532783493198538,0.0032233743224475224,1.4243243243243229
2015-05-24,daytime,6,0.9942295378868942,4.9851276402208224e-5,0.7002499519323225
2015-05-24,nighttime,6,0.8967024228302952,0.015454471484920457,2.2499999999999227
2015-05-25,daytime,6,0.8543770403298449,0.030265025956038943,0.11477711477711364
2015-05-25,nighttime,6,0.874490096511869,0.02264054163081515,1.7198879551820465
2015-05-26,daytime,6,0.968447549329892,0.0014776295811079424,0.7095855741853797
2015-05-26,nighttime,6,0.9731019715490528,0.001075525487114028,0.6350944429236214
2015-05-27,daytime,6,0.9989341463100847,1.7034607040672858e-6,0.2051580698835264
2015-05-27,nighttime,6,0.6969905082844985,0.12381175742621953,0.07814288049697521
2015-05-29,daytime,6,0.9959963133341339,2.4012171816096405e-5,0.6497155858930572
2015-05-29,nighttime,6,0.8647121004265312,0.026216148905532,0.7513744654856364
2015-05-30,daytime,6,0.9852682573366642,3.2393779020644216e-4,0.3736369802264308
2015-05-30,nighttime,6,0.9318276116275186,0.006812797085089028,0.19911937377690767
2015-06-01,daytime,6,0.9984705688068872,3.5069508697372427e-6,0.6071101680812175
2015-06-01,nighttime,6,0.9544189860973101,0.0030690930283399065,0.1618925831202074
2015-06-02,daytime,6,0.9885535503703912,1.95781949849438e-4,1.2623777988016534
2015-06-02,nighttime,6,0.9799237124993857,6.005400323951446e-4,0.7278106508875745
2015-06-05,daytime,6,0.9947263688984311,4.1643444528070225e-5,0.7620291448996435
2015-06-05,nighttime,6,0.9801019096577818,5.899618336571318e-4,0.8526570048309114
2015-06-06,daytime,6,0.9866383170360206,2.666090962727338e-4,1.0416093104742872
2015-06-06,nighttime,6,0.9926858006309572,8.005062287940034e-5,1.4686987104337552
2015-06-07,daytime,6,0.9609000777861867,0.002263317818569469,0.8121454357916476
2015-06-07,nighttime,6,0.9926104696377682,8.170598522142992e-5,1.0171455050973046
2015-06-08,daytime,6,0.9798159717078843,6.06981061061565e-4,0.6465067778936477
2015-06-08,nighttime,6,0.7639005551295512,0.07703398227864666,1.3788887379432098
2015-06-09,daytime,6,0.9456117910717476,0.004356673643330003,0.09247146916865802
2015-06-09,nighttime,6,-0.9954352790027043,3.1207459864432187e-5,-1.2021390374331304
2015-06-10,daytime,6,0.34590807934572704,0.5018322468066928,0.023727104688288356
2015-06-10,nighttime,6,-0.9707662784900253,0.0012694239876958233,-0.44109985528219825
2015-06-11,daytime,6,0.9550241244614099,0.00298875480946837,0.4180583073874948
2015-06-11,nighttime,6,-0.9607938072041713,0.0022755559099137228,-0.2251695917172638
2015-06-12,daytime,6,0.9762502565717586,8.393774442548618e-4,1.7373358348968369
2015-06-12,nighttime,6,0.9936964214753119,5.947741665685833e-5,0.38003870611003526
2015-06-13,daytime,6,0.9019210267321305,0.01395749288996977,0.11249999999999799
2015-06-13,nighttime,6,-0.9909664906599485,1.220378499327437e-4,-1.2110236220472521
2015-06-14,daytime,6,0.5795242576711231,0.2280297507680905,0.04257232798680727
2015-06-14,nighttime,6,NA,NA,3.129264555147473e-14
2015-06-15,daytime,6,0.9166825067501928,0.010123520139804165,0.11150568181818189
2015-06-15,nighttime,6,0.9144903573227912,0.010655229551179026,0.44602272727272946
2015-06-16,daytime,6,-0.7776559369447414,0.06865932491775756,-0.265981622369335
2015-06-16,nighttime,6,-0.89493466746117,0.015978192542978404,-0.14301929625425097
2015-06-17,daytime,6,-0.8873084381907552,0.01833352521483546,-0.1061961473025643
2015-06-17,nighttime,6,-0.8354264636681911,0.038397981526829425,-0.19310520290038904
2015-06-18,daytime,6,0.919629456876654,0.009429562587225358,0.12807222872429286
2015-06-18,nighttime,6,-0.9089041772860454,0.012069696358275072,-0.10571750684490157
2015-06-19,daytime,6,-0.3971049076658549,0.4356528331441023,-0.007692307692309632
2015-06-19,nighttime,6,-0.8708896333420232,0.023928128392845915,-0.12299168975068867
2015-06-20,daytime,6,NA,NA,-3.934741092057571e-15
2015-06-20,nighttime,6,-0.10002066756248618,0.8504693087337847,-0.012429378531069846
2015-06-21,daytime,6,0.9885457506546675,1.9604834432521197e-4,0.1214231313241207
2015-06-21,nighttime,6,NA,NA,6.268631659302717e-15
2015-06-22,daytime,6,0.984650666962505,3.5159487007321806e-4,0.22052089295935884
2015-06-22,nighttime,6,0.9381167397507574,0.005625814703391822,0.1977976952624799
2015-06-23,daytime,6,0.9926564363384834,8.06938792926697e-5,0.38749468311357066
2015-06-23,nighttime,6,0.9306760629279183,0.007042133602368483,0.12617464831170727
2015-06-24,daytime,6,0.9970136133760188,1.3364440549720434e-5,0.525069637883009
2015-06-24,nighttime,6,0.9289824185693845,0.0073861568334709785,0.15825517007571832
2015-06-25,daytime,6,0.9994492657897883,4.5487873435345496e-7,0.8557357175329602
2015-06-25,nighttime,6,0.9836654844165973,3.9804544070013874e-4,0.55937543761378306
2015-06-26,daytime,6,0.987527023493788,2.3239247183545216e-4,0.8122093023255826
2015-06-26,nighttime,6,0.9963040879471812,2.046440620653896e-5,0.8871103033692144
2015-06-27,daytime,6,0.11421492628238433,0.8294225802533919,0.009612141652612788
2015-06-27,nighttime,6,0.9731527794641093,0.0010714844965478178,0.41647535921131085
2015-06-28,daytime,6,0.9982959303037608,4.353306110059819e-6,0.6244630803845417
2015-06-28,nighttime,6,0.9357961169706271,0.006050879241948283,0.16927792915531362
2015-06-29,daytime,6,0.9982471929793395,4.605806074569547e-6,0.49573948439619897
2015-06-29,nighttime,6,0.9796357958432499,6.178286904177459e-4,0.44127977520914546
2015-06-30,daytime,6,0.7629353182958936,0.07763801731979818,9.500000000001636
2015-06-30,nighttime,6,0.9806078014213748,5.604397590128209e-4,0.4221918356456806
2015-07-01,daytime,6,0.9975818856114751,8.763846101426115e-6,0.5339181286549689
2015-07-01,nighttime,6,0.9852717983556346,3.2378246532733233e-4,0.49546813457978905
2015-07-02,daytime,6,0.6709205104125736,0.14462141203355502,3.9306122448977745
2015-07-02,nighttime,6,0.9920441079801648,9.469253780975002e-5,0.68061122244489
2015-07-03,daytime,6,0.9944305262074759,4.644217762790828e-5,0.7178574862967608
2015-07-03,nighttime,6,0.9776470653114782,7.438961706433194e-4,0.42472991619829614
2015-07-04,daytime,6,0.9943875800020793,4.7160493816176964e-5,0.6873111782477342
2015-07-04,nighttime,6,0.9549254707813452,0.0030017805187805974,0.6934129803035177
2015-07-05,daytime,6,0.9992616145863517,8.176182399626702e-7,0.5912402783462971
2015-07-05,nighttime,6,0.974615515274712,9.583795707348097e-4,0.8553552019174475
2015-07-06,daytime,6,0.9795264627496639,6.244576887429123e-4,2.287449392712638
2015-07-06,nighttime,6,0.9873507500708156,2.389933233755912e-4,1.3921971252566323
2015-07-07,daytime,6,-0.2405429276832841,0.646144623624298,-0.04734073641145919
2015-07-07,nighttime,6,0.9814415199425276,5.134298433631982e-4,0.191687453329311
2015-07-08,daytime,6,0.9349823111211406,0.0062035251669422895,0.1166599272139075
2015-07-08,nighttime,6,0.9743769897824892,9.763967306080294e-4,0.16472422240368378
2015-07-09,daytime,6,0.9916148589785045,1.0517110281953015e-4,0.2434017595307927
2015-07-09,nighttime,6,NA,NA,4.575489291256073e-15
2015-07-10,daytime,6,0.9979145659137558,6.519018178845852e-6,0.4221202250518216
2015-07-10,nighttime,6,0.9258510408581766,0.008043264197720468,0.15642338501061714
2015-07-11,daytime,6,0.9937562990506812,5.8354000717431015e-5,0.6621559482362239
2015-07-11,nighttime,6,0.9872800496826568,2.416666783473331e-4,0.8004775169120513
2015-07-12,daytime,6,0.9989395931188383,1.6860979364019546e-6,0.738277133825082
2015-07-12,nighttime,6,0.9899947469313943,1.496568450759803e-4,0.9715603382013747
2015-07-13,daytime,6,0.9967121754671405,1.619691489166919e-5,1.4132790073155033
2015-07-13,nighttime,6,0.9941890050053526,5.055338238188975e-5,1.1218770654329175
2015-07-14,daytime,6,0.9965860449587439,1.7462738560612468e-5,1.665749225909367
2015-07-14,nighttime,6,0.9885675171999121,1.9530537220450954e-4,1.0648739956172286
2015-07-15,daytime,6,-0.43197109981767884,0.39234604461325445,-3.5805471124617525
2015-07-15,nighttime,6,0.9807613375606021,5.516288328244756e-4,1.0700237132096428
2015-07-16,daytime,6,-0.7098538941836368,0.11406420354440097,-0.10567567567567758
2015-07-16,nighttime,6,0.5487133833800827,0.2595349872640864,0.2071033146012582
2015-07-17,daytime,6,0.9803844335241786,5.733819270990753e-4,0.11223502506816736
2015-07-17,nighttime,6,-0.9661657116305364,0.0016977725499670588,-1.2983870967741606
2015-07-18,daytime,6,0.9818317560535207,4.921290989463377e-4,0.48040254237288404
2015-07-18,nighttime,6,0.9368552847607208,0.005854995551215798,0.1548304982714419
2015-07-19,daytime,6,0.9848975479328715,3.404037733799371e-4,0.6809083731946302
2015-07-19,nighttime,6,0.9460166806385533,0.004292639092497541,0.33834791624979493
2015-07-20,daytime,6,0.9876842355889686,2.2658306395833357e-4,1.0431390813296864
2015-07-20,nighttime,6,0.9860872540331902,2.890002436447825e-4,0.7144777031154567
2015-07-21,daytime,6,0.9973627131288392,1.0423751524190338e-5,0.9039677975848256
2015-07-21,nighttime,6,0.9735352342270482,0.0010413079941539178,0.5022464942722515
2015-07-22,daytime,6,0.9890160000295328,1.8030978281022755e-4,1.155142066884593
2015-07-22,nighttime,6,0.9846678143378306,3.508117619654029e-4,0.5992460932258178
2015-07-23,daytime,6,0.9967773096706071,1.556186443815834e-5,0.6404204517386141
2015-07-23,nighttime,6,0.9885161447670283,1.970611572417671e-4,0.5704798668154607
2015-07-24,daytime,6,0.9942368441974684,4.9725238579387185e-5,1.078521664913362
2015-07-24,nighttime,6,0.994255055238659,4.941178126668079e-5,0.9663400911824565
2015-07-25,daytime,6,0.9801388038978385,5.877833715929493e-4,2.649818244763731
2015-07-25,nighttime,6,0.9887171139451584,1.902371010473656e-4,0.9456121912769299
2015-07-26,daytime,6,0.9963046674550593,2.0457993151879984e-5,0.8280581887287617
2015-07-26,nighttime,6,0.9344369284838938,0.006306862552615589,0.7829360100376411
2015-07-27,daytime,6,0.993106476339917,7.111721025202716e-5,2.84927015020098
2015-07-27,nighttime,6,0.9978273241993265,7.075652122316639e-6,1.6617851591262143
2015-07-28,daytime,6,0.9423746355642599,0.0048853461662683026,1.2540192926045135
2015-07-28,nighttime,6,0.9877172768351944,2.2537141422892846e-4,1.090135928648544
2015-07-29,daytime,6,0.9688121976184301,0.0014438506656002312,0.31859883236030295
2015-07-29,nighttime,6,0.9800869444335175,5.908466131994251e-4,0.4107091014661057
2015-07-30,daytime,6,0.9982375145055347,4.656795224382741e-6,1.2512041496850703
2015-07-30,nighttime,6,0.9755080813899718,8.924353271820288e-4,0.20666580401870666
2015-07-31,daytime,6,0.6782238257134948,0.13865152203390269,0.14772488991402802
2015-07-31,nighttime,6,0.9675928998534414,0.0015583129152386302,0.8666152659984583
2015-08-01,daytime,6,0.9793789075858185,6.33459830614208e-4,1.1653478854024677
2015-08-01,nighttime,6,0.992793775484861,7.77073992070254e-5,0.24550821355236044
2015-08-02,daytime,6,0.9765648853272211,8.173715632027452e-4,0.4086105035059378
2015-08-02,nighttime,6,0.9819226606913933,4.8723154608550925e-4,0.6392865309855952
2015-08-03,daytime,6,0.9923977429161038,8.64717855426432e-5,1.707575416116675
2015-08-03,nighttime,6,0.9526117666731514,0.003315258420252315,0.5389793452620686
2015-08-04,daytime,6,0.9875201577883838,2.3264784680719725e-4,7.086956521739279
2015-08-04,nighttime,6,0.9722407453480829,0.0011451690175013625,1.2776793622674985
2015-08-05,daytime,6,0.9942064650483473,5.025034071687377e-5,1.898864809081539
2015-08-05,nighttime,6,0.980984543357869,5.389435103807133e-4,1.6582722346190482
2015-08-06,daytime,6,0.9860552202230322,2.90329495337226e-4,2.3194478199581985
2015-08-06,nighttime,6,0.9892156174524882,1.7382723287674904e-4,1.5022712524334747
2015-08-07,daytime,6,0.9913831466862597,1.1105534017271533e-4,1.4753743290328691
2015-08-07,nighttime,6,0.979128948289032,6.48855475876773e-4,2.0808676307007814
2015-08-08,daytime,6,0.9871678566550669,2.4593935883497403e-4,2.253448498130727
2015-08-08,nighttime,6,0.9658301585911934,0.0017314191142506795,1.8981751824817426
2015-08-09,daytime,6,0.9962839891955939,2.0687447741054333e-5,2.013052773714427
2015-08-09,nighttime,6,0.9716406793540793,0.0011949725942957167,2.0086187286743233
2015-08-10,daytime,6,0.9932741462934219,6.77035330379006e-5,2.5237298972114344
2015-08-10,nighttime,6,0.9959522959218365,2.4542703850341732e-5,1.3829528795811434
2015-08-11,daytime,6,0.9906040536859014,1.3201095574999976e-4,1.7213583990297183
2015-08-11,nighttime,6,0.9844564909137103,3.60523350932006e-4,1.3904476395599288
2015-08-12,daytime,6,0.975577708167127,8.873891898635724e-4,1.8883738529940493
2015-08-12,nighttime,6,0.9891780927553688,1.750368179454994e-4,1.502739459879541
2015-08-13,daytime,6,0.9868101523446132,2.598107891349913e-4,1.8266396698874883
2015-08-13,nighttime,6,0.9813937954023716,5.160656254051328e-4,1.5167481119502417
2015-08-14,daytime,6,0.9638039251091521,0.0019415225068493162,1.5238329238329262
2015-08-14,nighttime,6,0.9825973576039537,4.5164273134701397e-4,1.523934698395115
2015-08-15,daytime,6,0.991205187645887,1.1568295275786854e-4,1.9748885841618289
2015-08-15,nighttime,6,0.9755230561527422,8.91348847306582e-4,1.1261020881670516
2015-08-16,daytime,6,0.9899526811958811,1.509157912677703e-4,2.381042296072512
2015-08-16,nighttime,6,0.980447970837114,5.696855736945743e-4,0.8560181540314027
2015-08-17,daytime,6,0.7988832450315193,0.05660454355659531,5.480446927374304
2015-08-17,nighttime,6,0.9524907525628393,0.003332075647679546,1.6130960114330226
2015-08-18,daytime,6,0.931938228284003,0.006790962315734755,0.9155332856120232
2015-08-18,nighttime,6,0.9565861369107371,0.002786232830046684,0.7309446254071601
2015-08-19,daytime,6,0.5537297282242372,0.2542967742571956,0.061942749882681516
2015-08-19,nighttime,6,0.8564806555319804,0.029418611817560763,0.20357142857142888
2015-08-20,daytime,6,0.9991480758106792,1.0883530839603818e-6,0.316281264747523
2015-08-20,nighttime,6,-0.9752539918870198,9.109705826829013e-4,-0.30569765390720827
2015-08-21,daytime,6,0.999216500146118,9.205675472304252e-7,0.729052979512924
2015-08-21,nighttime,6,0.9649546404785397,0.0018207448797972368,0.25552144201247834
2015-08-22,daytime,6,0.9133810115493026,0.010929329137954769,1.1287872173229747
2015-08-22,nighttime,6,0.9926221532513951,8.144813619484571e-5,1.1542750929367949
2015-08-23,daytime,6,0.9927878986969075,7.783404122931881e-5,1.934984520123851
2015-08-23,nighttime,6,0.9777396492324928,7.377695641346331e-4,0.4167023888390949
2015-08-24,daytime,6,0.9727235042367011,0.0011058638767804556,1.3993093619820234
2015-08-24,nighttime,6,0.9846284975461241,3.526086185031527e-4,1.1363636363636336
2015-08-25,daytime,6,0.99229970555690306,8.871350907828654e-5,1.7758456155232778
2015-08-25,nighttime,6,0.9885092692559989,1.9729673935365075e-4,1.3558080672087842
2015-08-26,daytime,6,0.9798231434126422,6.065512575543331e-4,2.1834490558924373
2015-08-26,nighttime,6,0.9866563843749406,2.658901876792941e-4,1.631969739422799
2015-08-27,daytime,6,0.9796690644020593,6.15818548399795e-4,1.9456403214732916
2015-08-27,nighttime,6,0.9843888293095581,3.6366068681968166e-4,2.3176252319109483
2015-08-28,daytime,6,0.9752466224102408,9.115109883134983e-4,2.9962029685882245
2015-08-28,nighttime,6,0.9851561137089144,3.2887608225460924e-4,1.6672033118675271
2015-08-29,daytime,6,-0.4227952446212126,0.4035956881523958,-0.17254901960784375
2015-08-29,nighttime,6,0.9560730515230687,0.002851984993349737,0.48676748582229984
2015-08-30,daytime,6,0.9854888363586403,3.14332969394758e-4,1.193247962747383
2015-08-30,nighttime,6,-0.9657880988249706,0.0017356595416125498,-0.2372982665869682
2015-08-31,daytime,6,0.9525859153375209,0.003318847443180639,0.167154019462153
2015-08-31,nighttime,6,0.8217510164923605,0.0448273244322843,3.305882352941067
2015-09-02,daytime,6,0.9868086745185284,2.5986888361977675e-4,0.17133356667833166
2015-09-02,nighttime,6,-0.8692675798894351,0.024519276850048004,-0.11305769679980841
2015-09-03,daytime,6,0.9985015945158495,3.366146368170747e-6,0.655048692977959
2015-09-03,nighttime,6,0.9271197856049772,0.0077737359113187595,0.11762278167561106
2015-09-04,daytime,6,0.9970217648767531,1.3291618373309103e-5,2.0474620456985155
2015-09-04,nighttime,6,0.9955879381354075,2.9156491607837605e-5,0.5557786062517953
2015-09-05,daytime,6,0.8378875096663138,0.037290493913156385,1.0133928571428585
2015-09-05,nighttime,6,0.9803234831712442,5.769389393552098e-4,1.3061224489795877
2015-09-06,daytime,6,0.9070153364464371,0.012567241918832272,1.4347039336321394
2015-09-06,nighttime,6,0.9873829251972508,2.3778160516096285e-4,1.5675306957708102
2015-09-07,daytime,6,0.9778860336477255,7.281340928175519e-4,4.196202531645703
2015-09-07,nighttime,6,0.9580293250567598,0.002605339872722084,1.4852642882710836
2015-09-08,daytime,6,0.9862861111870519,2.80816528908484e-4,2.5019455252918417
2015-09-08,nighttime,6,0.9112612672567107,0.011462454676367759,0.4390675241157567
2015-09-09,daytime,6,0.7874901387435275,0.06294214215732678,0.4206440784642817
2015-09-09,nighttime,6,0.9799592855136664,5.984208772284858e-4,0.6440489432702958
2015-09-10,daytime,6,0.9847772397758686,3.458348396618893e-4,0.9834417504435303
2015-09-10,nighttime,6,-0.9880514209612958,2.1329987096778844e-4,-0.19736373352332737
2015-09-11,daytime,6,0.9990053848538127,1.4833969674014485e-6,2.668822768434718
2015-09-11,nighttime,6,0.9773578696709488,7.631951728176166e-4,0.2508843922456484
2015-09-12,daytime,6,0.9979932457272092,6.0365534043949265e-6,1.7515736466638672
2015-09-12,nighttime,6,0.9786144703351971,6.811210800983845e-4,0.9248207507380846
2015-09-13,daytime,6,0.9090971294426786,0.012019417519413517,1.2354763749031716
2015-09-13,nighttime,6,0.9900725742862823,1.4734147928073811e-4,1.3378797272163623
2015-09-14,daytime,6,0.88153072136841,0.020221098584690882,1.3500257864878842
2015-09-14,nighttime,6,0.9679022225669085,0.0015288663287113219,1.8802647412755653
2015-09-15,daytime,6,0.9401822256882267,0.005260230218605164,1.4022629267713713
2015-09-15,nighttime,6,0.9631960653464982,0.0020068683994165022,1.9351211072664303
2015-09-16,daytime,6,0.94762892850049385,0.004042273863323904,1.2351208524646986
2015-09-16,nighttime,6,0.948702109747763,0.003879715795956452,1.9200000000000008
2015-09-17,daytime,6,0.9754992177179805,8.930787317767163e-4,2.6173155737705183
2015-09-17,nighttime,6,0.961324257425743,0.0022147937550104336,1.9226485148514665
2015-09-18,daytime,6,0.8495774537181131,0.032238612497448006,16.927710843373298
2015-09-18,nighttime,6,0.9828602842793337,4.3813721657700786e-4,1.4190675746464034
2015-09-19,daytime,6,0.9514370274909185,0.0034802789066323064,0.961422352156086
2015-09-19,nighttime,6,0.9493682506290351,0.0037804619472922257,0.7845327916424852
2015-09-20,daytime,6,0.9268310415350313,0.00783468252647869,0.9060494812450143
2015-09-20,nighttime,6,0.9609181785201485,0.0022612365876511628,0.8742311770943814
2015-09-21,daytime,6,0.9799708482707067,5.977328619479175e-4,2.0104873733311934
2015-09-21,nighttime,6,0.9557739962121093,0.0028906574246688613,1.4269449715369955
2015-09-22,daytime,6,0.5580954617189412,0.24977195606353805,0.9751337579617844
2015-09-22,nighttime,6,0.9907636515309609,1.2757122250392608e-4,2.2875989445910134
2015-09-23,daytime,6,-0.7978737014910283,0.057153621762611496,-3.4554118447924007
2015-09-23,nighttime,6,0.9642029702019814,0.0018992053671611111,2.5245398773005867
2015-09-24,daytime,6,-0.8552353355068071,0.029918309483043613,-5.623376623377119
2015-09-24,nighttime,6,0.7027826640857241,0.11937940312819496,3.0862068965515643
2015-09-25,daytime,6,0.9311914435811848,0.00693903505916347,0.18204676892129443
2015-09-25,nighttime,6,-0.1642808043845632,0.7557956136036881,-0.2574257425742077
2015-09-26,daytime,6,0.9778145610890255,7.328307828806438e-4,0.19714417319207664
2015-09-26,nighttime,6,-0.994557782723072,4.4346000276007046e-5,-0.9402985074626723
2015-09-27,daytime,6,0.8910339388634653,0.01716349387256443,0.08963855421686692
2015-09-27,nighttime,6,-0.9953377001753806,3.255488718388413e-5,-0.46658639373869887
2015-09-28,daytime,6,0.8901794631702619,0.01742857740962818,0.08633696563285614
2015-09-28,nighttime,6,-0.9266494595235649,0.007873128660232853,-0.2375070185289068
2015-09-29,daytime,6,0.9567961066238229,0.0027595429203463,0.4348837209302385
2015-09-29,nighttime,6,-0.6931685729765806,0.12677488408198287,-0.08095659875996157
2015-09-30,daytime,6,0.9355324123368296,0.006100138889674672,0.24461709211987082
2015-09-30,nighttime,6,0.9014971624528025,0.014076336397696265,0.09692718110859094
2015-10-01,daytime,6,0.9795893881569808,6.206381539262039e-4,0.19712230215827148
2015-10-01,nighttime,6,-0.7521472222956547,0.08453357720246438,-0.09307875894988278
2015-10-02,daytime,6,0.9967587166852023,1.5741849962585395e-5,0.2903384011770486
2015-10-02,nighttime,6,NA,NA,6.8332428249212315e-15
2015-10-03,daytime,6,0.9978758224785637,6.763402931152012e-6,0.40084576007122363
2015-10-03,nighttime,6,0.658356746377407,0.15514184957790603,0.07047700902450064
2015-10-04,daytime,6,0.98738098953109,2.378544158347686e-4,0.15165441176470418
2015-10-04,nighttime,6,0.893946832645721,0.01627450692669188,0.2046979865771886
2015-10-05,daytime,6,0.9742757782186575,9.840920628928177e-4,0.2354048964218412
2015-10-05,nighttime,6,0.8817245614403586,0.020156336801155497,0.25078651685392994
2015-10-06,daytime,6,0.9014245867535413,0.014096733974817468,0.08566590297838353
2015-10-06,nighttime,6,0.8564910047991503,0.029414475753282168,0.6987951807229043
2015-10-07,daytime,6,0.9612723289558329,0.0022207062468299096,0.17633562766306113
2015-10-07,nighttime,6,0.7612020568998579,0.07872802484920166,0.11142857142857747
2015-10-08,daytime,6,0.972251992046747,0.001144245601708766,0.3526140155728613
2015-10-08,nighttime,6,0.900834492529763,0.014263110029584596,0.2504638218923946
2015-10-09,daytime,6,0.9949581608146384,3.806613142161979e-5,0.31125827814569773
2015-10-09,nighttime,6,NA,NA,5.786127470257537e-15
2015-10-10,daytime,6,0.8715643330629232,0.023684261377675358,0.11590998815633438
2015-10-10,nighttime,6,0.6700522918726288,0.14533827567167495,0.014768752429076147
2015-10-11,daytime,6,0.23383019510636346,0.6556472227035022,0.022171595948089665
2015-10-11,nighttime,6,0.9362719560432388,0.005962487187650352,0.15500945179584083
2015-10-12,daytime,6,0.957335576421084,0.002691549535636536,0.461749705766973
2015-10-12,nighttime,6,0.6434939836876905,0.16798946897845082,0.059154929577467937
2015-10-13,daytime,6,0.9506666504081727,0.0035906358283846296,0.17065351418001948
2015-10-13,nighttime,6,-0.6133221958507223,0.1953716070130328,-0.03712145880820441
2015-10-14,daytime,6,0.8738374969954121,0.022871402906911267,0.16761774976577817
2015-10-14,nighttime,6,0.6354040586563868,0.17516239488437232,0.014018691588784944
2015-10-15,daytime,6,0.9552687388331318,0.002956577517389903,0.31595744680851023
2015-10-15,nighttime,6,0.6485424175003232,0.16357720072506865,0.01617720258835513
2015-10-16,daytime,6,0.9847754464921594,3.4591611725302867e-4,0.17068175168243263
2015-10-16,nighttime,6,-0.8836051017299473,0.019533212723101965,-0.07687770349980015
2015-10-17,daytime,6,0.7997938532557729,0.05611137023327857,0.13781512605041843
2015-10-17,nighttime,6,-0.395803923683876,0.4372975834519104,-0.029840142095909707
2015-10-18,daytime,6,-0.15201708425013694,0.7737308697631166,-0.011021307861869245
2015-10-18,nighttime,6,NA,NA,7.206118047072567e-15
2015-10-19,daytime,6,-0.42300487531772524,0.40333747904208145,-0.023754914809962672
2015-10-19,nighttime,6,0.6381559894603958,0.1727083169585852,0.0257748776509016
2015-10-20,daytime,6,0.6159751112584765,0.19289561541119338,0.04149964630982894
2015-10-20,nighttime,6,0.8810300843071336,0.020388820634221004,0.17807262569831908
2015-10-21,daytime,6,0.9888908802752867,1.8443330923994925e-4,0.32219061166429175
2015-10-21,nighttime,6,NA,NA,4.5065667096921e-15
2015-10-22,daytime,6,0.8665182037126655,0.025536936302962405,1.0845665961945008
2015-10-22,nighttime,6,NA,NA,-0
2015-10-23,daytime,6,0.9700808423074541,0.001329342838829843,0.25039469529523073
2015-10-23,nighttime,6,0.9514959473456148,0.0034719083228697575,0.5630252100840202
2015-10-24,daytime,6,0.9303468761789309,0.007108373413909767,0.2763243243243231
2015-10-24,nighttime,6,NA,NA,3.495764803454933e-15
2015-10-25,daytime,6,0.8713772251425237,0.02375177141547065,0.17537091988130712
2015-10-25,nighttime,6,NA,NA,2.3368967883297223e-15
2015-10-26,daytime,6,0.9605508586585702,0.00230365606650675,0.28758169934640604
2015-10-26,nighttime,6,-0.7313985608160233,0.09853074152175634,-0.09019402202411748
2015-10-27,daytime,6,0.9217648016985404,0.00894169048146437,0.5034965034965071
2015-10-27,nighttime,6,0.8421525483208072,0.03540727781339389,0.14389989572472436
2015-10-28,daytime,6,0.6763698805550871,0.14015674572447123,0.235498839907189
2015-10-28,nighttime,6,0.6637465183030646,0.15059011993384025,0.4090909090909194
2016-03-08,daytime,6,-0.874170981526479,0.022753291066230426,-0.15066539923954306
2016-03-08,nighttime,6,0.7905694150420894,0.06119881963751537,0.6249999999999855
2016-03-09,daytime,6,0.5489287814673844,0.25930920847017663,0.05800464037122445
2016-03-09,nighttime,6,-0.9549966346296233,0.002992381618912412,-0.16866619618912923
2016-03-10,daytime,6,-0.7462130193352933,0.08843881278162165,-0.0809940174873498
2016-03-10,nighttime,6,-0.9231923307506447,0.008622566807891576,-0.12131050767414048
2016-03-11,daytime,6,-0.5301857147631761,0.2792382061934314,-0.03400365630713015
2016-03-11,nighttime,6,-0.6773500736618239,0.13936005384685823,-0.019947961838681548
2016-03-12,daytime,6,NA,NA,-1.677558692099736e-14
2016-03-12,nighttime,6,NA,NA,4.037068812198581e-15
2016-03-14,daytime,6,-0.019971591256342257,0.9700465960944407,-0.0013105546454503863
2016-03-14,nighttime,6,NA,NA,7.514268878994137e-15
2016-03-18,daytime,6,0.970203959688817,0.0013184795051807226,0.16446013533391604
2016-03-18,nighttime,6,NA,NA,-0
2016-03-19,daytime,6,0.9408321858405189,0.005147677112318754,0.578651685393243
2016-03-19,nighttime,6,-0.790367641846626,0.061312365334850225,-0.07878859576480957
2016-03-20,daytime,6,-0.07394515178142404,0.8892844341384384,-0.0034499753573226763
2016-03-20,nighttime,6,-0.8896681864188887,0.017588123030840418,-0.11064111037672743
2016-03-21,daytime,6,-0.9545386572425697,0.003053122283734774,-0.1168133395090352
2016-03-21,nighttime,6,-0.30078650069423996,0.5624267051581244,-0.03423284502697531
2016-03-22,daytime,6,0.5153385008824777,0.2954224430557593,0.04918032786885145
2016-03-22,nighttime,6,0.8273951558890614,0.042117489257147284,0.1867043847241884
2016-03-23,daytime,6,0.6502306319498947,0.16211276694085633,0.43689320388348724
2016-03-23,nighttime,6,0.8164543984557965,0.047441748999510036,0.24144486692016628
2016-03-24,daytime,6,0.8496793285669815,0.03219611057597074,0.08680713128038492
2016-03-24,nighttime,6,-0.9813441036660964,5.188171799304376e-4,-0.22870828935617274
2016-03-25,daytime,6,-0.13291919186607667,0.8017953878807257,-0.004946903238576589
2016-03-25,nighttime,6,-0.9187397495257188,0.009636552467625726,-0.09982056851449336
2016-03-26,daytime,6,0.994781438611053,4.077901491488443e-5,0.4905660377358333
2016-03-26,nighttime,6,NA,NA,8.702335715267301e-15
2016-03-27,daytime,6,-0.5681686379941192,0.23945389323737562,-0.017262866374339672
2016-03-27,nighttime,6,-0.8048502044089975,0.05340917604778737,-0.16353887399462966
2016-03-28,daytime,6,-0.8707642850579526,0.023973565968642144,-0.08694526268086952
2016-03-28,nighttime,6,-0.8621070712988796,0.027210709904893497,-0.12134344528710317
2016-03-29,daytime,6,-0.7161723531479539,0.10940488699757783,-0.12363529064620894
2016-03-29,nighttime,6,NA,NA,-0
2016-03-30,daytime,6,-0.8519036903034559,0.03127471300759192,-0.11496869664200317
2016-03-30,nighttime,6,0.5393598899705911,0.2694125126761982,0.09090909090907512
2016-03-31,daytime,6,NA,NA,-2.7020951079369073e-14
2016-03-31,nighttime,6,0.8843617425624895,0.01928514054108905,0.685483870967753
2016-04-01,daytime,6,0.9688111413129614,0.0014439479575910884,0.4880694143167007
2016-04-01,nighttime,6,-0.9069413063044868,0.01258694026514268,-0.21376811594201856
2016-04-02,daytime,6,-0.8699618370490623,0.024265418020647793,-0.06444652908067662
2016-04-02,nighttime,6,-0.9495058813175482,0.003760112715401318,-0.18859749144811966
2016-04-03,daytime,6,-0.9212208466194685,0.009064774692416148,-0.11967175160136785
2016-04-03,nighttime,6,NA,NA,-0
2016-04-04,daytime,6,-0.6939989608754132,0.12612849996828987,-0.03966402239850901
2016-04-04,nighttime,6,NA,NA,4.01502613472635e-15
2016-04-05,daytime,6,0.6889283267815868,0.13009786246369956,0.013560635412628289
2016-04-05,nighttime,6,-0.8540421128406078,0.030400835363659118,-0.04684142672969219
2016-04-06,daytime,6,0.9921366057771707,9.250634455099604e-5,0.18600311041990714
2016-04-06,nighttime,6,0.625,0.18457031249999983,0.07812500000000631
2016-04-07,daytime,6,0.95833505211187,0.0025677873181005405,0.16698292220113617
2016-04-07,nighttime,6,NA,NA,6.943754430221964e-15
2016-04-08,daytime,6,0.9135398451278491,0.010889877249122337,0.10395162767971623
2016-04-08,nighttime,6,NA,NA,6.958418116949256e-15
2016-04-09,daytime,6,0.78022772875785,0.06714229281019696,0.05534139170205462
2016-04-09,nighttime,6,-0.8177706550886746,0.04678560762336926,-0.07572156196943687
2016-04-10,daytime,6,0.8769757398360194,0.021771468726715246,0.0632125847885694
2016-04-10,nighttime,6,0.949243819988962,0.0037989059371172974,0.2750000000000014
2016-04-11,daytime,6,0.978249454552649,7.044843991426844e-4,0.1417736289381564
2016-04-11,nighttime,6,0.7570659804131777,0.08135679583836626,0.08127525819488726
2016-04-12,daytime,6,0.9187772553650592,0.00962778269395524,0.11048689138576649
2016-04-12,nighttime,6,NA,NA,2.5415700103000322e-15
2016-04-13,daytime,6,0.947775928306823,0.004019813739674858,0.09797645814045672
2016-04-13,nighttime,6,0.9741002965921481,9.97505263854091e-4,0.13778990450204942
2016-04-14,daytime,6,0.9812265792706519,5.253537241750865e-4,0.20318646734854465
2016-04-14,nighttime,6,0.9839344992627198,3.850772155173811e-4,0.3206535613990318
2016-04-15,daytime,6,0.9976725675236947,8.119109114353657e-6,0.3395778245865629
2016-04-15,nighttime,6,0.980356591917816,5.75005384713355e-4,0.23559408465068823
2016-04-16,daytime,6,0.9957410670407296,2.7169139578406752e-5,0.7965828064038752
2016-04-16,nighttime,6,0.9613618248071318,0.0022105212416785006,0.44850352112676134
2016-04-17,daytime,6,0.9924379495759854,8.556069348365783e-5,0.9085228692826779
2016-04-17,nighttime,6,0.9797672112077298,6.099073081674196e-4,0.748862225899875
2016-04-18,daytime,6,0.7893509235503705,0.06188598086017695,5.42857142857136
2016-04-18,nighttime,6,0.9930173122676592,7.296666125833725e-5,0.7286184210526352
2016-04-19,daytime,6,0.9967360460566923,1.596270692017953e-5,0.9446494464944633
2016-04-19,nighttime,6,0.9890147034671443,1.803522749858673e-4,0.5396188565697115
2016-04-20,daytime,6,0.8456396720136833,0.03390168596071231,0.6840148698884532
2016-04-20,nighttime,6,0.9969118691011603,1.4290103611410935e-5,0.6050420168067223
2016-04-21,daytime,6,NA,NA,0
2016-04-21,nighttime,6,0.9954263939092532,3.132897395504149e-5,0.8740458015267097
2016-04-22,daytime,6,-0.6913387812254431,0.12820427504065832,-0.0567679257594474
2016-04-22,nighttime,6,-0.4330817574228223,0.3909917296336484,-0.06698564593302007
2016-04-23,daytime,6,NA,NA,-2.2144981167377615e-15
2016-04-23,nighttime,6,-0.6507913734559674,0.1616275836067238,-0.058823529411762485
2016-04-24,daytime,6,NA,NA,-3.5188293716477527e-15
2016-04-24,nighttime,6,NA,NA,9.518179688573616e-15
2016-04-25,daytime,6,NA,NA,-2.3575452593499923e-15
2016-04-25,nighttime,6,-0.677919219439232,0.13889835318037677,-0.12765957446808046
2016-04-26,daytime,6,NA,NA,-2.5357799435216013e-15
2016-04-26,nighttime,6,-0.6869252472173528,0.13168056493806388,-0.0919220055710242
2016-04-27,daytime,6,0.8984929467110893,0.01493257460890369,0.3424864864864883
2016-04-27,nighttime,6,-0.9315516419063726,0.006867420227219207,-0.1781249999999976
2016-04-28,daytime,6,-0.809039834955893,0.05121692082445432,-1.8000000000000165
2016-04-28,nighttime,6,NA,NA,4.694205987488632e-15
2016-04-29,daytime,6,-0.91785703596014,0.009844071361151419,-0.8879999999999836
2016-04-29,nighttime,6,-0.9486644979098502,0.003885357571018189,-0.47584320875113356
2016-04-30,daytime,6,0.3493855504312868,0.4972464673416696,0.22171945701360657
2016-04-30,nighttime,6,-0.944827586206897,0.004482020583049658,-0.37793103448274123
2016-05-01,daytime,6,0.8864052604279208,0.018622747383375344,0.8571428571428609
2016-05-01,nighttime,6,NA,NA,1.338820879271945e-14
2016-05-02,daytime,6,-0.9482053975797684,0.003954547066044071,-0.19616584930896297
2016-05-02,nighttime,6,NA,NA,NA
2016-05-03,daytime,6,-0.860602159102867,0.027793264511895132,-0.08667017913593605
2016-05-03,nighttime,6,-0.8509629433967573,0.03166285751403055,-0.3620689655172366
2016-05-04,daytime,6,-0.9286887512610731,0.007446621955371728,-0.10286253538848979
2016-05-04,nighttime,6,0.05273686560749701,0.9209680368674388,0.05617977528088439
2016-05-05,daytime,6,-0.8056548607196664,0.052984838565102964,-0.0564417177914129
2016-05-05,nighttime,6,NA,NA,-0
2016-05-06,daytime,6,-0.972222222222221,0.0011466906721537375,-0.12152777777778065
2016-05-06,nighttime,6,NA,NA,-0
2016-05-07,daytime,6,-0.9213969696556444,0.009024832657871509,-0.2707182320442108
2016-05-07,nighttime,6,NA,NA,1.0936508080228146e-14
2016-05-08,daytime,6,NA,NA,-3.2350690391328353e-15
2016-05-08,nighttime,6,NA,NA,5.418085349377562e-15
2016-05-09,daytime,6,-0.7033153303041406,0.1189753315231949,-0.1732764583813731
2016-05-09,nighttime,6,0.06164962023951417,0.9076427247467582,0.015202702702705989
2016-05-10,daytime,6,-0.5656595609058356,0.24200791245990447,-0.00987564008778528
2016-05-10,nighttime,6,-0.44589437847985897,0.37548519302747274,-0.04418262150220143
2016-05-11,daytime,6,-0.9311646842384702,0.0069443698316935115,-0.32631578947369216
2016-05-11,nighttime,6,-0.5118202117212156,0.2993078756121382,-0.12252964426876531
2016-05-12,daytime,6,0.8489300929828396,0.03250930767733853,0.16631130063965902
2016-05-12,nighttime,6,0.8304547985373996,0.04068152582748659,0.27586206896552323
2016-05-13,daytime,6,0.16872981624383399,0.74930712355231055,0.11387900355870036
2016-05-13,nighttime,6,NA,NA,8.154519291096218e-15
2016-05-14,daytime,6,0.9150141741506188,0.010526976979695192,0.26738794435857455
2016-05-14,nighttime,6,-0.9514296176590743,0.003481332302769292,-0.1916932907348252
2016-05-15,daytime,6,NA,NA,-8.404930482799094e-15
2016-05-15,nighttime,6,NA,NA,1.162591018935518e-14
2016-05-16,daytime,6,NA,NA,-2.757175672163904e-14
2016-05-16,nighttime,6,NA,NA,2.4643782556509237e-14
2016-05-17,daytime,6,-0.7143984487123701,0.11070436033616515,-0.05288757963965614
2016-05-17,nighttime,6,-0.9173800874714487,0.009957091094601857,-0.19879989564309636
2016-05-18,daytime,6,-0.947881380870377,0.004003739472444953,-0.11479340008461633
2016-05-18,nighttime,6,NA,NA,6.352069865158641e-15
2016-05-19,daytime,6,-0.7829525984937106,0.06555185638523402,-0.06931297709923946
2016-05-19,nighttime,6,-0.9539832459815243,0.0031275912789702543,-0.16764705882352596
2016-05-20,daytime,6,NA,NA,-6.08369974015648e-15
2016-05-20,nighttime,6,-0.8434468864740952,0.03484484550253438,-0.16700610997963106
2016-05-21,daytime,6,-0.5853426380827143,0.22226284739207755,-0.06498079385404139
2016-05-21,nighttime,6,NA,NA,8.760740652953683e-15
2016-05-22,daytime,6,-0.8598308559609686,0.028094104565746732,-0.0706760901453578
2016-05-22,nighttime,6,-0.6116941569913988,0.19689748687254732,-0.04797047970479525
2016-05-23,daytime,6,-0.9131277524410443,0.010992377902449078,-0.10345704117946654
2016-05-23,nighttime,6,0.5725324925664559,0.2350374630820746,0.1740696278511452
2016-05-24,daytime,6,NA,NA,-2.6216432254341783e-15
2016-05-24,nighttime,6,0.8583856573872296,0.028661921992649404,0.5374113940666806
2016-05-25,daytime,6,NA,NA,-6.151283813423377e-15
2016-05-25,nighttime,6,0.6664777824960934,0.14830558729748622,0.03966005665723319
2016-05-26,daytime,6,-0.22896454354720033,0.6625548905532498,-0.00639326368314285
2016-05-26,nighttime,6,0.7441971165100486,0.08978342722760502,0.12149532710280184
2016-05-27,daytime,6,NA,NA,-3.583442458245832e-15
2016-05-27,nighttime,6,NA,NA,7.843306867837479e-15
2016-05-28,daytime,6,-0.7764810079719474,0.06935752259562786,-0.1983298538622185
2016-05-28,nighttime,6,0.6297777309041884,0.1802246224183911,0.03573153066152048
2016-05-29,daytime,6,-0.7169316465251463,0.10885073208276819,-0.04678168546781738
2016-05-29,nighttime,6,0.6135020176506435,0.1952033678271142,0.07923888961292948
2016-05-30,daytime,6,-0.8920653616843445,0.0168461160985777,-0.17403314917127155
2016-05-30,nighttime,6,-0.9359922098668616,0.006014375928187717,-0.28212791392707254
2016-05-31,daytime,6,NA,NA,-1.48975266941946e-15
2016-05-31,nighttime,6,0.926612428989971,0.007880980342014616,0.2636678200692083
2016-06-01,daytime,6,NA,NA,-3.8716545540795016e-15
2016-06-01,nighttime,6,-0.7726911394933903,0.07163153019098689,-0.12162162162161465
2016-06-02,daytime,6,-0.8168899090596354,0.047224181025418706,-0.06958571074175565
2016-06-02,nighttime,6,-0.8823548883285566,0.019946432377864694,-0.1668321747765551
2016-06-03,daytime,6,-0.533840125586272,0.2753081003694896,-0.043179587831211154
2016-06-03,nighttime,6,NA,NA,4.990976888691805e-15
2016-06-04,daytime,6,NA,NA,-5.922497022652809e-15
2016-06-04,nighttime,6,NA,NA,5.609965344607978e-15
2016-06-05,daytime,6,NA,NA,-1.9539241385688103e-15
2016-06-05,nighttime,6,-0.8578080260143528,0.028890377900290684,-0.12659520163348187
2016-06-06,daytime,6,NA,NA,-3.5519737613336077e-15
2016-06-06,nighttime,6,-0.7071067811865481,0.11611652351681508,-0.062499999999994144
2016-06-07,daytime,6,0.7008801764188719,0.12082747882655867,0.04162991709296137
2016-06-07,nighttime,6,-0.6946149934164934,0.12564990016907496,-0.01710957408081382
2016-06-08,daytime,6,0.9692718463213256,0.0014018220828976788,0.08788182273410033
2016-06-08,nighttime,6,NA,NA,3.113271720964457e-15
2016-06-09,daytime,6,0.9931784359686494,6.964188732141963e-5,0.21594333346378167
2016-06-09,nighttime,6,0.9506810504542033,0.0035885574863711647,0.19532554257095708
2016-06-10,daytime,6,0.997000067711149,1.3485891520615976e-5,0.2920652344362562
2016-06-10,nighttime,6,0.9739987725863403,0.0010053064958690666,0.3235785953177306
2016-06-11,daytime,6,0.993256892333067,6.805094864134713e-5,0.316506589233862
2016-06-11,nighttime,6,0.9906597077198134,1.304541613199173e-4,0.48112676056337983
2016-06-12,daytime,6,0.9903380281330645,1.3957956012291596e-4,0.5133263724789836
2016-06-12,nighttime,6,0.9882949753293642,2.0470956512639118e-4,0.5171935235157992
2016-06-13,daytime,6,0.958356129828817,0.0025652082361696023,0.6272577996716044
2016-06-13,nighttime,6,0.9856394277393862,3.0785829153496353e-4,0.4895706343358693
2016-06-14,daytime,6,0.9984613097048362,3.549530259829753e-6,0.7824834565978998
2016-06-14,nighttime,6,0.996163147114808,2.2053918094019585e-5,0.46212970376301266
2016-06-15,daytime,6,-0.8896877784106417,0.017581996426321682,-0.25744403390567444
2016-06-15,nighttime,6,0.9935892231078598,6.151535529336196e-5,0.5241490340386383
2016-06-16,daytime,6,-0.9439569388074343,0.004623226346102374,-0.24223602484472245
2016-06-16,nighttime,6,-0.9939638524083569,5.4542652868747264e-5,-0.2685549581508773
2016-06-17,daytime,6,0.9479242294104793,0.003997217050197772,0.10033737348494311
2016-06-17,nighttime,6,-0.9950885059156632,3.6124921779468654e-5,-0.6931407942238086
2016-06-18,daytime,6,0.930568851457003,0.0070636737550885155,0.7799582277918473
2016-06-18,nighttime,6,-0.8738851936905445,0.022854492066384863,-0.21713925216116042
2016-06-19,daytime,6,0.4847821220324629,0.32979203846377675,0.038164618897465884
2016-06-19,nighttime,6,-0.9617227792913702,0.0021696775865331437,-0.220763956904998
2016-06-20,daytime,6,0.4557037457495448,0.3637614465092895,0.5789473684209788
2016-06-20,nighttime,6,-0.4518393411049315,0.3683644749582305,-0.7826086956523726
2016-06-21,daytime,6,-0.5266375311039649,0.28307439649301636,-0.02859248341930748
2016-06-21,nighttime,6,-0.9924399724778078,8.551498123695865e-5,-0.41986989946776576
2016-06-22,daytime,6,0.8348333037091296,0.03866717950592226,0.06841194061172003
2016-06-22,nighttime,6,-0.9317982383254323,0.006818600867997481,-0.37931034482757253
2016-06-24,daytime,6,0.9869136870432537,2.5575685427324676e-4,0.22707423580785785
2016-06-24,nighttime,6,NA,NA,3.5352782324906706e-15
2016-06-25,daytime,6,0.991121852917158,1.1788234902114083e-4,0.4601159956291518
2016-06-25,nighttime,6,0.9960959956946882,2.2832123471779856e-5,0.36130136986301664
2016-06-26,daytime,6,0.9972840504293908,1.1054556164280399e-5,0.4730323611666016
2016-06-26,nighttime,6,0.9530930003901081,0.0032487959660387885,0.22270114942528746
2016-06-27,daytime,6,0.9989875301697324,1.5371237968432202e-6,0.6313328137178489
2016-06-27,nighttime,6,0.996129862599163,2.2437961863668187e-5,0.5307788944723651
2016-06-28,daytime,6,0.9935261884471916,6.272969454684452e-5,0.7900458877515064
2016-06-28,nighttime,6,0.9905381633045544,1.338659886078283e-4,0.44833490283366073
2016-06-29,daytime,6,0.9985722233921055,3.056363768899554e-6,0.7490144546649162
2016-06-29,nighttime,6,0.966187486389203,0.0016956004270060995,0.5014326647564445
2016-06-30,daytime,6,0.9996235119729825,2.1258816941595782e-7,0.9933000525486066
2016-06-30,nighttime,6,0.9816383154641516,5.026318541255967e-4,0.6117371315243847
2016-07-01,daytime,6,0.992972542699214,7.390420813361245e-5,1.1875053560716395
2016-07-01,nighttime,6,0.9869192938582567,2.555382234673042e-4,0.503018925364046
2016-07-02,daytime,6,-0.8709336239774478,0.023912191931641368,-0.49906716417909813
2016-07-02,nighttime,6,0.9300134348325109,0.007175777682983029,0.5564053537284906
2016-07-03,daytime,6,0.9783317120605093,6.991852634631607e-4,1.0542775911088123
2016-07-03,nighttime,6,0.8745141886539147,0.02263204026065077,0.17994707438988822
2016-07-04,daytime,6,0.9952708548735791,3.349433721544237e-5,0.39163107530950736
2016-07-04,nighttime,6,0.9926517684702135,8.079637050681792e-5,0.6214605067064038
2016-07-05,daytime,6,0.998157478483012,5.089200736017779e-6,0.4130581108368866
2016-07-05,nighttime,6,0.9883470081087927,2.0289713720544227e-4,0.8068181818181832
2016-07-06,daytime,6,0.9854638525049143,3.1541363503899975e-4,0.5298712570519317
2016-07-06,nighttime,6,0.9827988377252316,4.4127523559846986e-4,0.9595278246205698
2016-07-07,daytime,6,-0.044561626675521625,0.9332018038571772,-0.0027389497544391605
2016-07-07,nighttime,6,0.9741819045514724,9.912562426272946e-4,0.6568537258509642
2016-07-08,daytime,6,0.9983213545181262,4.224410894588663e-6,0.26962864721485574
2016-07-08,nighttime,6,0.9794509164122192,6.290586767377767e-4,0.2157182835820886
2016-07-09,daytime,6,0.9056480090663042,0.01293347251052365,0.25016782277914634
2016-07-09,nighttime,6,0.8807354275501548,0.020487845442766585,0.12605042016806928
2016-07-10,daytime,6,0.9995874753429673,2.5522978796960016e-7,0.6912301808963232
2016-07-10,nighttime,6,0.981133869738276,5.305387874897866e-4,0.3859118409680231
2016-07-11,daytime,6,0.976184102477892,8.440413096621763e-4,0.7392043522611447
2016-07-11,nighttime,6,0.9889737321796476,1.816975940657804e-4,0.7102161100196357
2016-07-12,daytime,6,-0.814951143674424,0.048196297517056924,-1.4098997750051234
2016-07-12,nighttime,6,0.9839470896470767,3.8447551136077627e-4,0.42653483559439026
2016-07-13,daytime,6,0.9624500886325715,0.002088521156072879,0.13338866492767343
2016-07-13,nighttime,6,-0.9637852659496675,0.0019435125055813835,-0.4582484725050842
2016-07-15,daytime,6,0.6238369766139064,0.18563465586171898,2.1007518796992244
2016-07-15,nighttime,6,0.9592377761122378,0.0024584739265477197,0.15498763396537615
2016-07-16,daytime,6,0.9859250306905287,2.957629823778303e-4,0.5523091423185671
2016-07-16,nighttime,6,0.9945714770467926,4.412330598484673e-5,0.29414751809064543
2016-07-17,daytime,6,0.9951047462074468,3.588661080940462e-5,0.8074476047904203
2016-07-17,nighttime,6,0.9981007011377552,5.407578547446852e-6,1.1498796837400937
2016-07-18,daytime,6,0.48980382985888454,0.3240481328163784,1.8374618255853548
2016-07-18,nighttime,6,0.9706861609649519,0.0012763570305306898,1.278076558051247
2016-07-19,daytime,6,0.8838438356312416,0.019454777514377842,0.1293929712460047
2016-07-19,nighttime,6,-0.19771329360942827,0.7072944199316346,-0.6086956521741994
2016-07-27,daytime,6,0.9940132744112732,5.365404014556321e-5,2.0033799484557986
2016-07-27,nighttime,6,0.9863712414515674,2.7734886570173953e-4,1.6464429279237065
2016-07-28,daytime,6,0.9992319735462041,8.845704347741209e-7,2.280974769882815
2016-07-28,nighttime,6,0.9973058143888679,1.0878176104368867e-5,1.7543769309989679
2016-07-29,daytime,6,0.9962562652226183,2.0997089873929536e-5,2.116653374900312
2016-07-29,nighttime,6,0.9930037466499334,7.325011663888099e-5,1.6757794642040686
2016-07-30,daytime,6,0.9922189589883174,9.058134883342665e-5,2.402407002188191
2016-07-30,nighttime,6,0.9700278506004169,0.0013340321728632478,1.3526953318693749
2016-07-31,daytime,6,0.9851733663724592,3.2811393458630184e-4,2.7625558290037477
2016-07-31,nighttime,6,0.9865623373336393,2.6964294230171133e-4,2.0382091856425975
2016-08-01,daytime,6,0.9967683826907034,1.564815119460315e-5,2.159125766871175
2016-08-01,nighttime,6,0.9853566076772757,3.2007342453833844e-4,3.509734513274306
2016-08-02,daytime,6,0.9978845523239431,6.70794486529465e-6,1.8987709943254765
2016-08-02,nighttime,6,0.988599226426122,1.9422553431352807e-4,2.5536553279458634
2016-08-03,daytime,6,0.9717298225730756,0.0011875075932843383,0.26448275862069015
2016-08-03,nighttime,6,0.967156400510908,0.0016003388124218277,3.5905502802882827
2016-08-04,daytime,6,0.9911155824825305,1.1804867563006847e-4,0.7768900284110624
2016-08-04,nighttime,6,-0.9874443184360955,2.3547803821521296e-4,-0.6868250539956701
2016-08-05,daytime,6,0.9738950102576419,0.001013310844104541,1.833446982611663
2016-08-05,nighttime,6,0.9351294851555351,0.006175782022813086,0.38031723143475044
2016-08-06,daytime,6,0.9941972426086929,5.0410294809429907e-5,2.8113730036064064
2016-08-06,nighttime,6,0.9938541448492169,5.6541234108502874e-5,1.1043549712407492
2016-08-07,daytime,6,0.9886770343401473,1.9158847082779393e-4,2.019560325428432
2016-08-07,nighttime,6,0.9918722341386831,9.882240438968058e-5,1.576771653543303
2016-08-08,daytime,6,0.9971521597646269,1.2153742740910871e-5,2.387623848426895
2016-08-08,nighttime,6,0.9916688286637508,1.0382349704866483e-4,0.9651394422310791
2016-08-09,daytime,6,0.9970810676617096,1.2767814099250582e-5,1.3539230479064577
2016-08-09,nighttime,6,0.9971435319539956,1.2227461000227709e-5,2.0393442622950655
2016-08-10,daytime,6,0.9708284389366018,0.0012640577551629516,1.637732235203985
2016-08-10,nighttime,6,0.9987649565538286,2.2870565450577616e-6,2.8909626719056765
2016-08-11,daytime,6,0.9734415932517114,0.0010486569811021162,1.7993566833452486
2016-08-11,nighttime,6,0.9795717498957702,6.217076122042147e-4,1.9083286752375468
2016-08-12,daytime,6,0.998723989368648,2.4412658947320804e-6,2.443092700583159
2016-08-12,nighttime,6,0.9514568194638492,0.0034774660095368516,1.098382423949781
2016-08-13,daytime,6,-0.40358618498202853,0.4274891464167446,-0.3213536201469073
2016-08-13,nighttime,6,0.992742204538576,7.882223809278641e-5,1.3496326323790235
2016-08-14,daytime,6,0.9545140681234701,0.0030564004838072954,0.3023032116710306
2016-08-14,nighttime,6,0.995217589966544,3.425247827638646e-5,0.5028658125421428
2016-08-15,daytime,6,0.9849091302339097,3.3988317073484827e-4,1.2429471377704866
2016-08-15,nighttime,6,0.8716119301195516,0.023667102581976567,0.18852459016393672
2016-08-16,daytime,6,0.9872866691736633,2.4141575096977799e-4,2.495540181873558
2016-08-16,nighttime,6,0.9969209648326812,1.4206091011261601e-5,1.123127035830603
2016-08-17,daytime,6,0.9960520617352089,2.3348558103556775e-5,1.4374835104214116
2016-08-17,nighttime,6,0.9803228418988373,5.769764215641833e-4,2.836384439359239
2016-08-18,daytime,6,0.9896655594943427,1.5964912831116968e-4,1.4104116222760426
2016-08-18,nighttime,6,0.9833467779557982,4.136854892737149e-4,1.8763340301463207
2016-08-19,daytime,6,0.9880585189403547,2.1304703339772155e-4,3.5298913043479034
2016-08-19,nighttime,6,0.9921309729887463,9.263874783894476e-5,1.2332727573104305
2016-08-20,daytime,6,0.9556442209490278,0.0029075191437505587,1.5334685598377462
2016-08-20,nighttime,6,0.9288669734187219,0.007409897939616267,0.38793925144563907
2016-08-21,daytime,6,0.9574589944735271,0.0026761117077296914,0.7890582838640072
2016-08-21,nighttime,6,0.9725384039639218,0.0011208539514598569,0.7417247386759611
2016-08-22,daytime,6,0.9942132273740468,5.0133216068991755e-5,1.2691085003455422
2016-08-22,nighttime,6,0.970908122761797,0.0012571952111381573,0.996401644962303
2016-08-23,daytime,6,0.9923439803463872,8.769757799857203e-5,1.8884167744319307
2016-08-23,nighttime,6,0.9872707067032236,2.4202106681995848e-4,1.510489510489493
2016-08-24,daytime,6,0.93134619655116,0.006908222570716846,1.2676056338028256
2016-08-24,nighttime,6,0.9988497728055808,1.983773009886002e-6,1.901343214451127
2016-08-25,daytime,6,0.9869770539187195,2.532913598490726e-4,0.4494871153365039
2016-08-25,nighttime,6,-0.995129458357331,3.552549391668833e-5,-0.8122629582806448
2016-08-26,daytime,6,0.9521307174779586,0.003382356844214886,1.1971830985915977
2016-08-26,nighttime,6,0.9069771954720567,0.012577388816270234,0.1801062288749407
2016-08-27,daytime,6,0.9976065039905472,8.586378763228796e-6,0.41482558139534687
2016-08-27,nighttime,6,NA,NA,1.6778282227379632e-14
2016-08-28,daytime,6,0.9977011178194073,7.921214285957054e-6,0.6695850217397734
2016-08-28,nighttime,6,0.9814572679797159,5.12561565401966e-4,0.7878077373974198
2016-08-29,daytime,6,0.9775372345926372,7.511966603724165e-4,1.1018694824303288
2016-08-29,nighttime,6,0.9784715342087514,6.902233078756835e-4,1.0345762711864381
2016-08-30,daytime,6,0.9800043389743509,5.957422925988421e-4,1.1009752438109643
2016-08-30,nighttime,6,0.9915403197930004,1.0704657026989899e-4,0.9459491707433436
2016-08-31,daytime,6,0.855884472770947,0.029657339540205645,0.5314093959731562
2016-08-31,nighttime,6,0.9307274883011252,0.007031812977008095,0.9605263157894601
2016-09-01,daytime,6,0.9925747738388528,8.249628416778596e-5,0.5108214085654619
2016-09-01,nighttime,6,-0.8497515413081949,0.032165999630739954,-0.1123231949708764
2016-09-02,daytime,6,0.9869405603651563,2.547098084168849e-4,1.4231388978408084
2016-09-02,nighttime,6,0.9880460445006577,2.1349148561960682e-4,0.28991859737006953
2016-09-03,daytime,6,0.7475446630527106,0.08755558973490413,1.511126326600497
2016-09-03,nighttime,6,0.9991936225328661,9.751047579471967e-7,0.6721970409646708
2016-09-04,daytime,6,0.9565502889168319,0.0027908022261684392,1.0654357459379626
2016-09-04,nighttime,6,0.9889806139059808,1.8147128005284831e-4,0.7990099009900979
2016-09-05,daytime,6,0.958379379326404,0.002562364895376071,0.704543892211453
2016-09-05,nighttime,6,0.9971445462451057,1.2218783082589022e-5,1.3976814516128975
2016-09-06,daytime,6,0.987541118188168,2.3186864691118115e-4,1.7239256397875584
2016-09-06,nighttime,6,0.9735473576055128,0.0010403584181977175,1.8057218895542135
2016-09-07,daytime,6,0.997762127376383,7.506507103585563e-6,3.335539714867632
2016-09-07,nighttime,6,0.9758128563233052,8.704519226226049e-4,1.307718348002702
2016-09-08,daytime,6,0.9953625638271952,3.220885546477686e-5,1.8404692082111516
2016-09-08,nighttime,6,0.9706848790577811,0.0012764681134682656,1.6698580389567543
2016-09-09,daytime,6,0.9516170204015268,0.0034547389061777797,1.6107448912326905
2016-09-09,nighttime,6,0.9899208855592361,1.5187086056489627e-4,1.7275054864667003
2016-09-10,daytime,6,0.8360530221762164,0.038114583741487705,0.6056173958063676
2016-09-10,nighttime,6,0.9266935692859815,0.00786378092571822,0.1241066520065996
2016-09-11,daytime,6,0.9925112105907712,8.391295720409767e-5,0.4450274266634869
2016-09-11,nighttime,6,0.9856306187986019,3.0823518560187596e-4,0.610740103270225
2016-09-12,daytime,6,0.990603279565922,1.3203267489636105e-4,0.5762060784092182
2016-09-12,nighttime,6,0.9290690578311686,0.007368364008495417,0.10606741573033991
2016-09-13,daytime,6,-0.8699417496420618,0.0242727454209243,-0.9799713876967067
2016-09-13,nighttime,6,0.9669106776510666,0.0016242400769192614,0.34465133260313857
2016-09-14,daytime,6,0.9639703278819393,0.0019238201792484064,0.9362670713201894
2016-09-14,nighttime,6,0.938336000076056,0.005586436226002572,0.31406044678055345
2016-09-15,daytime,6,0.9981396121530707,5.188344970390865e-6,0.2962838405918941
2016-09-15,nighttime,6,0.9523608553727929,0.0033501739152857766,0.524725274725274
2016-09-16,daytime,6,0.957921053113567,0.002618703370244866,14.300000000000132
2016-09-16,nighttime,6,0.9604516120500809,0.002315184161923441,0.667004048582983
2016-09-17,daytime,6,0.9901404361348751,1.453372703861884e-4,0.4135197162528691
2016-09-17,nighttime,6,0.9099637547345437,0.011794847634900898,1.4827586206897236
2016-09-18,daytime,6,0.9648257243059097,0.001834085177140437,0.18123496391339186
2016-09-18,nighttime,6,-0.7081494163760453,0.11533570072250197,-9.400000000001896
2016-09-19,daytime,6,0.5245211425587973,0.28537205156080825,0.01297747306562095
2016-09-19,nighttime,6,-0.9050042880066667,0.013107648491950645,-0.49141965678625477
2016-09-20,daytime,6,0.9884649526536132,1.9881856469775288e-4,0.14022662889518267
2016-09-20,nighttime,6,-0.9202281786820724,0.009291499487995757,-0.16995001470155566
2016-09-21,daytime,6,0.9981322072850745,5.229716401715195e-6,0.3371040723981932
2016-09-21,nighttime,6,0.9265277962508381,0.007898939556409778,0.34062499999999984
2016-09-22,daytime,6,0.996498834146443,1.8365784571474396e-5,0.7113892365456832
2016-09-22,nighttime,6,0.9869240764652628,2.5535180518908713e-4,0.8811475409835844
2016-09-23,daytime,6,0.9959965787800108,2.4008990017461465e-5,1.102486047691532
2016-09-23,nighttime,6,0.995171570288785,3.491431585251753e-5,0.663751763046541
2016-09-24,daytime,6,0.7232692382805403,0.1042738626892643,2.230769230769272
2016-09-24,nighttime,6,0.985046362276938,3.3374502068430305e-4,0.7332713754646863
2016-09-25,daytime,6,0.7835602121980485,0.06519958379765582,5.272937103289128
2016-09-25,nighttime,6,0.9546618226732829,0.003036728032432181,0.3323853537148894
2016-09-26,daytime,6,0.9798259119042361,6.063853810480389e-4,0.6394584139264999
2016-09-26,nighttime,6,-0.9890820318089885,1.78152322147154e-4,-0.46651785714284993
2016-09-27,daytime,6,0.9862909802192512,2.8061761746722697e-4,0.3498001142204506
2016-09-27,nighttime,6,-0.9892589689235853,1.724350278493463e-4,-0.3312491118374252
2016-09-28,daytime,6,0.9955047929297548,3.0264912836807547e-5,0.8416666666666656
2016-09-28,nighttime,6,0.6455175546689859,0.16621496324487844,0.04960629921259948
2016-09-29,daytime,6,0.9924510265725925,8.526540303792762e-5,0.7551535549011416
2016-09-29,nighttime,6,0.9907296126705436,1.2851177293711678e-4,0.32747674590285486
2016-09-30,daytime,6,0.9866563218530334,2.6589267379173925e-4,0.7001184366363978
2016-09-30,nighttime,6,0.9827173971405901,4.454514862280263e-4,0.4914893617021279
2016-10-01,daytime,6,0.9905691965124029,1.3299069354479517e-4,1.04613166746757
2016-10-01,nighttime,6,0.9985447771469789,3.1749694844584133e-6,0.747382198952884
2016-10-02,daytime,6,0.8738965692426498,0.022850459750644758,0.22218259629101136
2016-10-02,nighttime,6,0.9854351193780416,3.1665875537862265e-4,0.5573770491803282
2016-10-03,daytime,6,0.963799568422307,0.0019419870572717289,0.25967920353981805
2016-10-03,nighttime,6,0.9458336390168172,0.004321530086244051,0.26118067978533366
2016-10-04,daytime,6,0.9376859695659711,0.005703573697227389,0.6416184971098376
2016-10-04,nighttime,6,0.9322047745955898,0.006738488925211785,0.424460431654667
2016-10-05,daytime,6,0.9480955234665701,0.0039711947582011355,0.2175423818047793
2016-10-05,nighttime,6,NA,NA,-0
2016-10-06,daytime,6,-0.8927681104164992,0.01663150472294422,-0.9121621621621068
2016-10-06,nighttime,6,0.9818196960619269,4.927806685196042e-4,0.5391632588864409
2016-10-07,daytime,6,0.9537701082309289,0.0031564030102545363,0.19354838709676936
2016-10-07,nighttime,6,-0.9702038323629562,0.001318490717063147,-0.24908933217692672
2016-10-08,daytime,6,-0.9237842265277074,0.00849190341494896,-0.09964289828360993
2016-10-08,nighttime,6,-0.963177914496302,0.002008836064723416,-0.2588757396449647
2016-10-09,daytime,6,-0.7535327661577765,0.08363318474550754,-0.07831884547219432
2016-10-09,nighttime,6,-0.8807515159940051,0.020482432704549667,-0.1825231136295847
2016-10-10,daytime,6,NA,NA,-9.272357705350458e-15
2016-10-10,nighttime,6,NA,NA,6.2861115776197475e-15
2017-03-17,daytime,6,-0.9794143611969293,6.312910145005715e-4,-0.16785428760123824
2017-03-17,nighttime,6,0.9793212069854011,6.369974658231552e-4,0.5084226646248087
2017-03-18,daytime,6,-0.8173588134589127,0.046990450169612244,-0.047194319362662863
2017-03-18,nighttime,6,-0.6531311167612661,0.159609744248987,-0.06054687499999569
2017-03-19,daytime,6,-0.9268571272108359,0.007829166969495965,-0.09420790180284229
2017-03-19,nighttime,6,NA,NA,7.561945540947098e-15
2017-03-20,daytime,6,-0.05723481821244252,0.9142415182888037,-0.0010919414719400649
2017-03-20,nighttime,6,0.8155347649907914,0.0479026961070102,0.21717451523545458
2017-03-21,daytime,6,0.9563096024177427,0.002821577035261596,0.6590909090908966
2017-03-21,nighttime,6,NA,NA,-0
2017-03-22,daytime,6,0.9625272315283138,0.002080002777701506,0.2544673150870776
2017-03-22,nighttime,6,-0.876390409792313,0.02197466027808756,-0.09515789473683685
2017-03-23,daytime,6,0.38746232433473193,0.44789080190551495,0.036645186111373365
2017-03-23,nighttime,6,NA,NA,9.825217743043767e-15
2017-03-24,daytime,6,-0.7755454972716211,0.06991574654383577,-0.7469879518072033
2017-03-24,nighttime,6,NA,NA,NA
2017-04-04,daytime,6,-0.5086669165368725,0.30280638098734564,-0.055720565522159454
2017-04-04,nighttime,6,NA,NA,7.8321021437406e-15
2017-04-05,daytime,6,0.7840675258506455,0.06490612634032202,0.11085870059064205
2017-04-05,nighttime,6,0.6683178836195273,0.14677486278922552,0.06380697050938894
2017-04-06,daytime,6,0.2519674939675041,0.6300471670535059,0.016971937489492866
2017-04-06,nighttime,6,-0.057670983608166214,0.9135894297711346,-0.006097560975609697
2017-04-07,daytime,6,0.5803029168313429,0.22725455642996634,0.01712295637032141
2017-04-07,nighttime,6,0.3810105627512102,0.4561396263862413,0.018983644859813967
2017-04-08,daytime,6,0.9376445477113688,0.0057110783346196944,0.07915251805442676
2017-04-08,nighttime,6,0.9676644164657122,0.0015514800629667902,0.13212645231019102
2017-04-09,daytime,6,0.7957325820793036,0.058326219847361846,0.09546994072819462
2017-04-09,nighttime,6,0.9008513381597886,0.014258347381469387,0.7785588752196767
2017-04-10,daytime,6,-0.9863014388090403,2.801905965862623e-4,-0.43852013057670436
2017-04-10,nighttime,6,0.711974741146805,0.11249074572506754,0.12399902936180636
2017-04-11,daytime,6,0.8659967923075071,0.0257321511097583,0.08216683145131304
2017-04-11,nighttime,6,-0.9608147045158707,0.002273146809876376,-0.09654011988642
2017-04-12,daytime,6,0.9650835174438209,0.00180745672854215,0.2080253431890176
2017-04-12,nighttime,6,0.9780146657858214,7.197190210279678e-4,0.1362703005413466
2017-04-13,daytime,6,0.6943810351588869,0.12583157080450064,0.03126667378081306
2017-04-13,nighttime,6,0.920589906416417,0.009208565889918745,0.35737351991389144
2017-04-14,daytime,6,0.9607894223683634,0.002276061565712575,0.4297520661157013
2017-04-14,nighttime,6,0.7295157016498853,0.09984808040886961,2.875000000000124
2017-04-15,daytime,6,-0.8595827791213101,0.028191190993410248,-0.030786773090084846
2017-04-15,nighttime,6,0.7670694072196158,0.07506597346884941,0.6883116883117079
2017-04-16,daytime,6,-0.12805573548861487,0.8089663431189698,-0.37907692307691887
2017-04-16,nighttime,6,0.8531120229854773,0.030779483477783694,0.12004950495050128
2017-04-17,daytime,6,-0.024625914065566943,0.9630685959176719,-0.0017326732673279643
2017-04-17,nighttime,6,0.1998043182256152,0.7042817932387748,0.03385071367288229
2017-04-18,daytime,6,0.44129637350694945,0.3810250168809443,0.047210300429185614
2017-04-18,nighttime,6,-0.9010866689547616,0.014191894136202414,-0.1351617671210381
2017-04-19,daytime,6,NA,NA,0
2017-04-19,nighttime,6,-0.09531178621743731,0.8574652428474341,-0.015496809480398634
2017-04-20,daytime,6,0.7025490511292141,0.11955680671232945,0.03550900498147571
2017-04-20,nighttime,6,-0.9949358921860543,3.8402846928552466e-5,-0.18802521008402973
2017-04-21,daytime,6,0.9508242404269697,0.0035679232230398025,0.3722627737226401
2017-04-21,nighttime,6,-0.9886806561903124,1.9146615656025944e-4,-0.12996323529411744
2017-04-22,daytime,6,-0.8512897873788278,0.031527748104517084,-0.06301689583439606
2017-04-22,nighttime,6,-0.867282124906484,0.025252202947345807,-0.04490616621983337
2017-04-23,daytime,6,-0.9352446431741734,0.006154116454494927,-0.07526941761125913
2017-04-23,nighttime,6,0.21524173170007202,0.6821233698737428,0.011414392059556555
2017-04-24,daytime,6,0.649049423400641,0.1631368175557006,0.07826784282277215
2017-04-24,nighttime,6,NA,NA,3.373900210464603e-15
2017-04-25,daytime,6,-0.8728591979370246,0.023219573551014127,-0.35306781485467353
2017-04-25,nighttime,6,0.9697093414080699,0.0013623897938136627,0.09870932557717137
2017-04-26,daytime,6,-0.7401205672371683,0.09253019920920295,-1.9354838709677578
2017-04-26,nighttime,6,-0.9174173963120736,0.009948227658615475,-0.17395902181096695
2017-04-27,daytime,6,-0.5445595774186972,0.2639038801255727,-0.02594769916886516
2017-04-27,nighttime,6,-0.6646586635035989,0.1498255121458626,-0.09709255801546997
2017-04-28,daytime,6,NA,NA,NA
2017-04-28,nighttime,6,0.7454874572790477,0.08892171863811128,0.12054329371816712
2017-04-29,daytime,6,0.9733285267845768,0.001057564615830562,0.9473684210526109
2017-04-29,nighttime,6,-0.8498621211702517,0.03211991630005104,-0.26874999999999044
2017-04-30,daytime,6,-0.668417667493777,0.14669204948040698,-1.1874999999998967
2017-04-30,nighttime,6,NA,NA,-0
2017-05-01,daytime,6,-0.9113393021756544,0.011442610577064648,-0.8732876712328786
2017-05-01,nighttime,6,0.9433129399390973,0.0047290544225039415,0.45036764705883015
2017-05-02,daytime,6,-0.975499400093539,8.930654910107124e-4,-0.12345935826096266
2017-05-02,nighttime,6,-0.4925182813112045,0.3209587062120275,-0.5544554455445438
2017-05-03,daytime,6,-0.8665782448262414,0.0255145024655097,-0.17283950617284152
2017-05-03,nighttime,6,-0.37210420376762626,0.46760475460939677,-0.4499999999999857
2017-05-04,daytime,6,-0.7162695361811167,0.10933389077465025,-0.07441067878443923
2017-05-04,nighttime,6,0.28768617953127,0.5803756649449843,0.06395348837211236
2017-05-05,daytime,6,-0.9569975917426007,0.0027340504942280812,-0.10712318707545863
2017-05-05,nighttime,6,0.907014240596541,0.012567533399847758,0.3680387409200895
2017-05-06,daytime,6,-0.9911676209630194,1.1667186817452668e-4,-0.10423482788811504
2017-05-06,nighttime,6,-0.34229003987244894,0.5066167136941525,-0.018306636155607608
2017-05-07,daytime,6,-0.9728150961878259,0.0010984834127647455,-0.08837689133425154
2017-05-07,nighttime,6,0.12372435628704778,0.81536043424454,0.006560449859425256
2017-05-08,daytime,6,-0.9724421992333759,0.001128684431484919,-0.08845766129032442
2017-05-08,nighttime,6,-0.5868810337931231,0.22074797517074712,-0.03532608695651143
2017-05-09,daytime,6,-0.5519995688508159,0.25609875366460827,-0.029938119171435778
2017-05-09,nighttime,6,-0.7498049668410613,0.08606553329951885,-0.07254290171606409
2017-05-10,daytime,6,-0.9488173117957894,0.0038624605434508545,-0.3933884297520592
2017-05-10,nighttime,6,-0.6246331368327984,0.1849057745158792,-0.032245169886741136
2017-05-11,daytime,6,-0.7629228060795251,0.07764586133921153,-0.06899902818270642
2017-05-11,nighttime,6,-0.9643174812549096,0.0018871469726555478,-0.16555183946488294
2017-05-12,daytime,6,-0.7575372191039708,0.08105532493728998,-0.034779553838049565
2017-05-12,nighttime,6,-0.9185905099570422,0.009671486699617262,-0.09229155742002963
2017-05-13,daytime,6,0.6896156476341425,0.12955669617549653,0.012320459623361958
2017-05-13,nighttime,6,0.8816645083703715,0.020176389849611696,0.03284502698535217
2017-05-14,daytime,6,0.914085851882002,0.010754784760556876,0.07228588075354171
2017-05-14,nighttime,6,0.9049223828523985,0.013129890822849308,0.10456047587574371
2017-05-15,daytime,6,0.9969742439531428,1.3718948782281044e-5,0.2584086400705291
2017-05-15,nighttime,6,0.9830878071077561,4.2661477074916124e-4,0.26469968387776116
2017-05-16,daytime,6,0.9889823837815597,1.814130982384138e-4,0.36086868276842055
2017-05-16,nighttime,6,0.9912479860317631,1.1456143046791559e-4,0.4855371900826457
2017-05-17,daytime,6,0.8271647204334043,0.04222658013233954,0.5690607734806634
2017-05-17,nighttime,6,0.9821844145913248,4.7326533557191867e-4,0.18824027072758176
2017-05-18,daytime,6,0.8818361401314043,0.02011910353669235,1.09810126582282
2017-05-18,nighttime,6,0.004070602211427951,0.9938941304073952,6.752194463221637e-4
2017-05-19,daytime,6,-0.9485228996916119,0.003906633409796826,-0.9339542760372521
2017-05-19,nighttime,6,0.23856619901058118,0.6489395596875487,0.03818269695505437
2017-05-20,daytime,6,0.8320502943378434,0.03994196807171897,0.1538461538461467
2017-05-20,nighttime,6,-0.95920748694135,0.002462103717622952,-0.3453947368421049
2017-05-21,daytime,6,0.47888961161796645,0.33657871939658446,0.01329479768786033
2017-05-21,nighttime,6,-0.8875704763467033,0.018250019732263294,-0.28135048231509285
2017-05-22,daytime,6,-0.9185425560093607,0.009682724864854046,-0.10413005272408313
2017-05-22,nighttime,6,0.44721359549995793,0.373900966300059,0.08333333333335992
2017-05-23,daytime,6,-0.04752484565216985,0.92876640159024,-0.05194805194810894
2017-05-23,nighttime,6,0.5668657344781478,0.240778797781195,0.19280205655524507
2017-05-24,daytime,6,-0.9448896703559938,0.004472033524533358,-0.1033010813887352
2017-05-24,nighttime,6,-0.8557855437700852,0.02969704169286965,-0.11392405063289786
2017-05-25,daytime,6,-0.9528564349724867,0.0032813849279872305,-0.11724519940915999
2017-05-25,nighttime,6,0.8961909848393788,0.015605128294311727,0.20822622107970656
2017-05-26,daytime,6,-0.898934635143663,0.014805160632534375,-0.10478260869565416
2017-05-26,nighttime,6,NA,NA,-0
2017-05-27,daytime,6,-0.9341631952088102,0.006359042980702436,-0.08697422770376446
2017-05-27,nighttime,6,-0.7552969863599742,0.08249299233541936,-0.04456824512534753
2017-05-28,daytime,6,-0.9550000175534267,0.002991935183606377,-0.09029950827000863
2017-05-28,nighttime,6,-0.9207859468688122,0.009163770527393492,-0.12163202463433358
2017-05-29,daytime,6,-0.8279068319991708,0.041875727045721955,-0.03916741271262743
2017-05-29,nighttime,6,NA,NA,5.340783651969159e-15
2017-05-30,daytime,6,-0.9119195293557286,0.011295582361340881,-0.09665859564164866
2017-05-30,nighttime,6,-0.9185345843108879,0.009684593672858814,-0.1275250578257471
2017-05-31,daytime,6,-0.9550552661179496,0.0029846488203419674,-0.10559595320898071
2017-05-31,nighttime,6,-0.8358077996545196,0.038225382759668136,-0.10905107028484683
2017-06-01,daytime,6,-0.5822591392639086,0.2253116987695872,-0.04026742093083085
2017-06-01,nighttime,6,NA,NA,-0
2017-06-02,daytime,6,-0.7021309299753891,0.11987461131264537,-0.04431351396207714
2017-06-02,nighttime,6,NA,NA,7.630440501904554e-15
2017-06-03,daytime,6,0.20922105549521774,0.6907475804695484,0.0031266750044645817
2017-06-03,nighttime,6,0.33472706763506715,0.5166611787175198,0.023587833643706566
2017-06-04,daytime,6,0.8424360856008073,0.03528370931362305,0.052293577981649415
2017-06-04,nighttime,6,0.847760595943904,0.03300104035954333,0.15680684248040402
2017-06-06,daytime,6,0.9938316128151286,5.695615021030482e-5,0.41149369544131703
2017-06-06,nighttime,6,0.9464989907334462,0.004216967468068275,0.12490055688146245
2017-06-07,daytime,6,0.9979690644864644,6.182860091308142e-6,0.5934916814900048
2017-06-07,nighttime,6,0.9943707762164934,4.744305073409174e-5,0.32032422695887197
2017-06-09,daytime,6,0.9934335542767055,6.453574746448178e-5,0.5526697269871941
2017-06-09,nighttime,6,0.9866572295091321,2.6585658301581436e-4,0.532406192600366
2017-06-10,daytime,6,0.9827151527611956,4.45566854251512e-4,0.45198787823962944
2017-06-10,nighttime,6,0.9943486190807731,4.781691223904915e-5,0.6599257119273588
2017-06-11,daytime,6,0.9936347615451029,6.064544305158125e-5,0.617431400710561
2017-06-11,nighttime,6,0.9220999136320617,0.008866269828523413,0.7031630170316283
2017-06-12,daytime,6,0.9598973564643725,0.002380086050650475,1.8168914123492008
2017-06-12,nighttime,6,0.9985371149545579,3.2084836733825068e-6,0.686218577286494
2017-06-13,daytime,6,0.9665891663681964,0.001655777719727895,0.3325273606515647
2017-06-13,nighttime,6,0.976281027419218,8.372124660685354e-4,0.6449037106622836
2017-06-14,daytime,6,0.9785846454197763,6.830153904499153e-4,0.4593406593406569
2017-06-14,nighttime,6,0.9946853437225269,4.2293299269988724e-5,0.41992378878606074
2017-06-15,daytime,6,0.9472114741525547,0.004106391687445376,0.20142986836132773
2017-06-15,nighttime,6,0.9919024348477953,9.809036114482205e-5,0.46601423487544164
2017-06-16,daytime,6,0.9908493377050162,1.2521881703824998e-4,0.4770216526734419
2017-06-16,nighttime,6,0.9972904258585809,1.1002741476855659e-5,0.29778276733090314
2017-06-17,daytime,6,0.9367871717184645,0.005867497630571691,0.5964492038889675
2017-06-17,nighttime,6,0.9881922754732871,2.083104073470959e-4,0.4641268075639559
2017-06-18,daytime,6,0.9117041965282171,0.011350039750062381,0.21457725947521628
2017-06-18,nighttime,6,-0.06814873746433855,0.897935143704719,-0.0032509752925876222
2017-06-19,daytime,6,0.5786311449001226,0.2289201872588893,0.04817467652495056
2017-06-19,nighttime,6,-0.996080006726058,2.3019402912658503e-5,-0.2853485920795043
2017-06-20,daytime,6,0.5448455118107868,0.26360223401132027,0.013493483260921537
2017-06-20,nighttime,6,NA,NA,-0
2017-06-21,daytime,6,0.9912025615278687,1.1575194696687874e-4,0.37605303134926066
2017-06-21,nighttime,6,0.925120474253042,0.00820049243368821,0.09310479158550694
2017-06-22,daytime,6,0.9832158959884766,4.2019512856454795e-4,0.6604139715394548
2017-06-22,nighttime,6,0.9993273110215332,6.786134932259938e-7,0.5511909736732121
2017-06-23,daytime,6,0.9870749852489732,2.4950440879846074e-4,1.6771498771498976
2017-06-23,nighttime,6,0.9782787721731007,7.025934423325033e-4,0.6337700145560379
2017-06-24,daytime,6,0.9941717117449292,5.085442557766335e-5,1.059132958461815
2017-06-24,nighttime,6,0.979343322728938,6.356403891195874e-4,0.4434583452619521
2017-06-25,daytime,6,0.9504543717030303,0.0036213423817785992,0.5162077215368003
2017-06-25,nighttime,6,0.9873558893922806,2.3879957027273378e-4,0.5230552170845869
2017-06-27,daytime,6,0.9546375839888696,0.0030399509513035056,0.5952893615151392
2017-06-27,nighttime,6,0.986920471855616,2.554923007513472e-4,0.8357608279034129
2017-06-28,daytime,6,0.9631362153589453,0.002013360116814763,0.6900157137676769
2017-06-28,nighttime,6,0.9806494480776954,5.580429418721763e-4,1.1141425389754973
2017-06-29,daytime,6,0.9967559262813606,1.5768951098861393e-5,1.5422103340292344
2017-06-29,nighttime,6,0.9873770543494921,2.3800247310935892e-4,2.0128231223285065
2017-06-30,daytime,6,0.9703622056877477,0.0013045813752977325,1.6762759924385782
2017-06-30,nighttime,6,0.975007877300906,9.291041781527544e-4,1.315039944425142
2017-07-01,daytime,6,0.754106667549256,0.0832615068578516,0.22400119706718538
2017-07-01,nighttime,6,0.9961161711548302,2.259689766506003e-5,0.9688608251881274
2017-07-02,daytime,6,0.9794390734678036,6.297814664724527e-4,1.5429532253133678
2017-07-02,nighttime,6,0.9958884667372385,2.5322306526154427e-5,0.6102941176470603
2017-07-03,daytime,6,0.8882887588573046,0.018022057387037944,0.44506547428936283
2017-07-03,nighttime,6,0.9959373428736793,2.4724246939548632e-5,1.1152815013404667
2017-07-04,daytime,6,0.9883506721909866,2.0276981087954623e-4,0.9542045005921811
2017-07-04,nighttime,6,0.9942654701283956,4.923295974433852e-5,0.6042261564820138
2017-07-05,daytime,6,0.9595759917031162,0.0024181222251703676,0.9149926506614436
2017-07-05,nighttime,6,0.9906976163384736,1.2939902485575286e-4,1.038655462184872
2017-07-06,daytime,6,0.9765355224810404,8.194130018341908e-4,1.4094151212553525
2017-07-06,nighttime,6,0.9969800665137006,1.3666226498435517e-5,1.4143564356435583
2017-07-07,daytime,6,0.9916459236905668,1.0439436851436889e-4,1.4847328244274798
2017-07-07,nighttime,6,0.9688361644055208,0.001441644054073564,1.1498383039884985
2017-07-08,daytime,6,0.9899973926622208,1.4957783912804385e-4,1.0474125037391575
2017-07-08,nighttime,6,0.9676057778719211,0.0015570814253708563,0.8913797374287837
2017-07-09,daytime,6,0.9181459613355027,0.009775911015638726,0.8319465135714572
2017-07-09,nighttime,6,0.9846937854155413,3.4962733581365757e-4,1.6576309794988606
2017-07-10,daytime,6,0.9615159303082771,0.0021930375219517727,1.075409624564573
2017-07-10,nighttime,6,0.9916704376981046,1.037834529979267e-4,1.5314345258770286
2017-07-21,daytime,6,0.9907676292413031,1.2746153647002603e-4,0.9624600375729286
2017-07-21,nighttime,6,0.9776875032050891,7.412171593127918e-4,0.5275219757220581
2017-07-22,daytime,6,0.9947037132122889,4.2001698453136134e-5,1.0557461406518285
2017-07-22,nighttime,6,0.9804361739908798,5.703709706252701e-4,0.8074147797959661
2017-07-23,daytime,6,0.98889197788600125,1.8439693374887125e-4,1.265997490589724
2017-07-23,nighttime,6,0.9662858000085464,0.0016858103447188338,0.32509860909279553
2017-07-24,daytime,6,0.9874916746297279,2.3370879029434844e-4,1.144446406498332
2017-07-24,nighttime,6,0.9862310395668389,2.830712179490387e-4,0.5035714285714273
2017-07-25,daytime,6,0.9788747720076147,6.646990533119309e-4,0.9423469387755072
2017-07-25,nighttime,6,0.9863585736946558,2.778635111072707e-4,0.8263052816262303
2017-07-26,daytime,6,0.8602688474950452,0.027923081418029867,0.9964412811387895
2017-07-26,nighttime,6,0.9657697608929792,0.0017375099597592922,1.375729288214703
2017-07-27,daytime,6,0.8471218374089579,0.03327108512780411,0.6317016317016344
2017-07-27,nighttime,6,0.9829838818919395,4.3185891937452575e-4,0.35352532274081083
2017-07-28,daytime,6,0.9620736861573993,0.0021303312174580993,0.6405876323881172
2017-07-28,nighttime,6,0.9616934079028748,0.002172987046324594,0.5022387105027475
2017-08-05,daytime,6,0.9799928803959339,5.964229789938247e-4,4.55684210526317
2017-08-05,nighttime,6,0.9740528386015794,0.0010011482464844972,1.1539138082673641
2017-08-06,daytime,6,0.9845412564252747,3.5661202010938374e-4,1.8771664596944118
2017-08-06,nighttime,6,0.9908735491307342,1.2455807754950285e-4,2.578900312919069
2017-08-07,daytime,6,0.9840788697406491,3.7820572003807685e-4,1.3687720960746501
2017-08-07,nighttime,6,0.9898414535126281,1.5426993908351734e-4,2.082284607938033
2017-08-08,daytime,6,0.983187178102406,4.2163022181780006e-4,1.3863448112649386
2017-08-08,nighttime,6,0.9851924062699045,3.272738558370111e-4,1.5905457867092825
2017-08-09,daytime,6,0.9739972393630707,0.00100542454152908,2.5458359229335104
2017-08-09,nighttime,6,0.9618360587549509,0.002156936986119745,1.8771630514257855
2017-08-10,daytime,6,0.39374885516429237,0.4398997664426408,0.8293447591179789
2017-08-10,nighttime,6,0.9806570870394492,5.576038638745714e-4,1.7073546399691852
2017-08-11,daytime,6,0.9666004193116322,0.0016546688348803035,0.9509359047078875
2017-08-11,nighttime,6,0.934760582225068,0.0062454370416228115,1.1070460704607046
2017-08-12,daytime,6,0.8574298981924346,0.029040394273788447,0.9643468083190785
2017-08-12,nighttime,6,0.9646324951452943,0.0018541706938429044,1.4454125058642109
2017-08-13,daytime,6,0.9359044229779152,0.006030704388073929,1.071051051051059
2017-08-13,nighttime,6,0.9713793443749269,0.0012169907030930157,2.269069951406922
2017-08-14,daytime,6,0.9670747620132387,0.0016082602920116083,0.8657826182718639
2017-08-14,nighttime,6,0.9702161343086013,0.0013174076675180068,1.9967509025270682
2017-08-15,daytime,6,0.4589054468239787,0.35996324458249207,0.18791607584897352
2017-08-15,nighttime,6,0.9740619394233417,0.001000449136788478,1.3511485807100287
2017-08-16,daytime,6,0.02469963565858806,0.9629580807902012,0.010335570469796386
2017-08-16,nighttime,6,0.9838533413396494,3.889670441277115e-4,0.6706197398622826
2017-08-17,daytime,6,0.826149527614642,0.042708752936110664,0.0709823963657014
2017-08-17,nighttime,6,-0.9114510984434506,0.011414210056470983,-0.4665617085358296
2017-08-18,daytime,6,0.01741912062384062,0.9738739617692248,0.001273841492804311
2017-08-18,nighttime,6,-0.9623187703054487,0.0021030612875908203,-0.4667931688804375
2017-08-19,daytime,6,0.7738106741846549,0.07095631150658488,0.4468621163536478
2017-08-19,nighttime,6,0.7688685930973155,0.07395887139520195,0.06169135570973193
2017-08-20,daytime,6,0.6978294781729711,0.12316539080808539,0.25784547041091643
2017-08-20,nighttime,6,-0.9415703529511341,0.005021295382815262,-0.6994680851063755
2017-08-21,daytime,6,-0.12741657854861901,0.8099094352652628,-0.012317167051578735
2017-08-21,nighttime,6,-0.836109182164914,0.03808923016938873,-0.18040737148399438
2017-08-22,daytime,6,-0.7330419906594392,0.09738727612866271,-0.09284497444634149
2017-08-22,nighttime,6,-0.9351298668465129,0.006175710150885336,-0.23679925564084342
2017-08-23,daytime,6,-0.961314594729315,0.002215893345142481,-0.2592666400956558
2017-08-23,nighttime,6,-0.859528417699727,0.028212486876976126,-0.0904230590423038
2017-08-24,daytime,6,-0.7676222765592376,0.07472497996970866,-0.02805923616523867
2017-08-24,nighttime,6,-0.9303986924132798,0.007097926757254424,-0.16506341229958815
2017-08-25,daytime,6,-0.7675001182686656,0.07480026303486262,-0.05461450358671786
2017-08-25,nighttime,6,-0.9791248276644204,6.491108137014693e-4,-0.175082862156357
2017-08-26,daytime,6,-0.9477866822981342,0.004018173047355262,-0.6615384615384948
2017-08-26,nighttime,6,0.16304072644898496,0.7576059073236293,0.015189873417722016
2017-08-27,daytime,6,-0.04230557049086446,0.9365795027000077,-0.001652087348825969
2017-08-27,nighttime,6,0.8742484536226746,0.022725894139852435,0.6116504854368738
2017-08-28,daytime,6,0.8100480939260919,0.050695693558607355,0.06294729993493467
2017-08-28,nighttime,6,-0.986300188917481,2.80241612231218e-4,-0.5403225806451544
2017-08-29,daytime,6,-0.700413705556092,0.12118369499489441,-0.060828680575962274
2017-08-29,nighttime,6,-0.9509673087293543,0.003547364903684125,-0.19990647650221552
2017-08-30,daytime,6,-0.7775571422314457,0.06871790940257642,-0.04058624577226964
2017-08-30,nighttime,6,-0.790397114763058,0.06129577374682231,-0.10594795539033479
2017-08-31,daytime,6,0.898859285116658,0.014826859660686843,0.13501805054151494
2017-08-31,nighttime,6,-0.9285487350924573,0.007475535412123802,-0.0882978723404201
2017-09-01,daytime,6,0.9886645759660047,1.920095023112282e-4,0.7670682730923768
2017-09-01,nighttime,6,-0.07234878948961493,0.8916661651125084,-0.0051358515573210126
2017-09-02,daytime,6,0.9476959078603119,0.004032032457238601,0.3003788775751851
2017-09-02,nighttime,6,0.9299468976946476,0.0071892651158022925,0.24847560975610322
2017-09-03,daytime,6,0.9618366371849936,0.002156872024805224,0.3129996524157097
2017-09-03,nighttime,6,0.9523107388957729,0.003357169413403163,0.3972517730496423
2017-09-04,daytime,6,0.9964970739731359,1.838424481381789e-5,1.4888485048736286
2017-09-04,nighttime,6,0.98937260282834,1.6881221850209495e-4,0.559001564306602
2017-09-05,daytime,6,0.9836467537950068,3.9895632879027876e-4,1.6999508116084683
2017-09-05,nighttime,6,0.9801520841155894,5.870002057727862e-4,0.2934290843806121
2017-09-06,daytime,6,0.9942304355239545,4.983578309651027e-5,0.7554851292052659
2017-09-06,nighttime,6,0.9495229155603437,0.003757597888631887,0.34012219959267
2017-09-07,daytime,6,0.9908372314096154,1.2554985615772127e-4,0.5249988152220288
2017-09-07,nighttime,6,0.9814014242637823,5.156438401745913e-4,0.534246575342469
2017-09-08,daytime,6,0.9768258172023393,7.993413590990013e-4,0.5259016655350052
2017-09-08,nighttime,6,0.9847436624835002,3.473582508416353e-4,0.7637795275590544
2017-09-09,daytime,6,0.9936597667473436,6.017040243102216e-5,1.1961478544115656
2017-09-09,nighttime,6,0.9823957054501224,4.621388959916789e-4,0.7865363197624012
2017-09-10,daytime,6,0.9907906764266898,1.2682693209599581e-4,1.255277792775767
2017-09-10,nighttime,6,0.9817704489474752,4.954458067759235e-4,0.860343929129755
2017-09-11,daytime,6,0.9780226963294435,7.191952754837346e-4,0.8492067120844985
2017-09-11,nighttime,6,0.9774347843396387,7.580384573756219e-4,0.855410866636728
2017-09-12,daytime,6,0.9710794087747611,0.0012425062953455013,0.7866230071394055
2017-09-12,nighttime,6,0.9768851652427314,7.952683016944521e-4,0.8213554573860571
2017-09-13,daytime,6,0.7039802711208475,0.11847175880749526,0.5509238395673755
2017-09-13,nighttime,6,0.9800510899929047,5.929690914635786e-4,0.6848900223143106
2017-09-14,daytime,6,0.9708457330509498,0.001262566777187168,0.5594344435536778
2017-09-14,nighttime,6,0.9696121914373098,0.001371098025345441,0.6096453287197208
2017-09-15,daytime,6,0.9016424641760915,0.014035541804811485,0.35879543972794126
2017-09-15,nighttime,6,0.974007500854743,0.0010046346213969527,0.70687925075259606
2017-09-16,daytime,6,-0.9763652813398228,8.312987131695676e-4,-2.3531684698608264
2017-09-16,nighttime,6,0.9796075404767784,6.195384814369044e-4,1.6468085106382866
2017-09-17,daytime,6,0.8727576311373487,0.023255864201993468,1.2412587412587397
2017-09-17,nighttime,6,0.8135000243636461,0.04892991782717436,0.08869247180737616
2017-09-18,daytime,6,-0.2655726114852849,0.6110063431621344,-0.3596431022649508
2017-09-18,nighttime,6,0.9531748290268443,0.0032375605988043954,1.3403508771929862
2017-09-19,daytime,6,0.850459768127426,0.0318713910836354,0.131049761417859
2017-09-19,nighttime,6,0.9691183892080014,0.0014157853347915182,1.5586776859503553
2017-09-20,daytime,6,0.922012628257228,0.008885884453836122,0.6405009772246991
2017-09-20,nighttime,6,0.9570070145498095,0.002732861148560854,1.1001317523056535
2017-09-21,daytime,6,0.4768885607840982,0.3388948007287075,0.12890786749481853
2017-09-21,nighttime,6,0.9957566873080713,2.6970351989036613e-5,0.6462080744213079
2017-09-22,daytime,6,0.268141584300213,0.6074273013358051,0.07249466950959402
2017-09-22,nighttime,6,0.9742933996247373,9.827501168778276e-4,1.3404710920770826
2017-09-23,daytime,6,0.8444982304368122,0.034391121884973355,0.5834296381900632
2017-09-23,nighttime,6,0.9774231572805664,7.588168763130053e-4,0.7896027464443324
2017-09-24,daytime,6,0.07941408926681728,0.881129282451133,0.08670062252403642
2017-09-24,nighttime,6,0.9600765488203531,0.002359006296950288,0.7936933223412986
2017-09-25,daytime,6,0.9821882783935295,4.7306068939964043e-4,2.702063628546862
2017-09-25,nighttime,6,-0.1527707416896556,0.7726266379601876,-0.021409305461899102
2017-09-26,daytime,6,0.9764989168868308,8.219615264729048e-4,0.7995495495495496
2017-09-26,nighttime,6,-0.9724993918174728,0.0011240260481910093,-3.2822580645159958
2017-09-27,daytime,6,0.17321780743067214,0.742771937807747,0.020145817344588385
2017-09-27,nighttime,6,0.2798796919009555,0.5911423199943446,0.02805155420773554
2017-09-28,daytime,6,0.9228900180525756,0.008689677951692258,0.20003503240497206
2017-09-28,nighttime,6,-0.826020864938703,0.04277004460172112,-0.11371841155234491
2017-09-30,daytime,6,-0.2212950799647338,0.6734759574310119,-0.027032520325206418
2017-09-30,nighttime,6,0.6616136451105126,0.15238446796232258,0.04850550603041697
2017-10-01,daytime,6,0.8581705119093032,0.028746912650962922,0.3061509502702023
2017-10-01,nighttime,6,0.642981216953888,0.168440379661995,0.1754957891877177
2017-10-02,daytime,6,0.9316701758412994,0.0068439325300683595,0.18859685951801103
2017-10-02,nighttime,6,0.5648601040254685,0.24282393560804724,0.11602434077078909
2017-10-03,daytime,6,0.1084652289093239,0.8379401873943042,0.1599999999999739
2017-10-03,nighttime,6,0.778050370834649,0.06842565569944677,0.4985337243401708
2017-10-04,daytime,6,-0.9693076405428803,0.0013985749710823748,-0.5001564945226956
2017-10-04,nighttime,6,-0.9372560247815084,0.0057817041969046995,-0.1191117092866702
2017-10-05,daytime,6,-0.29277002188456913,0.5733922538253429,-0.21428571428576965
2017-10-05,nighttime,6,0.9014497729053905,0.01408965373155433,0.5623171445289582
2017-10-06,daytime,6,-0.821275792365459,0.04505907867465922,-1.0769230769230311
2017-10-06,nighttime,6,-0.7456970384992344,0.08878210856157027,-0.5869565217391295
2017-10-07,daytime,6,-0.6469715232517828,0.16494484647467544,-3.1518987341775686
2017-10-07,nighttime,6,0.9478696871158556,0.004005520407380717,1.3571428571428303
2017-10-08,daytime,6,0.955076042775842,0.0029819109888494367,0.14087571389719195
2017-10-08,nighttime,6,-0.6002744739393322,0.20773657283092875,-2.500000000000189
2017-10-09,daytime,6,-0.9459734303658562,0.004299457066878769,-0.9163179916317965
2017-10-09,nighttime,6,-0.9853914270588923,3.185567943414458e-4,-0.5366364270760526
2017-10-10,daytime,6,-0.7011678569617689,0.12060802230503814,-1.1818181818181603
2017-10-10,nighttime,6,-0.9355190099954469,0.006102647639991177,-0.705908096280088
2017-10-11,daytime,6,0.4928662444462315,0.32056346132913466,0.06346483704974296
2017-10-11,nighttime,6,-0.862006046374189,0.027249633569081288,-0.29566563467490964
2017-10-12,daytime,6,-0.8654865109598348,0.025923882721264214,-0.14067319297304892
2017-10-12,nighttime,6,-0.3076976944152381,0.553019539709404,-0.10924369747897324
2017-10-13,daytime,6,-0.9199686859383256,0.009351216112981663,-0.2021116138763308
2017-10-13,nighttime,6,-0.8571428571428608,0.0291545189504359,-0.8571428571428862
2017-10-14,daytime,6,0.05599656564929014,0.9160929433718699,0.03370786516853746
2017-10-14,nighttime,6,-0.5813183589761798,0.2262452187420501,-0.4666666666666513
2017-10-15,daytime,6,-0.771717481459921,0.0722211294322261,-0.10045385779123364
2017-10-15,nighttime,6,-0.9714918741830441,0.0012074853907778486,-0.47667560321715635
2017-10-16,daytime,6,-0.8816010146495332,0.020197602181735268,-0.11624365482233924
2017-10-16,nighttime,6,-0.6814104642885714,0.13608063219839092,-0.14009661835747325
2017-10-17,daytime,6,-0.9077982100891013,0.012359843546097907,-0.1623837616238396
2017-10-17,nighttime,6,-0.5830992275818009,0.22447940028353885,-0.20430107526880512
2018-03-13,daytime,6,-0.9531667765149021,0.0032386653883935924,-0.17142017053808425
2018-03-13,nighttime,6,-0.924937149043607,0.008240179141081484,-0.24443106562310732
2018-03-15,daytime,6,-0.9249428341089598,0.00823894702245048,-0.10461271613637847
2018-03-15,nighttime,6,NA,NA,-0
2018-03-16,daytime,6,-0.8811736555580939,0.020340654024404263,-0.26798418972331495
2018-03-16,nighttime,6,NA,NA,-0
2018-03-17,daytime,6,0.804136432390487,0.053786893983972184,0.7264150943396489
2018-03-17,nighttime,6,-0.8762262903202236,0.022031794453020382,-0.25592417061609235
2018-03-18,daytime,6,0.8889535226848243,0.01781230535595068,0.33484676503972444
2018-03-18,nighttime,6,NA,NA,-3.026899379223352e-14
2018-03-19,daytime,6,-0.7119032818596309,0.11254360517917215,-0.11518324607330747
2018-03-19,nighttime,6,-0.7965662348464572,0.057868361831347276,-0.5076142131979527
2018-03-20,daytime,6,-0.9771313959812321,7.784797428570027e-4,-0.2517162471395973
2018-03-20,nighttime,6,0.8313702367707411,0.040256417845542694,0.5000000000000235
2018-03-21,daytime,6,NA,NA,-4.398138266302914e-15
2018-03-21,nighttime,6,-0.6724387801454328,0.1433714670321223,-0.04347826086955664
2018-03-22,daytime,6,-0.9600744195254813,0.0023592562391121833,-0.1404467058251347
2018-03-22,nighttime,6,0.7612020568998515,0.0787280248492057,0.6240000000000221
2018-03-23,daytime,6,-0.9210668829533842,0.009099761544870275,-0.13051756967284134
2018-03-23,nighttime,6,0.8927389084277044,0.016640396341810727,0.5374999999999841
2018-03-24,daytime,6,-0.8454889030309712,0.03396614445768248,-0.3762376237623618
2018-03-24,nighttime,6,0.016609095970744694,0.975088646953672,0.0013793103448399315
2018-03-25,daytime,6,-0.9925532963401773,8.297362059459762e-5,-0.883248730964437
2018-03-25,nighttime,6,-0.9432499871955454,0.0047394624071648095,-0.24244312870051948
2018-03-26,daytime,6,NA,NA,-1.8320706768983646e-14
2018-03-26,nighttime,6,-0.7576684191960891,0.08097148060651911,-0.3959044368600428
2018-03-27,daytime,6,-0.9262006476082305,0.00796854827485949,-0.10858208955224548
2018-03-27,nighttime,6,-0.5136098017959843,0.2973291534575828,-0.303167420814419
2018-03-28,daytime,6,-0.9338967554608114,0.006410034752258274,-0.12056555269923082
2018-03-28,nighttime,6,0.7859052479933774,0.06384816047847797,0.47058823529413696
2018-03-29,daytime,6,-0.8198132663342589,0.045775803809527685,-0.06098964326812449
2018-03-29,nighttime,6,0.5794859316747624,0.22806793345464738,0.09503885236102827
2018-03-31,daytime,6,0.9292054027029606,0.007340405673282609,0.19587628865979242
2018-03-31,nighttime,6,NA,NA,9.069431762809545e-15
2018-04-01,daytime,6,0.7168658237266919,0.10889872245202058,0.09560867148415285
2018-04-01,nighttime,6,-0.9717518421351176,0.001185667206391121,-0.23799472295514193
2018-04-02,daytime,6,0.8783100656536798,0.021311641128756765,0.25714285714284196
2018-04-02,nighttime,6,-0.9292191689375294,0.007337585704296051,-0.1744260204081553
2018-04-03,daytime,6,0.839841254841256,0.03642213361213317,0.638888888888879
2018-04-03,nighttime,6,-0.8383073406122689,0.03710308598151804,-0.2742474916387797
2018-04-04,daytime,6,-0.9638225478890532,0.001939537391742583,-0.1028185788011134
2018-04-04,nighttime,6,-0.9765555300042627,8.18021713628197e-4,-0.2423605805958727
2018-04-05,daytime,6,-0.9687552507360507,0.0014491004360036926,-0.13860998826444415
2018-04-05,nighttime,6,0.9253738068343604,0.008145803861074932,0.3176248821866165
2018-04-06,daytime,6,0.2552579607103826,0.6254289327387739,0.1566265060240983
2018-04-06,nighttime,6,-0.7356469741582813,0.09558695529952461,-0.11764705882351809
2018-04-07,daytime,6,-0.8867963503478652,0.0184972433043056,-0.06990291262136
2018-04-07,nighttime,6,-0.9710504052701855,0.0012449875283230551,-0.22356776897996467
2018-04-08,daytime,6,NA,NA,NA
2018-04-08,nighttime,6,NA,NA,9.61584056935615e-15
2018-04-09,daytime,6,0.9791577550225248,6.470718365326487e-4,0.21760391198044382
2018-04-09,nighttime,6,-0.6052574936862544,0.20297775583889258,-0.33333333333329507
2018-04-10,daytime,6,-0.9341394212245929,0.006363584810194435,-0.11743721798294574
2018-04-10,nighttime,6,-0.9361032329849552,0.005993756493395289,-0.14053695724228787
2018-04-11,daytime,6,-0.8978879234886431,0.015107959265596568,-0.1380484114977311
2018-04-11,nighttime,6,0.9486908272531609,0.003881407747233369,0.2510000000000036
2018-04-12,daytime,6,-0.9007485019715253,0.0142874334923132,-0.08285440613026733
2018-04-12,nighttime,6,NA,NA,-0
2018-04-13,daytime,6,-0.7873118114520621,0.06304378863368687,-0.042618004583830506
2018-04-13,nighttime,6,NA,NA,2.9472441324017323e-14
2018-04-14,daytime,6,-0.9886739798155366,1.9169165606747098e-4,-0.3309709425939033
2018-04-14,nighttime,6,-0.9340623148159864,0.006378326271837272,-0.09183920083782703
2018-04-15,daytime,6,0.9145214565146732,0.010647594126749886,0.5729323308270661
2018-04-15,nighttime,6,-0.9967505262231003,1.582146401363535e-5,-0.2886377730310696
2018-04-16,daytime,6,-0.9884317543603479,1.9996240453999062e-4,-0.13378152597660936
2018-04-16,nighttime,6,-0.9248802912241387,0.008252506814054771,-0.16056118472330147
2018-04-17,daytime,6,-0.9605504448186658,0.002303704077592091,-0.10942200544707101
2018-04-17,nighttime,6,0.8867495623482363,0.01851223654618391,0.16666666666667337
2018-04-18,daytime,6,0.9432509994861318,0.004739294956323314,0.6220183486238593
2018-04-18,nighttime,6,NA,NA,4.0362203598569415e-15
2018-04-19,daytime,6,-0.8882509251936727,0.018034030418588837,-0.07789388818257918
2018-04-19,nighttime,6,-0.9288717033221408,0.007408924513060827,-0.24137931034482069
2018-04-20,daytime,6,-0.9757957984680827,8.716751221779341e-4,-0.1417258328782109
2018-04-20,nighttime,6,0.8795779038849016,0.020879072465719982,0.17583120204603508
2018-04-21,daytime,6,NA,NA,-1.0877919644083197e-14
2018-04-21,nighttime,6,NA,NA,6.506419226368126e-15
2018-04-22,daytime,6,-0.8927232464653594,0.016645166142872973,-0.08520900321543393
2018-04-22,nighttime,6,NA,NA,-0
2018-04-23,daytime,6,-0.9873901055744676,2.3751161002532524e-4,-0.12242111650485768
2018-04-23,nighttime,6,NA,NA,7.966451624527081e-15
2018-04-24,daytime,6,-0.801046324300419,0.05543629920397873,-0.0975783475783525
2018-04-24,nighttime,6,NA,NA,-6.781040817091423e-15
2018-04-25,daytime,6,NA,NA,2.024863849562346e-15
2018-04-25,nighttime,6,-0.6960909328175379,0.12450645137428323,-0.0757097791798103
2018-04-26,daytime,6,-0.7261471873224634,0.10222419896787475,-0.05694433351968637
2018-04-26,nighttime,6,-0.9317968699268471,0.006818871304578659,-0.10193974411885787
2018-04-27,daytime,6,-0.8878752331999322,0.01815313076665846,-0.0598464671784439
2018-04-27,nighttime,6,-0.6965517241379321,0.1241503956701783,-0.024019024970269143
2018-04-28,daytime,6,-0.5568067072763837,0.25110436348651455,-0.024095884139999496
2018-04-28,nighttime,6,NA,NA,-0
2018-04-29,daytime,6,-0.5490517009668248,0.25918039933569187,-0.022722947512655748
2018-04-29,nighttime,6,-0.8762490196814384,0.022023877558352042,-0.08197573656845926
2018-04-30,daytime,6,-0.5345642553834187,0.2745318752525625,-0.02364901598347413
2018-04-30,nighttime,6,NA,NA,4.158916076728294e-15
2018-05-01,daytime,6,0.9662054807130945,0.0016938064553054858,0.19616685456595084
2018-05-01,nighttime,6,0.8888534079722639,0.01784381905897878,0.17556897352531395
2018-05-02,daytime,6,-0.670902170243549,0.14463653931601742,-1.1529126213591996
2018-05-02,nighttime,6,0.9604544744405115,0.0023148512804356132,0.2799227799227794
2018-05-03,daytime,6,NA,NA,0
2018-05-03,nighttime,6,-0.9912268968562103,1.1511338695648429e-4,-0.9655172413792987
2018-05-04,daytime,6,-0.937050751678288,0.0058191902031781316,-0.3600734843845739
2018-05-04,nighttime,6,NA,NA,-0
2018-05-05,daytime,6,NA,NA,0
2018-05-05,nighttime,6,-0.9668011777390196,0.001634947462431758,-0.5224274406332337
2018-05-06,daytime,6,-0.5751611839968571,0.2323928711032414,-0.025446952890512988
2018-05-06,nighttime,6,-0.8946481190484877,0.016063876975329655,-0.17786561264821465
2018-05-07,daytime,6,-0.444594164659053,0.3770488771017141,-0.03234501347708885
2018-05-07,nighttime,6,NA,NA,-0
2018-05-08,daytime,6,NA,NA,0
2018-05-08,nighttime,6,NA,NA,3.744690766158076e-15
2018-05-09,daytime,6,0.9236501811984977,0.008521409444488804,0.07973174366616925
2018-05-09,nighttime,6,0.7489474105994193,0.0866295076485278,0.09951845906901832
2018-05-10,daytime,6,0.9849817611901828,3.366275823369848e-4,0.32963875205254495
2018-05-10,nighttime,6,NA,NA,2.754163877765287e-15
2018-05-11,daytime,6,0.9823984579248761,4.6199482056096767e-4,0.5903766444404357
2018-05-11,nighttime,6,0.9584532747026239,0.002553338041979806,0.12318029115341704
2018-05-12,daytime,6,-0.773520392895216,0.07113110799983118,-1.2124789207419806
2018-05-12,nighttime,6,0.9797807426142171,6.090945519330287e-4,0.22444032511050796
2018-05-13,daytime,6,0.9842938993086712,3.6808519537352377e-4,0.3474440894568664
2018-05-13,nighttime,6,0.8668214843753375,0.025423714031179538,0.15810276679842555
2018-05-14,daytime,6,0.9764675385792733,8.241492458860185e-4,0.2280082041932531
2018-05-14,nighttime,6,0.9790767925239725,6.520910293499834e-4,0.5321747299201397
2018-05-15,daytime,6,-0.7556347777404073,0.08227548612219007,-0.16147075004585018
2018-05-15,nighttime,6,0.9435123497113869,0.004696160012317505,0.2624076029567074
2018-05-16,daytime,6,-0.05542815283949217,0.9169429161469898,-0.003996274150416996
2018-05-16,nighttime,6,0.8953927915018818,0.015841661124503168,0.14679531357684286
2018-05-18,daytime,6,0.653331174394773,0.15943770796786444,1.6548672566371205
2018-05-18,nighttime,6,0.9819411725614773,4.8623718900657546e-4,0.29699248120300986
2018-05-19,daytime,6,-0.930353601565663,0.007107017087348298,-3.5227272727272663
2018-05-19,nighttime,6,0.9543461943235417,0.0030788275309592576,0.2551219512195154
2018-05-20,daytime,6,-0.9172207565371788,0.009994986348157214,-0.4211287988422486
2018-05-20,nighttime,6,0.9798230877602238,6.06554592246872e-4,0.2686682063125476
2018-05-21,daytime,6,0.9882691289442147,2.0561284144270385e-4,0.2825667655786325
2018-05-21,nighttime,6,NA,NA,1.1369885859143213e-14
2018-05-22,daytime,6,-0.9373563459620899,0.005763427115301167,-0.07915647921760685
2018-05-22,nighttime,6,0.9597160949116615,0.0024015032939697554,0.6501976284584976
2018-05-23,daytime,6,-0.9771102352129911,7.799155510809983e-4,-0.27072450601862685
2018-05-23,nighttime,6,0.2927700218845594,0.5733922538253562,0.3000000000001119
2018-05-24,daytime,6,NA,NA,-3.639945647036078e-15
2018-05-24,nighttime,6,NA,NA,6.9618685722138205e-15
2018-05-25,daytime,6,-0.8964794851722744,0.015520056842508541,-0.06957024474850863
2018-05-25,nighttime,6,-0.898630072795922,0.014892961513425706,-0.22087965200578827
2018-05-26,daytime,6,-0.9331379781174391,0.00655634061898819,-0.06871421134825888
2018-05-26,nighttime,6,NA,NA,6.721476926830753e-15
2018-05-27,daytime,6,NA,NA,-2.167985847575329e-15
2018-05-27,nighttime,6,NA,NA,3.9580830084045e-15
2018-05-28,daytime,6,0.9589340383852506,0.0024949927150785403,0.11102702702702644
2018-05-28,nighttime,6,-0.4299223850825523,0.3948483997641124,-0.034170854271353475
2018-05-29,daytime,6,0.6778594177201467,0.1389468343806474,0.15650319829423884
2018-05-29,nighttime,6,NA,NA,2.639335009494524e-15
2018-05-30,daytime,6,0.9972974792050745,1.0945558879871352e-5,0.2943210775391344
2018-05-30,nighttime,6,0.6652349679657122,0.14934327869279354,0.04707846410684866
2018-05-31,daytime,6,0.9943668426281331,4.7509315988273005e-5,0.4561056105610589
2018-05-31,nighttime,6,0.9923996446543074,8.642858328260638e-5,0.2963286713286678
2018-06-01,daytime,6,0.9977883741904849,7.331524231780922e-6,0.6616306329773363
2018-06-01,nighttime,6,0.9592449114269969,0.002457619229529424,0.2898383371824488
2018-06-02,daytime,6,0.9988072482035295,2.1331368337197667e-6,0.7493629413906057
2018-06-02,nighttime,6,0.9891450430107984,1.7610561656991586e-4,0.2983606557377037
2018-06-03,daytime,6,0.9947239007855148,4.168239840664394e-5,0.4870620563315771
2018-06-03,nighttime,6,0.9974895712539865,9.445468055310137e-6,0.351367244927966
2018-06-04,daytime,6,0.9783132708230778,7.00371545005202e-4,0.2843676355066767
2018-06-04,nighttime,6,0.9744959098687497,9.673932425827168e-4,0.16542155816435314
2018-06-05,daytime,6,0.7711380692654034,0.07257303469800504,0.08548150126886361
2018-06-05,nighttime,6,0.9213831127829325,0.009027972079099429,0.14764292878635846
2018-06-06,daytime,6,0.7020364609478829,0.11994646612949951,0.025939746973696724
2018-06-06,nighttime,6,0.799139523613764,0.056465545433544186,0.1362397820163509
2018-06-07,daytime,6,-0.8558655301559464,0.029664939638852382,-1.4342105263158198
2018-06-07,nighttime,6,-0.410993356155766,0.41822154786634574,-0.041959910913136944
2018-06-08,daytime,6,0.986897429407025,2.563913268767962e-4,0.13113536369350268
2018-06-08,nighttime,6,-0.8016641306757524,0.055104694936445126,-0.3709634516146159
2018-06-09,daytime,6,0.9207451500571264,0.009173083876788377,0.058005427408410366
2018-06-09,nighttime,6,-0.9463769486177745,0.0042360527500346044,-0.31645569620252684
2018-06-10,daytime,6,0.985326379644044,3.2139297525691227e-4,0.20218470705064548
2018-06-10,nighttime,6,-0.9071895675128185,0.012520940412170244,-0.11577270313329269
2018-06-11,daytime,6,NA,NA,-3.2111939908735555e-15
2018-06-11,nighttime,6,0.8293114220627466,0.041215415034949986,0.08629006324364971
2018-06-12,daytime,6,-0.6620161475585736,0.15204515777704927,-0.06742544301974253
2018-06-12,nighttime,6,-0.8709495172908752,0.023906435513843503,-0.15428197864458124
2018-06-13,daytime,6,NA,NA,-5.3604842641213935e-15
2018-06-13,nighttime,6,-0.9501566053688693,0.0036646314151924865,-0.15338793745345772
2018-06-14,daytime,6,0.9143889437015172,0.010680146896897587,0.06836096116179824
2018-06-14,nighttime,6,-0.8065648572073959,0.05250683539216529,-0.10688872066615908
2018-06-15,daytime,6,0.9681883980822509,0.0015018707039536358,0.14775378611122644
2018-06-15,nighttime,6,0.6403183438736857,0.17079017197070384,0.05913570887035793
2018-06-16,daytime,6,0.9942194140875338,5.0026180596530635e-5,0.3182144566778379
2018-06-16,nighttime,6,0.9837878808800858,3.9211867115477835e-4,0.2015470562956606
2018-06-17,daytime,6,0.9968838752808681,1.4550220748824117e-5,0.4854847267490354
2018-06-17,nighttime,6,0.9663861267730081,0.001675848678801268,0.3039483129935382
2018-06-18,daytime,6,0.7755702178229786,0.06990096946309962,0.38429752066115325
2018-06-18,nighttime,6,0.9815671108930497,5.06525616967093e-4,0.3547745358090159
2018-06-19,daytime,6,0.9856073302399033,3.092327010721969e-4,0.6767605633802912
2018-06-19,nighttime,6,-0.8800514860876467,0.02071858060708732,-0.7945205479452013
2018-06-20,daytime,6,-0.5876372437654456,0.22000485520484328,-0.23668639053254495
2018-06-20,nighttime,6,0.9938665351319425,5.631371832413414e-5,0.5243999999999924
2018-06-21,daytime,6,0.9345134369720951,0.006292315672527895,0.42857142857142466
2018-06-21,nighttime,6,-0.966456442354381,0.0016688842825566918,-0.19873150105708073
2018-06-22,daytime,6,0.7542206298325521,0.08318778969564497,0.09480812641083192
2018-06-22,nighttime,6,-0.9259811657765605,0.008015414986006037,-0.257792754844137
2018-06-23,daytime,6,NA,NA,-3.877278288980493e-15
2018-06-23,nighttime,6,0.85762236971307,0.02896398820181121,0.3044354838709628
2018-06-24,daytime,6,-0.9265668700192005,0.007890645560663007,-0.0684714119019848
2018-06-24,nighttime,6,-0.7907457305663517,0.06109967902270018,-0.10780669144979721
2018-06-25,daytime,6,0.9949039590362498,3.888827909825401e-5,1.964863713798976
2018-06-25,nighttime,6,-0.9052462092894358,0.013042058208540801,-0.18478260869564553
2018-06-26,daytime,6,-0.9727909800403369,0.0011004243134377352,-0.20384615384615756
2018-06-26,nighttime,6,-0.977357880408164,7.631944517344217e-4,-0.49238578680200834
2018-06-27,daytime,6,-0.7052435189724402,0.11751764928580145,-0.026315789473681656
2018-06-27,nighttime,6,NA,NA,-2.900778571755796e-14
2018-06-28,daytime,6,0.9124211282466753,0.011169220619366633,0.2881773399014803
2018-06-28,nighttime,6,NA,NA,-4.3679677335318276e-15
2018-06-29,daytime,6,0.9067416672502813,0.012640135642691959,0.12687969924811793
2018-06-29,nighttime,6,-0.7613413942265833,0.07864014507070491,-0.13173652694609975
2018-06-30,daytime,6,NA,NA,-2.9487253250079235e-15
2018-06-30,nighttime,6,0.5199999999999988,0.29030400000000156,0.6499999999999735
2018-07-01,daytime,6,0.9825964619097238,4.5168908797447776e-4,2.907894736842065
2018-07-01,nighttime,6,-0.770180357422081,0.07315640231390323,-0.12428486881041036
2018-07-02,daytime,6,0.9646151585254382,0.0018559780591567844,0.09679514941532974
2018-07-02,nighttime,6,-0.8931977372352654,0.01650095306622443,-3.142857142856592
2018-07-03,daytime,6,NA,NA,0
2018-07-03,nighttime,6,-0.9182115943966707,0.009760459575544457,-0.37708830548925043
2018-07-04,daytime,6,NA,NA,0
2018-07-04,nighttime,6,NA,NA,-0
2018-07-05,daytime,6,0.7549354507159421,0.08272607408617055,0.15432354158046943
2018-07-05,nighttime,6,-0.6195134026850522,0.18961354410557577,-0.08343409915356392
2018-07-06,daytime,6,NA,NA,-6.352069865158661e-15
2018-07-06,nighttime,6,-0.849590790485746,0.032233046927890516,-0.1578947368420989
2018-07-07,daytime,6,NA,NA,-1.3835901485962004e-15
2018-07-07,nighttime,6,0.6696867594772404,0.14564053887299486,0.16308376575241326
2018-07-08,daytime,6,NA,NA,-4.3313159926672644e-15
2018-07-08,nighttime,6,-0.8435911187183319,0.03478243425815602,-0.16912057302028752
2018-07-09,daytime,6,-0.872028435175858,0.023517204772959377,-0.08192516596258402
2018-07-09,nighttime,6,NA,NA,7.459144898800602e-15
2018-07-10,daytime,6,NA,NA,-3.4819065462245516e-15
2018-07-10,nighttime,6,NA,NA,8.653520981525398e-15
2018-07-11,daytime,6,NA,NA,-4.023340142332487e-15
2018-07-11,nighttime,6,NA,NA,2.4500840908469087e-15
2018-07-12,daytime,6,0.7963474612233433,0.05798835582248048,0.08526645768024847
2018-07-12,nighttime,6,NA,NA,2.226404020591187e-15
2018-07-13,daytime,6,0.8945093352064527,0.016105455691358798,0.2909625275532677
2018-07-13,nighttime,6,0.6904539373355215,0.12889798666282246,0.021474172954149575
2018-07-14,daytime,6,0.9713518583002893,0.0012193180398111904,0.1327923275544051
2018-07-14,nighttime,6,NA,NA,2.4219134336213174e-15
2018-07-15,daytime,6,0.8767080593199742,0.021864279561890333,0.08037825059101542
2018-07-15,nighttime,6,NA,NA,3.781441783600099e-15
2018-07-16,daytime,6,0.9570712263263412,0.0027247631328623794,0.11282801499496803
2018-07-16,nighttime,6,0.8758231444202889,0.022172440374951686,0.2105263157894755
2018-07-17,daytime,6,0.41077970726079865,0.4184879164168201,0.2589285714285634
2018-07-17,nighttime,6,0.7682228405877086,0.07435536742010941,0.09922010398613902
2018-07-18,daytime,6,0.9118276994059573,0.011318790523062042,0.13663806800127098
2018-07-18,nighttime,6,NA,NA,6.14506113356657e-15
2018-07-19,daytime,6,-0.7903214490757141,0.061338373400733476,-0.0718575567017608
2018-07-19,nighttime,6,0.9350114070817633,0.006198035593932988,0.21642580190342187
2018-07-20,daytime,6,0.7817385623736779,0.06625830753016893,0.07855737704918211
2018-07-20,nighttime,6,NA,NA,3.690722736385702e-15
2018-07-21,daytime,6,0.9859210351536049,2.959305298636293e-4,0.17603066280265628
2018-07-21,nighttime,6,0.6747328559815408,0.1414916495360412,0.01912875743449759
2018-07-22,daytime,6,0.9837582718217325,3.9354836826195535e-4,0.14142625379135151
2018-07-22,nighttime,6,NA,NA,4.98463143595264e-15
2018-07-23,daytime,6,0.9669580955838789,0.0016196141333445825,0.2113012335853552
2018-07-23,nighttime,6,0.8273361330915324,0.04214541879388565,0.11049339819319577
2018-07-24,daytime,6,0.9931482139404262,7.025962300440404e-5,0.31396226415094275
2018-07-24,nighttime,6,0.8289262294072193,0.041396009892292314,0.09143476689555602
2018-07-25,daytime,6,0.9975787266002444,8.786749878351546e-6,0.682863820888182
2018-07-25,nighttime,6,0.993775435987169,5.799720974482155e-5,0.31256281407035097
2018-07-26,daytime,6,0.991638337557795,1.0458378535228345e-4,0.5082543978349167
2018-07-26,nighttime,6,0.9756051585767499,8.854036459397686e-4,0.4180174031735222
2018-07-27,daytime,6,0.997069249609928,1.2871360229350007e-5,0.4953923485060083
2018-07-27,nighttime,6,0.9810837608208044,5.333518138526545e-4,0.31447587354409406
2018-07-28,daytime,6,0.9991002208504616,1.2140395451836525e-6,1.3534932221063836
2018-07-28,nighttime,6,0.9911921728304836,1.1602508315916498e-4,0.4299151888974563
2018-07-29,daytime,6,-0.7844840219816052,0.06466565511705791,-0.5105148658448186
2018-07-29,nighttime,6,0.9860660050746667,2.898816360144881e-4,0.5156219677857588
2018-07-30,daytime,6,0.969999868789725,0.0013365116318159317,0.19120900259690193
2018-07-30,nighttime,6,-0.599190146416789,0.20877804945084946,-0.07890743550834191
2018-07-31,daytime,6,0.885083120385503,0.019050044039631512,0.1150524942535866
2018-07-31,nighttime,6,0.8354685765621658,0.03837890265242988,0.08803701255783257
2018-08-01,daytime,6,0.9984752360986636,3.4855849666533305e-6,0.46915425745989703
2018-08-01,nighttime,6,0.8546203629950156,0.030166541607123783,0.10288420146362472
2018-08-02,daytime,6,0.9980509235669683,5.694646240499801e-6,0.6744840525328334
2018-08-02,nighttime,6,0.9906682181378502,1.3021691325747323e-4,0.4630508474576276
2018-08-03,daytime,6,0.9964399010856572,1.898889553140428e-5,0.5954047054934173
2018-08-03,nighttime,6,0.9977855400398769,7.350319701662346e-6,0.7728813559322032
2018-08-04,daytime,6,0.9976000262344298,8.632899339800752e-6,1.0496969696969687
2018-08-04,nighttime,6,0.9905572448072908,1.3332745385694327e-4,0.5361827560795859
2018-08-05,daytime,6,0.9946495139687727,4.286496509899914e-5,0.9076641081452795
2018-08-05,nighttime,6,0.9970764079458443,1.2808591207209938e-5,0.8258096172718279
2018-08-06,daytime,6,0.9583159786658324,0.002570122257126266,0.8716208025215226
2018-08-06,nighttime,6,0.9965717557497141,1.7609142124399252e-5,0.8331939799331072
2018-08-07,daytime,6,0.9975430950991224,9.047157130053152e-6,0.8757590912338419
2018-08-07,nighttime,6,0.9929507888486754,7.436192427648578e-5,0.6912991656734245
2018-08-08,daytime,6,0.992084243378026,9.374080684735268e-5,0.6313242046911826
2018-08-08,nighttime,6,0.9932986100757212,6.721246526587084e-5,0.7134242641780328
2018-08-09,daytime,6,0.9979091056158796,6.553188461171992e-6,0.8413550536838224
2018-08-09,nighttime,6,0.980456911180456,5.691664122805267e-4,0.6353604708190225
2018-08-10,daytime,6,0.9971746576550627,1.1962562317644408e-5,1.2469778005714807
2018-08-10,nighttime,6,0.9881595618921398,2.0946397099907293e-4,0.8437115707098903
2018-08-11,daytime,6,0.9801175878390553,5.890356087158928e-4,1.203657670454559
2018-08-11,nighttime,6,0.985275310709618,3.236284344359493e-4,0.818551822053943
2018-08-12,daytime,6,0.9876489130566628,2.278819478884514e-4,1.396370967741945
2018-08-12,nighttime,6,0.9891423476951073,1.7619292357246488e-4,1.01648552936866
2018-08-13,daytime,6,0.9915383443903092,1.0709649784077938e-4,1.3877589102444556
2018-08-13,nighttime,6,0.9948476297121035,3.975198959554921e-5,1.196825396825384
2018-08-14,daytime,6,0.9869134343971339,2.557667080872383e-4,3.152573529411796
2018-08-14,nighttime,6,0.9921763337751036,9.157518745850998e-5,1.4690318701142346
2018-08-15,daytime,6,0.9778488231930247,7.305774406153365e-4,1.6842402029884365
2018-08-15,nighttime,6,0.9963608120156743,1.9841435640615184e-5,0.9548693586698298
2018-08-16,daytime,6,0.9956076930681632,2.8896171291509333e-5,1.0654540246347817
2018-08-16,nighttime,6,0.9718589476916422,0.0011767355229931433,1.5301724137931076
2018-08-17,daytime,6,0.9850681152508094,3.3277715790686426e-4,1.0575345207124303
2018-08-17,nighttime,6,0.9870839777566033,2.491580970261529e-4,0.8457115476760855
2018-08-18,daytime,6,0.9855447410214042,3.1192152241355767e-4,0.7378652875568565
2018-08-18,nighttime,6,0.9763164427393124,8.347241442545635e-4,1.196459166190747
2018-08-19,daytime,6,-0.9858783011814973,2.9772547490424336e-4,-0.5840309079201484
2018-08-19,nighttime,6,0.982140621711583,4.755878989047829e-4,0.3573369565217361
2018-08-20,daytime,6,0.7672136074720222,0.07497696718119166,2.023136246786578
2018-08-20,nighttime,6,-0.1422466650307642,0.788069120051573,-0.013795986622069848
2018-08-21,daytime,6,-0.3238571642238117,0.5311978840855645,-0.044117647058827224
2018-08-21,nighttime,6,-0.9448795793790122,0.004473656048368179,-0.9872611464968039
2018-08-22,daytime,6,0.9821077708990307,4.7733385699184476e-4,0.15013586956521496
2018-08-22,nighttime,6,-0.9378429418739485,0.005675177919181411,-0.2826747720364657
2018-08-23,daytime,6,0.9849697525984414,3.371647763308558e-4,0.6684210526315914
2018-08-23,nighttime,6,NA,NA,6.445280543623815e-15
2018-08-24,daytime,6,0.9942765416690016,4.904321844678916e-5,0.2450980392156862
2018-08-24,nighttime,6,0.9514959473456102,0.0034719083228704224,0.5630252100840449
2018-08-25,daytime,6,0.9883653940142041,2.0225863093638953e-4,0.2863396298234769
2018-08-25,nighttime,6,0.963290761673511,0.0019966181670533737,0.38804307463795523
2018-08-26,daytime,6,0.9957245659105924,2.737992892977358e-5,0.5621555419473375
2018-08-26,nighttime,6,0.986398773207742,2.762319869897053e-4,0.6442363955529524
2018-08-27,daytime,6,0.9864226644951304,2.752646086819808e-4,0.4085239085239078
2018-08-27,nighttime,6,0.9872298470564324,2.435739514247898e-4,0.5833333333333239
2018-08-28,daytime,6,-0.9542491580876614,0.0030918278555328365,-0.6179401993355349
2018-08-28,nighttime,6,0.9803955749449643,5.727329041383248e-4,0.5051317614424383
2018-08-29,daytime,6,0.995612710538314,2.8830239279709457e-5,0.482806453968022
2018-08-29,nighttime,6,-0.6646844618538739,0.14980391073388585,-0.03111305872041656
2018-08-30,daytime,6,0.9887417023182516,1.894104095486157e-4,0.9807052561543635
2018-08-30,nighttime,6,0.9823021666789489,4.6704835796319936e-4,0.3007733491969073
2018-08-31,daytime,6,0.9751119147074417,9.214171353497521e-4,0.822350915636254
2018-08-31,nighttime,6,0.9957779567756664,2.6700843151947388e-5,0.7904360056258695
2018-09-01,daytime,6,0.9382118216507701,0.005608721671202458,0.4167709637046397
2018-09-01,nighttime,6,0.9761870601839535,8.438325176012247e-4,1.5882352941176074
2018-09-02,daytime,6,0.9898347367414139,1.5447366424975372e-4,0.9576449384199532
2018-09-02,nighttime,6,0.9508920990977996,0.003558164935071662,0.5781758957654688
2018-09-03,daytime,6,0.9965095870436994,1.8253212088100174e-5,0.9809344790547806
2018-09-03,nighttime,6,0.9750255249607667,9.27798010454833e-4,1.1055045871559532
2018-09-04,daytime,6,-0.6546536707079766,0.1583024233754583,-0.9999999999999291
2018-09-04,nighttime,6,0.9958133000571541,2.6255991423411045e-5,0.6582611968385403
2018-09-05,daytime,6,-0.8075613509106228,0.05198569549781879,-0.9305263157894764
2018-09-05,nighttime,6,0.6603209524272053,0.15347638367201458,1.0339174674957607
2018-09-06,daytime,6,0.974319264530011,9.807820366602815e-4,0.30476023186369233
2018-09-06,nighttime,6,-0.9965137468078866,1.820975608605773e-5,-0.5099999999999865
2018-09-07,daytime,6,NA,NA,NA
2018-09-07,nighttime,6,-0.9714387747091228,0.001211966066945918,-0.705479452054758
2018-09-08,daytime,6,NA,NA,-2.6791589792965764e-15
2018-09-08,nighttime,6,-0.9034718915099157,0.01352680478620382,-0.2487046632124205
2018-09-09,daytime,6,0.8955134106498174,0.015805807611833967,0.10115341431050333
2018-09-09,nighttime,6,-0.8104504658565879,0.050488373780761125,-0.08652849740932424
2018-09-10,daytime,6,0.9652899207548258,0.0017862752305435946,0.1602346403210859
2018-09-10,nighttime,6,NA,NA,5.08558635818304e-15
2018-09-11,daytime,6,0.992987655536777,7.358705338730206e-5,0.2555963684246964
2018-09-11,nighttime,6,0.7730344452996707,0.07142416502443681,0.10386869871043786
2018-09-12,daytime,6,0.9995147307651396,3.531722083415517e-7,0.4655749906959474
2018-09-12,nighttime,6,0.9736181647992541,0.0010348209479832888,0.23120300751879683
2018-09-13,daytime,6,0.9853377433512159,3.2089659610868974e-4,0.628793541635522
2018-09-13,nighttime,6,0.9846857745443082,3.4999246376057154e-4,0.44421487603305265
2018-09-14,daytime,6,0.9844805301962054,3.594119517386524e-4,0.34607645875251597
2018-09-14,nighttime,6,0.9622433981764101,0.002111429302725228,0.7350993377483406
2018-09-15,daytime,6,0.9898429218364831,1.5422542146407853e-4,0.5389315642458096
2018-09-15,nighttime,6,0.9929977413975664,7.337577224218554e-5,0.6217228464419436
2018-09-16,daytime,6,0.9951354871751174,3.543767187198253e-5,0.8067106051527878
2018-09-16,nighttime,6,0.9911921728304832,1.1602508315917387e-4,0.4299151888974552
2018-09-17,daytime,6,0.9860599499908839,2.901330413160087e-4,0.6947651006711463
2018-09-17,nighttime,6,0.9902889170745411,1.4099979490114786e-4,0.5297651556526444
2018-09-18,daytime,6,0.7938758097279588,0.059351954748646636,0.8716735659373099
2018-09-18,nighttime,6,0.9875858395821506,2.3021048663033036e-4,0.7621237458193985
2018-09-19,daytime,6,0.9783893417071738,6.954845169930722e-4,0.6795781279427482
2018-09-19,nighttime,6,0.9810682080496733,5.342264219016094e-4,0.29053084648493577
2018-09-20,daytime,6,0.9812119015572899,5.261729343754581e-4,0.5159183673469403
2018-09-20,nighttime,6,0.9854347627070108,3.166742266856066e-4,0.46461857093544096
2018-09-21,daytime,6,0.9771315420416098,7.784698368759145e-4,3.1186650185415696
2018-09-21,nighttime,6,0.9526817440143429,0.0033055528262357073,0.1871742778906439
2018-09-22,daytime,6,0.9988699151267305,1.9149161201146325e-6,0.7536475145255045
2018-09-22,nighttime,6,0.9876211619468921,2.2890500778417652e-4,0.22668112798264498
2018-09-23,daytime,6,0.9936190593488634,6.0944700912562275e-5,0.5182077142197239
2018-09-23,nighttime,6,0.9926635042867304,8.053881363237722e-5,0.3980609418282607
2018-09-24,daytime,6,0.9947807349553307,4.079000312106608e-5,0.7380222475256221
2018-09-24,nighttime,6,0.9869374821725947,2.548296333801643e-4,0.5128545364073647
2018-09-25,daytime,6,0.9812674939042921,5.230734951975867e-4,1.6279720279720333
2018-09-25,nighttime,6,0.999414134938071,5.147562606454537e-7,0.6989837956605374
2018-09-26,daytime,6,0.9853321247260253,3.2114197608840985e-4,0.17776664997496291
2018-09-26,nighttime,6,0.9925856316564119,8.225549239278904e-5,0.5247805154347187
2018-09-27,daytime,6,NA,NA,-2.2409448193821397e-15
2018-09-27,nighttime,6,-0.9660484890144357,0.0017094896074019619,-0.21677292790583227
2018-09-28,daytime,6,-0.8065058046308344,0.05253779377271997,-1.1451612903225563
2018-09-28,nighttime,6,NA,NA,6.72453214361567e-15
2018-09-29,daytime,6,-0.8401680504168071,0.036277824521898594,-0.999999999999959
2018-09-29,nighttime,6,NA,NA,7.627545248441569e-15
2018-09-30,daytime,6,0.2379154757154542,0.6498602432866907,0.33962264150940175
2018-09-30,nighttime,6,0.10660035817780678,0.8407051465865729,0.04545454545456013
2018-10-01,daytime,6,NA,NA,-5.597741924714231e-15
2018-10-01,nighttime,6,NA,NA,3.575013591136908e-14
2018-10-02,daytime,6,NA,NA,-3.186607618772983e-15
2018-10-02,nighttime,6,NA,NA,1.7404671430538193e-14
2018-10-03,daytime,6,-0.9941552453980523,5.114190274756979e-5,-0.12709677419354842
2018-10-03,nighttime,6,-0.842654801264408,0.03518852955900637,-0.3285714285714405
2018-10-04,daytime,6,-0.6943650748294153,0.12584396829511177,-1.7142857142857093
2018-10-04,nighttime,6,-0.9597315965345135,0.0023996679760784753,-0.12030716723548958
2018-10-05,daytime,6,-0.579544690893921,0.22800939499354894,-0.6237623762376233
2018-10-05,nighttime,6,-0.297569850321812,0.5668198046673035,-0.09090909090908335
2018-10-06,daytime,6,0.946163550445155,0.004269526156192952,0.5769230769230712
2018-10-06,nighttime,6,-0.9260814395781878,0.007993986571018017,-0.20138605788829697
2018-10-07,daytime,6,NA,NA,-1.796611244442242e-14
2018-10-07,nighttime,6,-0.08861942869011179,0.8674188390146627,-0.010471204188467677
2018-10-08,daytime,6,-0.5270462766947311,0.28263145672106077,-0.1388888888889068
2018-10-08,nighttime,6,NA,NA,NA
2018-10-09,daytime,6,0.1437993271357721,0.7857877682617657,0.1282051282050917
2018-10-09,nighttime,6,NA,NA,NA
2019-03-27,daytime,6,-0.8634849970785136,0.026682448618115993,-0.0926071569012995
2019-03-27,nighttime,6,NA,NA,3.000805419057766e-14
2019-03-28,daytime,6,-0.3721042037676226,0.4676047546094011,-0.6000000000000332
2019-03-28,nighttime,6,0.5423261445466404,0.26626462796630956,0.2205882352941508
2019-03-29,daytime,6,-0.9466032546528762,0.004200695888906849,-0.2675603217158048
2019-03-29,nighttime,6,-0.9048388598108152,0.013152591265577442,-0.4129263913823833
2019-03-30,daytime,6,0.8783575072539357,0.021295378402519695,0.08199643493760779
2019-03-30,nighttime,6,-0.8778762251403474,0.021460634376892447,-0.27199999999999563
2019-03-31,daytime,6,NA,NA,0
2019-03-31,nighttime,6,-0.8984774722176753,0.014937048075928413,-0.20988805970149427
2019-04-01,daytime,6,-0.791885181664286,0.06046075505171544,-0.074057246706043
2019-04-01,nighttime,6,NA,NA,9.518179688573734e-15
2019-04-02,daytime,6,-0.5498308907835351,0.2583644541085979,-0.04478726051256781
2019-04-02,nighttime,6,0.6324555320336758,0.17780780835622126,1.5999999999999999
2019-04-03,daytime,6,-0.9999999999999999,1.848892746611764e-32,-0.49999999999997324
2019-04-03,nighttime,6,0.7845078818534849,0.06465189157019571,0.526785714285727
2019-04-04,daytime,6,NA,NA,-3.576899892992084e-15
2019-04-04,nighttime,6,0.16151457061744165,0.7598348558644996,0.1304347826086878
2019-04-05,daytime,6,-0.8939766396720039,0.016265527601118643,-0.08444571346991527
2019-04-05,nighttime,6,NA,NA,1.1254148443804328e-14
2019-04-06,daytime,6,-0.9228873403923133,0.008690273502772895,-0.08469779664443554
2019-04-06,nighttime,6,-0.640963213090737,0.17021986960194768,-0.9677419354838661
2019-04-07,daytime,6,-0.6327159625705662,0.1775734852254089,-0.04448105436573532
2019-04-07,nighttime,6,NA,NA,NA
2019-04-08,daytime,6,-0.876380771581655,0.02197801362790169,-0.0930961523391611
2019-04-08,nighttime,6,NA,NA,7.601437823576874e-15
2019-04-09,daytime,6,NA,NA,-1.0680870452749519e-14
2019-04-09,nighttime,6,NA,NA,1.7206139056802574e-14
2019-04-10,daytime,6,-0.49877754956935555,0.3138763766098606,-0.3519313304721108
2019-04-10,nighttime,6,-0.8814390220659835,0.02025176985837194,-0.19423368740514793
2019-04-11,daytime,6,-0.9743529321368296,9.782231722520176e-4,-0.3933333333333304
2019-04-11,nighttime,6,-0.9282350011115804,0.0075405200089585485,-0.13082191780821548
2019-04-12,daytime,6,0.7749751675143731,0.07025706442777156,1.5999999999999905
2019-04-12,nighttime,6,-0.9938399566769762,5.68023256984003e-5,-0.25493798805695694
2019-04-13,daytime,6,NA,NA,-5.500783318771696e-15
2019-04-13,nighttime,6,-0.9211368390725108,0.009083856528566645,-0.19685039370077734
2019-04-14,daytime,6,-0.9515494654022189,0.003464313746258659,-0.12439855653568561
2019-04-14,nighttime,6,0.6475303536967609,0.1644577702528471,0.056661562021446975
2019-04-15,daytime,6,-0.9654199964291645,0.001772989990077606,-0.09945165489763079
2019-04-15,nighttime,6,0.6790438640176111,0.13798796009908762,1.1612903225806486
2019-04-16,daytime,6,-0.4993991790874781,0.3131761941574701,-0.04122306447492092
2019-04-16,nighttime,6,0.8200548436547536,0.04565705352776313,1.3116883116881655
2019-04-17,daytime,6,-0.9033122243696509,0.01357084484444633,-0.1870609981515795
2019-04-17,nighttime,6,0.9284766908852565,0.007490433881275098,0.833333333333323
2019-04-18,daytime,6,NA,NA,0
2019-04-18,nighttime,6,-0.7635160569746648,0.07727434146333483,-0.17534246575341958
2019-04-19,daytime,6,NA,NA,-3.090530498032849e-15
2019-04-19,nighttime,6,-0.8446788702783832,0.03431344580169878,-0.13683223992501997
2019-04-20,daytime,6,-0.8971962831577591,0.015309660398248008,-0.08413055711874058
2019-04-20,nighttime,6,NA,NA,6.048708681015389e-15
2019-04-21,daytime,6,-0.7755763658794385,0.0698972945908239,-0.05543192393283698
2019-04-21,nighttime,6,0.9078412990032063,0.012348476908601939,0.7692307692307208
2019-04-22,daytime,6,NA,NA,-0
2019-04-22,nighttime,6,NA,NA,NA
2019-04-23,daytime,6,0.7385159354229774,0.09362152930459249,0.019618913196887845
2019-04-23,nighttime,6,-0.8980920953692346,0.015048663482394364,-0.1623529411764594
2019-04-24,daytime,6,-0.5519619078946104,0.2561380331341706,-0.028923602636077586
2019-04-24,nighttime,6,NA,NA,5.577967720130768e-15
2019-04-25,daytime,6,0.7548346307220533,0.08279112545114183,0.014033874870374238
2019-04-25,nighttime,6,0.5498051602938219,0.25839138235796194,0.03285714285714929
2019-04-26,daytime,6,0.24459979523511483,0.6404173950389765,0.01495726495726278
2019-04-26,nighttime,6,-0.7884331779662035,0.06240585977410932,-0.10928143712574094
2019-04-27,daytime,6,-0.9504283175951107,0.003625120015750018,-0.2273240496800849
2019-04-27,nighttime,6,-0.14411533842457921,0.7853235747236942,-0.022499999999995517
2019-04-28,daytime,6,0.9837705664881021,3.929543963147691e-4,0.664462809917358
2019-04-28,nighttime,6,-0.8865926413116155,0.018562564501560474,-0.1813953488372069
2019-04-29,daytime,6,-0.5802034530058827,0.22735351889417404,-0.030978777320243307
2019-04-29,nighttime,6,NA,NA,1.3491993357003634e-14
2019-04-30,daytime,6,NA,NA,NA
2019-04-30,nighttime,6,NA,NA,7.829090954911742e-15
2019-05-01,daytime,6,0.789542033951724,0.06177797264178331,0.21818181818180707
2019-05-01,nighttime,6,NA,NA,7.774192343629894e-15
2019-05-02,daytime,6,-0.7737995582206808,0.07096300152125996,-0.06344537815126415
2019-05-02,nighttime,6,-0.8931977372352664,0.016500953066224133,-0.23571428571427328
2019-05-03,daytime,6,-0.9517575168776348,0.003434867504457229,-0.07246738967464932
2019-05-03,nighttime,6,0.7398919942414877,0.09268530565551716,0.20867768595042205
2019-05-04,daytime,6,-0.5413303304365933,0.2673198255763181,-0.008669778894989636
2019-05-04,nighttime,6,NA,NA,6.055850429964579e-15
2019-05-05,daytime,6,-0.6698237432437801,0.14552723386656752,-0.3075586446568328
2019-05-05,nighttime,6,0.9181071318456502,0.009785057902529011,0.23732718894009694
2019-05-06,daytime,6,-0.6372712769846749,0.17349569503555504,-0.24738675958188658
2019-05-06,nighttime,6,NA,NA,0
2019-05-07,daytime,6,0.543153564856013,0.2653890930918103,0.5540540540539938
2019-05-07,nighttime,6,-0.8589949594878498,0.028421871353743026,-0.08680851063829219
2019-05-08,daytime,6,NA,NA,1.0519306908564889e-14
2019-05-08,nighttime,6,NA,NA,-8.702335715267391e-15
2019-05-09,daytime,6,0.8929099258005925,0.016588356296228485,0.15186440677965657
2019-05-09,nighttime,6,0.7215512418812395,0.10550598359089307,0.07295539033457286
2019-05-10,daytime,6,-0.9084378301395778,0.012191634703798363,-0.13396245768797269
2019-05-10,nighttime,6,NA,NA,1.0348723553290874e-14
2019-05-11,daytime,6,-0.8458308197883021,0.033820047159779314,-0.11253951527924423
2019-05-11,nighttime,6,NA,NA,1.6735260990898648e-14
2019-05-12,daytime,6,-0.901356463038027,0.014115893271267131,-0.12047640861200554
2019-05-12,nighttime,6,NA,NA,8.693087749576328e-15
2019-05-13,daytime,6,-0.7738506451165138,0.0709322578325835,-0.05822102425876096
2019-05-13,nighttime,6,-0.9366169162436819,0.005898804874264004,-0.2366538249862315
2019-05-14,daytime,6,-0.8996788240275423,0.014591674393492278,-0.07478030177416949
2019-05-14,nighttime,6,0.7612020568998551,0.0787280248492035,0.624000000000034
2019-05-15,daytime,6,-0.9057140467224524,0.012915667912284089,-0.071362714364747
2019-05-15,nighttime,6,0.46291004988627726,0.3552324305155428,0.37499999999998224
2019-05-16,daytime,6,-0.8301535704728561,0.04082186570259583,-0.08107705300810263
2019-05-16,nighttime,6,0.9999999999999999,1.848892746611764e-32,0.9999999999999729
2019-05-17,daytime,6,NA,NA,-3.196776385200237e-15
2019-05-17,nighttime,6,0.681928810348103,0.13566440563872134,0.04227517294389252
2019-05-18,daytime,6,0.32387513781564553,0.5311737515535758,0.03496503496502614
2019-05-18,nighttime,6,NA,NA,-0
2019-05-19,daytime,6,0.45721401771912945,0.36196804740449756,1.4827586206896282
2019-05-19,nighttime,6,0.9772502552735792,7.70439252416289e-4,0.17662819455894502
2019-05-20,daytime,6,-0.9141202802179285,0.010746293928092784,-0.5107471852609985
2019-05-20,nighttime,6,-0.9808862451201716,5.445119706108918e-4,-0.19361702127659522
2019-05-21,daytime,6,-0.7764572247277176,0.06937168893205482,-0.31116687578418156
2019-05-21,nighttime,6,-0.6188018402848069,0.190271714916612,-0.0466970387243716
2019-05-22,daytime,6,-0.9017268323369819,0.014011880991015998,-0.07520104325146694
2019-05-22,nighttime,6,NA,NA,8.70233571526733e-15
2019-05-23,daytime,6,-0.5556424100974532,0.2523104836068158,-0.06971514242879413
2019-05-23,nighttime,6,NA,NA,-0
2019-05-24,daytime,6,-0.6151371241841647,0.19367631426268156,-0.13133567102327454
2019-05-24,nighttime,6,0.7731382214226179,0.07136153548248161,0.4539249146757713
2019-05-25,daytime,6,-0.8940993833704041,0.01622857634115693,-0.12488858076656824
2019-05-25,nighttime,6,0.4586824722938622,0.3602273048784309,0.32727272727271267
2019-05-26,daytime,6,-0.9523667879888256,0.003349346287307373,-0.13732394366197648
2019-05-26,nighttime,6,NA,NA,2.2173074562188086e-14
2019-05-27,daytime,6,-0.9847504552057638,3.470497943755722e-4,-0.29615787113171277
2019-05-27,nighttime,6,NA,NA,-0
2019-05-28,daytime,6,-0.6879896958443993,0.13083847622763073,-0.26803013993540925
2019-05-28,nighttime,6,0.30741495170747696,0.5534035364408811,0.1527183872938341
2019-05-29,daytime,6,0.9522794799752167,0.0033615363170108607,0.28994082840236357
2019-05-29,nighttime,6,-0.9927809602765956,7.798369334467364e-5,-0.30994152046782414
2019-05-30,daytime,6,0.5764112507163336,0.2311394227626286,0.021574670776121727
2019-05-30,nighttime,6,-0.9348927886118505,0.006220430388630739,-0.6086956521738973
2019-05-31,daytime,6,-0.7290879586042257,0.1001484322669831,-0.08089097303634575
2019-05-31,nighttime,6,NA,NA,2.1984848122780475e-14
2019-06-01,daytime,6,-0.8793301177136232,0.020963280355214067,-0.0778784200205486
2019-06-01,nighttime,6,NA,NA,1.695260204273002e-14
2019-06-02,daytime,6,-0.9185467917574512,0.009681731948221103,-0.13452299245024077
2019-06-02,nighttime,6,-0.64330590087472606,0.1681548040717755,-0.12171837708829973
2019-06-03,daytime,6,-0.5183911279960597,0.292066766444772,-0.09889240506329669
2019-06-03,nighttime,6,-0.6459422414661755,0.16584355369281875,-0.03160919540228768
2019-06-04,daytime,6,-0.9147950373209063,0.010580539354142014,-0.09605715797830035
2019-06-04,nighttime,6,NA,NA,1.677828222737963e-14
2019-06-05,daytime,6,-0.8095547525508436,0.05095042172054172,-0.0759859591162511
2019-06-05,nighttime,6,0.866400225443959,0.02558104515003759,0.2207792207792476
2019-06-07,daytime,6,NA,NA,-2.6341150707647675e-15
2019-06-07,nighttime,6,NA,NA,7.998470326532488e-15
2019-06-08,daytime,6,-0.8749831216303516,0.022466871675731238,-0.14177693761815266
2019-06-08,nighttime,6,-0.5599496399301382,0.24785985285822024,-0.10853432282003031
2019-06-09,daytime,6,0.7713897534620799,0.07242007917443753,0.7264150943396354
2019-06-09,nighttime,6,-0.7136351563642761,0.11126558625187813,-0.10288386593919827
2019-06-10,daytime,6,NA,NA,-5.556573971096958e-15
2019-06-10,nighttime,6,-0.9239024390243908,0.008465923825829435,-0.11267102914931186
2019-06-11,daytime,6,0.453881684683345,0.3659292344874311,0.20600858369101047
2019-06-11,nighttime,6,NA,NA,9.12341647568343e-15
2019-06-12,daytime,6,0.7533708035008836,0.08373821195838453,0.08108108108107576
2019-06-12,nighttime,6,-0.8562781914762391,0.02949958153010507,-0.18330308529944717
2019-06-13,daytime,6,-0.9282491253792234,0.00753758851709613,-0.08879291413513324
2019-06-13,nighttime,6,-0.863880795386955,0.026531618684313887,-0.15991929185108528
2019-06-14,daytime,6,-0.9207171410567967,0.009179480606911311,-0.10901749663526467
2019-06-14,nighttime,6,NA,NA,6.5615055233325536e-15
2019-06-15,daytime,6,NA,NA,-3.270998984077887e-15
2019-06-15,nighttime,6,0.7399400733959434,0.09265267017963484,0.5972850678733013
2019-06-16,daytime,6,NA,NA,-4.1285499672431114e-15
2019-06-16,nighttime,6,NA,NA,1.011409477803468e-14
2019-06-17,daytime,6,0.8237306052901902,0.04386792494206548,0.39449541284402095
2019-06-17,nighttime,6,0.5375379281490957,0.27135310014269737,0.12295618051014287
2019-06-18,daytime,6,-0.29848100289785434,0.5655744676004865,-0.031818181818170296
2019-06-18,nighttime,6,NA,NA,1.535706302694216e-14
2019-06-19,daytime,6,0.616439489333621,0.19246354281028774,0.059842148662973875
2019-06-19,nighttime,6,-0.5352371511182911,0.2738113238306054,-0.0915305734903114
2019-06-20,daytime,6,0.23282271804937016,0.6570761657178293,0.005420641803986429
2019-06-20,nighttime,6,NA,NA,5.2498586066544424e-15
2019-06-21,daytime,6,NA,NA,-2.7218182428447808e-15
2019-06-21,nighttime,6,0.5501485601695761,0.25803208713207226,0.1815980629540085
2019-06-22,daytime,6,0.4007953399500271,0.4309982514538998,0.04415611593595961
2019-06-22,nighttime,6,0.4140569299679261,0.41440821541405154,0.020907700152992835
2019-06-23,daytime,6,0.8006285640426353,0.05566104965245433,0.4531249999999966
2019-06-23,nighttime,6,NA,NA,7.264558510136298e-15
2019-06-24,daytime,6,0.15840871905585088,0.7643744219352777,0.004562422231434293
2019-06-24,nighttime,6,-0.926785429698657,0.007844331242546857,-0.24441132637854004
2019-06-25,daytime,6,0.7525352759178575,0.08428096440378326,0.04938744257273934
2019-06-25,nighttime,6,0.855878718702229,0.02965964807281193,0.1681212677997287
2019-06-26,daytime,6,NA,NA,-2.8046148848386558e-15
2019-06-26,nighttime,6,-0.8688837114997551,0.024660180066631343,-0.37899543378995093
2019-06-27,daytime,6,-0.7938395798897622,0.05937205089428831,-0.051453766482260105
2019-06-27,nighttime,6,0.7430428494079822,0.09055741389360873,0.09859154929577271
2019-06-28,daytime,6,NA,NA,-9.251242787314663e-16
2019-06-28,nighttime,6,NA,NA,3.455801186568289e-15
2019-06-29,daytime,6,0.9426447533427386,0.004840097871556657,0.0756792798799777
2019-06-29,nighttime,6,0.8717477691760968,0.023618165019095267,0.2763433356594611
2019-06-30,daytime,6,0.7329376996434145,0.09745966335785032,0.029679429367875838
2019-06-30,nighttime,6,0.9194117646457421,0.009480006832598318,0.22051773729625715
2019-07-01,daytime,6,0.9582651041412859,0.002576355345727241,0.339003645200485
2019-07-01,nighttime,6,NA,NA,4.7025043927221075e-15
2019-07-02,daytime,6,0.9570207180987587,0.0027311319430849555,0.20887400586019128
2019-07-02,nighttime,6,0.7942885008608727,0.05912326184398637,0.0848909657320897
2019-07-03,daytime,6,0.9618458814222164,0.002155833970106974,0.25977804115935693
2019-07-03,nighttime,6,0.9194020317154042,0.00948226522704002,0.17619711761971185
2019-07-04,daytime,6,-0.9804361963781366,5.703696695376744e-4,-0.23645137342242084
2019-07-04,nighttime,6,0.9720464994349385,0.0011611758833348057,0.26892950391645315
2019-07-05,daytime,6,0.9125853159419791,0.01112800839118328,0.4805520702635008
2019-07-05,nighttime,6,-0.8245899502893889,0.04345445997921353,-0.23650385604112104
2019-07-06,daytime,6,0.702494365903817,0.11959835079770444,0.015326035221319033
2019-07-06,nighttime,6,NA,NA,5.658812328029714e-15
2019-07-07,daytime,6,0.894906448303321,0.015986620922313212,0.11719866603144083
2019-07-07,nighttime,6,-0.7617362379752626,0.07839135879126731,-0.09862834748529997
2019-07-08,daytime,6,0.9493165817932597,0.003788115314271517,0.16337579617834233
2019-07-08,nighttime,6,0.39537286528318,0.4378429864342595,0.013475836431230067
2019-07-09,daytime,6,0.9886241333456289,1.9337943580911886e-4,0.2933823995939341
2019-07-09,nighttime,6,0.8915176507653766,0.01701429721382633,0.2025052192066826
2019-07-10,daytime,6,0.9963823009400976,1.9607945967945056e-5,0.5840386940749754
2019-07-10,nighttime,6,0.9674788926178344,0.0015692361118110239,0.27733789856622976
2019-07-11,daytime,6,0.9959503881037082,2.456582925127424e-5,0.3246441227701333
2019-07-11,nighttime,6,0.9663641597794599,0.001678027334986585,0.23602484472049656
2019-07-12,daytime,6,0.9869012859707752,2.5624074932478915e-4,0.3134436090225552
2019-07-12,nighttime,6,0.9827567899073919,4.43428994324205e-4,0.27029520295203
2019-07-13,daytime,6,0.9772606127138105,7.697405630606239e-4,0.30484150764863566
2019-07-13,nighttime,6,0.9925268796803226,8.356261332298213e-5,0.5123626373626355
2019-07-14,daytime,6,0.9442345828068471,0.004577963493623596,0.12157894736842269
2019-07-14,nighttime,6,0.9258612089473895,0.008041086338882892,0.25378910029022805
2019-07-15,daytime,6,0.9963782879245383,1.9651444902815877e-5,0.2830406654343782
2019-07-15,nighttime,6,0.9229421707991168,0.008678082371376973,0.1983695652173904
2019-07-16,daytime,6,0.9928522798955493,7.645226587505307e-5,0.5747326535687659
2019-07-16,nighttime,6,0.9782797401561585,7.02531051424518e-4,0.24609374999999908
2019-07-17,daytime,6,0.9991096211658421,1.1888087676711174e-6,0.7838497194437718
2019-07-17,nighttime,6,0.9854108004924509,3.177144962020428e-4,0.5261980830670953
2019-07-18,daytime,6,0.994633299724232,4.312492334143312e-5,0.7030450560101003
2019-07-18,nighttime,6,0.9806984605427661,5.552287494114851e-4,0.5002036659877795
2019-07-19,daytime,6,0.9886771143543034,1.915857682325323e-4,0.5917131087957351
2019-07-19,nighttime,6,0.9830649179725754,4.277670395255509e-4,0.6741573033707762
2019-07-20,daytime,6,0.9989478032485097,1.6600945527864438e-6,0.550985915492959
2019-07-20,nighttime,6,0.991331527572402,1.123879363691022e-4,0.6112359550561829
2019-07-21,daytime,6,0.06693691574262832,0.8997445835080371,0.3207547169805415
2019-07-21,nighttime,6,0.7610396782871418,0.07883049266044961,0.13535217311346973
2019-07-22,daytime,6,0.989253718575002,1.726033426291737e-4,0.7020680563565935
2019-07-22,nighttime,6,0.7227633105127376,0.10463604179154794,0.16922389393713919
2019-07-23,daytime,6,0.9958213142495881,2.6155639018856516e-5,0.6219199302899747
2019-07-23,nighttime,6,0.7645649528817948,0.07661944964423979,0.17757263100733273
2019-07-24,daytime,6,0.995236370546069,3.398419982738731e-5,0.9279214057118981
2019-07-24,nighttime,6,0.9712155850640823,0.0012308892586268105,0.5077854671280277
2019-07-25,daytime,6,0.7658904020341656,0.07579549785349118,2.5474683544302894
2019-07-25,nighttime,6,0.9886188455854411,1.9355890940065383e-4,0.8077669902912566
2019-07-26,daytime,6,0.9929313461949992,7.477220421584344e-5,0.7576387633339348
2019-07-26,nighttime,6,0.9864954606460598,2.7232744587998506e-4,0.9097877358490479
2019-07-27,daytime,6,0.9641969719046484,0.0018998380533102107,0.6448362720403005
2019-07-27,nighttime,6,0.9906267594637789,1.3137470183712655e-4,1.3260273972602652
2019-07-28,daytime,6,-0.3332792383421346,0.5185906466365047,-2.1764705882362176
2019-07-28,nighttime,6,0.9937462066737411,5.854260373870212e-5,1.39898305084745
2019-07-29,daytime,6,0.9985133910530058,3.3133665344584183e-6,1.1766446619622208
2019-07-29,nighttime,6,0.9797749444756786,6.094427479290312e-4,0.6183822082267253
2019-07-30,daytime,6,0.9810183102738091,5.37037222753322e-4,2.204685573366241
2019-07-30,nighttime,6,0.9920771227801211,9.390930780308807e-5,1.0983646827625002
2019-07-31,daytime,6,0.9703980349045007,0.0013014447554941674,3.329637096774207
2019-07-31,nighttime,6,0.9914157663020292,1.1021732018093827e-4,0.9907876554583073
2019-08-01,daytime,6,0.9951951314413949,3.4574678370103734e-5,1.426460421707575
2019-08-01,nighttime,6,0.9825969268357472,4.516650254471787e-4,1.7615131578947278
2019-08-02,daytime,6,0.9939000346174149,5.5700877935264294e-5,2.882816901408464
2019-08-02,nighttime,6,0.9860909860124629,2.888455815749851e-4,2.6759675967596834
2019-08-03,daytime,6,0.988768219583332,1.8852087620520547e-4,2.179841897233218
2019-08-03,nighttime,6,0.9895954773462289,1.6181797140477208e-4,2.8348134991118763
2019-08-04,daytime,6,0.9933690110964841,6.58092384209002e-5,1.9877599653379618
2019-08-04,nighttime,6,0.9954291608987431,3.1291106846223095e-5,2.2494609387958144
2019-08-05,daytime,6,0.8440825875090396,0.03457016445548304,1.543842431988358
2019-08-05,nighttime,6,0.9761159938116111,8.488563624797393e-4,2.655594405594379
2019-08-06,daytime,6,0.9867124856942493,2.6366404592089365e-4,2.1794106192392735
2019-08-06,nighttime,6,0.9887325860185043,1.8971670162762716e-4,1.9720570749108173
2019-08-07,daytime,6,0.9868322602723931,2.5894248125621485e-4,2.363210550893659
2019-08-07,nighttime,6,0.9658072232989835,0.0017337307941010579,2.152153356829709
2019-08-08,daytime,6,0.9854811790089528,3.14663988577228e-4,2.5555841482244075
2019-08-08,nighttime,6,0.9902168824800364,1.430959145168426e-4,2.691493158833994
2019-08-09,daytime,6,0.982367502464382,4.636164384624814e-4,2.3425324675324757
2019-08-09,nighttime,6,0.9893050963241526,1.7095980025391523e-4,1.8274871794871743
2019-08-10,daytime,6,0.9762703876200648,8.379607483999017e-4,2.653450051493302
2019-08-10,nighttime,6,0.9918005074681279,1.0057188385040829e-4,2.625471698113158
2019-08-11,daytime,6,0.8877684377712669,0.01818705525100978,0.6876383180524858
2019-08-11,nighttime,6,0.9844920539484904,3.5887978357823695e-4,3.570827489481045
2019-08-12,daytime,6,0.9925783691035935,8.241651378320944e-5,1.6764423076923178
2019-08-12,nighttime,6,0.857290120458295,0.029095942045859812,1.5564792176039095
2019-08-13,daytime,6,-0.7551937409091647,0.08255952439150782,-0.06054741498479502
2019-08-13,nighttime,6,0.9950130788616238,3.724206283607948e-5,1.354682454251874
2019-08-14,daytime,6,0.9990423211801862,1.375283915927028e-6,0.5206185567010325
2019-08-14,nighttime,6,-0.9939017965099614,5.566873845155486e-5,-0.20532717100462486
2019-08-15,daytime,6,0.9133265810020432,0.010942864777518331,0.4759269507470921
2019-08-15,nighttime,6,0.9736362395623108,0.0010334097589287036,0.17110132571322087
2019-08-16,daytime,6,0.9755566759402995,8.889119857751144e-4,0.10096232262273212
2019-08-16,nighttime,6,NA,NA,1.886462973149389e-15
2019-08-17,daytime,6,0.9531609315814501,0.0032394674184778546,0.09915825448561448
2019-08-17,nighttime,6,0.6335148631295014,0.17685547556003195,0.08985248100134155
2019-08-18,daytime,6,0.9851581578972726,3.2878573295863286e-4,0.6394230769230846
2019-08-18,nighttime,6,0.8663714482583356,0.025591809641141567,0.24312896405919918
2019-08-19,daytime,6,0.955626316027029,0.0029098493234306225,0.11313276632956569
2019-08-19,nighttime,6,NA,NA,1.9196328783678147e-15
2019-08-20,daytime,6,0.9827641286551809,4.4305271603343945e-4,0.19844629865592492
2019-08-20,nighttime,6,0.9664128242050442,0.0016732027475559494,0.43850267379679625
2019-08-21,daytime,6,-0.872892803665774,0.02320757189574739,-1.017211703958692
2019-08-21,nighttime,6,0.9576506733483661,0.0026522221743020555,0.3202146690518794
2019-08-22,daytime,6,0.9932793226141888,6.759947867311647e-5,0.2832742694475133
2019-08-22,nighttime,6,NA,NA,1.6732308925103862e-15
2019-08-23,daytime,6,0.9880455725988159,2.1350830808042996e-4,0.44142063091027417
2019-08-23,nighttime,6,0.9686974173571443,0.0014544415760719773,0.20815722738799342
2019-08-24,daytime,6,0.9789916267474225,6.573915789640402e-4,1.3624535315985267
2019-08-24,nighttime,6,0.9911536978919403,1.1703944867880177e-4,0.2905225863596146
2019-08-25,daytime,6,0.9890650127241666,1.7870715029099087e-4,1.0131398850260027
2019-08-25,nighttime,6,0.9951897545420698,3.465204120896305e-5,0.3104247104247114
2019-08-26,daytime,6,0.9908304439701913,1.2573564506593944e-4,0.4900074019244993
2019-08-26,nighttime,6,0.9755327066694078,8.906490108603834e-4,0.6232876712328738
2019-08-27,daytime,6,0.9837676008595176,3.930976290134363e-4,0.5755706007014156
2019-08-27,nighttime,6,0.9740599508207535,0.0010006018772026368,0.41495050631470287
2019-08-28,daytime,6,-0.8810594953482423,0.020378949108931354,-0.5889263360616351
2019-08-28,nighttime,6,0.9701762350255856,0.0013209219582497357,0.2532819965672468
2019-08-29,daytime,6,-0.7553376294802858,0.08246680826339162,-0.05534057101472224
2019-08-29,nighttime,6,NA,NA,6.831185032462377e-15
2019-08-30,daytime,6,0.8543684471725003,0.030268506793348905,0.43367346938775464
2019-08-30,nighttime,6,-0.8469918595062224,0.03332616222960844,-0.23122655531175276
2019-08-31,daytime,6,0.7444467667119496,0.08961641691881388,0.023887973640848204
2019-08-31,nighttime,6,NA,NA,-0
2019-09-01,daytime,6,-0.7563481001788837,0.08181702283953744,-0.016159956176392726
2019-09-01,nighttime,6,NA,NA,6.022306047902009e-15
2019-09-02,daytime,6,-0.838573876403582,0.03698433735385819,-0.06317867719645008
2019-09-02,nighttime,6,NA,NA,9.318475341684724e-15
2019-09-03,daytime,6,NA,NA,-1.5052974304536921e-15
2019-09-03,nighttime,6,0.7181324987175274,0.10797684623586902,0.19000000000000145
2019-09-04,daytime,6,NA,NA,-5.160349407995391e-15
2019-09-04,nighttime,6,-0.8646861773070045,0.02622595933121577,-0.10467550593161264
2019-09-05,daytime,6,NA,NA,-4.309067770223434e-15
2019-09-05,nighttime,6,NA,NA,-0
2019-09-06,daytime,6,0.3564803506988191,0.4879299218098848,0.03471725125268157
2019-09-06,nighttime,6,0.644837396389362,0.16681052274377006,0.03832398781402811
2019-09-07,daytime,6,NA,NA,-1.800483251434543e-14
2019-09-07,nighttime,6,NA,NA,4.9692011145304686e-15
2019-09-08,daytime,6,0.9784075434338305,6.943177001961504e-4,0.3278688524590132
2019-09-08,nighttime,6,NA,NA,9.307783377751119e-15
2019-09-09,daytime,6,0.9490840340443236,0.003822655202698407,0.20664505672610187
2019-09-09,nighttime,6,NA,NA,1.186682142991e-14
2019-09-10,daytime,6,0.8995956875490866,0.014615449698017395,0.05423789814648161
2019-09-10,nighttime,6,0.9096673931853909,0.011871413655004366,0.26866713189113756
2019-09-11,daytime,6,0.8320037798189527,0.039963439011493275,0.0949321115270689
2019-09-11,nighttime,6,0.884845705685192,0.019127264826743602,0.25267993874425415
2019-09-12,daytime,6,0.9214567943293954,0.009011284836959024,0.8847583643122369
2019-09-12,nighttime,6,0.8405241125171131,0.036120898098780656,0.15071590052750503
2019-09-13,daytime,6,0.9625697238254516,0.0020753179746638255,0.2716363636363641
2019-09-13,nighttime,6,-0.44133994399255694,0.3809723899464404,-0.03281867145421568
2019-09-14,daytime,6,-0.9593016836367377,0.002450824043924352,-0.5881731784583011
2019-09-14,nighttime,6,0.6669754343541828,0.147890937094088,0.07539936102236693
2019-09-15,daytime,6,-0.8055040833597967,0.05306423227898771,-0.11664482306684645
2019-09-15,nighttime,6,NA,NA,7.487969417515796e-15
2019-09-16,daytime,6,-0.5902734221814105,0.21742220029245307,-0.05559936908517673
2019-09-16,nighttime,6,NA,NA,1.4918289797601818e-14
2019-09-17,daytime,6,NA,NA,-5.273679644769409e-15
2019-09-17,nighttime,6,-0.898452478439016,0.01494427480288566,-0.3686502177067912
2019-09-18,daytime,6,-0.8867124001670137,0.018524149338616912,-0.13819095477387205
2019-09-18,nighttime,6,NA,NA,1.3519427339983605e-14
2019-09-19,daytime,6,-0.9992437991840416,8.575432982701573e-7,-0.44567712318286684
2019-09-19,nighttime,6,-0.9711369966331708,0.00123758695115735,-0.4566210045662073
2019-09-20,daytime,6,-0.10622880476509802,0.8412561654577607,-0.029339853300734076
2019-09-20,nighttime,6,-0.7579950852812433,0.08076289237489705,-0.14803625377643223
2019-09-21,daytime,6,0.8688379797324214,0.024676992035928172,0.21338912133891405
2019-09-21,nighttime,6,0.6809729348006746,0.13643239137139596,0.6559999999999769
2019-09-22,daytime,6,NA,NA,-3.851006630609274e-15
2019-09-22,nighttime,6,-0.7119666788018492,0.11249670901079743,-0.06034482758619023
2019-09-23,daytime,6,NA,NA,-2.2641166971009105e-15
2019-09-23,nighttime,6,-0.9520931791877734,0.003387620623049641,-0.3231132075471632
2019-09-24,daytime,6,NA,NA,-4.1552994480673046e-15
2019-09-24,nighttime,6,-0.6169923875146752,0.19194962829748083,-0.030865914020351323
2019-09-25,daytime,6,0.9487103438166425,0.0038784812229560824,0.15298885511650887
2019-09-25,nighttime,6,-0.6078842126220453,0.20048734565515505,-0.04799002804611992
2019-09-26,daytime,6,0.5753804570019116,0.23217280976379784,0.19618528610353633
2019-09-26,nighttime,6,-0.8361865124344608,0.03805433216590304,-0.11520390903964896
2019-09-27,daytime,6,NA,NA,-6.5516766432454746e-15
2019-09-27,nighttime,6,NA,NA,7.133062061694539e-15
2019-09-28,daytime,6,0.8916815294047093,0.01696389219985861,0.23198560133701412
2019-09-28,nighttime,6,-0.918391372804099,0.009718196625036651,-0.12388994031154504
2019-09-29,daytime,6,-0.6370165685164998,0.1737226584731096,-0.052472858866104075
2019-09-29,nighttime,6,NA,NA,-0
2019-09-30,daytime,6,-0.6972154750368661,0.12363829206001367,-0.04322220003992976
2019-09-30,nighttime,6,-0.5551901185447611,0.2527796316741825,-0.3164556962025638
2019-10-01,daytime,6,-0.9845706377276592,3.5526123293377735e-4,-0.2781697238459919
2019-10-01,nighttime,6,NA,NA,8.127128024066321e-15
2019-10-02,daytime,6,-0.8058772873379683,0.05286781735335868,-1.9101123595504734
2019-10-02,nighttime,6,0.8787495503274939,0.02116121517574544,0.1158301158301197
2019-10-03,daytime,6,0.8776739574728699,0.02153026832415087,0.18076644974691494
2019-10-03,nighttime,6,-0.9832778701771111,4.171064372677364e-4,-0.22788110551016683
2019-10-04,daytime,6,0.9470234336955612,0.004135435060339104,0.393835616438348
2019-10-04,nighttime,6,NA,NA,1.0661360753773125e-14
2019-10-05,daytime,6,-0.8879934817305507,0.01811560354737067,-1.3779019776440433
2019-10-05,nighttime,6,-0.4152273992687011,0.412954366551147,-0.0862068965517054
2019-10-06,daytime,6,0.9642884510087062,0.0018902003647822702,0.28177339901477455
2019-10-06,nighttime,6,-0.9308118412276998,0.007014900067963003,-0.45912361020273484
2019-10-07,daytime,6,-0.785448625828672,0.06411029246874389,-0.08547309180443692
2019-10-07,nighttime,6,-0.9249462722066634,0.008238201930429557,-0.3285714285714212
2019-10-08,daytime,6,-0.8971428571428568,0.015325294460641495,-0.1068027210884359
2019-10-08,nighttime,6,NA,NA,-0
2019-10-09,daytime,6,-0.8624885441807841,0.027063971127839023,-0.12488605287147292
2019-10-09,nighttime,6,NA,NA,8.603069528401125e-15
2019-10-10,daytime,6,0.9581681919811765,0.0025882494993685204,0.4001669100771955
2019-10-10,nighttime,6,0.20000000000000004,0.704,0.10000000000001444
2019-10-11,daytime,6,-0.9118587228138603,0.011310947404181664,-0.6254036598492954
2019-10-11,nighttime,6,-0.9905124848170218,1.3459241693278222e-4,-0.3336585365853645
2019-10-12,daytime,6,NA,NA,0
2019-10-12,nighttime,6,-0.9937793991653298,5.792345632108421e-5,-0.2612070638463011
2019-10-13,daytime,6,-0.9166946011487163,0.010120623251462353,-0.13535911602210046
2019-10-13,nighttime,6,-0.683991084047172,0.13401386893776318,-0.028183361629876
2019-10-14,daytime,6,-0.8935194424241356,0.016403519620870097,-0.11595792734077588
2019-10-14,nighttime,6,NA,NA,-0
2019-10-15,daytime,6,-0.49915182296860383,0.3134547384084369,-0.04449152542373478
2019-10-15,nighttime,6,NA,NA,1.8061451484517322e-14
2019-10-16,daytime,6,-0.8586246066310488,0.028567667650917727,-0.12610619469027173
2019-10-16,nighttime,6,-0.8951903187479994,0.015901933121117717,-0.25058184639254666
2020-03-12,daytime,6,-0.9109166290859277,0.011550294460396274,-0.15833758286588692
2020-03-12,nighttime,6,-0.8574929257125465,0.029015363531382843,-0.6250000000000061
2020-03-13,daytime,6,0.2861715401954331,0.5824605772858832,0.03899721448467598
2020-03-13,nighttime,6,NA,NA,7.813242592654877e-15
2020-03-14,daytime,6,0.7837708339999172,0.06507767536874363,0.12923728813558885
2020-03-14,nighttime,6,-0.7005246778530719,0.1210989105658103,-0.07667731629392523
2020-03-15,daytime,6,-0.9036308542432212,0.013483027662066792,-0.44910179640717857
2020-03-15,nighttime,6,NA,NA,1.735363133836314e-14
2020-03-16,daytime,6,NA,NA,-1.910031131234485e-14
2020-03-16,nighttime,6,-0.6210590034081201,0.18818715983081466,-0.053571428571408584
2020-03-17,daytime,6,-0.8993713990842401,0.014679684574599419,-0.12379576107900223
2020-03-17,nighttime,6,-0.571428571428571,0.23615160349854247,-0.1224489795918225
2020-03-18,daytime,6,-0.5633057366625315,0.2444136110263296,-0.06181428953706683
2020-03-18,nighttime,6,NA,NA,NA
2020-03-19,daytime,6,-0.8938417951578637,0.016306168316993493,-0.32209106239461593
2020-03-19,nighttime,6,-0.9176739777595663,0.009887375555523374,-0.5510204081632893
2020-03-20,daytime,6,0.8801606933460622,0.020681655459271236,0.8185328185327948
2020-03-20,nighttime,6,0.9772993759479599,7.67128474663167e-4,0.2798823096726746
2020-03-21,daytime,6,-0.8260465732490334,0.042757794529061324,-0.07058823529411852
2020-03-21,nighttime,6,-0.983374989220663,4.122889735803301e-4,-0.39973614775724403
2020-03-22,daytime,6,-0.9214785982417301,0.009006349610209557,-0.23157894736843077
2020-03-22,nighttime,6,0.7820808688600533,0.06605876825450047,0.407766990291292
2020-03-23,daytime,6,-0.9311509225810396,0.006947114150010094,-0.2262635805385121
2020-03-23,nighttime,6,NA,NA,-1.1603114287022846e-13
2020-03-24,daytime,6,-0.979930804705235,6.001172386869524e-4,-0.13335628227195073
2020-03-24,nighttime,6,NA,NA,NA
2020-03-25,daytime,6,-0.8996830437895669,0.014590468126725624,-0.15819209039548193
2020-03-25,nighttime,6,-0.6460193808721452,0.16577612897782001,-3.799999999999912
2020-03-26,daytime,6,NA,NA,-4.5045129803696505e-15
2020-03-26,nighttime,6,NA,NA,9.900860993417896e-15
2020-03-27,daytime,6,NA,NA,0
2020-03-27,nighttime,6,NA,NA,-0
2020-03-28,daytime,6,-0.8451679191977578,0.03410356720301541,-0.0303961196443044
2020-03-28,nighttime,6,NA,NA,-0
2020-03-29,daytime,6,-0.7537840122346443,0.08347037765434044,-0.05921817221342477
2020-03-29,nighttime,6,-0.8784000821634931,0.021280789001139753,-0.1545734388742081
2020-03-30,daytime,6,-0.990432313829386,1.368730120334392e-4,-0.16050288621465475
2020-03-30,nighttime,6,NA,NA,-0
2020-03-31,daytime,6,-0.8942935488619925,0.01617020650227709,-0.09650639916984216
2020-03-31,nighttime,6,0.8844928412411801,0.019242312890975444,0.34374999999999944
2020-04-01,daytime,6,-0.9581795456190653,0.002586854656636137,-0.12623985572588148
2020-04-01,nighttime,6,NA,NA,2.8072050694410782e-14
2020-04-02,daytime,6,NA,NA,-5.879956564369887e-15
2020-04-02,nighttime,6,0.6381449017759573,0.17271817552899837,0.3132530120482112
2020-04-03,daytime,6,-0.9920870148002608,9.367526504827574e-5,-0.7112970711296962
2020-04-03,nighttime,6,-0.9935203157452014,6.28434330532596e-5,-0.2469799595000335
2020-04-04,daytime,6,-0.9348529032504124,0.006227969485456541,-0.08098068350669169
2020-04-04,nighttime,6,-0.9667617157255749,0.0016388147575540787,-0.3210387655250117
2020-04-05,daytime,6,-0.975289948085385,9.083361843314903e-4,-0.1324246771879493
2020-04-05,nighttime,6,0.9058456222727609,0.012880228783188953,0.29139072847683933
2020-04-06,daytime,6,-0.9770614960237842,7.832276137407015e-4,-0.10630147481325625
2020-04-06,nighttime,6,0.47410465593076323,0.3421265064057647,0.5844155844156452
2020-04-07,daytime,6,-0.8951922304363482,0.01590136353572896,-0.0818353831598891
2020-04-07,nighttime,6,0.7175608803587807,0.10839243802227798,4.399999999997808
2020-04-08,daytime,6,NA,NA,-3.237215276144938e-15
2020-04-08,nighttime,6,0.7067029739574596,0.11641955185725175,0.35761589403971855
2020-04-09,daytime,6,0.907702771299795,0.012385037818303558,0.2654867256637161
2020-04-09,nighttime,6,-0.656079196709229,0.15708254090076382,-0.07618405528400377
2020-04-10,daytime,6,NA,NA,-4.4441856978205825e-15
2020-04-10,nighttime,6,-0.9715172824233607,0.0012053442820323787,-0.1751975266231466
2020-04-11,daytime,6,-0.8730874294070713,0.023138123129288625,-0.07259825327511034
2020-04-11,nighttime,6,-0.6490229342872014,0.16315981349830216,-0.11384615384614642
2020-04-12,daytime,6,-0.9963422163135689,2.0044602803395738e-5,-0.30732484076433025
2020-04-12,nighttime,6,0.8312854350898492,0.040295709944807856,0.07802013422818578
2020-04-13,daytime,6,-0.10161321382858654,0.8481047699325388,-0.002581311306150575
2020-04-13,nighttime,6,-0.9832185139009058,4.2006442695173525e-4,-0.26774046497492315
2020-04-14,daytime,6,-0.9300733357862423,0.007163646005617081,-0.12246582882305028
2020-04-14,nighttime,6,NA,NA,5.522046164799464e-15
2020-04-15,daytime,6,-0.85768962725004,0.028937311220649256,-0.07112854834987646
2020-04-15,nighttime,6,-0.6243447817882779,0.18516962523497935,-0.0686059275521326
2020-04-16,daytime,6,-0.8686204560458461,0.024757032989833994,-0.148837209302315
2020-04-16,nighttime,6,0.8866618548059731,0.018540358169729345,0.22929936305733317
2020-04-17,daytime,6,-0.9174512860228891,0.009940179823429313,-0.07747471898795764
2020-04-17,nighttime,6,NA,NA,NA
2020-04-18,daytime,6,-0.9730672755009322,0.0010782893560238264,-0.0963418681234525
2020-04-18,nighttime,6,0.834140454872143,0.038982735715934816,0.15899280575540867
2020-04-19,daytime,6,-0.5711121881927509,0.23647130091748075,-0.03859989721921039
2020-04-19,nighttime,6,0.652928625099012,0.15978395349100877,0.15789473684211175
2020-04-20,daytime,6,NA,NA,-5.035485356514693e-15
2020-04-20,nighttime,6,NA,NA,9.181363369318722e-15
2020-04-21,daytime,6,NA,NA,-3.814545372962644e-15
2020-04-21,nighttime,6,-0.6629656671528364,0.15124598646004409,-0.01962158374211277
2020-04-22,daytime,6,NA,NA,-5.205186319943824e-15
2020-04-22,nighttime,6,0.5448919310237997,0.26355327672968887,0.020618556701037422
2020-04-23,daytime,6,0.7387232484263228,0.09348021198226923,0.026750590086545824
2020-04-23,nighttime,6,0.8528028654224407,0.030905834747225726,0.1818181818181841
2020-04-24,daytime,6,-0.6274631138411408,0.18232456772303368,-1.0297029702970744
2020-04-24,nighttime,6,0.7885293948769064,0.062351261883554845,0.10121977316499425
2020-04-25,daytime,6,0.9514706714519323,0.0034754979867841276,0.22500980007839713
2020-04-25,nighttime,6,NA,NA,3.560046428972991e-15
2020-04-26,daytime,6,0.9666879267150029,0.001646058232118218,0.16568047337277908
2020-04-26,nighttime,6,0.748519446722476,0.0869115775084191,0.09608388615451575
2020-04-27,daytime,6,0.9800902292341689,5.906523515902666e-4,0.18573851774530273
2020-04-27,nighttime,6,0.9298653267317017,0.007205816837559786,0.17227979274611824
2020-04-28,daytime,6,0.9917405087397091,1.0204706589215979e-4,0.45906615480760576
2020-04-28,nighttime,6,0.9977165009874246,7.815598108855899e-6,0.5482123510292509
2020-04-29,daytime,6,0.9987498346385587,2.343393196304392e-6,0.6303418803418831
2020-04-29,nighttime,6,0.9619933881209936,0.0021393034959602147,0.2529956013954249
2020-04-30,daytime,6,0.9931693626809376,6.982705868384069e-5,0.4587141750580924
2020-04-30,nighttime,6,0.9763308081320161,8.337158622273201e-4,0.27053260328521656
2020-05-01,daytime,6,0.9964035319023954,1.937861475847486e-5,0.55153785204926975
2020-05-01,nighttime,6,0.9947214164613032,4.17216265036243e-5,0.5233564013840841
2020-05-02,daytime,6,0.9844950096690368,3.5874335127530563e-4,1.6822429906542786
2020-05-02,nighttime,6,0.9916947104504928,1.031803113077148e-4,0.8678899082568763
2020-05-03,daytime,6,0.9926076185236822,8.176896897860193e-5,0.8284742468415929
2020-05-03,nighttime,6,0.9958259914563511,2.6097160470393742e-5,0.5371198568873006
2020-05-04,daytime,6,-0.7410574474861491,0.09189565792377194,-1.5275229357798117
2020-05-04,nighttime,6,0.9963911460087389,1.951224015010175e-5,0.8443504996156804
2020-05-05,daytime,6,0.9698466431688371,0.0013501293004314473,0.49047990201536273
2020-05-05,nighttime,6,0.9128818971609226,0.011053751561762347,0.2512315270935996
2020-05-06,daytime,6,0.9384321096489933,0.005569217903144327,1.4061393152302193
2020-05-06,nighttime,6,0.9921592509063067,9.197500530153883e-5,0.5566197183098562
2020-05-07,daytime,6,-0.11633501014942828,0.8262847141678463,-0.21428571428584617
2020-05-07,nighttime,6,0.9609341637810646,0.0022593993801880005,0.4361899329816062
2020-05-08,daytime,6,0.9748156341696974,9.43391802659015e-4,0.32101313320825287
2020-05-08,nighttime,6,0.8147002460890599,0.048322772135269795,0.19806996381182862
2020-05-09,daytime,6,0.8958243571601553,0.015713560396835843,0.23706624605677826
2020-05-09,nighttime,6,0.9926761841222228,8.026100007763085e-5,0.3667828386011284
2020-05-10,daytime,6,0.9804757679299042,5.68072180840939e-4,0.20979877515310286
2020-05-10,nighttime,6,0.8982344030364673,0.015007400781691115,0.1320455146864274
2020-05-11,daytime,6,0.9417462153997403,0.004991412921738323,0.19930020993701608
2020-05-11,nighttime,6,0.9450443971030777,0.004447191223929306,0.15121747309018688
2020-05-12,daytime,6,0.9807249932354077,5.537082466818488e-4,0.3314176245210742
2020-05-12,nighttime,6,0.9683073961123182,0.0014907153510903162,0.2823076923076943
2020-05-13,daytime,6,0.8894991799933211,0.017641015501881397,1.7142857142857917
2020-05-13,nighttime,6,0.9577342609670015,0.0026418374402583816,0.33750625938908896
2020-05-14,daytime,6,0.9862028968960466,2.842268724453041e-4,0.16346153846153788
2020-05-14,nighttime,6,0.6000000000000039,0.20799999999999608,1.1999999999999886
2020-05-15,daytime,6,0.867199078814482,0.0252830828565936,0.07354673998428686
2020-05-15,nighttime,6,-0.39659417295708693,0.43629828211556393,-0.5582822085889674
2020-05-16,daytime,6,0.9159479241423674,0.01030022367131929,0.5180467091295136
2020-05-16,nighttime,6,0.9902682453181364,1.4159974089729047e-4,0.39982110912344215
2020-05-17,daytime,6,-0.19143801288550374,0.7163509399024159,-0.490909090909182
2020-05-17,nighttime,6,0.9573627749822207,0.002688143627543076,0.23690773067332171
2020-05-18,daytime,6,0.7887242164220328,0.06224077826631827,0.23926380368098032
2020-05-18,nighttime,6,0.9370320446284831,0.005822612286178042,0.29201193238316864
2020-05-19,daytime,6,0.9876109814908995,2.2928088795694062e-4,0.25218214323272786
2020-05-19,nighttime,6,0.8935693632262437,0.01638842518774869,0.3710344827586236
2020-05-20,daytime,6,0.9932207752653068,6.878105257966013e-5,0.19767223577998422
2020-05-20,nighttime,6,0.9213032743234667,0.009046070665762447,1.0387409200968516
2020-05-21,daytime,6,0.9841401418595536,3.753079948490909e-4,0.6598746081504783
2020-05-21,nighttime,6,0.9745198931297688,9.655824698060605e-4,0.9070063694267447
2020-05-22,daytime,6,0.8783100656536798,0.021311641128756765,0.21428571428568371
2020-05-22,nighttime,6,0.9872728999698976,2.4193785081807125e-4,0.7596837944664095
2020-05-23,daytime,6,0.6802384068616762,0.1370238066881077,0.029041273441611722
2020-05-23,nighttime,6,0.8151189190961143,0.04811180969988533,0.28800988875153916
2020-05-24,daytime,6,-0.6668859288553448,0.14796547773876087,-0.40624999999999944
2020-05-24,nighttime,6,0.9698168001662059,0.0013527894951621488,0.3778256189450914
2020-05-25,daytime,6,0.9687964455452047,0.0014453018612560452,0.7508532423207794
2020-05-25,nighttime,6,0.6622661785325199,0.15183454328291204,1.0526315789473488
2020-05-26,daytime,6,0.774663730985191,0.07044376508951035,0.30399999999998656
2020-05-26,nighttime,6,-0.9917866617453487,1.0091135644214567e-4,-0.7363253856942555
2020-05-27,daytime,6,NA,NA,-8.57976760660153e-15
2020-05-27,nighttime,6,0.9475756746508311,0.004050425686600562,0.6432432432432403
2020-05-28,daytime,6,-0.9613263974459906,0.0022145502626030504,-0.10334691696172484
2020-05-28,nighttime,6,NA,NA,NA
2020-05-29,daytime,6,NA,NA,-4.385646208328073e-15
2020-05-29,nighttime,6,-0.7050159549902077,0.11768927532740137,-0.02824133504492382
2020-05-30,daytime,6,-0.6699739946729617,0.14540299798324577,-0.2189586114819642
2020-05-30,nighttime,6,-0.3901669076527864,0.4444472348011548,-0.01654676258992162
2020-05-31,daytime,6,NA,NA,0
2020-05-31,nighttime,6,NA,NA,8.494902060306347e-15
2020-06-01,daytime,6,-0.9099147651937067,0.01180748771118017,-0.0731161124174242
2020-06-01,nighttime,6,NA,NA,1.2129673768443905e-14
2020-06-02,daytime,6,-0.8945627288035749,0.016089453206846772,-0.06583555119764926
2020-06-02,nighttime,6,0.8288624656799157,0.041425940664981564,0.20909090909091282
2020-06-03,daytime,6,-0.10259377843481386,0.8466492569023509,-0.00669803487406562
2020-06-03,nighttime,6,0.9021588259634135,0.013891031345942674,0.23714759535655108
2020-06-07,daytime,6,0.973301675723529,0.0010596854890547634,0.23452566096423014
2020-06-07,nighttime,6,0.986856211171059,2.580034220481875e-4,0.2605459057071975
2020-06-08,daytime,6,0.9897760879505163,1.562582219237609e-4,0.2880582831802321
2020-06-08,nighttime,6,0.9698575456844976,0.0013491581002764291,0.16783677051338539
2020-06-09,daytime,6,0.976783417647997,8.022575626619025e-4,0.3139792634966042
2020-06-09,nighttime,6,0.9823519948149041,4.644298764964979e-4,0.2950129533678764
2020-06-10,daytime,6,0.9968712637086652,1.4668172585717525e-5,0.6782178217821929
2020-06-10,nighttime,6,NA,NA,7.645653651925359e-16
2020-06-11,daytime,6,NA,NA,-1.886707577558547e-15
2020-06-11,nighttime,6,0.9436367866151678,0.0046756900732627775,0.16460691660608953
2020-06-12,daytime,6,0.7890590229693732,0.062051118725890614,0.057209175314034154
2020-06-12,nighttime,6,0.7512491463506097,0.08511950409440641,0.07650862068965944
2020-06-13,daytime,6,-0.9613611775729101,0.0022105948167380576,-0.1335170340681364
2020-06-13,nighttime,6,0.8266606127033276,0.04246569008924977,0.17355371900826072
2020-06-14,daytime,6,NA,NA,-1.4646287318822962e-15
2020-06-14,nighttime,6,0.6408699444616591,0.17030230404517477,0.035714285714290146
2020-06-15,daytime,6,NA,NA,-1.6342943643488744e-15
2020-06-15,nighttime,6,NA,NA,6.4950685253512895e-15
2020-06-16,daytime,6,NA,NA,-1.3853954263692066e-15
2020-06-16,nighttime,6,NA,NA,2.0441728190225403e-15
2020-06-17,daytime,6,-0.943242218283799,0.004740747619668332,-0.06547619047619316
2020-06-17,nighttime,6,-0.6474980550884182,0.16448590518404196,-0.019776119402983076
2020-06-26,daytime,6,0.9968723390620017,1.4658096613774482e-5,0.34382597568778106
2020-06-26,nighttime,6,0.9925648513426981,8.271664048859184e-5,0.4613718411552328
2020-06-27,daytime,6,0.9913085296387067,1.1298420152524968e-4,0.3889765554553672
2020-06-27,nighttime,6,0.9808655052318946,5.45690489380606e-4,0.47024952015354504
2020-06-28,daytime,6,0.966704145464859,0.0016444647697763427,0.5526090675791266
2020-06-28,nighttime,6,0.9811000156160833,5.324384884357685e-4,0.5144420131291052
2020-06-29,daytime,6,0.6795428985442602,0.13758481968673028,0.40830945558738846
2020-06-29,nighttime,6,0.9910618778213615,1.1947800870448697e-4,0.6844450633616408
2020-06-30,daytime,6,0.9586349541351726,0.0025312113462312843,0.20098039215686034
2020-06-30,nighttime,6,0.9442530838581051,0.00457495512325001,0.3122529644268785
2020-07-01,daytime,6,0.9878373907528457,2.2099399384941024e-4,0.5621132128247252
2020-07-01,nighttime,6,0.9258446751186012,0.008044627793983336,0.2008712487899347
2020-07-02,daytime,6,0.11344493884383333,0.8305625959704501,0.1018899311492048
2020-07-02,nighttime,6,0.9869346088500037,2.5494150867522256e-4,0.7826681246582763
2020-07-03,daytime,6,0.9221093959212037,0.008864140253277503,1.334889148191369
2020-07-03,nighttime,6,0.9982734436385244,4.468921874473436e-6,0.4003965631196265
2020-07-04,daytime,6,0.982780107422356,4.4223398883477057e-4,0.8091520277597081
2020-07-04,nighttime,6,0.9619274488748409,0.0021466852778097875,0.8449966420416388
2020-07-05,daytime,6,0.9759360712015943,8.616416220815642e-4,0.9651781396098734
2020-07-05,nighttime,6,0.9924950633199845,8.42747575499555e-5,1.1217244294167306
2020-07-06,daytime,6,0.9921542347306268,9.209257190156344e-5,1.223186608803475
2020-07-06,nighttime,6,0.9888517060369116,1.857339075931338e-4,1.24191254888019
2020-07-07,daytime,6,0.9790282134121849,6.551118871367864e-4,0.9574478953821134
2020-07-07,nighttime,6,0.988688886215478,1.9118836329659955e-4,1.0119933829611205
2020-07-08,daytime,6,0.9922329045115206,9.025737270660053e-5,1.2682689636010063
2020-07-08,nighttime,6,0.98632190233027806,2.7935601371340354e-4,1.1090435429847256
2020-07-09,daytime,6,0.9834793591407022,4.0714285934292325e-4,1.2131104727082842
2020-07-09,nighttime,6,0.9637051693885614,0.0019520662361919726,0.6135436740913324
2020-07-10,daytime,6,0.9842300277494521,3.7107710400969434e-4,1.196944502182504
2020-07-10,nighttime,6,0.9934198182777351,6.480573028883884e-5,0.9145275990518111
2020-07-11,daytime,6,0.9316587867619943,0.006846187589881586,0.69459203036053
2020-07-11,nighttime,6,0.948697212666099,0.0038804501301452294,0.5003606983119321
2020-07-12,daytime,6,0.9979023797199619,6.5954014828564414e-6,1.1949279479365793
2020-07-12,nighttime,6,0.9835153692987024,4.05374782130087e-4,0.6066878980891686
2020-07-13,daytime,6,0.9860065243729869,2.923559574575956e-4,1.4157607254600588
2020-07-13,nighttime,6,0.9821892078869329,4.730114653723147e-4,1.0479666319082364
2020-07-14,daytime,6,0.9791187132228932,6.494897919109844e-4,1.2227253229112034
2020-07-14,nighttime,6,0.9767739355339683,8.029104548126419e-4,1.5499314299962441
2020-07-15,daytime,6,0.9969943994219641,1.3536876502993892e-5,2.9117954070981646
2020-07-15,nighttime,6,0.9885878536455722,1.9461248428826104e-4,0.8115455475946742
2020-07-16,daytime,6,0.9954269164199636,3.1321821482911325e-5,1.2003496503496491
2020-07-16,nighttime,6,0.9989514364608393,1.648651803284601e-6,1.077644606565913
2020-07-17,daytime,6,0.9610086427887045,0.0022508491199212015,1.2131645569620253
2020-07-17,nighttime,6,0.970170707697181,0.0013214091654587241,1.8244552058111414
2020-07-18,daytime,6,0.8694284581741797,0.02446033892481199,1.0717203812982348
2020-07-18,nighttime,6,0.9896560028777077,1.599440197670594e-4,1.9821102592186652
2020-07-19,daytime,6,0.9864272279587325,2.7508002233750205e-4,1.4665070747659588
2020-07-19,nighttime,6,0.9779162495939804,7.261530134382621e-4,1.770154723127031
2020-07-20,daytime,6,0.998527188537786,3.2521630129703644e-6,2.269316010699292
2020-07-20,nighttime,6,0.9697590653499991,0.001357943311760115,1.1676331049024766
2020-07-21,daytime,6,0.9892816567697463,1.7170864532414367e-4,1.5572007705356423
2020-07-21,nighttime,6,0.9642140156973498,0.0018980405868343803,1.117324936682862
2020-07-22,daytime,6,0.9908807316871959,1.2436239785650966e-4,1.6942360475755172
2020-07-22,nighttime,6,0.9754056574524964,8.998841943308895e-4,1.1901138572618635
2020-07-23,daytime,6,0.984745623988288,3.4726916521511794e-4,1.4213031161473086
2020-07-23,nighttime,6,0.9827295792171223,4.448255489808227e-4,1.2735602094240783
2020-07-24,daytime,6,0.9760165511068666,8.559110215111064e-4,1.5325175012023735
2020-07-24,nighttime,6,0.9943278541462774,4.816861222792964e-5,1.6092701972169388
2020-07-25,daytime,6,0.9694640932941341,0.0013844259226960874,1.455096849931525
2020-07-25,nighttime,6,0.9762517284338269,8.392738236941901e-4,1.4523500389509183
2020-07-26,daytime,6,0.9904777410125883,1.3557841645873666e-4,2.211864406779678
2020-07-26,nighttime,6,0.9941914945441148,5.051011763157793e-5,1.734636871508365
2020-07-27,daytime,6,0.9789382263473746,6.607259804990615e-4,1.250000000000003
2020-07-27,nighttime,6,0.9680539122921621,0.0015145274496007268,0.9167730405922783
2020-07-28,daytime,6,0.975401669587706,9.001748360572676e-4,1.3148597159681394
2020-07-28,nighttime,6,0.9882585872936642,2.0598181839872337e-4,1.1656603582119778
2020-07-29,daytime,6,0.2380171378509015,0.6497163854631429,2.2775119617221615
2020-07-29,nighttime,6,0.9903679656100601,1.3871731850566404e-4,1.546896334418635
2020-07-30,daytime,6,0.9737624164580961,0.001023585067369137,1.7585915492957886
2020-07-30,nighttime,6,0.9991135309541528,1.178392748048747e-6,1.4697499999999897
2020-07-31,daytime,6,0.9676176173881409,0.0015559496693939522,0.8954143201930869
2020-07-31,nighttime,6,0.9517312473570274,0.0034385787033080844,0.8956905935839169
2020-08-01,daytime,6,0.9958167706558592,2.6212509600528275e-5,1.2094090331140521
2020-08-01,nighttime,6,0.9677723687454266,0.0015411941897492132,0.8490289895862659
2020-08-02,daytime,6,0.990639617718844,1.3101507150676734e-4,2.144559173947625
2020-08-02,nighttime,6,0.9790015568423549,6.567724523421513e-4,0.6346153846153845
2020-08-03,daytime,6,0.9913018760620994,1.1315700151140129e-4,1.6001540832049486
2020-08-03,nighttime,6,0.9756887989184259,8.793673677792344e-4,1.1797035817208676
2020-08-04,daytime,6,0.9707573771360155,0.0012701933513991712,1.3828923238145125
2020-08-04,nighttime,6,0.9861137947634011,2.8790122827242605e-4,1.0024051993244911
2020-08-05,daytime,6,0.9777112237240094,7.396479062772546e-4,1.907641656558663
2020-08-05,nighttime,6,0.9768658436847816,7.965932074539134e-4,1.4615491683485275
2020-08-06,daytime,6,0.9801338171361663,5.88077586637974e-4,1.8488874215912854
2020-08-06,nighttime,6,0.9782438371396006,7.048470045583702e-4,2.184096922434179
2020-08-07,daytime,6,0.9815815071631516,5.0573716472734e-4,2.240290831707756
2020-08-07,nighttime,6,0.9774069035918338,7.599057074653926e-4,2.3913738019169344
2020-08-08,daytime,6,0.9676161503937057,0.0015560898793660848,1.8443587166182172
2020-08-08,nighttime,6,0.9952230992556378,3.417366955692521e-5,1.9378313253011956
2020-08-09,daytime,6,0.9503722354306154,0.00363325804094334,1.2724700556446364
2020-08-09,nighttime,6,0.9944406069324401,4.6274365252078235e-5,2.8307134220072454
2020-08-10,daytime,6,0.9854087267961109,3.1780460120408075e-4,1.8264531271572617
2020-08-10,nighttime,6,0.9810573183132236,5.348392285569805e-4,2.3309904153354544
2020-08-11,daytime,6,0.9440581508272068,0.0046067009908492456,1.2687230104873544
2020-08-11,nighttime,6,0.9791867293683877,0.00064528027797222155,1.1898763978811013
2020-08-12,daytime,6,0.758155005800085,0.08066086574898405,2.084158415841576
2020-08-12,nighttime,6,0.9233177673712782,0.008594795118808216,2.3408708938120624
2020-08-13,daytime,6,0.9791399230689961,6.481756581093274e-4,1.26302858844551
2020-08-13,nighttime,6,0.9890405945015622,1.7950469406368931e-4,2.126506024096355
2020-08-14,daytime,6,0.38230319265453855,0.4544831123329842,0.6955696202531624
2020-08-14,nighttime,6,0.9724177320807126,0.0011306802157272544,1.9228213098938658
2020-08-15,daytime,6,0.9591870199267435,0.0024645579366541184,1.698002300123532
2020-08-15,nighttime,6,0.9652575570340228,0.0017895883018385341,0.6752974107767638
2020-08-16,daytime,6,0.8150995691576735,0.04812155036950279,1.7973706773363929
2020-08-16,nighttime,6,0.9717648468490346,0.0011845809411063508,1.0449876746096944
2020-08-17,daytime,6,0.9411161398644994,0.005098879208042124,0.8211036992116467
2020-08-17,nighttime,6,0.9217817053623788,0.008937878686614298,0.6226382085374351
2020-08-18,daytime,6,0.9497992279171885,0.0037169203540013346,1.2036110650985623
2020-08-18,nighttime,6,0.929768366894137,0.007225515289873672,0.5740502253702499
2020-08-19,daytime,6,0.9561614013322339,0.002840609091975542,1.0133874239350966
2020-08-19,nighttime,6,0.9566501856340414,0.0027780779839263726,0.6038043478260834
2020-08-20,daytime,6,0.9946175686226343,4.337788525222424e-5,1.4883479111872342
2020-08-20,nighttime,6,0.9204196849194944,0.00924754769840485,0.785502958579877
2020-08-21,daytime,6,0.954108166999513,0.0031107650195992434,1.0986997186525767
2020-08-21,nighttime,6,0.9070576756982858,0.012555982761630342,1.0476237138657527
2020-08-28,daytime,6,0.9951628112970626,3.504100059685073e-5,2.070642474717433
2020-08-28,nighttime,6,0.9818921402993179,4.888731398571366e-4,1.4431587315608052
2020-08-29,daytime,6,0.9611715763536717,0.0022321999561154566,1.2436393805309738
2020-08-29,nighttime,6,0.9794316345907506,6.302356811877449e-4,0.693012443593598
2020-08-30,daytime,6,0.9702571056413574,0.0013138037737086786,1.2213924050632936
2020-08-30,nighttime,6,0.9803290791236644,5.766119086851861e-4,0.762873957822463
2020-08-31,daytime,6,0.9790056017136314,6.565203436552266e-4,1.450971250971247
2020-08-31,nighttime,6,0.8373284213572397,0.037540752633550466,1.650284020745865
2020-09-01,daytime,6,0.9926461607467717,8.091958368436017e-5,1.5572784810126623
2020-09-01,nighttime,6,0.9899452429063089,1.5113895169846376e-4,1.1133704735376015
2020-09-02,daytime,6,0.9348646858911053,0.006225741876476622,1.1146457119631512
2020-09-02,nighttime,6,0.9695985242374784,0.001372325314948432,1.4541213063763563
2020-09-03,daytime,6,0.9896205682786404,1.6103980268978202e-4,1.8476723145254252
2020-09-03,nighttime,6,0.9883178888799382,2.0391044143202049e-4,1.3042738677439796
2020-09-04,daytime,6,0.9445133250434635,0.004532741261015766,1.162484379749399
2020-09-04,nighttime,6,0.9802118425921953,5.834825243843471e-4,1.0165662650602427
2020-09-05,daytime,6,0.8746370494944484,0.022588710162855387,0.8144391806232077
2020-09-05,nighttime,6,0.98394278471661345,3.8468119465693646e-4,1.3862996559274265
2020-09-06,daytime,6,0.8672271707613712,0.02527263512179602,1.0717032345623183
2020-09-06,nighttime,6,0.9893644464600577,1.690709783369141e-4,1.5008488964346378
2020-09-07,daytime,6,0.9910140688175796,1.2075764551344423e-4,2.9953525964841563
2020-09-07,nighttime,6,0.9765573619191232,8.178943840743445e-4,0.8708992666923948
2020-09-08,daytime,6,-0.7033401180350534,0.11895654254292382,-0.263581488933602
2020-09-08,nighttime,6,0.9176449268509443,0.00989425631245105,0.3177095916888128
2020-09-09,daytime,6,0.9998567083602393,3.079726997058483e-8,2.8110874200426768
2020-09-09,nighttime,6,0.8539886397350336,0.03042254472826277,0.14414668547249793
2020-09-10,daytime,6,0.9928385243845115,7.674645514299732e-5,1.7678712048298175
2020-09-10,nighttime,6,0.9864278286248168,2.750557307420364e-4,1.7040133779264286
2020-09-11,daytime,6,0.9802900237927807,5.788962461928822e-4,2.1891130924448636
2020-09-11,nighttime,6,0.561409745772431,0.24635819655539734,26.000000000002863
2020-09-12,daytime,6,0.99639332047737,1.948874767744286e-5,1.085005903187724
2020-09-12,nighttime,6,0.9733525391880309,0.0010556697416006205,5.515837104072277
2020-09-13,daytime,6,0.9863658147830163,2.775692735899169e-4,0.8625776397515543
2020-09-13,nighttime,6,0.9960031048602307,2.3930830596286628e-5,1.4155947487070697
2020-09-14,daytime,6,0.9890562325705705,1.7899372244994504e-4,1.653245423121244
2020-09-14,nighttime,6,0.9675616717574681,0.001561301172147358,1.5688931913520507
2020-09-15,daytime,6,0.8643235880023524,0.026363361440635842,1.0866574501803987
2020-09-15,nighttime,6,0.9855724855563605,3.1072819307701257e-4,1.859195402298843
2020-09-16,daytime,6,0.9972965085870609,1.0953419001762492e-5,3.017708709794008
2020-09-16,nighttime,6,0.9642286130579033,0.00189650179314825,1.826626712328747
2020-09-17,daytime,6,0.9765679328736587,8.171598285966565e-4,2.405296908398925
2020-09-17,nighttime,6,0.9809123691575763,5.430293054711405e-4,1.3904368146683403
2020-09-18,daytime,6,0.9220322075632419,0.008881482791063669,1.369290092940487
2020-09-18,nighttime,6,0.9634806910088216,0.0019761377242680637,1.2609447004608312
2020-09-19,daytime,6,0.9577163771201205,0.002644057600381967,1.4768451971751775
2020-09-19,nighttime,6,0.9900979315799249,1.4659098484145832e-4,1.690409735402475
2020-09-20,daytime,6,0.940137590572748,0.005268003380244217,0.9534339229968831
2020-09-20,nighttime,6,0.9707904323412329,0.0012673374795553927,1.0920565832426554
2020-09-21,daytime,6,0.9465718684096622,0.004205590824073878,1.1258060801473977
2020-09-21,nighttime,6,0.9619309920447173,0.002146288307214033,1.5658667972575848
2020-09-22,daytime,6,0.9149941010826591,0.010531877842164337,0.9424067262217533
2020-09-22,nighttime,6,0.9866532297275195,2.6601564307835807e-4,1.7325248827365205
2020-09-23,daytime,6,0.9860248887173416,2.9159090732622196e-4,1.2258064516129037
2020-09-23,nighttime,6,0.9801729588256486,5.857702230338792e-4,1.786292498650833
2020-09-24,daytime,6,0.9883050093989734,2.043594294017517e-4,0.8256598118391454
2020-09-24,nighttime,6,0.9885495658261396,1.9591801695720967e-4,1.7512025211477718
2020-09-25,daytime,6,0.9909530332584019,1.224011745451573e-4,0.9994874423372632
2020-09-25,nighttime,6,0.9804018790367842,5.723658326056117e-4,1.367160775370578
2020-09-26,daytime,6,0.9982389103303917,4.649424282425545e-6,1.0231044581841882
2020-09-26,nighttime,6,0.9969013338474284,1.438772160677807e-5,1.267390666275324
2020-09-27,daytime,6,-0.9570158654002608,0.002731744227387003,-3.1209756097559898
2020-09-27,nighttime,6,0.9914556039679312,1.0919815623517419e-4,1.0268698060941908
2020-09-28,daytime,6,0.5596910047542905,0.248126221691803,0.9058454295802212
2020-09-28,nighttime,6,0.9813556089481197,5.181794572281755e-4,0.34341872791519457
2020-09-29,daytime,6,0.9945889419637949,4.3840106937121085e-5,0.43951006637573503
2020-09-29,nighttime,6,0.9829331910561322,4.344283756458706e-4,0.6900070372976757
2020-09-30,daytime,6,0.9682896859485663,0.001492372967571209,0.6800066423115213
2020-09-30,nighttime,6,0.9970214769902395,1.329418684815572e-5,0.9382566585956411
2020-10-01,daytime,6,0.834667404970361,0.0387426282226185,0.8655172413793084
2020-10-01,nighttime,6,0.9950794349558588,3.625837226755303e-5,0.44249432170142455
2020-10-02,daytime,6,0.9668210112339325,0.0016330054764613178,0.4276066058664004
2020-10-02,nighttime,6,0.9963044686223043,2.046019339767884e-5,0.34362884466270505
2020-10-03,daytime,6,0.9940022105337326,5.385233704735033e-5,0.4377817575495569
2020-10-03,nighttime,6,0.9819469815032573,4.8592537230572093e-4,0.5304014167650504
2020-10-04,daytime,6,0.9902221968610562,1.4294074577848225e-4,0.20841365234153358
2020-10-04,nighttime,6,0.9884670101622303,1.9874778124644887e-4,0.34031637451902774
2020-10-05,daytime,6,0.9979924736703857,6.0411976180145015e-6,0.1528630440240072
2020-10-05,nighttime,6,0.9878687754609897,2.19857257635733e-4,0.25402706185567203
2020-10-06,daytime,6,0.9969381570892807,1.4047970806872763e-5,0.17668064385229298
2020-10-06,nighttime,6,0.984169329655159,3.73931522224908e-4,0.37431693989070997
2020-10-07,daytime,6,0.9852986494394063,3.22605863154027e-4,0.26895960736961017
2020-10-07,nighttime,6,0.9891263692526555,1.767109419811543e-4,0.3391733497840848
2020-10-08,daytime,6,0.9972440783329312,1.1382190596366921e-5,0.24991174047777867
2020-10-08,nighttime,6,0.982406905899838,4.615527595241423e-4,0.29905229905230307
2020-10-09,daytime,6,0.9932085597545435,6.902886786895043e-5,0.28276470813984694
2020-10-09,nighttime,6,0.9920069499827728,9.557793948572981e-5,0.5295404814004402
2020-10-10,daytime,6,0.9824044611663253,4.616806645819851e-4,0.40871979098628647
2020-10-10,nighttime,6,0.9795810119323276,6.211459144141038e-4,0.35300573100841737
2020-10-11,daytime,6,0.9918973481084297,9.82134699425884e-5,0.17827213164711184
2020-10-11,nighttime,6,0.994811306030458,4.031397124061491e-5,0.4370811615785529
2020-10-12,daytime,6,0.9670355376131007,0.001612073158884754,0.39673358285130944
2020-10-12,nighttime,6,0.9737031232001774,0.0010281961106822731,0.20443786982248266
2020-10-13,daytime,6,0.9868242646427559,2.592563494626714e-4,0.11046847888953162
2020-10-13,nighttime,6,0.9163098849251216,0.01021296877918398,0.14177254415866386
2020-10-14,daytime,6,0.9403748501784186,0.00522674930802904,0.19721906923949695
2020-10-14,nighttime,6,0.9236636751623722,0.008518436902117751,0.12808910546467692
2021-03-20,daytime,6,-0.9487928927663306,0.0038661149322012727,-0.08032624814631797
2021-03-20,nighttime,6,NA,NA,-0
2021-03-21,daytime,6,-0.7873593978442527,0.06301665706334725,-0.08513189448441096
2021-03-21,nighttime,6,0.932904875469703,0.006601610672756991,0.3057851239669473
2021-03-22,daytime,6,NA,NA,1.9857678813362078e-14
2021-03-22,nighttime,6,0.9574501947002609,0.0026772109846365973,0.36923076923077003
2021-03-23,daytime,6,NA,NA,0
2021-03-23,nighttime,6,-0.4173650061841525,0.4103036364236815,-0.6000000000000035
2021-03-24,daytime,6,-0.6734655730504462,0.14252877509650624,-0.943396226415166
2021-03-24,nighttime,6,0.8131442791552764,0.049110551227753735,0.3117870722433481
2021-03-25,daytime,6,NA,NA,-7.980678607171948e-15
2021-03-25,nighttime,6,-0.8697618324032736,0.024338421831955767,-0.3922518159806202
2021-03-26,daytime,6,NA,NA,-4.644505016575251e-15
2021-03-26,nighttime,6,NA,NA,7.85310463287507e-15
2021-03-27,daytime,6,-0.6212642197722563,0.18799810684658727,-0.03446153846153807
2021-03-27,nighttime,6,0.19364916731036969,0.7131571709215148,0.05000000000000459
2021-03-28,daytime,6,NA,NA,0
2021-03-28,nighttime,6,-0.5929079207098192,0.21485348559112227,-0.03195816385821439
2021-03-29,daytime,6,-0.8987126970611619,0.014869117421898614,-0.09001487736411423
2021-03-29,nighttime,6,NA,NA,6.781040817091423e-15
2021-03-30,daytime,6,0.8028554522669724,0.05446785174613235,0.12395709177591256
2021-03-30,nighttime,6,NA,NA,3.5363224693620227e-15
2021-03-31,daytime,6,0.9611972638784756,0.0022292667807390816,0.17926421404682108
2021-03-31,nighttime,6,-0.9029437428546431,0.0136727446308004,-0.11919698870765022
2021-04-01,daytime,6,-0.8866206949335742,0.01855356229278242,-0.07486631016042897
2021-04-01,nighttime,6,-0.9109364226764497,0.011545240774786634,-0.13557380179491108
2021-04-02,daytime,6,-0.966652483930099,0.0016495430755767379,-0.11419406136045991
2021-04-02,nighttime,6,NA,NA,-0
2021-04-03,daytime,6,-0.8950747409384462,0.015936387632351844,-0.06782296650717695
2021-04-03,nighttime,6,0.7946356146827454,0.058931222842650594,0.15374331550802278
2021-04-04,daytime,6,-0.8112797323168054,0.05006234095577946,-0.044169870572008794
2021-04-04,nighttime,6,0.9341667601954037,0.0063583620551023986,0.21773142112125954
2021-04-05,daytime,6,0.46873486804938674,0.3483911238356163,0.02396862289366531
2021-04-05,nighttime,6,0.8660639443333432,0.02570696996625324,0.42456608811747476
2021-04-06,daytime,6,0.9929811626658275,7.372322801208276e-5,0.23593848746576696
2021-04-06,nighttime,6,0.8543803710631678,0.030263676824051323,0.188378275731107
2021-04-07,daytime,6,-0.9870371088316953,2.5096570142357896e-4,-0.5893390191897557
2021-04-07,nighttime,6,0.9130845269292663,0.0110031564330609,0.3244539158231251
2021-04-08,daytime,6,-0.9901422322174869,1.4528441130217797e-4,-0.6296028880866262
2021-04-08,nighttime,6,-0.648395224806634,0.1637051453656973,-0.034745154343143986
2021-04-09,daytime,6,-0.8184743931400144,0.046436544231428234,-0.047176079734235495
2021-04-09,nighttime,6,0.7488431124797571,0.0866982123483031,0.12662458225028322
2021-04-10,daytime,6,NA,NA,-2.6465866350555185e-15
2021-04-10,nighttime,6,NA,NA,2.5595105044903686e-14
2021-04-11,daytime,6,-0.12632705435896338,0.8115174151678515,-0.009924455636203736
2021-04-11,nighttime,6,NA,NA,1.0327886933288467e-14
2021-04-12,daytime,6,0.8945307306415198,0.016099042391169233,0.0889094697846698
2021-04-12,nighttime,6,-0.8948192411454087,0.016012681101212945,-0.14377921210771524
2021-04-13,daytime,6,0.6128358276922662,0.19582694544639748,0.031794095382284004
2021-04-13,nighttime,6,-0.7955112831224457,0.058448040188293755,-0.09630146545707698
2021-04-14,daytime,6,0.9350585797116107,0.006189140518053377,0.17708041468198407
2021-04-14,nighttime,6,-0.824845362677578,0.04333192303239195,-0.09491347666491562
2021-04-15,daytime,6,0.9245117688069765,0.008332625747505146,0.10737179487179012
2021-04-15,nighttime,6,NA,NA,-0
2021-04-16,daytime,6,0.8125220340832615,0.04942724493598439,0.3481012658227706
2021-04-16,nighttime,6,NA,NA,-0
2021-04-17,daytime,6,0.9603106414889475,0.002331607533201839,0.1794061907770001
2021-04-17,nighttime,6,NA,NA,-0
2021-04-18,daytime,6,-0.9330681313063814,0.006569889366030914,-0.06766917293233245
2021-04-18,nighttime,6,0.17006468841929293,0.7473622726812432,0.06748466257669947
2021-04-19,daytime,6,0.033149677206590206,0.95029369829847,0.13333333333317293
2021-04-19,nighttime,6,0.6621469905658776,0.1519349262080831,0.06218987760503316
2021-04-20,daytime,6,0.15190898727403618,0.7738892708401339,0.0119270972929447
2021-04-20,nighttime,6,-0.9237300948521675,0.008503812874095172,-0.15525423728812576
2021-04-21,daytime,6,0.7470837255007191,0.08786086047827049,0.08276513164795464
2021-04-21,nighttime,6,-0.4206250554242943,0.40627205278832823,-0.03804848112917767
2021-04-22,daytime,6,-0.47471292828346645,0.3414194479461535,-0.03988995873453091
2021-04-22,nighttime,6,-0.9156072485860769,0.010382676389598883,-0.1039603960396026
2021-04-23,daytime,6,NA,NA,0
2021-04-23,nighttime,6,0.868990818662806,0.024620826534006542,0.175332527206774
2021-04-24,daytime,6,0.563936498398817,0.24376802840510683,0.039128653373394245
2021-04-24,nighttime,6,0.8791798147475691,0.02101443838263149,0.11418685121107224
2021-04-25,daytime,6,0.8877635756552088,0.018188600466869733,0.07002612038857711
2021-04-25,nighttime,6,0.9257374827520177,0.00806760622669073,0.13991671624033633
2021-04-26,daytime,6,0.9526400955654002,0.003311327623478425,0.13694696041612228
2021-04-26,nighttime,6,0.9778705680221084,7.291491179590678e-4,0.32277834525026167
2021-04-27,daytime,6,0.9694447832330559,0.0013861684073452792,0.7133739052990988
2021-04-27,nighttime,6,0.9826091982249151,4.510301426444457e-4,0.775043936731104
2021-04-28,daytime,6,0.9885281555632462,1.9664995636794376e-4,2.2982583454281724
2021-04-28,nighttime,6,0.980686148736723,5.559350026887909e-4,0.33713355048860105
2021-04-29,daytime,6,0.99024510480911,1.422728422162321e-4,0.6320618058908758
2021-04-29,nighttime,6,0.9606809331284427,0.0022885901066518363,0.3830525272547103
2021-04-30,daytime,6,0.9897215197172268,1.579277892753523e-4,0.6996131528046392
2021-04-30,nighttime,6,0.9903569735920086,1.3903359478904795e-4,0.722791293213835
2021-05-01,daytime,6,0.9863312829065991,2.7897385110691423e-4,0.7763765541740678
2021-05-01,nighttime,6,0.9757013806324779,8.784611240566109e-4,1.0260813566598666
2021-05-02,daytime,6,0.9971264741634547,1.2373862531956135e-5,1.4962012051349196
2021-05-02,nighttime,6,0.9883061478374645,2.0431972280185836e-4,1.4423737126042022
2021-05-07,daytime,6,0.9986559826461843,2.708360066223928e-6,1.3286389326415253
2021-05-07,nighttime,6,0.990738233176004,1.2827324837037194e-4,1.318641212801803
2021-05-08,daytime,6,0.9490294879401538,0.0038307791301560074,3.2815734989648013
2021-05-08,nighttime,6,0.9828137584452298,4.40512224733516e-4,1.5316981132075416
2021-05-09,daytime,6,0.9488664212594786,0.003855116288560853,0.7367044463818668
2021-05-09,nighttime,6,0.9945297732293469,4.4803227543860454e-5,0.5070122492455198
2021-05-10,daytime,6,-0.22366238939450017,0.6701007562619863,-0.06772597030476604
2021-05-10,nighttime,6,0.9758475458763759,8.679670014347974e-4,0.6486710963455148
2021-05-11,daytime,6,0.9922876492256575,8.899116502083885e-5,0.6459127709584743
2021-05-11,nighttime,6,0.9983743217204216,3.9620966074822165e-6,0.9110867178924192
2021-05-12,daytime,6,0.977925891734741,7.255213995183299e-4,0.5486698911729129
2021-05-12,nighttime,6,0.9860866113258984,2.890268831176452e-4,0.7077669902912632
2021-05-13,daytime,6,0.9942089395509581,5.020746608151866e-5,0.721313048903396
2021-05-13,nighttime,6,0.9633636357608104,0.0019887476882579887,0.7056987425309906
2021-05-14,daytime,6,0.9930046504850161,7.323121383879393e-5,1.1118324306875667
2021-05-14,nighttime,6,0.9853145634618334,3.2190952382734044e-4,0.9138230190861738
2021-05-15,daytime,6,0.9922764944326169,8.924844401845832e-5,0.674737723105669
2021-05-15,nighttime,6,0.989933897843804,1.5147963791818826e-4,1.9068825910931009
2021-05-16,daytime,6,0.2778648922147791,0.5939294827834541,3.47826086956512
2021-05-16,nighttime,6,0.9738530980522874,0.0010165529204077756,1.7387931034482598
2021-05-17,daytime,6,0.9697249349061513,0.0013609945966363824,1.10542168674699
2021-05-17,nighttime,6,0.9848799178285254,3.411969742656906e-4,1.6881396748946151
2021-05-18,daytime,6,0.9751813941276181,9.163011222582624e-4,1.5881416633505736
2021-05-18,nighttime,6,0.9870351763722177,2.5104037065251775e-4,2.2558139534883166
2021-05-19,daytime,6,0.99902085868060575,1.4376072249494244e-6,1.4400000000000062
2021-05-19,nighttime,6,0.9958030625697479,2.6384462666696452e-5,1.7335852621634202
2021-05-20,daytime,6,0.8830382867127884,0.019720042965604333,1.4032258064516112
2021-05-20,nighttime,6,0.9574536285419996,0.002676781999061956,2.1425605536332246
2021-05-21,daytime,6,0.9810338032062299,5.361637031197915e-4,1.0418246581638537
2021-05-21,nighttime,6,0.9759576534334582,8.601029906107542e-4,3.2020202020200705
2021-05-22,daytime,6,0.992798442011251,7.760691102254919e-5,1.449822271996895
2021-05-22,nighttime,6,0.9961296669825879,2.2440228715008977e-5,3.385088393543355
2021-05-23,daytime,6,0.9890785584330603,1.7826548561957666e-4,1.3667717086834756
2021-05-23,nighttime,6,0.9962887413423257,2.0634602835491096e-5,2.5588025659301157
2021-05-24,daytime,6,0.9980019220394006,5.984484826106703e-6,1.9903469256420914
2021-05-24,nighttime,6,0.9835668815686194,4.028522117695225e-4,1.324612827018985
2021-05-25,daytime,6,0.9896462437523909,1.602454399278313e-4,1.3399585770865952
2021-05-25,nighttime,6,0.9803497937274451,5.754021367974677e-4,1.9239386792452593
2021-05-26,daytime,6,0.9997247232222625,1.1365552667626967e-7,1.5733555622916036
2021-05-26,nighttime,6,0.9963265805595308,2.0216230998384962e-5,0.965725806451608
2021-05-27,daytime,6,-0.2723648575532172,0.601555082439667,-0.389154704944204
2021-05-27,nighttime,6,0.9787171016391861,6.746224743773338e-4,1.2853098458634764
2021-05-28,daytime,6,0.3870046951086363,0.4484743136224304,4.128205128204245
2021-05-28,nighttime,6,0.967699001528646,0.0015481810572785504,0.2539317900689177
2021-05-29,daytime,6,0.9952452317641187,3.385798399088641e-5,0.9346774193548397
2021-05-29,nighttime,6,0.9815682943110042,5.064607807306829e-4,0.5541022592152202
2021-05-30,daytime,6,0.979679774603389,6.151721122678634e-4,2.412885906040278
2021-05-30,nighttime,6,0.989721768362781,1.579201616748994e-4,1.1062564632885206
2021-05-31,daytime,6,0.9962265219249922,2.1331839638619208e-5,0.7347757808410411
2021-05-31,nighttime,6,0.9832867566763589,4.166644775524848e-4,1.5836909871244589
2021-06-01,daytime,6,0.9941713310891924,5.08610621121147e-5,0.722405271828665
2021-06-01,nighttime,6,0.9884294880066727,2.000406104236418e-4,1.7732983311456976
2021-06-02,daytime,6,0.9959968905286586,2.4005253473975175e-5,0.6954445991645106
2021-06-02,nighttime,6,0.9617581374546539,0.002165696860701348,1.0734011627906963
2021-06-03,daytime,6,0.9968852334513807,1.4537546603251488e-5,0.9050722974523753
2021-06-03,nighttime,6,0.9929649675243368,7.406343510561357e-5,0.9733656174334168
2021-06-04,daytime,6,0.9994010763194175,5.379569429141459e-7,0.7742543709290359
2021-06-04,nighttime,6,0.9927386958623128,7.889837495651637e-5,0.9623225336730944
2021-06-05,daytime,6,0.9977507823225273,7.5827808671795166e-6,0.9171279180966405
2021-06-05,nighttime,6,0.9912003961460627,1.1580885199359715e-4,1.1318460272469595
2021-06-06,daytime,6,0.9962430247952268,2.1145779439350053e-5,1.4539426947667549
2021-06-06,nighttime,6,0.9914171484793638,1.1018188099924607e-4,1.0778830598567102
2021-06-07,daytime,6,0.9998060814662965,5.64029504757662e-8,1.0337368105304003
2021-06-07,nighttime,6,0.9892139302867613,1.738815278889338e-4,1.6312649164677693
2021-06-08,daytime,6,0.9959945017472355,2.40338922398155e-5,1.1942736446843456
2021-06-08,nighttime,6,0.9741493273879247,9.937484617332233e-4,1.756812796208514
2021-06-09,daytime,6,0.9951310165052313,3.550278591197723e-5,1.0088014585932359
2021-06-09,nighttime,6,0.9803477912457449,5.755190304003564e-4,1.3809476309226838
2021-06-10,daytime,6,0.9997408701541697,1.0071371543871468e-7,0.9629915188897471
2021-06-10,nighttime,6,0.9875503311488715,2.3152656818294703e-4,1.1798753339269825
2021-06-11,daytime,6,0.9730189793144419,0.00108214245514685,1.2104289318755292
2021-06-11,nighttime,6,0.990954646352158,1.2235759563806336e-4,0.8921304241235551
2021-06-12,daytime,6,0.9985143796981845,3.30896208947242e-6,0.4935708387401215
2021-06-12,nighttime,6,0.9807244856672604,5.537373143371983e-4,0.23187188868230343
2021-06-13,daytime,6,0.9996736822274056,1.5970755937164304e-7,0.452601010806132
2021-06-13,nighttime,6,0.9867130337952544,2.636423428231436e-4,0.39307978543468836
2021-06-14,daytime,6,0.9985852171658501,3.0009997796424053e-6,0.6417575743418454
2021-06-14,nighttime,6,0.9928574752256383,7.634129992029665e-5,0.5269271383315726
2021-06-15,daytime,6,0.9995398109316896,3.1761223985359287e-7,0.6976149006504815
2021-06-15,nighttime,6,0.9920523536945401,9.449661583054652e-5,0.8094285714285666
2021-06-16,daytime,6,0.9924344318334458,8.564021420334415e-5,0.2776716597969228
2021-06-16,nighttime,6,0.9932760910093346,6.766443100842694e-5,0.5921897599074324
2021-06-17,daytime,6,0.9967922229261819,1.541824688656321e-5,0.4240858505564367
2021-06-17,nighttime,6,0.9924787006094985,8.464217703771239e-5,0.2786632390745503
2021-06-18,daytime,6,0.9934083216164808,6.503213091677167e-5,1.0599919743178357
2021-06-18,nighttime,6,0.9984131000574447,3.775379035000164e-6,0.6842229570146405
2021-06-19,daytime,6,0.9972316822238854,1.1484767347376364e-5,0.7873018340068418
2021-06-19,nighttime,6,0.9765817962675801,8.161969839917888e-4,0.729769118662266
2021-06-20,daytime,6,0.9843871561473991,3.637384393673617e-4,0.7547722740038295
2021-06-20,nighttime,6,0.9794190230749595,6.310061065531366e-4,0.5659562211981546
2021-06-21,daytime,6,0.9984987331460493,3.3790114709123033e-6,1.0002937720329055
2021-06-21,nighttime,6,0.9967839839421583,1.549750768647361e-5,0.4971804511278182
2021-06-22,daytime,6,0.9696121227320357,0.001371104193594839,0.7173998428908098
2021-06-22,nighttime,6,0.9882710321701659,2.0554626018161082e-4,0.5204522096608428
2021-06-23,daytime,6,0.9994521550350355,4.5011894497612955e-7,0.5911179982038774
2021-06-23,nighttime,6,0.9970725197411197,1.2842666540393231e-5,0.5972400513478776
2021-06-24,daytime,6,0.9940404385282468,5.316872839952667e-5,1.0488621151271778
2021-06-24,nighttime,6,0.966701603173571,0.0016447144948018382,0.8970081790787736
2021-06-25,daytime,6,0.9921722581980319,9.167049584548709e-5,0.7814844232636138
2021-06-25,nighttime,6,0.9985570652595271,3.121588859062481e-6,1.0749399169761797
2021-06-26,daytime,6,0.7875845359659417,0.06288836619193407,0.35197817189631464
2021-06-26,nighttime,6,0.9934150786263848,6.489901923329099e-5,0.9898955877399739
2021-06-27,daytime,6,0.2216852759253282,0.6729193767885406,0.031007751937985766
2021-06-27,nighttime,6,0.9874765943807867,2.3427147398491792e-4,1.1471882640586601
2021-06-28,daytime,6,0.9875490333969905,2.3157473870511218e-4,0.20078740157480293
2021-06-28,nighttime,6,-0.8431710977020013,0.03496432958325542,-0.15234374999999534
2021-06-29,daytime,6,0.9549205567811123,0.0030024300663516264,0.18948015995078588
2021-06-29,nighttime,6,0.8487498806445573,0.032584853772824406,0.16465745369008777
2021-07-01,daytime,6,0.9950292217049794,3.700154470947436e-5,0.4686948254787468
2021-07-01,nighttime,6,0.5946579977291907,0.21315392924708385,0.06800348735832634
2021-07-02,daytime,6,0.9907203391525417,1.2876861259908737e-4,0.8353582993475807
2021-07-02,nighttime,6,0.9885394004646453,1.9626536438357417e-4,0.43190007206341746
2021-07-03,daytime,6,0.9624875232125877,0.002084385357608355,0.6365623882020903
2021-07-03,nighttime,6,0.9947711904463402,4.0939195021288204e-5,0.9608681354817439
2021-07-04,daytime,6,0.9975742818157731,8.819026469186407e-6,1.0065526925161377
2021-07-04,nighttime,6,0.998920038893017,1.7488442009389154e-6,1.1442000376010517
2021-07-05,daytime,6,0.9981697143717745,5.021852542798751e-6,1.118793021911629
2021-07-05,nighttime,6,0.9993709341651615,5.934612686724468e-7,1.2076157158234653
2021-07-06,daytime,6,0.9997431690914453,9.893470282849706e-8,1.5565769251481998
2021-07-06,nighttime,6,0.9691609584625797,0.001411905043424299,1.1540760869565172
2021-07-07,daytime,6,0.9906011136797843,1.3209345168013726e-4,3.204549692336432
2021-07-07,nighttime,6,0.9940190614157134,5.355046557338535e-5,1.4331975123311087
2021-07-08,daytime,6,0.995950544122207,2.456393768243698e-5,1.2655765099069056
2021-07-08,nighttime,6,0.9972743606759812,1.113354005015269e-5,0.9456890699253171
2021-07-09,daytime,6,0.999828053319933,4.434594932049992e-8,1.162573430532951
2021-07-09,nighttime,6,0.9918751894096209,9.875065097329537e-5,1.4495339280344754
2021-07-10,daytime,6,0.9621136831385143,0.0021258690097461833,0.7638930950938823
2021-07-10,nighttime,6,0.9739137412561399,0.0010118635860079767,1.2938679245282936
2021-07-11,daytime,6,-0.784716785939268,0.0645314426503932,-0.13861500985964584
2021-07-11,nighttime,6,0.987395526760972,2.3730786481468636e-4,0.36214563646470055
2021-07-12,daytime,6,0.9892349330148555,1.7320623692445311e-4,0.3288248938157068
2021-07-12,nighttime,6,NA,NA,3.3525391689964636e-15
2021-07-13,daytime,6,0.9779100612014843,7.265585313151903e-4,0.23984575835475525
2021-07-13,nighttime,6,0.9945060504264438,4.519230961136524e-5,0.3109652597035196
2021-07-14,daytime,6,0.9960791468113832,2.3029496776092995e-5,0.8075818495117822
2021-07-14,nighttime,6,0.9994008545081731,5.383554413423866e-7,0.5733573357335752
2021-07-15,daytime,6,0.9945749927675898,4.406622431796048e-5,1.217643446817229
2021-07-15,nighttime,6,0.9939087107902265,5.554270135446017e-5,0.9532835604522927
2021-07-16,daytime,6,0.998046250178864,5.721978678686094e-6,1.3274310311093744
2021-07-16,nighttime,6,0.9898716136940074,1.5335680749547516e-4,0.9051189245087932
2021-07-17,daytime,6,-0.5275925915488375,0.2820398516639229,-0.6921898928024801
2021-07-17,nighttime,6,0.9895166129664331,1.642760360681003e-4,1.515591177675111
2021-07-18,daytime,6,0.9982517187212633,4.58205934449598e-6,1.2273816988160757
2021-07-18,nighttime,6,0.9974912426338618,9.432900394992764e-6,1.1982133827743036
2021-07-19,daytime,6,0.9971242447235052,1.2393061412784896e-5,1.2791631445477771
2021-07-19,nighttime,6,0.9988650682338408,1.93137423491131e-6,1.3755346449957195
2021-07-20,daytime,6,0.9961279081258404,2.2460615901307265e-5,1.4743852459016444
2021-07-20,nighttime,6,0.9947873297838472,4.0687077016397124e-5,1.6123786123785973
2021-07-21,daytime,6,0.9993224957411697,6.883625398003201e-7,2.0279345574051773
2021-07-21,nighttime,6,0.9928956648914297,7.552808250287531e-5,2.2560344827586287
2021-07-22,daytime,6,0.9697832132932008,0.0013557865163365767,2.666354498345516
2021-07-22,nighttime,6,0.9951495222098764,3.523364326633537e-5,1.7088997178763747
2021-07-23,daytime,6,0.9830337580404781,4.293381544134097e-4,1.7462321792260704
2021-07-23,nighttime,6,0.9843282558843157,3.664808273396927e-4,1.6400300131307366
2021-07-24,daytime,6,0.9901711447603152,1.444348278465912e-4,2.082896929302553
2021-07-24,nighttime,6,0.9882100164469825,2.0768614253042727e-4,2.2794682729255156
2021-07-25,daytime,6,0.9901472999682672,1.451353180069956e-4,2.4571669714446585
2021-07-25,nighttime,6,0.9825443270066213,4.5439140316167717e-4,1.5832736739342619
2021-07-26,daytime,6,0.9902733851442154,1.4145045172555813e-4,1.956963428149244
2021-07-26,nighttime,6,0.9813394915850154,5.190729309615397e-4,1.642545920546778
2021-07-27,daytime,6,0.9764046130379243,8.285451539982774e-4,1.6241989769723746
2021-07-27,nighttime,6,0.9881688710278878,2.0913538436840383e-4,1.8557271095152577
2021-07-28,daytime,6,0.9763557066521694,8.319697099481551e-4,1.8322846828261998
2021-07-28,nighttime,6,0.9851894668398639,3.274034794925268e-4,2.1848236077213157
2021-07-29,daytime,6,0.9788628304180013,6.654480752502415e-4,2.0207875745214974
2021-07-29,nighttime,6,0.9912831660362525,1.1364362508271281e-4,2.1326224091318715
2021-07-30,daytime,6,0.9521386453267794,0.0033812456822937117,2.431399132321045
2021-07-30,nighttime,6,0.9849839469353616,3.365298507504008e-4,1.3086895585143599
2021-07-31,daytime,6,0.09367284187874772,0.8599017081022046,0.12325245058652932
2021-07-31,nighttime,6,0.9654227983470122,0.0017727043561608833,0.6689987279665645
2021-08-01,daytime,6,0.999690847349768,1.4334826803010311e-7,2.3866560551797407
2021-08-01,nighttime,6,0.9117465258338903,0.011339324708637839,0.4905053105889918
2021-08-02,daytime,6,0.9903314086077358,1.3977057128160728e-4,0.8480164158686743
2021-08-02,nighttime,6,0.9827579436597005,4.433698276709463e-4,1.3236822568671098
2021-08-03,daytime,6,0.9896754348654523,1.5934468582294123e-4,2.2734842951059147
2021-08-03,nighttime,6,0.994551591435368,4.4446865401944056e-5,0.9757738896366023
2021-08-04,daytime,6,0.9722934496469537,0.0011408448913853182,1.646778141985811
2021-08-04,nighttime,6,0.9921243002352786,9.27957185523065e-5,1.8109982660391366
2021-08-05,daytime,6,0.9739782668669065,0.0010068858370519814,1.5812037518667086
2021-08-05,nighttime,6,0.9707099432059044,0.0012742970618715439,2.463890882986364
2021-08-06,daytime,6,0.978996625369587,6.570798861214518e-4,1.7622670216812482
2021-08-06,nighttime,6,0.9807178586125519,5.541169052300143e-4,1.4854866249288556
2021-08-07,daytime,6,0.9599782076096779,0.0023705634689646185,5.361435953222792
2021-08-07,nighttime,6,0.9829077388540324,4.357213739644507e-4,2.252945797329132
2021-08-08,daytime,6,0.9990388023105585,1.3854074715291254e-6,1.9785714285714384
2021-08-08,nighttime,6,0.9942400755538461,4.966954671009549e-5,1.150000000000001
2021-08-09,daytime,6,0.9842432864961819,3.7045503935683995e-4,1.4625274157022898
2021-08-09,nighttime,6,0.9806218966854654,5.596279877108013e-4,2.350023618327824
2021-08-10,daytime,6,0.9840100287723696,3.81474618425933e-4,1.72394258859394
2021-08-10,nighttime,6,0.9964105929411047,1.9302641873104583e-5,2.8817871155549613
2021-08-11,daytime,6,0.9869564674151083,2.5409104093400067e-4,1.8195233652786076
2021-08-11,nighttime,6,0.9887199520594699,1.9014158858513062e-4,2.067370612730498
2021-08-12,daytime,6,0.9885553366919317,1.9572096453147485e-4,2.36399770686034
2021-08-12,nighttime,6,0.991488442296698,1.083616050349413e-4,1.6528113142462797
2021-08-13,daytime,6,0.998977659624853,1.567235499207427e-6,1.9089118272791874
2021-08-13,nighttime,6,0.9921170467676316,9.296650038767217e-5,1.4735820835186018
2021-08-14,daytime,6,0.9984815025439364,3.4570010841778437e-6,1.6290100034494779
2021-08-14,nighttime,6,0.991675000920513,1.0366992994182259e-4,1.4755594449306144
2021-08-15,daytime,6,0.9999420223009718,5.0420229333858835e-9,1.1815228690228716
2021-08-15,nighttime,6,0.991484441742437,1.0846334694262047e-4,1.243398891665755
2021-08-16,daytime,6,0.9995244293963197,3.3919731934406064e-7,1.1025514942905554
2021-08-16,nighttime,6,0.9939998863867194,5.3894038923179224e-5,1.3840454043827797
2021-08-17,daytime,6,0.998454002106032,3.583316680112985e-6,1.1516940451745434
2021-08-17,nighttime,6,0.9976742710213399,8.107232971475115e-6,1.5946978207144364
2021-08-18,daytime,6,0.9989034008544635,1.8031351824740988e-6,1.145042757883498
2021-08-18,nighttime,6,0.9943850198055915,4.720348932036252e-5,1.4591760299625383
2021-08-19,daytime,6,0.9958374863731564,2.595371860332279e-5,1.291172256713576
2021-08-19,nighttime,6,0.9987176710404807,2.4654970305612978e-6,1.7499195019856308
2021-08-20,daytime,6,0.9899762484067163,1.5020982279802153e-4,0.9305060584461899
2021-08-20,nighttime,6,0.9998623664584343,2.8413184050363484e-8,1.18179285366023
2021-08-21,daytime,6,0.9920362428736901,9.48796049274047e-5,1.1386650631389121
2021-08-21,nighttime,6,0.9704929035440578,0.001293157658625642,0.6213305375524207
2021-08-22,daytime,6,0.9991888488561116,9.86682412338191e-7,0.7696613995485352
2021-08-22,nighttime,6,0.9981322415051713,5.229524834398544e-6,0.859166874532299
2021-08-23,daytime,6,0.9959892724644787,2.4096644894333855e-5,0.7461118292123582
2021-08-23,nighttime,6,0.9902636023876421,1.4173466492212354e-4,2.7312138728323356
2021-08-24,daytime,6,0.9991197473633597,1.1619260269212644e-6,0.7220245086867397
2021-08-24,nighttime,6,0.9926567005984428,8.068807894363394e-5,0.9825457197936707
2021-08-25,daytime,6,0.9967373374614223,1.5950084793689148e-5,0.7747084952804011
2021-08-25,nighttime,6,0.9916721731485973,1.0374027146149748e-4,0.5631865020948928
2021-08-26,daytime,6,0.9955475327531343,2.9692562986993033e-5,0.7851594439901923
2021-08-26,nighttime,6,0.9922228989295534,9.048975921720425e-5,0.9350389059184123
2021-08-27,daytime,6,0.98559929015644,3.0957745319698516e-4,0.7275862068965521
2021-08-27,nighttime,6,0.9991676743181421,1.0388607575367097e-6,0.8207103415365667
2021-08-28,daytime,6,0.9693806244778068,0.001391965697122689,0.7080474308300437
2021-08-28,nighttime,6,0.9991341525097218,1.12421325521664e-6,0.6406691800188455
2021-08-29,daytime,6,0.9984416915507367,3.6405957947118458e-6,1.050238111207995
2021-08-29,nighttime,6,0.9959617706138052,2.442801856117051e-5,0.49444967845000665
2021-08-30,daytime,6,0.989586303071501,1.6210296846032904e-4,0.8751620888836543
2021-08-30,nighttime,6,0.9986876260738248,2.5823578157342353e-6,0.9843980949252744
2021-08-31,daytime,6,-0.9482093707426092,0.003953945711419355,-0.31938868022277217
2021-08-31,nighttime,6,0.984245234286324,3.703636980228303e-4,0.28451916829109836
2021-09-01,daytime,6,0.7713895162980284,0.07242022323666862,0.08087946603847518
2021-09-01,nighttime,6,0.8356109565999338,0.0383144315553365,0.43292309405802926
2021-09-02,daytime,6,0.9207354077277708,0.009175308596230834,0.4226552984165725
2021-09-02,nighttime,6,-0.9184995955403809,0.009692798173319405,-0.3506493506493345
2021-09-03,daytime,6,0.8639500208659161,0.026505280102844135,0.5301204819277566
2021-09-03,nighttime,6,-0.6423640548375804,0.1689837648469647,-0.07368421052631254
2021-09-04,daytime,6,NA,NA,-3.531155159486283e-15
2021-09-04,nighttime,6,-0.5128776445321717,0.29813809297173444,-0.11956521739129855
2021-09-05,daytime,6,NA,NA,-2.3499116108147743e-15
2021-09-05,nighttime,6,NA,NA,6.565672007111209e-15
2021-09-06,daytime,6,0.9001343826947866,0.014461725312455882,0.06385891447898127
2021-09-06,nighttime,6,NA,NA,3.982461906408482e-15
2021-09-07,daytime,6,0.9461859594344519,0.004266005031713483,0.396475770925107
2021-09-07,nighttime,6,0.6394811726804539,0.17153173181887646,0.04946808510638569
2021-09-08,daytime,6,0.974837191993274,9.417842315192282e-4,0.5196374622356533
2021-09-08,nighttime,6,0.9582009806409563,0.0025842222831289293,0.09780775716694926
2021-09-09,daytime,6,0.9836629297309482,3.9816961653944973e-4,0.5296656914000674
2021-09-09,nighttime,6,0.9939209911642465,5.531919973245566e-5,0.24465920651068265
2021-09-10,daytime,6,0.9989162421325838,1.7611602191115712e-6,0.4605005866249523
2021-09-10,nighttime,6,0.9983933330857303,3.869994152339692e-6,0.4090009891196817
2021-09-11,daytime,6,0.9906659591640063,1.3027986651945443e-4,0.5665729020159384
2021-09-11,nighttime,6,0.9990293296917411,1.4128439878097428e-6,0.6134127395132037
2021-09-12,daytime,6,0.9513211103071382,0.0034967758692015555,2.598698481561894
2021-09-12,nighttime,6,0.9889095404350865,1.8381538624193634e-4,0.8943175783324404
2021-09-13,daytime,6,0.9862374019452458,2.828102771335833e-4,0.5663555810114252
2021-09-13,nighttime,6,0.998052313221691,5.686531420492381e-6,0.5706992230854561
2021-09-14,daytime,6,0.9355008210260501,0.0061060531934156404,0.917769642354273
2021-09-14,nighttime,6,0.9900409498275345,1.4828013786166472e-4,0.6152095188825666
2021-09-15,daytime,6,0.9812136175073145,5.260771289718511e-4,0.7076360640543781
2021-09-15,nighttime,6,0.998871586020427,1.9092587489661003e-6,0.3928672837753414
2021-09-16,daytime,6,0.9986154668146802,2.874071183796068e-6,0.5366446682876028
2021-09-16,nighttime,6,0.9933385979088185,6.641361927706141e-5,0.6657718120805307
2021-09-17,daytime,6,0.9635939297544192,0.0019639765878283677,1.1357333981999589
2021-09-17,nighttime,6,0.9979902056498633,6.054850940403738e-6,1.0044971381847794
2021-09-18,daytime,6,0.9988145243082095,2.107195918057024e-6,0.5544072196810463
2021-09-18,nighttime,6,0.9935034088088875,6.317144907664815e-5,0.6863763483819384
2021-09-19,daytime,6,0.9989350440388902,1.700592898764364e-6,0.5685972252807726
2021-09-19,nighttime,6,0.9891797658019886,1.7498279933764635e-4,0.8784741144414194
2021-09-20,daytime,6,-0.4183000835111466,0.40914589489531505,-1.9458823529411644
2021-09-20,nighttime,6,0.9994428739745865,4.654976492808679e-7,0.7237048665620064
2021-09-21,daytime,6,0.9501809924785012,0.003661076533528818,0.7573136359218607
2021-09-21,nighttime,6,0.9986513496608642,2.7270601043245964e-6,0.30907012195122047
2021-09-22,daytime,6,0.988668118202435,1.918897453858642e-4,0.45229982964224763
2021-09-22,nighttime,6,0.9983014035501403,4.32539442858193e-6,0.3121405750798724
2021-09-23,daytime,6,0.9929020410612867,7.539273043397719e-5,0.40732595450120723
2021-09-23,nighttime,6,0.9937646824659532,5.819756509439543e-5,0.39797279274473196
2021-09-24,daytime,6,0.9728382648327488,0.001096620367013386,1.4669421487603336
2021-09-24,nighttime,6,0.9956832018359613,2.7911898364072315e-5,0.5109140518417458
2021-09-25,daytime,6,0.9772462186132445,7.707116415129445e-4,0.20270931001754194
2021-09-25,nighttime,6,0.9921062937397604,9.32199670035982e-5,0.19306930693069443
2021-09-26,daytime,6,0.9952507055583621,3.3780134477752215e-5,0.1664010200828806
2021-09-26,nighttime,6,0.9905964594270557,1.3222410151620203e-4,0.4288946347769917
2021-09-27,daytime,6,0.9950893119835587,3.6113074923091024e-5,0.1697271773347323
2021-09-27,nighttime,6,0.9891164296717259,1.7703356373847555e-4,0.3854916852167084
2021-09-28,daytime,6,0.9906131999795237,1.3175447700628054e-4,0.19794066820276418
2021-09-28,nighttime,6,0.977003304180194,7.871911494333675e-4,0.3272962483829234
2021-09-29,daytime,6,0.9874275343512018,2.361066934472942e-4,0.2920074349442382
2021-09-29,nighttime,6,0.9842942966944224,3.6806661850643954e-4,0.33003048780487937
2021-09-30,daytime,6,0.9068382900812253,0.012614376198800651,0.333102493074789
2021-09-30,nighttime,6,0.9924845797419934,8.451007122050592e-5,0.7236923076923076
2022-04-01,daytime,6,-0.9385404934566769,0.005549831812656961,-0.08653357404518683
2022-04-01,nighttime,6,0.6262417831394839,0.18343669170527602,0.06703910614525666
2022-04-02,daytime,6,0.3200547744534654,0.5363102531160518,0.01409159536990358
2022-04-02,nighttime,6,0.8576979368272079,0.028934016123765127,0.2222814498933936
2022-04-03,daytime,6,0.9930440151329085,7.241030301972836e-5,0.24539800213607585
2022-04-03,nighttime,6,0.93546060177902,0.006113586811708257,0.13574176998717483
2022-04-04,daytime,6,0.919273097763466,0.009512207257123474,0.10126329787234037
2022-04-04,nighttime,6,-0.17228416775755423,0.7441306034373905,-0.012823705179279745
2022-04-05,daytime,6,0.9777580878005961,7.365524208837804e-4,0.42468085106382525
2022-04-05,nighttime,6,0.8496281614342184,0.0322174540637974,0.09311452015697921
2022-04-06,daytime,6,0.90837895004985,0.012207072550760551,0.43238434163700085
2022-04-06,nighttime,6,0.6397051811958339,0.171333174961559,0.04480540717322538
2022-04-07,daytime,6,0.957683513643743,0.0026481397772523943,0.2911611785095272
2022-04-07,nighttime,6,-0.6743016208009225,0.14184420142460968,-0.016123499142364092
2022-04-08,daytime,6,-0.9272631355793283,0.007743564470173456,-0.09289479314570431
2022-04-08,nighttime,6,-0.8129075675931995,0.049230915095673025,-0.1052631578947332
2022-04-09,daytime,6,-0.9319740654594915,0.006783895704577399,-0.10211343541082901
2022-04-09,nighttime,6,NA,NA,-0
2022-04-10,daytime,6,-0.6357514167972481,0.17485183538077945,-0.0289734669505174
2022-04-10,nighttime,6,0.5187376994689316,0.2916867035495767,0.04560827133056257
2022-04-11,daytime,6,0.7388000961231423,0.09342785205098132,0.04250677099006731
2022-04-11,nighttime,6,0.44515947216715357,0.37636874044058916,0.027247956403272218
2022-04-12,daytime,6,0.8589062050448358,0.028456778994936954,0.10234264079507799
2022-04-12,nighttime,6,0.8318016056094808,0.0400568246656973,0.09884198729921669
2022-04-13,daytime,6,0.9701799744635767,0.0013205923953436539,0.2599728399253077
2022-04-13,nighttime,6,-0.7222991324736672,0.10496882166858355,-0.05078651685393149
2022-04-14,daytime,6,0.4032424654149279,0.4279208187713342,0.026470497706913308
2022-04-14,nighttime,6,-0.5237229365663865,0.28624045502238316,-0.028571428571427374
2022-04-15,daytime,6,0.827741233981424,0.0419538994202181,0.05300528401584914
2022-04-15,nighttime,6,0.47272843136102927,0.34372817710368797,0.03174789128397376
2022-04-16,daytime,6,0.271683880579278,0.6025009622185009,0.012004871542072934
2022-04-16,nighttime,6,-0.10489515723795861,0.8432343445365493,-0.006287425149700093
2022-04-17,daytime,6,0.9564583690455309,0.002802535724379154,0.28653014603899274
2022-04-17,nighttime,6,0.6883049632461262,0.13058951590781737,0.10152079766341152
2022-04-18,daytime,6,-0.8554779385169248,0.029820650241054146,-0.07226999140155103
2022-04-18,nighttime,6,0.38001015637876917,0.4574229653622849,0.04725383473528159
2022-04-19,daytime,6,0.8048358963856231,0.05341673557026626,0.44668207329151116
2022-04-19,nighttime,6,-0.02444757604750312,0.963335941890956,-0.002390735898394914
2022-04-20,daytime,6,0.9370327483339741,0.005822483539435994,0.2459584295611963
2022-04-20,nighttime,6,0.8323901147703662,0.03978527201687786,0.5468750000000194
2022-04-21,daytime,6,0.30268592879200845,0.5598369632834044,0.01416328834607496
2022-04-21,nighttime,6,0.9495574331483694,0.0037525044669300916,0.712092130518235
2022-04-22,daytime,6,0.09302978113320262,0.8608578932894657,0.00850323702773213
2022-04-22,nighttime,6,0.936031476463201,0.006007079301508818,0.8540669856459505
2022-04-23,daytime,6,0.9834133732433084,4.10392655993077e-4,0.4707276605830753
2022-04-23,nighttime,6,0.9367422271975396,0.0058757542917237246,0.18682505399568058
2022-04-24,daytime,6,0.951793336355629,0.0034298103205039894,1.4076194670777282
2022-04-24,nighttime,6,0.7572596529223576,0.08123283445147389,0.08403894045732462
2022-04-25,daytime,6,0.994396513367386,4.701062154949106e-5,0.36748365635611724
2022-04-25,nighttime,6,0.829652557854848,0.04105578414753929,0.12746729013983307
2022-04-26,daytime,6,0.9627346203198087,0.00205718740888129,0.2850083353179323
2022-04-26,nighttime,6,0.9758634764725564,8.668270233939876e-4,0.4444842957421752
2022-04-27,daytime,6,0.9730179459491994,0.0010822249720555106,0.452261093954904
2022-04-27,nighttime,6,0.9624534327535276,0.0020881515306761973,0.5547038327526139
2022-04-28,daytime,6,0.9515702400928233,0.0034613678791364177,0.6081745383800302
2022-04-28,nighttime,6,0.9888478251665556,1.858630016858582e-4,1.4840981856990296
2022-04-29,daytime,6,0.756205995302461,0.08190826376768938,0.8387096774193388
2022-04-29,nighttime,6,0.9675174211944357,0.0015655404132015915,1.248882590210399
2022-04-30,daytime,6,-0.5407192665918603,0.2679681265545317,-0.3864704990141007
2022-04-30,nighttime,6,0.9785780653509046,6.834336709278062e-4,1.0668841761827055
2022-05-01,daytime,6,0.9845318500959946,3.570450090882053e-4,0.4266486255519161
2022-05-01,nighttime,6,0.7900867129937229,0.06147061578900011,0.12228339611706855
2022-05-02,daytime,6,-0.7445461253034481,0.08954998700040105,-0.2654155495978508
2022-05-02,nighttime,6,0.9450278308838964,0.00444984778473965,0.8480427046263342
2022-05-03,daytime,6,0.6522501509697188,0.1603682490188418,0.04675057796043421
2022-05-03,nighttime,6,-0.9500961818071135,0.0036734465937440616,-0.2156679878759568
2022-05-04,daytime,6,NA,NA,-1.6009553221253858e-14
2022-05-04,nighttime,6,-0.6813851438692481,0.13610097830863235,-0.07142857142854568
2022-05-05,daytime,6,NA,NA,-1.1075700001249147e-14
2022-05-05,nighttime,6,0.8604007284729275,0.027871682643118303,1.0693069306930651
2022-05-06,daytime,6,-0.9419674737012538,0.004953940943158802,-0.07239499192245834
2022-05-06,nighttime,6,NA,NA,NA
2022-05-07,daytime,6,-0.9194626804159326,0.009468196777626616,-0.07039787798408846
2022-05-07,nighttime,6,NA,NA,1.292716986737906e-14
2022-05-08,daytime,6,0.7152788127344198,0.11005860584187788,0.02750665483584229
2022-05-08,nighttime,6,0.9181395839231113,0.009777413028738698,0.1651785714285706
2022-05-09,daytime,6,-0.5820600473299884,0.22550912536059023,-0.006028361186793197
2022-05-09,nighttime,6,0.48949357543898325,0.32440193647332427,2.199999999999883
2022-05-10,daytime,6,0.9844263092679182,3.619211442751059e-4,0.185434442975604
2022-05-10,nighttime,6,0.7316181235196312,0.09837763093883464,0.06273274133486498
2022-05-11,daytime,6,0.9731492416251593,0.0010717656332762259,0.22041116574393085
2022-05-11,nighttime,6,0.9545396650915646,0.0030529879551165263,0.35916542473919344
2022-05-12,daytime,6,0.977540047008215,7.510092766917696e-4,0.26609354211442054
2022-05-12,nighttime,6,0.9777792407627888,7.351573267884888e-4,0.4489247311827914
2022-05-13,daytime,6,0.9974454623735486,9.780158702256438e-6,0.8624431583298932
2022-05-13,nighttime,6,0.8362149992333583,0.03804148027696407,0.10414443988510655
2022-05-14,daytime,6,0.9906122423090123,1.3178132018037508e-4,1.1010520220056061
2022-05-14,nighttime,6,0.9940827638270993,5.241693377029114e-5,0.45636574865030977
2022-05-15,daytime,6,0.7554966654627069,0.0823643863239957,3.9999999999999565
2022-05-15,nighttime,6,0.9914044915895467,1.1050661728799993e-4,0.9931105752669546
2022-05-16,daytime,6,0.9900029345098661,1.494124176683613e-4,0.8346097915656819
2022-05-16,nighttime,6,0.9805478328353665,5.638999893860404e-4,0.4632653061224502
2022-05-17,daytime,6,-0.12427376814525716,0.8145489879213893,-0.21045918367345567
2022-05-17,nighttime,6,0.9794409601029809,6.296662951672896e-4,1.0794240594519253
2022-05-18,daytime,6,0.9883836328479872,2.0162622250621072e-4,0.7906989261781112
2022-05-18,nighttime,6,0.9885502357542502,1.9589513647338012e-4,1.146381133098397
2022-05-19,daytime,6,-0.881223649514652,0.020323894380275865,-0.6896802325581519
2022-05-19,nighttime,6,0.9980091628428208,5.9412036051766e-6,1.3509979353062498
2022-05-20,daytime,6,0.9763990427738674,8.289348452471762e-4,0.31977325775258236
2022-05-20,nighttime,6,-0.47104764529031756,0.34568794368665867,-0.06187202538339348
2022-05-21,daytime,6,0.9743831677970429,9.759279725609034e-4,0.5231581926233365
2022-05-21,nighttime,6,-0.9888153607219118,1.8694465598268801e-4,-0.1905626134301263
2022-05-22,daytime,6,0.9992533709978886,8.35974194205354e-7,0.46615042041942334
2022-05-22,nighttime,6,0.9611293112540145,0.0022370302118861697,0.0834675027540055
2022-05-23,daytime,6,0.994451756832059,4.6089107584943435e-5,1.8829963539940027
2022-05-23,nighttime,6,0.9926034921897026,8.186016639480156e-5,0.634741225461037
2022-05-24,daytime,6,-0.186306400158839,0.7237737542987819,-1.2564102564109132
2022-05-24,nighttime,6,0.9697463322462532,0.0013590812635723545,1.1370089138329418
2022-05-25,daytime,6,0.826120215078771,0.04272271308295063,7.732673267326839
2022-05-25,nighttime,6,0.9972051777255284,1.1705632096348205e-5,1.0925572519083901
2022-05-26,daytime,6,0.9796251618546681,6.184718998433924e-4,0.8430535604350503
2022-05-26,nighttime,6,0.9828067519524106,4.408704387092657e-4,1.2282926829268446
2022-05-27,daytime,6,0.9713746050201756,0.0012173918428352772,0.2544886239732477
2022-05-27,nighttime,6,0.9804847108952768,5.67553598399115e-4,1.802971931755648
2022-05-28,daytime,6,0.9966441595222211,1.6873601792298193e-5,0.6060085246803237
2022-05-28,nighttime,6,0.9815367627672911,5.081897167732804e-4,1.3867924528301832
2022-05-29,daytime,6,0.9742103776137953,9.890805356995887e-4,1.3023105857066148
2022-05-29,nighttime,6,0.9843987150170035,3.6320146257217784e-4,1.3314711359404128
2022-05-30,daytime,6,0.9986833763136305,2.5991057150454534e-6,1.7793404461687825
2022-05-30,nighttime,6,0.997661197750835,8.198597321621202e-6,1.4433548925516337
2022-05-31,daytime,6,0.9934909069091428,6.34145497169875e-5,1.4235892724638706
2022-05-31,nighttime,6,0.9822084111060738,4.7199507262935e-4,0.8203337874659394
2022-06-01,daytime,6,0.9814648741650027,5.121424550929411e-4,3.2179144385026808
2022-06-01,nighttime,6,0.9978114982453611,7.179068936815853e-6,1.221816707218164
2022-06-02,daytime,6,0.9898932669340913,1.5270289845125312e-4,1.292466539196943
2022-06-02,nighttime,6,0.9863745464459651,2.772146737706434e-4,1.2445266921773963
2022-06-03,daytime,6,0.9085728010073135,0.012156282171092415,1.2660035975029134
2022-06-03,nighttime,6,0.9923516601071988,8.752195181003537e-5,1.7267688043729146
2022-06-04,daytime,6,0.9890559903007147,1.7900163304834113e-4,0.7095561186953339
2022-06-04,nighttime,6,0.9799667350835675,5.979775626530449e-4,1.3901390644753455
2022-06-05,daytime,6,0.4841925461246673,0.3304688173597697,0.24027916251246487
2022-06-05,nighttime,6,0.979722951643329,6.125694927678659e-4,0.33278223901748033
2022-06-06,daytime,6,0.9982411943144046,4.63737581702174e-6,0.6792893269355489
2022-06-06,nighttime,6,0.9815556244175063,5.071551438529192e-4,0.44573721163490965
2022-06-07,daytime,6,0.9339094900052533,0.00640759306335832,0.155724299065422
2022-06-07,nighttime,6,0.9737307738259678,0.0010260445337495116,0.36252856054836213
2022-06-08,daytime,6,0.9901714006879252,1.444273186039485e-4,0.7929729729729732
2022-06-08,nighttime,6,0.9680036381401766,0.0015192723459451446,0.24802220680083323
2022-06-09,daytime,6,0.9435694891425318,0.004686755101957106,0.8744813278008408
2022-06-09,nighttime,6,0.9856036013704673,3.093925681407608e-4,0.7097292950951479
2022-06-10,daytime,6,0.9880236337061088,2.1429111924136317e-4,0.9500252397778923
2022-06-10,nighttime,6,0.9805784970237879,5.621293220321641e-4,0.4733197556008156
2022-06-11,daytime,6,0.8515858541646953,0.03140559673822979,0.8127224199288205
2022-06-11,nighttime,6,0.9936760561101872,5.986194505813013e-5,1.6725440806045273
2022-06-12,daytime,6,0.8755164927999566,0.022279708197722584,0.5861744966442932
2022-06-12,nighttime,6,0.9983086423954131,4.288616594536033e-6,1.727641178059971
2022-06-13,daytime,6,0.9830574033101899,4.2814567429382065e-4,1.7396694214876378
2022-06-13,nighttime,6,0.9766999302210507,8.080151522322483e-4,2.321033210332102
2022-06-14,daytime,6,0.9834271825891878,4.0971148466119783e-4,1.2288947514579294
2022-06-14,nighttime,6,0.9669536725869335,0.0016200453511200797,0.9018718923661807
2022-06-15,daytime,6,0.9630364998340468,0.0020241988952719543,1.622307441253263
2022-06-15,nighttime,6,0.9971460834009466,1.2205637584557784e-5,0.8311293509651904
2022-06-16,daytime,6,0.9899478071317951,1.510620023266321e-4,0.9762837249782441
2022-06-16,nighttime,6,0.9778408097378094,7.311041591957257e-4,0.7517255518348914
2022-06-17,daytime,6,0.9896770011348353,1.592964267525545e-4,1.1045678722404935
2022-06-17,nighttime,6,0.9797616960029909,6.102387301844775e-4,1.3345120226308287
2022-06-18,daytime,6,0.9712247636621022,0.0012301081869263233,1.1412391738840748
2022-06-18,nighttime,6,0.9870112533648207,2.519656589885738e-4,1.3331912172244744
2022-06-19,daytime,6,0.9714726036361175,0.001209110541311483,1.2389245340665982
2022-06-19,nighttime,6,0.9944363354341323,4.6345435254828874e-5,1.2115422109573017
2022-06-20,daytime,6,0.9642193251014601,0.0018974808199758832,1.0857888126751007
2022-06-20,nighttime,6,0.9874486325787118,2.3531658493515143e-4,1.1710221285563678
2022-06-21,daytime,6,0.9877831591694902,2.2296511074068088e-4,1.5094269180511672
2022-06-21,nighttime,6,0.9898142440460022,1.5509605235460678e-4,1.358060288335513
2022-06-22,daytime,6,0.9905933889572363,1.3231032812076234e-4,1.1605835501086181
2022-06-22,nighttime,6,0.979550196379533,6.230157047994333e-4,0.8151471643933904
2022-06-23,daytime,6,0.9712901001142404,0.0012245553398004335,1.4940468730417376
2022-06-23,nighttime,6,0.9663526332322677,0.001679171081693179,1.0268587322014187
2022-06-24,daytime,6,0.9770296170667471,7.853977090434833e-4,1.6789252008423627
2022-06-24,nighttime,6,0.9822422698405212,4.702056361215203e-4,1.4986059479553848
2022-06-25,daytime,6,0.9721482496691142,0.0011527774149064866,3.1440365619932282
2022-06-25,nighttime,6,0.995899246802929,2.518978567957922e-5,2.7938596491227705
2022-06-26,daytime,6,0.9761912799687857,8.435346765104728e-4,1.243725447402885
2022-06-26,nighttime,6,0.969761662205613,0.0013577112898386884,0.8504461629982136
2022-06-27,daytime,6,0.9602498589431857,0.0023387064945483886,1.1632362254591537
2022-06-27,nighttime,6,0.977502601261972,7.535060875716854e-4,1.3275401069518642
2022-06-28,daytime,6,0.9515857028870173,0.0034591760428073267,1.0865900383141822
2022-06-28,nighttime,6,0.9894887891289935,1.651476624841332e-4,1.6706198254642983
2022-06-29,daytime,6,0.8239016470128189,0.04378548445977081,0.9658909786420123
2022-06-29,nighttime,6,0.9802210499845715,5.829414650676937e-4,2.1490034799114075
2022-06-30,daytime,6,0.9238922955207686,0.008468151546985216,0.851417158501827
2022-06-30,nighttime,6,0.9808700310962203,5.454332047106563e-4,1.4350230414746536
2022-07-01,daytime,6,0.9901190814004486,1.4596647890512026e-4,2.5950280673616666
2022-07-01,nighttime,6,0.9648744151697943,0.0018290409733737712,1.9378018963563741
2022-07-02,daytime,6,0.9684648791345197,0.0014760155031791494,1.5060709789518625
2022-07-02,nighttime,6,0.9788963478911901,6.633467936393041e-4,1.8692756036636045
2022-07-03,daytime,6,0.964669676757456,0.0018502973951986029,1.4708858444705226
2022-07-03,nighttime,6,0.9947623275630547,4.107797574447204e-5,2.4057400112549185
2022-07-04,daytime,6,0.9005268271789937,0.014350229015379738,1.195997028361666
2022-07-04,nighttime,6,0.9763776511297161,8.304322323970255e-4,2.8754276276984743
2022-07-05,daytime,6,0.9470898508576847,0.004125165268527073,1.6280688897031954
2022-07-05,nighttime,6,0.9041326338211527,0.013345290845004841,2.1516572609490385
2022-07-06,daytime,6,0.9937567174972421,5.834618748182467e-5,4.964251439539401
2022-07-06,nighttime,6,0.9732851669874617,0.0010609905025588831,2.0345572354211465
2022-07-07,daytime,6,0.9494049159397878,0.0037750355666191244,1.565282200691111
2022-07-07,nighttime,6,0.9523475471178985,0.0033520308455428135,2.882129277566535
2022-07-08,daytime,6,0.978837587859312,6.670327627477587e-4,2.0345053791655814
2022-07-08,nighttime,6,0.7731980150380642,0.07132546100224815,0.9680243623905621
2022-07-09,daytime,6,0.6135100259917595,0.19519587670037045,0.39960259637037754
2022-07-09,nighttime,6,0.9936705791026753,5.9965570077562514e-5,1.605238319962237
2022-07-10,daytime,6,0.749843117985719,0.08604048150840352,0.08650226178315988
2022-07-10,nighttime,6,0.93930042420795,0.0054148358249707694,1.0598208753450085
2022-07-11,daytime,6,0.949013614434693,0.0038331448720599435,0.5334426827045705
2022-07-11,nighttime,6,0.8609562597500103,0.02765566499705879,0.7499999999999998
2022-07-12,daytime,6,0.8005131431472892,0.05572321874709074,0.33721671065805037
2022-07-12,nighttime,6,0.9267044315735287,0.007861479821315714,0.20106382978723267
2022-07-13,daytime,6,0.9613388531212222,0.002213133312769402,0.6752743885453225
2022-07-13,nighttime,6,0.9698381284451765,0.0013508880357067747,0.3088806660499512
2022-07-14,daytime,6,0.8862224866242459,0.018681540520163534,0.4438386855862583
2022-07-14,nighttime,6,0.9258269339930871,0.008048428689871634,0.3517926467229979
2022-07-15,daytime,6,0.908406294762507,0.012199901830128658,0.7722760009292952
2022-07-15,nighttime,6,0.11541887491890106,0.8276404648557933,0.04389868218381104
2022-07-16,daytime,6,0.9645866910200923,0.0018589477205310006,2.006788138620937
2022-07-16,nighttime,6,0.9833967468171334,4.112135314474103e-4,1.7581294880027942
2022-07-17,daytime,6,0.9679499175752232,0.0015243506280892467,1.4415548612387432
2022-07-17,nighttime,6,0.9688968421023535,0.0014360649493183957,1.2502226179875322
2022-07-18,daytime,6,0.9472897414347837,0.004094332700682432,1.1746608019735278
2022-07-18,nighttime,6,0.9706159642225571,0.0012824469328710465,1.4935439289239871
2022-07-19,daytime,6,0.7185905241020903,0.1076443495406931,0.5503956027563031
2022-07-19,nighttime,6,0.9729500821796211,0.0010876508950176567,1.1477645944906323
2022-07-26,daytime,6,0.9047816519042852,0.013168150534749918,0.6873470220288288
2022-07-26,nighttime,6,0.9932574776524318,6.803914845856072e-5,2.1156265118529096
2022-08-03,daytime,6,0.9029987502261636,0.013657509547618997,1.063931819958816
2022-08-03,nighttime,6,0.9820419735072777,4.808404248635509e-4,0.9504364089775491
2022-08-04,daytime,6,0.7861223332483103,0.06372371125989407,0.5781444582814438
2022-08-04,nighttime,6,0.9487198026220975,0.00387706325754719,0.4910006889424728
2022-08-05,daytime,6,0.8680068842750757,0.02498346981618959,0.712990350579451
2022-08-05,nighttime,6,0.9829695838778432,0.00043258290094662165,0.6150662251655636
2022-08-06,daytime,6,0.67704888649751,0.1396046483300022,0.4872000617236296
2022-08-06,nighttime,6,0.9710695808795112,0.0012433467915734565,0.826983769161405
2022-08-07,daytime,6,0.9508829850754542,0.003559474796197009,1.203147059578515
2022-08-07,nighttime,6,0.9699872961836399,0.0013376264281373142,0.8320644872369015
2022-08-08,daytime,6,0.889856730495615,0.017529205995883517,0.6886710066687831
2022-08-08,nighttime,6,0.9368505394038256,0.005855866134067594,0.33097866766467043
2022-08-09,daytime,6,0.8840151920420305,0.01939857211158981,0.5944501698538113
2022-08-09,nighttime,6,0.9562945543395446,0.002823506642839578,0.5219249555950278
2022-08-10,daytime,6,0.6882636064323969,0.1306221628572465,0.3986833296139255
2022-08-10,nighttime,6,0.9753670318857955,9.027012425727313e-4,0.686342550315957
2022-08-11,daytime,6,0.8130523327729892,0.04915728819140068,0.6419663342495597
2022-08-11,nighttime,6,0.9544341942661977,0.003067061143583393,0.5459297544931262
2022-08-12,daytime,6,0.8808546859796463,0.02044773882098008,0.8584627905306778
2022-08-12,nighttime,6,0.9283545856361266,0.007515717800309271,0.5075709779179808
2022-08-13,daytime,6,0.9734300609210744,0.0010495638148022887,1.0757704440669744
2022-08-13,nighttime,6,0.9968230876827227,1.5123125881865384e-5,0.600558659217876
2022-08-14,daytime,6,0.640030390704667,0.17104508687861192,0.5179665632801288
2022-08-14,nighttime,6,0.9215269272004533,0.008995415232248213,0.5434036292300147
2022-08-15,daytime,6,0.07017730341207222,0.8949068513655898,0.37377049180289984
2022-08-15,nighttime,6,0.8747837877134181,0.022537010983373358,0.2712573820308471
2022-08-16,daytime,6,0.9775420324485962,7.508770061106168e-4,0.946180632080048
2022-08-16,nighttime,6,0.09134057776886995,0.8633701651862775,0.023789112730391512
2022-08-17,daytime,6,0.9533598382118363,0.0032122287560611266,0.807003475006684
2022-08-17,nighttime,6,0.9641764028257186,0.0019020084212259443,1.2343749999999944
2022-08-18,daytime,6,0.8145606471946356,0.04839320897018761,0.6098513011152421
2022-08-18,nighttime,6,0.9896515764189293,1.6008070024871592e-4,0.7617529289633721
2022-08-19,daytime,6,0.9764603435363731,8.246512962487291e-4,1.1606014009909407
2022-08-19,nighttime,6,0.9493192527873622,0.003787719491007154,0.868729403149031
2022-08-20,daytime,6,0.8626606560061684,0.02699788920809706,0.8341362697866516
2022-08-20,nighttime,6,0.9785575196741073,6.847405323890865e-4,0.8916221452474564
2022-08-21,daytime,6,0.7180970293377387,0.10800261356193504,0.4310364895536262
2022-08-21,nighttime,6,0.9838956438490669,3.869370958590076e-4,0.868749999999996
2022-08-22,daytime,6,0.9206299853245041,0.009199399202731552,0.6811421163948984
2022-08-22,nighttime,6,0.9804359249963026,5.703854416246995e-4,0.6087636932707352
2022-08-23,daytime,6,0.8074256872616977,0.052056502605537826,0.6226887390694879
2022-08-23,nighttime,6,0.9737043969994632,0.0010280969435209311,0.5026066033952663
2022-08-24,daytime,6,0.9489052959934408,0.0038493074920536298,1.133910153564065
2022-08-24,nighttime,6,0.9510333513432637,0.0035378945541347535,0.5388071436594424
2022-08-25,daytime,6,0.971581714598635,0.0011999231290735486,1.0576831651788057
2022-08-25,nighttime,6,0.9520102277761627,0.003399266696806897,0.7681728880157153
2022-08-26,daytime,6,0.9903063931930638,1.404935845999533e-4,1.3981173031872636
2022-08-26,nighttime,6,0.9622270671221769,0.0021132445816389204,0.5301583735819368
2022-08-27,daytime,6,0.5719089411008551,0.23566652994035123,0.9948783610755447
2022-08-27,nighttime,6,0.9497985179899067,0.0037170245877621295,0.7682189832918521
2022-08-28,daytime,6,0.4778738048834348,0.33775372974469675,0.20530578987729733
2022-08-28,nighttime,6,0.9476639944523482,0.004036910551378236,0.4502682624845234
2022-08-29,daytime,6,0.9740641457191718,0.0010002796893334865,1.0476814473517366
2022-08-29,nighttime,6,0.9497137813969833,0.0037294761965189467,0.4179559570863932
2022-08-30,daytime,6,0.8503960825327826,0.03189783070054851,0.5870795185680457
2022-08-30,nighttime,6,0.9171160481033156,0.010019928230213164,0.33549239578205614
2022-08-31,daytime,6,0.838786311133099,0.0368898201409557,0.5765386925891552
2022-08-31,nighttime,6,0.9598957812354967,0.0023802717667728594,0.3848417298261265
2022-09-01,daytime,6,0.8176723653523431,0.046834457356587554,0.8112743152044506
2022-09-01,nighttime,6,0.9740496376822979,0.0010013941932089383,0.5404988712075298
2022-09-02,daytime,6,0.9131963854186838,0.010975274389186732,0.7187129682106231
2022-09-02,nighttime,6,0.9823402189855107,4.6504803911465886e-4,0.4249567474048446
2022-09-03,daytime,6,0.8007553469741883,0.05559279750828128,0.6137580299785901
2022-09-03,nighttime,6,0.8392219891385299,0.03669633204009458,0.1775946771885034
2022-09-04,daytime,6,0.883766446385903,0.019480186934896376,0.37070767107003844
2022-09-04,nighttime,6,0.9000393931679357,0.01448877504212815,0.2046494928641965
2022-09-05,daytime,6,0.8603247936739087,0.027901271691403145,0.382489019033674
2022-09-05,nighttime,6,0.9073944796409517,0.012466591205591272,0.34596500062948443
2022-09-06,daytime,6,0.9018134558156615,0.013987607714115549,0.45022142940776055
2022-09-06,nighttime,6,0.99091703847115,1.2337561217529681e-4,0.448950466789557
2022-09-07,daytime,6,0.8547543474253827,0.030112376487177423,0.5634964266080278
2022-09-07,nighttime,6,0.9257518441170635,0.008064525782432948,0.45242756460454014
2022-09-08,daytime,6,0.8458808437336419,0.033798697346727954,0.6209275834011413
2022-09-08,nighttime,6,0.9594879938473722,0.002428589352870225,0.34760983697153885
2022-09-09,daytime,6,0.7463549975798114,0.08834445542239353,0.8170798520750612
2022-09-09,nighttime,6,0.9663523170016474,0.0016792024657926205,0.3630071237306135
2022-09-10,daytime,6,0.9950718791325824,3.636971982939974e-5,1.7613406079501213
2022-09-10,nighttime,6,-0.6035155722367511,0.20463619570097022,-0.10662436821163282
2022-09-11,daytime,6,0.9735882978562755,0.001037154903880462,0.5324200913241999
2022-09-11,nighttime,6,0.9665630674634598,0.0016583509651268197,0.40367658846791327
2022-09-12,daytime,6,0.8571681399238209,0.029144458257425062,0.4283146614051918
2022-09-12,nighttime,6,0.9731233165850041,0.0010738268988255187,0.5844594594594607
2022-09-13,daytime,6,0.7655244214163511,0.07602260281561271,0.4631201910321033
2022-09-13,nighttime,6,0.9651427283183573,0.0018013677788734648,0.5705594655851106
2022-09-14,daytime,6,0.6037058423773968,0.20445477670531512,0.3537021066896634
2022-09-14,nighttime,6,0.9872053383789461,2.4450778440882406e-4,0.7045946123091018
2022-09-15,daytime,6,0.47460951103649657,0.34153962345006006,0.34908365540456116
2022-09-15,nighttime,6,0.9537078583757097,0.003164842405338582,0.42056888544891663
2022-09-16,daytime,6,0.8428702685290265,0.035094881677051694,0.6446076748815811
2022-09-16,nighttime,6,0.9831336085395793,4.2431370663200785e-4,0.964265348793006
2022-09-17,daytime,6,0.9805366901111577,5.645440980151994e-4,1.3488703923900132
2022-09-17,nighttime,6,0.9100301973252518,0.011777714864411684,0.5516786118445851
2022-09-18,daytime,6,0.5445656880455958,0.2638974323307284,0.3993998044306548
2022-09-18,nighttime,6,0.9677006621797359,0.001548022738188309,0.8529163144547725
2022-09-19,daytime,6,0.7441866795966853,0.0897904123158584,0.7459242387916575
2022-09-19,nighttime,6,0.9783062131861966,7.008258103185689e-4,0.62354626664419055
2022-09-20,daytime,6,-0.2579115344417835,0.6217106244335749,-0.24073497352850085
2022-09-20,nighttime,6,0.966864069118491,0.0016287934141038325,1.1411999999999987
2022-09-21,daytime,6,0.5878486092941878,0.2197973286293843,0.663355985363286
2022-09-21,nighttime,6,0.8337770651574298,0.03914872093190723,0.28968379446640335
2022-09-22,daytime,6,0.9610912296855815,0.0022413867650905145,1.9109589041095845
2022-09-22,nighttime,6,0.9536259535038674,0.0031759633790490027,0.41978609625668317
2022-09-23,daytime,6,0.9108455270431312,0.011568457014482628,1.957559681697625
2022-09-23,nighttime,6,0.935236217876182,0.006155700309461403,0.925323962222713
2022-09-24,daytime,6,0.7476149091698547,0.08750910881385102,0.3331132250675781
2022-09-24,nighttime,6,0.9706912202156112,0.001275918670750842,1.1099178774478762
2022-09-25,daytime,6,0.5843753041162443,0.22321751882045487,0.5136314067611779
2022-09-25,nighttime,6,0.9256107786253376,0.00809480847548519,0.4817086064707143
2022-09-26,daytime,6,0.8674155076042911,0.025202643399637563,0.5047756116708088
2022-09-26,nighttime,6,0.9608693912632782,0.0022668483272822184,0.2536874872719881
2022-09-27,daytime,6,0.9326873690483914,0.0066439889899702915,0.6299617167036052
2022-09-27,nighttime,6,0.9839244136730105,3.8555955115022013e-4,0.5681124007330506
2022-09-28,daytime,6,0.9228032600254586,0.008708984312659937,0.5343670791710149
2022-09-28,nighttime,6,0.9454321148179916,0.004385238996519537,0.43330930064888457
2022-09-29,daytime,6,0.7530545827650484,0.0839434410961444,0.29533333333333006
2022-09-29,nighttime,6,0.956310963768655,0.002821402501955986,0.423622047244094
2022-09-30,daytime,6,0.4967410726645663,0.31617424140200234,0.28789942378208194
2022-09-30,nighttime,6,0.9956524380467126,2.8310855131139617e-5,0.7895339954163484
2022-10-01,daytime,6,0.8946579755304668,0.01606092600487335,0.8821613798094318
2022-10-01,nighttime,6,0.9971514997305508,1.2159374377806286e-5,1.0050798258345357
2022-10-02,daytime,6,0.7090235742435703,0.11468282921218403,0.518195157740278
2022-10-02,nighttime,6,0.9733104684659205,0.0010589907486714823,0.8861447270931122
2022-10-03,daytime,6,0.770562706755853,0.07292324892654725,0.46247021445592124
2022-10-03,nighttime,6,0.9726542291404793,0.001111462312669249,0.7018193527612283
2022-10-04,daytime,6,0.767274268248774,0.07493953917200384,0.980121679416907
2022-10-04,nighttime,6,0.9701908537022098,0.0013196338213474028,0.8831395857005502
2022-10-05,daytime,6,0.9035465982369938,0.013506222592373558,1.1171846435100592
2022-10-05,nighttime,6,0.9223022757410891,0.008820876424380387,0.6339314845024497
2022-10-06,daytime,6,0.9809362325298397,5.416766991304974e-4,0.7672872340425405
2022-10-06,nighttime,6,0.9469328573589646,0.004149460678059979,0.5796082949308792
2022-10-07,daytime,6,0.9525697319282589,0.0033210952092439703,0.45889683821832233
2022-10-07,nighttime,6,0.9835531562735441,4.0352357817866177e-4,0.412543392733166
2022-10-08,daytime,6,0.41372949906017725,0.414815224670256,0.06004105784325131
2022-10-08,nighttime,6,0.9376889102926944,0.0057030410922194125,0.2867786705624548
2022-10-09,daytime,6,0.7447206311578324,0.08943336793237999,0.17109500805152672
2022-10-09,nighttime,6,0.9462275659885853,0.004259471174105783,0.46564499831593387
2022-10-10,daytime,6,0.44156554121606123,0.3806999408702974,0.12497931901657781
2022-10-10,nighttime,6,0.9040696810996316,0.013362533698994422,0.29510899432130494
2022-10-11,daytime,6,0.14229883703351826,0.787992446109643,0.04561999514680755
2022-10-11,nighttime,6,0.9706295028202181,0.0012812712780953686,0.727188940092155
2022-10-12,daytime,6,0.012130431488166702,0.9818052452482835,0.006737247353223945
2022-10-12,nighttime,6,0.8529380958691533,0.030850536595238936,0.2480804511789113
2022-10-13,daytime,6,0.5663318726744153,0.24132250861879204,0.23154088417123428
2022-10-13,nighttime,6,0.6924085693276817,0.12736773702856835,0.09712755598831645
2022-10-14,daytime,6,0.7613343710404944,0.07864457351922131,0.3696399908277892
2022-10-14,nighttime,6,0.6326617665197896,0.17762223767313198,0.07352941176470701
2022-10-15,daytime,6,-0.5954048440559111,0.21243030510424907,-0.07105929520996021
2022-10-15,nighttime,6,0.6868673547672441,0.13172643082257685,0.039981929071608045
2022-10-16,daytime,6,0.6907583964238426,0.1286591096843403,0.2209944751381185
2022-10-16,nighttime,6,0.820306661405851,0.045533422270282176,0.16925465838509568
2022-10-17,daytime,6,0.3775942764661629,0.4605267975000183,0.06987985084932863
2022-10-17,nighttime,6,-0.6795526006510204,0.137576986959741,-0.064238745574099
2022-10-18,daytime,6,0.28990668322966595,0.5773227070325058,0.035903096496833084
2022-10-18,nighttime,6,-0.8554414079691804,0.029835345863813142,-0.08637937668333596
2023-03-23,daytime,6,0.6442528705330421,0.16732305974803618,0.04980741134280153
2023-03-23,nighttime,6,-0.9212985673289609,0.009047138244688413,-0.17177914110429035
2023-03-24,daytime,6,-0.9154172965460288,0.01042878837063256,-0.0837988826815676
2023-03-24,nighttime,6,-0.930992319345048,0.006978780626560465,-0.19387755102040033
2023-03-25,daytime,6,0.1917361029761776,0.7159202171335073,0.010714766455781295
2023-03-25,nighttime,6,-0.07857731963671391,0.8823766042560052,-0.007056451612899256
2023-03-26,daytime,6,0.9874127641065081,2.366606097237439e-4,0.19409848630005264
2023-03-26,nighttime,6,-0.7529855584101427,0.08398826835321731,-0.02907626929098263
2023-03-27,daytime,6,0.7457525027044271,0.08874517817261032,0.03707645301932491
2023-03-27,nighttime,6,-0.7238047768854745,0.1038910911508507,-0.06198738170346588
2023-03-28,daytime,6,0.03448440482681478,0.9482938967416297,0.0024718789057062455
2023-03-28,nighttime,6,-0.6811684178095814,0.13627518118009688,-0.06327142001197722
2023-03-29,daytime,6,0.9786944203867923,6.760559873652643e-4,0.11963324115848847
2023-03-29,nighttime,6,-0.09669492928747311,0.8554096504805073,-0.008529741863073348
2023-03-30,daytime,6,-0.8986910401070867,0.014875365505711774,-0.1160778167694468
2023-03-30,nighttime,6,-0.6568123491909191,0.156456708486424,-0.05105354580469279
2023-03-31,daytime,6,-0.9750755851724493,9.240978288168927e-4,-0.8359621451104038
2023-03-31,nighttime,6,0.4844899781441877,0.33012732961980273,1.8666666666668281
2023-04-01,daytime,6,0.774829206040318,0.07034453766477626,0.055588916530839645
2023-04-01,nighttime,6,-0.9647525958300034,0.0018416739248873866,-0.16260439747741529
2023-04-02,daytime,6,0.82278750965813,0.04432378594217858,0.04860817328030787
2023-04-02,nighttime,6,0.7962192938722539,0.05805870677535913,0.11270491803279009
2023-04-03,daytime,6,0.9913346278988485,1.1230767482823522e-4,0.38300104931794055
2023-04-03,nighttime,6,0.9616770222041595,0.002174834408023845,0.2312056737588663
2023-04-04,daytime,6,0.9864025742118169,2.7607796815187546e-4,0.18682432432432283
2023-04-04,nighttime,6,0.8854183421742259,0.0189412656753873,0.21188260558339136
2023-04-05,daytime,6,0.9852685664968941,3.2392422758375334e-4,0.2813851274103725
2023-04-05,nighttime,6,0.7388769276608367,0.09337551621463702,0.06533551265627148
2023-04-06,daytime,6,0.899306269503525,0.014698362728264665,0.08675055514433731
2023-04-06,nighttime,6,0.10362735485038568,0.8451153755664882,0.007480010317257816
2023-04-07,daytime,6,0.708355325458398,0.1151817697097662,0.05426415669537303
2023-04-07,nighttime,6,0.8486474796955215,0.03262781771139582,0.1563230329784487
2023-04-08,daytime,6,0.8094598627303481,0.05099948420590599,0.06885418084920042
2023-04-08,nighttime,6,0.8890575143497533,0.017779599584167447,0.20621498784483844
2023-04-13,daytime,6,0.8068748545398587,0.05234445736368256,0.28071512149990313
2023-04-13,nighttime,6,0.966266102760492,0.0016877695547120471,0.6352828204307456
2023-04-14,daytime,6,0.9964763717281322,1.8602059690317985e-5,1.1315478389360936
2023-04-14,nighttime,6,0.9666114094733277,0.0016535861994437064,0.6018155053974475
2023-04-15,daytime,6,-0.9588707941499518,0.0025026300404637396,-1.48094170403587
2023-04-15,nighttime,6,0.9679104518739993,0.0015280867172101941,0.7108663052255159
2023-04-16,daytime,6,0.9866613434964588,2.6569303071515124e-4,0.6777366683651976
2023-04-16,nighttime,6,0.9800486521932505,5.931135393212831e-4,0.6034060878927308
2023-04-17,daytime,6,0.9969865267202377,1.3607849104380544e-5,0.6888888888888874
2023-04-17,nighttime,6,0.9810042063101952,5.378330440711956e-4,0.8217821782178218
2023-04-18,daytime,6,0.9539714779438163,0.003129178678864924,0.7057153419593318
2023-04-18,nighttime,6,0.9641086127495214,0.001909170024948047,1.2885266071977866
2023-04-19,daytime,6,0.9770710989686285,7.825744965712658e-4,1.2493718592964829
2023-04-19,nighttime,6,0.9866531343427494,2.6601943684043366e-4,2.7514970059880026
2023-04-20,daytime,6,0.9598781947985155,0.002382345655361228,2.7841543314729376
2023-04-20,nighttime,6,0.96541076585443375,0.0017739311368258786,1.3371116708648179
2023-04-21,daytime,6,0.9779561474933987,7.235412495768387e-4,4.3311367380560295
2023-04-21,nighttime,6,0.9748264371995691,9.425860487095339e-4,1.0425188374596326
2023-04-22,daytime,6,0.957084004611465,0.0027231530222074593,1.9216196136701333
2023-04-22,nighttime,6,0.988729021792135,1.898365205680496e-4,0.937499999999997
2023-04-23,daytime,6,0.993558437321366,6.21069523837019e-5,0.3486180904522595
2023-04-23,nighttime,6,0.9930540470223804,7.220183601468932e-5,1.1128665149283719
2023-04-24,daytime,6,0.9958641277973284,2.5622785360665687e-5,0.3465156459973098
2023-04-24,nighttime,6,0.9278215875375,0.007626570062513511,0.7227696404793615
2023-04-25,daytime,6,0.9977524903809314,7.571272809615096e-6,0.4495063703050018
2023-04-25,nighttime,6,0.9769276927947178,7.92355983328508e-4,0.6773925104022193
2023-04-26,daytime,6,0.999444187490212,4.6330546615790494e-7,0.551773863170832
2023-04-26,nighttime,6,0.9741710492034638,9.920863542140434e-4,0.6680190930787583
2023-04-27,daytime,6,0.9985499586672528,3.152405357155968e-6,0.8291667905234694
2023-04-27,nighttime,6,0.9786474721200435,6.790280365074808e-4,0.9658293731613491
2023-04-28,daytime,6,-0.9710132701071272,0.0012481679974046896,-3.9478079331941442
2023-04-28,nighttime,6,0.9770940862439315,7.810121799500353e-4,2.1184649610678474
2023-04-29,daytime,6,0.9713856789853672,0.001216454642867097,0.37587120840286603
2023-04-29,nighttime,6,0.9952583840325503,3.367108028322659e-5,0.827227722772278
2023-04-30,daytime,6,0.9962946764807971,2.0568697597109117e-5,0.5907710477475956
2023-04-30,nighttime,6,0.9648238781646347,0.0018342765659683652,0.691018668234601
2023-05-01,daytime,6,0.9971154269170591,1.2469141883379376e-5,0.5007340131926648
2023-05-01,nighttime,6,0.9780232630697442,7.191583202888096e-4,0.6812888198757764
2023-05-02,daytime,6,0.9984864544014076,3.4344967880524e-6,0.5061083962683229
2023-05-02,nighttime,6,0.9904594494718677,1.360989560767619e-4,0.7116195063214915
2023-05-03,daytime,6,0.99924026307938,8.655810226829278e-7,0.481662847638211
2023-05-03,nighttime,6,0.9907772223583847,1.271971981250006e-4,0.8447251114413055
2023-05-04,daytime,6,0.9979287040712802,6.4309570303935325e-6,0.5244273798490661
2023-05-04,nighttime,6,0.990191715430638,1.4383187880610956e-4,1.088211590592714
2023-05-05,daytime,6,0.8217490557049625,0.04482827951284007,2.322404371584693
2023-05-05,nighttime,6,0.9990081276441928,1.475228247968736e-6,1.5666456096020194
2023-05-06,daytime,6,0.9864517721405384,2.740882982506608e-4,0.7487341772151872
2023-05-06,nighttime,6,0.9977485594693272,7.59777043619963e-6,2.5278069254984215
2023-05-07,daytime,6,0.9975204880985084,9.214346910573371e-6,0.4940750685891065
2023-05-07,nighttime,6,0.9948174798452644,4.0218175333304855e-5,1.000407331975551
2023-05-08,daytime,6,0.9975688807961591,8.858326503679186e-6,0.504360267066357
2023-05-08,nighttime,6,0.9643383342276894,0.001884955168204497,0.9616963064295502
2023-05-09,daytime,6,0.7755306135770963,0.0699246441814361,3.668831168831082
2023-05-09,nighttime,6,0.9894982732799478,1.64850298050697e-4,0.8288575620335529
2023-05-10,daytime,6,0.9994209518791578,5.028480129066684e-7,0.3331254788077442
2023-05-10,nighttime,6,0.9978360213569396,7.019138607977398e-6,0.8927725118483423
2023-05-11,daytime,6,0.867036293551522,0.025343665080962974,0.36623812185577836
2023-05-11,nighttime,6,0.9985741628941514,3.048067807039558e-6,0.9192651272543425
2023-06-01,daytime,6,0.9406101982059292,0.005185984508855165,2.6615231458437054
2023-06-01,nighttime,6,0.9919882070621374,9.602610532704178e-5,1.2223940612434248
2023-06-02,daytime,6,0.9322585220473865,0.0067279320533341095,0.8775655475145263
2023-06-02,nighttime,6,0.9849639274374756,3.3742551336725634e-4,0.8877911079745866
2023-06-03,daytime,6,0.9733292889984617,0.0010575044418983854,0.8400053022269373
2023-06-03,nighttime,6,0.9938634329519145,5.637063895432368e-5,1.5755617564987527
2023-06-04,daytime,6,0.7874838093395431,0.06294574862892216,1.3798202377501
2023-06-04,nighttime,6,0.9817496285260623,4.965747075027437e-4,1.3145884270578636
2023-06-05,daytime,6,0.9638238960509296,0.0019393937219127652,0.7565679633076798
2023-06-05,nighttime,6,0.9972447251831339,1.1376850586134671e-5,1.0094331676914035
2023-06-06,daytime,6,0.9222385175869058,0.008835166282700953,0.6610418195157731
2023-06-06,nighttime,6,0.9785213820874151,6.870421647174704e-4,0.8770810210876837
2023-06-07,daytime,6,0.9590425392664493,0.002481917036119623,0.8515958433846689
2023-06-07,nighttime,6,0.9801784994388706,5.854439733877909e-4,1.1626856684062512
2023-06-08,daytime,6,0.9851699180429825,3.2826619644706057e-4,1.0677269512358267
2023-06-08,nighttime,6,0.9492580798443264,0.003796790003436237,0.8007617617080623
2023-06-09,daytime,6,0.9511282633568326,0.0035243061961289296,2.318310238127272
2023-06-09,nighttime,6,0.9822988247990685,4.6722423643638916e-4,0.9367476025300945
2023-06-10,daytime,6,0.9665816454154901,0.0016565190523622883,0.942991599413818
2023-06-10,nighttime,6,0.9872888183986513,2.4133430745048825e-4,0.7097505668934242
2023-06-11,daytime,6,0.9713080663259885,0.001223030598858076,2.918855534709197
2023-06-11,nighttime,6,0.9980386363805596,5.766648240308069e-6,1.0412060301507517
2023-06-12,daytime,6,0.9801779610900159,5.854756691909384e-4,1.0612669091640548
2023-06-12,nighttime,6,0.9841588236738096,3.7442668599106237e-4,1.039985151402662
2023-06-13,daytime,6,0.8804861170901556,0.020571809963097924,0.6279361237763873
2023-06-13,nighttime,6,0.9822671933230659,4.6889058686371693e-4,1.522683706070282
2023-06-14,daytime,6,0.9962974728442284,2.0537682578242067e-5,1.412902569838093
2023-06-14,nighttime,6,0.9690633485553436,0.0014208102343755463,1.2378729689807946
2023-06-15,daytime,6,0.9816305968448404,5.030532188929777e-4,1.1862579924896002
2023-06-15,nighttime,6,0.9804281443203565,5.708377287236769e-4,1.2977394923975172
2023-06-16,daytime,6,0.7880373599175549,0.06263069539845541,1.12761751059109
2023-06-16,nighttime,6,0.9845339387887542,3.5694884051523635e-4,1.9612196868924385
2023-06-17,daytime,6,0.9793999104436969,6.321745695851435e-4,1.7409623217922647
2023-06-17,nighttime,6,0.9791488192954032,6.476248531392434e-4,1.1665982765695513
2023-06-18,daytime,6,0.9521811555999498,0.003375290533510972,0.879059253140896
2023-06-18,nighttime,6,0.9806674451186354,5.57008768610777e-4,0.8931827303480275
2023-06-19,daytime,6,0.8226890587811709,0.04437150041294273,0.6745664241134296
2023-06-19,nighttime,6,0.9881580180483018,2.095184892331174e-4,1.3665667624931153
2023-06-20,daytime,6,0.892534217446158,0.016702786141630815,0.7762689518787065
2023-06-20,nighttime,6,0.9876548556383298,2.2766316798265181e-4,1.5513220903601832
2023-06-21,daytime,6,0.9416834759622107,0.005002063551314948,1.0765382691345668
2023-06-21,nighttime,6,0.9768184053552776,7.998507593703379e-4,1.2512366961474986
2023-06-22,daytime,6,0.9562503591847639,0.002829177521250428,0.8835448018097724
2023-06-22,nighttime,6,0.9661753232854513,0.0016968135778861635,1.5047744740315248
2023-06-23,daytime,6,0.7727521790575402,0.07159464081713612,0.5233325335892485
2023-06-23,nighttime,6,0.9361423657859671,0.005986496922221922,1.1130990103836538
2023-06-24,daytime,6,0.9835620259022728,4.030896608849688e-4,0.6447954947597687
2023-06-24,nighttime,6,0.9955786079293015,2.927984551332869e-5,1.0240805833901723
2023-06-25,daytime,6,0.9714878325866719,0.0012078261426063906,0.7063692555764638
2023-06-25,nighttime,6,0.9521065098082899,0.0033857508858243074,0.47435615232225437
2023-06-26,daytime,6,0.9287480399496089,0.007434395251583234,0.5191926673456169
2023-06-26,nighttime,6,0.9887753257419614,1.8828285135454959e-4,0.7304143862392484
2023-06-27,daytime,6,0.785380423493372,0.06414948739846993,1.444821288807716
2023-06-27,nighttime,6,0.9934550404079769,6.411456252393007e-5,1.0077048094865402
2023-06-28,daytime,6,0.9571291221982462,0.002717471791353628,0.7739942983845425
2023-06-28,nighttime,6,0.9917143096704761,1.0269457899706712e-4,1.3104446409905843
2023-06-29,daytime,6,0.9647911313000632,0.001837673061529858,1.0209196697941207
2023-06-29,nighttime,6,0.9655474249288822,0.0017600226359900805,1.7471328671328565
2023-06-30,daytime,6,0.9754538106158106,8.963783912060511e-4,0.9974761637689309
2023-06-30,nighttime,6,0.9431723789794193,0.0047523088172145775,1.2076970067196064
2023-07-01,daytime,6,0.9560705043592097,0.0028523132976386316,0.7189248913121807
2023-07-01,nighttime,6,0.9808997993004841,5.437424548157422e-4,1.1833702882483286
2023-07-02,daytime,6,0.9144943094506203,0.010654259083828398,0.6620604645127808
2023-07-02,nighttime,6,0.9883867021258572,2.0151989614935906e-4,0.6778382907415113
2023-07-03,daytime,6,0.9206203820198915,0.009201595227915242,0.8077969997580451
2023-07-03,nighttime,6,0.9892119819786283,1.7394423728620494e-4,1.6437032987060263
2023-07-04,daytime,6,0.8050895182192691,0.053282809913833044,1.0999640417116148
2023-07-04,nighttime,6,0.9795882536465538,6.207069150295611e-4,1.751365567469146
2023-07-05,daytime,6,0.9993656123747503,6.035438346975504e-7,2.4447544642857233
2023-07-05,nighttime,6,0.9661449090155074,0.0016998489811769785,0.9565790261723619
2023-07-06,daytime,6,0.7372551309307193,0.09448302088996222,0.883834017722067
2023-07-06,nighttime,6,0.9862018496071344,2.8426992368416596e-4,1.5299877600979124
2023-07-07,daytime,6,0.9293557882780431,0.007309628308973884,11.467741935485364
2023-07-07,nighttime,6,0.9942232124278186,4.996052259881892e-5,1.6940728444487778
2023-07-08,daytime,6,0.9835330458733289,4.045082729136644e-4,0.92782152230971
2023-07-08,nighttime,6,0.9956994691886774,2.7702079664833524e-5,1.117945466074822
2023-07-09,daytime,6,0.9531370178346968,0.0032427498324606946,0.8954430422745743
2023-07-09,nighttime,6,0.9694752069582478,0.0013834235491421536,1.6842105263157914
2023-07-10,daytime,6,0.9628518700322253,0.002044343435831979,1.1503212465844488
2023-07-10,nighttime,6,0.9675768706954704,0.001559846412513812,1.1770594620673016
2023-07-11,daytime,6,0.7955870782256191,0.05840630344411843,0.768519530481545
2023-07-11,nighttime,6,0.964935655564722,0.0018227064256198567,1.4577841111506806
2023-07-12,daytime,6,0.9875860602077189,2.3020232106021345e-4,1.3559250506414622
2023-07-12,nighttime,6,0.9736784817778381,0.0010301154145991027,1.6517357222844222
2023-07-13,daytime,6,0.962125935578091,0.0021245030072062888,1.9078871157802213
2023-07-13,nighttime,6,0.98137876637612,5.168970529519342e-4,1.3206167540931502
2023-07-14,daytime,6,0.802024070121684,0.05491192251228543,2.7842696629213313
2023-07-14,nighttime,6,0.9668363437779736,0.001631504980612547,1.8641695043511006
2023-07-15,daytime,6,0.9458064743168233,0.0043258258203701105,0.8540891335773412
2023-07-15,nighttime,6,0.9855241246428922,3.128097341895889e-4,1.1511996953154702
2023-07-16,daytime,6,0.9967793377253319,1.554229480499414e-5,1.0836616111877115
2023-07-16,nighttime,6,0.980396780098957,5.726627219923631e-4,1.040816326530605
2023-07-17,daytime,6,0.9968696905193157,1.4682919470415868e-5,1.497669198895033
2023-07-17,nighttime,6,0.9665155833025231,0.0016630377751965075,0.6322927533905763
2023-07-19,daytime,6,0.9394536838921056,0.005387807541329789,2.147424511545333
2023-07-19,nighttime,6,0.9757072304088379,8.780399304347348e-4,1.587255449972041
2023-07-20,daytime,6,0.9745897233824105,9.603197555554824e-4,1.1194132163422037
2023-07-20,nighttime,6,0.9796908519790332,6.145038692457425e-4,1.1559845559845494
2023-07-21,daytime,6,0.7335553682564538,0.09703129520675244,0.5468723221936573
2023-07-21,nighttime,6,0.9658874935155191,0.0017256469154813415,1.1925108017282753
2023-07-22,daytime,6,0.8755409687329386,0.022271137358393388,0.5178659316861889
2023-07-22,nighttime,6,0.9905551214328181,1.3338732807411996e-4,0.9703044596912496
2023-07-23,daytime,6,0.880379535751611,0.020607755271540913,0.6261778753065697
2023-07-23,nighttime,6,0.9805602295325834,5.631838236604554e-4,0.977963860731597
2023-07-24,daytime,6,0.8982752112774792,0.014995578330170166,0.4913399919173255
2023-07-24,nighttime,6,0.9619627203331272,0.0021427351396823883,0.7369305834597528
2023-07-25,daytime,6,0.9819152542562409,4.876296622791255e-4,3.283702213279693
2023-07-25,nighttime,6,0.965691101592166,0.0017454582540326136,0.9678573935012945
2023-07-26,daytime,6,0.8662695669283892,0.02562993701379222,0.4912598755772689
2023-07-26,nighttime,6,0.9799472370702464,5.991382103262471e-4,1.239973262032069
2023-07-27,daytime,6,0.9654630487648129,0.0017686036459366584,1.2359602192536212
2023-07-27,nighttime,6,0.9868704242280506,2.574469639783973e-4,1.1916944312232234
2023-07-28,daytime,6,0.7998035193078342,0.056106145895571814,0.42463030956310854
2023-07-28,nighttime,6,0.9751694062741244,9.171828217888685e-4,0.8366846493379108
2023-07-29,daytime,6,0.9922275443332796,9.038182946632805e-5,1.149218913818413
2023-07-29,nighttime,6,0.9336562457862378,0.006456234775892219,0.7085351709080973
2023-07-30,daytime,6,0.35773164303616084,0.48629233955552753,0.4169613269896529
2023-07-30,nighttime,6,0.9587872650680851,0.0025127345816545097,0.46803678891790523
2023-07-31,daytime,6,0.9668381479501472,0.0016313284629148488,0.7289573863344863
2023-07-31,nighttime,6,0.8788295956898677,0.02113387221396068,0.3564316469321844
2023-08-01,daytime,6,0.911867908506137,0.011308625647521397,2.9059350503919537
2023-08-01,nighttime,6,0.9810705501793138,5.3409466701465e-4,0.8536024527337771
2023-08-02,daytime,6,0.5793095350250365,0.22824370343692874,0.8410740203193079
2023-08-02,nighttime,6,0.7878907635421338,0.06271406020584522,0.7934458788480634
2023-08-03,daytime,6,0.9725193286346614,0.001122404421047327,1.3962567626846096
2023-08-03,nighttime,6,0.8576729137346164,0.028943939370615866,0.31453362255965167
2023-08-04,daytime,6,0.9995788482017319,2.6601590617428446e-7,0.5392039834930614
2023-08-04,nighttime,6,0.984504787444233,3.582922054649896e-4,1.5689655172413726
2023-08-05,daytime,6,0.9970691821596788,1.2871952406661768e-5,0.5994948271686096
2023-08-05,nighttime,6,0.9823021591898982,4.6704875206469136e-4,0.2470454760329018
2023-08-06,daytime,6,0.9819065401207652,4.8809827785451567e-4,1.127406049495886
2023-08-06,nighttime,6,0.961090052718448,0.0022415214774167205,0.398082355962676
2023-08-07,daytime,6,0.9974122145496622,1.0036285580053026e-5,0.8504571179799753
2023-08-07,nighttime,6,0.964250190368934,0.00189422833075184,0.18379341050756812
2023-08-08,daytime,6,0.9606851597315889,0.002288101375542382,0.6533066132264547
2023-08-08,nighttime,6,0.936787776678952,0.00586738653330334,0.6794679005205343
2023-08-09,daytime,6,0.9725844492913539,0.0011171156967716147,1.6921169567672443
2023-08-09,nighttime,6,0.9102703533084392,0.011715889178393177,0.5710192741795446
2023-08-10,daytime,6,0.9335856028195613,0.006469835521726139,0.851140684410649
2023-08-10,nighttime,6,0.984243670707283,3.704370209464927e-4,1.1097252920745135
2023-08-11,daytime,6,0.9672479042984773,0.0015914830764529948,1.4953620200979145
2023-08-11,nighttime,6,0.959102030853415,0.0024747619515673503,1.0434685854165109
2023-08-12,daytime,6,0.7891826791174522,0.0619811377025426,0.5321943367234916
2023-08-12,nighttime,6,0.9773334784007509,7.648340990969297e-4,0.7799772684220495
2023-08-13,daytime,6,0.880058110395605,0.020716339899625232,1.1362950933766474
2023-08-13,nighttime,6,0.8792177505378218,0.021001520705438148,0.6048155410643422
2023-08-14,daytime,6,0.9643689408214516,0.0018817404630085371,1.519988895058307
2023-08-14,nighttime,6,0.9692975553501957,0.0013994894833492418,0.39664536741214046
2023-08-15,daytime,6,0.9902602540114028,1.4183200881682771e-4,0.8286580742987143
2023-08-15,nighttime,6,0.975425693881887,8.984246127924313e-4,0.9110502605776851
2023-08-16,daytime,6,0.9498233212005783,0.0037133837536002536,0.9280232471499914
2023-08-16,nighttime,6,0.9777273632049854,7.385811273409915e-4,1.0141852286049264
2023-08-17,daytime,6,0.9449557074920453,0.004461422567402967,1.0246872057042957
2023-08-17,nighttime,6,0.9679512994386537,0.0015242198935425365,1.28225620533312
2023-08-18,daytime,6,0.8808138242269228,0.020461476400142703,0.6435700437998128
2023-08-18,nighttime,6,0.9861092379765554,2.880897704131827e-4,0.8827479102909601
2023-08-19,daytime,6,0.7789187865512348,0.0679124719041737,0.4369047718239906
2023-08-19,nighttime,6,0.9923840590759239,8.678296221794975e-5,1.1856368563685564
2023-08-20,daytime,6,0.8587648840427909,0.02851240326053591,0.6555833187391682
2023-08-20,nighttime,6,0.9647116349784536,0.001845931310519103,1.313395779257418
2023-08-21,daytime,6,0.725495532421915,0.10268672731008507,0.32978580088912657
2023-08-21,nighttime,6,0.9526277407370045,0.0033130416449838754,0.6469927826784251
2023-08-22,daytime,6,0.9317120442734678,0.006835645615418537,0.5921088068946964
2023-08-22,nighttime,6,0.9680420893550861,0.0015156426434364836,0.5552389157664545
2023-08-23,daytime,6,0.968025510102351,0.0015172071586110585,0.7802115319003823
2023-08-23,nighttime,6,0.941466421777863,0.005038996388167697,0.3145654834761333
2023-08-24,daytime,6,0.9868722777038363,2.573744422807394e-4,0.6097401127250638
2023-08-24,nighttime,6,0.9641718086297598,0.001902493349822737,0.3058430186276084
2023-08-25,daytime,6,0.9901304861388633,1.4563027441496498e-4,0.9927172275238575
2023-08-25,nighttime,6,0.9558503119496032,0.002880764257815851,0.30475474791638113
2023-08-26,daytime,6,0.9852574254139835,3.244131567166367e-4,0.6469830915801269
2023-08-26,nighttime,6,0.4508152129173727,0.36958775040464464,0.054754105473241395
2023-08-27,daytime,6,0.9779079718974186,7.266954662530273e-4,0.4521191957182129
2023-08-27,nighttime,6,0.9178813320948872,0.00983833081034397,0.21506211180124293
2023-08-28,daytime,6,0.9521785333690174,0.0033756577253361035,0.47169435593991627
2023-08-28,nighttime,6,0.9842502397357266,3.701290195884373e-4,0.37652612729936497
2023-08-29,daytime,6,0.9658804902687823,0.0017263514573092364,0.8768807636304861
2023-08-29,nighttime,6,0.9672040206129425,0.0015957271074434893,0.3422996515679468
2023-08-30,daytime,6,0.9945125521729067,4.5085506238595246e-5,0.5858083795816321
2023-08-30,nighttime,6,0.9418349002929676,0.004976376769083262,0.276486034853187
2023-08-31,daytime,6,0.9946306451765654,4.316755765739617e-5,0.5482260369435961
2023-08-31,nighttime,6,0.9018715801368319,0.013971331735381365,0.20017035775127778
2023-09-01,daytime,6,0.9228190491498203,0.008705469190017485,0.25929587103642265
2023-09-01,nighttime,6,0.950528353909866,0.003610626114371219,0.14274540477121786
2023-09-02,daytime,6,0.8394054134385203,0.03661501477225206,0.34060054704485576
2023-09-02,nighttime,6,0.9758078459414806,8.708111230981139e-4,0.2152802152802146
2023-09-03,daytime,6,0.801829286332202,0.055016203987453036,0.32403035413153297
2023-09-03,nighttime,6,0.9460259596342153,0.004291177042973728,0.30318564628341327
2023-09-04,daytime,6,0.6609907372299457,0.15291021409201827,0.2849670229702065
2023-09-04,nighttime,6,0.9530079040265356,0.0032605003115567183,0.26744851258581237
2023-09-05,daytime,6,0.9930201755922642,7.290690178030203e-5,1.1405860126898186
2023-09-05,nighttime,6,0.9680738457484215,0.0015126481534609624,0.2918613228423926
2023-09-06,daytime,6,0.9941640785716076,5.098758853306525e-5,0.6877961966845956
2023-09-06,nighttime,6,0.6920876742049048,0.12761841670252932,0.04045484364749654
2023-09-07,daytime,6,0.9806117371220231,5.602130362051639e-4,0.43055257395560687
2023-09-07,nighttime,6,0.9561350602447506,0.00284399842185628,0.19541441560152994
2023-09-08,daytime,6,0.984516828876226,3.5773700269609623e-4,0.5844164369174212
2023-09-08,nighttime,6,0.9450507330319713,0.00444617539934155,0.3696603071195886
2023-09-09,daytime,6,0.970594332391969,0.0012843264895138274,0.9237122557726494
2023-09-09,nighttime,6,0.9444925987359104,0.004536096253962888,0.2645526041502167
2023-09-10,daytime,6,0.7252701246109277,0.10284693131833657,0.7819269972881199
2023-09-10,nighttime,6,0.9704213575030426,0.0012994050185811457,0.3577474723724428
2023-09-11,daytime,6,0.9920830084572612,9.377001904472752e-5,0.8465681219204819
2023-09-11,nighttime,6,0.7793311392288563,0.06766941209578953,0.15029266096352886
2023-09-12,daytime,6,0.9851890823509403,3.274204366612875e-4,0.5420139581256213
2023-09-12,nighttime,6,0.9581385578316676,0.0025918919264804057,0.26811212637447784
2023-09-13,daytime,6,0.9806405995666834,5.585517578528328e-4,0.8642142673945759
2023-09-13,nighttime,6,0.9483655759965198,0.003930338989554369,0.4192446765769376
2023-09-14,daytime,6,0.9256309085134727,0.00809048378882013,0.9892965826017008
2023-09-14,nighttime,6,0.9794899011103547,6.266823029703497e-4,0.9719745222929921
2023-09-15,daytime,6,0.960803570204423,0.002274430247508321,1.755920550038203
2023-09-15,nighttime,6,0.9898669762552136,1.5349703515019192e-4,1.0782138024357262
2023-09-16,daytime,6,0.9973231888285621,1.0738386969603896e-5,1.2367856956135315
2023-09-16,nighttime,6,0.975257288303386,9.107289070552921e-4,0.7972263868065931
2023-09-17,daytime,6,0.9249224619663045,0.008243362672042603,0.6413807606801654
2023-09-17,nighttime,6,0.9787354165496369,6.73466027624096e-4,0.7052839785250051
2023-09-18,daytime,6,0.7745161969241884,0.07053228782452889,0.3238001476741313
2023-09-18,nighttime,6,0.9724108319202239,0.0011312433771296791,0.7864626129827443
2023-09-19,daytime,6,0.9518325627599689,0.003424276331423378,0.898590612146141
2023-09-19,nighttime,6,0.9936039534408276,6.123328813004152e-5,1.3554065381391391
2023-09-20,daytime,6,0.868766763522307,0.024703183482027175,0.6811283780704562
2023-09-20,nighttime,6,0.9550819697713954,0.002981130189347324,0.7306076729207505
2023-09-21,daytime,6,0.9543669601815232,0.0030760489494111123,1.007723294060634
2023-09-21,nighttime,6,0.9881544695320018,2.0964382586915515e-4,0.7093105341595384
2023-09-22,daytime,6,0.97189289038257,0.0011739119732010893,3.4709507042253738
2023-09-22,nighttime,6,0.9775190829549489,7.524066131117189e-4,0.9349315068493043
2023-09-23,daytime,6,0.9869851379644115,2.5297767887328147e-4,3.2382082468110447
2023-09-23,nighttime,6,0.8951859459302284,0.01590323603414478,2.351648351648342
2023-09-24,daytime,6,0.8646079008680038,0.02625559308819029,0.890700780206652
2023-09-24,nighttime,6,0.9530080903848919,0.003260474656787811,0.6285209854746813
2023-09-25,daytime,6,0.9691732328831083,0.0014107871786710638,1.5914660427313645
2023-09-25,nighttime,6,0.9782405070455573,7.050620066825524e-4,1.2797029702970282
2023-09-26,daytime,6,0.9173370472634496,0.009967320886422245,1.1326111475409677
2023-09-26,nighttime,6,0.9810438845161479,5.355956799767112e-4,1.2845703726516726
2023-09-27,daytime,6,0.8743762775967022,0.022680725387483863,0.8797305329898947
2023-09-27,nighttime,6,0.9672696249982492,0.0015893845153348764,1.0114708404802708
2023-09-28,daytime,6,0.3515791775343707,0.4943602187853472,0.26227895360863096
2023-09-28,nighttime,6,0.9856454741245472,3.0759972731573155e-4,1.4458592628051656
2023-09-29,daytime,6,0.038271749931925,0.9426204039318367,0.03396021137705111
2023-09-29,nighttime,6,0.9760683936063436,8.522296007105151e-4,2.010160880609646
2023-09-30,daytime,6,0.15115603307493355,0.7749927679691531,0.14453124999999445
2023-09-30,nighttime,6,0.9797376673581416,6.116837129697583e-4,1.4162098668754954
2023-10-01,daytime,6,0.43556588407172164,0.3879684395499005,0.34020071151701314
2023-10-01,nighttime,6,0.989640762302365,1.6041486390353606e-4,1.0099947396107254
2023-10-02,daytime,6,0.4463521215166583,0.37493523260127104,0.30968172925514204
2023-10-02,nighttime,6,0.9800368039320572,5.9381583761897e-4,0.8682462356067301
2023-10-03,daytime,6,0.945768656748837,0.0043318096495712,4.9081632653060305
2023-10-03,nighttime,6,0.9423399003528184,0.004891179742493664,0.6702632714717295
2023-10-04,daytime,6,0.9103683220535324,0.011690713360929606,0.9011488111140827
2023-10-04,nighttime,6,0.920396506594203,0.009252861871985874,1.0369458128078763
2023-10-05,daytime,6,0.963474683768837,0.0019767838997582104,1.3708652084904673
2023-10-05,nighttime,6,0.9807275273636736,5.53563132351866e-4,0.8246922348484889
2023-10-06,daytime,6,0.9883356815093496,2.0329098661829475e-4,1.0309904153354628
2023-10-06,nighttime,6,0.9952594189841613,3.3656394756148184e-5,0.8084425637320685
2023-10-07,daytime,6,0.9569761745565452,0.002736754717195587,0.6031365062048278
2023-10-07,nighttime,6,0.97282511462474075,0.00109767761421722,0.615152657369017
2023-10-08,daytime,6,0.9211879095504183,0.009072253835888453,0.5050241103418552
2023-10-08,nighttime,6,0.976708356254933,8.074331363713747e-4,1.0508416351769159
2023-10-09,daytime,6,0.98599870691417,2.926819319106174e-4,0.9690059305280952
2023-10-09,nighttime,6,0.9707694932616071,0.0012691461845995623,0.8107535986452172
2023-10-10,daytime,6,0.9441266184659721,0.004595538413641672,0.726247248716065
2023-10-10,nighttime,6,0.9654020283550826,0.0017748222370985935,0.9099112878556105
2023-10-11,daytime,6,0.8554568952136431,0.029829115188580183,0.5582045379809245
2023-10-11,nighttime,6,0.9869236805846981,2.553672334017177e-4,1.7685909980430616
2023-10-12,daytime,6,0.9650991500243369,0.0018058481660795066,7.993288590604307
2023-10-12,nighttime,6,0.9737282256120473,0.0010262427243796415,1.289881494986328
2023-10-13,daytime,6,0.3719354837175963,0.4678228087142266,1.1408450704225321
2023-10-13,nighttime,6,0.7035516574617008,0.11879624942684475,0.9186206896551835
2023-10-14,daytime,6,0.9858301560948975,2.997541720986191e-4,2.7145085803432205
2023-10-14,nighttime,6,0.9066510046717171,0.012664329190270161,0.25035021012608016
2023-10-15,daytime,6,-0.6013960848354364,0.2066615140660835,-3.260563380281748
2023-10-15,nighttime,6,0.9506633777295418,0.0035911082527880092,0.48024112525117346
2023-10-16,daytime,6,NA,NA,-3.2990412035337204e-15
2023-10-16,nighttime,6,0.957788312334506,0.0026351329099128223,0.37613398464759834
2023-10-17,daytime,6,NA,NA,0
2023-10-17,nighttime,6,-0.882775417374253,0.019806977332905467,-0.19084712755598765
2023-10-18,daytime,6,NA,NA,-0
2023-10-18,nighttime,6,NA,NA,-0
2023-10-19,daytime,6,-0.7629702592015887,0.07761611445362583,-0.07489743345101048
2023-10-19,nighttime,6,-0.62475801767177,0.18479155436054467,-0.08870967741933355
2023-10-20,daytime,6,-0.5311552260176627,0.2781934771918858,-0.022937062937070735
2023-10-20,nighttime,6,-0.6518243910394087,0.16073536949086412,-0.049985298441634456
2023-10-21,daytime,6,NA,NA,-8.669114655456347e-15
2023-10-21,nighttime,6,-0.8789531924182878,0.021091685576171658,-0.1854140914709513
2023-10-22,daytime,6,0.9122602945348453,0.011209662519374502,0.11246200607899016
2023-10-22,nighttime,6,-0.9220179477747348,0.008884688457602761,-0.15456674473067525
2023-10-23,daytime,6,-0.8765440248608444,0.021921247117108713,-0.0873786407767018
2023-10-23,nighttime,6,-0.8749927874288811,0.02246347323781161,-0.17703349282295913
2023-10-24,daytime,6,-0.591462172274893,0.2162616084877886,-0.05381961557417931
2023-10-24,nighttime,6,0.6758378183830446,0.1405900174345326,0.2635135135135429
2024-03-01,daytime,6,-0.9657836811346283,0.0017361052265850046,-0.1875991348233645
2024-03-01,nighttime,6,-0.9306915595350167,0.007039022790753335,-0.15132178669097215
2024-03-02,daytime,6,-0.957068100294827,0.00272515709563973,-0.2018390154194386
2024-03-02,nighttime,6,NA,NA,1.0426761686495407e-14
2024-03-03,daytime,6,-0.8510809576545454,0.031614041806378425,-0.1200113218228166
2024-03-03,nighttime,6,0.7461559683335648,0.08847674103216252,0.13674530187924977
2024-03-04,daytime,6,0.8903602231736527,0.017372337657248813,0.20373250388802558
2024-03-04,nighttime,6,-0.9111196614238741,0.011498507224607303,-0.1316844919786045
2024-03-05,daytime,6,0.047365532994801236,0.9290048326456097,0.005966738606064653
2024-03-05,nighttime,6,-0.9816766210371995,5.005433223404219e-4,-0.1927377976582018
2024-03-06,daytime,6,-0.36152891878892207,0.481333107716216,-0.029261901295681795
2024-03-06,nighttime,6,-0.9263607111079396,0.007934453764811748,-0.11933998465079956
2024-03-07,daytime,6,NA,NA,-7.911214286606677e-15
2024-03-07,nighttime,6,NA,NA,4.214481956346739e-15
2024-03-08,daytime,6,0.7804723286815259,0.06699881520558712,0.10152284263958444
2024-03-08,nighttime,6,-0.8674295482554771,0.025197429161800438,-0.0822974710672913
2024-03-09,daytime,6,-0.7277881579085214,0.10106357875971145,-0.082421875000006
2024-03-09,nighttime,6,-0.9341285531692911,0.006365661592760925,-0.12087912087911547
2024-03-11,daytime,6,-0.7975292091124221,0.05734154530657272,-0.0682551672045596
2024-03-11,nighttime,6,0.22164619290583973,0.6729751207606129,0.03384306843821369
2024-03-12,daytime,6,0.7568641867302259,0.08148604586033724,0.07021951319962175
2024-03-12,nighttime,6,0.76502410142509,0.07633356816367771,0.15103532277710408
2024-03-13,daytime,6,0.9904270847807802,1.3702242433795468e-4,0.2347318768619654
2024-03-13,nighttime,6,0.9524997933879127,0.003330817805530646,0.18552631578947498
2024-03-14,daytime,6,-0.7965410616155324,0.05788216314149953,-2.4078947368420613
2024-03-14,nighttime,6,0.9071147352221456,0.012540816801036005,0.2742857142857187
2024-03-15,daytime,6,0.9608511922307418,0.002268943422648848,0.12043275459963282
2024-03-15,nighttime,6,NA,NA,2.9972933578750604e-15
2024-03-16,daytime,6,0.961783709159732,0.002162820170804208,0.15860790186849005
2024-03-16,nighttime,6,0.8470406914575195,0.03330546504421301,0.1646670665866822
2024-03-17,daytime,6,0.9767597627226491,8.038868167180029e-4,0.4711981566820207
2024-03-17,nighttime,6,0.4778289724300126,0.33780562273008635,0.04281009879253684
2024-03-18,daytime,6,0.8566332151212905,0.029357669552107047,0.045494505494503915
2024-03-18,nighttime,6,-0.8489664942550039,0.032494058085402545,-0.07088135827178776
2024-03-19,daytime,6,-0.6275194630514785,0.18227332476408664,-0.03176842230743504
2024-03-19,nighttime,6,0.6275937880505151,0.18220574408815987,0.08888306240168665
2024-03-20,daytime,6,0.9023736542674803,0.013831121437315663,0.10070843172662616
2024-03-20,nighttime,6,0.6047089139432296,0.2034994513053958,0.12027436592758112
2024-03-21,daytime,6,0.9169375147115981,0.010062525015480078,0.09058419243985952
2024-03-21,nighttime,6,0.049110868993105926,0.9263929212091583,0.004208962614509477
2024-03-22,daytime,6,0.6545727843580407,0.1583717609569889,0.9444444444444311
2024-03-22,nighttime,6,0.7344875464328647,0.09638639696700299,0.11178247734139303
2024-03-23,daytime,6,2.604954940925554e-15,0.9999999999999961,-2.307555223660283e-13
2024-03-23,nighttime,6,NA,NA,6.994400668345707e-15
2024-03-24,daytime,6,0.37858514029787904,0.45925297056749576,0.08886255924169827
2024-03-24,nighttime,6,0.6136061077890395,0.19510600949807833,0.16370106761566405
2024-03-25,daytime,6,0.03008284187980874,0.9548893493259338,0.004524886877823289
2024-03-25,nighttime,6,-0.9064232609850338,0.012725201805891399,-1.1388888888889324
2024-03-26,daytime,6,0.9670444704360424,0.0016112044378704048,0.35665833630846133
2024-03-26,nighttime,6,-0.942494928949131,0.004865169955887304,-0.17543859649122406
2024-03-27,daytime,6,-0.11027027284780767,0.8352650082431706,-0.0048638132295717425
2024-03-27,nighttime,6,-0.8096251065411031,0.050914059526730476,-0.11601642710471999
2024-03-28,daytime,6,-0.9449532969754636,0.004461809675835758,-0.10618707100662642
2024-03-28,nighttime,6,0.7654005801477571,0.07609952071892234,0.20982142857142538
2024-03-29,daytime,6,-0.9638344403839683,0.0019382702232092909,-0.10995327102803845
2024-03-29,nighttime,6,0.8553437339606854,0.029874655288461876,0.34838709677420404
2024-03-30,daytime,6,-0.3164604266501196,0.5411556731035253,-0.01999744441604923
2024-03-30,nighttime,6,0.5902489156139297,0.21744615270832973,0.014162348877374706
2024-03-31,daytime,6,0.9731965754958392,0.0010680072418301153,0.15240875912407864
2024-03-31,nighttime,6,NA,NA,5.604724554973784e-15
2024-04-01,daytime,6,0.4311306135592287,0.39337198054956124,0.07434944237918549
2024-04-01,nighttime,6,0.6136061077890407,0.19510600949807722,0.16370106761566486
2024-04-02,daytime,6,0.8971238438441214,0.015330860178463735,0.07105590062111478
2024-04-02,nighttime,6,-0.8323731229233803,0.039793100352127284,-0.1405772495755476
2024-04-03,daytime,6,-0.5437474612442043,0.2647613492028594,-0.04548635409377171
2024-04-03,nighttime,6,-0.8917835034641296,0.016932563762220295,-0.12724445072811968
2024-04-04,daytime,6,-0.9634915065797697,0.001974974598233974,-0.08508373942754817
2024-04-04,nighttime,6,-0.9000494546254196,0.014485908733591844,-0.11572700296735601
2024-04-08,daytime,6,-0.016384638410380282,0.9754252416647531,-4.4742729306898095e-4
2024-04-08,nighttime,6,-0.8297065147966535,0.041030562093790086,-0.13118811881187672
2024-04-09,daytime,6,-0.7969884244252522,0.0576371206584207,-0.04949536742866531
2024-04-09,nighttime,6,-0.8535160157087147,0.030614742211626363,-0.10135507326208745
2024-04-10,daytime,6,-0.9114339667738616,0.011418559937531719,-0.07049302107362293
2024-04-10,nighttime,6,0.6546536707079778,0.15830242337545733,0.053571428571434515
2024-04-11,daytime,6,0.9027470944546806,0.013727276258651529,0.08607863974494914
2024-04-11,nighttime,6,-0.4161807685436137,0.41177144019977263,-0.00975810885101388
2024-04-12,daytime,6,0.961968503349458,0.002142087827913355,0.1060527990785919
2024-04-12,nighttime,6,-0.6598089992984459,0.1539097373069069,-0.0128801158448307
2024-04-13,daytime,6,0.8706504242375419,0.02401487502181573,0.10519187358916317
2024-04-13,nighttime,6,0.9665752129641829,0.0016571532226571652,0.19031377899045032
2024-04-14,daytime,6,0.9903982269858365,1.3784845437653101e-4,0.38928789977132927
2024-04-14,nighttime,6,0.9938726048942281,5.6202429738246976e-5,0.49888017917133404
2024-04-15,daytime,6,0.9431219409282251,0.004760666914328847,0.35585468451241664
2024-04-15,nighttime,6,0.9751001138396558,9.222874775692552e-4,0.2756318550309985
2024-04-16,daytime,6,0.8349466511197152,0.03861567012551045,0.89554317548746
2024-04-16,nighttime,6,0.9929408684150111,7.457112511269267e-5,1.3527131782945734
2024-04-17,daytime,6,0.879386739722778,0.020944023598873193,10.950752393980892
2024-04-17,nighttime,6,0.9839565875602149,3.840219084204344e-4,0.3950201884253058
2024-04-18,daytime,6,0.9694300156553753,0.0013875017230948925,0.33006535947712756
2024-04-18,nighttime,6,-0.9969228339787453,1.4188857316837036e-5,-1.552707158812894
2024-04-19,daytime,6,0.8551596910548062,0.029948790855167738,0.13986963606735578
2024-04-19,nighttime,6,-0.9945906677050528,4.381217291530798e-5,-0.3998936453070924
2024-04-20,daytime,6,0.6595084960109914,0.15416434637813634,0.019417475728148417
2024-04-20,nighttime,6,-0.9436763573470981,0.004669189852004921,-0.19243530192434663
2024-04-21,daytime,6,NA,NA,-3.778751110953242e-15
2024-04-21,nighttime,6,-0.9379097209897113,0.00566311881424416,-0.12696335078533796
2024-04-22,daytime,6,-0.5525497546771471,0.2555251909876833,-0.016069012178622243
2024-04-22,nighttime,6,-0.9276224817446128,0.007668182722193936,-0.09498843484965297
2024-04-23,daytime,6,0.8935833822975758,0.01638418747624367,0.06875329699314142
2024-04-23,nighttime,6,0.6217567608386446,0.18754467992649962,0.07028753993610819
2024-04-24,daytime,6,0.8183879352825028,0.04647936297326306,0.04523809523809368
2024-04-24,nighttime,6,NA,NA,3.058328845621114e-15
2024-04-25,daytime,6,0.9965777928635011,1.754721293533282e-5,0.3003651856360316
2024-04-25,nighttime,6,0.9394519908454341,0.0053881057588870095,0.14140625000000434
2024-04-26,daytime,6,-0.354305996630535,0.49077950619877236,-0.0674157303370893
2024-04-26,nighttime,6,0.8008605432483499,0.05553619560614084,0.16139240506329663
2024-04-27,daytime,6,0.9137312631218135,0.010842423750889283,0.1318270770325557
2024-04-27,nighttime,6,0.28404200799594387,0.5853952230532526,1.3392857142858232
2024-04-28,daytime,6,0.8469402479055224,0.033348044142171525,0.19532324621732855
2024-04-28,nighttime,6,0.676123403782813,0.14035738661899466,0.1904761904762014
2024-04-29,daytime,6,0.89450285695219,0.01610739779597164,0.09591527987896857
2024-04-29,nighttime,6,0.8276058886023678,0.04201784127534125,0.18264840182648995
2024-04-30,daytime,6,-0.8685373722509383,0.024787637404521938,-0.11617100371747487
2024-04-30,nighttime,6,NA,NA,7.103947522667156e-15
2024-05-01,daytime,6,0.4925182813112043,0.3209587062120277,0.874999999999842
2024-05-01,nighttime,6,-0.7538904391138197,0.08340145622951911,-0.10083643122676003
2024-05-02,daytime,6,0.0394131711265722,0.9409108554818906,0.0038834951456284635
2024-05-02,nighttime,6,-0.9582505438289239,0.0025781406280565885,-0.26722338204592716
2024-05-03,daytime,6,NA,NA,-4.239997199357819e-15
2024-05-03,nighttime,6,0.8269924486237751,0.04230822172728935,0.14290792747956527
2024-05-04,daytime,6,-0.8188925113049179,0.04622972789896656,-0.07504741262530631
2024-05-04,nighttime,6,-0.9178454839215485,0.009846801380463127,-0.7259158751695913
2024-05-05,daytime,6,NA,NA,-3.355773022041583e-15
2024-05-05,nighttime,6,-0.9317518097527789,0.006827779469795846,-0.2466367713004376
2024-05-06,daytime,6,NA,NA,-3.877552514759472e-15
2024-05-06,nighttime,6,NA,NA,8.122180000916322e-15
2024-05-07,daytime,6,-0.5241245686319203,0.2858033765847356,-0.04245465071401479
2024-05-07,nighttime,6,0.26624217581728166,0.610073010770372,0.05939004815410292
2024-05-08,daytime,6,NA,NA,-2.4619410558656046e-15
2024-05-08,nighttime,6,-0.9342192195835161,0.006348346236663404,-0.18062200956936963
2024-05-09,daytime,6,0.769897353862104,0.07332919303291062,0.07526881720429802
2024-05-09,nighttime,6,NA,NA,4.914478347460581e-15
2024-05-10,daytime,6,NA,NA,0
2024-05-10,nighttime,6,NA,NA,-0
2024-05-11,daytime,6,-0.6102897945428863,0.1982176338644535,-0.031924597141988795
2024-05-11,nighttime,6,NA,NA,-0
2024-05-12,daytime,6,NA,NA,0
2024-05-12,nighttime,6,0.960981575612322,0.002253954607443502,0.1994382022471937
2024-05-13,daytime,6,0.9336248687090124,0.006462274014968498,0.18112319905909816
2024-05-13,nighttime,6,0.7229438766704993,0.10450671597229137,0.17272053372868992
2024-05-14,daytime,6,0.7108077451008118,0.11335535393180615,0.011328422656845218
2024-05-14,nighttime,6,NA,NA,-0
2024-05-15,daytime,6,0.7532215939482637,0.08383502169039161,0.2022471910112366
2024-05-15,nighttime,6,0.894355717827452,0.016151538705306206,0.22770083102492908
2024-05-16,daytime,6,0.9913689106780041,1.1142206479355617e-4,0.25753424657534213
2024-05-16,nighttime,6,0.8922373748933077,0.01679346304446118,0.25994694960212533
2024-05-17,daytime,6,0.9941429079930099,5.1357824854177464e-5,0.45584016393442855
2024-05-17,nighttime,6,0.9967912277397012,1.5427810016066513e-5,0.24426150121065382
2024-05-18,daytime,6,0.99610820764156,2.268959900534859e-5,0.8974009900990106
2024-05-18,nighttime,6,0.9942785471248681,4.900888855779563e-5,0.5695364238410635
2024-05-19,daytime,6,0.8152614439527482,0.04804009155555387,3.6874999999998783
2024-05-19,nighttime,6,0.9985989287674468,2.943125746197856e-6,0.5491586810533455
2024-05-20,daytime,6,0.9946030829407257,4.361147338788366e-5,0.7773362431191172
2024-05-20,nighttime,6,0.9889130326378966,1.8369985823260088e-4,0.7914329423763301
2024-05-21,daytime,6,0.9569675274997417,0.0027378469037187647,1.4757167934464566
2024-05-21,nighttime,6,0.9906083360773682,1.3189083873766717e-4,1.0444699469229612
2024-05-22,daytime,6,0.9868852391399379,2.5686757917512423e-4,0.15279770444763105
2024-05-22,nighttime,6,-0.7152550300564787,0.11007602879026408,-0.12476342990245946
2024-05-23,daytime,6,0.9984794026732806,3.4665663701301044e-6,0.31244966983411077
2024-05-23,nighttime,6,NA,NA,9.669261905853097e-15
2024-05-24,daytime,6,NA,NA,-1.4720559096563793e-15
2024-05-24,nighttime,6,-0.7945689904849544,0.05896806007918764,-0.2995245641838265
2024-05-25,daytime,6,0.769192180751436,0.07376054828114427,0.04516462678848445
2024-05-25,nighttime,6,-0.9577067511778529,0.0026452529772288094,-0.1539589442815206
2024-05-26,daytime,6,-0.9810854791610065,5.332552268904689e-4,-0.5561277033985667
2024-05-26,nighttime,6,0.9759387268519539,8.614522229840372e-4,0.31640097271007755
2024-05-27,daytime,6,0.7103091623689305,0.11372563138080555,0.04451815642457802
2024-05-27,nighttime,6,-0.9890868231684982,1.7799627718444e-4,-0.5147625160462076
2024-05-28,daytime,6,NA,NA,-1.1394797035379717e-15
2024-05-28,nighttime,6,-0.9525542166945402,0.0033232508729724303,-0.244843049327349
2024-05-29,daytime,6,0.49989162793831976,0.31262192737713185,0.017669105836155826
2024-05-29,nighttime,6,-0.9111196614238748,0.011498507224607135,-0.13168449197860932
2024-05-30,daytime,6,0.8345229603962886,0.03880837597213771,0.14285714285713866
2024-05-30,nighttime,6,NA,NA,4.5084955675427044e-15
2024-05-31,daytime,6,0.9972826488425255,1.1065963512719412e-5,0.812664907651718
2024-05-31,nighttime,6,0.9323100705090882,0.006717814689024113,1.053435114503796
2024-06-01,daytime,6,0.9946072603512837,4.3544046519239336e-5,0.4026481234520841
2024-06-01,nighttime,6,0.8958749871462579,0.015698564805170633,0.22818791946309186
2024-06-02,daytime,6,-0.8623263651666075,0.02712630950864406,-0.41210374639770164
2024-06-02,nighttime,6,0.995439541721667,3.11492458593022e-5,1.70278637770897
2024-06-03,daytime,6,0.8659528889281606,0.025748620644287814,0.06090350504308682
2024-06-03,nighttime,6,0.9734979412580076,0.0010442316950501974,0.3542635658914712
2024-06-04,daytime,6,0.933904041864475,0.006408637620291897,0.23297872340425912
2024-06-04,nighttime,6,-0.9433688993803703,0.00471981205689997,-0.7277486910994542
2024-06-05,daytime,6,0.6858862238700448,0.13250479162713066,0.014284612715424886
2024-06-05,nighttime,6,-0.8659658372276552,0.025743762810408778,-0.1081355932203374
2024-06-06,daytime,6,0.6872329711433419,0.13143688345859525,0.016867469879513527
2024-06-06,nighttime,6,-0.8684814849414447,0.024808233949157252,-0.1560538116591883
2024-06-07,daytime,6,NA,NA,-1.2352248764472246e-15
2024-06-07,nighttime,6,-0.7766537704881772,0.06925465726573383,-0.09819389661614941
2024-06-08,daytime,6,0.7325319527110936,0.09774151525793548,0.24022346368713912
2024-06-08,nighttime,6,NA,NA,2.198634125291668e-15
2024-06-09,daytime,6,0.9963314306049548,2.0162915569641472e-5,0.37317140491305034
2024-06-09,nighttime,6,NA,NA,6.336990264785239e-15
2024-06-10,daytime,6,0.9815836067692308,5.056222248877929e-4,0.4990673079478161
2024-06-10,nighttime,6,0.9880028463027103,2.1503415991015997e-4,0.3438592262263508
2024-06-11,daytime,6,0.9966306307615768,1.7009847963982376e-5,0.6818427208925695
2024-06-11,nighttime,6,0.994273005496027,4.910378075540538e-5,0.7040863531225858
2024-06-12,daytime,6,0.994276374800504,4.9046075483584746e-5,0.9601404741000854
2024-06-12,nighttime,6,0.9962471476652439,2.1099423570014376e-5,1.2408026755852744
2024-06-13,daytime,6,0.9936701334548594,5.9974005671349145e-5,1.4419384334044794
2024-06-13,nighttime,6,0.9972534399722598,1.1305028514863366e-5,1.4166464450376017
2024-06-14,daytime,6,0.9925922592566785,8.21086858904074e-5,1.0942950233182163
2024-06-14,nighttime,6,0.9779561220802262,7.235429116668727e-4,0.7772346368715073
2024-06-15,daytime,6,0.9896833726430756,1.5910018626427271e-4,2.2543823889115555
2024-06-15,nighttime,6,0.9952263846429125,3.412671621630024e-5,1.002522863450006
2024-06-16,daytime,6,0.9909119967383291,1.235124076373946e-4,0.8323481360463398
2024-06-16,nighttime,6,0.9919760044691724,9.631844593081766e-5,1.0652173913043324
2024-06-17,daytime,6,-0.790175390384643,0.06142064258703427,-0.22541806020067187
2024-06-17,nighttime,6,0.9906978073640604,1.2939371872549646e-4,1.4475125110391438
2024-06-18,daytime,6,0.9808477715628063,5.466991872584336e-4,0.4280991735537193
2024-06-18,nighttime,6,-0.6782029522956751,0.13866843033515275,-0.16627634660421173
2024-06-19,daytime,6,0.24938974178540757,0.6336708151562941,0.09702457956014203
2024-06-19,nighttime,6,-0.6433562658187223,0.16811052383373756,-0.08278145695363384
2024-06-20,daytime,6,0.8590441482662987,0.02840253386229803,0.08851976450798832
2024-06-20,nighttime,6,-0.9935191898825521,6.286524973951001e-5,-0.92577104025089
2024-06-21,daytime,6,NA,NA,-1.3374259109163093e-15
2024-06-21,nighttime,6,-0.8333031941505789,0.0393656667793969,-0.3037974683544098
2024-06-22,daytime,6,-0.8613127614687763,0.02751745961351423,-0.16332719592765696
2024-06-22,nighttime,6,NA,NA,8.918096104902384e-15
2024-06-23,daytime,6,0.8965198276558416,0.015508178702244059,0.08005875872199761
2024-06-23,nighttime,6,0.9913701009684526,1.1139137939814836e-4,0.3526210254941275
2024-06-24,daytime,6,0.9554656880469397,0.002930794851225518,0.11154236316323339
2024-06-24,nighttime,6,-0.882829589295641,0.019789046989783593,-0.2125603864734199
2024-06-25,daytime,6,0.6262242910851483,0.18345264005563924,0.02178649237472736
2024-06-25,nighttime,6,0.8555385253486997,0.02979628473183841,0.7203647416413391
2024-06-26,daytime,6,NA,NA,-1.416117938507611e-15
2024-06-26,nighttime,6,0.7841602053472868,0.06485258093096442,0.1725279271824581
2024-06-27,daytime,6,-0.9048645778823583,0.013145599420764592,-0.3540669856459155
2024-06-27,nighttime,6,0.9133278886401258,0.010942539502488802,0.12325174825174834
2024-06-28,daytime,6,NA,NA,-3.656443577843427e-15
2024-06-28,nighttime,6,-0.970959279473307,0.0012527992319560357,-0.22199592668024037
2024-06-29,daytime,6,0.7070280343984878,0.11617559018482987,0.05595768374164751
2024-06-29,nighttime,6,-0.9080304129098493,0.012298649418974314,-0.1640624999999947
2024-06-30,daytime,6,0.9559348002198196,0.0028698311266338486,0.10211645372086024
2024-06-30,nighttime,6,-0.8456664504997499,0.033890243343575585,-0.10748560460652484
2024-07-01,daytime,6,0.05669750589755898,0.915044871258293,0.04950495049504666
2024-07-01,nighttime,6,NA,NA,1.7876094088805807e-15
2024-07-02,daytime,6,0.4617610016032937,0.3565875820118757,0.09096553865259066
2024-07-02,nighttime,6,0.8509629433967634,0.031662857514028045,0.36206896551725193
2024-07-03,daytime,6,-0.9616185836028895,0.0021814292190398166,-0.2593905031892326
2024-07-03,nighttime,6,0.9433585602168066,0.004721519024991326,0.4449626865671594
2024-07-04,daytime,6,0.6749926278355142,0.1412794573880909,0.025172102079129757
2024-07-04,nighttime,6,-0.8228186980043013,0.04430867541992704,-0.3449023861171212
2024-07-05,daytime,6,NA,NA,-4.178611603518106e-15
2024-07-05,nighttime,6,-0.7310945254120311,0.09874293322020931,-0.13036565977741935
2024-07-06,daytime,6,NA,NA,-2.071984694111234e-15
2024-07-06,nighttime,6,-0.9004732297414131,0.01436543190431033,-0.15951187622575513
2024-07-07,daytime,6,0.9935324075452244,6.2609359346874e-5,0.1925027563395802
2024-07-07,nighttime,6,-0.9092910293878665,0.011968993996844264,-0.1590019569471593
2024-07-08,daytime,6,0.9956271150114326,2.864137526227883e-5,0.3993825969515718
2024-07-08,nighttime,6,0.9253542622141969,0.008150016745099752,0.10325211978104759
2024-07-09,daytime,6,0.9845404542807614,3.566489339626124e-4,0.5568355073691337
2024-07-09,nighttime,6,0.9931405786738087,7.041611781210373e-5,0.5253970525110866
2024-07-10,daytime,6,0.9808673945738519,5.455830774351975e-4,0.2795633347563567
2024-07-10,nighttime,6,0.9812936442214931,5.216186833066024e-4,0.9767125946050738
2024-07-11,daytime,6,0.9975924069467644,8.687778653227364e-6,0.6587473002159838
2024-07-11,nighttime,6,0.8997959498434096,0.014558210499609944,0.1974714027694175
2024-07-12,daytime,6,0.9984580411758344,3.5646224139451948e-6,0.7572004608294906
2024-07-12,nighttime,6,0.9960986217547382,2.2801437363123905e-5,0.657669021190722
2024-07-13,daytime,6,0.9585855634595603,0.002537217230519896,0.9325876662636058
2024-07-13,nighttime,6,0.9978316927102099,7.047237544815931e-6,1.2674236491777557
2024-07-14,daytime,6,0.9806432190731622,5.584011043547664e-4,1.0980968919445702
2024-07-14,nighttime,6,0.9952017281349371,3.447988303942444e-5,1.1498216409036817
2024-07-15,daytime,6,0.99522528310188485,3.4142455375308235e-5,1.1615720524017572
2024-07-15,nighttime,6,0.9907439123867029,1.281162284736221e-4,1.3648967854575242
2024-07-16,daytime,6,0.9845839604656605,3.546495685376073e-4,2.3279331730160786
2024-07-16,nighttime,6,0.9845005466517637,3.584878406339132e-4,1.0528377032857577
2024-07-17,daytime,6,0.9504696000772255,0.003619135287516227,1.1307548621030723
2024-07-17,nighttime,6,0.989574948237771,1.6245605017154824e-4,1.0605053191489282
2024-07-18,daytime,6,0.9873610468994332,2.38605210218769e-4,1.3146067415730387
2024-07-18,nighttime,6,0.9928850759494682,7.575313001146621e-5,0.9133988099505392
2024-07-19,daytime,6,0.7627729860590767,0.07773981266925967,2.8290300069783756
2024-07-19,nighttime,6,0.954323530599376,0.0030818614660425726,1.0883807169344852
2024-07-20,daytime,6,0.9865620405402927,2.6965482667037395e-4,2.9604296212550225
2024-07-20,nighttime,6,0.9787158858402127,6.746992776596601e-4,0.818852459016388
2024-07-21,daytime,6,0.97935277089244,6.350610645361225e-4,0.8230288212892035
2024-07-21,nighttime,6,0.9940892873737559,5.230153574903848e-5,1.244914134742391
2024-07-22,daytime,6,0.9906007481684874,1.321037096426479e-4,0.7290322580645241
2024-07-22,nighttime,6,0.9686782055351266,0.0014562180142143573,1.7306141806971769
2024-07-23,daytime,6,0.9992841082737932,7.685679978772023e-7,1.7043900957010663
2024-07-23,nighttime,6,0.9910681081749423,1.1931175004025542e-4,1.1864441278241318
2024-07-24,daytime,6,0.9648993716141997,0.0018264582328299018,1.0839227598177552
2024-07-24,nighttime,6,0.9894200626204244,1.673104793918072e-4,1.451428571428573
2024-07-25,daytime,6,0.9753964917128973,9.005522769835718e-4,1.5292755540853529
2024-07-25,nighttime,6,0.9881666752525977,2.0921286598444292e-4,1.6204857987405241
2024-07-26,daytime,6,0.9756845730958871,8.796718519684253e-4,1.5809677419354782
2024-07-26,nighttime,6,0.9902059559454366,1.4341520990624165e-4,1.7227919285478033
2024-07-27,daytime,6,0.9678790961956878,0.0015310582810306886,1.5270428015564277
2024-07-27,nighttime,6,0.9810178648836536,5.370623451043042e-4,1.350237224858051
2024-07-28,daytime,6,0.9069210061432192,0.01259234444855444,1.2802946593001985
2024-07-28,nighttime,6,0.9945929332364059,4.377551497402369e-5,1.2464157706093109
2024-07-29,daytime,6,0.9709222348048845,0.0012559817790216143,1.2422338260023065
2024-07-29,nighttime,6,0.9909834978346128,1.2157945825596602e-4,2.2752356863646663
2024-07-30,daytime,6,0.8524782363307386,0.031038772348088217,3.660808435852415
2024-07-30,nighttime,6,0.9863529090159777,2.7809380027621285e-4,1.011763867103945
2024-07-31,daytime,6,-0.41019351598206755,0.41921904411618816,-0.36699909338169534
2024-07-31,nighttime,6,0.9963921005439369,1.9501925824950516e-5,3.379770992366365
2024-08-01,daytime,6,0.9942780305238548,4.9017730714459476e-5,0.5678754067875412
2024-08-01,nighttime,6,0.23093480620304485,0.6597557694587003,0.018585005279833727
2024-08-02,daytime,6,0.9975378206847282,9.086027202781727e-6,1.1179741327209014
2024-08-02,nighttime,6,0.9774407196797609,7.576412456505727e-4,0.4830161406889885
2024-08-03,daytime,6,0.9591544386484512,0.0024684672752238496,1.2888592950185247
2024-08-03,nighttime,6,0.9853094720600817,3.2213222347857737e-4,1.1553480475381959
2024-08-04,daytime,6,0.9640315142078829,0.0019173311652725237,1.1339683325086667
2024-08-04,nighttime,6,0.9856023388551791,3.094467050209925e-4,1.4355670103092715
2024-08-05,daytime,6,0.9715519912066866,0.0012024224732564647,1.2947709185738132
2024-08-05,nighttime,6,0.9762478381835071,8.395477149818742e-4,1.4501773172936483
2024-08-06,daytime,6,0.9444541596103357,0.004542321664615861,2.68898678414097
2024-08-06,nighttime,6,0.9669467652503322,0.0016207188918059955,0.6710832406189933
2024-08-07,daytime,6,0.9562615709951522,0.002827738353156913,0.9718945176960466
2024-08-07,nighttime,6,0.994922818244998,3.8601222636614147e-5,1.0900506678949775
2024-08-08,daytime,6,0.9955009223297058,3.0317015335033168e-5,2.6093750000000164
2024-08-08,nighttime,6,0.9778548267063716,7.30182957481882e-4,2.403189066059214
2024-08-09,daytime,6,0.9884794205582492,1.983210987538153e-4,1.4264735875994297
2024-08-09,nighttime,6,0.9809508955064145,5.408464141481726e-4,1.1065914489311104
2024-08-10,daytime,6,0.9664754096232431,0.0016670081271756066,2.098288238542244
2024-08-10,nighttime,6,0.987956968637274,2.1667857846064588e-4,1.088121634463098
2024-08-11,daytime,6,0.7649174766010278,0.07639991327853483,3.2285714285714833
2024-08-11,nighttime,6,0.9967552613679111,1.5775412348275754e-5,2.2122030237580828
2024-08-12,daytime,6,0.9821313304915649,4.760813870661474e-4,2.7212598425196743
2024-08-12,nighttime,6,0.9940782637570722,5.24966115518393e-5,1.6206171107994312
2024-08-13,daytime,6,0.967719677460562,0.001546210476565818,1.657057195571963
2024-08-13,nighttime,6,0.9035034302356024,0.013518113815056921,6.839622641509364
2024-08-14,daytime,6,0.9048001612451354,0.013163115436481286,0.8940265486725688
2024-08-14,nighttime,6,0.9679476841556034,0.0015245619379013673,2.1510263929618603
2024-08-15,daytime,6,0.9822500524655784,4.6979480131940953e-4,1.5985357657225165
2024-08-15,nighttime,6,0.992104764186861,9.325604904805037e-5,2.471290767110685
2024-08-16,daytime,6,0.9560449834130567,0.0028556037230632347,1.400541631265937
2024-08-16,nighttime,6,0.9818003278477384,4.938279785662025e-4,1.591273171103819
2024-08-17,daytime,6,0.9601232409416823,0.002353528737388844,1.5236322672282971
2024-08-17,nighttime,6,0.9776587381431369,7.431223528870745e-4,1.6354378818737176
2024-08-18,daytime,6,0.967789553582647,0.0015395599114412717,7.191740412979525
2024-08-18,nighttime,6,0.9779966294434919,7.208960263715697e-4,1.542639241969028
2024-08-19,daytime,6,0.9774887103443923,7.544333530534065e-4,1.1867408906882615
2024-08-19,nighttime,6,0.9681082008137835,0.0015094119181283175,0.9039943938332134
2024-08-20,daytime,6,0.999321437861432,6.905136430403473e-7,4.240920096852344
2024-08-20,nighttime,6,0.9846061639888508,3.5363134060706125e-4,1.5072961373390499
2024-08-21,daytime,6,0.9843219950086983,3.667729351977524e-4,2.303289999273739
2024-08-21,nighttime,6,0.9925491494234597,8.306594383662408e-5,1.7297942141366007
2024-08-27,daytime,6,0.9804272880193956,5.708875159796999e-4,2.5896024822902732
2024-08-27,nighttime,6,0.9624951731128998,0.0020835406892214395,1.078687480089193
2024-08-28,daytime,6,0.9742301022904166,9.875747068221888e-4,1.4248085758039797
2024-08-28,nighttime,6,0.998875940375953,1.8945549273098712e-6,1.4940944881889553
2024-08-29,daytime,6,0.6474485317377238,0.16452904831771586,1.084104428288172
2024-08-29,nighttime,6,0.9786140073878897,6.811504639460213e-4,1.1648514851485103
2024-08-30,daytime,6,0.9894966494630801,1.6490119198025004e-4,1.6272747798600153
2024-08-30,nighttime,6,0.9597102507380996,0.0024021953957106684,0.755597014925372
2024-08-31,daytime,6,0.98522765930832,3.2572124903568976e-4,1.1072537622422223
2024-08-31,nighttime,6,0.9696416872007243,0.0013684512112846414,0.6543051220855527
2024-09-01,daytime,6,0.8892930617774089,0.017705625689868238,1.2472372140837757
2024-09-01,nighttime,6,0.9803880575610131,5.731707754402281e-4,0.9985505845975435
2024-09-02,daytime,6,0.9106925414293489,0.011607583031125355,0.7450386960093383
2024-09-02,nighttime,6,0.9540980120865269,0.0031121311696068856,0.6094867480016819
2024-09-03,daytime,6,0.9697136793451521,0.0013620015945138588,1.259259259259263
2024-09-03,nighttime,6,0.9702717801614474,0.001312514171508838,0.7177924217462884
2024-09-04,daytime,6,0.9546125551515117,0.0030432806993422492,1.0159551056338028
2024-09-04,nighttime,6,0.9861520232714667,2.863219004769454e-4,1.0902899396769794
2024-09-05,daytime,6,0.9605385943834077,0.002305079099460203,3.694174757281547
2024-09-05,nighttime,6,0.9919616449018247,9.666302925554079e-5,1.8487322733132785
2024-09-06,daytime,6,0.9451113869922055,0.004436456652464648,1.7777777777777928
2024-09-06,nighttime,6,0.9666596521435149,0.001648837980936359,1.339857651245547
2024-09-07,daytime,6,0.9532899388156661,0.0032217880216703736,1.1997956456810535
2024-09-07,nighttime,6,0.9936509465965323,6.033775198780044e-5,0.9519845399137777
2024-09-08,daytime,6,0.8107500918615578,0.050334248929158366,0.9869000246504923
2024-09-08,nighttime,6,0.9805859621013425,5.616986786045506e-4,0.9011402508551865
2024-09-09,daytime,6,0.9652383331713602,0.0017915576828876122,0.9310257449827712
2024-09-09,nighttime,6,0.95850230045854945,0.0025473578559664337,1.50736171906088
2024-09-10,daytime,6,0.5411439643776622,0.2675174842109657,1.044079515989623
2024-09-10,nighttime,6,0.7454541679752088,0.08894390295979175,0.6806537102473501
2024-09-11,daytime,6,0.9870305532972382,2.512190487354503e-4,1.2052928391000461
2024-09-11,nighttime,6,0.9209572804464169,0.00912470763624195,1.5734621250635443
2024-09-12,daytime,6,0.9488491150796565,0.003857703621348245,1.2770827409724281
2024-09-12,nighttime,6,0.977131462674909,7.784752196081539e-4,1.4121154756270644
2024-09-13,daytime,6,0.9592193387099384,0.0024606831119829567,1.3311564798376894
2024-09-13,nighttime,6,0.9749102274279821,9.363480672085626e-4,1.4016129032258031
2024-09-14,daytime,6,0.9131119641743014,0.010996314204481631,1.6926701570680658
2024-09-14,nighttime,6,0.9791268480962257,6.48985609784383e-4,1.5658314350797256
2024-09-15,daytime,6,0.9482278102903943,0.003951155397433129,1.2658503089951922
2024-09-15,nighttime,6,0.9925411967453036,8.32431384055652e-5,1.554246917001517
2024-09-16,daytime,6,0.9670230379236865,0.001613289147856462,2.1211927829668844
2024-09-16,nighttime,6,0.9723901435234859,0.0011329327075537462,1.6328781512605026
2024-09-17,daytime,6,0.9744623993016278,9.699261577581636e-4,1.39333568406206
2024-09-17,nighttime,6,0.9811798679424963,5.279630353476766e-4,1.519331585845335
2024-09-18,daytime,6,0.9512799569006867,0.003502641914521011,1.4840291750503025
2024-09-18,nighttime,6,0.9866228270570668,2.672262196896142e-4,1.4014457831325184
2024-09-19,daytime,6,0.9623501781222901,0.0020995791488091654,1.7418189118650873
2024-09-19,nighttime,6,0.9809242327040227,5.423566550776948e-4,1.4798367346938504
2024-09-20,daytime,6,0.9479839383375009,0.003988136840087985,1.6519413364240159
2024-09-20,nighttime,6,0.9610930178060534,0.0022411821095267735,0.7938394040491739
2024-09-21,daytime,6,0.9489702732201291,0.0038396079761959844,1.3863050623034592
2024-09-21,nighttime,6,0.9868143318720942,2.5964652368149724e-4,1.7206466250709032
2024-09-22,daytime,6,0.9017565226561471,0.014003559004746941,3.20131470829916
2024-09-22,nighttime,6,0.9711733422245393,0.0012344871645083863,0.6615463869245527
2024-09-23,daytime,6,0.95041891691695,0.0036264835128754285,1.3067872182313602
2024-09-23,nighttime,6,0.9748340990181303,9.420147917727507e-4,1.2569391779159804
2024-09-24,daytime,6,0.9764346375912788,8.264462253599901e-4,1.4128635611255682
2024-09-24,nighttime,6,0.9957425197955362,2.7150620700899847e-5,1.3552513464991092
2024-09-25,daytime,6,0.9363579732595692,0.005946576460181544,0.9608577047516381
2024-09-25,nighttime,6,0.9743207123697206,9.806719272339487e-4,1.1211240310077535
2024-09-26,daytime,6,0.9370971172641663,0.005810712781505665,1.1233488548892934
2024-09-26,nighttime,6,0.9818145445900114,4.930591195543766e-4,1.0181780906170939
2024-09-27,daytime,6,0.9465390314911524,0.004210714997956606,1.207903526143119
2024-09-27,nighttime,6,0.9598451491501014,0.0023862449875429303,1.1836031691353717
2024-09-28,daytime,6,0.922863537829692,0.008695568415812602,1.2463964085783077
2024-09-28,nighttime,6,0.9733849919611754,0.0010531114937392992,1.2233766233766197
2024-09-29,daytime,6,0.9112157809873648,0.011474029409398775,1.1527970109476684
2024-09-29,nighttime,6,0.9789312242300661,6.611638243328066e-4,1.1268482490272431
2024-09-30,daytime,6,0.949023041477046,0.0038317398060906845,1.4151056973903227
2024-09-30,nighttime,6,0.969672190541345,0.0013657166438016423,1.1358239989268188
2024-10-01,daytime,6,0.9810216400726947,5.368494230536119e-4,1.295424836601309
2024-10-01,nighttime,6,0.9724329368338287,0.0011294397594610209,0.539399528640229
2024-10-02,daytime,6,0.8830119510661129,0.019728744262186917,0.6642400513871447
2024-10-02,nighttime,6,0.9600225682889129,0.002365346702661432,0.8867325993655539
2024-10-03,daytime,6,0.9406604283496944,0.0051773043476745825,1.0024399399399428
2024-10-03,nighttime,6,0.9822138829284855,4.7170565757831455e-4,1.3214917215881652
2024-10-04,daytime,6,0.9276348033199537,0.0076656043382653085,0.7472342809130361
2024-10-04,nighttime,6,0.9714133200097456,0.0012141169165403268,0.7294424762259938
2024-10-05,daytime,6,0.8882031594093123,0.018049152066738395,0.6757278472644578
2024-10-05,nighttime,6,0.9786096489413808,6.814271308721221e-4,1.4060402684563709
2024-10-06,daytime,6,0.9772151056961955,7.728127076688768e-4,0.9626212604300897
2024-10-06,nighttime,6,0.9508709140799023,0.0035612099962564433,0.4616833431430264
2024-10-07,daytime,6,0.9764381602301364,8.262001410719472e-4,0.7204809468641397
2024-10-07,nighttime,6,0.9660073418449908,0.0017136119406753448,0.5091484869809999
2024-10-08,daytime,6,0.9478006534559235,0.004016042016253717,0.499828630183935
2024-10-08,nighttime,6,0.9634867593506387,0.00197548508219495,0.6789370078740141
2024-10-09,daytime,6,0.9422437343268575,0.004907348059054224,0.5477351087861095
2024-10-09,nighttime,6,0.9574720738448393,0.002674478229933944,0.6365795724465552
2024-10-10,daytime,6,0.8840949457619824,0.019372439214007088,0.35455687528552043
2024-10-10,nighttime,6,0.9555314592688623,0.00292220948941508,0.7106130520764691
2024-10-11,daytime,6,0.9771644052035957,7.762426098063142e-4,0.7013478818998712
2024-10-11,nighttime,6,0.9137777324649685,0.010830918913831287,0.5921052631578962
2024-10-12,daytime,6,0.9930454402970939,7.238066922006255e-5,1.7283181600383566
2024-10-12,nighttime,6,0.9459334429979558,0.004305765399791985,0.4654168183472904
2024-10-13,daytime,6,0.9734994625526289,0.0010441123488541743,0.9057377049180357
2024-10-13,nighttime,6,0.9558708944791704,0.0028780989074907565,0.3694798822374874
2024-10-14,daytime,6,0.9498670459524267,0.003706969717692241,0.2345726039920742
2024-10-14,nighttime,6,0.9475168375221086,0.004059441543328191,0.19457539554407602
2024-10-15,daytime,6,0.8741280388957057,0.02276848390921513,0.1488762246270034
2024-10-15,nighttime,6,0.7044900801847715,0.11808630278156801,0.10712701932214293
2024-10-16,daytime,6,-0.2706196069865084,0.603979999147841,-0.026223876324083458
2024-10-16,nighttime,6,0.6586253283968561,0.1549136665051443,0.035751702462025844
2024-10-17,daytime,6,-0.8329434156600377,0.03953075413387824,-0.1452997725104592
2024-10-17,nighttime,6,-0.6488755265586869,0.1632878072371297,-0.0128365685660598
2024-10-18,daytime,6,-0.5933111758774384,0.21446138785876032,-0.06902316694530779
2024-10-18,nighttime,6,-0.3243940648663401,0.5304771412307395,-0.04209260372819637
2024-10-19,daytime,6,0.6215501851632599,0.18773479574170807,0.13840399002493597
2024-10-19,nighttime,6,0.864692030547469,0.0262237440603876,0.5538461538461463
2024-10-20,daytime,6,0.7212212205581912,0.10574340186943823,0.13653368763329693
2024-10-20,nighttime,6,0.8962176863581522,0.015597245293488056,0.26860465116279547
2024-10-21,daytime,6,0.3691843689090728,0.4713828257365803,0.16447126352196526
2024-10-21,nighttime,6,0.6877683733063168,0.131013372743524,0.051415797317442224
2024-10-22,daytime,6,0.8941221587711731,0.016221724387036146,0.2633203044641016
2024-10-22,nighttime,6,0.9762531166126964,8.391761003282948e-4,0.21740092982067533
2024-10-23,daytime,6,0.9761960624925964,8.431971791885043e-4,0.579261469600891
2024-10-23,nighttime,6,0.8584342342921178,0.0286427487588708,0.08059945847238735
2024-10-24,daytime,6,0.9403995648645453,0.0052224611159802465,0.3010960670535128
2024-10-24,nighttime,6,0.9159502789008308,0.01029965486560147,0.1852260198456492
2024-10-25,daytime,6,0.9940507964381766,5.298425438071078e-5,0.4348341232227487
2024-10-25,nighttime,6,0.8112966240423938,0.05005368027689267,0.1063249727371901
2024-10-26,daytime,6,0.9481724909015792,0.003959529353940547,0.3397260273972529
2024-10-26,nighttime,6,0.08361877460057002,0.8748641734937486,0.0075127877237889775
2024-10-27,daytime,6,0.16070356691234022,0.7610197855765947,0.018777275093079658
2024-10-27,nighttime,6,0.8299009582287895,0.040939730054593816,0.1245774987928587
2024-10-28,daytime,6,0.8823856874371566,0.019936202946344756,0.2430922542654334
2024-10-28,nighttime,6,0.8852533362759814,0.01899477224926991,2.2857142857143256
2024-10-29,daytime,6,0.19482045984902532,0.7114665166308468,0.04014382819426606
2024-10-29,nighttime,6,0.9442257463436192,0.004579400692183438,0.43230527966545224
2024-10-30,daytime,6,-0.9274440652165488,0.007705565094808743,-0.7035398230088458
2024-10-30,nighttime,6,0.4765580322893971,0.33927791707841937,0.5813953488372108
2024-10-31,daytime,6,0.9946607005451641,4.268607131138435e-5,0.5275229357798206
2024-10-31,nighttime,6,-0.9342378647182198,0.0063447882686439435,-0.12098223198242777
