date,period,n,r,p,slope
2001-12-20,daytime,144,0.5972592896456257,2.754581547976104e-15,0.26247832423730905
2001-12-20,nighttime,120,0.7876109060086756,1.4173805855392602e-26,0.5873894832295047
2001-12-21,nighttime,24,0.6822368437709045,2.403672412766968e-4,0.6426482620756635
2002-12-20,daytime,144,0.7706158285842688,1.422286948791189e-29,0.5272349855340379
2002-12-20,nighttime,120,0.6919669328057338,2.10621048738197e-18,0.4863844613828308
2002-12-21,nighttime,24,0.78139777423984,6.555129417183637e-6,0.5052957459316834
2003-12-20,daytime,144,0.14539941406361712,0.08206304477880028,0.07474522335546094
2003-12-20,nighttime,96,0.8121019448407918,1.026208707488484e-23,0.47122573374865734
2004-12-20,daytime,144,-0.05784024246990916,0.4910684178245077,-0.03546300349004715
2004-12-20,nighttime,120,0.820824327606029,1.7716241652004244e-30,0.5108395137182384
2004-12-21,nighttime,24,0.9080965354798911,8.854098004444257e-10,0.37823245606464295
2005-12-20,daytime,144,0.5983321923414905,2.3864709625146122e-15,0.16055696962397462
2005-12-20,nighttime,120,0.8032884669175341,2.5237504055910123e-28,0.425964018997554
2005-12-21,nighttime,24,0.9899226983797103,3.5793938094656e-20,0.5845161405769094
2006-12-20,daytime,144,0.6661454458848958,8.164784123018493e-20,0.3642831523238936
2006-12-20,nighttime,120,0.8584605666905797,5.1510228119548004e-36,0.3831791413514795
2006-12-21,nighttime,24,0.9541633620571203,5.227792092559009e-13,0.46331967464621526
2007-12-20,daytime,144,0.7912529776428775,3.909443679004186e-32,0.5421242462725605
2007-12-20,nighttime,120,0.714353482735173,5.171154580918341e-20,0.38818116072387077
2007-12-21,nighttime,24,-0.26832507810616685,0.2048880655072249,-0.032553046002024785
2008-12-20,daytime,144,0.8090493180205157,1.379951470374829e-34,0.2472950952062626
2008-12-20,nighttime,96,-0.12449996489806613,0.2268262377968915,-0.045450302690881655
2008-12-21,nighttime,24,0.9618209787524514,7.253920277289362e-14,0.5615136999302914
2009-11-20,daytime,144,0.6030328916668924,1.2648699329270812e-15,0.36767113802911533
2009-11-21,nighttime,24,0.9733805942079795,1.4488246238468416e-15,0.3879402282398586
2009-12-20,daytime,144,0.22802185634769193,0.0059828014510884915,0.05973570139707824
2009-12-20,nighttime,120,0.6816524355494721,1.0400845253942533e-17,0.4138376114081427
2009-12-21,nighttime,24,0.9396551111460985,1.0057091605783102e-11,0.26983837382250875
2010-11-20,daytime,144,0.6885785369181303,1.4640308103231451e-21,0.42344148322440844
2010-11-20,nighttime,120,0.8112030355561044,2.869821185465915e-29,0.6356851958588134
2010-11-21,nighttime,24,0.7338871016572786,4.474220865773013e-5,0.33600551156183456
2010-12-20,daytime,144,0.3829906903945218,2.1609902754857024e-6,0.2839724116015808
2010-12-20,nighttime,24,0.9263664030344401,8.433947565507146e-11,0.33618848821970915
2010-12-21,nighttime,24,0.990163297238406,2.746936717498217e-20,1.0398379069343693
2011-09-25,daytime,6,0.990526449317648,1.341971269134457e-4,0.39306125193303293
2011-09-25,nighttime,6,0.9943978295411608,4.698856063687506e-5,0.3249323825915928
2011-09-26,daytime,6,0.9793284153710738,6.365549836004767e-4,0.34102815979043744
2011-09-26,nighttime,6,0.994331914857209,4.8099733957041e-5,0.4497503121098604
2011-09-27,daytime,6,0.9412918181618968,0.005068802626592525,0.26185567010308913
2011-09-27,nighttime,6,0.98186734765101,4.902086764958357e-4,0.43685121107265956
2011-09-28,daytime,6,0.9982468347071576,4.6076885616609655e-6,0.37337252020572986
2011-09-28,nighttime,6,0.8557169633109778,0.029724579126086493,1.1176470588235545
2011-09-29,daytime,6,0.8810476809436394,0.020382914222333,0.4063675832127357
2011-09-29,nighttime,6,0.36874039138671466,0.47195813186262514,0.07526881720431282
2011-09-30,daytime,6,0.6334156670609038,0.17694456182676385,0.4817080784117811
2011-09-30,nighttime,6,-0.7130823781226812,0.11167280629982455,-0.06144960264037825
2011-10-25,daytime,6,0.4726991284323798,0.34376230952194947,0.07958885378848521
2011-10-25,nighttime,6,0.9779832382464108,7.217705188644442e-4,0.3970315398886841
2011-10-26,daytime,6,0.5109974027143566,0.300219294124899,0.11334641159664517
2011-10-26,nighttime,6,0.9512894040687084,0.0035012948788737154,0.3367680321688814
2011-10-27,daytime,6,0.9747579747862647,9.476981530022849e-4,0.26942604322808267
2011-10-27,nighttime,6,0.9564344171409153,0.0028055971477414527,0.18589743589743613
2011-10-28,daytime,6,0.993966417390682,5.449635502523137e-5,0.3747666590391768
2011-10-28,nighttime,6,0.9982010097481735,4.851637793874002e-6,0.31234327110615745
2011-10-29,daytime,6,0.9283900107833172,0.007508378159224786,0.26166132252404756
2011-10-29,nighttime,6,0.9863162858132075,2.795849539968894e-4,0.29050124619219236
2011-10-30,daytime,6,0.950384765360149,0.0036314390578042516,0.20583990602450014
2011-10-30,nighttime,6,0.9948303732491095,4.001848187251079e-5,0.4287125452749443
2011-10-31,daytime,6,0.7674230956551948,0.0748477477858537,0.13855597778427273
2011-10-31,nighttime,6,0.9900962179798278,1.4664164172849582e-4,0.28869170449855636
2011-11-20,daytime,144,0.38011518927233406,2.6112770532462994e-6,0.3376460948897385
2011-11-20,nighttime,120,0.6643678651320334,1.3117812383287236e-16,0.30648076475097363
2011-11-21,nighttime,24,0.9490797325657806,1.6234622861753724e-12,0.9981831376210258
2011-11-25,daytime,6,0.9941219807054579,5.172512019246934e-5,0.7008958870639336
2011-11-25,nighttime,6,0.9838856036527861,3.8741841143021357e-4,2.805240174672512
2011-11-26,daytime,6,0.6472825662071087,0.16467366682497814,0.20948736025783118
2011-11-26,nighttime,6,0.2542374744513843,0.6268603231683357,0.02539298669891364
2011-11-27,daytime,6,0.6514751095496023,0.16103680950701652,0.22591165134894384
2011-11-27,nighttime,6,-0.7559763379006528,0.08205581617151629,-0.08719738276990026
2011-11-28,daytime,6,-0.026850696265342446,0.9597336347394984,-0.010307440962426686
2011-11-28,nighttime,6,0.9460868977715157,0.0042815813673801675,0.3872472783825854
2011-11-29,daytime,6,0.05224252114477339,0.9217075105434227,0.019484033916649327
2011-11-29,nighttime,6,-0.31037611591959435,0.5493856090374023,-0.008499999999997307
2011-11-30,daytime,6,0.6173527902255408,0.19161494140950222,0.26531706663091426
2011-11-30,nighttime,6,0.49280708290658043,0.32063064919855677,0.06319746270410008
2011-12-20,daytime,144,0.7478813910704275,4.79899946087101e-27,0.5966465980824872
2011-12-20,nighttime,96,0.8308243301795042,1.17214108685562e-25,0.34920594717529047
2011-12-21,nighttime,24,0.9245370482685741,1.0952293317495691e-10,0.9322565918792229
2011-12-25,daytime,6,0.8940960371332068,0.016229583170144772,0.46499270681391414
2011-12-25,nighttime,6,0.9895999323782151,1.616796668355189e-4,0.31184668989547387
2011-12-26,daytime,6,-0.3701294233467435,0.47015895136169616,-0.1510062255682675
2011-12-26,nighttime,6,0.9604405800944581,0.0023164673432326806,0.2131824234354224
2011-12-27,daytime,6,-0.2954693317130247,0.569693552841116,-0.07776339213465694
2011-12-27,nighttime,6,0.24342204469911097,0.6420788333904477,0.03025751072961872
2011-12-28,daytime,6,-0.09248748768028182,0.8616643344759953,-0.03611997447351851
2011-12-28,nighttime,6,-0.9139076937674165,0.010798774643793032,-0.10937499999999858
2011-12-29,daytime,6,0.3954592902114251,0.4377336183505545,0.11198156682027695
2011-12-29,nighttime,6,0.5765889883621628,0.23096142359108426,0.10650069156293412
2011-12-30,daytime,6,0.48213757643092,0.33283167649944695,0.1582551594746697
2011-12-30,nighttime,6,-0.2082411267743329,0.6921534321489994,-0.012699564586352524
2011-12-31,daytime,6,0.9414675127418526,0.005038810422528566,0.3360610720562388
2011-12-31,nighttime,6,0.9692690878592047,0.0014020724744142235,0.3779527559055137
2012-01-25,daytime,6,0.7969641617631261,0.057650398234853496,0.8473581213307174
2012-01-25,nighttime,6,0.9612661712900755,0.0022214078644630948,0.3517268757443487
2012-01-26,daytime,6,0.9733381371467558,0.0010568060378709646,0.3758379070221487
2012-01-26,nighttime,6,0.9839782534887211,3.8298817989218314e-4,0.35300467794170914
2012-01-27,daytime,6,0.9862978363150874,2.8033764872296437e-4,0.3809005015308885
2012-01-27,nighttime,6,0.9937526304331125,5.842252350749097e-5,0.5968424665370053
2012-01-28,daytime,6,0.9439392857816032,0.004626111608577719,0.46915148948185964
2012-01-28,nighttime,6,0.9435001187675783,0.004698174375119131,0.5441223319528492
2012-01-29,daytime,6,0.9883979213180003,2.0113147697860425e-4,0.42744515539305106
2012-01-29,nighttime,6,0.9996785429546474,1.549853391874935e-7,0.48297982410760465
2012-01-30,daytime,6,0.9420737754141221,0.004935987039576163,0.3948743953814933
2012-01-30,nighttime,6,0.9487094554500365,0.0038786144106883152,0.3423219431864957
2012-01-31,daytime,6,0.9467599928031665,0.004176293192767214,0.418135265437306
2012-01-31,nighttime,6,0.997824124770584,7.096498753218903e-6,0.6450459652706813
2012-02-25,daytime,6,0.966687751557604,0.001646075445174305,0.41723027375201255
2012-02-25,nighttime,6,0.9784747299178524,6.900191484187086e-4,0.3461069735951252
2012-02-26,daytime,6,0.5377582751065935,0.2711181217567328,0.08968640287647765
2012-02-26,nighttime,6,0.9752954989331879,9.079298281057382e-4,0.37131147540983717
2012-02-27,daytime,6,0.8948988507300849,0.015988890498806765,0.4643863999184832
2012-02-27,nighttime,6,-0.8819265028214719,0.02008897408555773,-0.07325487012986734
2012-02-28,daytime,6,0.7543770414801014,0.08308666176107406,0.1146213041717232
2012-02-28,nighttime,6,0.9956364116437547,2.8519811682080092e-5,1.0287859824780934
2012-02-29,daytime,6,0.9204967980667409,0.009229878382210224,0.4357907599208634
2012-02-29,nighttime,6,0.9783181569193715,7.000571366992557e-4,0.14163748860856915
2012-03-25,daytime,6,0.9519013235261965,0.0034145862903562085,0.4350845311587752
2012-03-25,nighttime,6,0.9918288589549104,9.987853545040921e-5,0.45693170234454816
2012-03-26,daytime,6,0.9575973730964958,0.002658854556224708,0.561077629038384
2012-03-26,nighttime,6,0.9994390345220835,4.7193513817683493e-7,1.044599209803783
2012-03-27,daytime,6,0.7652294900362762,0.07620584284521252,0.4843569809183272
2012-03-27,nighttime,6,0.9881318976649487,2.104419574499236e-4,0.7277899683476825
2012-03-28,daytime,6,0.9695645488344004,0.0013753785983249185,0.36485505725133544
2012-03-28,nighttime,6,0.9758898930297294,8.649383176394651e-4,0.5132429455248285
2012-03-29,daytime,6,0.9397600318208157,0.005333979631641433,0.3504021854606159
2012-03-29,nighttime,6,0.9238749048809073,0.008471971551283835,0.4104859335038348
2012-03-30,daytime,6,0.959545799675417,0.0024217109803468524,0.3322569281352741
2012-03-30,nighttime,6,0.9839250700701759,3.855281503218646e-4,0.4412844036697254
2012-03-31,daytime,6,0.9221401077631418,0.008857244556792676,0.2827832292595878
2012-03-31,nighttime,6,0.9953614838185559,3.222384777998512e-5,0.4026726057906465
2012-04-25,daytime,6,0.5465726036101972,0.26178308465489986,0.03211566499270848
2012-04-25,nighttime,6,0.21694304334692616,0.6796905694877051,0.03620329542817418
2012-04-26,daytime,6,0.9924948545624765,8.427944011335978e-5,0.554987212276215
2012-04-26,nighttime,6,0.9920195681084374,9.527681371103069e-5,0.3250099880143827
2012-04-27,daytime,6,0.9813127447780549,5.205573406222232e-4,0.3218386899503971
2012-04-27,nighttime,6,0.8791906658648191,0.021010743034979417,0.16419309482893457
2012-04-28,daytime,6,0.9830523359222387,4.2840109438718326e-4,0.3209438618136948
2012-04-28,nighttime,6,0.9893355348262731,1.6998978699155794e-4,0.30601625026627227
2012-04-29,daytime,6,0.9891228863252131,1.7682395846993078e-4,0.5792538825118174
2012-04-29,nighttime,6,0.9858292934986964,2.9979058196559244e-4,0.6243291592128835
2012-04-30,daytime,6,0.8253417126540192,0.04309425530146254,0.3277333650652847
2012-04-30,nighttime,6,0.9964244810156132,1.9153648693516378e-5,0.6033261242449053
2012-05-25,daytime,6,0.9852148043375366,3.262869794152152e-4,0.46505354030048907
2012-05-25,nighttime,6,0.9819101512042775,4.8790405933500414e-4,0.5465262696862987
2012-05-26,daytime,6,0.9910557193792017,1.1964246181368654e-4,0.6293132357872856
2012-05-26,nighttime,6,0.9818216053088543,4.926774883960615e-4,0.884765624999991
2012-05-27,daytime,6,0.7767916931229332,0.06917258603029428,0.5604688332445383
2012-05-27,nighttime,6,0.812838747755249,0.049265934472377065,0.36069815820183687
2012-05-28,daytime,6,0.9981005415242443,5.408487183198303e-6,0.4017826402968528
2012-05-28,nighttime,6,0.9633519649001574,0.001990007121441352,0.40751879699247495
2012-05-29,daytime,6,0.9953027414436074,3.30445362031649e-5,0.4845826344987762
2012-05-29,nighttime,6,0.983731047994055,3.9486517571562884e-4,0.3001205303334668
2012-05-30,daytime,6,0.9915688056994884,1.0632789011866316e-4,1.0368718324057904
2012-05-30,nighttime,6,0.9978846131387307,6.707559327557731e-6,0.7111762243616572
2012-05-31,daytime,6,0.9961711108225535,2.1962521990979304e-5,0.546862702702703
2012-05-31,nighttime,6,0.9947881583903622,4.0674154055666516e-5,0.7414867109634539
2012-06-26,daytime,6,0.8867442535496931,0.0185139381216658,0.26834760331692903
2012-06-26,nighttime,6,0.9692676605347358,0.0014022020444005398,0.39070567986230625
2012-06-27,daytime,6,0.9177274013429103,0.009874728154368588,0.224019154834917
2012-06-27,nighttime,6,0.9399801641453706,0.005295463894994585,0.15929340667854736
2012-06-28,daytime,6,0.9313411598213371,0.006909224368369184,0.21157379896695247
2012-06-28,nighttime,6,0.9935452539395688,6.236115560452507e-5,0.3352272727272733
2012-06-29,daytime,6,0.8769231146578321,0.021789700169908822,0.16637549056842635
2012-06-29,nighttime,6,0.9871599812706159,2.462406796726501e-4,0.2787533434120246
2012-06-30,daytime,6,0.942596161915732,0.004848222358589135,0.2675908633816982
2012-06-30,nighttime,6,0.9532326632449064,0.0032296313003866957,0.37786311891372915
2012-07-25,daytime,6,-0.583821098944216,0.2237652086999855,-0.05243801162653153
2012-07-25,nighttime,6,0.835149076940228,0.038523760181267706,0.22349042709867672
2012-07-26,daytime,6,NA,NA,0
2012-07-26,nighttime,6,-0.9487957811747081,0.00386568258379955,-0.26447876447876245
2012-07-27,daytime,6,0.9521322171115951,0.003382146642812288,0.3670704494740231
2012-07-27,nighttime,6,0.7662094862207226,0.07559774504216588,0.12989921612542094
2012-07-28,daytime,6,0.9777516696945262,7.369759715713708e-4,0.33453237410072
2012-07-28,nighttime,6,-0.3884756389256689,0.4465996162121878,-0.10015312198717966
2012-07-29,daytime,6,-0.9972355085841452,1.1453055490227012e-5,-0.5047923322683799
2012-07-29,nighttime,6,-0.727750528292407,0.10109012749526801,-0.6618181818181267
2012-07-30,daytime,6,NA,NA,0
2012-07-30,nighttime,6,-0.9431612208569243,0.004754157211324372,-0.21349274124679182
2012-07-31,daytime,6,0.9396228095622824,0.005358058027996648,0.11012805587892889
2012-07-31,nighttime,6,0.6681876117912354,0.14688300891092743,0.23609394313968848
2012-08-25,daytime,6,0.9576749615587542,0.0026492025937444492,0.7570942111237301
2012-08-25,nighttime,6,0.9013366283228543,0.014121473998599239,1.0668151447661176
2012-08-26,daytime,6,-0.7850316066981053,0.06435011888547063,-0.1504626432813179
2012-08-26,nighttime,6,-0.7143685518975803,0.11072631907789487,-2.0102040816326308
2012-08-27,daytime,6,0.5775881195871158,0.22996183968322867,0.37332945961650194
2012-08-27,nighttime,6,-0.887751007444324,0.01819259502745508,-1.3923132704858618
2012-08-28,daytime,6,-0.9192351185193055,0.009521035829685191,-0.22162126938615945
2012-08-28,nighttime,6,0.038603984767153106,0.9421227879839053,0.014193025141929714
2012-08-29,daytime,6,-0.1756714365663817,0.7392034952611504,-0.12624233453163955
2012-08-29,nighttime,6,-0.9808247987381878,5.480072661530469e-4,-0.22192814680795817
2012-08-30,daytime,6,0.9553767497445681,0.0029424240181505,0.7254516889238088
2012-08-30,nighttime,6,-0.5522020770829914,0.2558875827343843,-0.07036780013878646
2012-08-31,daytime,6,0.9597329092355245,0.0023995125903416505,0.7435918234912448
2012-08-31,nighttime,6,NA,NA,1.212769270096509e-15
2012-09-25,daytime,6,0.9887151467704188,1.903033173694445e-4,0.3916198305511284
2012-09-25,nighttime,6,0.8190251150223857,0.04616422700761906,0.08983957219251992
2012-09-26,daytime,6,0.8064310320370272,0.052577005495546836,0.3840881129533086
2012-09-26,nighttime,6,0.8932173381558419,0.01649500868638037,0.2580319256415448
2012-09-27,daytime,6,0.9843501429477525,3.654605725873746e-4,1.0135440180586885
2012-09-27,nighttime,6,0.7529886267991236,0.08398627538653067,0.07385188249896664
2012-10-25,daytime,6,0.9840043932812533,3.817428380080413e-4,1.2328184573272116
2012-10-25,nighttime,6,0.9959043898903085,2.5126683328519904e-5,1.6271682489827966
2012-10-26,daytime,6,-0.5491610233974364,0.2590658596775968,-0.4623210248681219
2012-10-26,nighttime,6,0.990244945494512,1.4227748180546568e-4,0.9072489028603443
2012-10-27,daytime,6,0.9845046912596156,3.58296642040801e-4,0.6965220327536729
2012-10-27,nighttime,6,0.9703167565892267,0.0013085655312979694,0.4408326661329057
2012-10-28,daytime,6,0.9994456145140687,4.6092970719374003e-7,0.4497722287835331
2012-10-28,nighttime,6,0.9931862067461035,6.948349311827729e-5,0.5043152396093563
2012-10-29,daytime,6,0.9897182607122796,1.5802778144061424e-4,0.4021397621449127
2012-10-29,nighttime,6,0.9673233696226724,0.0015841978242987264,0.5090026758583164
2012-10-30,daytime,6,0.9825330648571603,4.5497620791436054e-4,0.30884595831215017
2012-10-30,nighttime,6,0.9644576377106959,0.0018724396619450535,1.2729672650475068
2012-10-31,daytime,6,0.9164587463871161,0.010177188486371502,0.22619286430720678
2012-10-31,nighttime,6,0.9765053466202397,8.215135966515736e-4,0.47059911242603375
2012-11-20,daytime,144,-0.04863956609105579,0.5626359734462896,-0.050038658553918196
2012-11-20,nighttime,120,0.6754922067382205,2.6177698140538787e-17,0.5091918999179132
2012-11-21,nighttime,24,0.8733184721157246,2.556956554887102e-8,1.7256744739731404
2012-11-25,daytime,6,0.9225604850838418,0.008763120025793427,0.7128252179041896
2012-11-25,nighttime,6,0.9798334392331853,6.059344886972776e-4,0.4319708846584532
2012-11-26,daytime,6,0.9711893461728438,0.0012331234649527734,0.8429578521073918
2012-11-26,nighttime,6,0.9909901958878967,1.2139916270998932e-4,0.7343862167982759
2012-11-27,daytime,6,0.9885558678931545,1.9570283105781885e-4,0.8281502423263324
2012-11-27,nighttime,6,0.995891792448541,2.5281386060822627e-5,0.4616624453142988
2012-11-28,daytime,6,0.7808152400410575,0.06679790587189341,0.4996087475804138
2012-11-28,nighttime,6,0.9850515856150617,3.335124892752649e-4,0.6927374301675989
2012-11-29,daytime,6,0.7514109191524899,0.08501382523999351,0.49948014140153857
2012-11-29,nighttime,6,0.9993516663545067,6.303685146651149e-7,0.46343234802818145
2012-11-30,daytime,6,0.7305471889127595,0.09912544003039188,0.5522164932727235
2012-11-30,nighttime,6,0.9850715885672738,3.326227478712553e-4,0.34719518669262206
2012-12-20,daytime,144,0.6564297383588502,4.1911716494628726e-19,0.7115673856037902
2012-12-20,nighttime,120,0.7147383470452454,4.836885897168169e-20,0.6467064113170174
2012-12-21,nighttime,24,0.7882193890849006,4.7870908122908444e-6,0.6495097229730256
2012-12-25,daytime,6,0.7166806438836126,0.10903378414696742,0.724818469558742
2012-12-25,nighttime,6,0.5616246345285689,0.24613749556082096,0.0675631354542518
2012-12-26,daytime,6,0.9416530213693869,0.005007237523631862,0.8710200770634753
2012-12-26,nighttime,6,0.980842002315925,5.470275437233945e-4,0.18662891986062838
2012-12-27,daytime,6,0.458297089865624,0.3606838599887947,0.40717437489785796
2012-12-27,nighttime,6,0.975969883591788,8.592316886460429e-4,0.49972274592436844
2012-12-28,daytime,6,0.8579265108099303,0.028843446591379156,1.0819209039548057
2012-12-28,nighttime,6,0.8350162517975818,0.038584056873794376,0.3365671641791047
2012-12-29,daytime,6,0.7313605738524624,0.09855724221111568,0.744668316248377
2012-12-29,nighttime,6,0.9704356150816325,0.0012981588658710992,0.45660377358490734
2012-12-30,daytime,6,-0.27070541465988984,0.6038607168107211,-0.8736633663366498
2012-12-30,nighttime,6,0.9923765218701741,8.69545997583244e-5,1.0113604089747235
2012-12-31,daytime,6,0.9198999132048877,0.009367073821058407,0.7455034303727067
2012-12-31,nighttime,6,0.9913143234802131,1.1283383694999647e-4,2.539177657098538
2013-01-01,daytime,6,0.8962111486141929,0.015599175232738271,1.05915230554261
2013-01-01,nighttime,6,0.9434866181077012,0.004700398344160868,0.48955579058699494
2013-01-02,daytime,6,0.705236496991834,0.11752294354176185,0.6079515065073995
2013-01-02,nighttime,6,0.9290537480978354,0.007371506597104142,0.5711314475873549
2013-01-03,daytime,6,0.9389065452762515,0.0054846023980339815,1.2142857142857095
2013-01-03,nighttime,6,0.8047008840759385,0.05348809251310704,0.06075351035729027
2013-01-04,daytime,6,0.6307827308907514,0.1793159817103853,0.7827776641439927
2013-01-04,nighttime,6,-0.71833139984272,0.1078324013953423,-2.0639999999999534
2013-01-05,daytime,6,0.9358300008587533,0.006044563933129144,0.5692440313331572
2013-01-05,nighttime,6,0.9751379397181057,9.194991684626404e-4,0.5982727814175116
2013-01-06,daytime,6,0.6430462831884813,0.16838313439040684,0.3760664571171941
2013-01-06,nighttime,6,0.5005861552955774,0.31184083307669336,0.0621533442088106
2013-01-07,daytime,6,0.549908247626233,0.25828350286592816,0.580103359173124
2013-01-07,nighttime,6,0.9773230037967179,7.655384561328143e-4,0.3159411497042357
2013-01-08,daytime,6,0.39760655467578965,0.43501917140129504,0.6246553761323331
2013-01-08,nighttime,6,0.8032025990139151,0.05428292092497184,0.38425072425599605
2013-01-13,daytime,6,-0.7761893840723381,0.06953131745800997,-0.015854472630176218
2013-01-13,nighttime,6,-0.722424188370809,0.10487912026842611,-0.15221987315009497
2013-01-14,daytime,6,-0.35411123795428107,0.49103499148301616,-0.040649952537836515
2013-01-14,nighttime,6,-0.9924795492110865,8.462310235797224e-5,-0.26692270763321707
2013-01-15,daytime,6,-0.04616477402097029,0.930802031836907,-0.004262372720817783
2013-01-15,nighttime,6,-0.8547377299911783,0.03011909182189157,-0.1647058823529294
2013-01-16,daytime,6,-0.2169192733380243,0.6797245466072384,-0.018440069773236655
2013-01-16,nighttime,6,-0.8555193432016881,0.029803997976042516,-0.1542952460383589
2013-01-17,daytime,6,-0.16909109786882998,0.7487806625702318,-0.017904129962249955
2013-01-17,nighttime,6,-0.9508758300869623,0.0035605032723331604,-0.2816251154201274
2013-01-18,daytime,6,-0.30663784390284965,0.5544593167447918,-0.04225746922376177
2013-01-18,nighttime,6,-0.8531489751779306,0.03076439765183142,-0.18344519015659375
2013-01-19,daytime,6,-0.10539730453915397,0.842489451007959,-0.02070860941261883
2013-01-19,nighttime,6,-0.7154706563677304,0.10991810753035232,-0.0884762424904345
2013-01-20,daytime,6,0.19542822251954564,0.7105895821389516,0.04313116045387297
2013-01-20,nighttime,6,-0.9074678233342116,0.01244716590419825,-0.1487532244196012
2013-01-21,daytime,6,0.8949157495960749,0.015983842615122767,0.24260560929778988
2013-01-21,nighttime,6,-0.1253900928131151,0.812900594642641,-0.09680928208846333
2013-01-22,daytime,6,0.8795561047372815,0.020886474209936338,0.2958530085558001
2013-01-22,nighttime,6,-0.907554616862217,0.012424197292218254,-0.11119347664936549
2013-01-23,daytime,6,0.5015663467139496,0.31073970194979833,0.14290532943557133
2013-01-23,nighttime,6,NA,NA,5.675436336043897e-15
2013-01-24,daytime,6,0.08964762558775573,0.865888797010024,0.04294124020368734
2013-01-24,nighttime,6,NA,NA,5.191346266564489e-15
2013-01-25,daytime,6,0.7195508186510929,0.10694870646613101,0.29665368271954606
2013-01-25,nighttime,6,NA,NA,1.0622831904277467e-14
2013-01-26,daytime,6,0.5729532183426704,0.23461339320482472,0.2908032596041891
2013-01-26,nighttime,6,0.9794796588821297,6.273062016310964e-4,0.46022137668626667
2013-01-27,daytime,6,0.6398696757145703,0.1711874314911122,0.35818361086766076
2013-01-27,nighttime,6,0.9655513756678157,0.0017596213533786567,0.6632937892533172
2013-01-28,daytime,6,0.41234230400135835,0.41654103650594076,0.5404858299595096
2013-01-28,nighttime,6,0.9897128119776462,1.5819502890993673e-4,0.4528508067108048
2013-01-29,daytime,6,0.8424445698584692,0.03528001491623827,0.8642890226956946
2013-01-29,nighttime,6,0.9602201381310161,0.0023421815446738286,0.8592233009708745
2013-01-30,daytime,6,0.43931059649383863,0.3834262160001721,0.24380841121495178
2013-01-30,nighttime,6,-0.6167508028649248,0.192174109755464,-0.09891248058000804
2013-01-31,daytime,6,0.21545090985143764,0.6818241533011083,0.07547532168234727
2013-01-31,nighttime,6,NA,NA,1.8208207546158608e-15
2013-02-01,daytime,6,0.5257165176855472,0.284073425736832,0.1485596785451533
2013-02-01,nighttime,6,-0.7711732238191115,0.07255166148682377,-0.06170261066969302
2013-02-02,daytime,6,0.458819351785395,0.36006519556756383,0.17341741450399983
2013-02-02,nighttime,6,NA,NA,-2.020057386658189e-15
2013-02-03,daytime,6,0.16206687848651707,0.7590280800957481,0.08675176601808655
2013-02-03,nighttime,6,0.9906209732742687,1.3153669508307491e-4,0.2732817478379625
2013-02-04,daytime,6,0.17139509691598065,0.7454248297403003,0.09658505154639001
2013-02-04,nighttime,6,0.9778706815543766,7.29141664161283e-4,0.4727164887307246
2013-02-05,daytime,6,0.5569399214560706,0.25096650836920187,0.3088100188578877
2013-02-05,nighttime,6,0.9811754390964011,5.282107655925818e-4,0.5074087459342261
2013-02-06,daytime,6,0.1740656898760938,0.7415384615522906,0.08960176991150298
2013-02-06,nighttime,6,-0.8090645279342099,0.05120412611202108,-0.058460365853658554
2013-02-07,daytime,6,0.4068813611187446,0.4233580597958864,0.25088573959255916
2013-02-07,nighttime,6,0.3314631021569004,0.5210139056986083,0.023703759005562854
2013-02-08,daytime,6,0.328192290310687,0.5253863897706794,0.42409802586793893
2013-02-08,nighttime,6,0.9888485971450777,1.8583731886909156e-4,0.2760711398544873
2013-02-09,daytime,6,-0.6301079714734212,0.17992583462385664,-1.0648893360161042
2013-02-09,nighttime,6,0.951262104969814,0.003505188048634489,0.4397076735688197
2013-02-10,daytime,6,0.9453907554297656,0.00439182737448327,0.4188601510643167
2013-02-10,nighttime,6,0.8972023120765547,0.015307896637267443,0.09821428571428593
2013-02-11,daytime,6,0.5330666269787905,0.27613817356873244,0.19391591497147875
2013-02-11,nighttime,6,0.9979330547744883,6.403978581542389e-6,0.27927474187862267
2013-02-12,daytime,6,0.7366413476738778,0.09490368393023844,0.2119689355870236
2013-02-12,nighttime,6,0.9881184622682899,2.1091774438667348e-4,0.05586242834809935
2013-02-13,daytime,6,0.7426083389858733,0.09084954184682953,0.14865827594395706
2013-02-13,nighttime,6,0.6925064337236616,0.12729132901859347,0.08365878725591115
2013-02-14,daytime,6,0.8801304446809355,0.020691879981956752,0.1382532714106217
2013-02-14,nighttime,6,0.678855847677137,0.13813997895048927,0.009328851455982204
2013-02-15,daytime,6,0.8360022790691495,0.038137498651257686,0.36777571580063795
2013-02-15,nighttime,6,-0.8433246422308411,0.03489778345481818,-0.05309005297233547
2013-02-16,daytime,6,0.7566661018175317,0.08161301032036145,0.17792268281322762
2013-02-16,nighttime,6,0.8257915033804866,0.04287940842574685,0.08374598683136711
2013-02-17,daytime,6,0.5456888827091763,0.26271329963203166,0.10122895050178542
2013-02-17,nighttime,6,-0.9302736411047822,0.007123151097199589,-0.11797638436481993
2013-02-18,daytime,6,0.6385605072640843,0.17234880252927537,0.1845435193945129
2013-02-18,nighttime,6,-0.8881112608879134,0.018078262316025,-0.1423386196113454
2013-02-19,daytime,6,0.9462912761773149,0.004249475704161242,0.9495412844036689
2013-02-19,nighttime,6,0.20364151765272162,0.6987602169197723,0.014649681528666433
2013-02-20,daytime,6,0.012266586265097325,0.9816010434736884,0.00889721376726746
2013-02-20,nighttime,6,0.928492785037925,0.007487104417330648,0.6146278870829754
2013-02-21,daytime,6,0.6204746855693224,0.1887258849523096,0.10959440559440241
2013-02-21,nighttime,6,-0.498173930362595,0.3145568261952789,-0.06584635849683926
2013-02-22,daytime,6,0.9623429308400526,0.002100382391650763,0.19354187689202929
2013-02-22,nighttime,6,0.8203583324421199,0.0455080733955787,0.10383991346673882
2013-02-23,daytime,6,0.9882609567310796,2.058988550721823e-4,0.2989890700190256
2013-02-23,nighttime,6,0.9889082488358258,1.8385812370789063e-4,0.2185427555009
2013-02-24,daytime,6,-0.20033557978729197,0.7035167989093332,-0.09046153846153969
2013-02-24,nighttime,6,0.931345197449601,0.0069084212848124224,0.07375769787439415
2013-02-25,daytime,6,0.9167632176883884,0.010104195617531229,0.2085054449868567
2013-02-25,nighttime,6,0.018857052466655765,0.9717177739748355,0.0014223537109217777
2013-02-26,daytime,6,0.9838304220067907,3.900690681693753e-4,0.8061752836366395
2013-02-26,nighttime,6,0.9890455349219861,1.7934318814210494e-4,0.45281965382467965
2013-02-27,daytime,6,0.963243173714019,0.0020017660004315015,0.25350509286998096
2013-02-27,nighttime,6,0.9927698040920806,7.822461740541255e-5,0.46124429021635366
2013-02-28,daytime,6,0.974410109533515,9.738850672818106e-4,0.32414327018785566
2013-02-28,nighttime,6,0.9930302973364744,7.269585005681957e-5,0.27690171575920064
2013-03-01,daytime,6,0.585369217434503,0.22223663915032418,0.11039824739847982
2013-03-01,nighttime,6,0.923153738986653,0.008631119797171264,0.14027105517909497
2013-03-02,daytime,6,0.8086287327190518,0.05143015159198576,0.21435478671967115
2013-03-02,nighttime,6,0.9871421044393301,2.4692534850721777e-4,0.34311603322426554
2013-03-20,daytime,6,0.9520832487781675,0.0033890137805624443,0.32498836487744365
2013-03-20,nighttime,6,0.9524403155172754,0.0033390971960575305,0.29382085330068375
2013-03-21,daytime,6,0.9583369768035327,0.0025675517586965643,0.4125292315291464
2013-03-21,nighttime,6,0.9686335615901591,0.001460350198322048,0.5249415968118749
2013-03-22,daytime,6,0.20130290321135025,0.7021243297485651,0.06498669538773397
2013-03-22,nighttime,6,0.9956982931075224,2.7717222423726117e-5,0.30934037396121916
2013-03-23,daytime,6,0.8208159191009987,0.0452838764658523,0.25379095163806487
2013-03-23,nighttime,6,0.9725212320558596,0.001122249660614518,0.23191066623072906
2013-03-24,daytime,6,0.9957477458220527,2.708405447177199e-5,0.34132859540025584
2013-03-24,nighttime,6,-0.9664015688838961,0.0016743179888820655,-0.13423595323156787
2013-03-25,daytime,6,0.9734537438355717,0.0010477019518340784,0.3728951255539132
2013-03-25,nighttime,6,0.9902278839353291,1.427747881132075e-4,0.55597659515185
2013-03-26,daytime,6,0.8419510827722562,0.035495202033608515,0.21792197759752652
2013-03-26,nighttime,6,0.972766669886767,0.0011023825458149367,0.30561512965490356
2013-03-27,daytime,6,0.8782405247952713,0.021335490079784657,0.2090095994448505
2013-03-27,nighttime,6,0.9800622551909655,5.923077390692328e-4,0.21907305306684932
2013-03-28,daytime,6,0.8911624294296694,0.017123801076028348,0.30592753721704763
2013-03-28,nighttime,6,0.8575257871821295,0.02900231698392783,0.11950140005419611
2013-03-29,daytime,6,0.9875650493608331,2.3098060034023354e-4,0.5693313257135035
2013-03-29,nighttime,6,0.9684500694337619,0.001477394807335754,0.28051070221554575
2013-03-30,daytime,6,0.8263293171856863,0.04262317442691281,0.3080744198882321
2013-03-30,nighttime,6,0.9932042830971975,6.911573322309519e-5,0.5241834393699305
2013-03-31,daytime,6,0.5173956148968918,0.2931595208252787,0.17087549305436442
2013-03-31,nighttime,6,0.9564821014034948,0.002799503986048372,0.40466101694915346
2013-04-01,daytime,6,0.9802655230934302,5.803315763045922e-4,0.38789797815477567
2013-04-01,nighttime,6,0.8301789870363575,0.040810015587618015,0.28386734120292456
2013-04-02,daytime,6,0.9341882123591422,0.006354265364650966,0.40058892614593855
2013-04-02,nighttime,6,0.9175985152319515,0.009905253803867857,0.4734864748819239
2013-04-03,daytime,6,0.9345510881837923,0.0062851629146432955,0.33959649429448907
2013-04-03,nighttime,6,0.4493055075723842,0.3713936119648708,0.036930326298310306
2013-04-04,daytime,6,0.8342845850593025,0.03891699300764126,0.302035565458786
2013-04-04,nighttime,6,0.917514415068727,0.009925196912810626,0.1463279955825514
2013-04-05,daytime,6,0.9467849202309176,0.0041724186510480364,0.42329327537714095
2013-04-05,nighttime,6,0.9507148168796641,0.003583686336490997,0.28343222272934715
2013-04-06,daytime,6,0.99547113842730806,3.071943591193253e-5,0.6323903180598119
2013-04-06,nighttime,6,0.9872769601334102,2.4178383940159787e-4,0.4766686355581797
2013-04-07,daytime,6,0.959961091171781,0.0023725778581806596,0.36496465539005285
2013-04-07,nighttime,6,0.9964479065265659,1.8903643030679114e-5,0.7235288516473041
2013-04-08,daytime,6,0.8207607192098126,0.04531089459368068,0.29759824314501493
2013-04-08,nighttime,6,0.9983111000518896,4.276165857311136e-6,0.4325848959843022
2013-04-09,daytime,6,0.47132581140283636,0.3453633309013075,0.179462700246307
2013-04-09,nighttime,6,0.9547149255114903,0.003029673046248504,0.381816094593043
2013-04-10,daytime,6,0.9791698849769281,6.463215100568415e-4,0.4810958488275022
2013-04-10,nighttime,6,0.9245613201871739,0.008321831065225119,0.23940601231437944
2013-04-11,daytime,6,0.7719779230309519,0.07206320373748559,0.15998847483672468
2013-04-11,nighttime,6,0.991735211033932,1.0217783459875746e-4,0.4120476659013883
2013-04-12,daytime,6,0.9613671860304451,0.002209911845194359,0.36028633282240075
2013-04-12,nighttime,6,0.9707707626992568,0.0012690364949829766,0.2706176365583729
2013-04-13,daytime,6,0.9940526485524425,5.295130200911574e-5,0.6187954729183517
2013-04-13,nighttime,6,0.9904483287760044,1.3641591414973687e-4,0.5558291342189661
2013-04-14,daytime,6,0.9948351932436912,3.9943957043975936e-5,0.5509702365324486
2013-04-14,nighttime,6,0.9984787814291337,3.4693987800570866e-6,0.5900261894369284
2013-04-15,daytime,6,0.9145173682952381,0.010648597708443367,0.588116877515658
2013-04-15,nighttime,6,0.98806495631328,2.1281785645877073e-4,0.3612938102531766
2013-04-16,daytime,6,0.9804092597956443,5.719362179760098e-4,0.5661846007395749
2013-04-16,nighttime,6,0.9992894964359983,7.570436351486713e-7,0.9937429809080665
2013-04-17,daytime,6,0.8092624852040716,0.051101607679512315,0.25158936490944306
2013-04-17,nighttime,6,0.9805922465755511,5.613362686084776e-4,0.5818710615608336
2013-04-18,daytime,6,0.9942619987181143,4.929252719943868e-5,0.25016813704157803
2013-04-18,nighttime,6,0.7286315015804995,0.10046938783894628,0.07300599156014381
2013-04-19,daytime,6,0.9646911766186906,0.0018480595281453152,0.4041915453540783
2013-04-19,nighttime,6,0.9442407820463787,0.004576955355941632,0.1293589563753695
2013-04-20,daytime,6,0.9875537818669275,2.3139850719270275e-4,0.3004287491523788
2013-04-20,nighttime,6,0.9833588563870891,4.1308729463186217e-4,0.32426350245499336
2013-04-21,daytime,6,0.9849569607595067,3.377374769245402e-4,0.3018644179458458
2013-04-21,nighttime,6,0.9702610794095792,0.0013134544956152595,0.5082836932241281
2013-04-22,daytime,6,0.930992230048067,0.006978798475247881,0.19319856602270463
2013-04-22,nighttime,6,0.9834609068928826,4.0805033620664843e-4,0.983867631851087
2013-04-23,daytime,6,0.9889175158152841,1.8355160013652243e-4,0.3380253853924177
2013-04-23,nighttime,6,0.7986081963910189,0.05675389714154956,0.07825460752674009
2013-04-24,daytime,6,0.9952757356969772,3.342529015166656e-5,0.3943593582454936
2013-04-24,nighttime,6,0.9773114483137954,7.663158692668172e-4,0.23922720389151428
2013-04-25,daytime,6,0.9782122219101071,7.068895027688099e-4,0.22812692452570688
2013-04-25,nighttime,6,0.9840272625418011,3.806549638511015e-4,0.4049325463743671
2013-04-26,daytime,6,0.9092336832345002,0.011983896137468324,0.18208972370612825
2013-04-26,nighttime,6,0.9881729026127026,2.0899316034611517e-4,0.32155877825488166
2013-04-27,daytime,6,0.7801387349079554,0.06719452963583053,0.1420387198735676
2013-04-27,nighttime,6,0.9938644382475347,5.635219005433307e-5,0.4799941942038793
2013-04-28,daytime,6,0.9680023385237474,0.0015193951016332736,0.41975418596366176
2013-04-28,nighttime,6,0.9801837965934995,5.851321437966015e-4,0.42544430906264313
2013-04-29,daytime,6,0.9938861615635685,5.595426599428088e-5,0.2956927166169195
2013-04-29,nighttime,6,0.9910477012219612,1.1985674515166301e-4,0.3989875747814105
2013-04-30,daytime,6,0.9926584761457314,8.064911212877872e-5,0.43137107320607077
2013-04-30,nighttime,6,0.9913250519471339,1.1255567017038511e-4,0.5466014418125615
2013-05-01,daytime,6,0.9933572091721139,6.604344285525689e-5,0.4047092330703166
2013-05-01,nighttime,6,0.993669209193361,5.999150275157089e-5,0.6010364585234083
2013-05-02,daytime,6,0.9750256305303016,9.277901996094302e-4,0.45571208027788596
2013-05-02,nighttime,6,0.9927520270377942,7.860928880338066e-5,0.2119322555812163
2013-05-03,daytime,6,0.9973209375543305,1.0756449062997362e-5,0.29083353122773625
2013-05-03,nighttime,6,0.9654199672901405,0.001772992960695859,0.27152429516625426
2013-05-04,daytime,6,0.9942712424234385,4.913398997329727e-5,0.21740182243367365
2013-05-04,nighttime,6,0.9804387905423019,5.702189136248273e-4,0.29970006921479686
2013-05-05,daytime,6,0.991701109135445,1.030216054698888e-4,0.17232686453576915
2013-05-05,nighttime,6,0.9955926530979325,2.9094254362263365e-5,0.2768653214453321
2013-05-06,daytime,6,0.638998377355082,0.17195999962990718,0.06826662098427609
2013-05-06,nighttime,6,0.9730330066167591,0.0010810226468288572,0.36473229132025287
2013-05-07,daytime,6,0.41960049806833577,0.4075376452036274,0.04056503198294078
2013-05-07,nighttime,6,0.9261234824869184,0.007985010353360314,0.15755584756898938
2013-05-08,daytime,6,0.21676809119572268,0.6799406566755941,0.017843698238216226
2013-05-08,nighttime,6,0.5043188492971087,0.3076553241637713,0.04310805114514705
2013-05-09,daytime,6,-0.3771963271718087,0.461038703219808,-0.09630606860158349
2013-05-09,nighttime,6,0.6572459413123387,0.15608708463129015,0.052186588921282334
2013-05-10,daytime,6,0.11251055356389708,0.8319462840882645,0.010572666197300792
2013-05-10,nighttime,6,0.820422653428606,0.045476527865116016,0.06634432466708962
2013-05-11,daytime,6,0.8749292524698549,0.02248581624773168,0.13543838136112762
2013-05-11,nighttime,6,0.9283297806316735,0.0075208591630120235,0.1769760015801443
2013-05-12,daytime,6,0.9531628519547731,0.0032392038979138452,0.15176357123174367
2013-05-12,nighttime,6,-0.6482993756267088,0.1637884832243333,-0.2529335071707841
2013-05-13,daytime,6,0.788914668140596,0.062132859594809554,0.039902121625003235
2013-05-13,nighttime,6,0.996657035614861,1.6744436820180675e-5,0.3689906533697064
2013-05-14,daytime,6,0.9684553050588494,0.0014769071136293227,0.2432037324177087
2013-05-14,nighttime,6,0.917997436726021,0.009810920721264887,0.23441306505458848
2013-05-15,daytime,6,0.065327956768014,0.9021474662783081,0.004199999999999376
2013-05-15,nighttime,6,-0.43538677198242637,0.388186157557001,-0.613170033402252
2013-05-16,daytime,6,0.8880656215648631,0.01809272762555652,0.08990850932104252
2013-05-16,nighttime,6,-0.37962830118264757,0.4579131169877191,-0.07720588235294876
2013-05-17,daytime,6,-0.042722734492074844,0.9359548877138564,-0.011381475667194994
2013-05-17,nighttime,6,0.8322370351363063,0.03985582353718975,0.3578528827037786
2013-05-18,daytime,6,0.9550354667011832,0.0029872590273903937,0.1922413351326429
2013-05-18,nighttime,6,NA,NA,1.3353707141853302e-15
2013-05-19,daytime,6,0.989260703906893,1.723794260341087e-4,0.31280033741504126
2013-05-19,nighttime,6,0.8301790778397186,0.0408099732547132,0.06679912304741077
2013-05-20,daytime,6,0.9874234854043816,2.3625847345681557e-4,0.40623345891583945
2013-05-20,nighttime,6,0.9946539605928344,4.279381074420241e-5,0.28798235205642
2013-05-21,daytime,6,0.9890082986196188,1.8056225391665113e-4,0.2071125832143908
2013-05-21,nighttime,6,0.9996107827071498,2.2720567029701284e-7,0.23503502743341106
2013-05-22,daytime,6,0.6893887297699423,0.12973525332517918,0.07279596977329914
2013-05-22,nighttime,6,0.9909871479387881,1.2148118965957023e-4,0.2417753953995226
2013-05-23,daytime,6,0.8956071018340658,0.015777985289495772,0.37617850408548176
2013-05-23,nighttime,6,0.9928745082857804,7.597805826920189e-5,0.520982599795289
2013-05-24,daytime,6,0.9981764421959167,4.985012601365469e-6,0.33670958746822116
2013-05-24,nighttime,6,0.9078901448013066,0.012335597749414185,1.2235103176443338
2013-05-25,daytime,6,0.9972088037171961,1.1675292240240041e-5,0.3203263201475405
2013-05-25,nighttime,6,0.9803219242092511,5.770300623906806e-4,0.5256372692645751
2013-05-26,daytime,6,0.60056730641382,0.207455675586933,0.043792840822543554
2013-05-26,nighttime,6,0.9241060401357685,0.0084212691662686745,0.8004712577246265
2013-05-27,daytime,6,0.9624878383084252,0.002084350562773454,0.4528593928202917
2013-05-27,nighttime,6,0.999735166919396,1.0519555363260558e-7,0.49001512859304297
2013-05-28,daytime,6,0.9729754142830244,0.0010856239407917715,0.6464805464805471
2013-05-28,nighttime,6,0.9967236304329282,1.6084311055703487e-5,0.6983101890580551
2013-05-29,daytime,6,0.9919515660777553,9.690525503762698e-5,0.5402088385213047
2013-05-29,nighttime,6,0.999314678207209,7.04338003352686e-7,0.7212326521691593
2013-05-30,daytime,6,0.995062257511898,3.6511757025579115e-5,0.4056547322229991
2013-05-30,nighttime,6,0.9976638683098582,8.179892178009308e-6,0.2781386975579234
2013-05-31,daytime,6,0.9387892156470331,0.0055054691187604865,0.16835840514093786
2013-05-31,nighttime,6,0.9972392447325736,1.1422133549584042e-5,0.33305253023647746
2013-06-01,daytime,6,-0.33087822154307933,0.5217950072932913,-0.46622264509990907
2013-06-01,nighttime,6,0.9939597057559504,5.461754129752348e-5,0.33894325524002156
2013-06-02,daytime,6,NA,NA,-2.800256542041465e-15
2013-06-02,nighttime,6,-0.9941618989458517,5.102564464111762e-5,-0.2825117661629874
2013-06-05,daytime,6,-0.7659073452317513,0.07578499140423457,-0.032982316709717636
2013-06-05,nighttime,6,-0.9414118532593194,0.005048302422839738,-1.8866799204771336
2013-06-06,daytime,6,0.6919517261800191,0.12772468225703348,0.2216841118575208
2013-06-06,nighttime,6,0.15271083637268423,0.7727143995716377,0.07729112992271416
2013-06-07,daytime,6,0.9382723313687272,0.005597856987462234,0.23703642246743512
2013-06-07,nighttime,6,0.9325483016322392,0.006671153856846172,0.4588318085854967
2013-06-08,daytime,6,0.9673380052337319,0.0015827868487718858,0.6502460918019991
2013-06-08,nighttime,6,0.3302645576903545,0.5226149136178779,0.1667913238593895
2013-06-09,daytime,6,0.9474224904338628,0.004073919278811581,0.7364848484848503
2013-06-09,nighttime,6,0.9987753566993824,2.2487084904828895e-6,0.8339664804469279
2013-06-10,daytime,6,0.993996263027534,5.3959084529609626e-5,0.4687604550016742
2013-06-10,nighttime,6,0.9894266143010201,1.671036940305054e-4,0.5585686329326246
2013-06-11,daytime,6,0.9747148418092031,9.509259403829518e-4,0.7328817552643223
2013-06-11,nighttime,6,-0.8990884046587325,0.014760926151680006,-1.0961155378486018
2013-06-12,daytime,6,0.9989561407119334,1.6338946033519544e-6,0.3723610133708666
2013-06-12,nighttime,6,0.9984663906969561,3.5261327496272835e-6,0.7720661985957852
2013-06-19,daytime,6,0.9197529148259607,0.009401012667051116,0.11925067784076872
2013-06-19,nighttime,6,0.6270389750858711,0.18271046365469637,0.058392753902487625
2013-06-20,daytime,6,0.9318605052221721,0.006806300600933345,0.7646932761853831
2013-06-20,nighttime,6,0.9459575324542858,0.004301964548478219,0.10506167588260455
2013-06-21,daytime,6,0.959952181185708,0.0023736267852662255,0.8108842465888317
2013-06-21,nighttime,6,0.4516092356800631,0.3686392019080395,0.5507614213198105
2013-06-22,daytime,6,0.7232692224290102,0.10427387402821933,0.3824444361155882
2013-06-22,nighttime,6,0.12472552526911566,0.8138818557100533,0.06857953649692947
2013-06-23,daytime,6,0.9370756943193611,0.005814628972982856,0.8266994589276956
2013-06-23,nighttime,6,0.7782858442320589,0.06828633042580712,0.11728647323252915
2013-06-24,daytime,6,0.9643295865390995,0.001885874462966959,0.7285685334053925
2013-06-24,nighttime,6,-0.7727091346538003,0.07162065388459372,-0.38185918316211587
2013-06-25,daytime,6,0.9980624202641799,5.627685803311561e-6,0.8467073594362554
2013-06-25,nighttime,6,0.7392819080359934,0.09309986939986692,0.4201103224956221
2013-06-26,daytime,6,0.9729198214218021,0.0010900746718491739,0.8676439569711066
2013-06-26,nighttime,6,0.9886893626193352,1.9117228908607382e-4,1.3640333465660917
2013-06-27,daytime,6,0.9793442120576826,6.355858477634591e-4,0.5040662575462755
2013-06-27,nighttime,6,0.9510400581529544,0.0035369335100269433,1.2486153846153871
2013-06-28,daytime,6,0.959033777309531,0.002482971701627138,0.4165154796043762
2013-06-28,nighttime,6,0.9823408049297795,4.650172707839243e-4,0.3988790284913609
2013-06-29,daytime,6,0.962528098902742,0.002079907096985993,0.3347556557443047
2013-06-29,nighttime,6,0.9385832244104304,0.005542197822855673,0.2391118701964138
2013-06-30,daytime,6,0.7073529717834861,0.11593194486298385,1.3163123385654691
2013-06-30,nighttime,6,0.9989951461362003,1.5140896151968402e-6,0.5728987993138859
2013-07-01,daytime,6,0.5384376819205,0.27039409436319717,0.44690966719491826
2013-07-01,nighttime,6,0.98880889673313,1.8716039717452896e-4,1.0039933444259546
2013-07-02,daytime,6,0.9864540599558828,2.739959483728152e-4,0.3238315225723374
2013-07-02,nighttime,6,0.9474133530520154,0.0040753227708162695,0.38590741499385717
2013-07-03,daytime,6,0.9962071238539426,2.1551582202582793e-5,0.33499758714131816
2013-07-03,nighttime,6,0.9979914769741134,6.047195761884364e-6,0.7125984251968419
2013-07-04,daytime,6,0.9954289738712764,3.129366565459876e-5,0.43802345669113424
2013-07-04,nighttime,6,0.9991778881839303,1.0135239377142601e-6,0.8545683151718375
2013-07-05,daytime,6,0.9973969580787886,1.0154921984192892e-5,0.3478779418441546
2013-07-05,nighttime,6,0.9987421378669142,2.372330613259549e-6,1.0697674418604715
2013-07-06,daytime,6,0.975344348583948,9.043576207399552e-4,0.23830997463424594
2013-07-06,nighttime,6,0.9944515088900538,4.609322315565382e-5,0.9142629270237901
2013-07-07,daytime,6,0.9976591758612062,8.21277324977366e-6,0.3023928758288582
2013-07-07,nighttime,6,0.9969561012409842,1.3883878135206495e-5,0.5470127326150837
2013-07-08,daytime,6,0.9884917808113668,1.978965941932912e-4,0.30866307348494576
2013-07-08,nighttime,6,0.9882509220961273,2.062503211447633e-4,0.7674803932398094
2013-07-09,daytime,6,0.9034611219791991,0.013529773110179702,0.22429312718415828
2013-07-09,nighttime,6,0.952506488625472,0.003329886453465807,0.4833971902937411
2013-07-10,daytime,6,0.9848296682244608,3.4346280703418476e-4,0.1997933819616189
2013-07-10,nighttime,6,0.9931044472296864,7.11590349065213e-5,0.4468638284042909
2013-07-11,daytime,6,0.9072020625229593,0.012517623066573553,0.23833404164896152
2013-07-11,nighttime,6,0.5171946224369982,0.2933803328773389,0.26404175649607853
2013-07-12,daytime,6,0.9582927573309838,0.0025729663854898834,0.39261834715164545
2013-07-12,nighttime,6,-0.33380918415850996,0.5178841640224949,-0.7499999999997886
2013-07-13,daytime,6,0.9768904009406206,7.949094711036271e-4,0.4707650595308303
2013-07-13,nighttime,6,0.2755010768449043,0.5972037667698189,0.18131868131869477
2013-07-14,daytime,6,0.22571576967338766,0.6671761848429463,0.07605088495575094
2013-07-14,nighttime,6,0.9253802374146645,0.008144417967806152,0.3634159482758614
2013-07-15,daytime,6,-0.7570104499670743,0.08139235418816067,-1.1622950819671918
2013-07-15,nighttime,6,0.36810995859723117,0.47277542132859823,1.1645569620253688
2013-07-16,daytime,6,-0.522327185383535,0.28776135893564636,-0.3215189873417988
2013-07-16,nighttime,6,0.9861857140305992,2.84933624110458e-4,1.043478260869542
2013-07-17,daytime,6,-0.6484017455641418,0.1636994764205684,-0.60410557184746
2013-07-17,nighttime,6,0.9088518519425071,0.012083348622862962,0.23140043763676746
2013-07-18,daytime,6,0.9733285267845746,0.0010575646158307375,0.9473684210526352
2013-07-18,nighttime,6,0.9677657246936001,0.0015418262690173323,3.903871829105616
2013-07-19,daytime,6,-0.8109165970419515,0.05024869458336572,-2.5229007633587934
2013-07-19,nighttime,6,-0.5661178611411296,0.2415406043683855,-0.20275862068963713
2013-09-06,daytime,6,0.8368453388943524,0.03775762202407031,0.07781223569213211
2013-09-06,nighttime,6,0.9761269438817852,8.480813130408776e-4,0.5593692022263435
2013-09-07,daytime,6,-0.516648395707029,0.29398073884956344,-0.05553484904957346
2013-09-07,nighttime,6,-0.6661272850592906,0.14859792367501792,-0.02808389619622675
2013-09-08,daytime,6,0.1307912977504562,0.8049317351196914,0.007982969664712396
2013-09-08,nighttime,6,0.9337202349057241,0.006443927146771907,0.11954217888936124
2013-09-09,daytime,6,-0.8535854187768914,0.030586482895258765,-0.08743296805782236
2013-09-09,nighttime,6,0.595232307259415,0.21259738864866382,0.03966061562746846
2013-09-10,daytime,6,-0.04048881650894775,0.9392999627910938,-0.06250000000003718
2013-09-10,nighttime,6,-0.9537731128132604,0.003155995950724899,-0.4169381107491835
2013-09-11,daytime,6,0.242313013126152,0.6436442568429159,0.018348623853203655
2013-09-11,nighttime,6,0.9626107026902249,0.0020708049672950985,0.29155313351499046
2013-09-12,daytime,6,-0.9816515132428856,5.019117847278688e-4,-0.20421503437394634
2013-09-12,nighttime,6,NA,NA,3.435132519184499e-15
2013-09-13,daytime,6,-0.7224241883708119,0.10487912026842398,-0.03805496828752925
2013-09-13,nighttime,6,-0.8783458023640927,0.021299390224903396,-0.17467728645976097
2013-09-14,daytime,6,-0.9618068013063491,0.002160224040136049,-0.1680783277643993
2013-09-14,nighttime,6,-0.692628485747664,0.1271960643053519,-0.06312292358803778
2013-09-15,daytime,6,-0.1705296902649018,0.746684998295742,-0.01809897481331664
2013-09-15,nighttime,6,0.9443395513950015,0.004560907892908339,0.11468531468531473
2013-09-16,daytime,6,-0.9011551125709444,0.014172594972725177,-0.36666666666667896
2013-09-16,nighttime,6,0.9078412990032063,0.012348476908601939,0.5357142857142938
2013-09-17,daytime,6,-0.5388877434122937,0.26991488522502244,-0.5500000000000399
2013-09-17,nighttime,6,0.7840625602339729,0.06490899578653098,0.3278688524590047
2013-09-18,daytime,6,-0.8472239960984259,0.03322782632983133,-0.6133828996282634
2013-09-18,nighttime,6,0.8812516366444819,0.020314515044373278,0.4957983193277316
2013-09-19,daytime,6,NA,NA,NA
2013-09-19,nighttime,6,0.7041687863564302,0.11832916238021048,0.2006125574272565
2013-09-20,daytime,6,-0.9665182677099972,0.0016627726428496052,-0.38513513513514747
2013-09-20,nighttime,6,NA,NA,6.6617880303082e-15
2013-10-19,daytime,6,0.9671195598032405,0.001603911115512087,0.7949673811742844
2013-10-19,nighttime,6,-0.8226907874785647,0.044370662388961105,-0.09351413585774485
2013-10-20,daytime,6,0.9990817044462724,1.2645129019521195e-6,0.7164439279488732
2013-10-20,nighttime,6,0.8560059046544947,0.029608640892398393,0.2634252539912932
2013-10-21,daytime,6,0.891484988320419,0.017024351958684483,3.1428571428573164
2013-10-21,nighttime,6,0.9416260488002937,0.00501182211806177,0.5349887133182905
2013-10-22,daytime,6,0.42641685699697696,0.39914268789020235,0.38344827586206554
2013-10-22,nighttime,6,0.892659895870769,0.016664466068611418,0.34117647058823625
2013-10-23,daytime,6,0.807840691319156,0.051840039424986585,0.30905377808032614
2013-10-23,nighttime,6,0.9387908705199012,0.005505174535035668,0.17189994678020323
2013-10-24,daytime,6,0.84468577908882,0.034310476618434706,0.25718496683861214
2013-10-24,nighttime,6,0.9876275010677928,2.286711115305332e-4,0.4588539422662666
2013-10-25,daytime,6,0.8290701172880977,0.04132850589439595,0.4150081566068512
2013-10-25,nighttime,6,0.8834683179718045,0.01957822064194856,0.26876267748478966
2013-10-26,daytime,6,0.890711963516284,0.017263151058775926,0.31239452465779016
2013-10-26,nighttime,6,0.94140054781356,0.005050231488554709,0.3915094339622691
2013-10-27,daytime,6,0.7668798383358814,0.07518305592934518,0.4473779385171794
2013-10-27,nighttime,6,0.8610367756660469,0.027624422607937515,0.5280103026400544
2013-10-28,daytime,6,0.8693614848448004,0.02448486647177418,0.7220779220779366
2013-10-28,nighttime,6,0.963605722631792,0.0019627122373304363,0.6600928074245901
2013-10-29,daytime,6,0.9185992263509917,0.00966944466466148,0.351501154734405
2013-10-29,nighttime,6,0.974412402899762,9.737112666865469e-4,0.5618860510805466
2013-10-30,daytime,6,0.75616064522643,0.08193739122263907,0.2489664676159804
2013-10-30,nighttime,6,0.9903454934256015,1.3936429994092114e-4,0.4980544747081716
2013-10-31,daytime,6,0.9912287440295505,1.1506498896097178e-4,0.3014189926711404
2013-10-31,nighttime,6,0.9280764933496326,0.007573456393905586,0.22121486854034628
2013-11-01,daytime,6,0.6182721131231764,0.19076230476422013,0.5906976744186023
2013-11-01,nighttime,6,0.9861424004885977,2.867190376791826e-4,0.5104790419161694
2013-11-02,daytime,6,0.9655642462330983,0.0017583143838908466,0.43432203389829854
2013-11-02,nighttime,6,0.9805158417673692,5.657502239607179e-4,0.3520661157024819
2013-11-04,daytime,6,0.14466871303812828,0.7845108188329216,0.03801396431341666
2013-11-04,nighttime,6,NA,NA,6.417792987593915e-15
2013-11-05,daytime,6,0.8832706715429406,0.01964334266942489,0.6089108910891116
2013-11-05,nighttime,6,0.8741347844212719,0.022766097062919214,0.5473684210526357
2013-11-06,daytime,6,0.9345003762614597,0.006294797798705213,0.3363787375415284
2013-11-06,nighttime,6,0.6030848532389013,0.20504712025643404,1.260000000000029
2013-11-07,daytime,6,0.191928983464919,0.7156415433246028,0.21714285714284137
2013-11-07,nighttime,6,0.9832926192729988,4.1637303565422295e-4,0.42924528301886405
2013-11-08,daytime,6,0.9848390997428357,3.430369564918828e-4,1.2164948453608497
2013-11-08,nighttime,6,0.909060435442022,0.012028971303386997,0.8398437499999695
2013-11-09,daytime,6,0.3626387311293025,0.47988664179126095,0.24000000000000296
2013-11-09,nighttime,6,0.9075950713612991,0.012413498620416701,0.3050847457627068
2013-11-10,daytime,6,0.20137440812030788,0.7020214203041879,0.13616817964643438
2013-11-10,nighttime,6,0.8258296508890043,0.042861209953258816,0.6867088607594948
2013-11-11,daytime,6,0.751385692510354,0.08503030078214442,0.6732929991356785
2013-11-11,nighttime,6,-0.6595821346957931,0.1541019375953578,-1.19928825622779
2013-11-12,daytime,6,-0.7008422416233981,0.12085643029633099,-0.12483617300130996
2013-11-12,nighttime,6,-0.885841265148462,0.018804454426515186,-2.2500000000000018
2013-11-13,daytime,6,0.9328302996099151,0.006616125901499125,1.0811232449298118
2013-11-13,nighttime,6,NA,NA,-0
2013-11-14,daytime,6,0.8771949528317463,0.021695603068568575,0.7123655913978383
2013-11-14,nighttime,6,0.7371029619981851,0.09458723387125319,1.2931034482757475
2013-11-15,daytime,6,-0.2681897098570151,0.607360304266958,-0.18297587131368875
2013-11-15,nighttime,6,0.9522331788891673,0.00336800975631926,1.2170087976539088
2013-11-16,daytime,6,-0.7675314404307131,0.07478095670277866,-0.44477390659748317
2013-11-16,nighttime,6,0.7082332862518491,0.11527299142486343,1.2767857142857522
2013-11-17,daytime,6,-0.5403533285117417,0.26835665426671806,-0.4659810126582427
2013-11-17,nighttime,6,0.719959424236653,0.10665331370951235,0.7156208277703789
2013-11-18,daytime,6,-0.33548736759519526,0.5156487977650491,-0.3086419753086672
2013-11-18,nighttime,6,0.9392741515310176,0.005419475818435415,1.183593750000005
2013-11-19,daytime,6,-0.22013280223211096,0.6751344439150787,-0.28462377317340465
2013-11-19,nighttime,6,0.8804792841378071,0.02057411352435092,0.49848331648129945
2013-11-20,daytime,6,-0.2905343027491603,0.5764605724278834,-0.226094727435217
2013-11-20,nighttime,6,0.8969370165193359,0.015385601445270023,1.9644670050761486
2013-11-21,daytime,6,-0.5279335549445634,0.2816708613521427,-0.19721115537848843
2013-11-21,nighttime,6,0.8698375500911382,0.024310771796037568,0.3562355658198639
2013-11-22,daytime,6,-0.8687871746240011,0.024695675465095462,-1.1636363636362945
2013-11-22,nighttime,6,0.8278605147086388,0.04189758477423,0.18983957219251607
2013-11-23,daytime,6,-0.7047413942773014,0.11789649153375674,-0.7258883248730685
2013-11-23,nighttime,6,NA,NA,-0
2013-11-24,daytime,6,-0.4332001127219816,0.3908475038315252,-0.7285714285714776
2013-11-24,nighttime,6,0.7907137834499061,0.061117637125475924,0.15332031250000192
2013-11-25,daytime,6,0.5273655725359951,0.28228563350772157,0.19407986595922974
2013-11-25,nighttime,6,0.9999999999999999,1.848892746611764e-32,1.000000000000029
2013-11-26,daytime,6,-0.0718302490233358,0.8924399335910186,-0.015947807176515318
2013-11-26,nighttime,6,0.9903507521776445,1.3921276430215457e-4,0.3669159700835967
2013-11-27,daytime,6,-0.5291538156523832,0.2803518056858314,-0.1175706398181232
2013-11-27,nighttime,6,0.8586668289223437,0.028551028213387748,0.24011627906976826
2013-11-28,daytime,6,-0.15754578477344264,0.7656365191454264,-0.06166982922201164
2013-11-28,nighttime,6,0.877112064353098,0.02172427440740807,0.2903115371448109
2013-11-29,daytime,6,-0.23479043191409293,0.6542859450093131,-0.3363844393592941
2013-11-29,nighttime,6,0.733428582252718,0.09711915591443612,1.0571428571428674
2013-11-30,daytime,6,-0.006698676481656209,0.9899521355699141,-0.012106537530290572
2013-11-30,nighttime,6,NA,NA,NA
2013-12-01,daytime,6,0.18670686483297605,0.7231939523753257,0.12294182217343065
2013-12-01,nighttime,6,0.031246609709781936,0.9531453392586829,0.06818181818185888
2013-12-02,daytime,6,-0.292305506647652,0.5740293980014158,-0.16670782909360835
2013-12-02,nighttime,6,-0.43586161705224485,0.38760905587704864,-1.700000000000107
2013-12-03,daytime,6,-0.06164962023951028,0.907642724746764,-0.04054054054054832
2013-12-03,nighttime,6,0.7825863398439437,0.06576461893581233,1.1920000000000162
2013-12-04,daytime,6,0.35222486116051943,0.49351163075777693,0.3422053231938915
2013-12-04,nighttime,6,-0.020446520502737087,0.9693344931841266,-0.2499999999995891
2013-12-05,daytime,6,-0.7116634105337505,0.11272112116109684,-0.6502946954813088
2013-12-05,nighttime,6,-0.9380590497117536,0.005636198140378673,-1.9224489795918793
2013-12-06,daytime,6,0.5380342756645118,0.27082390477949164,1.247524752475221
2013-12-06,nighttime,6,0.7579619275811127,0.08078405371446686,0.5745062836624869
2013-12-07,daytime,6,-0.9820427470745505,4.807991247226978e-4,-1.0144092219020044
2013-12-07,nighttime,6,0.8659479700779726,0.025750466171204196,0.10953097224121654
2013-12-08,daytime,6,0.8923136482537677,0.016770141197108648,0.6349631614199658
2013-12-08,nighttime,6,0.8944271909999127,0.016130089900093472,1.9999999999998925
2013-12-09,daytime,6,0.3336360884668928,0.5181148908513167,1.1290322580644134
2013-12-09,nighttime,6,0.8977036934213138,0.015161559902955282,0.7889655172413913
2013-12-10,daytime,6,-0.6573239239210443,0.15602064619558914,-0.578804347826094
2013-12-10,nighttime,6,0.8400438740342745,0.03633262765191952,0.5523114355231151
2013-12-11,daytime,6,-0.7411320210963716,0.09184523364298526,-0.9375000000000024
2013-12-11,nighttime,6,-0.9511552301769489,0.003520450100866815,-2.355329949238669
2013-12-12,daytime,6,-0.48543273412843657,0.32904578240669996,-0.47880158281514873
2013-12-12,nighttime,6,-0.720446872388659,0.10630139510157806,-1.7320574162680182
2013-12-13,daytime,6,0.31627080006498814,0.5414116441890694,0.3382059800664325
2013-12-13,nighttime,6,-0.9803902531868056,5.730428678192731e-4,-2.2427184466019514
2013-12-14,daytime,6,-0.4705345402991069,0.3462870109978154,-0.2879146919431284
2013-12-14,nighttime,6,0.9222752929447531,0.008826922597095412,1.4743589743589796
2013-12-15,daytime,6,-0.3855596672860901,0.450318427572602,-0.32153179190751485
2013-12-15,nighttime,6,0.05248638810814851,0.9213427131382017,0.5000000000007407
2013-12-16,daytime,6,-0.2493763409856316,0.6336896662241316,-0.17997616209773476
2013-12-16,nighttime,6,0.6476022284459899,0.16439516829161155,9.800000000001955
2013-12-17,daytime,6,0.1998327681223826,0.704240822291381,0.12778603268944833
2013-12-17,nighttime,6,-0.932737905308881,0.006634130846041288,-3.000000000000052
2013-12-18,daytime,6,0.3347312271337933,0.516655638537261,0.2614991482112412
2013-12-18,nighttime,6,-0.20616243982321508,0.6951375963653166,-0.8181818181816033
2013-12-19,daytime,6,0.9837500090479989,3.939478046815295e-4,0.6871631064084703
2013-12-19,nighttime,6,0.8395479686940966,0.036551874437204555,2.585714285714231
2013-12-20,daytime,6,0.8348522592612342,0.038658563140383004,5.452830188679157
2013-12-20,nighttime,6,-0.8710248047709768,0.023879176021789312,-2.4473684210526514
2013-12-21,daytime,6,0.429712852671706,0.39510463385166483,0.21902770517510586
2013-12-21,nighttime,6,0.9816026464484292,5.045805183313181e-4,0.42582417582417514
2013-12-22,daytime,6,0.4860083013370977,0.3283861171585165,0.6320346320346104
2013-12-22,nighttime,6,0.9892179637732025,1.7375173951092546e-4,0.5361216730038098
2013-12-23,daytime,6,0.689509856091583,0.12963992818104084,0.5925572519083924
2013-12-23,nighttime,6,0.9784921590078297,6.889062099857664e-4,1.0518638573743846
2013-12-24,daytime,6,0.4812350753835711,0.33387132821527066,0.368146214099215
2013-12-24,nighttime,6,0.9971498126191795,1.2173775313031968e-5,1.4652956298200344
2013-12-25,daytime,6,0.6083398098285724,0.20005666977676057,0.5060240963855407
2013-12-25,nighttime,6,0.8745624301007741,0.022615021926790855,3.069306930692976
2013-12-26,daytime,6,0.9823418830637521,4.6496065988183385e-4,0.9340000000000039
2013-12-26,nighttime,6,0.9801331564644913,5.881165712364253e-4,1.524421593830276
2013-12-27,daytime,6,0.9395790458199933,0.00536574841794667,0.7756634952428543
2013-12-27,nighttime,6,0.9577235375403298,0.0026431685717383763,1.4479418886198467
2013-12-28,daytime,6,0.9938008181369055,5.7525666825129655e-5,0.8094575799721843
2013-12-28,nighttime,6,0.974624191114179,9.577273713339831e-4,2.1086956521738904
2013-12-29,daytime,6,0.4021015639766183,0.42935468397300297,0.49511400651465143
2013-12-29,nighttime,6,0.9032313255956427,0.013593185053020389,2.7499999999999947
2013-12-30,daytime,6,0.9373020994380014,0.005773306540658306,0.9379626365879465
2013-12-30,nighttime,6,0.9795003448909998,6.260464442889434e-4,0.8350515463917368
2013-12-31,daytime,6,0.6045031298364407,0.20369529137514303,0.7273833671399496
2013-12-31,nighttime,6,0.9744854122660617,9.681863566970376e-4,1.1864864864864528
2014-01-01,daytime,6,0.4056547124710689,0.42489433815723326,0.47140381282494803
2014-01-01,nighttime,6,0.9114423186947795,0.011416439211358403,1.8485804416403802
2014-01-02,daytime,6,0.012196676823441843,0.9817058919471069,0.014705882352922165
2014-01-02,nighttime,6,0.7430428494079856,0.09055741389360646,2.799999999999678
2014-01-03,daytime,6,0.6443423612107742,0.16724454770858832,0.8038397328881342
2014-01-03,nighttime,6,0.9831017020573032,4.259160346536703e-4,1.4999999999999942
2014-01-04,daytime,6,0.09170990672379811,0.862820812491129,0.06205318844723867
2014-01-04,nighttime,6,0.7596977564144052,0.07967960566237865,3.6785714285714612
2014-01-05,daytime,6,0.3212279938074508,0.5347313538885559,0.4047029702970152
2014-01-05,nighttime,6,-0.4477303069322733,0.3732810917530683,-1.1791907514449858
2014-01-06,daytime,6,-0.2787504241878662,0.5927040684318035,-0.41622718052738905
2014-01-06,nighttime,6,0.9208362747588139,0.009152287698547616,0.6528735632183804
2014-01-07,daytime,6,0.2832245362379356,0.5865227848747104,0.5714285714285534
2014-01-07,nighttime,6,0.5740991584648067,0.23345988827050043,1.4062499999999856
2014-01-08,daytime,6,-0.3529858686441294,0.49251204429835754,-0.1531020680453652
2014-01-08,nighttime,6,-0.9785910284911098,6.826097541303666e-4,-1.2554347826087224
2014-01-09,daytime,6,-0.49659842105085356,0.31633543469290865,-0.7059322033898381
2014-01-09,nighttime,6,-0.7382046165458739,0.09383392229428848,-1.7840909090909467
2014-01-10,daytime,6,0.6789405929103088,0.13807145007286695,0.5629139072847643
2014-01-10,nighttime,6,-0.9895117227785186,1.6442906260284962e-4,-0.8977900552486296
2014-01-11,daytime,6,0.5055214732058116,0.30631129180888955,0.563559322033888
2014-01-11,nighttime,6,0.8796413435161047,0.02085753912858733,3.2857142857142705
2014-01-12,daytime,6,0.21912438230278103,0.6765741093784355,0.27547713359738707
2014-01-12,nighttime,6,-0.00985090207608545,0.9852241248529788,-0.03703703703680222
2014-01-13,daytime,6,0.4396822292331798,0.3829764421491535,0.549402139710509
2014-01-13,nighttime,6,-0.7320979435893794,0.09804339993820956,-1.6176470588235186
2014-01-14,daytime,6,0.17099834513144496,0.7460025152185179,0.15533980582523324
2014-01-14,nighttime,6,0.9810134013530168,5.373141439878039e-4,0.6259351620947635
2014-01-15,daytime,6,0.9877968561019003,2.224664554090094e-4,0.7266168513269747
2014-01-15,nighttime,6,0.9859756676120116,2.936436822305321e-4,0.8551000953288828
2014-01-16,daytime,6,0.9779316930289439,7.251415138600072e-4,0.8413793103448295
2014-01-16,nighttime,6,0.9506780118187217,0.003588995999890496,0.762195121951215
2014-01-17,daytime,6,0.9739491518621299,0.0010091303721402275,0.68002478826688
2014-01-17,nighttime,6,0.9975031345198625,9.343722688147935e-6,0.7534791252485036
2014-01-18,daytime,6,0.9899381998438149,1.5135040614417674e-4,0.9690647482014372
2014-01-18,nighttime,6,0.9895769453589496,1.623939213927359e-4,0.8960205391527496
2014-01-19,daytime,6,0.9524930792024657,0.0033317519220077796,1.1752921535893144
2014-01-19,nighttime,6,0.9792173638760561,6.433887494470818e-4,0.7971530249110299
2014-01-20,daytime,6,0.9946531095653101,4.280742422108564e-5,1.041450777202068
2014-01-20,nighttime,6,0.9963350595882162,2.0123068981160485e-5,0.7054714784633286
2014-01-21,daytime,6,0.8928890216234183,0.016594713168599066,1.2287041817243118
2014-01-21,nighttime,6,0.9767666875161678,8.034096956533491e-4,0.6737627868399243
2014-01-22,daytime,6,0.9637529947289645,0.0019469566062691175,0.9654427645788506
2014-01-22,nighttime,6,0.9192715619536399,0.009512564190961331,0.7768969422423567
2014-01-23,daytime,6,0.4177887746957138,0.409778822730931,0.3986486486486418
2014-01-23,nighttime,6,0.2863299800617897,0.5822423912114367,0.7343750000000996
2014-01-24,daytime,6,0.5612024413002629,0.24657118183320073,0.6511104863649078
2014-01-24,nighttime,6,0.7799921470573706,0.06728061289065264,0.320610687022908
2014-01-25,daytime,6,0.9948227601982637,4.0136333065953205e-5,0.6531995308223657
2014-01-25,nighttime,6,-0.9473587478396811,0.0040837150189663475,-0.8269961977186404
2014-01-26,daytime,6,0.9857488187923903,3.031970685874119e-4,0.7291510142749876
2014-01-26,nighttime,6,-0.8706678982992778,0.024008533179159422,-1.2204270051933257
2014-01-27,daytime,6,0.6037509753156407,0.20441175291898733,1.5054347826086631
2014-01-27,nighttime,6,-0.8918566004582923,0.016910124045524604,-1.0944570135746907
2014-01-28,daytime,6,0.4821818088603434,0.33278075245337124,0.5822571588994825
2014-01-28,nighttime,6,0.9455046262512128,0.004373699937464427,0.6341013824884775
2014-01-29,daytime,6,0.796819152735582,0.05772978277839793,0.47100591715975665
2014-01-29,nighttime,6,-0.38848847531754166,0.4465832674942057,-0.6640625000000048
2014-01-30,daytime,6,0.722522035025331,0.10480895943212787,0.30042689434364683
2014-01-30,nighttime,6,-0.9299584669716008,0.007186919074533745,-0.8823529411764887
2014-01-31,daytime,6,0.7759683534606201,0.06966317379505757,0.5712979890310741
2014-01-31,nighttime,6,-0.8892669255546986,0.017713826495310874,-0.48983505945532035
2014-02-01,daytime,6,0.26061769085601655,0.6179242464879903,0.1591764445428354
2014-02-01,nighttime,6,-0.8376646867217253,0.03739013962266665,-0.7641801306290911
2014-02-02,daytime,6,0.9802978256833383,5.784395568206459e-4,0.32419684969297585
2014-02-02,nighttime,6,-0.6689968315442077,0.14621178007789826,-0.6741988496302469
2014-02-03,daytime,6,-0.21988586152772815,0.6754869255536824,-0.1648648648648675
2014-02-03,nighttime,6,-0.7589886888401199,0.0801299321690394,-0.9500000000000288
2014-02-04,daytime,6,0.8637656231903067,0.02657546637421493,0.38142857142857345
2014-02-04,nighttime,6,0.7985836518841396,0.0567672338123201,2.599999999999961
2014-02-05,daytime,6,0.5274081348058088,0.2822395473092654,0.24107142857142277
2014-02-05,nighttime,6,-0.9246081779407579,0.008311629449907442,-0.6224133922343698
2014-02-06,daytime,6,0.9227190204034343,0.008727750189302394,0.6285914505956549
2014-02-06,nighttime,6,-0.8593378488473206,0.028287201688030644,-0.30769230769225414
2014-02-07,daytime,6,0.9626719668758894,0.002064066979584517,0.479328694228406
2014-02-07,nighttime,6,-0.7012643643330764,0.12053444084383888,-0.8907563025209848
2014-02-08,daytime,6,0.9695959599556414,0.0013725556433130364,0.19523182479728168
2014-02-08,nighttime,6,-0.8337184088650841,0.03917554428230598,-0.16316139030330024
2014-02-09,daytime,6,0.9686103946951725,0.0014624967778311805,0.16368702112839248
2014-02-09,nighttime,6,-0.17658585351014222,0.7378744195440461,-0.025679758308160477
2014-02-10,daytime,6,0.40877679417845536,0.42098779665229047,0.03379755434782573
2014-02-10,nighttime,6,0.3713599374369074,0.46856688468841917,0.25999292536258073
2014-02-11,daytime,6,0.8976105491729565,0.015188694456046275,0.12332214765100281
2014-02-11,nighttime,6,-0.675619378659024,0.140768064657844,-0.03884779104847523
2014-02-12,daytime,6,0.3767172846620805,0.46165516162244863,0.25932835820894873
2014-02-12,nighttime,6,0.9055791340630851,0.01295205471694651,0.8843930635838251
2014-02-13,daytime,6,0.9450825626025828,0.00444107396117134,0.25743440233236353
2014-02-13,nighttime,6,0.8783100656536806,0.021311641128756453,1.000000000000006
2014-02-14,daytime,6,0.9962181469513631,2.1426573911103213e-5,0.2756434166355852
2014-02-14,nighttime,6,-0.8993194867009423,0.014694571315431917,-0.7864583333333579
2014-02-15,daytime,6,0.999103699548251,1.2046717262077545e-6,0.23536698668318112
2014-02-15,nighttime,6,-0.9663768586137889,0.00167676771147006,-0.3959885386819458
2014-02-16,daytime,6,0.9775260947973983,7.519391028472819e-4,0.20624999999999463
2014-02-16,nighttime,6,-0.5198971776438547,0.29041653703252274,-0.10114192495921374
2014-02-17,daytime,6,0.8717349518297001,0.02362278055194861,0.5100097656250023
2014-02-17,nighttime,6,-0.7765590701024668,0.06931103464982333,-0.14811606756171383
2014-02-18,daytime,6,0.9007414952077896,0.0142894163200659,0.27462635869565305
2014-02-18,nighttime,6,0.6810120596412972,0.13640092037357832,0.1891723708774127
2014-02-19,daytime,6,0.9917281612452252,1.0235198125738875e-4,0.5802358322369642
2014-02-19,nighttime,6,0.9562466464840583,0.0028296541696522424,0.283537255476593
2014-02-20,daytime,6,0.9776043916231137,7.467285045195279e-4,0.6942290537295008
2014-02-20,nighttime,6,0.9985116975554365,3.3209179219167674e-6,0.7778670415746112
2014-02-21,daytime,6,0.9930279216539423,7.274535876180235e-5,1.355608591885443
2014-02-21,nighttime,6,0.9974665229331968,9.619628503088692e-6,0.7228370221328008
2014-02-22,daytime,6,0.9875978194642914,2.2976730805326592e-4,1.5222050415333197
2014-02-22,nighttime,6,0.9957821722713234,2.6647588396340688e-5,1.2676422993034544
2014-02-23,daytime,6,0.9601876201298652,0.002345986565920993,0.9927907219726265
2014-02-23,nighttime,6,0.9973626470740274,1.0424273458036186e-5,0.8310315062580925
2014-02-24,daytime,6,0.9779859794705368,7.215914644146922e-4,1.0263591433278436
2014-02-24,nighttime,6,0.9877651883293809,2.236202066717023e-4,1.8739563695125039
2014-02-25,daytime,6,0.9861006246530242,2.884463240798595e-4,0.9581004357202637
2014-02-25,nighttime,6,0.9970608608992221,1.2945113047217052e-5,1.2107708189951825
2014-02-26,daytime,6,0.9980229933252499,5.8589694679602995e-6,0.42029986190570245
2014-02-26,nighttime,6,0.9544748241093935,0.00306163604845812,3.1337448559670826
2014-02-27,daytime,6,0.9896218378658703,1.6100047746446966e-4,0.2292119565217377
2014-02-27,nighttime,6,0.9449232191125896,0.004466641309514141,0.2877840909090952
2014-02-28,daytime,6,0.9896977734904563,1.586570886887257e-4,0.2312351452886608
2014-02-28,nighttime,6,0.9649572988859904,0.0018204702929850761,0.22783276105837397
2014-03-01,daytime,6,0.9777276827848577,7.385600116326592e-4,0.38579340235974136
2014-03-01,nighttime,6,0.9850218715711073,3.3483636774585767e-4,0.39118396278657414
2014-03-02,daytime,6,0.810301674846419,0.050564991618573356,0.11592096476410978
2014-03-02,nighttime,6,0.9467420607135868,0.004179081520441219,0.20729237002025944
2014-03-03,daytime,6,0.9261475516742215,0.007979873759989832,0.29775784753363155
2014-03-03,nighttime,6,-0.8838258256222273,0.01946068937166457,-0.08860132158590117
2014-03-04,daytime,6,0.7755740617820864,0.06989867180656466,0.13703581991455577
2014-03-04,nighttime,6,0.8265257879155218,0.04252974743835382,0.13285245901639545
2014-03-05,daytime,6,0.9001744605191427,0.014450319843937494,0.1718755081466055
2014-03-05,nighttime,6,0.940656577736286,0.005177969511764476,0.17672569569931118
2014-03-06,daytime,6,0.9733975483426738,0.0010521225009887494,0.24341104916370893
2014-03-06,nighttime,6,0.7645451961415715,0.07663176171494795,0.03783783783783941
2014-03-07,daytime,6,0.9882081756494636,2.0775087265418425e-4,0.3696098562628339
2014-03-07,nighttime,6,0.9216862243669914,0.00895942012972026,0.5496800269450998
2014-03-08,daytime,6,0.8874478201399809,0.018289084662800034,0.2831689468660499
2014-03-08,nighttime,6,0.9819805060619656,4.841277583563304e-4,0.2727272727272729
2014-03-10,daytime,6,0.9901330648416584,1.4555430943888358e-4,0.49529017139181186
2014-03-10,nighttime,6,0.9390583222799008,0.005457666839678929,1.223722275795591
2014-03-11,daytime,6,0.9892760999821893,1.718864122436803e-4,0.2685588613635421
2014-03-11,nighttime,6,0.9733927846988011,0.0010524976511613528,0.48898793917147176
2014-03-12,daytime,6,0.8253551470421246,0.043087830977688556,0.08620553359683851
2014-03-12,nighttime,6,0.8905656369234154,0.01730853334266668,0.2531310636796618
2014-03-13,daytime,6,0.9483854239654742,0.003927344410040024,0.08708703644366503
2014-03-13,nighttime,6,0.6690905164514727,0.14613415549537231,0.05739514348786327
2014-03-14,daytime,6,0.7450077894519761,0.08924161340071554,0.06916771435755592
2014-03-14,nighttime,6,0.9686707392301943,0.001456908682137598,0.21503235440517782
2014-03-15,daytime,6,-0.06481018975279985,0.9029208284576625,-0.007737506544886828
2014-03-15,nighttime,6,0.9836782752377525,3.9742400569904395e-4,0.19247353978832146
2014-03-16,daytime,6,0.9903464041922928,1.39338049502285e-4,0.5030303030303016
2014-03-16,nighttime,6,-0.08627067711088629,0.8709150246867812,-0.008683068017362964
2014-03-17,daytime,6,0.9819516734638694,4.856735863219451e-4,0.15918507792226175
2014-03-17,nighttime,6,0.8412577941651183,0.03579855246979187,0.04790683962264146
2014-03-18,daytime,6,0.8764356351915481,0.021958928608457398,0.11482689952412495
2014-03-18,nighttime,6,0.948184041092163,0.003957780228146987,0.13910848335879916
2014-03-19,daytime,6,0.9939660344103715,5.4503266560847895e-5,0.2239942047162364
2014-03-19,nighttime,6,0.8480382696323732,0.032883973182971725,0.1202214288579579
2014-03-20,daytime,6,0.9996386696054589,1.9581589344323092e-7,0.32570492002306706
2014-03-20,nighttime,6,0.9931546356745445,7.012813561523069e-5,0.23811379579111583
2014-03-21,daytime,6,0.992297359570265,8.876750297753022e-5,0.39770175670320845
2014-03-21,nighttime,6,0.9828319813258243,4.39581239456398e-4,0.4878854625550636
2014-03-22,daytime,6,0.9870573491872604,2.5018428906992184e-4,0.8692363112391941
2014-03-22,nighttime,6,0.9777393254155139,7.377909484387738e-4,1.4433427762039484
2014-03-23,daytime,6,0.9631994387466036,0.0020065028067223806,0.5747056340010321
2014-03-23,nighttime,6,0.9955083508481752,3.0217058841214438e-5,0.8339970134395247
2014-03-24,daytime,6,0.9948369961822412,3.991609854776212e-5,0.4113216800364303
2014-03-24,nighttime,6,0.9995123585103783,3.566333544362116e-7,0.4952912452040458
2014-03-25,daytime,6,0.947055813509372,0.004130426747386019,0.30074851971846317
2014-03-25,nighttime,6,0.9952114582015584,3.43402978840406e-5,0.5965920348722019
2014-03-26,daytime,6,0.9967764619112556,1.557004850341587e-5,0.3599750109659316
2014-03-26,nighttime,6,0.9923487442166807,8.758861377469843e-5,0.6780150028851664
2014-03-27,daytime,6,0.9983622664807227,4.02106027950559e-6,0.35171056915172055
2014-03-27,nighttime,6,0.7890108605095723,0.06207838521815598,0.08847853177750233
2014-03-28,daytime,6,0.9894503470305674,1.663557039118351e-4,0.3441418071768272
2014-03-28,nighttime,6,-0.8070120973089243,0.05227264325427436,-0.09013556388808726
2014-03-29,daytime,6,0.8961661546678059,0.015612460543578743,0.9902627874237537
2014-03-29,nighttime,6,0.965590249655136,0.0017556752740356266,0.8470534281128188
2014-03-30,daytime,6,0.983583184064084,4.0205550503077427e-4,0.7726713575751615
2014-03-30,nighttime,6,0.9980011566487226,5.9890690502985776e-6,1.7935819601040608
2014-03-31,daytime,6,0.9971062249116012,1.2548785252176548e-5,0.5650958511835088
2014-03-31,nighttime,6,0.994027340034923,5.340247023245724e-5,1.3240097008892524
2014-04-01,daytime,6,0.9713254951399463,0.0012215523641172926,0.4978929936571128
2014-04-01,nighttime,6,0.9933684042701124,6.582127052316059e-5,0.8571670620128805
2014-04-02,daytime,6,-0.5569347811572319,0.2509718271966853,-0.1716887417218603
2014-04-02,nighttime,6,0.969135466591181,0.001414228056819656,0.2997645103199892
2014-04-03,daytime,6,-0.5424628469476698,0.26611989945096753,-0.11903771903772117
2014-04-03,nighttime,6,0.9846446869106514,3.5186817894524157e-4,0.4578313253012029
2014-04-04,daytime,6,0.9884399042235283,1.9968130013520535e-4,0.5798794849050258
2014-04-04,nighttime,6,0.48855245757214427,0.3254760198234404,0.05562539283469431
2014-04-05,daytime,6,0.9461864717285279,0.0042659245516111985,0.39993719521205834
2014-04-05,nighttime,6,0.9975671300695441,8.87108424426241e-6,0.7064139941690943
2014-04-06,daytime,6,-0.09278064137662721,0.8612283772931709,-0.02340397525339313
2014-04-06,nighttime,6,0.6613734225658171,0.15258712917776426,0.046454767726163346
2014-04-07,daytime,6,-0.26617417115294173,0.6101677888582762,-0.02119405238131393
2014-04-07,nighttime,6,0.9434669283301103,0.004703642773879867,0.23492687932951412
2014-04-08,daytime,6,0.9660074162328759,0.0017136044836904112,0.339820063274452
2014-04-08,nighttime,6,0.9747038611743507,9.517485274126617e-4,0.18874067850015966
2014-04-09,daytime,6,0.8628340774328839,0.02693138200977861,0.08647509020320351
2014-04-09,nighttime,6,0.9758440990986981,8.682137472736827e-4,0.31004195070791984
2014-04-10,daytime,6,0.28764825972677066,0.580427837717818,0.02435681147195209
2014-04-10,nighttime,6,-0.5441768864464244,0.26430780846591695,-0.02803583278035814
2014-04-11,daytime,6,0.9843602803475902,3.649885019986852e-4,0.26409325434741027
2014-04-11,nighttime,6,0.9612729399104474,0.0022206366393145173,0.12122687439143195
2014-04-12,daytime,6,0.9896659804488074,1.5963614502493529e-4,0.40104925677644926
2014-04-12,nighttime,6,0.6543618353581759,0.15855265158176368,0.07639213851193548
2014-04-13,daytime,6,-0.918786970624226,0.009625511663295956,-0.24692565989904258
2014-04-13,nighttime,6,0.9957160849343824,2.7488583383097376e-5,1.1301310043668047
2014-04-14,daytime,6,0.979452528349708,6.289603300373946e-4,0.2569266117042848
2014-04-14,nighttime,6,0.27379694803798826,0.5995671403907525,0.015812880909239557
2014-04-15,daytime,6,0.9722971674564529,0.0011405401694968326,0.6188039187015654
2014-04-15,nighttime,6,0.994989905791535,3.758868666901211e-5,0.5468312415724528
2014-04-16,daytime,6,0.9832872263310093,4.166411263051791e-4,0.6504553486475445
2014-04-16,nighttime,6,0.9949367908476701,3.838922994539465e-5,0.7148807727135504
2014-04-17,daytime,6,0.9775555948869846,7.499737819547362e-4,0.18836272040302093
2014-04-17,nighttime,6,0.985183670099385,3.2765918031148623e-4,0.3177818362942041
2014-04-18,daytime,6,0.9920366428240692,9.487008789052482e-5,0.2453617465166505
2014-04-18,nighttime,6,0.9880351587904335,2.1387970982514714e-4,1.7073170731707024
2014-04-19,daytime,6,0.9926753759828809,8.027869202051508e-5,0.6115444617784725
2014-04-19,nighttime,6,0.9847939122413135,3.4507964276856226e-4,1.4509103891467219
2014-04-20,daytime,6,0.997021067774698,1.329783822671774e-5,0.8222323998953153
2014-04-20,nighttime,6,0.9955484077704457,2.968090219272873e-5,1.8260286225402356
2014-04-21,daytime,6,0.9782295843959357,7.057674382857326e-4,0.4825413378346137
2014-04-21,nighttime,6,0.953515066769585,0.0031910500650059476,0.7736220472440909
2014-04-22,daytime,6,0.9778533955797155,7.302769853739972e-4,0.7710182157870163
2014-04-22,nighttime,6,0.9945623217169701,4.427212609056823e-5,0.7722299582255778
2014-04-23,daytime,6,0.9266706013493583,0.007868647612582666,1.0485006518904905
2014-04-23,nighttime,6,0.9961147398253325,2.2613545457016555e-5,1.3883826879270953
2014-04-24,daytime,6,0.9798540079978869,6.047032544567866e-4,0.7586690464048987
2014-04-24,nighttime,6,0.9883509676236404,2.0275954637179967e-4,1.146556188503356
2014-04-25,daytime,6,0.9460783968458211,0.004282919340288377,0.4188067214604238
2014-04-25,nighttime,6,0.9970686512197496,1.2876614252001051e-5,0.8420505200594327
2014-04-26,daytime,6,0.45122732119979103,0.3690953347033136,0.12259615384614853
2014-04-26,nighttime,6,0.9927442259745712,7.877839039115079e-5,0.5670808718679987
2014-04-27,daytime,6,0.9919063178093555,9.79964378871054e-5,0.292549705046972
2014-04-27,nighttime,6,0.9217643709522276,0.008941787625557184,0.5904436860068198
2014-04-28,daytime,6,0.9739340963968239,0.0010102920001902494,0.5043747052968013
2014-04-28,nighttime,6,0.9441501956164425,0.004591697601463557,0.1943655159905706
2014-04-29,daytime,6,0.9853995918817623,3.1820167733327833e-4,0.32970504119178784
2014-04-29,nighttime,6,0.9971154087973497,1.2469298460593678e-5,0.42660615515529615
2014-04-30,daytime,6,0.9701272646114278,0.0013252415588168541,0.4735119152381287
2014-04-30,nighttime,6,0.8160819023959633,0.04762820541957453,0.2870258516549869
2014-05-01,daytime,6,0.9783186572121376,7.000249480419896e-4,0.39609071293961085
2014-05-01,nighttime,6,0.9963204136896615,2.02841235094271e-5,0.4860811394044008
2014-05-02,daytime,6,0.9809441716632306,5.412270704403828e-4,0.4845904018242762
2014-05-02,nighttime,6,0.9959398133076526,2.469420764081731e-5,0.7488643737832589
2014-05-03,daytime,6,0.9603199697733108,0.0023305189991824076,0.22713116335473651
2014-05-03,nighttime,6,0.9923244187779378,8.814571894901152e-5,0.2379197240726335
2014-05-04,daytime,6,0.9827813709272171,4.4216928092486493e-4,0.25062379279768443
2014-05-04,nighttime,6,0.992572577712696,8.254502992692187e-5,0.24355031884245598
2014-05-05,daytime,6,0.31181943684864066,0.5474301588732148,0.02584454284679815
2014-05-05,nighttime,6,0.9870893238522551,2.489523262551806e-4,0.5853646227605214
2014-05-29,daytime,6,0.9888042113529935,1.873168532529206e-4,0.34774453151000057
2014-05-29,nighttime,6,0.9450768796904031,0.004441984571020928,0.7119917363132657
2014-05-30,daytime,6,0.9724775540976945,0.0011258036223094003,0.226183785302795
2014-05-30,nighttime,6,0.9895891264090929,1.620152354122727e-4,0.4980529843600342
2014-05-31,daytime,6,0.9578900303743977,0.0026225385706303596,0.24099207302426082
2014-05-31,nighttime,6,0.9986890784616744,2.576646500121831e-6,0.5857838364167476
2014-06-01,daytime,6,0.9686666275504847,0.0014572891007997113,0.2882324596299736
2014-06-01,nighttime,6,0.960054605069607,0.00236158273756324,0.2592443729903546
2014-06-02,daytime,6,0.8107463417073085,0.050336176624672775,0.13704311760131263
2014-06-02,nighttime,6,0.8757835694523465,0.022186269955134084,0.15157116451016583
2014-06-03,daytime,6,0.8145220171255942,0.048412708796554085,0.19697663765460166
2014-06-03,nighttime,6,0.8462923539492266,0.033623309149826294,0.1742275236342872
2014-06-04,daytime,6,0.9909632056699059,1.2212648883401086e-4,0.17337521875713305
2014-06-04,nighttime,6,0.9436935873950925,0.004666360884723815,0.3890455692444701
2014-06-05,daytime,6,0.9716660424143795,0.0011928462917900695,0.21513132105056798
2014-06-05,nighttime,6,0.9976088346141241,8.569671904346016e-6,0.21309488990097272
2014-06-06,daytime,6,0.968777864897358,0.0014470145728242934,0.17565872020075096
2014-06-06,nighttime,6,0.9168754321127158,0.010077358024555616,0.19970172572970835
2014-06-07,daytime,6,0.9843949995312644,3.6337402548757713e-4,0.14066209684292416
2014-06-07,nighttime,6,0.9425101670767121,0.004862617060252319,0.4544920728126829
2014-06-08,daytime,6,0.9922266955446022,9.040154514134381e-5,0.20379362670713214
2014-06-08,nighttime,6,0.89333129704694,0.016460468716432853,0.3536121673003807
2014-06-09,daytime,6,0.9896926407729292,1.588149459062791e-4,0.23555926544240183
2014-06-09,nighttime,6,0.9373834642414656,0.0057584914124185985,0.3870410367170576
2014-06-10,daytime,6,0.9913594696086381,1.1166560250017243e-4,0.18281599962475134
2014-06-10,nighttime,6,0.9588520974252027,0.0025048900461744116,0.5420168067226859
2014-06-11,daytime,6,0.9217376715580624,0.008947810009846482,0.11135351331697022
2014-06-11,nighttime,6,0.8606991228161706,0.027755553315658443,0.06280720917531539
2014-06-12,daytime,6,0.9735676609676371,0.001038769098133562,0.2056427725118449
2014-06-12,nighttime,6,0.875824325518412,0.022172027700238434,0.09250197316495759
2014-06-13,daytime,6,0.9256838679986481,0.008079111396129319,0.21796635276690154
2014-06-13,nighttime,6,-0.2524946269204627,0.629306772341637,-0.01961647280729276
2014-06-14,daytime,6,0.9638137495642433,0.0019404751336032611,0.13924893043891554
2014-06-14,nighttime,6,0.8584522935596979,0.028635622341738408,0.23810888252149356
2014-06-15,daytime,6,0.8760796597895802,0.02208290017014202,0.1714234356587907
2014-06-15,nighttime,6,0.9111483393536964,0.011491201457462585,0.20445009535918712
2014-06-16,daytime,6,0.9766244127114693,8.132406998503784e-4,0.19634012107870155
2014-06-16,nighttime,6,0.7089358544983478,0.1147482700408976,0.3885531461073617
2014-06-17,daytime,6,0.8950755880208561,0.01593613498098058,0.11933928955205546
2014-06-17,nighttime,6,0.9134650790660497,0.01090843941008274,0.3604060913705574
2014-06-18,daytime,6,0.9693813131983184,0.0013919034017973867,0.17884615384615415
2014-06-18,nighttime,6,0.9360723639493115,0.0059994860781300285,0.24612794612794547
2014-06-25,daytime,6,0.9543471871925896,0.0030786946517294255,0.4940291906236177
2014-06-25,nighttime,6,0.19383498914696345,0.7128889006781283,0.15817984832070697
2014-06-26,daytime,6,0.9886927533313595,1.910579034572376e-4,0.5167785234899331
2014-06-26,nighttime,6,-0.934533978140265,0.00628841288837198,-1.6689189189189841
2014-07-12,daytime,6,0.6417048827545052,0.1695649486705359,0.2494348153730222
2014-07-12,nighttime,6,0.8605991819761982,0.027794422762218215,0.4149293880295905
2014-07-13,daytime,6,0.9563406097058732,0.0028176030346379766,0.6406898754391629
2014-07-13,nighttime,6,0.4346952878106153,0.3890270776081872,0.11850033474670855
2014-07-14,daytime,6,0.8619364292096175,0.027276471569222097,0.3713059769142454
2014-07-14,nighttime,6,0.9575689061332745,0.002662400167620209,0.8250758341759155
2014-07-15,daytime,6,0.8575666961820254,0.028986079315581535,0.37884032886196445
2014-07-15,nighttime,6,0.6788448726352584,0.1381488549418866,0.08984742889433257
2014-07-16,daytime,6,0.9915549817964467,1.0667635637959019e-4,0.5945465323058688
2014-07-16,nighttime,6,-0.9562628195135602,0.0028275781134091227,-0.43449467319320945
2014-07-17,daytime,6,0.9768391972588544,7.984221842828165e-4,0.39916756176154733
2014-07-17,nighttime,6,0.8238291124449894,0.04382043660155419,0.1715800465900881
2014-07-18,daytime,6,0.5134229626412978,0.2975355082204543,0.20469504168494856
2014-07-18,nighttime,6,0.9640818321349854,0.0019120028945025412,1.6258064516128667
2014-07-19,daytime,6,0.6856464565546174,0.13269530756690748,0.17889182058047653
2014-07-19,nighttime,6,-0.7422361159712402,0.09110012753069317,-0.7308850787766477
2014-07-20,daytime,6,0.9048795209048446,0.013141537759895027,0.15525003463083487
2014-07-20,nighttime,6,-0.9562138478731532,0.0028338666779861694,-0.4418604651162692
2014-07-21,daytime,6,0.9962175571290998,2.143325364051726e-5,0.4034440140348556
2014-07-21,nighttime,6,0.04760555589257869,0.9286456101338147,0.008498583569395667
2014-07-22,daytime,6,0.8661019271888067,0.025692732073040687,0.3271069800697088
2014-07-22,nighttime,6,0.7462712312694029,0.08840012023836016,0.7288461538461385
2014-07-23,daytime,6,0.9619852307382564,0.002140216020379396,0.3931008339651339
2014-07-23,nighttime,6,0.9140231713981042,0.01077025157889458,0.9391634980988525
2014-07-24,daytime,6,0.7903033760971493,0.06134855046549505,0.3642948766317075
2014-07-24,nighttime,6,0.9726637583420287,0.001110691383846709,0.3058823529411782
2014-07-25,daytime,6,0.965373728152333,0.0017777099718641093,0.196085839504308
2014-07-25,nighttime,6,0.8301461689972199,0.0408253168389016,0.1745426829268308
2014-07-26,daytime,6,0.9965557143347826,1.7774225656348533e-5,0.2572400419620449
2014-07-26,nighttime,6,0.8610111117036519,0.027634379112878724,0.24118942731277415
2014-07-27,daytime,6,0.8674990182565462,0.02517163782817679,0.19108670118612278
2014-07-27,nighttime,6,NA,NA,1.5182023229705814e-15
2014-07-28,daytime,6,0.980955083388459,5.406093932215566e-4,0.33874761134793613
2014-07-28,nighttime,6,0.9579834867892681,0.002610993362444331,0.8010657193605674
2014-07-29,daytime,6,0.8371178182434585,0.03763522627690154,0.20219938995023184
2014-07-29,nighttime,6,0.9607002425800577,0.002286357733389707,0.7001231527093594
2014-07-30,daytime,6,0.9230327865254295,0.008657952887884226,0.22154265851190108
2014-07-30,nighttime,6,0.9999299124567963,7.36822342424892e-9,0.5651938031225504
2014-07-31,daytime,6,0.9736463824310609,0.0010326182713607977,0.6303082058846361
2014-07-31,nighttime,6,0.7326261375905466,0.09767605752840766,0.43338213762811384
2014-11-20,daytime,6,0.8801275809479029,0.020692848093773704,0.19169680767416267
2014-11-20,nighttime,6,0.8935370658588605,0.01639819010231587,0.10344827586206598
2014-11-21,daytime,6,0.8524908822306047,0.031033588729058714,0.16534541336353226
2014-11-21,nighttime,6,0.8969786623657647,0.015373390885130372,0.11105675146771399
2014-11-22,daytime,6,0.9220856394229319,0.008869476063796853,0.4713353413654399
2014-11-22,nighttime,6,0.9424873385253012,0.004866441850525865,0.12485896953742223
2014-11-23,daytime,6,0.8518273574553538,0.031306123035166,0.4626028760061475
2014-11-23,nighttime,6,0.9545480656700849,0.0030518684183035738,0.15127400160619361
2014-11-24,daytime,6,0.943296704115321,0.00473173761999424,0.6088862022064394
2014-11-24,nighttime,6,0.9143123810902476,0.010698977034620041,0.1453855878634649
2014-11-25,daytime,6,0.9540921027625517,0.0031129262923837477,0.4586159605618948
2014-11-25,nighttime,6,0.9342344110952404,0.006345447234613737,0.08179012345679042
2014-11-26,daytime,6,0.8295238579561486,0.04111597388629106,0.24764067267437662
2014-11-26,nighttime,6,0.74008524653107,0.09255415977066349,0.048813559322034045
2014-11-27,daytime,6,0.8145479286589932,0.048399628676083314,0.18467981626587265
2014-11-27,nighttime,6,0.6158144751555941,0.19304516929396584,0.0403433476394847
2014-11-28,daytime,6,0.8839516487048554,0.019419405428098686,0.2012783073447567
2014-11-28,nighttime,6,0.931978186746625,0.00678308327215149,0.08396305625524982
2014-11-29,daytime,6,0.6909735856679867,0.12849038920869818,0.12348450830714053
2014-11-29,nighttime,6,0.8808934388093587,0.020434714330935168,0.08168139479340758
2014-11-30,daytime,6,0.782712119307819,0.06569151713484112,0.19934162399414787
2014-11-30,nighttime,6,0.831977868452733,0.03997540194990915,0.07854606225193381
2014-12-01,daytime,6,0.6489039791657477,0.16326309861949437,0.16698864075418965
2014-12-01,nighttime,6,0.9688930318254979,0.0014364149762168587,0.10300539429745731
2014-12-02,daytime,6,0.3909024986893723,0.4435121338942386,0.06484571895647193
2014-12-02,nighttime,6,NA,NA,1.8535612420232892e-15
2014-12-03,daytime,6,0.0648301282999135,0.902891046299278,0.012226750648385949
2014-12-03,nighttime,6,0.9016672997136478,0.014028574748316315,0.12819148936170038
2014-12-04,daytime,6,0.2334443884088035,0.656194343053792,0.045027816411677885
2014-12-04,nighttime,6,0.9654740772724865,0.0017674808812056426,0.22371364653244108
2014-12-05,daytime,6,0.1456800247009889,0.7830258224640638,0.028802194452905532
2014-12-05,nighttime,6,0.8597380764612567,0.028130395824331446,0.18218475073314067
2014-12-06,daytime,6,0.09954776487052734,0.851171599798514,0.020345696795100437
2014-12-06,nighttime,6,0.9555463625165067,0.002920265836402567,0.11674864095263016
2014-12-07,daytime,6,0.10060884899108354,0.8495959149656543,0.024461839530330376
2014-12-07,nighttime,6,0.9636827833662365,0.00195446021711414,0.13535482692483417
2014-12-08,daytime,6,-0.3263901183082895,0.527800075309282,-0.06555723651033873
2014-12-08,nighttime,6,0.955971313709909,0.002865112465337038,0.1501618845595633
2014-12-09,daytime,6,0.40184517522975355,0.4296771251545956,0.09168252546736838
2014-12-09,nighttime,6,0.9083961799281984,0.012202554048802902,0.09664312663248596
2014-12-10,daytime,6,-0.8182543257389143,0.04654556994774205,-0.5029821073558723
2014-12-10,nighttime,6,0.9280217587002626,0.0075848459754315955,0.385582126025485
2014-12-11,daytime,6,-0.44757521208815,0.37346711413874517,-0.5216617210682595
2014-12-11,nighttime,6,0.6966499127376872,0.1240745821954111,0.1582568807339465
2014-12-12,daytime,6,0.6983018101510297,0.1228021408270022,0.1038461538461519
2014-12-12,nighttime,6,-0.8175216017575287,0.04690943250777539,-0.15111213024535858
2014-12-13,daytime,6,0.8199973989882409,0.04568527814549969,0.15428678749178007
2014-12-13,nighttime,6,0.9040000000000001,0.013381631999999961,0.0903999999999994
2014-12-14,daytime,6,0.9195208528778098,0.009454712265062138,0.33873144399460203
2014-12-14,nighttime,6,0.8724907382234959,0.02335135596164621,0.07691285866099909
2014-12-15,daytime,6,0.828252946372122,0.04171255989376535,0.12741679873217085
2014-12-15,nighttime,6,0.791807140643366,0.06050441662148572,0.05973850315599702
2014-12-16,daytime,6,0.869208435518707,0.02454096141961459,0.13481456732375358
2014-12-16,nighttime,6,0.3598740038930555,0.4834925090887369,0.030472776159534636
2014-12-17,daytime,6,0.7888936915070323,0.062144741710144856,0.13830072366657586
2014-12-17,nighttime,6,-0.9941715773412554,5.085676878633696e-5,-0.1805255023183907
2014-12-18,daytime,6,0.6763101704433172,0.14020534057528602,0.09085252022401719
2014-12-18,nighttime,6,NA,NA,4.208574701624683e-15
2014-12-19,daytime,6,0.8911671135639686,0.0171223549056557,0.2645294522568568
2014-12-19,nighttime,6,0.5877336211239559,0.21991021854213283,0.041122715404702005
2014-12-20,daytime,6,0.6536533294306446,0.15916084090639238,0.07672209026127623
2014-12-20,nighttime,6,0.8541554206736741,0.03035485811073334,0.07628331856295753
2014-12-21,daytime,6,-0.38043253759720824,0.456880987928805,-0.7750000000001086
2014-12-21,nighttime,6,0.9927787232739743,7.80319729585786e-5,1.0770465489566585
2014-12-22,daytime,6,0.4301055982989246,0.39462439743280403,0.1628440366972463
2014-12-22,nighttime,6,-0.790174426551259,0.061421185644902856,-0.9740259740260578
2014-12-23,daytime,6,-0.9372115615018783,0.005789813820028173,-0.29424697691461604
2014-12-23,nighttime,6,0.8997354108424385,0.014575502410663538,0.5714285714285547
2014-12-24,daytime,6,0.3622844186547342,0.48034828699211524,0.024999999999995512
2014-12-24,nighttime,6,-0.8860748401769983,0.0187290990378848,-0.13669650122050533
2014-12-25,daytime,6,0.5881811041328652,0.21947103223310152,0.21289662231320644
2014-12-25,nighttime,6,0.9199822535999149,0.00934808920518672,0.2448979591836764
2014-12-26,daytime,6,0.8689217460898524,0.024646201895629972,0.23000761614622242
2014-12-26,nighttime,6,0.9136250564655352,0.010868740520783972,0.2782369146005511
2014-12-27,daytime,6,0.5669569969674004,0.24068590011873456,0.19880239520957838
2014-12-27,nighttime,6,0.4000151237310304,0.4319809442361398,0.3026315789473739
2014-12-28,daytime,6,0.7197456935107235,0.10680778084516376,0.25350593311757713
2014-12-28,nighttime,6,0.668744525830161,0.14642092082951655,0.4316185696361323
2014-12-29,daytime,6,0.7312529010945356,0.09863237471995352,0.4601769911504352
2014-12-29,nighttime,6,0.2714803461879168,0.6027837457228659,0.3237410071942637
2014-12-30,daytime,6,0.7217212016174094,0.10538380603895184,0.28092959671906775
2014-12-30,nighttime,6,0.6423640548375746,0.16898376484696973,1.4000000000000532
2014-12-31,daytime,6,-0.5064177786821368,0.3053110220623654,-0.15957446808509984
2014-12-31,nighttime,6,0.626915668821537,0.18282271540820627,1.0400000000000054
2015-01-01,daytime,6,0.4396433337342893,0.3830235074514624,1.3861386138613054
2015-01-01,nighttime,6,0.5714285714285717,0.23615160349854167,0.04081632653062677
2015-01-02,daytime,6,0.24359779892364608,0.6418308346233252,0.20312499999999375
2015-01-02,nighttime,6,-0.8286525091441458,0.04152456597039372,-1.283911671924335
2015-01-03,daytime,6,0.7087493078623404,0.11488749227423917,0.2790697674418593
2015-01-03,nighttime,6,-0.27091303711431547,0.6035721229404406,-0.10815939278936507
2015-01-04,daytime,6,0.8516884021332908,0.03136333966333188,0.20149253731342595
2015-01-04,nighttime,6,0.9242567403308628,0.008388290970269588,0.5078534031413926
2015-01-05,daytime,6,0.8010849355185482,0.05541554796060995,0.479271991911022
2015-01-05,nighttime,6,0.18353258709645173,0.7277921945064207,0.16000000000001563
2015-01-06,daytime,6,0.670588287710309,0.14489553987891332,0.3933002481389527
2015-01-06,nighttime,6,0.59629217371658,0.21157186092270322,0.331683168316842
2015-01-07,daytime,6,0.8355434200396462,0.03834500644641931,0.5281413612565411
2015-01-07,nighttime,6,-0.3124404705204585,0.5465893648042391,-0.5857142857142764
2015-01-08,daytime,6,0.643762569056654,0.16775348612550264,0.7851959361393279
2015-01-08,nighttime,6,0.8790032460615975,0.02107461248191482,0.38023952095809405
2015-01-09,daytime,6,0.13288603929005974,0.8018442383785883,0.17531556802241907
2015-01-09,nighttime,6,-0.9173649445877252,0.009960689672207593,-1.3500000000000247
2015-01-10,daytime,6,0.8973154618370014,0.015274812809014025,0.2100456621004518
2015-01-10,nighttime,6,0.9868843738174149,2.5690140252818e-4,0.8671875000000028
2015-01-11,daytime,6,-0.47630453574371345,0.3395718513523546,-0.09672581854536602
2015-01-11,nighttime,6,0.8774096160416587,0.02162143455819734,0.18604651162791075
2015-01-12,daytime,6,0.8763081360164315,0.022003293027014145,0.8052147239263803
2015-01-12,nighttime,6,-0.7092181826645545,0.11453770555487111,-0.6590909090909551
2015-01-13,daytime,6,0.9018470490124709,0.013978199828706342,1.1362158647595102
2015-01-13,nighttime,6,0.24400778599396722,0.6412524083516422,0.3549488054608014
2015-01-14,daytime,6,-0.2560907082111184,0.6242614658232255,-1.0625000000000324
2015-01-14,nighttime,6,-0.024313226954192944,0.963537345744165,-0.051724137931019085
2015-01-15,daytime,6,0.9042219022166047,0.013320858513568588,0.8326226012793124
2015-01-15,nighttime,6,NA,NA,NA
2015-01-16,daytime,6,0.9080588341456918,0.01229116944870863,1.1498316498316485
2015-01-16,nighttime,6,-0.9413163793136528,0.005064604637224485,-1.2233146067415979
2015-01-17,daytime,6,0.3059362454229656,0.5554129871457318,0.7392344497607443
2015-01-17,nighttime,6,-0.9256656033446968,0.008083032624194296,-1.6340621403912838
2015-01-18,daytime,6,0.9184978552893891,0.009693206332025623,0.5345841500980163
2015-01-18,nighttime,6,-0.8308972098944603,0.04047581957093607,-3.1560693641619637
2015-01-19,daytime,6,0.8088259331308911,0.05132781638135448,0.5695876288659752
2015-01-19,nighttime,6,0.9116213839795424,0.011371016701494272,0.7463002114165016
2015-01-20,daytime,6,0.9924966182860467,8.423988275714367e-5,0.5922733409492144
2015-01-20,nighttime,6,-0.9148093203736707,0.010577044213140254,-0.549778761061956
2015-01-21,daytime,6,-0.3199466165703016,0.5364558768175696,-0.3618513323983138
2015-01-21,nighttime,6,-0.9319330342053119,0.006791986816430144,-0.9801633605601047
2015-01-22,daytime,6,-0.6973366583477112,0.12354489497613663,-0.3312331233123296
2015-01-22,nighttime,6,-0.04000000000000481,0.9400319999999929,-0.01599999999999846
2015-01-23,daytime,6,0.8050480924257348,0.0533046742955379,0.5655999999999917
2015-01-23,nighttime,6,NA,NA,1.1269976613541227e-14
2015-01-24,daytime,6,0.9072507382935052,0.012504704011460487,0.7932436659368146
2015-01-24,nighttime,6,-0.9847039132860819,3.491659883798404e-4,-0.9258675078864415
2015-01-25,daytime,6,0.9677701107520369,0.00154140898868918,0.739690721649484
2015-01-25,nighttime,6,0.1257174532385248,0.8124172946507319,0.07317073170731957
2015-01-26,daytime,6,0.9239946071109875,0.00844569489501376,2.271844660194165
2015-01-26,nighttime,6,-0.8659625549579271,0.025744994183492274,-1.0374999999999959
2015-01-27,daytime,6,0.9862318926037437,2.830362253149174e-4,0.6680406705138768
2015-01-27,nighttime,6,0.8456017815031819,0.03391787992459529,0.7627118644067963
2015-01-28,daytime,6,0.9683518149056176,0.0014865618979812453,0.7253655435473686
2015-01-28,nighttime,6,-0.908873304192809,0.012077750589044154,-1.034883720930229
2015-01-29,daytime,6,0.8264051308205266,0.04258711171430213,0.6921037124337055
2015-01-29,nighttime,6,0.7681219395679185,0.0744174081039762,1.7397769516728985
2015-01-30,daytime,6,0.7135718867273708,0.11131216251273468,0.34872979214780464
2015-01-30,nighttime,6,0.9967941956933957,1.5399298562405236e-5,0.7963831212324078
2015-01-31,daytime,6,0.9535665334473495,0.0031840433959489218,0.7076335877862605
2015-01-31,nighttime,6,0.9202003752033148,0.009297888964485336,0.8264462809917347
2015-02-01,daytime,6,0.8833655318904958,0.019612074451093628,0.77392510402219294
2015-02-01,nighttime,6,0.9461554446968742,0.004270800163461843,0.5878186968838524
2015-02-02,daytime,6,0.6124730875491092,0.19616682634302673,0.1991395205900414
2015-02-02,nighttime,6,0.9710184355082997,0.0012477253621924714,1.0045871559633068
2015-02-03,daytime,6,0.9499512566166436,0.003694632105440297,0.5829348389698672
2015-02-03,nighttime,6,0.660330299666621,0.15346847632714705,0.3137829912023777
2015-02-04,daytime,6,0.2225508497829697,0.671685072574191,0.06954545454545251
2015-02-04,nighttime,6,0.9820098694139334,4.825559916612993e-4,0.591593475533251
2015-02-05,daytime,6,0.7629657152519173,0.07761896269113967,0.2706127810833754
2015-02-05,nighttime,6,0.8712350549736515,0.02380312874163846,0.19042846404409924
2015-02-06,daytime,6,0.7437774431981101,0.09006449267167414,0.19248757673195008
2015-02-06,nighttime,6,0.9770454540025997,7.843192694388782e-4,0.7022121384004495
2015-02-07,daytime,6,0.47128836897885473,0.34540701888785086,0.13821661912211064
2015-02-07,nighttime,6,0.9847926369615746,3.451373789028173e-4,0.6020358700920969
2015-02-08,daytime,6,0.8177320026711822,0.046804814942921984,0.3961245830366182
2015-02-08,nighttime,6,0.988675849074789,1.916285071245539e-4,0.3578274760383399
2015-02-09,daytime,6,0.9725221016202085,0.0011221789629361823,0.44489550754955454
2015-02-09,nighttime,6,0.8877138549880526,0.018204405670540106,0.2477724188670009
2015-02-10,daytime,6,0.9796811861563286,6.150869402439675e-4,0.5044593628977352
2015-02-10,nighttime,6,0.9744808518106456,9.685310082721628e-4,0.61040805785123875
2015-02-11,daytime,6,0.28185592262048775,0.5884118224342376,0.1481392452088005
2015-02-11,nighttime,6,0.9959662847412549,2.437347217726495e-5,0.5803997274585505
2015-02-12,daytime,6,0.7790878856546257,0.0678127489715724,0.4024332061068663
2015-02-12,nighttime,6,0.18500753918375115,0.7256548907829923,0.028714588552712358
2015-02-13,daytime,6,NA,NA,-2.444896795184329e-15
2015-02-13,nighttime,6,-0.9982867776784133,4.400181819038439e-6,-0.4142521435376306
2015-02-14,daytime,6,0.4170552616595184,0.41068738001305877,0.10294117647058064
2015-02-14,nighttime,6,-0.996444614354345,1.8938679233065474e-5,-0.25437981779957597
2015-02-15,daytime,6,0.9532023070264253,0.0032337920645121553,0.4548440065681427
2015-02-15,nighttime,6,-0.9825132459570266,4.56006243196137e-4,-0.7816455696202583
2015-02-16,daytime,6,0.9068322981366468,0.012615972899979433,0.7254658385093152
2015-02-16,nighttime,6,-0.9762490855269188,8.394598915141773e-4,-0.5599457351195615
2015-02-17,daytime,6,0.9656204503625594,0.0017526126365456855,1.7211038226645703
2015-02-17,nighttime,6,0.9954904600566467,3.0458072860514736e-5,0.4662442648022712
2015-02-18,daytime,6,0.9697294942029617,0.0013605867962874973,0.34693622081742237
2015-02-18,nighttime,6,0.91557196931348,0.01039123314791617,0.45510976532929404
2015-02-19,daytime,6,0.9810343704332154,5.3613173523882e-4,0.6069743051914026
2015-02-19,nighttime,6,-0.9784605438656886,6.909256602086811e-4,-0.992366412213756
2015-02-20,daytime,6,0.9323090430219456,0.006718016280291285,0.8071786310517568
2015-02-20,nighttime,6,-0.9721738276766728,0.0011506709541506412,-0.8333333333333338
2015-02-21,daytime,6,0.9831438768673127,4.237986748435171e-4,0.859333134861564
2015-02-21,nighttime,6,-0.850186341633582,0.03198497957034231,-0.7523659305993602
2015-02-22,daytime,6,0.861278418717425,0.02753075901086642,0.8095364944059675
2015-02-22,nighttime,6,-0.6521564564957913,0.16044900862161318,-0.8240343347639009
2015-02-23,daytime,6,0.8001318072149114,0.05592884495286303,0.7464516129032266
2015-02-23,nighttime,6,0.8478037185846526,0.032982846998460304,0.10935251798561231
2015-02-24,daytime,6,0.9129088719638266,0.011047009667669017,0.23391550019262417
2015-02-24,nighttime,6,0.9859260221836972,2.9572141275318903e-4,0.43019554342883115
2015-02-25,daytime,6,0.9055257052809088,0.012966478469727368,0.265354135710746
2015-02-25,nighttime,6,0.9208553212869599,0.009147943861165476,0.1073785242951446
2015-02-26,daytime,6,0.9714120738292235,0.0012142222637297163,0.26750343204549626
2015-02-26,nighttime,6,0.9838354628352326,3.8982655838874726e-4,0.3260403260403265
2015-02-27,daytime,6,0.8195674187914708,0.04589680053099498,0.278668751396022
2015-02-27,nighttime,6,0.9793039419087936,6.380578923921906e-4,0.3366885215624756
2015-02-28,daytime,6,0.5822874662392532,0.22528361436659514,0.260091720002015
2015-02-28,nighttime,6,0.9499635729893823,0.0036928293411497954,1.1249999999999885
2015-03-01,daytime,6,0.5626216040470013,0.2451145786406321,0.17604119142279778
2015-03-01,nighttime,6,0.9090828950238626,0.012023123208715333,0.24161458631959226
2015-03-02,daytime,6,0.6576286104735611,0.15576117895874567,0.5395814137159407
2015-03-02,nighttime,6,0.9813387991030553,5.191113361652777e-4,0.5900886117492625
2015-03-03,daytime,6,0.6430829565569359,0.16835087276063107,0.18338629142078788
2015-03-03,nighttime,6,0.9796013102937797,6.199157984812402e-4,1.4956287827841233
2015-03-04,daytime,6,0.47229914737590467,0.3442283341813385,0.14294315388088813
2015-03-04,nighttime,6,0.9859095480780887,2.964124879979242e-4,0.5034687809712595
2015-03-05,daytime,6,0.8954675318461535,0.015819440279206863,0.2137123614863532
2015-03-05,nighttime,6,-0.7799678104376097,0.06729490936124788,-0.04227769110764338
2015-03-06,daytime,6,0.44157965765124246,0.3806828949860062,0.357477547832875
2015-03-06,nighttime,6,0.9280803394971009,0.00757265637338817,0.4741501803475807
2015-03-07,daytime,6,0.004201192804244052,0.9936982478692045,0.0023754345307032475
2015-03-07,nighttime,6,0.9741743229622664,9.918359726671163e-4,0.7999234889058827
2015-03-09,daytime,6,0.8176934771281544,0.04682396286256175,0.659964648696421
2015-03-09,nighttime,6,0.9406097153182682,0.005186067990166811,4.55882352941157
2015-03-10,daytime,6,0.8609958349762968,0.027640306628653938,0.6446338593023397
2015-03-10,nighttime,6,0.9588872448098573,0.002500642364163618,0.7076752221125376
2015-03-11,daytime,6,0.9064070700251138,0.012729534787219006,0.5340743440233234
2015-03-11,nighttime,6,0.9965706018402859,1.7620991422298588e-5,0.8899480069324083
2015-03-12,daytime,6,0.9761832169308906,8.4410382768099e-4,0.316926734121663
2015-03-12,nighttime,6,0.9934737335049815,6.374924767101417e-5,0.6797705057373536
2015-03-13,daytime,6,-0.8124292837284872,0.049474531381382636,-0.4180824521801138
2015-03-13,nighttime,6,0.9718420865463034,0.0011781393795686633,0.220775770456959
2015-03-14,daytime,6,0.6043145332703654,0.20387484189600005,0.5523590333716835
2015-03-14,nighttime,6,-0.6395358357376859,0.17148327065122734,-0.2937931034482581
2015-03-15,daytime,6,0.22242143853779048,0.6718695806403618,0.1743119266054999
2015-03-15,nighttime,6,0.9799292153244453,6.002119749419458e-4,0.49541984732824784
2015-03-16,daytime,6,0.9700796901676917,0.0013294447068978809,1.5973094170403612
2015-03-16,nighttime,6,0.9952509052984311,3.37772954220599e-5,1.3994113937355463
2015-03-17,daytime,6,0.9959462293602344,2.4616276678961025e-5,0.7517062420019903
2015-03-17,nighttime,6,0.9941447167498001,5.132614064355433e-5,2.4960629921259883
2015-03-18,daytime,6,0.5859629362855823,0.22165153348218564,0.36884688604840615
2015-03-18,nighttime,6,0.9145778247564452,0.010633761448614415,1.064678362573097
2015-03-19,daytime,6,0.90038977765816,0.01438911849797399,0.12515603799185818
2015-03-19,nighttime,6,-0.933567483889015,0.006473326174581366,-0.18088737201363467
2015-03-20,daytime,6,0.9834116802553688,4.104762044456655e-4,2.001531393568145
2015-03-20,nighttime,6,0.934541263814921,0.0062870289077892215,0.6644021739130356
2015-03-21,daytime,6,0.7458905742949395,0.08865327422230847,0.3767428062889387
2015-03-21,nighttime,6,0.7460434928520303,0.08855153754078827,1.1877551020407995
2015-03-22,daytime,6,-0.4244960092913684,0.4015024104455485,-0.04330312185297291
2015-03-22,nighttime,6,-0.8635395121083936,0.02666165005051907,-0.1990042245021099
2015-03-23,daytime,6,0.8475235657914091,0.03310112737182583,0.07105574500661045
2015-03-23,nighttime,6,-0.9575016382233769,0.0026707877564354885,-0.1839584996009508
2015-03-24,daytime,6,0.802856788511552,0.054467139349950795,0.4110512129379972
2015-03-24,nighttime,6,0.971028093672652,0.0012468979402075102,1.093023255813952
2015-03-25,daytime,6,0.7754756508303031,0.06995750598659364,0.42443633753962534
2015-03-25,nighttime,6,0.8390150598464161,0.036788171429027655,0.7211538461538463
2015-03-26,daytime,6,0.9199670423817515,0.00935159493418889,1.169845268082058
2015-03-26,nighttime,6,0.8903828540310603,0.01736530267904681,0.9078260869565222
2015-03-27,daytime,6,0.9980073852777487,5.951814295239834e-6,0.5791834677419351
2015-03-27,nighttime,6,0.9780768269611448,7.156698559592944e-4,2.281632653061216
2015-03-28,daytime,6,0.9982277914424761,4.708301748801062e-6,0.4514030895070091
2015-03-28,nighttime,6,0.12964471657627577,0.8066224432925025,0.5078864353313028
2015-03-29,daytime,6,0.9790184332371569,6.557208986217722e-4,0.6397584617829324
2015-03-29,nighttime,6,0.3216071548271232,0.5342213686307452,0.5974683544304098
2015-03-30,daytime,6,0.950044563142641,0.003680985470303004,0.6496437054631837
2015-03-30,nighttime,6,0.9984998396868987,3.374033406391667e-6,0.7460881934566145
2015-03-31,daytime,6,0.9701405629512511,0.0013240678435676588,0.7573294072461905
2015-03-31,nighttime,6,0.9865354117537126,2.707221727801193e-4,1.186440677966093
2015-04-01,daytime,6,0.9547959233649488,0.0030189276184218595,0.5099410423032238
2015-04-01,nighttime,6,0.9059992834623782,0.01283890056731745,0.490063875088717
2015-04-02,daytime,6,0.9476330373670768,0.00404164523434717,0.3860725859392091
2015-04-02,nighttime,6,0.9217620211271088,0.00894231757906816,0.12561283613133378
2015-04-03,daytime,6,0.9540416234892558,0.0031197225507024148,0.44747269919817984
2015-04-03,nighttime,6,0.7733713779483747,0.07122091516429266,0.08162350757018086
2015-04-04,daytime,6,0.8547820873544175,0.03010116797628825,0.2913188647746234
2015-04-04,nighttime,6,0.6137385654817709,0.1949821470654726,0.13371963449966656
2015-04-05,daytime,6,0.9532153220719177,0.003232007839295009,0.7932193420997345
2015-04-05,nighttime,6,0.9425206712290874,0.004860857645958559,0.3932705664454378
2015-04-06,daytime,6,0.9404612257891397,0.005211769974486589,0.42024050575221483
2015-04-06,nighttime,6,0.9630798548348685,0.0020194828067674857,0.4852367688022276
2015-04-07,daytime,6,0.9373805572428299,0.005759020406079296,0.29129431730794725
2015-04-07,nighttime,6,0.9867733073995031,2.612611212270857e-4,0.5534262074817876
2015-04-08,daytime,6,0.7444048540919098,0.08964444578727214,0.4115477454861444
2015-04-08,nighttime,6,0.9963890700145204,1.9534681915374265e-5,0.9841967843891649
2015-04-09,daytime,6,0.8992296135133446,0.0147203611387938,0.8122853872567736
2015-04-09,nighttime,6,0.3601481851313751,0.4831345413518735,0.03329034338223537
2015-04-10,daytime,6,0.9734001872701905,0.0010519147066473454,0.4480173731199235
2015-04-10,nighttime,6,0.9046586162616376,0.013201643570110421,0.6232876712328779
2015-04-11,daytime,6,0.9257120594830245,0.008073060801056277,0.45650803655846106
2015-04-11,nighttime,6,0.9624409227154443,0.0020895344296310756,1.034721421155839
2015-04-12,daytime,6,0.9028481325803036,0.01369924477635192,1.2267185739166129
2015-04-12,nighttime,6,0.9652761212448481,0.0017876875142628452,0.15773412168605783
2015-04-13,daytime,6,0.2891430183718709,0.5783721833667312,0.04212588782757535
2015-04-13,nighttime,6,0.9935653737239377,6.197341199952869e-5,0.5448825503355684
2015-04-14,daytime,6,0.9771619985848315,7.764056055594459e-4,0.35486648592529924
2015-04-14,nighttime,6,0.9023583425563371,0.013835387332212292,0.6220368744512702
2015-04-15,daytime,6,0.987828241293365,2.2132593158569286e-4,0.37232370115286745
2015-04-15,nighttime,6,0.9834562826928569,4.0827791060864683e-4,0.2368744197190683
2015-04-16,daytime,6,0.9909399802554499,1.227540955183944e-4,0.4579698277219605
2015-04-16,nighttime,6,0.9352937603705487,0.006144886975721729,0.22198638659152553
2015-04-17,daytime,6,0.9902303629792951,1.427024758272001e-4,0.566407305728227
2015-04-17,nighttime,6,0.9704475397961245,0.0012971170665624146,0.3339709157605153
2015-04-18,daytime,6,0.9979128871972726,6.529514003691889e-6,0.7290518191841265
2015-04-18,nighttime,6,0.9531604597793808,0.003239532162475663,0.21363190585158673
2015-04-19,daytime,6,0.9994598954096959,4.3749067494464523e-7,0.6745308026720389
2015-04-19,nighttime,6,0.9967187591476636,1.6132148488606557e-5,0.4082253068716308
2015-04-20,daytime,6,0.987012469992352,2.5191856166110105e-4,0.7368077511473745
2015-04-20,nighttime,6,0.9412004176825285,0.0050844397512167,0.34173169126633396
2015-04-21,daytime,6,0.9896839714298623,1.590817500119394e-4,0.31999121265377856
2015-04-21,nighttime,6,0.9783795541707784,6.961123464238281e-4,0.40771460782734575
2015-04-22,daytime,6,0.9971838117789463,1.1885206668355695e-5,0.42200630252100657
2015-04-22,nighttime,6,0.9789695529172199,6.587688867917678e-4,0.19397770753618582
2015-04-23,daytime,6,0.9977273756524555,7.741363288117272e-6,1.0389724711907806
2015-04-23,nighttime,6,0.9937109303366127,5.920422195563726e-5,0.47776135447460377
2015-04-24,daytime,6,0.9828968416205818,4.362755487587224e-4,0.6440780102991139
2015-04-24,nighttime,6,0.9961498555841326,2.2206881511025884e-5,0.8913004803415769
2015-04-25,daytime,6,0.9966987365383776,1.632952151801655e-5,0.47478798732815175
2015-04-25,nighttime,6,0.9892106147216658,1.739882513535096e-4,0.3344406058995482
2015-04-26,daytime,6,0.8452487650779275,0.03406893005600796,0.19882096422514758
2015-04-26,nighttime,6,0.9987223351480623,2.4475983632121434e-6,0.3819146249052792
2015-04-27,daytime,6,0.9926486288716728,8.086534238370485e-5,0.5664056801050432
2015-04-27,nighttime,6,0.9097930027560964,0.011838932722233369,0.16390560551761535
2015-04-28,daytime,6,0.9292448198151422,0.007332332613593585,1.0432466148608306
2015-04-28,nighttime,6,0.989305959834502,1.7093224403412193e-4,0.31402048655569886
2015-04-29,daytime,6,0.9973536871711528,1.0495191355405243e-5,0.5052178627092225
2015-04-29,nighttime,6,0.9970395017795014,1.3133850853447909e-5,0.6661469320370539
2015-04-30,daytime,6,0.9975558308764068,8.95364336949559e-6,0.5037215411558661
2015-04-30,nighttime,6,0.9975723932329764,8.832758646279997e-6,0.5416913069189802
2015-05-01,daytime,6,0.9956186131322419,2.8752772569467972e-5,0.7572779724425014
2015-05-01,nighttime,6,0.9910964561956394,1.1855673268945913e-4,0.41813777357019494
2015-05-02,daytime,6,0.9948204060742021,4.0172810280880825e-5,0.9939912998243374
2015-05-02,nighttime,6,0.9917462098507942,1.0190643279984828e-4,1.259378663540445
2015-05-03,daytime,6,0.9886076655920603,1.9393864621941443e-4,0.9329345794392514
2015-05-03,nighttime,6,0.996103543784429,2.2743977837790406e-5,1.2663889497917078
2015-05-04,daytime,6,0.9919784624976984,9.625952267966234e-5,1.1557137891443792
2015-05-04,nighttime,6,0.9833261690301183,4.147071575937601e-4,1.1249456248954242
2015-05-05,daytime,6,0.9878922487034849,2.190089782956773e-4,0.9809093095982667
2015-05-05,nighttime,6,0.9938350811812637,5.689218341950136e-5,1.2838870786003602
2015-05-06,daytime,6,0.9872959140635639,2.410655188714285e-4,0.9184243147697533
2015-05-06,nighttime,6,0.9994779464612318,4.087387058017182e-7,0.9992407886308067
2015-05-07,daytime,6,0.9957523842552164,2.7025041022682453e-5,0.994281937377995
2015-05-07,nighttime,6,0.9902330091366869,1.4262530908311152e-4,0.8629282069970842
2015-05-08,daytime,6,0.9951502658776632,3.52228489041839e-5,0.4996640752471444
2015-05-08,nighttime,6,0.9971250711119282,1.238594321292222e-5,0.9552888736499231
2015-05-09,daytime,6,0.9857731345808731,3.021657643832671e-4,0.5149078069831295
2015-05-09,nighttime,6,0.9987971280218538,2.1694812753824406e-6,0.6996053588119223
2015-05-10,daytime,6,0.9980877697567558,5.481440600784817e-6,0.5559344563213584
2015-05-10,nighttime,6,0.997707335028376,7.878443526195493e-6,0.41034418948926676
2015-05-11,daytime,6,0.995351793432972,3.235852226746867e-5,0.8141361256544517
2015-05-11,nighttime,6,0.9838319345057104,3.899962953138129e-4,0.4501863354037266
2015-05-12,daytime,6,0.034568644202518775,0.9481676883083741,0.0391866913124042
2015-05-12,nighttime,6,0.9886730475713842,1.917231538239377e-4,0.53050373134328
2015-05-13,daytime,6,0.13707460120075854,0.7956758761276526,0.014571407330309726
2015-05-13,nighttime,6,0.9159816809272768,0.010292070978355964,0.26959503592423145
2015-05-14,daytime,6,0.9908886753874924,1.241461603536934e-4,0.6171693735498833
2015-05-14,nighttime,6,0.7876012539826435,0.06287884450992531,0.8379506641366249
2015-05-15,daytime,6,0.9920741367943501,9.398001271283654e-5,0.40458317653350356
2015-05-15,nighttime,6,-0.9732566223967386,0.001063248826357001,-0.7546131434121027
2015-05-16,daytime,6,0.9711513073431086,0.0012363659820778332,0.585867290409948
2015-05-16,nighttime,6,0.9902209524921202,1.429770712092676e-4,0.3325301204819262
2015-05-17,daytime,6,0.9849369491896169,3.3863438035383565e-4,1.042909090909092
2015-05-17,nighttime,6,0.9218352100284845,0.0089258185341982,0.12245381335859669
2015-05-18,daytime,6,0.9783097425325166,7.005986254112038e-4,0.4965534424051148
2015-05-18,nighttime,6,0.7963089608864384,0.05800948450207514,0.4472452286640209
2015-05-19,daytime,6,0.9974996260935068,9.369988502510044e-6,0.48178429722255667
2015-05-19,nighttime,6,0.2267310321561076,0.6657312284230978,0.7208976157083811
2015-05-20,daytime,6,0.824389952416085,0.04355052385274478,1.028334485141675
2015-05-20,nighttime,6,0.8502142851705111,0.031973362348315784,2.087992667277682
2015-05-21,daytime,6,0.9507696537348892,0.0035757824920232147,0.7732431025507629
2015-05-21,nighttime,6,0.9988565890882198,1.960335328620881e-6,1.1953667953667892
2015-05-22,daytime,6,0.9715133765636511,0.0012056732997290868,0.7913642960812818
2015-05-22,nighttime,6,0.9788543849822056,6.659780579254971e-4,0.45040565297042356
2015-05-23,daytime,6,0.646100375233343,0.16570534719966445,0.39977603583426335
2015-05-23,nighttime,6,0.9762185524807616,8.416109841816856e-4,1.0600995732574539
2015-05-24,daytime,6,0.9927276837517692,7.913757144075651e-5,0.565402476780187
2015-05-24,nighttime,6,0.9893146350957172,1.706555231285643e-4,0.7220338983050816
2015-05-25,daytime,6,0.5497828282192897,0.25841475488040205,0.04822065169804077
2015-05-25,nighttime,6,0.9962429414136005,2.1146717472467106e-5,0.421308346347387
2015-05-26,daytime,6,0.9118659531552772,0.011309119858639614,0.17779479326186748
2015-05-26,nighttime,6,0.7055321771844987,0.11730010434357736,0.09837296620776069
2015-05-27,daytime,6,0.991748093447159,1.0185999013061648e-4,0.6008736636394963
2015-05-27,nighttime,6,-0.8121959542860043,0.049593581267746614,-2.6497102382485047
2015-05-28,daytime,6,0.9548828635898449,0.003007414767966007,0.3505855010279784
2015-05-28,nighttime,6,0.010373338973012678,0.9844405496580751,0.02803738317761085
2015-05-29,daytime,6,-0.34544584775562176,0.5024427443233144,-0.1101207056638826
2015-05-29,nighttime,6,0.40967549545697024,0.41986549773840115,1.3260273972602314
2015-05-30,daytime,6,0.25138511095351496,0.6308654084999422,0.05245141342755975
2015-05-30,nighttime,6,-0.4185990021482747,0.40877602793192347,-0.17080181543116282
2015-05-31,daytime,6,0.9565792439345854,0.00278711116294602,0.16749072929542613
2015-05-31,nighttime,6,0.800603472569106,0.055674561937538766,0.28226925746009723
2015-06-01,daytime,6,0.9830121396922125,4.3042985555483506e-4,0.18389676280813913
2015-06-01,nighttime,6,0.9294436136630698,0.007291683449289336,0.5783327927343447
2015-06-02,daytime,6,0.9917311512693379,1.0227810244589129e-4,0.22218502327438017
2015-06-02,nighttime,6,0.9850847912968506,3.3203613159006097e-4,0.4281837160751562
2015-06-03,daytime,6,0.9915536405963216,1.0671019495520957e-4,0.34820269188003994
2015-06-03,nighttime,6,0.9721469883229185,0.001152881341647281,0.3856843000239133
2015-06-04,daytime,6,0.9920629095464883,9.424609925045442e-5,0.31136451488210415
2015-06-04,nighttime,6,0.9992637214197573,8.129596510139371e-7,0.4841134267167711
2015-06-05,daytime,6,0.9989907386816201,1.5273985921340779e-6,0.3742707151960159
2015-06-05,nighttime,6,0.9926051044865013,8.182452647671397e-5,0.5133772237007979
2015-06-06,daytime,6,0.9973744906034383,1.0330900175725213e-5,0.4240476169847768
2015-06-06,nighttime,6,0.9684081531035829,0.0014813021463841107,0.3506745608075337
2015-06-07,daytime,6,0.974616737216246,9.582876989265409e-4,0.35120658872314636
2015-06-07,nighttime,6,0.9980337238839505,5.795561597399858e-6,0.4507472411125134
2015-06-08,daytime,6,0.9829998491982223,4.3105112555162737e-4,0.6133875248838748
2015-06-08,nighttime,6,0.9427020698581653,0.004830523132856544,0.499744637385083
2015-06-09,daytime,6,0.9784544165378822,6.913173890934922e-4,0.5165577108562848
2015-06-09,nighttime,6,0.9569185133545403,0.002744041805607936,0.3676072527717013
2015-06-10,daytime,6,0.9903509861478038,1.3920602415205723e-4,0.2894588994339497
2015-06-10,nighttime,6,0.9825492832812378,4.541341593078019e-4,0.7042525773195809
2015-06-11,daytime,6,0.9645377708670781,0.0018640564302750792,0.22953893419477273
2015-06-11,nighttime,6,0.9902846412965848,1.4112378451942414e-4,0.3915609487038038
2015-06-12,daytime,6,0.9912098853137168,1.155595852856463e-4,0.4362843984318492
2015-06-12,nighttime,6,0.9955234347743922,3.0014599959365484e-5,0.4883894598342859
2015-06-13,daytime,6,0.9881183891822918,2.1092033404029455e-4,0.39151979408296816
2015-06-13,nighttime,6,0.9602607584264539,0.002337432730652188,0.44055822067160744
2015-06-17,daytime,6,0.9966279752795643,1.7036655183796377e-5,0.5318167569746094
2015-06-17,nighttime,6,-0.04521183181886429,0.9322284612445146,-0.04545454545453854
2015-06-18,daytime,6,0.993123235469069,7.077223490027065e-5,0.682809877727167
2015-06-18,nighttime,6,0.4813258206829752,0.33376673938518575,1.0900321543408145
2015-06-19,daytime,6,0.9891691496714187,1.753257092537941e-4,0.5135215614087312
2015-06-19,nighttime,6,0.9718318996285996,0.0011789879425632317,0.6560846560846498
2015-06-20,daytime,6,0.9758365136371094,8.687568932115746e-4,0.4921766997612163
2015-06-20,nighttime,6,-0.9362785792387901,0.005961261347179957,-0.42115384615384793
2015-06-21,daytime,6,0.9992077343998295,9.412785252903659e-7,0.5934351493047643
2015-06-21,nighttime,6,0.9921840247131564,9.139546763415555e-5,0.7413127413127334
2015-06-22,daytime,6,0.9922159460976755,9.06514189992888e-5,0.6926086307301795
2015-06-22,nighttime,6,0.9941611693099175,5.103838719722212e-5,0.6782727095895723
2015-06-23,daytime,6,0.7363706345027653,0.09508948476913187,1.617845538615338
2015-06-23,nighttime,6,0.9945275005366974,4.484042967171721e-5,0.8519976382601796
2015-06-24,daytime,6,0.9925312238904425,8.346561092504551e-5,0.6971298629463475
2015-06-24,nighttime,6,0.9974826402372899,9.49767388187102e-6,0.7356188262637982
2015-06-25,daytime,6,0.764739609896176,0.07651064525309235,0.2329001367989043
2015-06-25,nighttime,6,-0.9449667835062345,0.0044596440655905265,-0.8057775046097172
2015-06-26,daytime,6,0.2097903144759259,0.68993117143401,0.08383233532934171
2015-06-26,nighttime,6,-0.7655894249727215,0.07598224315431241,-0.9017341040463062
2015-06-27,daytime,6,0.4974057401997865,0.3154235811832506,0.48429319371728474
2015-06-27,nighttime,6,0.945741886210753,0.004336047973197051,0.3041054232133774
2015-06-28,daytime,6,0.9972724913544043,1.1148809735512105e-5,0.34349387604751896
2015-06-28,nighttime,6,-0.9113016839225887,0.011452174733446629,-1.2675998140592066
2015-06-29,daytime,6,0.9767171440799448,8.068263519454506e-4,0.2218549719859712
2015-06-29,nighttime,6,-0.6850658447984088,0.1331571437955943,-0.0350235232618872
2015-06-30,daytime,6,-0.8843619774733109,0.019285063759042143,-0.3507765023632634
2015-06-30,nighttime,6,0.780647312062261,0.06689625927534389,0.572661870503575
2015-07-01,daytime,6,0.6976997048813867,0.12326527560541142,0.188230750324778
2015-07-01,nighttime,6,0.9032441874078663,0.013589632076007394,0.18004966887417362
2015-07-02,daytime,6,0.5474639011727949,0.26084619147486693,0.03561272850372296
2015-07-02,nighttime,6,-0.8474338639867764,0.033139041610331064,-0.1155634270533507
2015-07-03,daytime,6,0.9523675118604066,0.0033492453106836488,0.6505471231909684
2015-07-03,nighttime,6,0.8956126483670939,0.015776338943005494,0.124137931034485
2015-07-04,daytime,6,0.9692436161310629,0.0014043856432021122,0.9544277576385279
2015-07-04,nighttime,6,0.891378948469284,0.017057014731894332,1.4219653179190819
2015-07-05,daytime,6,0.6949534877724918,0.12538725824350497,0.5355850042494232
2015-07-05,nighttime,6,0.9569901464732024,0.002734990415575396,1.46657183499288
2015-07-06,daytime,6,0.9775378723333512,7.511541673914585e-4,0.3364055299539167
2015-07-06,nighttime,6,0.760106994319653,0.0794202214501545,0.36074832333215623
2015-07-07,daytime,6,-0.008565801464476993,0.987151612052366,-6.6035659256151e-4
2015-07-07,nighttime,6,-0.7839782275750699,0.06495773736743253,-0.04502007264385358
2015-07-08,daytime,6,-0.970027568420585,0.0013340571653515322,-1.9761404561824745
2015-07-08,nighttime,6,-0.646118811279339,0.1656892375321233,-0.04717169698181053
2015-07-09,daytime,6,0.8219219037914652,0.04474412329480153,0.05831589958158934
2015-07-09,nighttime,6,-0.5250311731864497,0.28481769164988047,-0.9905213270142086
2015-07-10,daytime,6,-0.7838854250114977,0.06501139361365738,-0.0365160131697108
2015-07-10,nighttime,6,-0.8988964965240382,0.014816141740663992,-0.3802423112767857
2015-07-11,daytime,6,-0.9191465880802291,0.009541630865968822,-0.31532104259377225
2015-07-11,nighttime,6,-0.7982383170515528,0.056955030290619386,-0.11250983477576165
2015-07-12,daytime,6,0.8386315498494851,0.036958665851475545,0.06885482706042624
2015-07-12,nighttime,6,-0.9180607087716176,0.009795999025973648,-0.16388467374810137
2015-07-13,daytime,6,0.976166646338729,8.452741051093828e-4,0.1781628532974419
2015-07-13,nighttime,6,0.010699203677874516,0.983951806867942,0.0013164390324180686
2015-07-14,daytime,6,0.9930272589756168,7.275917183246632e-5,0.29254868755292235
2015-07-14,nighttime,6,0.8072921046507817,0.052126267114931006,0.09124087591240926
2015-07-15,daytime,6,0.9924910581734667,8.43646181649128e-5,0.42664670658682724
2015-07-15,nighttime,6,0.9816960980898652,4.994830337197724e-4,0.26481337911174935
2015-07-16,daytime,6,0.6743795967099652,0.14178042515361752,1.1913996627318748
2015-07-16,nighttime,6,0.9107238690768843,0.01159956578966541,0.6371923427529638
2015-07-17,daytime,6,0.9977997290621746,7.256462332507748e-6,1.184210526315805
2015-07-17,nighttime,6,0.4839347053796075,0.33076495354077695,0.046178861788617485
2015-07-18,daytime,6,0.9915627564801692,1.0648030596221529e-4,1.7091531223268028
2015-07-18,nighttime,6,0.996024633764509,2.3673892636311094e-5,1.4367176634214136
2015-07-19,daytime,6,0.9855556899797847,3.114503212989877e-4,1.8658415841584401
2015-07-19,nighttime,6,0.9685930511219843,0.0014641048054913,1.2708031313424017
2015-07-20,daytime,6,0.10515248735095838,0.8428526068971535,0.047120418848164244
2015-07-20,nighttime,6,0.9857218063382075,3.0434479643798556e-4,0.8471478678235167
2015-07-21,daytime,6,0.9245091037594071,0.008333206516483182,0.2893974507531897
2015-07-21,nighttime,6,0.9441054762403837,0.004598983905773028,1.1069900142653273
2015-07-22,daytime,6,0.989477342730335,1.6550690648517062e-4,0.5991182612731081
2015-07-22,nighttime,6,0.3441090723636175,0.5042095503747928,0.15744636095919257
2015-07-23,daytime,6,0.7419687258078934,0.09128032871028764,0.43541625074865115
2015-07-23,nighttime,6,0.9860717519068148,2.896431295482205e-4,0.7927122722585033
2015-07-24,daytime,6,0.9865954946367604,2.6831688016710174e-4,0.7454513949055664
2015-07-24,nighttime,6,0.9638586813802354,0.00193568856412363,0.5442622950819601
2015-07-25,daytime,6,0.37932912655618994,0.4582972553673866,0.30939597315435047
2015-07-25,nighttime,6,0.9467350463129164,0.00418017246433401,2.4628501827039995
2015-07-26,daytime,6,0.9949151261260891,3.871817636759387e-5,0.31102844823942155
2015-07-26,nighttime,6,0.9482548467561324,0.003947065927209853,0.7691842778572389
2015-07-27,daytime,6,0.9184533149507434,0.009703655669137334,0.8774337695499684
2015-07-27,nighttime,6,0.2821969596668251,0.5879409554438852,0.11350293542073667
2015-07-28,daytime,6,0.9592534414341277,0.0024565976628563666,1.005953151287702
2015-07-28,nighttime,6,0.9341250302621644,0.006366334858027306,0.7462227912932162
2015-07-29,daytime,6,0.6911684576025751,0.1283376814690898,1.259926056904041
2015-07-29,nighttime,6,0.9251426147878459,0.008195705706789022,1.4584346135148263
2015-07-30,daytime,6,-0.8278791226803773,0.041888802791374,-0.3815789473684263
2015-07-30,nighttime,6,0.9989271010902661,1.726050592319642e-6,1.2803767784652975
2015-07-31,daytime,6,0.9373523280647504,0.005764158574597949,0.5865926157697117
2015-07-31,nighttime,6,-0.9394862391064124,0.005382074754077388,-0.5358851674640638
2015-08-01,daytime,6,0.9831820937399316,4.218845515815569e-4,1.0199401794616276
2015-08-01,nighttime,6,0.7357774521964218,0.09549717449573303,0.6040268456375896
2015-08-02,daytime,6,0.9778247556743883,7.32159947830608e-4,0.5925907896017915
2015-08-02,nighttime,6,0.9931171078988509,7.089826974795124e-5,1.59669811320754
2015-08-03,daytime,6,0.9764982835874435,8.220056520672378e-4,0.5546928026497993
2015-08-03,nighttime,6,0.9422904001770892,0.0048994989022125264,1.574765612585409
2015-08-04,daytime,6,0.9946889769064305,4.2235545525931345e-5,0.38148893360160957
2015-08-04,nighttime,6,0.8852111032292812,0.019008478810383925,1.0064794816414526
2015-08-05,daytime,6,0.9795584558636076,6.225142716595611e-4,0.5856031128404675
2015-08-05,nighttime,6,-0.33204858252169694,0.5202323438327293,-0.2647554806070666
2015-08-06,daytime,6,0.9891392330916634,1.7629383904495483e-4,0.2977332070152745
2015-08-06,nighttime,6,0.9889461693320983,1.826054404950243e-4,0.7544260422615607
2015-08-07,daytime,6,0.9748013577536566,9.444571458609428e-4,0.07327272996900415
2015-08-07,nighttime,6,0.9732546343589317,0.0010634061998726256,0.3076145552560652
2015-08-08,daytime,6,0.9780634830002516,7.16538122913466e-4,0.07868563087681095
2015-08-08,nighttime,6,0.9317403489282893,0.00683004612135624,0.08122568093385087
2015-08-09,daytime,6,0.7023871478044502,0.11967982212951844,0.16582635446932056
2015-08-09,nighttime,6,0.8079057513966986,0.0518061423902675,0.06216301934665446
2015-08-10,daytime,6,0.8629184189293282,0.0268990651426088,0.5951115834218957
2015-08-10,nighttime,6,0.9983817853449102,3.92580926136742e-6,0.4084761045987356
2015-08-11,daytime,6,0.9210379950642287,0.009106333354966824,0.559942911512849
2015-08-11,nighttime,6,0.994173507677499,5.08231202583193e-5,0.8698738170346898
2015-08-12,daytime,6,0.9619631366049368,0.0021426885418054297,0.32050586018586563
2015-08-12,nighttime,6,-0.018015093964442556,0.9729802823951559,-0.019607843137232326
2015-08-13,daytime,6,0.07704361302689523,0.8846632350518454,0.012717536813919985
2015-08-13,nighttime,6,0.8724770907132664,0.023356243922909244,0.7519142419601673
2015-08-14,daytime,6,0.09390536751789587,0.8595559877265129,0.028159015617606677
2015-08-14,nighttime,6,0.7520479878902474,0.08459823077811464,0.031247302546397248
2015-08-15,daytime,6,0.5339345795475536,0.2752068035548712,0.06903431077478626
2015-08-15,nighttime,6,0.11759620640756786,0.8244188015824775,0.044943820224723645
2015-08-16,daytime,6,0.8112251865858484,0.05009031223407969,0.3349072870520218
2015-08-16,nighttime,6,-0.894678309330563,0.016054839013242294,-0.16756393001345607
2015-08-17,daytime,6,0.5811722049073937,0.22639038347650262,0.1602934184609107
2015-08-17,nighttime,6,0.8381271709330298,0.037183457467290376,0.05203386330786892
2015-08-18,daytime,6,-0.3177588288219956,0.5394039182126934,-0.07466680389029345
2015-08-18,nighttime,6,-0.9474172603281549,0.004074722588370605,-0.3141384718798981
2015-08-19,daytime,6,-0.3392782527816366,0.5106097353406093,-0.023927304011184137
2015-08-19,nighttime,6,0.9828688864509355,4.376987999314704e-4,0.5407262021589802
2015-08-20,daytime,6,0.9790842791761124,6.516260936046689e-4,0.2877583465818793
2015-08-20,nighttime,6,-0.7786252204254704,0.06808575554498683,-0.8958440225756957
2015-08-21,daytime,6,0.9560926725821525,0.0028494566562219173,1.2134774701960023
2015-08-21,nighttime,6,-0.6129669988974072,0.19570409996829308,-0.03157382703674716
2015-08-22,daytime,6,0.950908315425866,0.003555834921264817,0.10038860103626887
2015-08-22,nighttime,6,0.8737478893534787,0.02290318938030582,1.1964285714285703
2015-08-23,daytime,6,0.2619882468952075,0.6160087835412871,0.2707893779556112
2015-08-23,nighttime,6,0.5297110999561524,0.279750188373512,0.06680805938494797
2015-08-24,daytime,6,0.9064331987190785,0.012722542649165766,0.7608179134566994
2015-08-24,nighttime,6,0.9550701710758888,0.0029826846031719844,0.6759425493716323
2015-08-25,daytime,6,0.9851116476112065,3.3084445657722146e-4,0.3247715662997361
2015-08-25,nighttime,6,0.5774090891899627,0.23014082407653164,1.3658536585365602
2015-08-26,daytime,6,0.9536484657817479,0.0031729047684841546,0.6428828396690278
2015-08-26,nighttime,6,0.9279318653399008,0.007603569733432359,1.266159695817417
2015-08-27,daytime,6,0.9909507704451788,1.224623191352974e-4,0.5593659436199189
2015-08-27,nighttime,6,0.7004224722671236,0.12117699616030969,2.344758064516248
2015-08-28,daytime,6,0.973207580917697,0.001067134329490032,0.600566452485627
2015-08-28,nighttime,6,0.9843365501044709,3.660940298612352e-4,1.5441176470588274
2015-08-29,daytime,6,0.9830565600327614,4.281881741743448e-4,0.6309086388374737
2015-08-29,nighttime,6,0.9760756129404832,8.517175682336896e-4,0.5850666666666593
2015-08-30,daytime,6,0.9856375788654735,3.079373773221932e-4,0.43118452860596657
2015-08-30,nighttime,6,0.9840616980157865,3.790198060059876e-4,0.4830144474814498
2015-08-31,daytime,6,0.9992202991728182,9.116630667824787e-7,0.24389551391255015
2015-08-31,nighttime,6,0.9975776509433745,8.794555528641932e-6,0.30481457384515526
2015-09-01,daytime,6,0.9846464175618547,3.5178907138981667e-4,0.17032878478564414
2015-09-01,nighttime,6,0.9615455078723725,0.002189689696205198,0.09850374064837689
2015-09-02,daytime,6,0.995902726896373,2.5147078541528087e-5,0.18766808989105438
2015-09-02,nighttime,6,0.9789216472971853,6.617629050598599e-4,0.1277467039552549
2015-09-03,daytime,6,0.9124292313461488,0.01116718495517664,0.14365659182882853
2015-09-03,nighttime,6,-0.10902717915755507,0.8371072302578123,-0.012809187279149523
2015-09-04,daytime,6,0.7545907343520358,0.08294858815310407,0.08672376873661548
2015-09-04,nighttime,6,0.6609519757227597,0.15294295497967825,0.08520526723470107
2015-09-05,daytime,6,0.9577512360794572,0.002639730943529934,0.21890359787666358
2015-09-05,nighttime,6,0.9038254392592824,0.013429533682276614,0.10549506204102477
2015-09-06,daytime,6,0.9443615256765603,0.004557341399100037,0.37508861477385425
2015-09-06,nighttime,6,0.958156837894718,0.002589644767769862,0.17163908684623713
2015-09-07,daytime,6,0.9444504709801684,0.004542919277059354,0.13657212511152514
2015-09-07,nighttime,6,-0.8959569199620809,0.015674312535571288,-0.4254933548127193
2015-09-08,daytime,6,0.9194491961754173,0.009471323788728463,0.32315614014820343
2015-09-08,nighttime,6,0.9914055055831277,1.1048058382093211e-4,0.24090171325518445
2015-09-25,daytime,6,0.8591069861375404,0.028377839599747674,0.36553618342488675
2015-09-25,nighttime,6,-0.9854992889643159,3.1388139405673804e-4,-0.18983488837261395
2015-09-26,daytime,6,0.8765894349046522,0.02190546957213293,0.27388973589730914
2015-09-26,nighttime,6,0.5147749090245606,0.29604356346595984,0.24015009380863914
2015-09-27,daytime,6,0.9586039829344344,0.0025349766102392467,0.35619946091644256
2015-09-27,nighttime,6,0.9416979573610622,0.004999604205886311,0.16253574833174655
2015-09-28,daytime,6,0.9611047969762213,0.00223983417979739,0.38792258696717336
2015-09-28,nighttime,6,0.9658995282059994,0.0017244365314385813,0.7815191855912225
2015-09-29,daytime,6,0.7270941224395405,0.10155373716015414,0.5074626865671676
2015-09-29,nighttime,6,0.8272236746399546,0.04219865796755005,0.7218683651804507
2015-09-30,daytime,6,0.9405080447371456,0.005203659388791427,0.4773790951638101
2015-09-30,nighttime,6,0.6390096504226935,0.17194999466059274,2.7999999999997387
2015-10-01,daytime,6,0.9619522890875862,0.0021439029868704487,0.3530074658402617
2015-10-01,nighttime,6,0.7026735776295889,0.11946222808696258,0.6110304789550014
2015-10-02,daytime,6,0.9388049504127581,0.005502668486938786,0.4698692438885764
2015-10-02,nighttime,6,0.16140495773030547,0.7599949889055067,0.23880597014930016
2015-10-03,daytime,6,-0.44415808407482243,0.37757382862672584,-0.21105990783409978
2015-10-03,nighttime,6,-0.4588814114293728,0.35999170549968135,-0.21085955487337157
2015-10-04,daytime,6,-0.838627869377538,0.03696030384667577,-0.3076923076923322
2015-10-04,nighttime,6,-0.7365038201418521,0.09499805411805426,-0.06758530183726778
2015-10-05,daytime,6,NA,NA,-1.145254440094557e-15
2015-10-05,nighttime,6,-0.43550391357216445,0.3880437624628711,-0.32075471698112157
2015-10-06,daytime,6,NA,NA,-7.977353801763088e-16
2015-10-06,nighttime,6,-0.7882634225314338,0.06250224019319722,-0.11650485436892628
2015-10-22,daytime,6,0.9508732443698416,0.003560874985773904,0.11410788381742484
2015-10-22,nighttime,6,NA,NA,1.594296947654644e-15
2015-10-23,daytime,6,0.94896767152339,0.0038399961150960634,0.0654527559055101
2015-10-23,nighttime,6,0.7403389348920345,0.09238212631504897,0.08210862619808176
2015-10-24,daytime,6,0.9729924386727202,0.001084262782643035,0.20982142857142602
2015-10-24,nighttime,6,NA,NA,1.3918261107270814e-15
2015-10-25,daytime,6,0.9509536436453009,0.0035493259971019434,0.09169605642834135
2015-10-25,nighttime,6,-0.9180643305970706,0.009795145210268013,-0.0992980814225512
2015-10-26,daytime,6,0.8052403062089954,0.053203259569663645,0.05686528497409346
2015-10-26,nighttime,6,NA,NA,2.7465268535123115e-15
2015-10-27,daytime,6,NA,NA,0
2015-10-27,nighttime,6,NA,NA,2.556887159251754e-15
2015-10-28,daytime,6,NA,NA,-1.9154675156538407e-15
2015-10-28,nighttime,6,-0.6804033215063989,0.13689092749164591,-0.0302580836547007
2015-10-29,daytime,6,NA,NA,-2.0282965784405396e-15
2015-10-29,nighttime,6,0.5166427929464102,0.2939868997347547,0.06008583690987001
2015-10-30,daytime,6,-0.5551234802500516,0.2528487823253342,-0.03625436215587686
2015-10-30,nighttime,6,NA,NA,7.388775607302484e-15
2015-10-31,daytime,6,0.8862683215640674,0.01866678837861562,0.06697819314641518
2015-10-31,nighttime,6,-0.3046088282525153,0.557218556968101,-0.03590590177465588
2015-11-02,daytime,6,-0.49701849875990944,0.3158608426555318,-0.019149409930975116
2015-11-02,nighttime,6,0.0764160719900874,0.885599004633818,0.0018248175182496798
2015-11-03,daytime,6,0.23397548065437415,0.6554412173575184,0.004562043795616823
2015-11-03,nighttime,6,-0.681499243695985,0.1360093042547996,-0.043541364296080104
2015-11-04,daytime,6,-0.5000975831905993,0.3123902260528998,-0.020169160702669497
2015-11-04,nighttime,6,-0.6687995523227477,0.14637529748743217,-0.030847782150834294
2015-11-05,daytime,6,-0.4845437118523486,0.33006565056936127,-0.020066889632108925
2015-11-05,nighttime,6,NA,NA,2.308311860813609e-15
2015-11-06,daytime,6,-0.5015029361035916,0.3108108926935867,-0.01056744516472752
2015-11-06,nighttime,6,-0.8203010382856422,0.045536181267656864,-0.06946000448128822
2015-11-07,daytime,6,NA,NA,0
2015-11-07,nighttime,6,-0.653764275405901,0.15906553862419345,-0.0666089965397933
2015-11-08,daytime,6,-0.16126034363606345,0.7602062639743956,-0.010949430917738246
2015-11-08,nighttime,6,-0.9752587743991973,9.106199648511663e-4,-0.15563940169788051
2015-11-09,daytime,6,-0.8242902188324224,0.04359846530106856,-0.10348403152219884
2015-11-09,nighttime,6,NA,NA,-0
2015-11-10,daytime,6,-0.7426106572325066,0.0908479821381449,-0.0735294117647059
2015-11-10,nighttime,6,NA,NA,-0
2015-11-11,daytime,6,0.07049073768502469,0.8944390257400034,0.006211180124205098
2015-11-11,nighttime,6,0.7195442063305676,0.1069534896671515,0.10504947982746007
2015-11-12,daytime,6,-0.08272162233079486,0.8762005930253954,-0.012125079770267251
2015-11-12,nighttime,6,-0.7013512626194062,0.12046820253599655,-0.059027231229339894
2015-11-13,daytime,6,-0.510324180527212,0.30096578865506435,-0.04246153846154417
2015-11-13,nighttime,6,-0.6797294208444251,0.13743426969849148,-0.04812834224598803
2015-11-14,daytime,6,0.1422030754509444,0.7881331818319031,0.017770597738282948
2015-11-14,nighttime,6,0.7454545454545493,0.08894365138992982,0.06776859504132142
2015-11-15,daytime,6,0.6420387375057823,0.1692704884944277,0.27480916030535335
2015-11-15,nighttime,6,-0.9999999999999999,1.848892746611764e-32,-4.000000000001392
2015-11-16,daytime,6,0.18497490068496392,0.7257021731112788,0.03358208955223439
2015-11-16,nighttime,6,0.5551901185447439,0.2527796316742003,0.9740259740260286
2015-11-17,daytime,6,0.728252704039079,0.1007360833300109,0.42986425339364337
2015-11-17,nighttime,6,0.26031256272556064,0.6183508878885272,0.010425020048115735
2015-11-18,daytime,6,0.55944825399303455,0.2483763333206603,0.07498535442295992
2015-11-18,nighttime,6,-0.9001506059089376,0.014457107938549566,-0.08953761755485772
2015-11-19,daytime,6,-0.511330622797227,0.2998500639425962,-0.03873466752743953
2015-11-19,nighttime,6,-0.9407950261915261,0.005154079892184061,-0.08388157894736409
2015-11-20,daytime,6,-0.47946538429276947,0.3359133660820739,-0.036490008688099845
2015-11-20,nighttime,6,NA,NA,2.6905194585161774e-15
2015-11-21,daytime,6,0.12915040183032023,0.8073515003886158,0.014541387024600897
2015-11-21,nighttime,6,NA,NA,5.17812160677542e-15
2015-11-22,daytime,6,NA,NA,-3.4776666798305805e-15
2015-11-22,nighttime,6,-0.653792425578358,0.15904136154448537,-0.0139687756778962
2015-11-23,daytime,6,-0.9417899584258984,0.004983993697452512,-0.10751131221719425
2015-11-23,nighttime,6,NA,NA,-0
2015-11-24,daytime,6,-0.643589558824927,0.1679054793655116,-0.0772251308900557
2015-11-24,nighttime,6,0.8769603459374631,0.02177680102812775,0.22383073496659664
2015-11-25,daytime,6,-0.6762236133920264,0.14027579755069328,-0.06179437504175594
2015-11-25,nighttime,6,0.7881212021981202,0.06258303973382215,0.09452054794520966
2015-11-26,daytime,6,-0.5121660371273933,0.29892511793875953,-0.02851239669421837
2015-11-26,nighttime,6,0.9157175872999294,0.01035593651916423,0.2848297213622385
2015-11-27,daytime,6,-0.5136962129317941,0.29723373474883874,-0.11563447379818874
2015-11-27,nighttime,6,0.3764185995658618,0.4620396574134533,0.07871720116618093
2015-12-08,daytime,6,0.5798499685225263,0.22770536091420504,0.5408163265306156
2015-12-08,nighttime,6,0.8097011056905492,0.05087479316161589,0.13206650831354308
2015-12-09,daytime,6,0.5673745461316461,0.24026105033300382,0.5272727272727231
2015-12-09,nighttime,6,0.9431218228123147,0.004760686495782179,0.22528283325135615
2015-12-10,daytime,6,0.7353480905028604,0.095792756141275,0.6558441558441651
2015-12-10,nighttime,6,0.8447417524946703,0.03428642551871704,0.25320886814469923
2015-12-11,daytime,6,0.6121353424034183,0.19648350473935655,0.7096774193548195
2015-12-11,nighttime,6,0.8761415529968475,0.022061321393857896,0.29242819843343115
2015-12-12,daytime,6,-0.6850512461922416,0.13316876490192867,-0.37062937062936874
2015-12-12,nighttime,6,0.9326733179802512,0.0066467312113958526,0.5722891566265266
2015-12-13,daytime,6,-0.2953417257928128,0.5698682585350219,-0.36199095022628913
2015-12-13,nighttime,6,0.8660434277686205,0.02571466217045197,0.2516233766233847
2015-12-14,daytime,6,0.6970525048636065,0.12376394308978164,0.4043355325165056
2015-12-14,nighttime,6,-0.7802347299154491,0.06713818411894765,-0.06493506493506196
2015-12-15,daytime,6,-0.5745041570563283,0.23305275679911988,-0.3565300285986693
2015-12-15,nighttime,6,0.8775619308793726,0.021568881663226958,0.22222222222222868
2015-12-16,daytime,6,-0.30569749252782097,0.5557376228133736,-0.39062500000001443
2015-12-16,nighttime,6,NA,NA,6.615810777688567e-15
2015-12-17,daytime,6,0.9927257403756568,7.917982143387307e-5,0.37880000000000136
2015-12-17,nighttime,6,0.6250000000000006,0.18457031249999936,0.05859374999999957
2015-12-18,daytime,6,0.9708362127020143,0.0012633874475267836,1.8205574912892066
2015-12-18,nighttime,6,0.9648206216119055,0.0018346141957132534,0.4412607449856737
2015-12-19,daytime,6,0.2252239227169549,0.6678764494842171,0.5937904269081076
2015-12-19,nighttime,6,0.9586856433534184,0.002525054854428442,1.0539887187751804
2015-12-20,daytime,6,0.976413958435637,8.278915615533508e-4,2.7556561085973175
2015-12-20,nighttime,6,-0.9497042903762215,0.003730872127507333,-4.2500000000001
2015-12-21,daytime,6,0.8743291294068127,0.022697381005349477,1.7961165048543675
2015-12-21,nighttime,6,0.9747325862247668,9.495974067278213e-4,4.074349442379105
2015-12-22,daytime,6,0.7988141533139105,0.05664204385553585,2.6763005780347378
2015-12-22,nighttime,6,0.998615781604789,2.872764725319965e-6,2.077495350278978
2015-12-23,daytime,6,0.8983461609352641,0.014975034369603216,2.099747764274276
2015-12-23,nighttime,6,0.9925266919533475,8.356680636813414e-5,1.5203989120580343
2015-12-24,daytime,6,0.7445916256529009,0.08951957339363456,2.499189627228555
2015-12-24,nighttime,6,0.9977666681955253,7.476086749570481e-6,1.7554301833568318
2015-12-25,daytime,6,-0.09234440971487365,0.8618771184431473,-0.4011627906977944
2015-12-25,nighttime,6,0.9995748963675481,2.7103123658834056e-7,2.0970394736842044
2015-12-26,daytime,6,0.41843312372214014,0.4089812637440484,1.1886510701841557
2015-12-26,nighttime,6,0.9939349894145585,5.50649813558972e-5,4.212244897959105
2015-12-27,daytime,6,-0.8791986264814906,0.021008032244704062,-2.801623083859307
2015-12-27,nighttime,6,0.996083782723546,2.2975105596749385e-5,0.5046497823506128
2015-12-28,daytime,6,0.7152555148056845,0.11007567365580087,0.9352337514253148
2015-12-28,nighttime,6,0.9941149527653432,5.184876071279695e-5,0.7795758928571432
2015-12-29,daytime,6,0.157699396055424,0.765411826903941,0.07618129218900668
2015-12-29,nighttime,6,0.939032812608093,0.0054621894527945355,3.8723702664795847
2015-12-30,daytime,6,0.672162029664833,0.14359896097476443,0.578568572570955
2015-12-30,nighttime,6,0.9495688490533583,0.0037508206807455647,0.4424657534246561
2015-12-31,daytime,6,0.841861874493521,0.03553416733737974,1.9710144927536044
2015-12-31,nighttime,6,0.3666383211884748,0.47468495046922926,0.5063291139240527
2016-01-01,daytime,6,-0.9172128228000238,0.009996875133287933,-2.4070796460176878
2016-01-01,nighttime,6,0.9516323791310465,0.003452563869772622,2.1744186046511644
2016-01-02,daytime,6,0.9945464054403539,4.4531440862239236e-5,4.0000000000000755
2016-01-02,nighttime,6,0.9557732236214903,0.0028907576646008794,2.5957446808510265
2016-01-03,daytime,6,0.9229551491512489,0.008675197950051332,2.1119842829076467
2016-01-03,nighttime,6,-0.5917160444316604,0.21601407463472666,-4.933333333333461
2016-01-04,daytime,6,0.7180648950872917,0.10802596036731857,34.60000000000623
2016-01-04,nighttime,6,0.3946979285259304,0.4386974027086618,6.714285714286255
2016-01-05,daytime,6,0.819720708147472,0.045821339950284166,1.6535057862491493
2016-01-05,nighttime,6,-0.6302530831792422,0.17979460883828885,-10.600000000000787
2016-01-06,daytime,6,0.440223287213462,0.38232194469790126,0.9431704885343943
2016-01-06,nighttime,6,0.9803917491879715,5.729557254114929e-4,2.4110084371233453
2016-01-07,daytime,6,0.05383239602792438,0.9193294071313639,0.11406367510652965
2016-01-07,nighttime,6,0.9953969362353641,3.173352872328496e-5,2.0830670926517545
2016-01-08,daytime,6,-0.5697863180201486,0.23781292409130803,-0.2441860465116222
2016-01-08,nighttime,6,0.97138377136171,0.0012166160613522176,2.26650660264106
2016-01-09,daytime,6,0.506552366996899,0.3051609279215028,1.0809248554913218
2016-01-09,nighttime,6,0.9802754131875784,5.79751970166345e-4,1.8499151103565474
2016-01-10,daytime,6,0.05680968845877558,0.9148771394217743,0.052166224580011585
2016-01-10,nighttime,6,0.848195851998159,0.03281762373082655,1.7736842105263162
2016-01-11,daytime,6,0.7095740518140836,0.11427253474438136,0.628924833491911
2016-01-11,nighttime,6,0.9814451988066397,5.132269415047657e-4,2.0614754098360755
2016-01-12,daytime,6,0.6512096581527261,0.1612660612012561,0.7949148476852949
2016-01-12,nighttime,6,0.9672317419698157,0.001593045499864724,1.400943396226413
2016-01-13,daytime,6,0.719864254880422,0.10672208217400884,0.7549999999999922
2016-01-13,nighttime,6,0.6252649587751518,0.18432818944434365,1.6205882352941763
2016-01-14,daytime,6,0.7428192593803563,0.0907076843165756,0.7887110999118049
2016-01-14,nighttime,6,0.7456680540337026,0.0888014103695992,2.158762886597986
2016-01-15,daytime,6,0.6957797446606604,0.1247471588349352,0.6301989150090419
2016-01-15,nighttime,6,0.5171419880951033,0.29343816777726467,2.6108597285068367
2016-01-16,daytime,6,0.7754301213550376,0.06998473303312673,1.1081262592343808
2016-01-16,nighttime,6,0.47978506961589856,0.33554414889089257,1.7500000000000115
2016-01-17,daytime,6,0.9342351282612963,0.006345310393526472,1.284135158899636
2016-01-17,nighttime,6,0.6323358874431351,0.17791550206708984,2.162227602905659
2016-01-18,daytime,6,0.8300949744288693,0.040849191413273436,1.0231609264370487
2016-01-18,nighttime,6,0.9432619676873801,0.004737480806960913,2.814854682454259
2016-01-19,daytime,6,0.9734713114135605,0.001046321912107243,1.220910384068284
2016-01-19,nighttime,6,-0.7481501524915125,0.08715530894019545,-1.3484848484848801
2016-01-20,daytime,6,0.9830550381522062,4.282648799125692e-4,1.264982876712335
2016-01-20,nighttime,6,0.5229868003785194,0.2870422173500073,1.112499999999975
2016-01-21,daytime,6,0.8743349383175782,0.022695328628637542,1.3745535714285775
2016-01-21,nighttime,6,0.5809849860426406,0.22657638944279943,1.890243902439001
2016-01-22,daytime,6,0.9520940069366907,0.003387504509175453,1.2062634989200889
2016-01-22,nighttime,6,NA,NA,NA
2016-01-23,daytime,6,0.9619646249704237,0.0021425219367951984,1.0117368835946383
2016-01-23,nighttime,6,0.7454131976689695,0.08897120937950899,1.593582887700506
2016-01-24,daytime,6,0.9502788840965335,0.0036468240430107737,0.914702495201534
2016-01-24,nighttime,6,0.5103271450097013,0.3009625000017401,0.6059479553903169
2016-01-25,daytime,6,0.8299834644214041,0.04090121666816406,1.2652694610778468
2016-01-25,nighttime,6,0.7532980535630948,0.08378540708791091,1.8594164456233604
2016-01-26,daytime,6,0.9595795560682866,0.002417698722471496,1.2184357541899493
2016-01-26,nighttime,6,-0.5234548115142837,0.2865323847602311,-1.1870100783874573
2016-01-27,daytime,6,0.917895773624467,0.009834919419131533,1.2109433027977252
2016-01-27,nighttime,6,0.7544626367388347,0.08303134359462329,1.841463414634072
2016-01-28,daytime,6,0.8556825254597923,0.02973841167173941,0.9848798674399344
2016-01-28,nighttime,6,0.0029731765849931894,0.9955402482636222,0.008000000000013085
2016-01-29,daytime,6,0.9589532338612432,0.0024926769602997625,1.0048524059846349
2016-01-29,nighttime,6,0.6709142712310552,0.14462655814030745,0.9278106508875568
2016-01-30,daytime,6,0.9289147829036529,0.0074000614916706915,1.3251892635925646
2016-01-30,nighttime,6,0.893443222395111,0.01642657897404608,1.9411764705882413
2016-01-31,daytime,6,0.8614864005495927,0.027450263696051868,1.2668665667166519
2016-01-31,nighttime,6,0.8364275950027266,0.037945631468746605,1.6673913043478137
2016-02-01,daytime,6,0.7299444779675616,0.09954740488749461,0.8160919540229867
2016-02-01,nighttime,6,0.8517758360431331,0.031327331879084874,1.5238805970149096
2016-02-03,daytime,6,0.8164404004050354,0.047448749711178635,1.0606771706335825
2016-02-03,nighttime,6,-0.07005712128235321,0.895086238260587,-0.3506493506494866
2016-02-04,daytime,6,0.8316923865651283,0.04010731612752206,0.719642857142854
2016-02-04,nighttime,6,NA,NA,NA
2016-02-05,daytime,6,0.9184239441184829,0.009710549171633347,0.6977119784656748
2016-02-05,nighttime,6,0.43165974957874226,0.39272598628945204,2.8638132295718863
2016-02-06,daytime,6,0.9007057040540574,0.014299546844906478,0.627461706783368
2016-02-06,nighttime,6,-0.7582651174928755,0.08059065013741182,-4.075949367088589
2016-02-07,daytime,6,0.9098861367522202,0.011814877334707409,0.7245663991716279
2016-02-07,nighttime,6,0.8500378777521388,0.032046735214972664,4.175796178343917
2016-02-08,daytime,6,0.9132404844120651,0.010964291617131807,1.0362903225806532
2016-02-08,nighttime,6,0.9341941495127816,0.0063531317823855744,3.7569913211186
2016-02-09,daytime,6,0.9191336545231668,0.009544641437932256,0.7196681645350784
2016-02-09,nighttime,6,-0.595968558272246,0.2118847785682589,-2.6100628930817154
2016-02-10,daytime,6,0.9363009155971439,0.005957128176877232,0.8630120554189354
2016-02-10,nighttime,6,0.5680350973126067,0.23958955593369677,3.4566929133856403
2016-02-11,daytime,6,0.9284102633024637,0.0075041836644752094,0.7269120821422278
2016-02-11,nighttime,6,0.7275937630535576,0.10120076297448288,3.953216374268909
2016-02-12,daytime,6,0.5233544493763725,0.28664168629306724,0.20962609387429712
2016-02-12,nighttime,6,-0.5185988193473051,0.29183898211046794,-1.2260273972602245
2016-02-13,daytime,6,0.3251468973505794,0.5294670010443784,0.07763849575414278
2016-02-13,nighttime,6,-0.7199204855679877,0.10668144805378275,-0.6512968299711595
2016-02-14,daytime,6,0.37788327136536276,0.4601551586955139,0.1636623237551219
2016-02-14,nighttime,6,0.9781051350301831,7.138296319213715e-4,1.688275862068957
2016-02-15,daytime,6,0.29332188624065925,0.5726355451104237,0.051445239989378395
2016-02-15,nighttime,6,0.36394562320113905,0.4781850317501305,0.37926829268294376
2016-02-16,daytime,6,0.5527003473272132,0.25536828725164373,0.095794392523359
2016-02-16,nighttime,6,-0.1359214501983546,0.7973733746752234,-0.13304721030038577
2016-02-17,daytime,6,0.8653603768413701,0.02597138021277685,0.306114032374469
2016-02-17,nighttime,6,0.9545454545454546,0.003052216378662651,1.590909090909082
2016-02-18,daytime,6,0.9848671124734434,3.4177367929393953e-4,0.6109575067779787
2016-02-18,nighttime,6,0.998612776728719,2.8852478283867114e-6,1.6350446428571324
2016-02-19,daytime,6,0.9375056772580834,0.005736273512118741,0.6773023930384345
2016-02-19,nighttime,6,0.9971155293519818,1.2468256734516641e-5,1.911468812877252
2016-02-20,daytime,6,0.9342322993713145,0.006345850176999759,0.5660073751257112
2016-02-20,nighttime,6,0.9979409626413346,6.355087483303823e-6,1.7458423257585307
2016-02-21,daytime,6,0.6096599707028184,0.1988108623661228,1.2282608695652357
2016-02-21,nighttime,6,0.9915197388069856,1.0756731658200896e-4,3.317732366512836
2016-02-22,daytime,6,0.5820111820155991,0.2255575925113372,1.4170465997984345
2016-02-22,nighttime,6,-0.669103684830266,0.14612324597280713,-0.9693877551019705
2016-02-23,daytime,6,0.7619340117364062,0.07826687783839514,1.1949773282176577
2016-02-23,nighttime,6,0.9941934950059341,5.047536575888975e-5,0.9960186815710786
2016-02-24,daytime,6,0.9779201398042283,7.258981501779642e-4,1.0023832462856843
2016-02-24,nighttime,6,0.9955537759347237,2.9609414159740598e-5,0.926870748299322
2016-02-25,daytime,6,0.826163740993962,0.04270198455581582,0.38039154267815206
2016-02-25,nighttime,6,0.9920157477058975,9.536793584965691e-5,1.2346938775510141
2016-02-26,daytime,6,0.9972526148691663,1.1311818782415645e-5,0.5737544773689339
2016-02-26,nighttime,6,0.9906390078045718,1.3103211899371232e-4,1.0067518688208277
2016-02-27,daytime,6,0.9971047420162061,1.2561643411853556e-5,0.6055830431861212
2016-02-27,nighttime,6,0.988384781669583,2.0158642159551215e-4,1.525408348457342
2016-02-28,daytime,6,0.9985921351002689,2.9717301108948077e-6,0.7080311036990908
2016-02-28,nighttime,6,0.9982247647095868,4.724393212690067e-6,1.9039128873997806
2016-02-29,daytime,6,0.9819830677312192,4.8399053574075e-4,0.7517170329670337
2016-02-29,nighttime,6,0.9961559580917124,2.2136586242328014e-5,1.9166356531447712
2016-03-01,daytime,6,0.9928594493894242,7.629915525318456e-5,0.6568654840061433
2016-03-01,nighttime,6,0.997614917973175,8.526140503808074e-6,1.6359599708396924
2016-03-02,daytime,6,0.990015362902733,1.4904176784312365e-4,0.7013729365884914
2016-03-02,nighttime,6,0.993380140591543,6.558875835941907e-5,1.7050962223806079
2016-03-03,daytime,6,0.9656061065247331,0.0017540669079836385,0.7244540307360489
2016-03-03,nighttime,6,0.998375650745196,3.955622821090245e-6,0.9945820122807777
2016-03-04,daytime,6,0.9930581902889993,7.211582462622395e-5,0.655131722990743
2016-03-04,nighttime,6,0.9938887342789691,5.5907232611351274e-5,0.8834389337994302
2016-03-05,daytime,6,0.9946945899839903,4.214639647317751e-5,0.7384289138853013
2016-03-05,nighttime,6,0.9920904213765915,9.359473370931292e-5,1.0288307129252703
2016-03-06,daytime,6,0.9984227891914766,3.729429171763998e-6,1.0455789080960085
2016-03-06,nighttime,6,0.9905286127945195,1.3413593769661883e-4,1.7726097163092347
2016-03-07,daytime,6,-0.5452643759259593,0.26316059514827206,-0.588748787584872
2016-03-07,nighttime,6,0.9957093146893133,2.7575474936701437e-5,1.908464251362612
2016-03-08,daytime,6,0.23753199626061475,0.650402955344922,0.07873549609282365
2016-03-08,nighttime,6,0.9843054937099551,3.6754337553856196e-4,2.9158878504672576
2016-03-09,daytime,6,-0.14049370928579194,0.7906460023717452,-1.3189189189195731
2016-03-09,nighttime,6,0.5059507894041665,0.30583202620557565,0.3295454545454617
2016-03-10,daytime,6,0.8373059732269538,0.03755081724976994,0.8568615700710587
2016-03-10,nighttime,6,-0.8554355473251205,0.029837703820788913,-0.4893617021276447
2016-03-11,daytime,6,0.7828238783482157,0.06562659503551188,1.3697225572979475
2016-03-11,nighttime,6,0.744256273434499,0.08974384000892298,1.0730337078651402
2016-03-12,daytime,6,0.8441309824824785,0.03454929530388001,0.7597652126177111
2016-03-12,nighttime,6,0.8731621405798526,0.023111490115514926,0.831364124597213
2016-03-14,daytime,6,0.9873196479560105,2.401675466171903e-4,0.7975407934421131
2016-03-14,nighttime,6,0.944700335441893,0.00450252470056664,0.9259259259259268
2016-03-15,daytime,6,0.9404151707218282,0.005219754264836452,0.5601591233205734
2016-03-15,nighttime,6,0.99324522782667235,6.828632085398442e-5,1.4742180896027088
2016-03-16,daytime,6,0.9960200272419011,2.372875298409345e-5,0.4646774798424892
2016-03-16,nighttime,6,0.9963757051193193,1.9679466586239855e-5,1.3732394366197158
2016-03-17,daytime,6,0.9908926698645665,1.2403749654726762e-4,0.5225891181988732
2016-03-17,nighttime,6,0.9901264181914042,1.4575015061205426e-4,1.689536567704559
2016-03-18,daytime,6,0.9577731631330042,0.0026370111698390533,0.6176669929964634
2016-03-18,nighttime,6,0.9950677966429953,3.642995298930878e-5,2.261498708010289
2016-03-19,daytime,6,0.9920817590615157,9.379957826846905e-5,0.6286690117204058
2016-03-19,nighttime,6,0.9902369099896616,1.4251159107670094e-4,0.6302342971086724
2016-03-20,daytime,6,0.9844915487438991,3.589031057619641e-4,0.6151691014608772
2016-03-20,nighttime,6,0.9988423436798264,2.009476506389087e-6,0.5791698693312843
2016-03-21,daytime,6,0.9912336670610631,1.1493604961751093e-4,0.4124863397609887
2016-03-21,nighttime,6,0.9920217451124795,9.522490843710655e-5,0.97364016736401
2016-03-22,daytime,6,0.9969019558736892,1.4381948788987385e-5,0.5099709699623903
2016-03-22,nighttime,6,0.9988641805731944,1.9343960032234978e-6,1.289118347895157
2016-03-23,daytime,6,0.9899814877800958,1.5005309867386447e-4,0.6279822078447245
2016-03-23,nighttime,6,0.9647696077775318,0.0018399071656697054,0.9495023063850415
2016-03-24,daytime,6,0.9919930759636303,9.590958350332738e-5,0.6707165320482373
2016-03-24,nighttime,6,0.9739681460514709,0.0010076657905040704,0.344858156028369
2016-03-25,daytime,6,0.9973105817127429,1.0839729843881615e-5,0.6823178753800063
2016-03-25,nighttime,6,0.9961707600287443,2.1966543912554227e-5,0.626786806830191
2016-03-26,daytime,6,0.9965885427558472,1.7437209454189215e-5,0.7690715135545718
2016-03-26,nighttime,6,0.9907356561478434,1.2834453015400947e-4,0.9265710638936874
2016-03-27,daytime,6,0.9995680059617296,2.79887964536642e-7,0.6297739672642245
2016-03-27,nighttime,6,0.9993739669576639,5.877533785331119e-7,0.9504498192315222
2016-03-28,daytime,6,0.9949984086421051,3.746131447213737e-5,0.5712854156717533
2016-03-28,nighttime,6,0.9959027747004523,2.514649214961432e-5,1.7074325188691428
2016-03-29,daytime,6,0.9188751668052018,0.009604906901092317,0.2359837787919735
2016-03-29,nighttime,6,0.9922585580732691,8.966291264772415e-5,1.1981949576534392
2016-03-30,daytime,6,0.9733536411983068,0.0010555828198318285,0.2629516869634645
2016-03-30,nighttime,6,0.9441454138214369,0.00459247644772616,0.5179501619034192
2016-03-31,daytime,6,0.9655338482507055,0.0017614019846578974,0.330791490692945
2016-03-31,nighttime,6,0.9427047405338141,0.004830077222335769,0.4003681048016042
2016-04-01,daytime,6,0.9860150490034588,2.920007012162846e-4,0.34626654541780205
2016-04-01,nighttime,6,0.988282262021086,2.0515362076117358e-4,0.3623272848343613
2016-04-02,daytime,6,0.9904478969087078,1.3642823048837032e-4,0.5450331794443486
2016-04-02,nighttime,6,0.9850096298686339,3.353825430076151e-4,0.4737237589818237
2016-04-03,daytime,6,0.9787056237915904,6.75347714834534e-4,0.3004031318450856
2016-04-03,nighttime,6,0.906729732099092,0.01264331929123648,0.4128143880848651
2016-04-04,daytime,6,0.8811018574151814,0.02036473471806718,0.047542669851286995
2016-04-04,nighttime,6,0.3240773374109385,0.530902286648702,0.024486426999268673
2016-04-05,daytime,6,-0.3647080835005006,0.4771931480286881,-0.396412143514262
2016-04-05,nighttime,6,0.9034594985894349,0.013530220580038237,0.1758522519891987
2016-04-06,daytime,6,0.9580963021740505,0.002597090068962971,0.32284697508896787
2016-04-06,nighttime,6,0.9864762826755294,2.730997127871711e-4,1.7716843872411694
2016-04-07,daytime,6,0.9548739757093652,0.003008590730591657,0.7874231032125791
2016-04-07,nighttime,6,0.9831406570105624,4.2396014075667105e-4,1.1609983188930484
2016-04-08,daytime,6,0.9900892794359517,1.468468458569168e-4,0.6364273716497474
2016-04-08,nighttime,6,0.9961355254053508,2.2372389490556386e-5,1.6272682687591926
2016-04-09,daytime,6,0.9674485002942123,0.0015721544129334868,0.39130786721906224
2016-04-09,nighttime,6,0.9313899490904067,0.006899523241562159,0.5065514357401698
2016-04-10,daytime,6,0.9686885406176033,0.0014552622383535972,0.6078838174273876
2016-04-10,nighttime,6,0.9656783829910506,0.0017467451153238413,0.5679676440849379
2016-04-11,daytime,6,0.7269852596488192,0.10163071620910734,0.31200758486232294
2016-04-11,nighttime,6,0.8032581952538179,0.05425333086074644,0.560435931307797
2016-04-12,daytime,6,0.9564301878143219,0.002806137891998633,0.3259346141283367
2016-04-12,nighttime,6,0.9146276993626712,0.010621529567716769,0.21277790253761514
2016-04-13,daytime,6,-0.08177968383876688,0.8776039420980235,-0.016017842660178812
2016-04-13,nighttime,6,0.9968367902471065,1.4993018537387884e-5,0.6222069202960933
2016-04-14,daytime,6,0.9122403359971667,0.011214686064215771,0.12157236262595097
2016-04-14,nighttime,6,-0.6959386143484503,0.1246242461235361,-0.11900218102507852
2016-04-15,daytime,6,0.9451943947920125,0.004423172995742308,0.23101317287363832
2016-04-15,nighttime,6,0.9702979108435019,0.0013102193494603106,1.3966074313408554
2016-04-16,daytime,6,0.9790542420551677,6.534924523452325e-4,0.44340108052482524
2016-04-16,nighttime,6,0.8891912967766443,0.01773756692696327,0.6452460452131995
2016-04-17,daytime,6,0.9914398701247221,1.0960010993957736e-4,0.4039619362210858
2016-04-17,nighttime,6,0.9569516074294434,0.0027398582864632923,0.3641988757680075
2016-04-18,daytime,6,0.9835958755710518,4.014358110425046e-4,0.45091036703686843
2016-04-18,nighttime,6,0.9827897658278356,4.417394721720776e-4,0.886690128656317
2016-04-19,daytime,6,0.979329816905705,6.364689690047275e-4,0.22786709539121155
2016-04-19,nighttime,6,0.9875479939697674,2.3161332421821579e-4,0.7709650033015774
2016-04-20,daytime,6,0.9967412572176888,1.591180382797977e-5,0.2697638020548473
2016-04-20,nighttime,6,0.9739697735294262,0.0010075403498771333,0.2622647331070655
2016-04-21,daytime,6,0.9959349129690173,2.475381120965831e-5,0.2646740968676019
2016-04-21,nighttime,6,0.9787077579511758,6.752128363331742e-4,0.2856801909307874
2016-04-22,daytime,6,0.3876515527804174,0.4476495925146838,0.21759468839595192
2016-04-22,nighttime,6,0.9967171190986345,1.6148270211145734e-5,0.5682630450321638
2016-04-23,daytime,6,0.8763760211751306,0.021979666490806137,0.8872176906030429
2016-04-23,nighttime,6,0.9787590737012575,6.719737168712931e-4,0.9496373892022552
2016-04-24,daytime,6,-0.6824635514145544,0.13523559008233904,-0.07802314753226001
2016-04-24,nighttime,6,0.9789769720231841,6.583058082541412e-4,1.1815255873833215
2016-04-25,daytime,6,0.9955785798618617,2.9280216982949208e-5,0.3576917393231859
2016-04-25,nighttime,6,0.9936672411556333,6.002876791478943e-5,0.4318055001992816
2016-04-26,daytime,6,0.9935014643299557,6.320922906326342e-5,0.39089216767788093
2016-04-26,nighttime,6,0.9940199242304577,5.353503165382558e-5,0.5654929736313802
2016-04-27,daytime,6,0.9978969539265101,6.6295535018140315e-6,0.3113664901003686
2016-04-27,nighttime,6,0.9883067389968047,2.042991057883191e-4,0.4587338415644652
2016-04-28,daytime,6,0.9579433374068528,0.0026159501711273984,0.17284868767624106
2016-04-28,nighttime,6,0.993022644937014,7.285538453681387e-5,0.2496849133085815
2016-04-29,daytime,6,0.8085233099627006,0.05148489839105729,0.09075006137981628
2016-04-29,nighttime,6,0.9479537811244906,0.00399272171842533,0.22387674298502283
2016-04-30,daytime,6,0.9822424301041036,4.701971742125625e-4,0.2170461598771684
2016-04-30,nighttime,6,0.9245703627098,0.008319861902135014,0.15249837767683638
2016-05-01,daytime,6,0.7850605084371002,0.06433348437308514,0.09829118250170893
2016-05-01,nighttime,6,0.9539280407675352,0.003135041385195648,0.07189690255482854
2016-05-02,daytime,6,0.9938766933851735,5.612752951346658e-5,0.2351572858593913
2016-05-02,nighttime,6,0.9878915985390094,2.1903245204251727e-4,0.42231404958677576
2016-05-03,daytime,6,0.9986900102820643,2.572985572613335e-6,0.3282204839892441
2016-05-03,nighttime,6,0.9671673609549596,0.001599276779977043,0.2100235777764353
2016-05-04,daytime,6,0.9948865383265826,3.9154383333547825e-5,0.26775788412614593
2016-05-04,nighttime,6,0.9167669711487818,0.010103297367006023,0.14336000000000165
2016-05-05,daytime,6,0.8581200018822358,0.02876688330934308,0.10510670731707189
2016-05-05,nighttime,6,0.9977492656586134,7.59300672251999e-6,0.44999999999999873
2016-05-06,daytime,6,0.9483674613115235,0.003930054492844218,0.4285658360899616
2016-05-06,nighttime,6,0.9521493296788082,0.0033797484547626083,0.219756621331424
2016-05-07,daytime,6,0.9815295443845407,5.085859266031262e-4,0.6330511973575538
2016-05-07,nighttime,6,0.9558712513266613,0.002878052707967002,0.5987158908507145
2016-05-08,daytime,6,0.9365058405705956,0.005919273807682013,0.1902085747392823
2016-05-08,nighttime,6,0.9750724055977134,9.243326278686229e-4,0.7060110696357312
2016-05-09,daytime,6,0.9889698743164128,1.8182452609366638e-4,0.20564310228122798
2016-05-09,nighttime,6,0.974363138389595,9.774481132069648e-4,0.17139154381986066
2016-05-10,daytime,6,0.9893776972567181,1.6865069853614625e-4,0.21861155463602225
2016-05-10,nighttime,6,0.9996725209174866,1.6084626437986443e-7,0.30965077583096123
2016-05-25,daytime,6,0.961958808410862,0.002143173068550657,0.5071803425409918
2016-05-25,nighttime,6,0.9784131273979266,6.939599366030678e-4,0.6773160808377248
2016-05-26,daytime,6,0.9717985710365231,0.0011817663047332997,0.5346995006027256
2016-05-26,nighttime,6,0.9979363152753935,6.383797559136611e-6,0.4587619877942471
2016-05-27,daytime,6,0.9846331941500057,3.523937340995663e-4,0.30391638411049227
2016-05-27,nighttime,6,0.9951801579948513,3.479033085361344e-5,0.3979979726305128
2016-05-28,daytime,6,0.9904893647698105,1.3524814486590264e-4,0.24565032608450355
2016-05-28,nighttime,6,0.988768880263227,1.8849874003810067e-4,0.3453504043126706
2016-05-29,daytime,6,0.9950492321593246,3.6704481405496344e-5,0.4153644023901867
2016-05-29,nighttime,6,0.8670113021281793,0.02535297200199861,0.26004228329809675
2016-05-30,daytime,6,0.9856532515635803,3.0726729623695967e-4,0.3047708457796341
2016-05-30,nighttime,6,0.9995761847501269,2.6939098632425706e-7,0.7162198035572042
2016-06-21,daytime,6,0.8658121668020464,0.02580144367333217,0.06137397948606552
2016-06-21,nighttime,6,0.955293645770705,0.002953310804022435,0.3761061946902613
2016-06-22,daytime,6,0.891315207712854,0.017076662856973603,0.05899831289502165
2016-06-22,nighttime,6,0.9018386016379907,0.013980565256405961,0.21073262297796921
2016-06-23,daytime,6,0.8063354646270835,0.05262714198261864,0.10922404861247208
2016-06-23,nighttime,6,0.7904890436486672,0.06124403620615271,0.04617453676031049
2016-06-24,daytime,6,0.9745441028785267,9.637563023778921e-4,0.3231550976644443
2016-06-24,nighttime,6,0.9880028966882112,2.1503235734423258e-4,0.2585653282134469
2016-06-25,daytime,6,0.9995684441690785,2.7932046623061037e-7,0.45466098588222
2016-06-25,nighttime,6,0.9833816005100554,4.11962040733121e-4,0.3745033112582758
2016-11-22,daytime,6,0.715029107945958,0.11024159755428362,0.46472392638036825
2016-11-22,nighttime,6,0.9956069452764333,2.8906004079008965e-5,0.8170254403131099
2016-11-23,daytime,6,0.7450619039572777,0.08920549821240582,0.6457060725835428
2016-11-23,nighttime,6,0.9751273015872758,9.202829280515483e-4,0.4748156824915571
2016-11-24,daytime,6,0.7160069122198078,0.10952579510803952,0.7499016393442625
2016-11-24,nighttime,6,0.9804460497302706,5.697971621269887e-4,0.8229858504187132
2016-11-25,daytime,6,0.07660276365269308,0.8853206063936849,0.2126537785587929
2016-11-25,nighttime,6,0.9804126054019405,5.717415317764016e-4,0.9108729743857763
2016-11-26,daytime,6,0.7588935156823488,0.08019046349692678,0.7184256055363271
2016-11-26,nighttime,6,0.9858583629566872,2.9856478340367686e-4,0.761850759809484
2016-11-27,daytime,6,0.23051873048171304,0.6603466584439976,0.3109090909090776
2016-11-27,nighttime,6,0.9870696449459625,2.49710183314755e-4,1.5150501672240673
2016-11-28,daytime,6,0.658010207617266,0.15543647397314514,0.845491803278683
2016-11-28,nighttime,6,0.968417761030961,0.0014804060676791117,0.7789596144257918
2016-11-29,daytime,6,0.2753408126945252,0.5974259273312739,0.2620468104635082
2016-11-29,nighttime,6,0.979962935383273,5.982036576732743e-4,0.6505235602094231
2016-11-30,daytime,6,0.5208336942312278,0.28939214745900776,0.5862622137961161
2016-11-30,nighttime,6,0.9778491248445201,7.305576169610821e-4,0.5492066895368781
2016-12-01,daytime,6,0.866338496574963,0.025604138302338098,0.6824393577041353
2016-12-01,nighttime,6,0.9596555351901904,0.002408679905844682,0.742421159715159
2016-12-02,daytime,6,0.7407297121860577,0.09211740855748039,1.2350299401197464
2016-12-02,nighttime,6,0.9800278195603275,5.943486558013792e-4,0.9179181771103061
2016-12-03,daytime,6,0.3670651741929012,0.4741308399194334,1.5999999999998267
2016-12-03,nighttime,6,0.8847816792450254,0.019148115491182772,4.36936936936939
2016-12-04,daytime,6,0.9185663496183019,0.009677147962329534,2.0556701030927615
2016-12-04,nighttime,6,0.9805304946864125,5.649023844543249e-4,1.447015834348352
2016-12-05,daytime,6,-0.9222990113728273,0.008821607780902704,-0.14876584389593672
2016-12-05,nighttime,6,0.9112794507406019,0.01145782917084228,0.2523676880222867
2016-12-06,daytime,6,NA,NA,-9.645962479573444e-15
2016-12-06,nighttime,6,NA,NA,1.9006661468602592e-14
2016-12-07,daytime,6,0.9455283899709754,0.004369921558319853,0.40041226488018977
2016-12-07,nighttime,6,NA,NA,1.032788693328841e-14
2016-12-08,daytime,6,-0.8613238925749456,0.027513149692513426,-0.6294036061026304
2016-12-08,nighttime,6,0.8914473684210532,0.017035936332510028,0.2228618421052676
2016-12-09,daytime,6,0.955368684623875,0.002943479697743309,0.8227341011517405
2016-12-09,nighttime,6,0.9649241139658036,0.0018238994284883279,0.5459459459459571
2016-12-10,daytime,6,0.36758144051581715,0.4734609273962383,0.2702322308233562
2016-12-10,nighttime,6,0.9175193105247246,0.009924035494221255,1.9069767441860077
2016-12-11,daytime,6,-0.9570822008292789,0.0027233802769402755,-0.10776545166402675
2016-12-11,nighttime,6,-0.9584175722079393,0.002557697398997853,-0.26992896606156086
2016-12-12,daytime,6,-0.6986408303992763,0.12254170319823182,-0.07850000000000265
2016-12-12,nighttime,6,0.7976423365218898,0.05727980201804366,1.0455927051671705
2016-12-13,daytime,6,0.7816539860868743,0.06630765156882149,0.0706338675104589
2016-12-13,nighttime,6,-0.16590472788757546,0.7534261204508266,-0.030276816608989666
2016-12-14,daytime,6,0.8158933325402913,0.047722725363485596,0.11521418020679047
2016-12-14,nighttime,6,NA,NA,3.7789299011706736e-15
2016-12-15,daytime,6,0.8149583438696837,0.04819267025202186,0.09160787617141807
2016-12-15,nighttime,6,-0.0800262805180044,0.8802168315988552,-0.011893524636582477
2016-12-16,daytime,6,0.7311152790481689,0.09872844244137294,0.07527393997141307
2016-12-16,nighttime,6,0.0501359692919328,0.924859057334776,0.006493506493512305
2016-12-17,daytime,6,0.5534626524143235,0.25457461238848617,0.051053484602914735
2016-12-17,nighttime,6,0.1405248568298356,0.7906002034680215,0.023696682464458448
2016-12-18,daytime,6,0.8974154208254552,0.015245614499024649,0.29103448275861027
2016-12-18,nighttime,6,-0.8672876739559738,0.025250140224955264,-0.06443679291686795
2016-12-19,daytime,6,0.9498383177123557,0.00371118328361074,0.30073094326488126
2016-12-19,nighttime,6,-0.6152228513552467,0.19359638821728592,-0.05649241146711314
2016-12-20,daytime,6,0.8646940972521113,0.026222961897709143,0.16545651166383074
2016-12-20,nighttime,6,-0.6966405506945728,0.12408180995606541,-0.05687203791468593
2016-12-22,daytime,6,0.5995884442857532,0.2083952458911177,0.09327731092436654
2016-12-22,nighttime,6,0.7606543918621304,0.07907386563699735,0.2508073196986185
2016-12-23,daytime,6,0.9070222179177637,0.01256541161669712,0.3565922920892413
2016-12-23,nighttime,6,0.9477608943587146,0.004022107958608397,0.2332474226804206
2016-12-24,daytime,6,0.6503102891999613,0.16204380586787354,0.15366568914955864
2016-12-24,nighttime,6,NA,NA,-0
2016-12-25,daytime,6,0.7913641421714059,0.06075253485328641,0.2094285229777806
2016-12-25,nighttime,6,0.7990215306930842,0.05652952183996165,0.21499448732084134
2016-12-26,daytime,6,0.8511736222935558,0.031575736699916916,0.2434350603264734
2016-12-26,nighttime,6,0.11433733454962991,0.8292413656533353,0.002841962189548151
2016-12-27,daytime,6,0.7542240646254273,0.08318556833617334,0.22322116619573507
2016-12-27,nighttime,6,0.7665423797664178,0.075391683311494,0.10282776349614456
2016-12-28,daytime,6,0.7060342408542576,0.11692214827189258,0.15197693574958396
2016-12-28,nighttime,6,0.9227867830375571,0.008712653309831701,0.14070956103427576
2016-12-29,daytime,6,0.1121223821162823,0.8325211960845933,0.0879999999999844
2016-12-29,nighttime,6,0.8188404056285721,0.04625547782519079,0.6477064220183631
2016-12-30,daytime,6,0.769231552920217,0.0737364340224874,0.3283582089552182
2016-12-30,nighttime,6,-0.4247354039069173,0.4012080622584637,-0.05949367088607223
2016-12-31,daytime,6,0.902809396271499,0.013709988304498091,0.3119383825417247
2016-12-31,nighttime,6,0.8980265101338747,0.015067698562847275,0.645161290322569
2017-01-01,daytime,6,0.6342509701689513,0.17619497510203366,0.14936939674821026
2017-01-01,nighttime,6,0.9093945007067772,0.01194212833088351,0.44309701492537834
2017-01-02,daytime,6,0.8886964638457223,0.017893275082907802,0.27145443572721006
2017-01-02,nighttime,6,0.8046905040654461,0.053493580396212194,0.17433414043583761
2017-01-03,daytime,6,0.9212614407321271,0.009055560960095315,0.2671278435546073
2017-01-03,nighttime,6,0.8178665029675185,0.046737994311918024,0.12101910828025954
2017-01-04,daytime,6,0.9503116596485203,0.0036420582042644653,0.21183131589222373
2017-01-04,nighttime,6,0.8320336016179072,0.03994967275176725,0.15787119856887286
2017-01-05,daytime,6,0.8853580610638793,0.018960804688025,0.21705279149259146
2017-01-05,nighttime,6,0.9296003625355991,0.0072597092958413935,0.13596554199569608
2017-01-06,daytime,6,0.9923296010001376,8.802688718322042e-5,0.29702970297029624
2017-01-06,nighttime,6,0.7320479746382258,0.09807818351366486,0.13664033156327296
2017-01-07,daytime,6,0.9991434388478095,1.100231282985696e-6,0.29237288135593015
2017-01-07,nighttime,6,-0.9656579125992436,0.0017488172827794133,-0.07004658810632937
2017-01-08,daytime,6,0.7939322171782622,0.05932067260800582,0.13171884229178873
2017-01-08,nighttime,6,0.9070182503413914,0.012566466878707367,0.13328369322413222
2017-01-09,daytime,6,0.27224004371955657,0.6017284210287652,0.02029600949228965
2017-01-09,nighttime,6,0.7287604010862747,0.10037870660950061,0.0811026767878548
2017-01-10,daytime,6,0.9368838731788928,0.0058497520611607255,0.15282278696912874
2017-01-10,nighttime,6,0.9229528839618589,0.008675701351753771,0.36313868613139183
2017-01-11,daytime,6,0.9622461327668836,0.0021111254144759446,0.22937121370377805
2017-01-11,nighttime,6,0.8782571640131962,0.021329782521027556,0.24041630529054772
2017-01-12,daytime,6,0.9607429689488728,0.0022814219407899985,0.3110575802315607
2017-01-12,nighttime,6,0.8816434425598716,0.02018342644968012,0.22507122507122823
2017-01-13,daytime,6,0.9561585298558563,0.0028409784706000386,0.469267771245321
2017-01-13,nighttime,6,0.9770004107350718,7.873884854455606e-4,0.37932454695222395
2017-01-14,daytime,6,0.8186296949516134,0.04635967622943018,0.20985746178945275
2017-01-14,nighttime,6,0.9508372216746125,0.003566055463197788,0.606094808126417
2017-01-15,daytime,6,-0.9534776215487835,0.0031961526159920524,-0.1848191603400937
2017-01-15,nighttime,6,0.9595261743581699,0.002424045137753701,0.45123799898939
2017-01-16,daytime,6,0.695452356297968,0.12500061552340355,0.32942376338603
2017-01-16,nighttime,6,-0.5046267136147771,0.30731105156335436,-0.135220125786158
2017-01-17,daytime,6,0.8743428828779001,0.0226925218376879,0.09128065395095084
2017-01-17,nighttime,6,0.8270488137103748,0.04228150155851684,0.33124999999999943
2017-01-18,daytime,6,0.9573424965413517,0.002690682770132094,0.14100071625907767
2017-01-18,nighttime,6,-0.8611601807598097,0.027576570541051334,-0.17061795569373572
2017-01-19,daytime,6,0.9837149392170406,3.9564538190279966e-4,0.12966417910447572
2017-01-19,nighttime,6,NA,NA,3.45372313414098e-15
2017-01-20,daytime,6,0.9895142204046733,1.6435089659855257e-4,0.18225228810186883
2017-01-20,nighttime,6,NA,NA,2.7312409139724448e-15
2017-01-21,daytime,6,0.970844577534945,0.0012626663705646737,0.22508398656215406
2017-01-21,nighttime,6,0.8843274950706997,0.0192963361109722,0.14029404435585013
2017-01-22,daytime,6,0.9903082008137672,1.404412771429834e-4,0.23260437375745283
2017-01-22,nighttime,6,NA,NA,3.842589796351809e-15
2017-01-23,daytime,6,0.4267002597666866,0.3987949323762203,0.04088659350117689
2017-01-23,nighttime,6,0.7589564166014802,0.08015045540862939,0.11257142857143332
2017-01-24,daytime,6,0.5346160872725236,0.2744763467119476,0.04763572679509125
2017-01-24,nighttime,6,0.5579563655471226,0.24991562997621483,0.08086111840378701
2017-01-25,daytime,6,0.9208215277521298,0.009155651655966643,0.34965455091619263
2017-01-25,nighttime,6,0.6356417261637282,0.1749498806864739,0.033670033670039325
2017-01-26,daytime,6,0.9979463707494884,6.3217591669210175e-6,0.2586156111929237
2017-01-26,nighttime,6,0.6676912178899228,0.1472954057050487,0.019383111410753273
2017-01-27,daytime,6,0.92145982140095,0.009010599593079434,0.11611462597692195
2017-01-27,nighttime,6,0.6390243902439033,0.1719369132775197,0.01558596073765881
2017-01-28,daytime,6,0.9197325308962103,0.009405723596761452,0.0772058823529383
2017-01-28,nighttime,6,-0.6608159964360744,0.15305783688056693,-0.01485298575326057
2017-01-29,daytime,6,0.986287644627476,2.807538766857721e-4,0.12889508539560662
2017-01-29,nighttime,6,NA,NA,4.439967201667e-15
2017-01-30,daytime,6,0.9424504970605758,0.00487261753030216,0.10703285420944313
2017-01-30,nighttime,6,NA,NA,2.2379894025415513e-15
2017-01-31,daytime,6,0.8328247699347594,0.03958526663967795,0.0938991541042455
2017-01-31,nighttime,6,0.23519526883623246,0.6537122232723916,0.025144006583162043
2017-02-01,daytime,6,0.906417647293732,0.012726704046190678,0.09363258353789806
2017-02-01,nighttime,6,0.6552040440366641,0.15783097234387042,0.05642127888232418
2017-02-02,daytime,6,0.9455031933456638,0.004373927817498961,0.11353976927747039
2017-02-02,nighttime,6,NA,NA,2.3175762782594987e-15
2017-02-03,daytime,6,0.9256837629585472,0.00807913394447967,0.10652385589094261
2017-02-03,nighttime,6,0.5864386537771239,0.22118316443985278,0.09207920792079645
2017-02-04,daytime,6,0.8542575756818966,0.030313434572968746,0.13315453182929315
2017-02-04,nighttime,6,0.9106798639225757,0.011610828168096634,0.1285231116121769
2017-02-05,daytime,6,0.917883415953379,0.00983783852394583,0.1567099567099558
2017-02-05,nighttime,6,0.7794931877452513,0.06757400197798384,0.09173179761415412
2017-02-06,daytime,6,0.7488701060295282,0.08668042843980923,0.10062234271982243
2017-02-06,nighttime,6,0.9559967799010994,0.002861823716756851,0.180567393157193
2017-02-07,daytime,6,0.9376620249347182,0.0057079112962057105,0.15856164383561636
2017-02-07,nighttime,6,0.7681224554311187,0.07441709085716951,0.07245762711864498
2017-02-08,daytime,6,0.926969275249048,0.007805475934793593,0.11496563654214548
2017-02-08,nighttime,6,0.9093818327476784,0.011945415916377043,0.22005351802298107
2017-02-09,daytime,6,0.9952449638307667,3.386179689494859e-5,0.1791826051942818
2017-02-09,nighttime,6,0.8612235940739918,0.027551996436041264,0.1258536585365843
2017-02-10,daytime,6,0.9725609907987873,0.001119019434522215,0.6170854271356785
2017-02-10,nighttime,6,0.9866694775115863,2.653698089366096e-4,0.35272342675833057
2017-02-11,daytime,6,0.9805493709241928,5.638111083714811e-4,0.525075852222019
2017-02-11,nighttime,6,0.9883805933585769,2.0173154445481413e-4,0.7683453237410081
2017-02-12,daytime,6,0.9359354227127731,0.006024935931157533,0.56960227272727
2017-02-12,nighttime,6,0.9833155037891997,4.152363689706242e-4,0.7878040183292084
2017-02-13,daytime,6,0.9040354083328098,0.013371925585050772,0.8824235152969472
2017-02-13,nighttime,6,0.9967845003249528,1.5492534010320843e-5,0.4410275642227627
2017-02-14,daytime,6,0.9454742219297914,0.004378536493440745,3.7242990654206003
2017-02-14,nighttime,6,0.9916304540429401,1.0478080887517806e-4,0.9400590966652433
2017-02-15,daytime,6,0.906341992289413,0.012746957907097548,1.2338269680436365
2017-02-15,nighttime,6,0.9767666464609579,8.034125239597874e-4,0.39059367771781267
2017-02-16,daytime,6,0.9478739147527344,0.004004876502038483,0.7820796460177034
2017-02-16,nighttime,6,0.9659363983970795,0.0017207309396322745,0.9701423977951287
2017-02-17,daytime,6,0.785056439155551,0.06433582634549044,0.763554216867464
2017-02-17,nighttime,6,0.9937937454457746,5.7656868386235985e-5,0.850303438975052
2017-02-18,daytime,6,0.49072957900916864,0.3229932807904363,1.138217821782162
2017-02-18,nighttime,6,0.9697951807607129,0.0013547182598563606,1.122208436724565
2017-02-19,daytime,6,0.753143447803944,0.08388574433138876,2.855421686746994
2017-02-19,nighttime,6,0.975547770065905,8.895571877896362e-4,1.7163543441226372
2017-02-20,daytime,6,0.935501180680385,0.006105985845689995,0.9741294287231608
2017-02-20,nighttime,6,0.9986528472486166,2.721008383101083e-6,1.5400246305418746
2017-02-21,daytime,6,0.9155960254596067,0.01038539811520002,1.0198169633206107
2017-02-21,nighttime,6,0.9924646512046359,8.4958288067704e-5,0.9152542372881317
2017-02-22,daytime,6,0.9981285084383904,5.250443566259123e-6,0.6282112274024743
2017-02-22,nighttime,6,0.9702738722532083,0.0013123303687702394,1.1559485530546545
2017-02-23,daytime,6,0.9823501924708636,4.6452446259836403e-4,0.8695299837925472
2017-02-23,nighttime,6,0.9949693294149292,3.789781258674267e-5,0.5887938328476078
2017-02-24,daytime,6,0.8592500486796839,0.028321656305626886,0.935868071461294
2017-02-24,nighttime,6,0.9993766074212386,5.828063299979275e-7,0.4024731532704217
2017-02-25,daytime,6,0.9572409886747414,0.002703410717485145,0.855929919137471
2017-02-25,nighttime,6,0.9947034423991568,4.200599007987581e-5,0.3484375000000005
2017-02-26,daytime,6,0.9868758658749567,2.5723407536010207e-4,0.7505535055350548
2017-02-26,nighttime,6,0.9948851246420217,3.9176017334979276e-5,0.333658450079799
2017-02-27,daytime,6,0.9772307735780373,7.717542954138389e-4,0.8822859003581843
2017-02-27,nighttime,6,0.9800459243633683,5.932751931636602e-4,0.3622027534418005
2017-02-28,daytime,6,0.9351989040649835,0.006162717252639619,0.6646255299105105
2017-02-28,nighttime,6,0.998376098626317,3.953442348010302e-6,0.39806262671773074
2017-03-01,daytime,6,0.942691191125863,0.004832339713556262,0.7853295839092546
2017-03-01,nighttime,6,0.9868812623832424,2.5702303924000935e-4,0.3337806105333799
2017-03-02,daytime,6,0.8718907634545908,0.02356670184331611,0.5146130254374895
2017-03-02,nighttime,6,0.9807457584806443,5.525197025244856e-4,0.35387289936256583
2017-03-03,daytime,6,0.9771465689373239,7.774510298861882e-4,0.4636805464337291
2017-03-03,nighttime,6,0.7707328456813899,0.07281960828897692,0.43009251178216246
2017-03-04,daytime,6,0.9830091914563197,4.3057884479438764e-4,0.4881573479846714
2017-03-04,nighttime,6,-0.11888592375251819,0.8225112730427597,-0.5238095238093091
2017-03-05,daytime,6,0.9460854115690566,0.004281815268125599,0.6347468266145917
2017-03-05,nighttime,6,0.5048552881820292,0.30705553839156813,1.3161856963614478
2017-03-06,daytime,6,0.9917737040623983,1.0122957255698646e-4,1.3104719764011832
2017-03-06,nighttime,6,0.8642662132838338,0.026385134657863896,0.8010519801980224
2017-03-07,daytime,6,0.9183815916133002,0.009720493731865494,0.5956203462251384
2017-03-07,nighttime,6,0.9449773128255742,0.004457953670318886,0.8720720720720703
2017-06-07,daytime,6,0.9937150662218099,5.9126460218511476e-5,0.4821821684094652
2017-06-07,nighttime,6,0.8404272687351673,0.03616354818935169,0.1253062335541243
2017-06-08,daytime,6,0.6887600606026699,0.13023049668266834,0.5215765247410807
2017-06-08,nighttime,6,0.5507648649958102,0.2573877428620943,1.4624697336563017
2017-06-09,daytime,6,0.9992863886431242,7.636800528523907e-7,0.3403741470520591
2017-06-09,nighttime,6,0.972697796409838,0.0011079398091485655,0.7348276189571612
2017-06-10,daytime,6,0.9647567440288081,0.0018412430405251763,0.6409912109375041
2017-06-10,nighttime,6,0.9368018171815797,0.005864808370401699,0.3301852524518709
2017-06-11,daytime,6,0.9623513618352809,0.002099447967967906,0.6094909862142152
2017-06-11,nighttime,6,0.9800232799844893,5.946179656054289e-4,3.2881773399014143
2017-06-12,daytime,6,0.9852437839031171,3.250123173699669e-4,0.596065047179279
2017-06-12,nighttime,6,0.7786645470019786,0.06806253051880168,2.4050632911392715
2017-06-13,daytime,6,0.9890056527314655,1.8064903323532e-4,0.491633366633369
2017-06-13,nighttime,6,0.35213022785228243,0.4936359748049014,1.2210743801653041
2017-06-14,daytime,6,0.9490088420231801,0.0038338562788984122,0.4927730077231823
2017-06-14,nighttime,6,0.9234288714082974,0.008570233064027469,1.406451612903193
2017-06-15,daytime,6,0.9731842382782036,0.001068986208042732,0.41991953130514714
2017-06-15,nighttime,6,0.22857761433073148,0.6631049087596168,0.844984802431681
2017-06-16,daytime,6,0.9843761515109858,3.64250035443537e-4,0.5032550240588762
2017-06-16,nighttime,6,-0.8475503966393169,0.03308979075908896,-1.443438914027184
2017-06-17,daytime,6,0.5034578004300582,0.3086189624754397,0.10513918629550267
2017-06-17,nighttime,6,0.9964257703650727,1.9139845623039274e-05,0.6052352316943699
2017-06-18,daytime,6,-0.1797238985207262,0.7333167542591413,-0.03725027307001298
2017-06-18,nighttime,6,-0.46878462926994935,0.3483328834798839,-0.06246127153302505
2017-06-19,daytime,6,-0.5801369308033278,0.22741971539219002,-0.23459651882360325
2017-06-19,nighttime,6,0.23430604704612695,0.6549725511895719,0.4475425330813058
2017-06-20,daytime,6,0.9508431280181305,0.0035652058094417577,0.41068167985392223
2017-06-20,nighttime,6,-0.7805131364356376,0.06697489179679506,-0.9591932183572024
2017-06-21,daytime,6,0.990702256001115,1.2927017931451591e-4,0.35092338724288374
2017-06-21,nighttime,6,0.9194039524388894,0.00948181952851942,2.9211356466875413
2017-06-22,daytime,6,0.9030722887888156,0.01363715478863312,0.11365322780113739
2017-06-22,nighttime,6,0.99217223929952,9.167093790706363e-5,0.23229690869877542
2017-07-08,daytime,6,0.9456041230403909,0.0043578908542615,0.38709731798182767
2017-07-08,nighttime,6,0.9482679287676583,0.003945087920386164,0.4169278996865183
2017-07-09,daytime,6,0.9776897441452583,7.410688372361497e-4,0.21938049187570496
2017-07-09,nighttime,6,0.986302044050007,2.8016589469768435e-4,0.41506763133061375
2017-07-10,daytime,6,0.5046416056981399,0.30729440196773056,0.09297996809076285
2017-07-10,nighttime,6,0.8561424976523981,0.029553907334956855,0.09963792409816362
2017-07-11,daytime,6,0.6366735213331444,0.17402853394476653,0.2538483466362589
2017-07-11,nighttime,6,0.4593026280238203,0.3594930474955489,0.15068493150686213
2017-07-12,daytime,6,0.5501504827629203,0.25803007609317424,0.2075647910343225
2017-07-12,nighttime,6,-0.19836715506148633,0.7063520943895063,-0.19112627986342187
2017-08-03,daytime,6,0.9247890112218337,0.00827231651889245,0.12130988869172396
2017-08-03,nighttime,6,0.9278078923019796,0.007629428802039461,0.6632496155817513
2017-08-04,daytime,6,0.9651454906522718,0.0018010839621243747,0.18289650674601377
2017-08-04,nighttime,6,-0.87474476542184465,0.02255075390047463,-0.12075471698112868
2017-08-05,daytime,6,0.963856406031667,0.0019359308158284395,0.4343748058885646
2017-08-05,nighttime,6,0.9703902103829983,0.0013021294235827884,0.2474662162162151
2017-08-06,daytime,6,0.9963867161470059,1.9560143111299523e-5,0.7960502692998274
2017-08-06,nighttime,6,-0.010407095095311372,0.9843899209409267,-0.0018628912071501239
2017-08-07,daytime,6,0.5215311513355756,0.2886301384242222,0.3557235421166293
2017-08-07,nighttime,6,0.9930758632367797,7.174952060995552e-5,0.6781634690029934
2017-08-08,daytime,6,0.9789464320504597,6.602130594433398e-4,0.7068175168243482
2017-08-08,nighttime,6,0.9960993893124255,2.27924721690122e-5,0.8392448512585782
2017-08-09,daytime,6,0.545976527298235,0.2624103811219441,0.26640926640925977
2017-08-09,nighttime,6,0.9391021172467229,0.005449906699537065,2.353289244691948
2017-08-10,daytime,6,-0.1590741132199334,0.7634014814647987,-0.05310396409872964
2017-08-10,nighttime,6,-0.9012747084366213,0.014138902721345903,-0.6977152899824391
2017-08-11,daytime,6,0.8815413387422333,0.020217548757683005,0.3258869908015793
2017-08-11,nighttime,6,-0.6916090562649213,0.12799270489642067,-0.13342696629212458
2017-08-12,daytime,6,0.38014296063485004,0.45725253597220766,0.08670520231212694
2017-08-12,nighttime,6,-0.904106054511919,0.013352569650427195,-0.3178807947019635
2017-08-24,daytime,6,-0.7081235173895817,0.11535506835017785,-0.1735224586288425
2017-08-24,nighttime,6,0.8173810753422498,0.04697936687814871,1.233644859813042
2017-08-25,daytime,6,0.26630682412935364,0.6099829138548343,0.1384615384615347
2017-08-25,nighttime,6,-0.7862312691688182,0.06366130306340638,-1.5620275678078976
2017-08-26,daytime,6,0.6313999999132478,0.17875884365025038,0.09232264334305064
2017-08-26,nighttime,6,0.34538959804401254,0.5025170518739164,1.5849056603780705
2017-08-27,daytime,6,0.216926866066479,0.6797136934353527,0.037387964148526805
2017-08-27,nighttime,6,0.31149591164298857,0.5478683104271077,0.1386138613861989
2017-08-28,daytime,6,-0.9771305400463314,7.785377945934139e-4,-0.45153593796601116
2017-08-28,nighttime,6,-0.9856293642801538,3.0828887934230073e-4,-2.8041237113401536
2017-08-29,daytime,6,-0.9447018649865238,0.004502277970109419,-0.29862700228833206
2017-08-29,nighttime,6,0.5204224301995186,0.28984183161621097,0.2783109404990258
2017-08-30,daytime,6,-0.967365597493332,0.0015801284521437574,-0.21926605504587568
2017-08-30,nighttime,6,0.28111277139948776,0.589438225575577,0.026341463414633826
2017-08-31,daytime,6,0.3419914123234679,0.507012218879134,0.02599069468955441
2017-08-31,nighttime,6,0.7731860021278615,0.07133270792459351,0.06462882096069714
2017-09-01,daytime,6,-0.6519588191065958,0.16061941775486366,-0.06539235412475003
2017-09-01,nighttime,6,-0.8806472439889421,0.020517525750426476,-0.30215827338128826
2017-09-02,daytime,6,0.8241957254347829,0.04364391051002435,0.088459030645513
2017-09-02,nighttime,6,NA,NA,4.4767348096105784e-15
2017-09-03,daytime,6,-0.5090421751287311,0.30238924332680023,-0.04920074735312674
2017-09-03,nighttime,6,-0.876625864553368,0.02189281615104463,-0.2857142857142834
2017-09-04,daytime,6,0.7840353368286247,0.06492472821614888,0.42800000000000893
2017-09-04,nighttime,6,-0.9745078957555954,9.664880796496306e-4,-1.3936651583708857
2017-09-05,daytime,6,-0.9185586535436906,0.009678951648207574,-0.9000000000000494
2017-09-05,nighttime,6,-0.6956558460026647,0.12484305207488264,-3.0080645161290445
2017-09-06,daytime,6,-0.9659490355397974,0.0017194617660986058,-0.3238612620142138
2017-09-06,nighttime,6,-0.9748571776907864,9.402951082045345e-4,-3.208530805687183
2017-09-07,daytime,6,NA,NA,0
2017-09-07,nighttime,6,-0.8283026881691212,0.04168913480099114,-0.3071428571428355
2017-09-08,daytime,6,-0.6581658793648447,0.15530409380325214,-0.055086769622676085
2017-09-08,nighttime,6,0.8971456555469199,0.015324475372599577,0.39647946353731
2017-09-09,daytime,6,0.651624544836471,0.16090781334638982,0.15402684563758173
2017-09-09,nighttime,6,0.7860622542442485,0.0637581418376892,0.6861313868613103
2017-09-10,daytime,6,0.6429169540524027,0.16849692617692627,0.11760364128428942
2017-09-10,nighttime,6,-0.7029135107529053,0.1192800896119134,-0.239074550128517
2017-09-11,daytime,6,-0.7338319404129143,0.09683975780857655,-0.060714285714285894
2017-09-11,nighttime,6,0.9360385805612214,0.006005759661039786,0.4672897196261649
2017-09-12,daytime,6,0.9465675643895433,0.004206262288476604,0.21199767035526892
2017-09-12,nighttime,6,0.734857100981631,0.09613126210598953,0.22737471952131966
2017-11-15,daytime,6,0.8305050496256098,0.04065813622515176,0.26298119964189537
2017-11-15,nighttime,6,0.9380153744203069,0.00564406533930875,0.23204633204633596
2017-11-16,daytime,6,0.8642078128649078,0.026407305885027068,0.2544291338582655
2017-11-16,nighttime,6,0.9673115504302633,0.0015853377310060834,0.6757176105508198
2017-11-17,daytime,6,0.9675968007255615,0.0015579398346254989,0.3407505185743923
2017-11-17,nighttime,6,0.9243440052938564,0.008369223293965526,0.15455970734256874
2017-11-18,daytime,6,0.9455846759674662,0.0043609785991915,0.22268907563024973
2017-11-18,nighttime,6,0.9765494392186501,8.184451320535154e-4,0.13028518494012048
2017-11-19,daytime,6,0.9803492410089139,5.75434400213845e-4,0.4215283483976961
2017-11-19,nighttime,6,0.8270487321312244,0.04228154022585048,0.05947909611477169
2017-11-20,daytime,6,0.9510198846718749,0.0035398246319224267,0.30425055928411776
2017-11-20,nighttime,6,0.9729135609369015,0.0010905764476356764,0.3015154497146295
2017-11-21,daytime,6,0.6944985014276573,0.1257403429631943,0.12433955618175037
2017-11-21,nighttime,6,0.9175834428508185,0.009908826563996736,0.12863268222963758
2017-11-22,daytime,6,0.7752961811272072,0.07006485848476326,0.12119420632574719
2017-11-22,nighttime,6,0.7045353076395532,0.11805213376530278,0.07293986636971625
2017-11-23,daytime,6,-0.012768414259017367,0.9808484194441016,-0.0014265335235379526
2017-11-23,nighttime,6,0.9625558640489644,0.0020768454509503573,0.15619389587073937
2017-11-24,daytime,6,0.17461754578820193,0.740735838195568,0.020557029177716454
2017-11-24,nighttime,6,0.8879194071391714,0.018139107417325998,0.10788643533123426
2017-11-25,daytime,6,0.15278617699199,0.7726040254257391,0.023739270386264458
2017-11-25,nighttime,6,0.9153829760575384,0.010437130441918699,0.15287462176029368
2017-11-26,daytime,6,0.10326339612898326,0.8456554715887875,0.017912291537984217
2017-11-26,nighttime,6,0.8007441687862461,0.05559881360610157,0.10994959865596578
2017-11-27,daytime,6,0.2081247399844084,0.6923204460051259,0.038834951456308255
2017-11-27,nighttime,6,0.9439337027971638,0.004627024291660491,0.10170347003154659
2017-11-28,daytime,6,0.30638183440946126,0.5548072535048498,0.06155398587285461
2017-11-28,nighttime,6,NA,NA,-0
2017-11-29,daytime,6,0.33460786647676405,0.5168199542465088,0.0664025356576862
2017-11-29,nighttime,6,0.8759291158425017,0.02213542863647958,0.08262711864406555
2017-11-30,daytime,6,0.16326717041335231,0.7572752830179927,0.044183512891900374
2017-11-30,nighttime,6,0.9413294979137699,0.00506236310547341,0.16116377901274961
2017-12-01,daytime,6,0.07550605265571585,0.8869561572105513,0.017103491962939928
2017-12-01,nighttime,6,0.8358587487875347,0.038202349975896985,0.08658238606183051
2017-12-02,daytime,6,-0.6570536736938852,0.15625094109277998,-0.4520027624309448
2017-12-02,nighttime,6,0.9747058190215977,9.516018343136282e-4,0.22970421648835995
2017-12-03,daytime,6,-0.02194082368658546,0.9670940456235753,-0.004778338200158128
2017-12-03,nighttime,6,0.9629695112366028,0.0020314964868034836,0.24981711777615498
2017-12-04,daytime,6,0.4487124290437877,0.3721038747303791,0.11811824539096884
2017-12-04,nighttime,6,0.9656048615225035,0.001754193162506673,0.218345137329416
2017-12-05,daytime,6,0.3642469974682285,0.4777928983802484,0.09223300970873553
2017-12-05,nighttime,6,0.3816529296593381,0.4553161896738348,0.0347744360902261
2017-12-06,daytime,6,0.4859792596253306,0.3284193906852854,0.1070663811563043
2017-12-06,nighttime,6,0.9330386705425955,0.006575608201893294,0.19305331179321822
2017-12-07,daytime,6,-0.6996494783283964,0.12176827806595758,-0.532883642495788
2017-12-07,nighttime,6,0.0969762275752857,0.8549916597071747,0.018808777429472404
2017-12-08,daytime,6,0.9291915066679918,0.00734325276723872,0.48056994818652643
2017-12-08,nighttime,6,NA,NA,4.404181149244941e-15
2017-12-09,daytime,6,0.5908588550710655,0.21685032168986712,0.12731229597388458
2017-12-09,nighttime,6,0.929060874740295,0.007370043648719037,0.3980099502487608
2017-12-10,daytime,6,0.7664556381086871,0.0754453520148101,0.28633217993079324
2017-12-10,nighttime,6,0.9777557730470711,7.367051647040603e-4,0.6061135371179108
2017-12-11,daytime,6,0.6090636306857167,0.19937322128871504,1.1959999999999926
2017-12-11,nighttime,6,0.9767916300549256,8.016923092640487e-4,1.8838526912181295
2017-12-12,daytime,6,0.9721914432352231,0.0011492213454410796,1.3596214511041227
2017-12-12,nighttime,6,0.9911701008810018,1.1660645678226531e-4,1.10156250000001
2017-12-13,daytime,6,0.7080897520648987,0.11538032067647246,2.558823529411766
2017-12-13,nighttime,6,0.9620116351480639,0.0021372629902007482,1.841565703634649
2017-12-14,daytime,6,0.590906534656983,0.21680377275566592,1.87096774193543
2017-12-14,nighttime,6,0.9920840447059728,9.374550615200367e-5,2.3402225755166746
2017-12-15,daytime,6,0.19704831311580184,0.7082530299916638,0.6391752577319472
2017-12-15,nighttime,6,0.9981678940570273,5.031843444846212e-6,1.6214285714285648
2017-12-16,daytime,6,0.7332510097393048,0.09724227033165755,2.2093749999999805
2017-12-16,nighttime,6,0.9920109109610881,9.5483361531819e-5,1.315457413249208
2017-12-17,daytime,6,0.9382228062063099,0.005606748598888314,1.779141104294468
2017-12-17,nighttime,6,0.9378730697662929,0.005669735811296362,2.0396039603960325
2017-12-18,daytime,6,0.9878149251870405,2.2180947641852036e-4,2.40151106314085
2017-12-18,nighttime,6,0.9604950522018575,0.002310134832147326,1.3663663663663672
2017-12-19,daytime,6,0.9377626123201588,0.005689700612944891,1.6090133982947772
2017-12-19,nighttime,6,0.9569288829130821,0.0027427306210342996,2.7126325940212133
2017-12-20,daytime,6,0.982275886408589,4.6843234013636744e-4,1.6281179138322168
2017-12-20,nighttime,6,0.983002214503101,4.3093152755993124e-4,1.117343173431732
2017-12-21,daytime,6,0.9874855755739185,2.3393628094659443e-4,1.4093314093314215
2017-12-21,nighttime,6,0.9821490987351484,4.751378773720791e-4,1.516693163751983
2017-12-22,daytime,6,0.6367174584959423,0.17398934514674866,2.2542372881355934
2017-12-22,nighttime,6,NA,NA,NA
2017-12-23,daytime,6,0.9362447590024086,0.005967522187564585,2.1813725490196325
2017-12-23,nighttime,6,0.9965779449478266,1.754565424942058e-5,0.9265075376884419
2017-12-24,daytime,6,0.9410035384030788,0.005118202696099148,1.8347529812606524
2017-12-24,nighttime,6,0.984877976068759,3.41284392658888e-4,1.809815950920244
2017-12-25,daytime,6,0.9845596122388522,3.5576782406675575e-4,1.5563909774436198
2017-12-25,nighttime,6,0.9820620831998604,4.79767357181131e-4,1.3604783599088788
2017-12-26,daytime,6,0.9706678204582576,0.0012779467722534349,2.1540600667408327
2017-12-26,nighttime,6,0.9759069786644963,8.637178332663469e-4,1.5167195508909004
2017-12-27,daytime,6,0.9827093923076745,4.4586302730172805e-4,2.8629173989455032
2017-12-27,nighttime,6,0.992196532615077,9.110356226710061e-5,2.78753541076483
2017-12-28,daytime,6,0.9473628906728168,0.004083078011900733,2.9468522619424196
2017-12-28,nighttime,6,0.9934946692143825,6.334134232977243e-5,1.426975763962061
2017-12-29,daytime,6,0.9597951077828095,0.0023921557728225845,2.116572148708276
2017-12-29,nighttime,6,0.9918104151378666,1.003293154582534e-4,3.3008474576271087
2017-12-30,daytime,6,0.9579264845244546,0.002618032194074397,2.0631402495809605
2017-12-30,nighttime,6,0.980517430084605,5.656582910631544e-4,1.7186282151208119
2017-12-31,daytime,6,0.9873365346468382,2.3952965423269017e-4,3.3581890812250577
2017-12-31,nighttime,6,0.9890719118179042,1.7848213382777405e-4,1.9922360248447302
2018-01-01,daytime,6,0.8495342186940051,0.0322566580321811,2.6029593094944636
2018-01-01,nighttime,6,0.9905255864292472,1.3422153570675217e-4,0.7964104300711154
2018-01-02,daytime,6,0.9926356901875008,8.114989399737857e-5,1.6516736401673708
2018-01-02,nighttime,6,0.997076360913955,1.2809003113692044e-5,1.039285714285715
2018-01-03,daytime,6,0.9537889715924436,0.003153847838085309,2.1020725388601065
2018-01-03,nighttime,6,0.9728328528827438,0.0010970554145329227,0.9859394972305092
2018-01-04,daytime,6,0.9967789598784792,1.5545939890850266e-5,2.3788426763110353
2018-01-04,nighttime,6,0.9897065717441901,1.5838667951366053e-4,2.0677480916030637
2018-01-05,daytime,6,0.9864853183300684,2.7273572549136265e-4,2.222433789163942
2018-01-05,nighttime,6,0.953835618389884,0.0031475335802445686,2.696997690531173
2018-01-06,daytime,6,0.9829159728396948,4.353028699060642e-4,4.511544381734286
2018-01-06,nighttime,6,0.9861081053831099,2.881366422622555e-4,2.7694840834248042
2018-01-07,daytime,6,0.9946210806688887,4.3321346229449815e-5,2.570075757575767
2018-01-07,nighttime,6,0.9908980412407585,1.2389145102274492e-4,3.176646706586824
2018-01-08,daytime,6,0.9875386599951606,2.3195996251591444e-4,2.7701367781155195
2018-01-08,nighttime,6,0.9925419691380392,8.322592037407866e-5,3.083780160857907
2018-01-10,daytime,6,0.9803895187791034,5.730856496436356e-4,3.7960893854748736
2018-01-10,nighttime,6,0.997317611104937,1.078316510058802e-5,5.305299539170532
2018-01-11,daytime,6,0.8206804737049327,0.04535018492363047,4.880239520958135
2018-01-11,nighttime,6,0.9966225311585214,1.7091679769714977e-5,3.7968460111317177
2018-01-12,daytime,6,0.6541704089497913,0.1587168770168058,4.5189368770764196
2018-01-12,nighttime,6,0.9992773624158311,7.831189345721698e-7,2.9960745829244204
2018-01-13,daytime,6,0.6819496730866939,0.13564766457811106,4.616475354490182
2018-01-13,nighttime,6,0.9972939367237348,1.097425973179792e-5,4.802995391705079
2018-01-14,daytime,6,0.8456848473571092,0.03388238330383463,5.283323371189506
2018-01-14,nighttime,6,0.9964059375388339,1.9352714697631094e-5,2.8548387096774173
2018-01-15,daytime,6,0.7954976656616572,0.058455540126655825,4.469252077562334
2018-01-15,nighttime,6,0.9927268605562746,7.91554667597575e-5,3.5879828326179926
2018-01-16,daytime,6,-0.9212762321406497,0.009052204854635678,-2.3167062549485276
2018-01-16,nighttime,6,0.99097466564566306,1.218174035144821e-4,2.3864278982092277
2018-01-17,daytime,6,0.9429997089006908,0.0047809518594292425,2.1534721166995947
2018-01-17,nighttime,6,0.9944709487236975,4.577109934724497e-5,1.8363880196691982
2018-01-18,daytime,6,0.9546733904630247,0.0030351905038064337,3.1920131291028673
2018-01-18,nighttime,6,0.9733862296684201,0.0010530139863221774,4.409836065573747
2018-01-19,daytime,6,0.9357064620866178,0.006067604744750547,3.9516949152542566
2018-01-19,nighttime,6,0.9962515851903028,2.1049586614311906e-5,2.1857682619647365
2018-01-20,daytime,6,0.9437029775292266,0.004664819491130371,3.414052372310086
2018-01-20,nighttime,6,0.9997950768578722,6.298593854994423e-8,3.0319148936169937
2018-01-21,daytime,6,0.9279447009801938,0.007600894839725954,3.676204819277112
2018-01-21,nighttime,6,0.9874187725146738,2.36435203385745e-4,4.316901408450687
2018-01-22,daytime,6,0.7727054904393929,0.07162285639353273,4.894906166219819
2018-01-22,nighttime,6,0.9972660275088286,1.1201690690700134e-5,2.504234026173973
2018-01-23,daytime,6,0.975846090449881,8.680711873853862e-4,3.723211911725612
2018-01-23,nighttime,6,0.9976903075729663,7.99585792727786e-6,2.4913461538461537
2018-01-24,daytime,6,0.7811860977441659,0.0665809330079893,4.645962732919297
2018-01-24,nighttime,6,0.9925841555611401,8.22882068612438e-5,1.9925496688741795
2018-01-25,daytime,6,0.8579161966073595,0.028847530566168872,4.396551724137941
2018-01-25,nighttime,6,0.994677849730607,4.2412549527421465e-5,3.1530612244897864
2018-01-26,daytime,6,0.7930015306231037,0.059837776364343405,4.434817170111289
2018-01-26,nighttime,6,0.9980163124769073,5.898621362651988e-6,4.0183875530409745
2018-01-27,daytime,6,0.6215252958203092,0.18775770728427318,5.031700288184449
2018-01-27,nighttime,6,0.9994657225653811,4.2810231033246593e-7,3.5998125585754326
2018-01-28,daytime,6,0.8186463971488283,0.04635141285703749,4.930220625962019
2018-01-28,nighttime,6,0.995901328244348,2.516423822170177e-5,3.734860883797014
2018-01-29,daytime,6,0.9333271217114114,0.006519719486107915,3.859722670106398
2018-01-29,nighttime,6,0.996617275273438,1.7144885897340902e-5,4.22431506849315
2018-01-30,daytime,6,0.8267215616988883,0.042436747070957084,4.4343629343629125
2018-01-30,nighttime,6,0.9993729183676998,5.897237662665881e-7,1.9874757452813494
2018-01-31,daytime,6,0.8110762316234019,0.050166733843880214,4.204831932773174
2018-01-31,nighttime,6,0.9991499966706263,1.0834514238112716e-6,3.8797624938149435
2018-02-01,daytime,6,0.5243464228919975,0.28556205112771316,2.8565217391304487
2018-02-01,nighttime,6,0.9984118199316787,3.781470948176864e-6,3.0219490781386975
2018-02-02,daytime,6,0.7702661383786614,0.07310406441672589,6.246153846153748
2018-02-02,nighttime,6,0.9695199964871212,0.0013793874930263024,3.655896607431332
2018-02-03,daytime,6,0.9350639346763767,0.006188131157167826,2.3934980494148403
2018-02-03,nighttime,6,0.9897782665572893,1.5619174890770275e-4,5.071186440677983
2018-02-04,daytime,6,0.8452337350904455,0.03407536816382674,3.380122950819741
2018-02-04,nighttime,6,0.9767024847802598,8.078386778487947e-4,7.5812499999999705
2018-02-05,daytime,6,0.7614109145535953,0.07859631531824196,3.6822641509434897
2018-02-05,nighttime,6,0.9987759953502822,2.2463641796352217e-6,2.4605116796440156
2018-02-06,daytime,6,0.8095751640318669,0.05093987088582683,0.29621821056792763
2018-02-06,nighttime,6,0.9983455781494912,4.103403320493086e-6,3.5989240884638245
2018-02-07,daytime,6,0.8356202582127461,0.03831022146088036,1.6339910884786926
2018-02-07,nighttime,6,0.9705879550182795,0.001284880869810549,2.4229934924077865
2018-02-08,daytime,6,-0.6045236229701504,0.2036757850807749,-24.588235294126346
2018-02-08,nighttime,6,0.9933292953014935,6.659903424865406e-5,0.9255751014884956
2018-02-09,daytime,6,0.05813491420382748,0.9128958670561195,0.21765913757693445
2018-02-09,nighttime,6,0.7981418207235824,0.05700755699754468,4.131147540983707
2018-02-10,daytime,6,0.15921348764257587,0.7631977146827473,0.6548913043478185
2018-02-10,nighttime,6,0.9798706213006574,6.037096997644569e-4,2.27981651376147
2018-02-11,daytime,6,-0.9119508064000863,0.01128768298803514,-2.5225152129817388
2018-02-11,nighttime,6,0.9895409522706341,1.6351545270968388e-4,2.469289827255294
2018-02-12,daytime,6,0.7981396784021106,0.05700872339950014,0.36947562881909946
2018-02-12,nighttime,6,0.9940758936825168,5.2538600130031476e-5,0.9571984435797601
2018-02-13,daytime,6,0.9706977745841241,0.0012753508770206245,2.733642887294223
2018-02-13,nighttime,6,0.9954856377925653,3.052319906399792e-5,1.0617935192162766
2018-02-14,daytime,6,0.9633075553753612,0.001994803068545321,3.180244829041826
2018-02-14,nighttime,6,0.9853455044518489,3.205578021308378e-4,3.0972696245733626
2018-02-15,daytime,6,0.9766968757528111,8.082261864948931e-4,3.741071428571472
2018-02-15,nighttime,6,0.9957855305013765,2.6605201548784918e-5,3.69085768143258
2018-02-16,daytime,6,0.45328284059735185,0.36664269412868555,2.292592592592585
2018-02-16,nighttime,6,0.9833827829266797,4.1190358300408764e-4,2.994382022471895
2018-02-17,daytime,6,0.133916921035849,0.8003254341844442,0.7093954843408089
2018-02-17,nighttime,6,0.9949319448941795,3.846268687315292e-5,2.3088927421352476
2018-02-18,daytime,6,0.06572572443346568,0.9015533766704149,0.20345744680846797
2018-02-18,nighttime,6,0.9620763340751496,0.002130035663465869,5.63739021329987
2018-02-19,daytime,6,0.7114015391071274,0.1129150585038334,4.6457142857142735
2018-02-19,nighttime,6,0.9974550978465213,9.70654939245302e-6,1.6935840707964598
2018-02-20,daytime,6,0.8047279192332463,0.05347380032048837,1.9326388888889061
2018-02-20,nighttime,6,0.9108537883114225,0.011566346017952306,4.372340425531668
2018-02-21,daytime,6,0.8428704705025842,0.0350947939489663,1.8177399756986776
2018-02-21,nighttime,6,-0.45564342058158663,0.36383314552786483,-4.231316725978507
2018-02-22,daytime,6,-0.8213195594874081,0.045037711338526916,-6.309523809523865
2018-02-22,nighttime,6,0.028953528752085653,0.9565818428422836,0.5142857142851397
2018-02-23,daytime,6,0.8736589861068899,0.022934746783729865,1.3609782316581485
2018-02-23,nighttime,6,0.9861146993006815,2.878638093401088e-4,2.0632054176072017
2018-02-24,daytime,6,0.4924107417112421,0.32108089464722983,1.6685520361991186
2018-02-24,nighttime,6,-0.7914656380463352,0.06069564705417488,-3.090206185567069
2018-02-25,daytime,6,0.7098449294298772,0.11407087485165039,1.4681303116147324
2018-02-25,nighttime,6,0.962397033894924,0.0020943896113119623,3.2152466367712975
2018-02-26,daytime,6,0.7875821354188962,0.06288973346847566,1.4320416911826537
2018-02-26,nighttime,6,-0.9061255523959885,0.012804987719243474,-5.455223880597152
2018-02-27,daytime,6,0.5745181508485472,0.23303869436173935,0.9868562552276171
2018-02-27,nighttime,6,-0.19955901480096477,0.7046350769841158,-1.1167315175096852
2018-02-28,daytime,6,0.48317260901974846,0.3316408032370224,1.3364928909952563
2018-02-28,nighttime,6,-0.7205098324571262,0.10625597782269725,-2.598039215686301
2018-03-01,daytime,6,0.866181279106353,0.02566299906156181,1.3153588694682021
2018-03-01,nighttime,6,0.9950281738110505,3.7017134055555286e-5,1.2189992748368306
2018-03-02,daytime,6,0.9095265964964905,0.011907872951679787,1.071767241379307
2018-03-02,nighttime,6,-0.9445911048450731,0.004520161803878434,-4.56485355648545
2018-03-03,daytime,6,0.9060988655613051,0.012812151559753189,1.183293978748524
2018-03-03,nighttime,6,-0.8348731383116027,0.038649073478130576,-2.7341772151899244
2018-03-04,daytime,6,0.577069033572846,0.2304809451831127,0.747582205029019
2018-03-04,nighttime,6,-0.8648694125437193,0.0261566526104703,-2.134908536585421
2018-03-05,daytime,6,0.3191852548856114,0.5374812911802036,0.9584093396570355
2018-03-05,nighttime,6,0.8578585386714457,0.028870365639757995,9.568965517240592
2018-03-06,daytime,6,0.5799837465764486,0.22757217888763187,1.5957120980092
2018-03-06,nighttime,6,0.9102155944387574,0.011729972425490082,2.305825242718375
2018-03-07,daytime,6,0.8451620207833345,0.034106094934661116,1.6782777694722721
2018-03-07,nighttime,6,-0.7765802747153212,0.06929840922579227,-11.200000000000374
2018-03-08,daytime,6,0.8281143363490531,0.041777868470880025,1.371400778210122
2018-03-08,nighttime,6,-0.9053293102837012,0.013019564339411283,-1.8050632911392337
2018-03-09,daytime,6,0.9579108716841009,0.0026199617492474706,1.0945354150799715
2018-03-09,nighttime,6,-0.965253935291292,0.0017899592480331698,-1.9414634146341578
2018-03-10,daytime,6,0.7168658801313338,0.1088986813242925,1.0444831013916591
2018-03-10,nighttime,6,-0.21530783662433278,0.6820288077612187,-3.804878048780337
2018-03-12,daytime,6,0.9641835694579789,0.0019012520875981028,1.3175398633257387
2018-03-12,nighttime,6,0.9103568589244371,0.011693657779475097,0.24522096608427388
2018-03-13,daytime,6,0.9601857603042256,0.0023462042813505676,0.6845004897159646
2018-03-13,nighttime,6,0.7907764749213325,0.06108239930194477,1.3707093821509786
2018-03-14,daytime,6,0.9525751602935011,0.0033203411626150673,2.22454751131223
2018-03-14,nighttime,6,-0.9447683419375905,0.004491560996409901,-1.850127011007643
2018-03-15,daytime,6,0.9392330614646449,0.005426736597269394,0.8602890039409644
2018-03-15,nighttime,6,0.5196152422706583,0.29072519430055016,3.5999999999987824
2018-03-16,daytime,6,0.9255120444367727,0.008116036731726261,1.119431279620861
2018-03-16,nighttime,6,0.9348621372129333,0.0062262236928775005,1.8454935622317683
2018-03-17,daytime,6,0.439107541204248,0.3836720434825111,0.585714285714279
2018-03-17,nighttime,6,-0.8310602686498904,0.04040012582165394,-0.7115902964959491
2018-03-18,daytime,6,0.9340933816749114,0.00637238480155079,0.9513637230593136
2018-03-18,nighttime,6,0.2760165134416786,0.5964894048422795,0.9910913140312142
2018-03-19,daytime,6,0.9837222117646047,3.9529305136293134e-4,1.3025066464109538
2018-03-19,nighttime,6,0.8647346999271128,0.026207597702847234,1.464997878659282
2018-03-20,daytime,6,0.9478384480965856,0.004010279953107112,0.6617161716171641
2018-03-20,nighttime,6,0.9986320347936742,2.8057132522289643e-6,0.8828517587939614
2018-03-21,daytime,6,0.9411608186461086,0.005091221821391069,0.5097366977509641
2018-03-21,nighttime,6,0.9204009496817012,0.009251843075257733,1.8510550268928194
2018-03-22,daytime,6,0.9991609394360013,1.0557385862742707e-6,0.5248894193639005
2018-03-22,nighttime,6,0.9892549353577903,1.7256432793111658e-4,1.8583599574014769
2018-03-23,daytime,6,0.9979467167054256,6.319630138933399e-6,0.48034549621011924
2018-03-23,nighttime,6,0.9541749781745703,0.0031017842087584864,1.914446002805025
2018-03-24,daytime,6,0.9868201206053764,2.594190979949235e-4,0.7432694976408579
2018-03-24,nighttime,6,0.9606670246068425,0.002290198742051856,0.8513921113689042
2018-03-25,daytime,6,0.983499282621589,4.0616415553114524e-4,0.4203296703296698
2018-03-25,nighttime,6,0.9745636196469005,9.622853790278353e-4,1.101297214803509
2018-03-26,daytime,6,0.7494092470282218,0.08632557414735412,1.4844192634561115
2018-03-26,nighttime,6,0.997241021570663,1.1407442340875697e-5,0.9530765520567732
2018-03-27,daytime,6,0.9632706258803391,0.001998795560259026,2.07142857142859
2018-03-27,nighttime,6,0.9973036527356034,1.0895631243979901e-5,0.8167384894533858
2018-03-28,daytime,6,0.9047943136612837,0.013164706054948726,0.444937369519833
2018-03-28,nighttime,6,0.9992313935592322,8.859067618048986e-7,0.7257824143070009
2018-03-29,daytime,6,0.9978262021271564,7.082959758786589e-6,0.31985546829852807
2018-03-29,nighttime,6,0.9916752960782462,1.0366258919196804e-4,0.5378704720087867
2018-03-30,daytime,6,0.9877368537705188,2.2465503804510234e-4,0.3066976553070169
2018-03-30,nighttime,6,0.9943128341254106,4.842381109148896e-5,0.5583454886434639
2018-03-31,daytime,6,0.9900937041965389,1.4671596915222614e-4,0.2942883623393288
2018-03-31,nighttime,6,0.9764083972433591,8.282804658378184e-4,1.4087102177554374
2018-04-01,daytime,6,0.9387764011009389,0.0055077504957082,0.2454810100873319
2018-04-01,nighttime,6,0.9983580786002111,4.041645591846553e-6,0.551678908709339
2018-04-02,daytime,6,0.9351676217409338,0.006168602971765771,0.505521048999311
2018-04-02,nighttime,6,0.9634358180062698,0.0019809670594487967,0.9845869297163932
2018-04-03,daytime,6,0.9658369867547224,0.0017307311886230795,0.2970217431025031
2018-04-03,nighttime,6,0.9903973156075482,1.3787458211736886e-4,1.1976284584980146
2018-04-04,daytime,6,0.9888412119567083,1.8608308783589082e-4,0.36241506302194193
2018-04-04,nighttime,6,0.9957804493916973,2.6669347283183918e-5,0.4859628960761777
2018-04-05,daytime,6,0.9924813819371914,8.458191405969878e-5,0.2618962645729238
2018-04-05,nighttime,6,0.9919028873412149,9.807941366999368e-5,0.5799662623503917
2018-04-06,daytime,6,0.9980425873539674,5.74344652196784e-6,0.3433393690715477
2018-04-06,nighttime,6,0.9629470026219201,0.0020339514359756037,0.265412794853467
2018-04-07,daytime,6,0.9985987770489921,2.9437630390291383e-6,0.44815215141549575
2018-04-07,nighttime,6,0.9999276898460584,7.842948498431276e-9,0.6287694182150477
2018-04-08,daytime,6,0.9387643526190935,0.0055098959118723674,0.23903782592728565
2018-04-08,nighttime,6,0.9892321014144972,1.7329720370741518e-4,0.45153007755187524
2018-04-09,daytime,6,0.9776372174459498,7.445493181632469e-4,0.23735203502513286
2018-04-09,nighttime,6,0.9994064020397735,5.28433227922819e-7,0.48506176386095673
2018-04-10,daytime,6,0.9959152930586033,2.4993169873555556e-5,0.33042729523194553
2018-04-10,nighttime,6,0.9903328302172821,1.397295387399218e-4,0.29641299079011185
2018-04-11,daytime,6,0.9800719270561835,5.917351380958321e-4,0.2627237791733058
2018-04-11,nighttime,6,0.9968738611726354,1.4643840474750384e-5,0.49346879535558597
2018-04-12,daytime,6,0.7604070220410738,0.07923029972880442,0.10697850863448143
2018-04-12,nighttime,6,0.9924268353067051,8.58120640187653e-5,0.3302646720368251
2018-04-13,daytime,6,0.8058350265598266,0.05289004203377366,0.09641809923532245
2018-04-13,nighttime,6,0.8129939412128655,0.04918697971975789,0.11929228154214751
2018-04-14,daytime,6,0.9941284173601493,5.16120112220422e-5,0.18296803962814784
2018-04-14,nighttime,6,0.9566507469894999,0.0027780065627679576,0.2701721731037679
2018-04-15,daytime,6,0.9560378646816392,0.0028565218770609723,0.12493764993705594
2018-04-15,nighttime,6,0.9442670610802107,0.004572682994784237,0.10473235065942624
2018-04-16,daytime,6,0.9870827687594581,2.492046429584626e-4,0.14450066646823587
2018-04-16,nighttime,6,0.9010536456811963,0.014201210294170595,0.12532648634291363
2018-04-17,daytime,6,0.9457982750502663,0.004327122836125977,0.18668252080856
2018-04-17,nighttime,6,0.8109432623879068,0.050234999555707156,0.5497134313481178
2018-04-18,daytime,6,0.9957768507550308,2.671482440661009e-5,0.2312761373716873
2018-04-18,nighttime,6,0.9668479807185315,0.0016303666044672682,0.2831646244006388
2018-04-19,daytime,6,0.8866178894515403,0.01855446245791322,0.2211421628189543
2018-04-19,nighttime,6,0.9673760865131268,0.0015791184593819763,0.48656716417910423
2018-04-20,daytime,6,0.9986779347861138,2.6206292545596313e-6,0.25630419218836986
2018-04-20,nighttime,6,0.9752047333337042,9.145857435300296e-4,0.4880918220946844
2018-04-21,daytime,6,0.9747133128324995,9.510404587522266e-4,0.14076143904994648
2018-04-21,nighttime,6,0.9751992411891501,9.149892603209634e-4,0.3282337642469211
2018-04-22,daytime,6,0.9782489841750551,7.045147585813045e-4,0.26517076086581726
2018-04-22,nighttime,6,0.9957038973160255,2.764510190099949e-5,0.21914147319191604
2018-04-23,daytime,6,0.9984982038036244,3.3813941537474306e-6,0.18253438800470154
2018-04-23,nighttime,6,0.9798075000243782,6.074889676589729e-4,0.16933136469099305
2018-04-24,daytime,6,0.9935141207145268,6.296352561618857e-5,0.2920341011798618
2018-04-24,nighttime,6,0.8836837369440592,0.019507360703726637,0.32094751509521746
2018-04-25,daytime,6,0.9681363831391108,0.0015067597121390683,0.18823652101365995
2018-04-25,nighttime,6,0.9406127582578089,0.005185541939705908,0.35089199614271954
2018-04-26,daytime,6,0.9969979504017882,1.3504924996701366e-5,0.16521009323286254
2018-04-26,nighttime,6,0.988937916164233,1.82877716250823e-4,0.2127463621293072
2018-04-27,daytime,6,0.9465053001678181,0.004215981931056579,0.7939431782703723
2018-04-27,nighttime,6,0.8801949949574251,0.020670063900518596,0.1872084458630012
2018-04-28,daytime,6,0.5575138519302371,0.2503729223523401,0.07655336151485212
2018-04-28,nighttime,6,0.952573565648173,0.003320562663833631,0.1398496240601516
2018-04-29,daytime,6,0.8578400090536689,0.02887770599839811,0.23434279372126116
2018-04-29,nighttime,6,0.8339028349740989,0.03909123577400334,0.9287169042769975
2018-04-30,daytime,6,0.960171432679521,0.0023478818398030565,0.5905431664661785
2018-04-30,nighttime,6,-0.9051190356926423,0.013076518009220417,-0.8785046728972002
2018-05-01,daytime,6,0.9358636232579891,0.006038300546951492,0.6138410084898394
2018-05-01,nighttime,6,-0.705604693427535,0.11724548077473715,-2.153465346534633
2018-05-02,daytime,6,-0.4178436623151685,0.4097108639316727,-0.25067114093960297
2018-05-02,nighttime,6,0.9898814915143672,1.5305833319178986e-4,0.8922106417992287
2018-05-03,daytime,6,0.9917884755866327,1.0086685180030299e-4,0.43809718252347946
2018-05-03,nighttime,6,0.9858623682751394,2.9839608335869856e-4,0.4127035830618896
2018-05-04,daytime,6,0.9918741792432664,9.877517469691839e-5,0.5338036301559006
2018-05-04,nighttime,6,0.9654273636168931,0.0017722390108084005,0.9965517241379239
2018-05-05,daytime,6,0.9638032438073656,0.0019415951499545693,0.32702850877192985
2018-05-05,nighttime,6,0.9950257394885744,3.705336172372992e-5,0.9814733127481171
2018-05-06,daytime,6,0.9895586498084139,1.629635233710905e-4,0.2625207371205657
2018-05-06,nighttime,6,0.9946362706455228,4.307723272797901e-5,0.7240974464338155
2018-05-07,daytime,6,0.2433828288813772,0.6421341721202859,0.0339036356774406
2018-05-07,nighttime,6,0.9789079364733764,6.62621048319351e-4,0.5737501410675923
2018-05-08,daytime,6,0.9675342899540473,0.0015639237015276184,0.2854455434117689
2018-05-08,nighttime,6,0.9892276193936244,1.7344123983470918e-4,0.293958171959722
2018-05-09,daytime,6,0.7977681921056524,0.05721114786444023,0.17602869058454204
2018-05-09,nighttime,6,0.9898802900870208,1.5309462078262745e-4,0.5560127319307471
2018-05-10,daytime,6,0.957964808429656,0.0026132988005942172,0.26032707653322334
2018-05-10,nighttime,6,0.9978053534914398,7.219424718149961e-6,0.38581460674157375
2018-05-11,daytime,6,0.9516099070585248,0.0034557464950202535,0.18787837387821996
2018-05-11,nighttime,6,0.9888053717631567,1.8727809830794802e-4,0.4675684485006503
2018-05-12,daytime,6,0.9399022661514113,0.005309077797683097,0.18735539684136107
2018-05-12,nighttime,6,0.9777958951050781,7.34059852131275e-4,0.26137044682692917
2018-05-13,daytime,6,0.8283862770091855,0.041649783839368425,0.1882522679210211
2018-05-13,nighttime,6,0.9782748083317884,7.028489586089538e-4,0.33280900235949035
2018-05-14,daytime,6,0.995220349526403,3.4212992276935834e-5,0.2816172506738553
2018-05-14,nighttime,6,0.9622790563554487,0.0021074683923547996,0.48618784530386217
2018-05-15,daytime,6,0.9398808490721882,0.0053128237688406296,0.22627441263262207
2018-05-15,nighttime,6,0.9937413792213232,5.863292494362621e-5,0.46798227950060456
2018-05-16,daytime,6,0.9107158198199529,0.011601625466107464,0.19809895198635163
2018-05-16,nighttime,6,0.9944283306464181,4.647876702138792e-5,0.30770826132043055
2018-05-17,daytime,6,0.908519885948054,0.012170136143856758,0.17740120473952375
2018-05-17,nighttime,6,0.9883761259185908,2.0188639632178078e-4,0.3755087275029377
2018-05-18,daytime,6,0.9687523961291981,0.0014493638421230904,0.6277517054526103
2018-05-18,nighttime,6,0.9961132646197117,2.263070997873423e-5,0.39461757958932253
2018-05-19,daytime,6,0.9743868992498709,9.756449019012867e-4,0.20459046361651287
2018-05-19,nighttime,6,0.9879737437484291,2.1607657537425163e-4,0.41831501831501766
2018-05-20,daytime,6,0.6508436644631721,0.1615823699345078,0.17452872733832456
2018-05-20,nighttime,6,0.9801476350178251,5.87262521814902e-4,0.33684747491923506
2018-05-21,daytime,6,-0.7310871028266887,0.09874811610969417,-0.31632173095014265
2018-05-21,nighttime,6,0.9307612449725771,0.007025042320877705,3.843685548467546
2018-05-22,daytime,6,0.9866662362525355,2.6549858354380613e-4,0.4697231833910043
2018-05-22,nighttime,6,0.4668092706088241,0.35064750709258585,0.5190369540873249
2018-05-23,daytime,6,0.5725760108238045,0.23499358482241986,0.29668246445498087
2018-05-23,nighttime,6,0.6380274147399142,0.17282265311747988,0.2808667211774357
2018-05-24,daytime,6,0.5704018022767616,0.23718975299240602,0.10286017381370233
2018-05-24,nighttime,6,0.9945742522101116,4.407824503246897e-5,1.7864644107351026
2018-05-25,daytime,6,0.9771818259229286,7.750632435998016e-4,0.5320227307633256
2018-05-25,nighttime,6,-0.5174710161678444,0.29307670051071966,-1.3161290322580705
2018-05-26,daytime,6,0.9928393090288914,7.672965878787418e-5,0.7141430137653842
2018-05-26,nighttime,6,-0.45003219648314974,0.37052398565676287,-0.7948717948716161
2018-05-27,daytime,6,0.9908383073653704,1.2552041717748652e-4,0.5892359759202146
2018-05-27,nighttime,6,0.7876387853258346,0.06285747108341097,0.7012779552715589
2018-05-28,daytime,6,0.9893908364898051,1.6823447182556252e-4,0.4571024382125291
2018-05-28,nighttime,6,0.9399021268119663,0.005309102164778833,1.2478813559321609
2018-05-29,daytime,6,0.9955331887995403,2.9884041643791575e-5,0.4442744755244785
2018-05-29,nighttime,6,0.8802520156284505,0.02065080175501298,0.8402061855669924
2018-05-30,daytime,6,0.9922571989364853,8.969435825315448e-5,0.36693844700283595
2018-05-30,nighttime,6,0.8929304443295192,0.016582117836238426,1.0550763105507583
2018-05-31,daytime,6,0.96082483370616,0.0022719795416693096,0.2899332739141977
2018-05-31,nighttime,6,0.9532406720338544,0.0032285340179492843,0.796392975794954
2018-06-01,daytime,6,0.9094135553989136,0.011937184086619678,0.2869431365447286
2018-06-01,nighttime,6,0.9236313749002595,0.008525553065698799,0.4056707451095323
2018-06-02,daytime,6,0.8292416099515164,0.041248118566583475,0.2929662968390205
2018-06-02,nighttime,6,0.9936783655765461,5.981827674217673e-5,0.3749999999999979
2018-06-03,daytime,6,0.8901964591291388,0.017423285750282225,0.20927678106873676
2018-06-03,nighttime,6,0.9920610611080916,9.428994333288651e-5,0.8707414829659288
2018-06-06,daytime,6,0.9411715677690395,0.0050893803967184984,0.5651245551601418
2018-06-06,nighttime,6,0.6997268741645598,0.12170901958153248,0.1350669512905135
2018-06-07,daytime,6,0.9903569628210652,1.3903390488034258e-4,0.1743786048677028
2018-06-07,nighttime,6,-0.4294663455867026,0.3954061561800656,-0.2610983229200788
2018-06-08,daytime,6,0.9896063030687733,1.6148199383752255e-4,0.13759312257101874
2018-06-08,nighttime,6,0.43773591727281347,0.38533401187047395,0.28363228699554177
2018-06-22,daytime,6,0.9782912926585701,7.017866523855729e-4,0.6852419904567182
2018-06-22,nighttime,6,0.8573778977897167,0.029061053401111175,1.5374149659863952
2018-06-23,daytime,6,0.9759138152785584,8.63229710332681e-4,0.719379228014328
2018-06-23,nighttime,6,0.8198694678701148,0.045748164445036904,3.895734597156533
2018-06-24,daytime,6,0.9701598833798204,0.0013223635341438778,0.9286359938533907
2018-06-24,nighttime,6,0.7004294742127628,0.12117164593734864,2.310204081632737
2018-06-25,daytime,6,0.9771507696190708,7.771663466715161e-4,0.7207705816614363
2018-06-25,nighttime,6,0.767993841549782,0.0744962051164061,1.296344647519611
2018-06-26,daytime,6,0.9888656320280481,1.8527103829893554e-4,0.5718497433030045
2018-06-26,nighttime,6,0.3605265309387553,0.48264071098615535,0.37885462555065363
2018-06-27,daytime,6,0.9922747981515484,8.928760022879633e-5,0.4667893414487425
2018-06-27,nighttime,6,-0.87854546603744,0.021231005437417745,-1.2268269534957064
2018-06-28,daytime,6,0.9608580101195465,0.0022681584269328087,0.43583500429676386
2018-06-28,nighttime,6,-0.04676913567888994,0.9298974467641173,-0.09567901234570501
2018-07-11,daytime,6,-0.9370326290258781,0.005822505367402217,-0.08076055430228875
2018-07-11,nighttime,6,-0.23540367066383538,0.6534169280456281,-0.15335748119253165
2018-07-12,daytime,6,-0.5468564220613803,0.261484605603594,-0.03232994014592354
2018-07-12,nighttime,6,-0.669097109084649,0.14612869369521597,-0.03152753108347777
2018-07-13,daytime,6,-0.7988485748792048,0.05662335973773186,-0.042181978798588336
2018-07-13,nighttime,6,-0.9430402340506864,0.004774221847773877,-0.1473824608202715
2018-07-14,daytime,6,0.9628328935529069,0.002046419497238689,0.12399256044637473
2018-07-14,nighttime,6,-0.21706078553111355,0.6795222729009376,-0.011217948717946962
2018-07-15,daytime,6,0.7607818554178555,0.07899331352581968,0.20185614849187866
2018-07-15,nighttime,6,0.9111201115019386,0.011498392548844254,0.18341531974701564
2018-07-16,daytime,6,0.9767358344026824,8.055365692609903e-4,0.3837807405890924
2018-07-16,nighttime,6,-0.8663539936105326,0.025598339834259427,-0.12261016023306537
2018-07-17,daytime,6,0.9958815612794789,2.540737871564249e-5,0.3740774310501122
2018-07-17,nighttime,6,0.924364038419395,0.008364848971589013,0.2792887029288705
2018-07-18,daytime,6,0.9944018768819808,4.692075392569332e-5,0.36670802710699696
2018-07-18,nighttime,6,0.9891661562552376,1.75422459552459e-4,0.3596616785946699
2018-07-19,daytime,6,0.962723666713988,0.002058389335936811,0.5939468159552124
2018-07-19,nighttime,6,0.9962201523658439,2.1403870395617236e-5,0.5110387583069468
2018-07-20,daytime,6,0.9356709500528612,0.0060742359056719444,0.4942021332770078
2018-07-20,nighttime,6,0.9776276032496004,7.451872422550687e-4,0.6475554950292797
2018-07-21,daytime,6,0.9693480760491714,0.0013949113017443404,0.45888209717058576
2018-07-21,nighttime,6,0.9680858354216189,0.0015115183409772656,0.651003372215159
2018-07-22,daytime,6,0.9759138999521318,8.632236656375189e-4,0.6641641290467465
2018-07-22,nighttime,6,0.5300840413386123,0.27934785442544513,2.3025210084034198
2018-07-23,daytime,6,0.9936508948470952,6.033873454254457e-5,0.7355406538139119
2018-07-23,nighttime,6,0.9683749163311614,0.0014844040264375188,1.4642424242424164
2018-07-24,daytime,6,0.9953031083422046,3.303937829442016e-5,0.6005849853753665
2018-07-24,nighttime,6,0.5885169450654941,0.21914165015171805,1.1653786707882665
2018-07-25,daytime,6,0.9978268570202415,7.078694227074561e-6,0.6537313432835831
2018-07-25,nighttime,6,-0.03727914284388388,0.9441071897894799,-0.05278174037089367
2018-07-26,daytime,6,0.7664828344187858,0.07542852328175456,0.7057778706509221
2018-07-26,nighttime,6,0.8675438088665963,0.025155015589572127,0.6340968212676891
2018-07-27,daytime,6,0.9850409619512477,3.3398551595660683e-4,0.7942672126464152
2018-07-27,nighttime,6,0.9284589943911623,0.007494095661028894,1.3421309872922673
2018-07-28,daytime,6,0.9980368379281505,5.777224961988156e-6,0.5279691441878539
2018-07-28,nighttime,6,0.9627219298137663,0.0020585799559085303,0.9438877755511027
2018-07-29,daytime,6,0.9964417128480941,1.896958472139097e-5,0.4439724454649841
2018-07-29,nighttime,6,0.17973657316777192,0.7332983564314537,0.7607361963191169
2018-07-30,daytime,6,0.9901546609547459,1.4491889356680113e-4,0.4247332421340633
2018-07-30,nighttime,6,0.9779184603838226,7.260081702914121e-4,3.1527272727272053
2018-07-31,daytime,6,0.9624216371365977,0.00209166720341818,0.49180882647018126
2018-07-31,nighttime,6,0.9787011921550312,6.756278361831758e-4,1.089358799454292
2018-08-01,daytime,6,0.9957925528068666,2.6516676422169428e-5,0.3684392903345047
2018-08-01,nighttime,6,0.9930263312031276,7.27785128052785e-5,1.2139830508474652
2018-08-02,daytime,6,0.9875060107222944,2.331744976928665e-4,0.39007633587786256
2018-08-02,nighttime,6,0.9890774417814379,1.783018740180805e-4,1.8553259141494365
2018-08-03,daytime,6,0.9992648940450638,8.103725289148119e-7,0.4436779294022883
2018-08-03,nighttime,6,0.857323960378055,0.029082489427115315,0.6029007251812937
2018-08-04,daytime,6,0.9964022801335737,1.9392098653646118e-5,0.4155524750704308
2018-08-04,nighttime,6,-0.3353291607952905,0.5158594108745548,-1.1445783132528604
2018-08-05,daytime,6,0.9796882380551197,6.146615217750634e-4,0.3608767082368745
2018-08-05,nighttime,6,-0.7369009498215733,0.09472566113359714,-0.48407643312102705
2018-08-06,daytime,6,0.9987528089943563,2.3322581131349354e-6,0.39363881840509257
2018-08-06,nighttime,6,-0.2511670045258831,0.6311719113924846,-0.2984014209591151
2018-08-07,daytime,6,0.9926069641843934,8.178342735618837e-5,0.3164308756246176
2018-08-07,nighttime,6,0.32741635294352706,0.5264252274547081,0.581270182992475
2018-08-08,daytime,6,0.6997121937534312,0.12172025874076256,0.117730477828695
2018-08-08,nighttime,6,0.8948430514843121,0.016005563814013562,0.9646946564885266
2018-08-09,daytime,6,0.9236371923680265,0.00852427118920611,0.1845133717753183
2018-08-09,nighttime,6,-0.32366943748507454,0.5314499571644634,-0.13968253968254413
2018-08-15,daytime,6,NA,NA,0
2018-08-15,nighttime,6,-0.8700726098995709,0.024225029680530624,-0.2787308334598447
2018-08-16,daytime,6,0.7633226953408941,0.07739534452072767,0.33713692946058355
2018-08-16,nighttime,6,0.9030828858565597,0.013634222831065744,0.14761904761904887
2018-08-19,daytime,6,0.35267335995851296,0.49292245160573417,0.47148128624143437
2018-08-19,nighttime,6,-0.9501471194726102,0.003666014621621283,-0.11758893280632159
2018-08-20,daytime,6,0.6782360038740886,0.13864165764741596,1.6388732394366192
2018-08-20,nighttime,6,0.2972317387426422,0.5672821144810012,2.290816326530605
2018-08-21,daytime,6,0.9616787126581363,0.002174643786484819,0.5408209606986925
2018-08-21,nighttime,6,0.3510389444166156,0.49507055666023897,0.5979998425072822
2018-08-22,daytime,6,0.9637186424659072,0.0019506261118409595,0.5578334825425243
2018-08-22,nighttime,6,-0.48354714629787016,0.331210255847012,-0.5837655601659869
2018-08-23,daytime,6,0.9424657491200181,0.004870060384821204,0.7439212930428704
2018-08-23,nighttime,6,0.9911963440924982,1.1591537515986988e-4,0.697507598784192
2018-08-24,daytime,6,0.1928211834999991,0.7143527714002909,0.130964684081106
2018-08-24,nighttime,6,0.9569090402974778,0.0027452399013638035,0.9685367702805107
2018-08-25,daytime,6,0.8700364843359794,0.02423819772400374,0.2597915190770169
2018-08-25,nighttime,6,0.8459720562100841,0.03375978494945325,2.2535641547861665
2018-08-26,daytime,6,0.9052314628105814,0.013046051761089713,0.46117546117546254
2018-08-26,nighttime,6,0.35694865220346783,0.4873168532686474,2.8846153846156763
2018-08-27,daytime,6,0.9460881836108948,0.004281379005131536,0.45635573175951377
2018-08-27,nighttime,6,0.8829299615137839,0.019755845370421816,2.2883018867924667
2018-08-28,daytime,6,-0.10821972268910979,0.8383041240608536,-0.008934747521329384
2018-08-28,nighttime,6,0.7733863499229666,0.07121188964329693,0.10960862124090212
2018-08-29,daytime,6,0.8042660701658597,0.053718200155889746,0.05201891596944314
2018-08-29,nighttime,6,-0.7865682304133519,0.06346843886874097,-0.07733619763694753
2018-08-30,daytime,6,0.8498388677834486,0.03212960438662648,0.1780151937300808
2018-08-30,nighttime,6,0.6289911101543679,0.18093715356188825,0.11548731642189564
2018-08-31,daytime,6,0.9056153945397056,0.012942270175714948,0.25287156282631545
2018-08-31,nighttime,6,0.9783256504825174,6.995750804348199e-4,1.3983471074380371
2018-09-01,daytime,6,0.8884273635705447,0.01797822642824284,0.3037548408823015
2018-09-01,nighttime,6,0.4409015914935645,0.3815019717881876,1.249999999999988
2018-09-02,daytime,6,-0.9852285450139615,3.256822882793027e-4,-0.4901803406155216
2018-09-02,nighttime,6,0.6855293040529397,0.13278843840335391,0.07688514890539798
2018-09-03,daytime,6,0.9240769716142243,0.008427637565786858,0.6540337711069413
2018-09-03,nighttime,6,-0.9677836218017317,0.0015401239270056992,-0.26634512325830495
2018-09-04,daytime,6,-0.6865421429257169,0.13198421157210508,-1.2897957424803947
2018-09-04,nighttime,6,-0.7901405101952726,0.0614402967233738,-0.8890570741697049
2018-09-05,daytime,6,-0.9363141828321421,0.005954673841092253,-0.2012207527975632
2018-09-05,nighttime,6,0.9192485734424639,0.00951790767249536,0.2785359801488809
2018-09-08,daytime,6,0.04822428221704141,0.9277196514212018,0.023255813953467222
2018-09-08,nighttime,6,0.5727449938994121,0.23482323468725225,2.4102564102563804
2018-09-10,daytime,6,-0.7009334079260513,0.12078685815606091,-0.05325828101320699
2018-09-10,nighttime,6,-0.7713892158398711,0.07242040574627134,-0.3636363636363708
2018-09-11,daytime,6,0.9830411914785402,4.2896309297538307e-4,0.2015090412384547
2018-09-11,nighttime,6,-0.5604418022789394,0.2473532843756943,-0.03140950137416452
2018-09-12,daytime,6,0.9886055662307213,1.9400999393501375e-4,0.15045740608577285
2018-09-12,nighttime,6,0.897274195391466,0.015286874701584664,0.3144073811213565
2018-09-18,daytime,6,0.8641316797168569,0.02643622247078249,0.08533983541603139
2018-09-18,nighttime,6,-0.5321455084908953,0.27712791175371965,-1.8189655172414387
2018-09-19,daytime,6,-0.7463082012743276,0.08837555080532232,-0.4427244582043517
2018-09-19,nighttime,6,-0.7955977779016302,0.0584004127478414,-0.11259005983636136
2018-09-20,daytime,6,0.766637535349021,0.07533282865547537,0.2126269956458634
2018-09-20,nighttime,6,-0.9552247056283405,0.002962357119870409,-0.30037313432835755
2018-09-21,daytime,6,-0.9632722278871305,0.001998622283620414,-0.21825277694386216
2018-09-21,nighttime,6,0.07161898324187088,0.8927552020019929,0.015021459227469105
2018-09-22,daytime,6,-0.7181578604333491,0.10795842345375603,-0.11180609851447695
2018-09-22,nighttime,6,-0.8212714554390993,0.045061196241631726,-0.6451612903225812
2018-09-23,daytime,6,NA,NA,-1.6117903284055469e-15
2018-09-23,nighttime,6,-0.9029078164004027,0.013682699404150024,-0.11877076411959898
2018-09-24,daytime,6,0.6968903157174382,0.12388904708377824,0.02388472682659409
2018-09-24,nighttime,6,NA,NA,2.4891169262590956e-15
2018-09-25,daytime,6,0.9931257885961495,7.071975395512607e-5,0.20713521227256626
2018-09-25,nighttime,6,0.5160522078400125,0.2946365893256878,0.013183657485970326
2018-09-26,daytime,6,0.4099600308453789,0.41951037649204503,0.28571428571428065
2018-09-26,nighttime,6,0.8802273946609407,0.02065911790761479,0.22137150466045635
2018-09-27,daytime,6,-0.2923933500112324,0.5739088946758317,-0.04303576621111082
2018-09-27,nighttime,6,0.3014786686603183,0.5614826028026443,0.05955522050508888
2018-09-28,daytime,6,0.9798687441037996,6.038219244257776e-4,0.4070824692933464
2018-09-28,nighttime,6,0.2599376224550175,0.6188752427517648,0.49999999999977746
2018-10-25,daytime,6,0.6703840872569508,0.14506414255800848,0.04681404421325938
2018-10-25,nighttime,6,-0.5862555603747405,0.2213633824703625,-0.09416317316994571
2018-10-26,daytime,6,-0.5623200478765761,0.24542380635285327,-0.023547094188381388
2018-10-26,nighttime,6,-0.20002141926430647,0.703969156397039,-0.04927884615383989
2018-11-17,daytime,6,-0.8114879678569428,0.049955623496949514,-0.10901429094906602
2018-11-17,nighttime,6,-0.8810434857385738,0.02038432229265516,-0.11666666666666309
2018-11-18,daytime,6,-0.5479220837327538,0.2603650775408704,-0.04312841969745949
2018-11-18,nighttime,6,NA,NA,4.007654605715226e-15
2018-11-19,daytime,6,-0.7263308772258865,0.10209398756978467,-0.10888909274378786
2018-11-19,nighttime,6,NA,NA,-0
2018-11-20,daytime,6,-0.32031934398665557,0.53595408422333,-0.028871391076119173
2018-11-20,nighttime,6,-0.7644338633355555,0.07670115919782042,-0.09889154531623334
2018-11-21,daytime,6,-0.47511719689414156,0.34094981576972083,-0.07145611103971389
2018-11-21,nighttime,6,NA,NA,3.3788783680515022e-15
2018-11-22,daytime,6,-0.5513182570542945,0.2568097083887492,-0.12334276776404793
2018-11-22,nighttime,6,-0.18773100345753532,0.7217115900885469,-0.013052936910802875
2018-11-23,daytime,6,-0.5952214665674267,0.2126078884814313,-0.20318237454100874
2018-11-23,nighttime,6,0.6008327554319937,0.20720117920748476,0.1900000000000082
2018-11-24,daytime,6,-0.4715523497226923,0.3450990472687054,-0.07791411042945628
2018-11-24,nighttime,6,0.8260609380613478,0.042750950374168824,0.15661103979461083
2018-11-25,daytime,6,-0.018318951477845933,0.972524646556584,-0.005302226935323501
2018-11-25,nighttime,6,0.5633622717047425,0.2443557201494747,0.07213114754098414
2018-11-26,daytime,6,-0.40173467331700885,0.4298161196853742,-0.07506546406750195
2018-11-26,nighttime,6,-0.9176132258154838,0.009901767407345887,-0.10420965744944224
2018-11-27,daytime,6,0.6527992338670806,0.15989531444712055,0.10306807286672406
2018-11-27,nighttime,6,0.8766715649946757,0.021876947561853863,0.11894273127753612
2018-11-28,daytime,6,-0.501002711925503,0.3113727036612922,-0.09606944308983116
2018-11-28,nighttime,6,-0.9655329195815489,0.0017614963540922965,-0.2319827895303008
2018-11-29,daytime,6,-0.9845084033244924,3.581254405414396e-4,-0.33656792645557054
2018-11-29,nighttime,6,-0.1616075085928407,0.7596990876978027,-0.024336283185836995
2018-11-30,daytime,6,-0.4258897802452136,0.39978972203400476,-0.4945652173913429
2018-11-30,nighttime,6,0.8698464438168944,0.02430752503160837,0.2656716417910333
2018-12-01,daytime,6,-0.5204303811964881,0.28983313533624266,-0.19755955839628878
2018-12-01,nighttime,6,NA,NA,-0
2018-12-02,daytime,6,-0.4545221936285086,0.36516667602062763,-0.16343283582090282
2018-12-02,nighttime,6,-0.4149335022877267,0.41331925796817975,-0.062499999999993776
2018-12-03,daytime,6,-0.27548684395792056,0.5972234957518197,-0.12287438288536028
2018-12-03,nighttime,6,-0.7590721152765875,0.08007688886718198,-0.08730158730158476
2018-12-04,daytime,6,-0.09384033677480247,0.8596526742537952,-0.045454545454550424
2018-12-04,nighttime,6,-0.8516306272526374,0.03138714372914119,-0.21428571428570609
2018-12-05,daytime,6,-0.5004682964405722,0.3119733310318725,-0.3103448275862136
2018-12-05,nighttime,6,-0.8989623715706322,0.01479717705199923,-0.19335705812573065
2018-12-06,daytime,6,0.5942724613167168,0.21352786742029095,1.1322957198443213
2018-12-06,nighttime,6,0.733306185659231,0.09720400838324858,0.16461366181411724
2018-12-07,daytime,6,0.005051793806313452,0.9924223737529865,0.008064516129014581
2018-12-07,nighttime,6,0.44721359549996076,0.3739009663000554,0.07500000000002054
2018-12-08,daytime,6,0.09658051660203139,0.8555796667842079,0.06255110384300358
2018-12-08,nighttime,6,0.4657780077916653,0.35185806034414036,0.13559322033900603
2018-12-09,daytime,6,-0.3079622150099887,0.5526603574916513,-0.22967452892344403
2018-12-09,nighttime,6,-0.9523188511306678,0.0033560365820097457,-0.24963757610901213
2018-12-10,daytime,6,-0.309310353782292,0.5508307778198135,-0.2525681413505049
2018-12-10,nighttime,6,-0.8265276702777822,0.04252885278856151,-0.14491017964071023
2018-12-11,daytime,6,-0.5319974714571364,0.27728710336192425,-0.7023121387283388
2018-12-11,nighttime,6,0.8401030744706739,0.03630649570097455,0.4815864022662867
2018-12-12,daytime,6,0.4976279396599698,0.31517278121182574,0.37919710475168916
2018-12-12,nighttime,6,-0.8737561667649599,0.02290025225597897,-0.48192771084333214
2018-12-13,daytime,6,-0.8362640971956259,0.03801933438937264,-1.2176470588235455
2018-12-13,nighttime,6,0.8173029975005104,0.04701824402114363,0.15415019762846494
2018-12-14,daytime,6,-0.09853377183014624,0.8526776697299228,-0.07680608365019237
2018-12-14,nighttime,6,-0.9450688643500165,0.0044432690766071795,-0.3580814717476944
2018-12-15,daytime,6,-0.25521826784301405,0.6254845932630417,-0.3267223382046055
2018-12-15,nighttime,6,0.8287839280248086,0.04146282023269639,0.12713936430317846
2018-12-16,daytime,6,-0.32944945545152726,0.5237045353214349,-0.6689419795222122
2018-12-16,nighttime,6,0.5871298709920479,0.22050333414074244,0.23586206896551964
2018-12-17,daytime,6,-0.07280301688324883,0.8909884128356185,-0.06151241534989478
2018-12-17,nighttime,6,0.6027648160364385,0.20535266695937654,0.2462809917355453
2018-12-18,daytime,6,0.07563591804864114,0.8867624716082272,0.12326227988877994
2018-12-18,nighttime,6,0.8486285727840267,0.03263575332502619,0.2954545454545485
2018-12-19,daytime,6,0.46702618131768825,0.3503930747897323,0.8168724279835378
2018-12-19,nighttime,6,0.8988375212416885,0.014833129992422716,0.17874090477697
2018-12-20,daytime,6,0.6394988527393884,0.1715160570537,0.9528795811518419
2018-12-20,nighttime,6,0.9055882162611889,0.01294960363774511,0.1962432031636195
2018-12-21,daytime,6,0.7174606910630843,0.108465352526249,0.816310372129851
2018-12-21,nighttime,6,0.9875088130116425,2.3307013016081536e-4,0.19063545150501943
2018-12-22,daytime,6,0.6455533521210955,0.16618364312445896,1.3891304347825948
2018-12-22,nighttime,6,0.9540973582348048,0.0031122191430092592,0.2612903225806469
2018-12-23,daytime,6,0.8987461096917704,0.014859480277358464,0.8829704510108919
2018-12-23,nighttime,6,0.9792006486388389,6.444204904950846e-4,0.2517467006765047
2018-12-24,daytime,6,0.97592605819803,8.623559280818787e-4,1.127037392138059
2018-12-24,nighttime,6,0.9835553269006505,4.034173659630542e-4,0.20197585071350269
2018-12-25,daytime,6,0.9728172292977058,0.0010983118188568136,1.0359907120743004
2018-12-25,nighttime,6,0.9776948746970122,7.407293146513378e-4,0.28611591695501626
2018-12-26,daytime,6,0.971002868444263,0.0012490595758756094,0.81685236768802
2018-12-26,nighttime,6,0.9597926471828627,0.002392446599912472,0.38335334133653703
2018-12-27,daytime,6,0.9120556905134561,0.011261212848298991,1.190045248868774
2018-12-27,nighttime,6,0.9871093707319212,2.4818147726710023e-4,0.35161290322580474
2018-12-28,daytime,6,0.910645768658967,0.011619557914358305,1.0639795265515068
2018-12-28,nighttime,6,0.9846740020794325,3.505293855915195e-4,0.356833092405206
2018-12-29,daytime,6,-0.48279488681514926,0.33207521777903326,-1.0550964187327827
2018-12-29,nighttime,6,0.9892545514360768,1.725766374513859e-4,0.2529701535786737
2018-12-30,daytime,6,0.9619874753776874,0.002139964904968602,0.7287782061816555
2018-12-30,nighttime,6,0.9926155629211665,8.15935301086366e-5,1.0435967302452394
2018-12-31,daytime,6,0.8523742781805115,0.031081400825518874,1.0143781452192633
2018-12-31,nighttime,6,0.9771620513167457,7.76402033944347e-4,0.3651306676516793
2019-01-01,daytime,6,-0.4224147159193004,0.4040645404305946,-1.67307692307701
2019-01-01,nighttime,6,0.9896111768451449,1.6133084919755356e-4,0.3110527940722449
2019-01-02,daytime,6,0.8491446271841273,0.03241948149156884,0.748664605004216
2019-01-02,nighttime,6,0.9981601236249377,5.074603489043576e-6,0.3785497656465376
2019-01-03,daytime,6,0.7361402063131244,0.09524776403240533,1.06529850746268
2019-01-03,nighttime,6,0.9920228731531225,9.51980186472692e-5,0.5158719617479098
2019-01-04,daytime,6,0.5415570949937565,0.26707939662856106,0.9830539694234635
2019-01-04,nighttime,6,0.9964739546472466,1.8627574090927465e-5,0.3845036958817333
2019-01-05,daytime,6,0.39343970261543276,0.440291656036214,0.6525592055003783
2019-01-05,nighttime,6,0.9934466948049827,6.42779949720179e-5,0.5027544910179647
2019-01-06,daytime,6,0.445587805667705,0.3758536850576095,0.7399171906149338
2019-01-06,nighttime,6,0.9877872950954022,2.2281447817826876e-4,0.70322291853178
2019-01-07,daytime,6,0.7231368017969542,0.10436861650175541,1.8352209283777319
2019-01-07,nighttime,6,0.987785362187417,2.2288486937820977e-4,1.6323051948051905
2019-01-08,daytime,6,0.9196041550181591,0.009435418889487542,1.7135610683997873
2019-01-08,nighttime,6,0.9941899266559633,5.053736321036947e-5,1.2121624969036378
2019-01-09,daytime,6,0.8851271694867415,0.019035733221229725,2.5316455696202755
2019-01-09,nighttime,6,0.9977382323113948,7.667604474262582e-6,1.5793437331898832
2019-01-10,daytime,6,0.8818435621033297,0.020116628029132118,1.301271186440679
2019-01-10,nighttime,6,0.9979857483990315,6.081728147628462e-6,3.3912556053811236
2019-01-11,daytime,6,0.9551823647400891,0.002967919836525435,1.737895523627609
2019-01-11,nighttime,6,0.9954730379157866,3.069369217781194e-5,2.412186379928301
2019-01-12,daytime,6,0.5643911149370593,0.24330314718322987,1.1453768038482053
2019-01-12,nighttime,6,0.9984280912437713,3.704403694439315e-6,1.2726482728655208
2019-01-13,daytime,6,0.6771232782060636,0.13954421759027927,1.3701923076923015
2019-01-13,nighttime,6,0.9996491972674636,1.8457225039185528e-7,0.943938779059659
2019-01-14,daytime,6,0.6033488961309907,0.20479517208812661,1.2195266272189362
2019-01-14,nighttime,6,0.9991801050801119,1.0080659414577158e-6,0.930400435848543
2019-01-15,daytime,6,0.9669115911706059,0.0016241508952253754,1.3302505966587184
2019-01-15,nighttime,6,0.9836490056796147,3.988467627298448e-4,1.2621483375959033
2019-01-16,daytime,6,0.9530957551717723,0.003248417413141924,0.9808695652173853
2019-01-16,nighttime,6,0.9980289309165102,5.823841084446448e-6,0.8824393828067585
2019-01-17,daytime,6,0.8295742525753158,0.04109240066692588,0.7032163742689989
2019-01-17,nighttime,6,0.9745687008949672,9.619026025191754e-4,0.42698339178191497
2019-01-18,daytime,6,0.9664423977718181,0.001670274180480555,0.8818897637795291
2019-01-18,nighttime,6,-0.917683022286991,0.009885233818159412,-0.1427980132450283
2019-01-19,daytime,6,0.9283242125399045,0.007522013503499807,0.8217027810953778
2019-01-19,nighttime,6,0.9854545632289601,3.158159092190325e-4,0.1829988193624575
2019-01-20,daytime,6,0.9688889597947749,0.001436789095494701,0.7539404553415058
2019-01-20,nighttime,6,0.9980004755756502,5.993149738132449e-6,0.17938931297710015
2019-01-21,daytime,6,0.9306210521904356,0.007053181953003386,0.6143646408839702
2019-01-21,nighttime,6,0.9945303127337474,4.479439855952001e-5,0.22878720568636177
2019-01-22,daytime,6,0.9353960879400524,0.00612568062221303,0.6243756243756244
2019-01-22,nighttime,6,0.9934623206766702,6.397216210579664e-5,0.4220637294374822
2019-01-23,daytime,6,0.9471732274514506,0.0041122908576939066,0.8574797843665728
2019-01-23,nighttime,6,0.9409491340222588,0.005127551833332884,0.08562367864693737
2019-01-24,daytime,6,0.9519593614322079,0.0034064178651704914,0.6950008709284068
2019-01-24,nighttime,6,0.9538341934770826,0.003147726368749846,0.19458741490951428
2019-01-25,daytime,6,0.9348866576259883,0.006221588972116437,0.7751821688812717
2019-01-25,nighttime,6,0.9899282731825071,1.5164868525113163e-4,0.25503004964724496
2019-01-26,daytime,6,0.8562360881737222,0.02951643276919844,0.7144434628975269
2019-01-26,nighttime,6,0.5840744988612874,0.2235147209955986,0.192412983965587
2019-01-27,daytime,6,0.5835488900498873,0.2240344145127138,0.8957977981082339
2019-01-27,nighttime,6,0.9948952150162145,3.9021732234670865e-5,0.3784209653342172
2019-01-28,daytime,6,0.499872938646643,0.3126429561299417,0.3990421751892387
2019-01-28,nighttime,6,0.9935814300049963,6.166484491693824e-5,0.6139412747672494
2019-01-29,daytime,6,0.20520817129556004,0.6965084414848155,0.6620689655172056
2019-01-29,nighttime,6,0.9984707628740609,3.5060611699081458e-6,0.5530262453133369
2019-01-30,daytime,6,0.9001370811427272,0.014460957243784302,1.241959910913138
2019-01-30,nighttime,6,0.9900109268779576,1.4917400999766176e-4,1.6917159103578958
2019-01-31,daytime,6,0.9917748471542068,1.0120148029921839e-4,0.6382777755913255
2019-01-31,nighttime,6,0.9885717195600249,1.9516209204550482e-4,1.0445220427760784
2019-02-01,daytime,6,0.9105692204604828,0.011639168872769664,0.7410672418643922
2019-02-01,nighttime,6,0.9887233516196331,1.9002721295767767e-4,0.805967276227144
2019-02-02,daytime,6,0.8226138131311682,0.04440798453962867,1.154887432316901
2019-02-02,nighttime,6,0.9103934996877248,0.011684247495321105,1.0164549052280776
2019-02-03,daytime,6,0.9053893347342042,0.013003328521158165,0.7927102853070787
2019-02-03,nighttime,6,0.9630537193643165,0.0020223251318479173,1.162460480337231
2019-02-04,daytime,6,0.9700576763610715,0.0013313918308355596,0.891857862339113
2019-02-04,nighttime,6,0.9961236347492918,2.2510187800935633e-5,1.0504115226337447
2019-02-05,daytime,6,0.8623621327887265,0.027112555298677635,1.153790087463551
2019-02-05,nighttime,6,0.9962500100671299,2.106726976979376e-5,1.0943239951278896
2019-02-06,daytime,6,0.8935233225975355,0.01640234614271194,0.3120088544548952
2019-02-06,nighttime,6,0.9636446960878486,0.0019585366335781946,1.3948979591836672
2019-02-07,daytime,6,0.7871397674357145,0.06314192483412205,0.8097920035688357
2019-02-07,nighttime,6,0.9884458165832015,1.9947749478540065e-4,0.8696199874028989
2019-02-08,daytime,6,0.9007319341823283,0.014292122186418909,0.5246378170565843
2019-02-08,nighttime,6,0.9890325590903422,1.797675321608526e-4,0.757602862254024
2019-02-09,daytime,6,0.8638735390778794,0.026534380249495487,0.5026298173472303
2019-02-09,nighttime,6,0.9852886030274541,3.23045842803215e-4,0.5204254518072287
2019-02-10,daytime,6,0.9908944389605856,1.239893860770276e-4,1.204427832087409
2019-02-10,nighttime,6,0.9842011279040158,3.724348055826895e-4,1.1545307443365702
2019-02-11,daytime,6,0.9904885891593362,1.3527017017109303e-4,2.4774193548387076
2019-02-11,nighttime,6,0.9666247149111085,0.0016522759560016582,4.758985200845655
2019-02-12,daytime,6,0.7816058566578129,0.06633573903723106,1.3099053687764535
2019-02-12,nighttime,6,0.9936513156835195,6.03307444489744e-5,1.6109929474980438
2019-02-13,daytime,6,0.552854890627954,0.2552073063951643,1.110863198995951
2019-02-13,nighttime,6,0.9938774106730321,5.6114394101961824e-5,0.949287088205658
2019-02-14,daytime,6,0.8833226842239227,0.019626195104420856,1.544968400583383
2019-02-14,nighttime,6,0.9811994107699763,5.268705846981438e-4,1.249989647604455
2019-02-15,daytime,6,0.8527906383312759,0.030910836930308248,1.1577422825457206
2019-02-15,nighttime,6,0.9821909961134555,4.7291677179438164e-4,1.8792160065332792
2019-02-16,daytime,6,0.6463565437022715,0.16548156273932674,1.1204184424641666
2019-02-16,nighttime,6,0.9905372784840494,1.3389098703031686e-4,1.7115384615384595
2019-02-17,daytime,6,0.45354129864330844,0.3663347087406491,1.2280388151174688
2019-02-17,nighttime,6,0.9985249081255295,3.262239233910493e-6,1.001197502352237
2019-02-18,daytime,6,-0.8530885726284599,0.030789058957908066,-7.8679245283018435
2019-02-18,nighttime,6,0.9992706436251687,7.977470877889062e-7,0.86682791983414
2019-02-19,daytime,6,0.8870033763154332,0.018430971612492842,0.7504846302963081
2019-02-19,nighttime,6,0.9567844346583725,0.0027610232589983554,0.5729566933222573
2019-02-20,daytime,6,0.49091719706988696,0.3227796516247774,1.6506973923590103
2019-02-20,nighttime,6,0.9857553676225123,3.02919141370662e-4,0.5869853917662669
2019-02-21,daytime,6,0.8641860183270792,0.026415582263488706,0.9406813627254544
2019-02-21,nighttime,6,0.9918060302027548,1.0043663531634016e-4,1.1647390691114212
2019-02-22,daytime,6,0.9346234434255344,0.00627142844531564,1.1741842610364572
2019-02-22,nighttime,6,0.9877971337212486,2.2245635404988408e-4,0.4964912280701748
2019-02-23,daytime,6,0.8757403487721686,0.0222013782403327,1.1109785202863967
2019-02-23,nighttime,6,0.9563281134209862,0.00281920426963647,0.18680445151033598
2019-02-24,daytime,6,0.8553326290843615,0.029879126054955393,1.1294577920449438
2019-02-24,nighttime,6,0.9978576896968988,6.879324092624723e-6,0.38263201320132256
2019-02-25,daytime,6,0.9432805438006386,0.00473440907931694,1.0000000000000018
2019-02-25,nighttime,6,0.9984103088301106,3.7886683548390653e-6,0.6057692307692298
2019-02-26,daytime,6,0.9422842883581594,0.004900526554700759,1.2290848686197553
2019-02-26,nighttime,6,0.9966739388152351,1.6575626926928505e-5,0.6748675246025764
2019-02-27,daytime,6,0.20815629335052396,0.6922751664108133,0.6349693251533401
2019-02-27,nighttime,6,0.9997921106298044,6.482249308008896e-8,0.4754144160923811
2019-02-28,daytime,6,0.8675688403365546,0.025145728437733893,1.2122017447570625
2019-02-28,nighttime,6,0.9904858175916634,1.3534889003744149e-4,1.0304945054944918
2019-03-01,daytime,6,0.8340083367985868,0.03904304495448413,1.639808362369341
2019-03-01,nighttime,6,0.995960568986294,2.4442548667922643e-5,0.5481405136133295
2019-03-02,daytime,6,0.8023060638208879,0.05476111318487915,1.7373956275097306
2019-03-02,nighttime,6,0.9849981187425326,3.3589652689069765e-4,0.7812432549104265
2019-03-03,daytime,6,0.8959911922015152,0.0156641732396682,1.5517192585255428
2019-03-03,nighttime,6,0.9845575287085032,3.5586359693948535e-4,1.0231618838664627
2019-03-04,daytime,6,0.7520374129522955,0.08460512191173958,0.683918471881337
2019-03-04,nighttime,6,0.9751849683815015,9.160383193636391e-4,0.4287681292454573
2019-03-05,daytime,6,0.8961968485623557,0.015603397002569694,0.7790666387634922
2019-03-05,nighttime,6,0.9822636374263828,4.690780963387542e-4,0.5813595929274806
2019-03-06,daytime,6,0.9254160032276355,0.008136711955937665,0.7922764453842303
2019-03-06,nighttime,6,0.986013290444927,2.9207396994958284e-4,0.750604546187328
2019-03-07,daytime,6,0.9782703851661455,7.031341381872487e-4,1.5039426523297499
2019-03-07,nighttime,6,0.9722522608257538,0.001144223537988444,0.6813928698329986
2019-03-08,daytime,6,0.8329544702622659,0.039525676820433876,1.2114270493440762
2019-03-08,nighttime,6,0.9931425355400579,7.03759927171585e-5,1.227160927617706
2019-03-09,daytime,6,0.8597465434371914,0.02812708299518771,1.7181637293916916
2019-03-09,nighttime,6,0.9985545482085738,3.132486308473183e-6,1.333109469442574
2019-03-11,daytime,6,-0.9087693854573816,0.012104880200573502,-0.18171530953840356
2019-03-11,nighttime,6,0.9954538223432257,3.095461734133498e-5,3.661312849161963
2019-03-12,daytime,6,0.9939515586444676,5.476482723785321e-5,0.5130679533574622
2019-03-12,nighttime,6,-0.882522608121827,0.019890757326239298,-6.750000000001837
2019-03-13,daytime,6,0.9925816223077836,8.234436608090975e-5,0.22163495419309276
2019-03-13,nighttime,6,0.9100217554676391,0.011779890998729413,0.30258946755892113
2019-03-14,daytime,6,0.87478719379237,0.022535811616058915,0.1607673601729248
2019-03-14,nighttime,6,0.7960276504475954,0.05816397289049228,0.8364312267658047
2019-03-15,daytime,6,0.8903375501222308,0.017379387123626064,0.2532239155920312
2019-03-15,nighttime,6,0.8425639197839637,0.03522806429327152,0.17975970425138418
2019-03-16,daytime,6,0.6677501882553573,0.14724638814597651,0.06158011663426811
2019-03-16,nighttime,6,0.7414672991144715,0.09161868219347004,0.39705882352942035
2019-03-17,daytime,6,0.6654502229778553,0.14916333005739832,0.07034027425088896
2019-03-17,nighttime,6,0.46816458878452266,0.34905882518316395,0.05479452054794963
2019-03-18,daytime,6,0.8082256494542542,0.05163962114454031,0.19741309620048547
2019-03-18,nighttime,6,0.6181757104940024,0.1908516409641385,0.41363636363636674
2019-03-19,daytime,6,0.9781271108344843,7.124026709766909e-4,0.10981288865341249
2019-03-19,nighttime,6,0.9036816377213762,0.013469056716727065,0.19215070643642504
2019-03-20,daytime,6,0.9067997732562109,0.012624641659306912,0.17718560074801395
2019-03-20,nighttime,6,0.958752892397615,0.002516898483656934,1.8636363636362852
2019-03-21,daytime,6,0.9274581074810464,0.007702619705626827,0.1640851887705698
2019-03-21,nighttime,6,0.966492486899164,0.0016653198136012677,0.8317757009345683
2019-03-22,daytime,6,0.9959043456323203,2.512722600826055e-5,0.2846005774783449
2019-03-22,nighttime,6,0.9819565531563099,4.8541179482860445e-4,1.1634615384615448
2019-03-23,daytime,6,0.9115543808673118,0.011388002747470479,0.3335170893053998
2019-03-23,nighttime,6,0.8886188019819248,0.017917772074608988,0.48192120885051604
2019-03-24,daytime,6,0.9654496656198915,0.001769966599247103,0.3509471585244257
2019-03-24,nighttime,6,0.9475784928801064,0.004049994084635409,0.5484864032837339
2019-03-25,daytime,6,0.9795635762910087,6.222035112632651e-4,0.24453470314179807
2019-03-25,nighttime,6,0.9250663491937751,0.008212199860943155,0.984771573604064
2019-03-26,daytime,6,0.9530246843384031,0.003258190670866003,0.18674423436525983
2019-03-26,nighttime,6,-0.5363846422195421,0.2725842429073074,-0.8214285714285768
2019-03-27,daytime,6,-0.9140725057941615,0.010758077092047973,-0.30555339805825416
2019-03-27,nighttime,6,0.9099131244293504,0.011807911167717094,1.578680203045723
2019-03-28,daytime,6,0.9815126281109311,5.095150450792896e-4,0.06788343454218566
2019-03-28,nighttime,6,-0.39344473768231936,0.44028527255410027,-0.23529411764703903
2019-03-29,daytime,6,0.961378319299773,0.002208646619880108,0.13695338779432772
2019-03-29,nighttime,6,0.8879591673549698,0.018126489682497325,0.3060836501901095
2019-03-30,daytime,6,-0.12848918943761453,0.8083268601685407,-0.11960943856795601
2019-03-30,nighttime,6,0.8825004853250717,0.01989809678650291,0.2375000000000033
2019-03-31,daytime,6,0.9186947067633183,0.009647089680556942,0.17875108412835783
2019-03-31,nighttime,6,-0.7215511540726838,0.10550604672926656,-0.03541741958800037
2019-04-01,daytime,6,0.9357885321410987,0.006052293350647786,0.17382812499999994
2019-04-01,nighttime,6,0.7222953378928471,0.10497154401491404,0.16010165184244005
2019-04-02,daytime,6,0.9762171545907226,8.417095327086642e-4,0.2238424446639175
2019-04-02,nighttime,6,0.7680485635321778,0.07446253932389138,0.6864274570982852
2019-04-03,daytime,6,0.9865496396723548,2.7015162232386263e-4,0.18572686223837725
2019-04-03,nighttime,6,0.8519721004321531,0.031246575734689152,0.4678111587982772
2019-04-04,daytime,6,0.9652112620705061,0.0017943327856972766,0.559993230665094
2019-04-04,nighttime,6,-0.8527114092600544,0.03094325933101432,-2.442857142857157
2019-04-05,daytime,6,0.9873094881266494,2.4055173970685863e-4,0.5496018936948609
2019-04-05,nighttime,6,0.756877140179374,0.08147774632383195,2.0769230769230878
2019-04-06,daytime,6,0.8414798248236466,0.035701270228899115,0.7819503331314309
2019-04-06,nighttime,6,-0.6671302698822635,0.14776202711291284,-1.3614457831325577
2019-04-07,daytime,6,0.9388224364632427,0.005499556961875292,0.31331303625795964
2019-04-07,nighttime,6,0.9897782665572894,1.5619174890769925e-4,1.9428571428569676
2019-04-08,daytime,6,0.88249152377377,0.01990107024000487,0.24734101309767986
2019-04-08,nighttime,6,0.9130725194505575,0.011006151475474431,0.8632653061224551
2019-04-09,daytime,6,0.9768634695891283,7.967560779271794e-4,0.4258727881396466
2019-04-09,nighttime,6,0.8149604754261643,0.048191596455418255,0.9335260115606981
2019-04-10,daytime,6,0.9741550404486222,9.933111767327402e-4,0.4151031030440716
2019-04-10,nighttime,6,0.7233086283486813,0.10424568777399924,1.331719128329338
2019-04-11,daytime,6,0.9557818436860471,0.0028896393494970626,0.5426659230340196
2019-04-11,nighttime,6,0.4372118926698599,0.3859696143278418,0.06001034661148561
2019-04-12,daytime,6,0.8848184091674034,0.019136152800728664,0.3975381689471178
2019-04-12,nighttime,6,0.9432306375716459,0.004742663736061926,0.42599277978339345
2019-04-13,daytime,6,0.9849543618722242,3.378538902284476e-4,0.3783620062999744
2019-04-13,nighttime,6,0.8065429846878918,0.05251830110159886,0.13962199897837674
2019-04-14,daytime,6,0.9639995774215362,0.0019207168172397752,0.3022976680384066
2019-04-14,nighttime,6,0.5579155073707749,0.24995783897437332,1.238095238095289
2019-04-15,daytime,6,0.9782480348462352,7.045760328015679e-4,0.2706337687469749
2019-04-15,nighttime,6,0.23359830398038756,0.655976059733387,0.7045454545457214
2019-04-16,daytime,6,0.9880684443150146,2.1269373140498548e-4,0.5363002461033639
2019-04-16,nighttime,6,0.9627984165373187,0.002050194007167859,2.8575305291722386
2019-04-17,daytime,6,0.9814076969577046,5.152971632313962e-4,0.15232192470918757
2019-04-17,nighttime,6,0.9035689321813761,0.013500072381382143,0.1032687768760705
2019-04-18,daytime,6,0.9940264803782964,5.341782864513436e-5,0.25263975155279433
2019-04-18,nighttime,6,0.7438625466518735,0.09000746504118834,0.05951701844457562
2019-04-19,daytime,6,0.9903194623428249,1.4011561880812948e-4,0.21045764753111096
2019-04-19,nighttime,6,0.8652543281229939,0.02601134623940055,0.1322972972972987
2019-04-20,daytime,6,0.9938259900614862,5.7059926395028774e-5,0.27233527032298915
2019-04-20,nighttime,6,0.9466781071581871,0.0041890333347925955,0.17443575543372333
2019-04-21,daytime,6,0.9723216861472083,0.0011385315599108923,0.5044994375703059
2019-04-21,nighttime,6,0.9640025944608258,0.0019203968515960229,0.16840941936580828
2019-04-22,daytime,6,-0.25323437284785005,0.628268103038264,-0.1255918465612703
2019-04-22,nighttime,6,0.9794694951136045,6.279256256891579e-4,0.22966060801029453
2019-04-23,daytime,6,0.9997942748011062,6.3479932750734e-8,0.31058107079421376
2019-04-23,nighttime,6,0.7230308192465725,0.10444447083115442,0.1304882212359161
2019-04-24,daytime,6,0.9914876352485275,1.0838212601297166e-4,0.41397775641905765
2019-04-24,nighttime,6,0.966160780576843,0.0016982646339811307,0.16378617363344164
2019-04-25,daytime,6,0.9692604087167651,0.0014028604430946846,0.6453805014474279
2019-04-25,nighttime,6,0.9883040291674574,2.043936211177524e-4,0.30615972106923456
2019-04-26,daytime,6,0.9571715568649923,0.0027121337291941567,0.219498635398767
2019-04-26,nighttime,6,0.8991910646202602,0.014731429726757317,0.1664845670581814
2019-04-27,daytime,6,0.9969601694065743,1.3846810171341377e-5,0.40104275683595864
2019-04-27,nighttime,6,0.8256532635225048,0.0429453866902631,0.09640248850419476
2019-04-28,daytime,6,0.9842262937577676,3.712523865087141e-4,0.41795944789956635
2019-04-28,nighttime,6,0.8792078046595098,0.02100490705160541,0.3744963395948024
2019-04-29,daytime,6,0.9799769960976074,5.9736720968994e-4,0.5142804833394379
2019-04-29,nighttime,6,0.977048393931509,7.841191515280561e-4,0.6567287404825225
2019-04-30,daytime,6,0.9958278353061457,2.6074125000683752e-5,0.46460963493004054
2019-04-30,nighttime,6,0.9499355020777288,0.0036969387489723254,1.2152439024390238
2019-05-01,daytime,6,0.9879478336173984,2.170067547772811e-4,0.355367981790593
2019-05-01,nighttime,6,0.9804751357280747,5.681088497055881e-4,0.5490843873890877
2019-05-02,daytime,6,0.8917135159579567,0.016954062306882425,0.41063993831919865
2019-05-02,nighttime,6,0.9546295656053679,0.003041017493386167,1.3161459471269306
2019-05-03,daytime,6,0.930224851574774,0.007133004362787896,0.3779743746186687
2019-05-03,nighttime,6,0.8492525376308057,0.03237434334486507,1.1094147582697236
2019-05-04,daytime,6,0.9585327385277739,0.002543648482700435,0.5014166830015859
2019-05-04,nighttime,6,0.8615094901001857,0.027441334229467297,1.9358526516354457
2019-05-05,daytime,6,0.9971948833564553,1.1791982794085808e-5,0.39235557891624667
2019-05-05,nighttime,6,-0.5772922719540077,0.230257641229051,-2.584033613445382
2019-05-06,daytime,6,0.9895168701229349,1.6426799094563816e-4,0.33046834586765306
2019-05-06,nighttime,6,-0.9577677519123937,0.002637682234928274,-1.832124930284485
2019-05-07,daytime,6,0.8311442762751847,0.04036115438872599,0.8530360269050071
2019-05-07,nighttime,6,0.76039018392641,0.07924095305151402,0.6759056839475346
2019-05-08,daytime,6,0.96022320075911,0.0023418233350419983,0.7118395497245218
2019-05-08,nighttime,6,0.7434742238430335,0.09026781062421593,0.12747772322240408
2019-05-09,daytime,6,0.9891650605269865,1.7545788126785222e-4,0.359765193637756
2019-05-09,nighttime,6,0.9415337309567565,0.005027529165084754,0.3334948633456118
2019-05-10,daytime,6,0.9973504621941827,1.0520775931971679e-5,0.23089956331877706
2019-05-10,nighttime,6,0.8407675662047577,0.036013785329014995,0.3389463927081744
2019-05-11,daytime,6,0.9784965196798288,6.886278977623352e-4,0.24107604759441223
2019-05-11,nighttime,6,0.9908984167392573,1.238812445793968e-4,0.6611062335381942
2019-05-12,daytime,6,0.9831856842173248,4.217049409635318e-4,0.2635203564917964
2019-05-12,nighttime,6,0.9501643878326125,0.003663496789988879,0.968454258675082
2019-05-13,daytime,6,0.9494075228789552,0.0037746498914874504,0.32169325461625375
2019-05-13,nighttime,6,0.941022388139315,0.005114965406500708,0.32615852114459337
2019-05-14,daytime,6,0.9806409147500292,5.585336299067938e-4,0.3940271896590164
2019-05-14,nighttime,6,0.9943762614078698,4.735072422528463e-5,0.4472917880023274
2019-05-15,daytime,6,0.9756896106470079,8.793088860926119e-4,0.3607685595271407
2019-05-15,nighttime,6,0.9800156345085947,5.950716695150375e-4,1.0503366463610115
2019-05-16,daytime,6,0.9740190847180683,0.0010037432760331346,0.35218808193668394
2019-05-16,nighttime,6,0.9633099052014689,0.0019945491594123774,1.1358535144713469
2019-05-17,daytime,6,0.95060439699909,0.003599627595693727,0.4150090415913193
2019-05-17,nighttime,6,0.8614333988236609,0.02747076636755383,1.2511848341232317
2019-05-18,daytime,6,0.9797855368534709,6.08806717800362e-4,0.364744406039658
2019-05-18,nighttime,6,0.9865447242247182,2.703486678078006e-4,0.9363149216817759
2019-05-19,daytime,6,0.986841481717964,2.585807286949972e-4,0.27258819134364
2019-05-19,nighttime,6,0.95064559716868835,0.0035936754824988995,0.4965224111282849
2019-05-20,daytime,6,-0.6145521207925285,0.19422209264602808,-0.29016269798513533
2019-05-20,nighttime,6,0.8671588352664131,0.025298053496094867,0.7219764564744717
2019-05-21,daytime,6,0.9942262324572834,4.990834916797914e-5,0.20959660514341183
2019-05-21,nighttime,6,0.9159401869784766,0.010302092735916132,0.146970455683525
2019-05-22,daytime,6,0.9859131547410742,2.962611228056788e-4,0.19013069383048084
2019-05-22,nighttime,6,0.9708697366672434,0.0012604987963228424,2.177657098525988
2019-05-23,daytime,6,0.9956669104408351,2.8122819372349893e-5,0.20745794247616103
2019-05-23,nighttime,6,0.09989636651478452,0.8506538973359734,0.3101952277657881
2019-05-24,daytime,6,0.9493895219146213,0.003777313380206216,0.17675446093965722
2019-05-24,nighttime,6,-0.3804577047359443,0.4568487012011987,-0.44792548687552924
2019-05-25,daytime,6,0.9818961221538451,4.886588130626732e-4,0.21433486238532146
2019-05-25,nighttime,6,-0.7085964448251515,0.11500163114932441,-1.7982646420824169
2019-05-26,daytime,6,-0.19220245379143017,0.7152464700062655,-0.1199342825848908
2019-05-26,nighttime,6,-0.9632855468970263,0.001997181956864867,-0.9570610687022933
2019-05-27,daytime,6,0.9942624830888326,4.928421351154558e-5,0.2519159679019048
2019-05-27,nighttime,6,-0.8647475533772361,0.02620273480338875,-0.49552238805971033
2019-05-28,daytime,6,0.9928068567810588,7.742587272798771e-5,0.19147376778843278
2019-05-28,nighttime,6,0.9795489118893838,6.230937041875931e-4,1.059588299024906
2019-05-29,daytime,6,0.9744322782357154,9.72205677129092e-4,0.3568752446457529
2019-05-29,nighttime,6,0.8181234376818387,0.04661047084694508,8.30872483221454
2019-05-30,daytime,6,0.9969682978768771,1.377289412781808e-5,0.3274393233635698
2019-05-30,nighttime,6,0.749685156428477,0.0861442275954911,2.3356890459363315
2019-05-31,daytime,6,-0.724672949428599,0.10327189572597942,-0.3321388854565682
2019-05-31,nighttime,6,0.6062180694712977,0.2020655714656341,0.6506329113923917
2019-06-01,daytime,6,-0.9679057410005588,0.001528532982374512,-0.11805515879169846
2019-06-01,nighttime,6,0.8274995844863773,0.042068094919823204,0.21497366312667285
2019-06-02,daytime,6,0.30307835178025316,0.5593023287179268,0.8264999999999866
2019-06-02,nighttime,6,-0.8764964893348184,0.021937768961839247,-0.42753067484663365
2019-06-03,daytime,6,NA,NA,0
2019-06-03,nighttime,6,0.6618577227170581,0.15217867177571978,0.7085578923620693
2019-06-04,daytime,6,0.96542118853153,0.001772868461655643,0.16447730669393473
2019-06-04,nighttime,6,-0.19386322359807823,0.7128481404705744,-0.5223296974686182
2019-06-05,daytime,6,-0.9799350264261002,5.998656358535011e-4,-0.18198529411764827
2019-06-05,nighttime,6,-0.7914088487224602,0.060727474098867286,-0.27503469359023275
2019-06-06,daytime,6,0.8452112103015512,0.03408501774864256,0.04739975289228324
2019-06-06,nighttime,6,-0.7915287706937828,0.06066027394148949,-0.14026517794835874
2019-06-07,daytime,6,0.8947840513642511,0.016023202670556295,0.11541829645630268
2019-06-07,nighttime,6,NA,NA,4.380370326476836e-15
2019-06-08,daytime,6,0.45787576990988965,0.36118322323582425,0.04783281733746089
2019-06-08,nighttime,6,0.9185586535436907,0.009678951648207547,0.18750000000000677
2019-06-09,daytime,6,-0.5163653120212945,0.2942920830612704,-0.1250645105797355
2019-06-09,nighttime,6,-0.6495584468048564,0.1626951855072419,-1.011135857461078
2019-06-10,daytime,6,0.5912991838406095,0.21642058795049873,0.3410283315844542
2019-06-10,nighttime,6,-0.952115577251296,0.0033844793869340496,-0.09186110600771519
2019-06-11,daytime,6,0.9373829289672492,0.00575858881579355,0.13461837669634302
2019-06-11,nighttime,6,-0.7000328148073114,0.12147489780307656,-0.12251148545175777
2019-06-12,daytime,6,0.8391061063568309,0.03674774987345754,0.2820766566437016
2019-06-12,nighttime,6,0.9533538142503186,0.003213052027646206,0.3834951456310719
2019-06-13,daytime,6,0.9504450396958443,0.0036226952245266325,0.2928470327596495
2019-06-13,nighttime,6,0.9514272335807901,0.003481671261307926,0.3503709810387491
2019-06-14,daytime,6,0.5001040397024209,0.31238296345353445,0.23625102674735823
2019-06-14,nighttime,6,0.9906788100267111,1.2992193992751144e-4,0.836400817995904
2019-06-15,daytime,6,0.9302300685003848,0.007131950463949204,0.2857683573050744
2019-06-15,nighttime,6,-0.9810215870031214,5.36852415906396e-4,-0.3672158154859937
2019-06-16,daytime,6,0.853007404480902,0.030822213199214448,0.0778962331201117
2019-06-16,nighttime,6,-0.7068438879128291,0.11631376676829178,-0.030950424541221017
2019-06-17,daytime,6,0.8577914922845723,0.028896929710805437,0.3403186965209831
2019-06-17,nighttime,6,NA,NA,2.278529540590503e-15
2019-06-18,daytime,6,-0.18566985931374735,0.7246955370996265,-0.013693411500773063
2019-06-18,nighttime,6,-0.933804358915234,0.006427764236074795,-0.14382584628486136
2019-06-19,daytime,6,0.9073585502234935,0.012476112565533585,0.61751425855514
2019-06-19,nighttime,6,0.7821306655815681,0.06602976336462626,0.3935926773455432
2019-06-20,daytime,6,0.9520862584676237,0.003388591515314377,0.4470683265228536
2019-06-20,nighttime,6,0.9961731671185204,2.193895354026697e-5,0.5431493415522556
2019-06-21,daytime,6,0.8943468931532768,0.01615418790438197,0.4393767458100574
2019-06-21,nighttime,6,0.9541856685081201,0.0031003483914939663,0.6728147554129893
2019-06-22,daytime,6,0.6991061054483374,0.12218466797473275,0.34053824269971494
2019-06-22,nighttime,6,0.5423584779172661,0.26623039348318267,1.1189024390244213
2019-06-23,daytime,6,0.9975466661422634,9.020887405688686e-6,0.3878393250183434
2019-06-23,nighttime,6,0.5981636797406487,0.2097658992177603,1.3891050583656828
2019-06-24,daytime,6,0.98702066214867,2.5160154612252297e-4,0.19174027655736994
2019-06-24,nighttime,6,0.975239166184339,9.120579169908029e-4,0.3541785105173406
2019-06-25,daytime,6,0.9569006143532247,0.002746305781012827,0.1711435562367243
2019-06-25,nighttime,6,0.9017340863374177,0.014009847525907422,0.23608684801597174
2019-06-26,daytime,6,0.9949699077913149,3.788910617880412e-5,0.24455891822279507
2019-06-26,nighttime,6,0.8791382308300216,0.021028602659980983,0.277582890121084
2019-06-27,daytime,6,0.9912720429914085,1.1393341450603111e-4,0.22921779141104368
2019-06-27,nighttime,6,0.8305160763914068,0.040653004607552584,0.2853846153846128
2019-06-28,daytime,6,0.9812069482932217,5.264495350263015e-4,0.18636591838198532
2019-06-28,nighttime,6,0.9665397909894353,0.0016606475966723824,0.3865384615384659
2019-06-29,daytime,6,0.9868108782302603,2.5978225637738835e-4,0.24093049016892784
2019-06-29,nighttime,6,0.9061543942859525,0.012797247550359948,0.4925311203319417
2019-06-30,daytime,6,0.9800940105570979,5.904287651615398e-4,0.2144492104098935
2019-06-30,nighttime,6,0.5953886220667111,0.21244601211172673,0.9068033550792056
2019-07-01,daytime,6,0.9163335438572321,0.01020727805428354,0.13824155163030016
2019-07-01,nighttime,6,0.9642681451361469,0.0018923375791039649,0.3018092105263183
2019-07-02,daytime,6,0.9790803856261393,6.518678701297308e-4,0.1283198419942232
2019-07-02,nighttime,6,0.987833100801011,2.211496002298709e-4,0.3334151730910819
2019-07-03,daytime,6,0.9742662105039794,9.848210657689273e-4,0.1814361112921079
2019-07-03,nighttime,6,0.9410122539528992,0.005116705746302754,0.2078922685247221
2019-07-17,daytime,6,0.9062879233280896,0.01276144243009007,0.25858034950704456
2019-07-17,nighttime,6,-0.8783100656536786,0.02131164112875714,-1.5000000000000009
2019-07-18,daytime,6,0.9185973902394058,0.009669874802667814,0.23787076271186217
2019-07-18,nighttime,6,0.8384505464750037,0.037039261832514436,0.39393558127831096
2019-07-19,daytime,6,0.5790093264876286,0.2285429697756611,0.13161888028112562
2019-07-19,nighttime,6,-0.6180763827200736,0.19094370591949897,-0.0802792321116881
2019-07-20,daytime,6,0.7380338821231651,0.0939504946287396,0.26818984972271215
2019-07-20,nighttime,6,0.49726932530093293,0.3155775912939317,0.5224719101123774
2019-07-21,daytime,6,0.8540992609985109,0.03037764207567503,0.30839127686472995
2019-07-21,nighttime,6,0.9483784269707132,0.003928399959773061,0.1747992588017275
2019-07-22,daytime,6,0.610140095784477,0.19835856874531343,0.2521984924623158
2019-07-22,nighttime,6,0.9372431092642863,0.00578405927526071,0.11500266951414934
2019-07-23,daytime,6,0.6292309801440177,0.1807197524503226,0.16056346260630427
2019-07-23,nighttime,6,-0.7561882550236303,0.08191965744157648,-0.022872827081425424
2019-07-24,daytime,6,0.7717904495859753,0.07217686742488151,0.1292069723989494
2019-07-24,nighttime,6,0.5990854286930485,0.20887874086878883,0.15286624203822258
2019-07-25,daytime,6,0.6620600179670276,0.1520081943974209,0.15833711156837524
2019-07-25,nighttime,6,0.44515743014654663,0.37637119648277334,0.1100917431192717
2019-07-26,daytime,6,0.9173947009930402,0.009953618913785642,0.19820789427577495
2019-07-26,nighttime,6,0.9666741882222337,0.0016474086105496052,0.18374193548386986
2019-07-27,daytime,6,0.8913838312459945,0.017055510061152072,0.14184660674221536
2019-07-27,nighttime,6,0.9580660314896137,0.002600817017320651,0.2570093457943934
2019-07-28,daytime,6,0.9820002630387582,4.8306992384580984e-4,0.18271493080419077
2019-07-28,nighttime,6,0.8616352573114215,0.02739272022630432,0.5071428571428634
2019-07-29,daytime,6,0.7797357931802654,0.06743127674882556,0.20377739169422143
2019-07-29,nighttime,6,0.9365140619937083,0.005917757582685941,0.6117561683599474
2019-07-30,daytime,6,0.9947191667466524,4.175716594833804e-5,0.2345605822106847
2019-07-30,nighttime,6,0.9847480133063282,3.4716066495745146e-4,0.6628778718258767
2019-07-31,daytime,6,0.8336012992392079,0.0392291239117718,0.45248724489796344
2019-07-31,nighttime,6,0.7986636398249232,0.05672377633148738,0.11137301119622664
2019-08-01,daytime,6,0.9839899434249787,3.8243100315052533e-4,0.23953488372093193
2019-08-01,nighttime,6,0.7122469718684212,0.1122894727079684,0.14986776373787575
2019-08-02,daytime,6,0.9502530205313308,0.003650586983021706,0.23113053422643423
2019-08-02,nighttime,6,0.8561989779273821,0.029531289385168042,0.3462441314553988
2019-08-03,daytime,6,0.8936069207271742,0.016377073419999843,0.1749685182594094
2019-08-03,nighttime,6,0.9701236029161595,0.0013255648314523267,0.3470496894409862
2019-08-04,daytime,6,0.8771001797137342,0.021728386816793562,0.20729690682170226
2019-08-04,nighttime,6,0.9778828905190954,7.283403228164806e-4,0.48249108827846127
2019-08-05,daytime,6,0.9594490397682536,0.0024332299619642455,0.22862156487951596
2019-08-05,nighttime,6,0.8874191893301809,0.018298209091787775,0.274809160305346
2019-08-06,daytime,6,0.3826038123946858,0.4540981405075971,0.09977508434337173
2019-08-06,nighttime,6,0.5878192450349154,0.2198261548447206,0.32459016393444323
2019-08-07,daytime,6,0.2797771228925962,0.5912841261709055,0.08040870724122604
2019-08-07,nighttime,6,0.46709936649691974,0.35030724478155856,0.1818181818181757
2019-08-08,daytime,6,-0.1942715413341261,0.7122587310600952,-0.03646599168172115
2019-08-08,nighttime,6,-0.43183649523945467,0.392510287593491,-0.4482758620689228
2019-08-09,daytime,6,0.41396616853589147,0.4145210220404866,0.14790304576622568
2019-08-09,nighttime,6,-0.8364116304693621,0.03795282514091577,-0.21753246753245054
2019-08-10,daytime,6,-0.2097108944246049,0.6900450603455388,-0.03785048541179249
2019-08-10,nighttime,6,-0.8942311240060685,0.01618896157019021,-0.21555763823804375
2019-08-11,daytime,6,-0.02563087713034466,0.9615621033025624,-0.005414539936542656
2019-08-11,nighttime,6,-0.38548621596143945,0.45041222918108215,-0.08358728776664544
2019-08-12,daytime,6,-0.0045843555038818035,0.9931235149173079,-8.7427872005585e-4
2019-08-12,nighttime,6,-0.82461159518143,0.043444069341249184,-0.20432220039292434
2019-08-13,daytime,6,0.7617138622438274,0.07840544794851659,0.24731596938038625
2019-08-13,nighttime,6,-0.6948607190034819,0.12545921491207312,-0.1341198385594484
2019-08-14,daytime,6,0.8892273649371073,0.01772624296194051,0.2687125012294676
2019-08-14,nighttime,6,0.6461452779662631,0.1656661117332031,0.13293650793650735
2019-08-15,daytime,6,-0.8650887833196881,0.026073792597393217,-0.5373295046661902
2019-08-15,nighttime,6,-0.7968560872460786,0.05770955837449126,-0.22604293943096515
2019-08-16,daytime,6,-0.10923236065093749,0.8368031233728129,-0.02158284134220305
2019-08-16,nighttime,6,0.8527608825711871,0.030923011804648362,0.4540942928039707
2019-08-17,daytime,6,0.1892901242765371,0.719456017254117,0.06967090501121757
2019-08-17,nighttime,6,0.024761579550739904,0.9628652217796042,0.009319664492072915
2019-08-18,daytime,6,0.9091170607558046,0.01201422966898685,0.4646880834352671
2019-08-18,nighttime,6,-0.8667123930634374,0.02546441301157591,-0.18090974498360993
2019-08-19,daytime,6,-0.37472159684744816,0.4642261101514742,-0.12152208755785411
2019-08-19,nighttime,6,0.3229122869181664,0.5324669803227828,0.33972602739725816
2019-08-20,daytime,6,-0.5550532309173681,0.2529216881629205,-0.3691855438353814
2019-08-20,nighttime,6,0.109654743364152,0.8361771381936075,0.07090719499479578
2019-08-21,daytime,6,-0.6462541560029723,0.165570991646375,-0.5224693251533784
2019-08-21,nighttime,6,-0.07486581237629156,0.8879110887519903,-0.07826086956517644
2019-08-22,daytime,6,0.378070426314115,0.45991453353144507,0.07673411859458491
2019-08-22,nighttime,6,0.44112440800453173,0.38123275122212724,2.4763948497854593
2019-08-23,daytime,6,-0.15736844578673823,0.7658959325448634,-0.07983505712161115
2019-08-23,nighttime,6,0.7476179016934593,0.0875071289465719,1.0629370629370651
2019-08-24,daytime,6,0.457139191384871,0.3620568276773929,0.08362476856613817
2019-08-24,nighttime,6,-0.7014844742121882,0.12036669271018793,-0.21735241502682642
2019-08-25,daytime,6,0.9612878368157688,0.002218939732495737,0.24305079381824177
2019-08-25,nighttime,6,0.8923639190685028,0.01675477857475012,0.5806451612903203
2019-08-26,daytime,6,0.5585734799316318,0.24927845297692097,0.09890787387704718
2019-08-26,nighttime,6,0.9870200565739861,2.51624973515133e-4,0.47372372372371674
2019-09-05,daytime,6,0.5475260032898791,0.26078096103098797,0.16391214526476094
2019-09-05,nighttime,6,-0.46291004988627926,0.3552324305155403,-0.24999999999999106
2019-09-06,daytime,6,0.4163390482279026,0.41157515890393487,0.21621796845875912
2019-09-06,nighttime,6,0.8562367142856635,0.029516182143577107,0.30259849119865306
2019-09-07,daytime,6,0.7827646388573483,0.06566100427734971,0.12853403141361333
2019-09-07,nighttime,6,0.8596900926459403,0.02814917369252643,0.29846938775510284
2019-09-08,daytime,6,0.43250763899038663,0.3916915989961209,0.1894181886650354
2019-09-08,nighttime,6,0.7061751613551732,0.11681615854947676,0.1853658536585386
2019-09-09,daytime,6,0.12978298936075536,0.8064185239173076,0.03607078039926668
2019-09-09,nighttime,6,0.7236973243510767,0.10396784198432309,0.09063150589868126
2019-09-10,daytime,6,-0.37757838415568357,0.4605472372814275,-0.0499102566874991
2019-09-10,nighttime,6,-0.9990908283554222,1.2395138614618394e-6,-0.2866343712933296
2019-09-11,daytime,6,0.8276930985171839,0.0419766350726204,0.11142088059988318
2019-09-11,nighttime,6,0.9192771195538427,0.00951127259339425,0.7042253521126705
2019-09-12,daytime,6,-0.749678637144671,0.08614851054056079,-0.7956600361663588
2019-09-12,nighttime,6,0.1953957795905622,0.7106363882411852,1.4615384615389442
2019-09-13,daytime,6,0.9680374778360312,0.0015160777331855249,0.16434156063161043
2019-09-13,nighttime,6,-0.4713331792699807,0.34535473427462243,-0.3977722650281736
2019-09-14,daytime,6,0.8190181487784447,0.0461676669761445,0.09725750427704913
2019-09-14,nighttime,6,-0.7250021568690106,0.10303752775795376,-0.12745319196931923
2019-09-15,daytime,6,0.3054686945367663,0.55604877171137,0.0224529890541663
2019-09-15,nighttime,6,-0.44721359549995715,0.37390096630005976,-0.01190476190476105
2019-09-16,daytime,6,0.9102575950345145,0.011719169703747274,0.10535887487875818
2019-09-16,nighttime,6,NA,NA,1.7836055088488968e-15
2019-09-17,daytime,6,-0.3599584632148062,0.4833822313583776,-0.10058731077839879
2019-09-17,nighttime,6,0.8267523822389894,0.04242211474312547,0.09728466103219166
2019-09-18,daytime,6,0.870464176633607,0.024082519215792027,0.13604850803033858
2019-09-18,nighttime,6,0.9502869797063112,0.0036456465889958046,0.3344283837056559
2019-09-19,daytime,6,0.9646835410446628,0.0018488541428603028,0.4317637669592974
2019-09-19,nighttime,6,-0.7442388376929029,0.08975550701970873,-0.9744027303754974
2019-09-20,daytime,6,0.06798498283495691,0.8981796376115088,0.010990712074302347
2019-09-20,nighttime,6,0.9021830286788294,0.013884275607456868,0.47719594594594905
2019-09-21,daytime,6,-0.5860416172593792,0.22157404043399448,-0.3283192717584357
2019-09-21,nighttime,6,-0.07271697117061146,0.8911167981133314,-0.03899721448466754
2019-09-22,daytime,6,NA,NA,0
2019-09-22,nighttime,6,-0.7276827236523561,0.10113797334914666,-0.9128722867238803
2019-09-23,daytime,6,-0.2540247426174053,0.6271588127492036,-0.12203045685279214
2019-09-23,nighttime,6,NA,NA,NA
2019-09-24,daytime,6,-0.14155942550603795,0.7890792214265931,-0.06974637681159634
2019-09-24,nighttime,6,-0.5490677972136168,0.25916353368688894,-0.9736842105262933
2019-09-25,daytime,6,-0.5400032477559242,0.2687285489430984,-0.4462336244541586
2019-09-25,nighttime,6,-0.9633500441657031,0.00199021443065781,-0.8674173628768562
2019-09-26,daytime,6,NA,NA,0
2019-09-26,nighttime,6,-0.04701800222545943,0.9295249678350355,-0.024317617866005344
2019-09-27,daytime,6,NA,NA,0
2019-09-27,nighttime,6,NA,NA,-0
2019-09-28,daytime,6,-0.3648005660676658,0.477072880792289,-0.49368184178639557
2019-09-28,nighttime,6,NA,NA,-0
2019-09-29,daytime,6,0.002735946538816805,0.9958960904316067,5.78871201158571e-4
2019-09-29,nighttime,6,-0.9291531235119892,0.007351119710306967,-0.45714285714287073
2019-09-30,daytime,6,-0.8980088913560892,0.015072814110028894,-3.4132858837485425
2019-09-30,nighttime,6,-0.267461706372849,0.6083739792440555,-0.4072580645161011
2019-10-01,daytime,6,0.6750913609744117,0.1411988440058761,0.6332393978967701
2019-10-01,nighttime,6,0.3688118320874279,0.47186554426667626,0.20982142857142974
2019-10-02,daytime,6,0.8059993945670577,0.052803626183304246,0.5879289843782014
2019-10-02,nighttime,6,-0.6564078392965975,0.15680187465789866,-1.0808876163206769
2019-10-03,daytime,6,0.892045234899124,0.016852282060335556,3.358044272808785
2019-10-03,nighttime,6,-0.5896229282237282,0.21805834544168567,-0.652690238278241
2019-10-04,daytime,6,-0.8657576487294674,0.025821922010162136,-3.606468188000608
2019-10-04,nighttime,6,0.9133009504931924,0.010949241313587479,1.3107085582634999
2019-10-05,daytime,6,-0.8493814864174003,0.032320443923239274,-0.078813746412542
2019-10-05,nighttime,6,-0.9755906431767971,8.864532995615244e-4,-3.318181818181662
2019-10-06,daytime,6,0.45672275021011904,0.36255106885474964,0.05028201128044762
2019-10-06,nighttime,6,-0.9722676510140443,0.001142960528840896,-0.6942823803967316
2019-10-07,daytime,6,0.9030922016955647,0.013631645610424216,0.3796954314720793
2019-10-07,nighttime,6,0.5928794263189137,0.21488120253074458,0.03819784524975484
2019-10-08,daytime,6,0.40013060078529566,0.4318354532455804,0.15181546347714256
2019-10-08,nighttime,6,0.8219014236016978,0.04475409083574738,0.09761877891885795
2019-10-09,daytime,6,0.8731767603055318,0.023106280191092884,0.7016368230253768
2019-10-09,nighttime,6,0.8887324953787286,0.017881915066210546,0.5961399276236456
2019-10-10,daytime,6,0.8753529198595161,0.022337027608928115,0.9487833594976546
2019-10-10,nighttime,6,0.9350306227610562,0.006194411448555868,0.9906166219839124
2019-10-11,daytime,6,0.2250933569203453,0.6680623693525138,0.25847266154540877
2019-10-11,nighttime,6,0.8616687542758432,0.02737977921905448,1.0888485947416162
2019-10-12,daytime,6,0.9536380576264275,0.003174318683016885,0.615214431586111
2019-10-12,nighttime,6,0.9358327892257926,0.006044044378371517,0.799465240641714
2019-10-13,daytime,6,0.4570864598668182,0.3621193974095075,1.9558359621450352
2019-10-13,nighttime,6,-0.5072016224815119,0.3044372589832663,-2.2808716707021937
2019-10-14,daytime,6,0.9707950615623498,0.0012669377825879227,1.196269982238017
2019-10-14,nighttime,6,0.9133114385658685,0.010946631800425776,5.863999999999882
2019-10-15,daytime,6,0.45541339497331307,0.3641065863529925,2.761780104712043
2019-10-15,nighttime,6,-0.23961628221157336,0.6474544764436336,-2.6277372262773473
2019-10-16,daytime,6,0.9621261219955495,0.0021244822272042667,0.647393364928923
2019-10-16,nighttime,6,0.9039379670934071,0.013398645152077173,1.4249377937517291
2019-10-17,daytime,6,0.9501960077579646,0.003658888616296573,0.08082250464086656
2019-10-17,nighttime,6,NA,NA,-0
2019-10-18,daytime,6,0.9516088718980484,0.0034558931351854273,0.10420136080315669
2019-10-18,nighttime,6,0.9183671542953278,0.009723884809053507,0.16814159292035272
2019-10-19,daytime,6,0.9858980785746193,2.968940982554599e-4,0.13406827880511996
2019-10-19,nighttime,6,0.6483952248066338,0.16370514536569755,0.034745154343144166
2019-10-20,daytime,6,0.9455626208510675,0.004364481739331982,0.07857142857142543
2019-10-20,nighttime,6,0.6427053484151621,0.16868317949727865,0.03153207365507403
2019-10-21,daytime,6,0.7196506632346659,0.10687649265703113,0.013012489374219997
2019-10-21,nighttime,6,-0.8899506062056287,0.017499906711776567,-0.09837092731829593
2019-10-22,daytime,6,0.9678274164658733,0.0015359621763282533,0.11619697593692858
2019-10-22,nighttime,6,-0.8039879269520728,0.053865635430651315,-0.04693308550185759
2019-10-23,daytime,6,0.6495046015795201,0.16274187810505553,0.05837004405286399
2019-10-23,nighttime,6,-0.6989453413278717,0.12230798121778753,-0.032786885245897325
2019-10-24,daytime,6,0.6821612413225104,0.13547794442840302,0.07623873210393162
2019-10-24,nighttime,6,NA,NA,3.726770366418029e-15
2019-10-25,daytime,6,0.9313813325877173,0.006901236040151894,0.08281152160300494
2019-10-25,nighttime,6,-0.8371196338317306,0.03763441135308723,-0.07679663357222377
2019-10-26,daytime,6,0.20360940696807028,0.6988063858229268,0.015697231394459065
2019-10-26,nighttime,6,-0.8308683959400511,0.04048920223083715,-0.07057142857142791
2019-10-27,daytime,6,-0.5541369948807714,0.2538733241572416,-0.030861086341257008
2019-10-27,nighttime,6,-0.8617006850338528,0.027367445990411767,-0.08884951271990665
2019-10-28,daytime,6,-0.5575363777902455,0.250349636275656,-0.0313986679352981
2019-10-28,nighttime,6,NA,NA,-0
2019-10-29,daytime,6,0.10288654321299534,0.8462147451739891,0.007057093849545581
2019-10-29,nighttime,6,NA,NA,4.281047256026343e-15
2019-10-30,daytime,6,0.8993407251138045,0.014688479967848023,0.06290773532152714
2019-10-30,nighttime,6,NA,NA,3.1937639170911615e-15
2019-10-31,daytime,6,0.9110463602141896,0.011517191088722815,0.09764770240699953
2019-10-31,nighttime,6,-0.9429478301857946,0.004789574138398412,-0.10177025059391456
2019-11-01,daytime,6,0.7082366297839997,0.11527049178395685,0.03515881708652558
2019-11-01,nighttime,6,-0.6459422414661746,0.16584355369281958,-0.01580459770114626
2019-11-02,daytime,6,0.3892546422203844,0.44560780808651773,0.032375892412416084
2019-11-02,nighttime,6,NA,NA,-0
2019-11-04,daytime,6,-0.6770186335403704,0.13962922697992478,-0.05887118552525071
2019-11-04,nighttime,6,NA,NA,-0
2019-11-05,daytime,6,-0.6117576478678207,0.19683788880398137,-0.06766055045871809
2019-11-05,nighttime,6,0.7870437974535284,0.06319669776169619,0.188524590163943
2019-11-06,daytime,6,-0.4283262057515741,0.3968017692169327,-0.04368174726989531
2019-11-06,nighttime,6,0.7119032818596307,0.11254360517917225,0.11518324607330749
2019-11-07,daytime,6,-0.9742786564568956,9.838728106322278e-4,-0.1269655854074914
2019-11-07,nighttime,6,-0.4528106751489889,0.3672055733840266,-0.5642857142856751
2019-11-08,daytime,6,0.22139568247205652,0.6733324470154878,0.15358361774742385
2019-11-08,nighttime,6,-0.9231605529519716,0.008629609336445373,-0.42335766423356413
2019-11-09,daytime,6,0.5839887052604535,0.22359951601303493,0.07347670250896146
2019-11-09,nighttime,6,-0.7332149663351964,0.09726726838155171,-0.16044776119402535
2019-11-10,daytime,6,0.7257770780752553,0.1024867798039349,0.1277410372432921
2019-11-10,nighttime,6,NA,NA,6.94365570479147e-15
2019-11-11,daytime,6,-0.7957036185967347,0.058342156976335394,-0.24690181124880858
2019-11-11,nighttime,6,0.5668657344781467,0.24077879778119618,0.19280205655527802
2019-11-12,daytime,6,-0.881264556722277,0.020310185833149228,-0.5769230769230701
2019-11-12,nighttime,6,-0.9793131800457534,6.374903741131669e-4,-0.1789081885856086
2019-11-13,daytime,6,NA,NA,-0
2019-11-13,nighttime,6,NA,NA,7.061561200932924e-15
2019-11-14,daytime,6,NA,NA,-4.361389865130076e-15
2019-11-14,nighttime,6,-0.7474474469488922,0.08761993459213874,-0.16115702479338723
2019-11-15,daytime,6,NA,NA,-4.097253552944182e-15
2019-11-15,nighttime,6,NA,NA,4.6441944096725346e-15
2019-11-16,daytime,6,-0.5507477713922726,0.2574056056985926,-0.06971904266389753
2019-11-16,nighttime,6,0.7394083959944622,0.09301385086941091,0.13322091062395636
2019-11-17,daytime,6,-0.8307233175832646,0.04055661540845143,-0.08480057491915344
2019-11-17,nighttime,6,0.676097286026983,0.1403786546262607,0.15945611866502818
2019-11-18,daytime,6,-0.4330183378402069,0.3910690191730881,-0.028699726669274287
2019-11-18,nighttime,6,NA,NA,9.825217743043752e-15
2019-11-19,daytime,6,-0.4976277928555156,0.31517294688795716,-0.03910001371930828
2019-11-19,nighttime,6,NA,NA,-0
2019-11-20,daytime,6,-0.38854480749760534,0.4465115238307766,-0.03972817564035549
2019-11-20,nighttime,6,0.6965260331469973,0.12417023554783733,0.3333333333333237
2019-11-21,daytime,6,-0.18530045131190595,0.725230585015127,-0.013276686139143361
2019-11-21,nighttime,6,0.7738201226093525,0.0709506253067135,0.08840187146023759
2019-11-22,daytime,6,0.015324283327164474,0.9770153743380197,3.913894324880027e-4
2019-11-22,nighttime,6,-0.7264950984314842,0.1019776391031185,-0.020299812617109468
2019-11-23,daytime,6,0.06554473431167533,0.9018236922987166,0.0019527782708977169
2019-11-23,nighttime,6,0.7116516446329979,0.1127298316379732,0.098725318670333
2019-11-24,daytime,6,NA,NA,-9.986286886372358e-15
2019-11-24,nighttime,6,0.6434939836876901,0.16798946897845113,0.019718309859152246
2019-11-25,daytime,6,-0.46709936649691336,0.3503072447815659,-0.030303030303046218
2019-11-25,nighttime,6,NA,NA,7.932849330234557e-15
2019-11-26,daytime,6,-0.6409944275045367,0.17019228482428922,-0.09599856450745653
2019-11-26,nighttime,6,0.39270455493905254,0.441224000743348,0.19277108433736198
2019-11-27,daytime,6,-0.154881583381476,0.7695352982482959,-0.12751677852350776
2019-11-27,nighttime,6,0.8458074354954455,0.0338300295637501,0.24690458849235053
2019-11-28,daytime,6,0.11856688762724511,0.8229830815462029,0.009372071227738683
2019-11-28,nighttime,6,NA,NA,1.206893274380138e-14
2019-11-29,daytime,6,-0.7914426335312746,0.06070853879652317,-0.11415362731152953
2019-11-29,nighttime,6,0.931034482758621,0.006970355488129835,0.6206896551724246
2019-11-30,daytime,6,NA,NA,0
2019-11-30,nighttime,6,0.9155219736445279,0.010403365127651963,0.4662068965517163
2019-12-01,daytime,6,0.8077038306495753,0.05191137886459049,0.049800418171441374
2019-12-01,nighttime,6,-0.6869561029506216,0.1316561219900011,-0.03868103994926989
2019-12-02,daytime,6,NA,NA,-4.589159387872512e-15
2019-12-02,nighttime,6,NA,NA,-0
2019-12-03,daytime,6,-0.3843122991588446,0.4519122350318329,-0.029539188656951907
2019-12-03,nighttime,6,NA,NA,7.14561290403185e-15
2019-12-04,daytime,6,NA,NA,-3.7486984619613e-15
2019-12-04,nighttime,6,NA,NA,3.859632328712366e-15
2019-12-05,daytime,6,-0.4493559483386448,0.37133322665803536,-0.034813925570232336
2019-12-05,nighttime,6,0.6347917188462598,0.17571042429420672,0.028782894736851323
2019-12-06,daytime,6,-0.7677581639214811,0.07464127640030352,-0.08359509575438455
2019-12-06,nighttime,6,0.9560494039537055,0.002855033647289144,0.20826010544815848
2019-12-07,daytime,6,0.18826009938465849,0.720945995438564,0.01936514274305531
2019-12-07,nighttime,6,NA,NA,-0
2019-12-08,daytime,6,-0.354429608518448,0.4906173724968271,-0.03349875930521763
2019-12-08,nighttime,6,0.7834329378343207,0.06527330106755683,0.09856115107913717
2019-12-09,daytime,6,-0.2907430822714144,0.5761738568210707,-0.04017857142857522
2019-12-09,nighttime,6,0.9162531734668189,0.010226615951457364,0.22132796780683506
2019-12-10,daytime,6,0.2487792545179561,0.6345297312568593,0.00859598853868315
2019-12-10,nighttime,6,0.7455791508937945,0.08886062592078821,0.2957937584803217
2019-12-11,daytime,6,NA,NA,-1.083895217222613e-14
2019-12-11,nighttime,6,NA,NA,-0
2019-12-12,daytime,6,NA,NA,-4.643864927966648e-15
2019-12-12,nighttime,6,NA,NA,1.0171172716366074e-14
2019-12-13,daytime,6,-0.5740925567980762,0.23346652704466736,-0.05298086494857214
2019-12-13,nighttime,6,-0.03215229095914415,0.9517881825952048,-0.001378359751891295
2019-12-14,daytime,6,-0.32241555848980574,0.5331344998595766,-0.037682524729157986
2019-12-14,nighttime,6,NA,NA,3.5169213886888742e-15
2019-12-15,daytime,6,-0.7311942257176562,0.09867332826420744,-0.11227544910180023
2019-12-15,nighttime,6,NA,NA,7.41997113813347e-15
2019-12-16,daytime,6,-0.47127815442663046,0.3454189376168756,-0.06256425319430499
2019-12-16,nighttime,6,-0.8522864845907033,0.031117422481027918,-0.10169491525423154
2019-12-17,daytime,6,-0.02900073952828863,0.9565110861405057,-0.003484320557496986
2019-12-17,nighttime,6,-0.8479295085392182,0.03292980347450306,-0.10003261933238788
2019-12-18,daytime,6,0.2075327284849641,0.6931701072922141,0.016749379652601797
2019-12-18,nighttime,6,-0.960248157586746,0.0023389053537902368,-0.1308136245332095
2019-12-19,daytime,6,-0.7657692316917326,0.0758706546108877,-0.1859690844233142
2019-12-19,nighttime,6,NA,NA,4.281047256026341e-15
2019-12-20,daytime,6,-0.5925300173922983,0.21522119546463112,-0.08164926081649294
2019-12-20,nighttime,6,NA,NA,8.02766984529078e-15
2019-12-21,daytime,6,-0.6744028466637844,0.1417614114641417,-0.09193154034230101
2019-12-21,nighttime,6,-0.4287625827117508,0.3962674149251072,-0.04544294102629169
2019-12-22,daytime,6,-0.64947108704359,0.16277094352970115,-0.11212742469642449
2019-12-22,nighttime,6,-0.6652630921009959,0.14931976225856575,-0.040234089246520846
2019-12-23,daytime,6,-0.8377002420107821,0.037374231043838094,-0.1581901087337823
2019-12-23,nighttime,6,NA,NA,4.664345329775731e-15
2019-12-24,daytime,6,-0.8834496515138068,0.019584366579467157,-0.22040614165429412
2019-12-24,nighttime,6,0.8576167289238396,0.02896622608939998,0.12557427258805998
2019-12-25,daytime,6,-0.9428941788950886,0.00479849902891384,-0.35830032409076074
2019-12-25,nighttime,6,0.10846522890932778,0.8379401873942984,0.009049773755667657
2019-12-26,daytime,6,-0.530056367117669,0.27937770213453117,-0.08088235294118068
2019-12-26,nighttime,6,-0.14672602119602743,0.7814903656354102,-0.005382131324005231
2019-12-27,daytime,6,-0.43365115518935654,0.39029803789695783,-0.05978573897017133
2019-12-27,nighttime,6,0.9727382832310566,0.0011046713314605433,0.3084745762711859
2019-12-28,daytime,6,-0.12531192165263824,0.813016008942785,-0.021560574948666904
2019-12-28,nighttime,6,0.9179541445203241,0.009821136845036398,0.14763231197771975
2019-12-29,daytime,6,0.2161011320229462,0.6808942309033621,0.028936623468839753
2019-12-29,nighttime,6,NA,NA,3.2575588238968698e-15
2019-12-30,daytime,6,0.20359777860755704,0.6988231052932332,0.025969962453057986
2019-12-30,nighttime,6,-0.662545056641967,0.15159977582965295,-0.018600252206809085
2019-12-31,daytime,6,-0.5922873957019698,0.21545740657536178,-0.09219858156028649
2019-12-31,nighttime,6,-0.5286299635701649,0.28091778072411877,-0.031398835773500174
2020-01-01,daytime,6,-0.4383757582039174,0.3845584219205675,-0.061728395061734345
2020-01-01,nighttime,6,0.8733260632194667,0.023053106263620043,0.08611111111111863
2020-01-02,daytime,6,0.49766340546128124,0.3151327572330653,0.09006140550374815
2020-01-02,nighttime,6,-0.4621973319117764,0.35607277209038263,-0.055384615384610425
2020-01-03,daytime,6,0.34726567472766534,0.5000404705987864,0.024292205522539283
2020-01-03,nighttime,6,0.5885463504233979,0.21911281979355482,0.2096551724138047
2020-01-04,daytime,6,0.38086389509936036,0.4563277027512532,0.03868194842406361
2020-01-04,nighttime,6,NA,NA,7.471273589692936e-15
2020-01-05,daytime,6,-0.23883135725843652,0.64856448424276,-0.022816166883969324
2020-01-05,nighttime,6,0.7683522885335285,0.07427580854107475,0.09445843828716131
2020-01-06,daytime,6,-0.541363194849997,0.2672849756421667,-0.042372160299502235
2020-01-06,nighttime,6,0.8742409514660803,0.02272854648455483,0.131952662721904
2020-01-07,daytime,6,-0.6790854653044683,0.13795433349721378,-0.06295659647615134
2020-01-07,nighttime,6,0.03294300711070081,0.9506033648967569,0.007506255212674741
2020-01-08,daytime,6,0.09507397992780463,0.8578187198916749,0.009039061659307738
2020-01-08,nighttime,6,0.75547948400287,0.08237544872122622,0.08961038961039583
2020-01-09,daytime,6,-0.4331798560007,0.39087218704457555,-0.017374517374521746
2020-01-09,nighttime,6,0.9370692073699705,0.005815815065185653,0.3021632937892567
2020-01-10,daytime,6,0.8098716428780467,0.05078673303809638,0.11616897305170339
2020-01-10,nighttime,6,0.9231263576984027,0.008637190740166426,0.32396251673359994
2020-01-11,daytime,6,0.9476686951326423,0.004036191851448625,0.15401785714285193
2020-01-11,nighttime,6,0.5709924919106145,0.23659229576490282,0.06699296420924007
2020-01-12,daytime,6,0.9506965008130042,0.003586328211609158,0.21432447097123972
2020-01-12,nighttime,6,0.894775060737649,0.016025891356273043,0.125398690616085
2020-01-13,daytime,6,0.8874435991870592,0.018290429712369726,0.636713735558405
2020-01-13,nighttime,6,0.9616608040754236,0.0021766636402581504,0.23411102172164433
2020-01-14,daytime,6,0.9979136460338417,6.524768491366144e-6,0.5193050193050205
2020-01-14,nighttime,6,0.9923830298826921,8.680638907550738e-5,0.3916913946587555
2020-01-15,daytime,6,0.968299494481221,0.0014914548067209074,0.644010767160159
2020-01-15,nighttime,6,0.9907756693947511,1.2723997148225138e-4,0.5126522961574493
2020-01-16,daytime,6,0.9887243544417667,1.8999348031388386e-4,0.7598961713173249
2020-01-16,nighttime,6,0.968142433305683,0.0015061906387387716,2.021052631578939
2020-01-17,daytime,6,0.9846108840506321,3.5341507171096387e-4,1.0143777887952417
2020-01-17,nighttime,6,0.9354945252311331,0.00610723218272465,2.762081784386612
2020-01-18,daytime,6,0.9462015915897262,0.004263549595154957,1.2816353017521114
2020-01-18,nighttime,6,0.9741183090762113,9.96124307958589e-4,1.3948881789137406
2020-01-19,daytime,6,0.9692138367416616,0.0014070923965395958,1.0794836956521712
2020-01-19,nighttime,6,0.9392976972630257,0.005415317337757081,0.7831064356435647
2020-01-20,daytime,6,0.9866451455820089,2.6633727137938566e-4,0.8159003159003168
2020-01-20,nighttime,6,0.9745565890059195,9.628151301242316e-4,0.8056056384199335
2020-01-21,daytime,6,0.6858661173718472,0.13252076344148223,0.8917855386128856
2020-01-21,nighttime,6,0.963711354553623,0.001951405044652649,0.4929440389294451
2020-01-22,daytime,6,0.9646970326672547,0.0018474502184335894,1.1742902208201873
2020-01-22,nighttime,6,0.6875442164746125,0.1311906120314357,3.0909090909091415
2020-01-23,daytime,6,0.9424017703363008,0.0048807914126440255,1.1839918602679287
2020-01-23,nighttime,6,0.9276836825800988,0.00765538014155717,0.7749999999999982
2020-01-24,daytime,6,0.9595239887068926,0.0024243051590621834,0.8539959016393437
2020-01-24,nighttime,6,0.9607263320177463,0.002283343230112252,0.9533095303487952
2020-01-25,daytime,6,0.9872781390953833,2.417391277874605e-4,0.8400567286479667
2020-01-25,nighttime,6,0.9659332870037645,0.0017210434940860763,1.8546824542518296
2020-01-26,daytime,6,0.9731201197080673,0.0010740812141661609,0.8638202247190973
2020-01-26,nighttime,6,0.9952062984179217,3.441428367485349e-5,0.7830542364408882
2020-01-27,daytime,6,0.9677713181896109,0.0015412941254349193,1.0017423626437483
2020-01-27,nighttime,6,0.9912787146882754,1.1375955218757429e-4,1.4914333472628465
2020-01-28,daytime,6,0.8496495746274876,0.0322085211071682,1.2988480765051098
2020-01-28,nighttime,6,0.9836641626556081,3.981096852530762e-4,1.2445428661815823
2020-01-29,daytime,6,0.8799706483307067,0.020745933742083264,1.0633846153846218
2020-01-29,nighttime,6,0.9974306872983126,9.893571149561938e-6,0.7778827977315736
2020-01-30,daytime,6,0.9213544427724818,0.009034469258602153,1.1427419354838604
2020-01-30,nighttime,6,0.997877716780038,6.751349625458949e-6,0.8199999999999985
2020-01-31,daytime,6,0.7226418107010756,0.10472310266524044,1.37145141943223
2020-01-31,nighttime,6,0.9958069953520835,2.633507275507105e-5,1.3398294762484702
2020-02-01,daytime,6,0.773120950232621,0.07137195702155255,1.3897142857142777
2020-02-01,nighttime,6,0.9984314788616786,3.6884583582620697e-6,0.5651562343012175
2020-02-02,daytime,6,0.9653744320799796,0.0017776381154028704,1.0884446878422742
2020-02-02,nighttime,6,0.9620090214332241,0.0021375552144775514,1.5767634854771717
2020-02-03,daytime,6,0.9058604899898355,0.01287622720610937,0.6908861822763587
2020-02-03,nighttime,6,0.9643841657746947,0.001880142348460394,3.097238895558168
2020-02-04,daytime,6,0.43310838426501236,0.39095928101908556,0.2724321133412007
2020-02-04,nighttime,6,0.838387116509942,0.037067525006709685,8.517241379309937
2020-02-05,daytime,6,0.786489954260127,0.06351321736680533,2.368932038834954
2020-02-05,nighttime,6,0.9792825063635194,6.393756890891507e-4,0.9083947816222339
2020-02-06,daytime,6,0.9535723456367865,0.0031832526011601548,0.942513803182855
2020-02-06,nighttime,6,0.9818991963864055,4.884933717615622e-4,0.9666408068269935
2020-02-07,daytime,6,0.9316777993301195,0.006842423267038768,1.1053889036368432
2020-02-07,nighttime,6,0.9891669087947813,1.753981341960459e-4,1.0579804560260488
2020-02-08,daytime,6,0.823446274501185,0.044005129649251,0.8606527319398629
2020-02-08,nighttime,6,0.9957325958978599,2.7277250367909788e-5,1.195830230826509
2020-02-09,daytime,6,0.40911280539936257,0.4205680695085133,0.7304785894206454
2020-02-09,nighttime,6,0.9948449971701622,3.9792586601216414e-5,1.2436703483432479
2020-02-10,daytime,6,0.8268800837942414,0.042361512390004796,1.6373702422145409
2020-02-10,nighttime,6,0.6453780752165699,0.16633702111041762,4.738775510203962
2020-02-11,daytime,6,-0.9080578455810727,0.012291429584621531,-0.9902912621359176
2020-02-11,nighttime,6,0.9994771076672138,4.1005310386255687e-7,2.1894013738959575
2020-02-12,daytime,6,0.7446675390729827,0.08946884120070028,1.601006470165342
2020-02-12,nighttime,6,0.9442151130541221,0.004581130427145603,1.43350477590007
2020-02-13,daytime,6,0.9015836219429995,0.014052055340913755,1.7561941064359996
2020-02-13,nighttime,6,0.9993040107041424,7.2643308093229e-7,1.22674418604651
2020-02-14,daytime,6,0.8630394390727831,0.026852726402570082,1.6465757924125455
2020-02-14,nighttime,6,0.9997960291091549,6.240194345309401e-8,1.3658504648422143
2020-02-15,daytime,6,0.9365702053083673,0.0059074085031722194,1.125196109193599
2020-02-15,nighttime,6,0.9962277230173427,2.1318270561213246e-5,1.1877041877041905
2020-02-16,daytime,6,0.9279147891056676,0.007607129060120066,1.4506042585843024
2020-02-16,nighttime,6,0.9984947489997487,3.3969655763990723e-6,1.511207383688066
2020-02-17,daytime,6,0.945144076413144,0.0044312230645344244,1.0642213810207681
2020-02-17,nighttime,6,0.9989967084169096,1.5093860474058827e-6,1.6285347043701606
2020-02-18,daytime,6,-0.06414288430146274,0.9039176253903413,-0.5505617977536154
2020-02-18,nighttime,6,0.939491757470506,0.005381103297768469,5.864864864864745
2020-02-19,daytime,6,0.9806131805889371,5.601298942310902e-4,1.9558011049723727
2020-02-19,nighttime,6,0.98890590933406,1.8393554760840153e-4,1.4508908177249935
2020-02-20,daytime,6,-0.24055689508784728,0.6461248848377446,-0.2051891891891893
2020-02-20,nighttime,6,0.7802702052195701,0.06711736688659543,8.774193548387249
2020-02-21,daytime,6,0.9932169332946826,6.885894646421237e-5,2.1377358490566323
2020-02-21,nighttime,6,0.9955374539964607,2.982704097305795e-5,0.6581713921631119
2020-02-22,daytime,6,0.9102161309151082,0.011729834411248773,1.0855329101236162
2020-02-22,nighttime,6,0.9988550937009646,1.9654652727953854e-6,1.5556390977443504
2020-02-23,daytime,6,0.9220684896505594,0.008873328945901718,0.9935275080906143
2020-02-23,nighttime,6,0.9983172668298722,4.245003976788284e-6,2.8060013956733845
2020-02-24,daytime,6,0.9343615495554283,0.006321210712482427,1.1594292803970294
2020-02-24,nighttime,6,0.9561748287374787,0.0028388821423136756,1.4348363187152604
2020-02-25,daytime,6,0.674095986735509,0.14201244791737014,0.9190404797601146
2020-02-25,nighttime,6,0.9986767840779306,2.6251921549988886e-6,0.9926042677012601
2020-02-26,daytime,6,0.45611610870696506,0.3632714689316349,0.7615955473098265
2020-02-26,nighttime,6,0.9879923087443571,2.1541131156002134e-4,0.4655671296296303
2020-02-27,daytime,6,0.7149964880718994,0.11026551232721377,0.9629840546697013
2020-02-27,nighttime,6,0.9981505321607058,5.127633851569579e-6,0.8365617433414031
2020-02-28,daytime,6,0.8202352152246737,0.0455684832963305,1.1335719668425002
2020-02-28,nighttime,6,0.9963047875320622,2.045666445962165e-5,1.0837707327314743
2020-02-29,daytime,6,0.6486418690576037,0.16349077808296636,1.0506890353505107
2020-02-29,nighttime,6,0.9969664852501515,1.3789360083804031e-5,1.37794117647059
2020-03-01,daytime,6,0.9097114980718027,0.011860003823719087,1.5684958037443626
2020-03-01,nighttime,6,0.99850845235512,3.3354124316759854e-6,1.4991935483870924
2020-03-02,daytime,6,0.5701576115732098,0.23743691588175025,0.78462633451956465
2020-03-02,nighttime,6,0.9965306496661868,1.8033708378246603e-5,1.3860753269741342
2020-03-03,daytime,6,0.9293849381219665,0.007303669903297948,1.3516727731395284
2020-03-03,nighttime,6,0.9916710622286683,1.0376791237579366e-4,3.33591160220994
2020-03-04,daytime,6,0.9629784274136534,0.002030524430009724,0.7173978819969711
2020-03-04,nighttime,6,0.9765070036007487,8.21398182101765e-4,1.6025492468134346
2020-03-05,daytime,6,0.8578490660535943,0.02887411803052591,0.9717364782431971
2020-03-05,nighttime,6,0.9973196578549631,1.076672291908688e-5,0.8119765871229154
2020-03-06,daytime,6,0.5066882407418041,0.3050094281797148,0.4180532445923407
2020-03-06,nighttime,6,0.9886455750753073,1.9265252499004173e-4,0.9906123319820758
2020-03-07,daytime,6,0.9875707722657872,2.3076848411704215e-4,0.7254449123760324
2020-03-07,nighttime,6,0.9857265394524068,3.041435359856797e-4,1.7681660899653857
2020-03-09,daytime,6,0.9841998540560785,3.724947071231657e-4,1.5819388343912217
2020-03-09,nighttime,6,0.9948669799458584,3.945422017793822e-5,2.4710144927535787
2020-03-10,daytime,6,0.9973789235766775,1.0296058973291194e-5,0.9473885838334796
2020-03-10,nighttime,6,0.9952838960360691,3.331000796264305e-5,1.5723864675403696
2020-03-11,daytime,6,0.9992022375044185,9.543836410367513e-7,1.0973062774415634
2020-03-11,nighttime,6,0.9919732641480509,9.638415742643567e-5,1.4034779553838017
2020-03-12,daytime,6,0.7107601479680112,0.113390679537165,1.9585591329295498
2020-03-12,nighttime,6,0.9919392575968027,9.720147647761467e-5,1.327436697884147
2020-03-13,daytime,6,0.4117899525798068,0.417228880957826,1.3182926829267743
2020-03-13,nighttime,6,0.9977180237671343,7.805181691812234e-6,2.0259615384614933
2020-03-14,daytime,6,0.997668925044138,8.14453224848991e-6,1.158607753230516
2020-03-14,nighttime,6,0.7758770367093628,0.06971768222091812,4.508928571428498
2020-03-15,daytime,6,0.9542722831754431,0.0030887272503416323,2.5601993865030566
2020-03-15,nighttime,6,0.9971201733522889,1.2428160501950762e-5,1.7431095406360364
2020-03-16,daytime,6,0.9915210047890738,1.0753524795369972e-4,1.2324172329528331
2020-03-16,nighttime,6,0.9932276600700627,6.864157689916511e-5,1.2341941228851265
2020-03-17,daytime,6,-0.3532095840069655,0.4922183098329698,-0.7147577092511008
2020-03-17,nighttime,6,0.9407917144852727,0.005154650703674332,1.1806293420514937
2020-03-18,daytime,6,0.5563867450373465,0.2515391504365184,1.8641339343206473
2020-03-18,nighttime,6,0.9979860696689454,6.079788902012073e-6,1.3277591973244143
2020-03-19,daytime,6,0.989481882352002,1.6536438440675668e-4,0.6410677888092594
2020-03-19,nighttime,6,0.9969039014592633,1.4363899929713199e-5,0.9386382740263421
2020-03-20,daytime,6,0.9927680746958727,7.826199787116583e-5,0.6918918918918943
2020-03-20,nighttime,6,0.996235402666892,2.1231613320528103e-5,0.6291243654822319
2020-03-21,daytime,6,0.9979460294860815,6.32385966793456e-6,0.6926372262481496
2020-03-21,nighttime,6,0.9979143372560056,6.5204473174467666e-6,0.4086311530681059
2020-03-22,daytime,6,0.996981811682449,1.3650444046339264e-5,0.7166118136151054
2020-03-22,nighttime,6,0.9989756114753671,1.5735202918591365e-6,0.6294200848656276
2020-03-23,daytime,6,0.981747068021766,4.967136283572102e-4,0.9022667829119446
2020-03-23,nighttime,6,0.9800102415158096,5.953918081477542e-4,1.0170181280059205
2020-03-24,daytime,6,0.9961110316588587,2.2656703613636757e-5,1.1230822074650788
2020-03-24,nighttime,6,0.99848133135069,3.4577804054846355e-6,0.8482094411285858
2020-03-25,daytime,6,0.9920881173039475,9.364919812151073e-5,0.875633797103809
2020-03-25,nighttime,6,0.9928520840300658,7.64564508970266e-5,0.8077994428969342
2020-03-26,daytime,6,0.9870670214303124,2.4981130451760065e-4,1.0693181818181832
2020-03-26,nighttime,6,0.997051308774256,1.3029350806503204e-5,1.0044316996871685
2020-03-27,daytime,6,-0.6191853026749327,0.18991690851010706,-0.9164691943128095
2020-03-27,nighttime,6,0.993180084762574,6.960826439820506e-5,1.0451467268623038
2020-03-28,daytime,6,0.9983384604573508,4.138776960231403e-6,0.6115999434149099
2020-03-28,nighttime,6,0.9223604123258291,0.008807856309662446,0.26751921939680773
2020-03-29,daytime,6,0.996926250555195,1.4157383180680155e-5,0.7234624607382912
2020-03-29,nighttime,6,0.9951829377879139,3.475024476407133e-5,0.6561506060345584
2020-03-30,daytime,6,0.8986151843966628,0.014897260033355383,1.0751351864149576
2020-03-30,nighttime,6,0.9969562920868166,1.3882138095868356e-5,0.8741266496617445
2020-03-31,daytime,6,0.9561502806446641,0.00284203975743971,0.7479371457271997
2020-03-31,nighttime,6,0.9947778935536555,4.08343891507428e-5,0.48193420816106214
2020-04-01,daytime,6,0.9454621007626813,0.0043804653945664065,1.0480876534442534
2020-04-01,nighttime,6,0.9977325324517705,7.706284634287694e-6,0.7653452115812898
2020-04-02,daytime,6,0.9996495189183563,1.8423395686490384e-7,0.8823555774660532
2020-04-02,nighttime,6,0.9972510632087864,1.1324593841743797e-5,1.368294360385136
2020-04-03,daytime,6,0.792782078103759,0.05996000787869196,1.6627434196447943
2020-04-03,nighttime,6,0.9817093424163965,4.987626793882384e-4,0.8783675646839167
2020-04-04,daytime,6,0.9534646567223599,0.0031979202297984922,1.4785988893635325
2020-04-04,nighttime,6,0.9958541110368444,2.574696235304927e-5,0.933560924369741
2020-04-05,daytime,6,0.9820810297895919,4.787574435686722e-4,0.8683618102054946
2020-04-05,nighttime,6,0.9886424679869144,1.9275777604970255e-4,2.5779702970296863
2020-04-06,daytime,6,-0.31445701138448473,0.5438617425854755,-0.86631016042786535
2020-04-06,nighttime,6,0.9980337247399613,5.7955565529043855e-6,1.3671300081766091
2020-04-07,daytime,6,0.9775469979865319,7.505462512257704e-4,1.0109642130049816
2020-04-07,nighttime,6,0.9708368806184123,0.0012633298633820233,1.550251256281385
2020-04-08,daytime,6,0.8479691037022485,0.03291311518389234,1.31154611811546
2020-04-08,nighttime,6,0.9872252447899834,2.4374917194525147e-4,1.1349069276530404
2020-04-09,daytime,6,0.9291251778540164,0.0073568499858598585,1.5441868572424622
2020-04-09,nighttime,6,0.9931528832070119,7.016400584824803e-5,2.0040180813661075
2020-04-10,daytime,6,0.9929606056100159,7.415519825323933e-5,1.004265708753126
2020-04-10,nighttime,6,0.9957657550289325,2.6855288182377605e-5,1.2441566645609548
2020-04-11,daytime,6,0.8745776177536722,0.022609665379671837,1.4551097933846104
2020-04-11,nighttime,6,0.9856029915287067,3.0941871767553586e-4,1.1773518041237068
2020-04-12,daytime,6,0.9965539622329164,1.7792303285253172e-5,0.9574158245443756
2020-04-12,nighttime,6,0.9910734091381106,1.1917038328125733e-4,0.8255022414079269
2020-04-13,daytime,6,0.9456029293799685,0.004358080348995677,0.42183364081174185
2020-04-13,nighttime,6,0.9988063674752264,2.136287587190971e-6,0.7398305084745759
2020-04-14,daytime,6,0.9661343445848137,0.0017009039593007843,0.669715981086009
2020-04-14,nighttime,6,0.9927000772005788,7.97388069872265e-5,0.6181089481432993
2020-04-15,daytime,6,0.9861323379227246,2.8713461796253176e-4,0.7188365650969561
2020-04-15,nighttime,6,0.9992269207185117,8.962463471744153e-7,0.6807415036045299
2020-04-16,daytime,6,0.9697762469675999,0.0013564085459065098,0.8389286147133719
2020-04-16,nighttime,6,0.9934587629924702,6.404172987281752e-5,1.0817239755063546
2020-04-17,daytime,6,0.9587000024645981,0.0025233122024420707,1.1698447893569857
2020-04-17,nighttime,6,0.9981125479780254,5.340350702435467e-6,1.1694461785427561
2020-04-18,daytime,6,0.9717151650812355,0.001188733444654614,0.6871850664223543
2020-04-18,nighttime,6,0.9915682391822852,1.0634215943951506e-4,0.832210242587597
2020-04-19,daytime,6,0.9719209642897993,0.00117157916102101,0.7370652173913105
2020-04-19,nighttime,6,0.9954221456617539,3.138715703806309e-5,0.847537138389363
2020-04-20,daytime,6,0.9400618233578752,0.005281211031033013,0.8368454258675119
2020-04-20,nighttime,6,0.9988134796636419,2.110910553122787e-6,0.6665172166427537
2020-04-21,daytime,6,0.9526584744197433,0.003308778678370851,0.7653404163052878
2020-04-21,nighttime,6,0.9998987967281417,1.5362635085088075e-8,1.0844834329775999
2020-04-22,daytime,6,0.9940012757058119,5.386910860999224e-5,0.5427017039622261
2020-04-22,nighttime,6,0.9979983368421818,6.00597310880293e-6,0.9239794671229528
2020-04-23,daytime,6,0.9680192758015036,0.0015177956701904196,0.2776448061273335
2020-04-23,nighttime,6,0.9928006982563322,7.755834868571385e-5,0.5021618282890656
2020-04-24,daytime,6,0.9842278433268979,3.711796410308534e-4,0.4855016802688447
2020-04-24,nighttime,6,0.9901148750343866,1.4609057744770739e-4,0.7776412776412744
2020-04-25,daytime,6,0.9550768136203985,0.002981809435070764,0.49631360674083397
2020-04-25,nighttime,6,0.9843829440896326,3.6393421206215706e-4,0.9549310710498353
2020-04-26,daytime,6,0.9422625556694979,0.004904181584298006,0.4198396296602477
2020-04-26,nighttime,6,0.9636902494164016,0.0019536616301176995,0.9981343283582121
2020-04-27,daytime,6,0.9139101029604519,0.010798179197789352,0.4037030395409307
2020-04-27,nighttime,6,-0.6147158455038038,0.19406928221747158,-0.5768194070081133
2020-04-28,daytime,6,0.968465971907668,0.001475913752799048,0.3428758230981201
2020-04-28,nighttime,6,0.9861984728562744,2.8440875495633897e-4,1.502670623145403
2020-04-29,daytime,6,0.9858926228738535,2.9712332244808396e-4,0.37311738186675514
2020-04-29,nighttime,6,0.9951868548630567,3.4693797622731435e-5,0.7667464114832457
2020-04-30,daytime,6,0.9987076798248024,2.504058006406168e-6,0.31180745688851796
2020-04-30,nighttime,6,-0.8180318312604123,0.04665591894306796,-2.2222222222221673
2020-05-01,daytime,6,0.9897323429810306,1.575959382442316e-4,0.2522498139251641
2020-05-01,nighttime,6,-0.18481749204736303,0.7259302141671873,-0.37438423645309465
2020-05-02,daytime,6,0.9667621369366713,0.0016387734548294957,0.3085509202857992
2020-05-02,nighttime,6,0.5645446645508772,0.24314620965085185,1.398373983739804
2020-05-03,daytime,6,0.9757951306127183,8.717230306603355e-4,0.23447253783625818
2020-05-03,nighttime,6,0.9044402452447049,0.013261190176778214,0.6642335766423264
2020-05-04,daytime,6,0.9900415284029424,1.482629382512329e-4,0.29910589550153754
2020-05-04,nighttime,6,0.9213739828019722,0.00903004086300907,0.6460433641762158
2020-05-05,daytime,6,0.9939501444890576,5.4790412925221355e-5,0.518922979436658
2020-05-05,nighttime,6,0.9834876386659617,4.0673600089616963e-4,0.36656654343807477
2020-05-06,daytime,6,0.9916180643924148,1.0509082262113648e-4,0.49699210272237354
2020-05-06,nighttime,6,0.9423544491690319,0.004888735938504434,0.5216284987277309
2020-05-07,daytime,6,0.5233205994259031,0.28667855487221505,0.14185784449216393
2020-05-07,nighttime,6,0.9369376953127456,0.00583988661078857,1.1851428571428462
2020-05-08,daytime,6,0.9795135382580458,6.252436381014924e-4,0.5297558861765156
2020-05-08,nighttime,6,0.7371720063344395,0.09453994247141294,0.6548454390290006
2020-05-09,daytime,6,-0.1477709804578868,0.7799569122849772,-0.04085826436661809
2020-05-09,nighttime,6,0.9258983898794318,0.008033125161603706,0.44350120454284336
2020-05-10,daytime,6,0.27241344667145667,0.6014876064287288,0.13157953856176727
2020-05-10,nighttime,6,0.89405027113298,0.016243356438408654,0.3807978956597989
2020-05-11,daytime,6,0.10241777490782086,0.8469104881739271,0.05886541656776622
2020-05-11,nighttime,6,0.8987327679768304,0.014863328043044681,1.2426470588235248
2020-05-12,daytime,6,-0.8153760118694039,0.047982477291479524,-0.2612900596763534
2020-05-12,nighttime,6,-0.7733305964230053,0.07124550203500814,-0.34071107148078794
2020-05-13,daytime,6,0.8412415433352984,0.03580567762162351,0.10610305152576152
2020-05-13,nighttime,6,-0.5390246011650638,0.26976922897434286,-0.9375000000000219
2020-05-14,daytime,6,0.9839590095097412,3.8390628315487384e-4,0.2187877925588682
2020-05-14,nighttime,6,-0.793821318594659,0.059382181344582896,-0.06050090525045123
2020-05-15,daytime,6,0.902837061080861,0.013702315045615487,0.26171874999999944
2020-05-15,nighttime,6,0.9694984955993349,0.0013813242442490667,0.6528925619834689
2020-05-16,daytime,6,-0.27058542287935755,0.6040275205747183,-0.07243956743002802
2020-05-16,nighttime,6,0.22591628732691751,0.6668907458222431,0.0776431718061706
2020-05-18,daytime,6,0.32554302460591134,0.5289357048841092,0.11304347826086561
2020-05-18,nighttime,6,0.36186058718824865,0.4809006899512287,1.2870514820592494
2020-05-19,daytime,6,0.9077856608070096,0.012363154933984133,0.4985055160045658
2020-05-19,nighttime,6,0.9436323077176563,0.004676426093904169,3.799999999999941
2020-05-20,daytime,6,0.9946184153469798,4.336425080992073e-5,0.5461994164284251
2020-05-20,nighttime,6,-0.52894401226791,0.2805784270909695,-1.4481981981982146
2020-05-21,daytime,6,0.9092293477264047,0.011985023140124519,0.16038341520223287
2020-05-21,nighttime,6,0.9993513790744346,6.309272172573635e-7,0.9877126654064134
2020-06-07,daytime,6,-0.5493983893347164,0.2588172336463795,-0.22052104305055117
2020-06-07,nighttime,6,-0.1467211200793691,0.7814975590449634,-0.19400630914825548
2020-06-08,daytime,6,0.35449356281692146,0.49053349416554154,0.09737445832271202
2020-06-08,nighttime,6,-0.4514463007665079,0.3688337761762281,-0.022254433833558494
2020-06-09,daytime,6,-0.5778578949051353,0.22969223859116775,-0.11162405679900711
2020-06-09,nighttime,6,-0.9418910259239611,0.0049668723852645015,-0.13331708505971154
2020-06-10,daytime,6,0.8844006660076744,0.019272420171277407,0.08604423060168613
2020-06-10,nighttime,6,0.9877341232247232,2.2475488839020347e-4,0.5406578727667385
2020-06-11,daytime,6,0.7668672946587384,0.07519080613308482,0.07379895813235425
2020-06-11,nighttime,6,0.9499410472371396,0.0036961267939511523,0.4405850091407626
2020-06-12,daytime,6,-0.8305832398880952,0.04062175471553535,-4.854709418837689
2020-06-12,nighttime,6,0.9197234408578271,0.00940782476502391,0.16459459459459555
2020-06-13,daytime,6,-0.31238923482677367,0.5466587172055462,-0.04356564019449163
2020-06-13,nighttime,6,-0.9479676551054433,0.0039906121003269145,-4.298507462686521
2020-06-14,daytime,6,0.9823683237640477,4.635733777826685e-4,0.11144646924829116
2020-06-14,nighttime,6,-0.9208644505485168,0.009145862155768902,-0.8846407382992453
2020-06-15,daytime,6,NA,NA,-1.4361982790727613e-15
2020-06-15,nighttime,6,-0.660699879711911,0.15315596694060268,-0.09361606135799458
2020-06-16,daytime,6,0.9207751329536767,0.009166238747247183,0.042090694455750664
2020-06-16,nighttime,6,0.7755306135771011,0.06992464418143325,0.08196721311475451
2020-06-17,daytime,6,0.8138969020401619,0.04872876347375407,0.0710532544378692
2020-06-17,nighttime,6,0.9140374587188089,0.010766725141326384,0.09205741626794366
2020-06-18,daytime,6,0.9456310669700005,0.00435361455501157,0.06387272248705772
2020-06-18,nighttime,6,0.5710439331766386,0.23654029341350197,0.03976721629486113
2020-06-19,daytime,6,-0.4924587795902239,0.32102631103032775,-0.02665007138412179
2020-06-19,nighttime,6,0.9568109569833408,0.0027576600358042006,0.32485029940120197
2020-06-20,daytime,6,0.9949779217980323,3.776857260621064e-5,0.15052343676317864
2020-06-20,nighttime,6,0.8982494920229692,0.015003028866971899,0.22005058634168845
2020-06-21,daytime,6,0.9118850555074891,0.011304292224377867,0.10371435055601778
2020-06-21,nighttime,6,0.8450372206207306,0.03415959800546793,0.09455958549222968
2020-06-22,daytime,6,0.8283735037967045,0.041655795936752865,0.06627634660421597
2020-06-22,nighttime,6,0.9809208165757181,5.425503034381845e-4,0.14037482934094409
2020-06-23,daytime,6,0.6455975159145257,0.16614500649433317,0.09074549144235611
2020-06-23,nighttime,6,0.9112565744060683,0.01146364858810758,0.11579730160416372
2020-07-03,daytime,6,0.6297485830672813,0.18025100405413572,0.05541775062012017
2020-07-03,nighttime,6,NA,NA,-0
2020-07-04,daytime,6,-0.3244492571546547,0.5304030662323033,-0.0765580512496121
2020-07-04,nighttime,6,0.3406533153836219,0.5087855296302166,0.14197292069633016
2020-07-05,daytime,6,-0.8346041226414175,0.038771426410247486,-0.2895419187554059
2020-07-05,nighttime,6,NA,NA,2.1183874672023953e-15
2020-07-07,daytime,6,-0.7501451479139943,0.08584227038437675,-0.19663742690059063
2020-07-07,nighttime,6,0.7378247589033736,0.0940933656198545,0.12637517630465467
2020-07-08,daytime,6,-0.11162688025548768,0.8332551463583648,-0.0061313868613152075
2020-07-08,nighttime,6,-0.9684296443114899,0.0014792981502426894,-0.3730407523510923
2020-07-12,daytime,6,0.9814595451231859,5.124360740877121e-4,0.22379603399433456
2020-07-12,nighttime,6,0.8953206755352942,0.01586311594756782,0.11166390270867618
2020-07-13,daytime,6,0.9930466797364031,7.235490216422655e-5,0.12625958488899638
2020-07-13,nighttime,6,0.8370725773499248,0.03765553525080388,0.0988404196576472
2020-07-14,daytime,6,0.9418106728737777,0.004980482220537466,0.1585622002932676
2020-07-14,nighttime,6,0.9115325985743162,0.011393527449243409,0.1635143380109795
2020-08-13,daytime,6,0.9257988267056537,0.008054452243628767,0.23333853597627327
2020-08-13,nighttime,6,0.9200924280170996,0.009322716374509984,0.15571162076154982
2020-08-14,daytime,6,0.9368472474380735,0.005856470115061218,0.14290003002101412
2020-08-14,nighttime,6,0.8951617100811156,0.015910458213606246,0.18576642335766422
2020-08-15,daytime,6,0.914052671234671,0.010762970959714409,0.1318987341772128
2020-08-15,nighttime,6,0.4269147778540317,0.39853177166749704,0.05075489881143687
2020-08-16,daytime,6,0.7409942606229287,0.09193839252786758,0.10264414248990023
2020-08-16,nighttime,6,0.4489568821698866,0.3718110636007628,0.023713209652672824
2020-08-17,daytime,6,0.930582143069062,0.007061001558017224,0.1886647944855796
2020-08-17,nighttime,6,0.8492303955132408,0.03238360281080778,0.060731980182197685
2020-08-18,daytime,6,0.7717222671785834,0.07221822606758688,0.1133304385583985
2020-08-18,nighttime,6,NA,NA,6.637374698085243e-15
2020-08-19,daytime,6,0.699390769603738,0.12196645085983839,0.09652509652509572
2020-08-19,nighttime,6,0.8622018733942661,0.027174207827725325,0.09911894273128419
2020-08-20,daytime,6,0.8382500844546835,0.03712861840307602,0.08902647309991481
2020-08-20,nighttime,6,0.9380430061271969,0.005639087435995011,0.1564310544611819
2020-08-21,daytime,6,0.5776424997160855,0.2299074845239438,0.049367418807877206
2020-08-21,nighttime,6,0.9163419338230357,0.010205260370515088,0.15211640211640107
2020-08-22,daytime,6,0.5698475909606732,0.2377508568722844,0.12487852283770658
2020-08-22,nighttime,6,0.98092149599914,5.425117865658453e-4,0.19978648772304203
2020-08-23,daytime,6,0.8120194263684154,0.049683737896218695,0.08596229837403649
2020-08-23,nighttime,6,0.8935954837742618,0.016380529842578383,0.1613719426482947
2020-08-24,daytime,6,0.9878162308743356,0.00022176204004740695,0.17174959871588993
2020-08-24,nighttime,6,0.9340518348510842,0.006380331152751294,0.15111111111111233
2020-08-25,daytime,6,0.47361834395676483,0.3426921761725111,0.03617973156973332
2020-08-25,nighttime,6,0.8008895090346831,0.05552061494475991,0.12073863636363956
2020-08-26,daytime,6,0.7853992134589796,0.06413868797378854,0.06956976592127534
2020-08-26,nighttime,6,0.9138105490635349,0.01082279777698119,0.19312224785070314
2020-08-27,daytime,6,0.8370312819004646,0.03767407757248696,0.07583601511123429
2020-08-27,nighttime,6,0.9078797421758487,0.012338340062428852,0.17774762550881978
2020-08-28,daytime,6,0.8969119243897049,0.015392960709479946,0.07450088079858966
2020-08-28,nighttime,6,0.8651379760393888,0.02605522882634786,0.13989976029635887
2020-08-29,daytime,6,0.7155693421201658,0.10984586495145755,0.06987832949687338
2020-08-29,nighttime,6,0.8941507922677988,0.0162131120055069,0.22791337229288663
2020-08-30,daytime,6,0.907772720387351,0.012366569980761154,0.08356874664759367
2020-08-30,nighttime,6,0.842462673833201,0.03527213230365931,0.19872813990460683
2020-08-31,daytime,6,0.8468013463197146,0.03340696824743171,0.13048498845265438
2020-08-31,nighttime,6,0.8646086732829157,0.026255300591065477,0.17937513655232784
2020-09-01,daytime,6,-0.07226834951985288,0.8917861941929874,-0.038390220451890715
2020-09-01,nighttime,6,0.8918166834776348,0.016922376207710452,0.22010869565217664
2020-09-02,daytime,6,0.8908142845096747,0.017231450829733087,0.08850748780077274
2020-09-02,nighttime,6,0.5851222484652874,0.22248020763849477,0.05706134094151299
2020-09-03,daytime,6,0.9026221022409965,0.013761991692562328,0.09660790428307715
2020-09-03,nighttime,6,0.8301168349886308,0.04083899594811902,0.07449664429530133
2020-09-04,daytime,6,0.9612387966645313,0.0022245283115239567,0.10813559322033887
2020-09-04,nighttime,6,0.7371439064260724,0.09455918802056174,0.06530430919591539
2020-09-05,daytime,6,0.9377150173485567,0.005698313821289848,0.1303052866716298
2020-09-05,nighttime,6,0.9247170372527779,0.008287952702851056,0.138063279002879
2020-09-06,daytime,6,0.8840538407923957,0.019385905970727854,0.05328758136953099
2020-09-06,nighttime,6,0.7449603950778478,0.08927324905317537,0.1151816206147242
2020-09-07,daytime,6,0.8756148331925917,0.02224528147299837,0.04292343387470801
2020-09-07,nighttime,6,0.9221015748087025,0.008865896736013788,0.32824427480916407
2020-09-08,daytime,6,0.8734016640873011,0.02302620344215952,0.08954545454545422
2020-09-08,nighttime,6,NA,NA,3.2281886370811152e-15
2020-09-09,daytime,6,0.8638196425504703,0.026554896156732195,0.7262821444137737
2020-09-09,nighttime,6,0.6244286417413983,0.18509287561211127,0.11557019940973443
2020-09-10,daytime,6,-0.5229711869690729,0.28705923189835886,-0.05697892966663473
2020-09-10,nighttime,6,-0.6622390106138546,0.151857422263423,-3.612903225806943
2020-09-11,daytime,6,-0.6055975280770834,0.20265465982628814,-0.043790849673204076
2020-09-11,nighttime,6,-0.7058009503746903,0.11709770414383779,-0.027675276752767368
2020-09-12,daytime,6,-0.3530238214653265,0.4924622091559477,-0.0068288119738075
2020-09-12,nighttime,6,0.599332342730327,0.20864135201968315,0.13393870601589244
2020-09-13,daytime,6,-0.05261215053070471,0.9211545904299958,-0.003690717844624342
2020-09-13,nighttime,6,0.9044303510918317,0.013263891232893314,0.5694164989939372
2020-09-17,daytime,6,0.952223975973796,0.0033692971623149126,0.9489795918367654
2020-09-17,nighttime,6,-0.9417287054399307,0.004994384288961458,-0.792792792792786
2020-09-18,daytime,6,NA,NA,-1.9472607493979775e-15
2020-09-18,nighttime,6,0.8314971796756828,0.04019763350833359,0.1626794258373139
2020-09-19,daytime,6,0.8880603370714775,0.018094402895659167,0.3198030144754519
2020-09-19,nighttime,6,0.7463380166313476,0.0883557384193222,0.12854317732366627
2020-09-20,daytime,6,0.9440847091783917,0.004602369491022456,0.12379110251450201
2020-09-20,nighttime,6,-0.4657780077916643,0.3518580603441415,-0.016949152542369714
2020-09-21,daytime,6,0.7225776654672554,0.10476907893792431,0.1179730799683233
2020-09-21,nighttime,6,-0.4433645922286533,0.3785296798019928,-0.07248236048748731
2020-09-22,daytime,6,0.8673953078388134,0.025210145830649462,0.13525835866261277
2020-09-22,nighttime,6,NA,NA,3.734908032303624e-15
2020-09-23,daytime,6,0.8539074533199463,0.030455519329540652,0.09516129032257735
2020-09-23,nighttime,6,-0.12192827750103424,0.8180139074131256,-0.016990291262132248
2020-09-24,daytime,6,NA,NA,-3.560872234222126e-15
2020-09-24,nighttime,6,NA,NA,4.151573001778938e-15
2020-09-25,daytime,6,0.7649217940943114,0.07639722629985661,0.0966804979253078
2020-09-25,nighttime,6,0.5491288761703876,0.2590995390330019,0.13421256788208735
2020-09-26,daytime,6,NA,NA,-4.08969552104244e-15
2020-09-26,nighttime,6,NA,NA,3.815526620521966e-15
2020-09-27,daytime,6,0.94938699864638465,0.003777686805982118,0.16349809885931327
2020-09-27,nighttime,6,-0.13460124706641327,0.7993174481586467,-0.01846590909089974
2020-09-28,daytime,6,0.8341322822434144,0.038986465088924796,0.5669291338582568
2020-09-28,nighttime,6,0.6260790872996572,0.18358505154598015,0.0732574679943135
2020-09-29,daytime,6,0.702229393247806,0.11979973840965318,0.07670850767084957
2020-09-29,nighttime,6,-0.967127000496888,0.001603189302441519,-0.15554799183117657
2020-09-30,daytime,6,0.4135294162823472,0.4150640007939188,0.030904803276648803
2020-09-30,nighttime,6,NA,NA,4.491725246293167e-15
2020-10-01,daytime,6,0.6219138682358916,0.18740014406533423,0.05950413223139983
2020-10-01,nighttime,6,0.06617825960083663,0.9008775264956812,0.0036496350365051895
2020-10-02,daytime,6,-0.6686417609351546,0.14650614110752966,-0.3746298124383088
2020-10-02,nighttime,6,0.2114635231899306,0.6875327035400184,0.027218934911244087
2020-10-03,daytime,6,-0.0528458823926947,0.9208049674228921,-0.0036935541522754053
2020-10-03,nighttime,6,-0.1319852184832499,0.8031717699886635,-0.012669162107686068
2020-10-04,daytime,6,0.6451772790144286,0.16651280314055306,0.07174338883447233
2020-10-04,nighttime,6,-0.19573785438691713,0.7101429007355835,-0.032418952618454705
2020-10-05,daytime,6,0.8676998373705613,0.02509715264433329,0.07018587360594193
2020-10-05,nighttime,6,0.7904449061169857,0.06126887429059201,0.09055118110235913
2020-10-06,daytime,6,-0.8168040703506201,0.047267026686724625,-0.09903288201161256
2020-10-06,nighttime,6,0.30721197019463475,0.5536792538720139,0.037751677852349036
2020-10-07,daytime,6,0.6186198964069084,0.19044015770144143,0.053046218487391696
2020-10-07,nighttime,6,0.9294889389904699,0.007282430797621827,0.12516585581601097
2020-10-08,daytime,6,0.7554560963395643,0.08239050809906703,0.0771235018238597
2020-10-08,nighttime,6,0.9053541010220675,0.013012857587074099,0.13079777365491502
2020-10-09,daytime,6,0.21230755727123266,0.6863234924687838,0.006217172258543487
2020-10-09,nighttime,6,0.8074227580207923,0.05205803195983317,0.17435377597567236
2020-10-10,daytime,6,NA,NA,-4.3459940551870195e-15
2020-10-10,nighttime,6,0.6631579788467697,0.15108434395741102,0.12204379562044315
2020-10-11,daytime,6,0.2178039902056497,0.6784601704968476,0.008625196027177803
2020-10-11,nighttime,6,0.5765032705392128,0.23104726071952938,0.04816753926701545
2020-10-12,daytime,6,NA,NA,-1.0758382065577921e-14
2020-10-12,nighttime,6,NA,NA,3.4988005014334394e-15
2020-10-13,daytime,6,0.8570512233703982,0.029190996247156476,0.04676826064108734
2020-10-13,nighttime,6,0.7201190377787741,0.10653802241304912,0.3142857142857171
2020-10-14,daytime,6,0.3335986928738638,0.5181647410149967,0.024240969638781223
2020-10-14,nighttime,6,0.6864667349952157,0.1320440151496872,0.14036834245893398
2020-10-15,daytime,6,0.7307397502013094,0.09899079344110395,0.07281553398057543
2020-10-15,nighttime,6,0.8961477550065985,0.015617894958373594,0.1404728789986107
2020-10-16,daytime,6,0.7805936361964938,0.06692771051538192,0.14507772020724855
2020-10-16,nighttime,6,0.3911767365443901,0.4431636784954396,0.05363560962123249
2020-10-17,daytime,6,0.7236174592309903,0.10402490401277958,0.07340498513606188
2020-10-17,nighttime,6,NA,NA,6.371940554664654e-15
2020-10-18,daytime,6,NA,NA,-4.148590485951249e-15
2020-10-18,nighttime,6,0.603388490031845,0.20475740270074694,0.3883495145631182
2020-10-19,daytime,6,0.1760681686165985,0.7386268036886598,0.009999999999995068
2020-10-19,nighttime,6,0.8530666868875084,0.030797996828302174,0.2500000000000018
2020-10-20,daytime,6,0.6995127574753547,0.12187298974905841,0.057156814850996385
2020-10-20,nighttime,6,0.7975567974723967,0.05732648515918541,0.3617021276595666
2020-10-21,daytime,6,0.6778536337622794,0.13895152381585033,0.07432854465958305
2020-10-21,nighttime,6,0.9317610191137508,0.006825958364929367,0.42168674698794095
2020-10-22,daytime,6,NA,NA,0
2020-10-22,nighttime,6,0.5803810000880085,0.22717687883017762,0.3368421052631667
2020-10-23,daytime,6,0.9135596577695029,0.010884960934726486,0.07555970149253427
2020-10-23,nighttime,6,0.5811932456181796,0.2263694828976979,0.027240773286472654
2020-10-24,daytime,6,0.8357007078552929,0.03827381740754317,0.06684315023163154
2020-10-24,nighttime,6,0.7380903250519021,0.09391194995045435,0.02348178137651998
2020-10-25,daytime,6,0.7685427084663825,0.07415884639947856,0.044078947368416894
2020-10-25,nighttime,6,0.5776512075833696,0.22989878113103449,0.020855057351411563
2020-10-26,daytime,6,0.9029387456264336,0.013674129091208683,0.16696269982236642
2020-10-26,nighttime,6,0.8844928412411815,0.01924231289097497,0.6874999999999943
2020-10-27,daytime,6,-0.7575318617169025,0.08105874944408979,-0.15590267347551842
2020-10-27,nighttime,6,NA,NA,4.916336449475023e-15
2020-10-28,daytime,6,0.8820371882106117,0.02005209791609605,0.1857885615251253
2020-10-28,nighttime,6,-0.95470909686787,0.0030304470170506724,-0.13265517957234482
2020-10-29,daytime,6,-0.7489353995902132,0.08663741846141396,-0.01950971244380548
2020-10-29,nighttime,6,0.5497137652681501,0.25848704066898737,0.21290322580646254
2020-10-30,daytime,6,0.7585030303604416,0.08043903293296698,0.07604895104894391
2020-10-30,nighttime,6,0.11803342130469707,0.823772082278049,0.11764705882359955
2020-10-31,daytime,6,0.6996290723973362,0.12178390405717109,0.05515277058518698
2020-10-31,nighttime,6,0.7142857142857099,0.110787172011665,1.07142857142864
2020-11-02,daytime,6,0.6706263743324297,0.1448641020875027,0.13533834586465343
2020-11-02,nighttime,6,0.6926356448094174,0.12719047743632148,0.22388059701493773
2020-11-03,daytime,6,-0.09159291318091531,0.8629948286899564,-0.008389261744970409
2020-11-03,nighttime,6,0.6567672978933164,0.1564951345713445,0.031716417910453154
2020-11-04,daytime,6,0.19126448680656932,0.7166016984557947,0.02155265180631351
2020-11-04,nighttime,6,0.6693841491599334,0.14589097414877183,0.12410714285714786
2020-11-05,daytime,6,-0.09349469900084185,0.8601665821761884,-0.0043706293706276215
2020-11-05,nighttime,6,0.8422424761419204,0.03536806433514831,0.21783876500857388
2020-11-06,daytime,6,-0.076207758821117,0.8859096547158994,-0.014519056261342768
2020-11-06,nighttime,6,0.6784703474526278,0.13845189665828617,0.16719242902208947
2020-11-07,daytime,6,0.11858158414196124,0.822961346720305,0.01278326554328545
2020-11-07,nighttime,6,0.7706770657536252,0.07285357942556848,0.30655129789864405
2020-11-08,daytime,6,0.040740042186337505,0.9389237458841339,0.008298755186715571
2020-11-08,nighttime,6,0.36263873112929923,0.4798866417912652,0.08219178082192609
2020-11-09,daytime,6,-0.06324555320337073,0.9052581613013506,-0.016000000000006554
2020-11-09,nighttime,6,0.9016696346674357,0.014027919814880009,0.32520325203253586
2020-11-10,daytime,6,0.2794329441391398,0.5917600329828707,0.1162162162162158
2020-11-10,nighttime,6,0.8811039019443203,0.020364048805992727,0.2451612903225827
2020-11-11,daytime,6,0.47124879456100915,0.3454531966489548,0.11878453038674128
2020-11-11,nighttime,6,0.9127766186677302,0.011080083199174463,0.19039331709014834
2020-11-12,daytime,6,0.11060660746756991,0.8347666595512713,0.020042643923240618
2020-11-12,nighttime,6,0.6286185570937137,0.18127502443036517,0.08467741935484366
2020-11-13,daytime,6,0.35582697493899035,0.488785668819443,0.08873720136518239
2020-11-13,nighttime,6,0.8284331467065829,0.041627726677445444,0.18940936863543958
2020-11-14,daytime,6,-0.1770143654702891,0.7372517434330863,-0.04507710557532269
2020-11-14,nighttime,6,0.7526022383014369,0.08423740802509763,0.3679245283018975
2020-11-15,daytime,6,0.47029010170500246,0.3465725319867507,0.08941027266961979
2020-11-15,nighttime,6,0.38254117340859883,0.45417834706280374,0.08497030607584158
2020-11-16,daytime,6,0.6793662204867539,0.1377274893821952,0.205128205128194
2020-11-16,nighttime,6,0.8715824872520105,0.023677716072041936,0.20432127759511423
2020-11-17,daytime,6,-0.23816834443412574,0.6495024330217125,-0.05777460770328674
2020-11-17,nighttime,6,0.4896083251505604,0.32427106330284333,0.12293144208038305
2020-11-18,daytime,6,-0.21415321871380644,0.6836808766732029,-0.03880597014926634
2020-11-18,nighttime,6,0.913811548620258,0.01082255046260802,0.5567010309278297
2020-11-19,daytime,6,-0.39373271967853507,0.43992021740098897,-0.09344000000000888
2020-11-19,nighttime,6,0.48372816718545836,0.3310022371564396,0.2119700748129681
2020-11-20,daytime,6,-0.3629504388718706,0.4794806205991527,-0.09221311475409619
2020-11-20,nighttime,6,0.9167381705935568,0.010110190695962744,0.45950413223141007
2020-11-21,daytime,6,-0.16579565588492054,0.753585228206073,-0.048034934497818954
2020-11-21,nighttime,6,0.8443277166012871,0.034464519581093256,0.674698795180735
2020-11-22,daytime,6,-0.9177202571240242,0.009876419008514731,-1.1657043879907922
2020-11-22,nighttime,6,0.8955161539803057,0.015804992623453952,0.6153846153846213
2020-11-23,daytime,6,-0.5483445587240862,0.25992176406736767,-0.13891145410236447
2020-11-23,nighttime,6,-0.7721290647876451,0.07197162693184621,-0.15829694323142932
2020-11-24,daytime,6,-0.579415995108812,0.2281376150927877,-0.4772727272727467
2020-11-24,nighttime,6,0.9646472482908894,0.0018526333441235944,0.2535966149506398
2020-11-25,daytime,6,-0.36328308382858265,0.4790474439122808,-0.2003262642740749
2020-11-25,nighttime,6,-0.9176389869738641,0.009895663468490072,-0.11099899091825871
2020-11-26,daytime,6,-0.025482382363902843,0.9617846999697133,-0.015918958031840274
2020-11-26,nighttime,6,-0.8740748444658556,0.022787310482047025,-0.10139906728846992
2020-11-27,daytime,6,0.2740135508125872,0.5992666118677987,0.24193548387098512
2020-11-27,nighttime,6,NA,NA,6.458049136066821e-15
2020-11-28,daytime,6,0.9649528167703983,0.001820933262378492,0.49042145593870035
2020-11-28,nighttime,6,-0.8615085935450955,0.02744168093024015,-0.06949901768172348
2020-11-29,daytime,6,0.8709087694417554,0.02392119534810014,0.591000000000002
2020-11-29,nighttime,6,NA,NA,2.638213512640594e-15
2020-11-30,daytime,6,0.9306921843283197,0.007038897382891796,0.5174418604651121
2020-11-30,nighttime,6,NA,NA,-0
2020-12-01,daytime,6,0.8338365552131414,0.03912152509431455,0.6497975708502041
2020-12-01,nighttime,6,-0.5791785361309397,0.22837427193661192,-0.03829915560916737
2020-12-02,daytime,6,0.7535639352177201,0.08361297948578751,0.41160220994475
2020-12-02,nighttime,6,0.5085227673575398,0.30296667443186825,0.06745967084894904
2020-12-03,daytime,6,0.6898706345895691,0.12935617912785333,0.6309178743961358
2020-12-03,nighttime,6,0.5829913815039366,0.22458617731103842,0.06388702084734771
2020-12-04,daytime,6,0.9765026000688577,8.217049213798136e-4,0.5338528981977555
2020-12-04,nighttime,6,0.6946396230020035,0.1256307817155302,0.5395256916996081
2020-12-05,daytime,6,0.7535865571485749,0.08359831625509573,1.9646017699115
2020-12-05,nighttime,6,0.24689649353172433,0.6371804029320591,0.4669603524229326
2020-12-06,daytime,6,0.8441300909690916,0.03454967969365548,0.781512605042004
2020-12-06,nighttime,6,0.9683296637314888,0.0014886324638936211,0.5428571428571433
2020-12-07,daytime,6,0.9326111262270498,0.006658875253733942,0.7415584415584355
2020-12-07,nighttime,6,0.9055602411328149,0.01295715420810199,1.1146296780947376
2020-12-08,daytime,6,0.6602057045682601,0.15357389240808866,0.6929032258064443
2020-12-08,nighttime,6,0.9367945438962249,0.005866143845625263,0.655345426476264
2020-12-09,daytime,6,0.9339390737106678,0.006401922513330041,0.8068803752931907
2020-12-09,nighttime,6,0.9381670417887794,0.005616768652035203,0.886363636363634
2020-12-10,daytime,6,0.939779598210193,0.005330550640645106,0.6051292489314043
2020-12-10,nighttime,6,0.8766773741076278,0.021874930853868227,1.608163265306123
2020-12-11,daytime,6,0.970515684405693,0.0012911715747445244,0.8050259965337963
2020-12-11,nighttime,6,0.6455477782979357,0.16618851964395698,3.110663983903517
2020-12-12,daytime,6,0.9118114566072452,0.011322897962785591,0.7627009646302186
2020-12-12,nighttime,6,0.9721009029501054,0.001156681659063121,1.3180778032036595
2020-12-13,daytime,6,0.8551947141241899,0.02993467628053955,0.6428571428571397
2020-12-13,nighttime,6,0.9563397937837251,0.0028177075706878516,1.6069868995633156
2020-12-15,daytime,6,0.6506197881491578,0.16177598316874997,0.39293849658313906
2020-12-15,nighttime,6,0.9688473806837853,0.0014406119497612216,1.8907646474677238
2020-12-16,daytime,6,0.9666352519442318,0.0016512386934883474,0.4597902097902067
2020-12-16,nighttime,6,0.9789459094066799,6.602457228985274e-4,1.1243911577369814
2020-12-17,daytime,6,0.9623743236658822,0.0020969041039469866,0.5234962406015038
2020-12-17,nighttime,6,0.5352621970454449,0.27378451813454485,0.9553903345724785
2020-12-18,daytime,6,0.8678197695867322,0.025052719031514084,0.4045801526717535
2020-12-18,nighttime,6,0.5852927195579732,0.22231207229003078,0.6500000000000047
2020-12-19,daytime,6,0.8091068971348496,0.05118217588056796,0.501451104100946
2020-12-19,nighttime,6,0.9839353029811839,3.85038791212009e-4,3.425531914893781
2020-12-20,daytime,6,0.7992200582350235,0.05642189828685251,0.4735682819383257
2020-12-20,nighttime,6,0.7862856884897792,0.06363013731385693,1.553797468354436
2020-12-21,daytime,6,0.6760859573681073,0.14038788012163939,0.48387834438600835
2020-12-21,nighttime,6,0.7152421775723101,0.11008544489484277,3.2567567567567197
2020-12-22,daytime,6,0.22090324302602032,0.6740349805029413,0.2224997598232321
2020-12-22,nighttime,6,0.8675876136404966,0.025138764254792986,3.4675324675324606
2020-12-23,daytime,6,0.2528505764551119,0.6288069356113836,0.22631578947368428
2020-12-23,nighttime,6,0.6005191553710416,0.2075018534838311,2.919354838709527
2020-12-24,daytime,6,0.8656991247373773,0.02584391366080717,0.5324137931034465
2020-12-24,nighttime,6,0.8191674960786179,0.0460939446056967,1.9999999999999627
2020-12-25,daytime,6,0.3509142274944674,0.49523458724372205,0.16025171959608062
2020-12-25,nighttime,6,-0.97090462614866,0.0012574959590931614,-2.0141129032257705
2020-12-26,daytime,6,0.5761449526942092,0.2314062148515688,0.21079981924988528
2020-12-26,nighttime,6,0.8879604519277898,0.018126082099019586,0.6127717391304229
2020-12-27,daytime,6,0.9165357858994482,0.010158695217614196,0.3183009963293113
2020-12-27,nighttime,6,0.8107507078559963,0.05033393229219593,0.9550072568940401
2020-12-28,daytime,6,0.9006910612379401,0.01430369242580732,0.37959558823529527
2020-12-28,nighttime,6,-0.34303397778770767,0.5056318335915624,-0.16191709844560628
2020-12-29,daytime,6,0.21828662902356255,0.6777706319780805,0.1287783069297293
2020-12-29,nighttime,6,0.9764965098034504,8.221292480079733e-4,1.2056555269922833
2020-12-30,daytime,6,0.9721520634176094,0.0011524632150046001,0.9594399538106264
2020-12-30,nighttime,6,0.6982972487551797,0.12280564656373329,0.8533333333332772
2020-12-31,daytime,6,0.9242936258015965,0.008380228799369017,0.3769053117782924
2020-12-31,nighttime,6,-0.8782575606608218,0.021329646472475282,-0.4421317474839848
2021-01-01,daytime,6,0.7090664702702283,0.11465083380652596,0.4817767653758526
2021-01-01,nighttime,6,-0.4226068524881083,0.4038277845721923,-0.9830508474576611
2021-01-02,daytime,6,0.7697173643135738,0.07343918373541279,0.4712143202709191
2021-01-02,nighttime,6,0.9954704938996491,3.07281736324137e-5,0.5467479674796727
2021-01-03,daytime,6,0.9194586797167236,0.009469124492111729,0.39127207956063254
2021-01-03,nighttime,6,0.9471949478861421,0.004108940188371668,0.8308823529411794
2021-01-04,daytime,6,0.9273288940232353,0.007729743153237432,0.3402366863905292
2021-01-04,nighttime,6,0.9576321706242443,0.0026545236238057677,0.9462279293740007
2021-01-05,daytime,6,0.8867616837516368,0.018508351676425405,0.3156699470098399
2021-01-05,nighttime,6,0.7810376677194951,0.06666773434275158,0.8116438356164483
2021-01-06,daytime,6,0.9173143525856835,0.009972717007678197,0.6039035591274448
2021-01-06,nighttime,6,-0.05111630125684666,0.9233923283996078,-0.07812500000000702
2021-01-07,daytime,6,0.8054797819846865,0.05307703361446465,0.5523495465787311
2021-01-07,nighttime,6,0.06551244396405259,0.9018719198382115,0.2053571428571624
2021-01-08,daytime,6,0.8900717647753469,0.017462127030487138,0.5592275915073522
2021-01-08,nighttime,6,0.11064628691368839,0.8347078687902414,0.195454545454576
2021-01-09,daytime,6,0.9289306956258909,0.0073967889796086195,0.46600331674958484
2021-01-09,nighttime,6,-0.1762559969776651,0.7383538044865563,-0.08125000000001395
2021-01-10,daytime,6,0.8975574969209251,0.015204159950511142,0.5326797385620874
2021-01-10,nighttime,6,-0.7776432867141252,0.06866682513350397,-0.3580729166666744
2021-01-11,daytime,6,0.9962249393962803,2.1349724492464734e-5,0.5566127497621299
2021-01-11,nighttime,6,-0.2757013015959469,0.5969262420556988,-0.20489977728286868
2021-01-12,daytime,6,0.9602431510874075,0.0023394905756385993,0.4030418250950573
2021-01-12,nighttime,6,0.40176083022848735,0.4297832169557093,0.5764705882353136
2021-01-13,daytime,6,0.9034488864527112,0.013533145876896236,0.4902251184834121
2021-01-13,nighttime,6,0.6180777515926112,0.1909424370142052,0.9958677685950506
2021-01-14,daytime,6,0.9882430584350348,2.0652595685135652e-4,0.38754111842105143
2021-01-14,nighttime,6,-0.09590306689561974,0.8565864290059079,-0.20491803278686102
2021-01-15,daytime,6,0.9856982991061667,3.053453473992799e-4,0.3942013705851311
2021-01-15,nighttime,6,-0.774560060470282,0.07050596373009037,-1.4230769230769462
2021-01-16,daytime,6,0.7419317772739468,0.09130524180378173,0.18335146898803187
2021-01-16,nighttime,6,0.7191692612486902,0.1072248707243113,1.4752475247523844
2021-01-17,daytime,6,0.8282975256885601,0.04169156570157416,0.3800665270420086
2021-01-17,nighttime,6,-0.5923125818317434,0.21543288105044822,-0.5589743589743666
2021-01-18,daytime,6,0.9435327825135914,0.004692795797391934,0.3825616131441319
2021-01-18,nighttime,6,-0.8071975868713114,0.05217565583403395,-2.0000000000000235
2021-01-19,daytime,6,0.39171336466863843,0.4424820769979002,0.21593685397481485
2021-01-19,nighttime,6,-0.7777985746944425,0.06857478202997991,-1.3100000000000216
2021-01-20,daytime,6,-0.26712418278901934,0.6088440927939549,-0.3238434163701187
2021-01-20,nighttime,6,-0.9227584379342341,0.008718966786576864,-1.5353383458646928
2021-01-21,daytime,6,0.9507795897258491,0.003574351297696779,0.29362069612885916
2021-01-21,nighttime,6,-0.8593378488473186,0.028287201688031418,-0.73846153846156
2021-01-22,daytime,6,0.9516867435664053,0.003444870425892346,0.28196799239422954
2021-01-22,nighttime,6,-0.875477793082961,0.022293263049485333,-1.231578947368447
2021-01-23,daytime,6,0.5587941751852683,0.2490507377239311,0.6215374528765674
2021-01-23,nighttime,6,-0.4457487461534885,0.37566022337960087,-0.9338521400777935
2021-01-24,daytime,6,0.9541980371174672,0.0030986875734432943,0.7592237661715387
2021-01-24,nighttime,6,0.9310352488886041,0.006970202445147925,2.4285714285714297
2021-01-25,daytime,6,0.7201607776025504,0.10650788217938804,0.7839437661857185
2021-01-25,nighttime,6,-0.5929522510329411,0.21481036766378564,-1.0599173553719057
2021-01-26,daytime,6,0.47038527134037766,0.34646135732263544,0.24425059476605476
2021-01-26,nighttime,6,0.9070287906352333,0.0125636635558074,5.434210526315768
2021-01-27,daytime,6,0.6918682122155535,0.1277899810651133,0.48370715192551084
2021-01-27,nighttime,6,0.7696261777667773,0.07349493592383448,7.756097560975707
2021-01-28,daytime,6,0.7537239954411336,0.08350925547400624,0.46601941747572634
2021-01-28,nighttime,6,-0.8939401948091098,0.016276506890211085,-1.1708860759493782
2021-01-29,daytime,6,0.5061541635630163,0.30560508782903884,0.6702397743300358
2021-01-29,nighttime,6,-0.881792175364978,0.020133770432780036,-3.038461538461641
2021-01-30,daytime,6,0.8247281591860253,0.04338813267796792,0.6168804302854712
2021-01-30,nighttime,6,-0.7460387517533993,0.08855469100652275,-3.349544072948446
2021-01-31,daytime,6,0.7291152095431327,0.1001292853125702,0.4331098805013098
2021-01-31,nighttime,6,0.8655216214251126,0.025910668754864315,6.12068965517235
2021-02-01,daytime,6,0.8723343690405382,0.023407389998538364,0.5571010248901893
2021-02-01,nighttime,6,-0.8262171207006799,0.042676569727056406,-0.910179640718572
2021-02-02,daytime,6,0.9972858313593489,1.1040069866294115e-5,0.6659670827350048
2021-02-02,nighttime,6,-0.29693447014747004,0.5676886627075605,-0.7647058823529101
2021-02-03,daytime,6,0.9962110805124347,2.1506669629624615e-5,0.6230468749999998
2021-02-03,nighttime,6,0.3347184073111509,0.5166727137583077,0.595330739299661
2021-02-04,daytime,6,0.6010285644272199,0.2070135308442539,0.9129916567342092
2021-02-04,nighttime,6,-0.208045897108041,0.6924335895339522,-0.6406250000000375
2021-02-05,daytime,6,0.8763901520276498,0.02197474995702072,0.4025504377617065
2021-02-05,nighttime,6,0.9784007727665616,6.947516184161661e-4,0.7716381418092915
2021-02-06,daytime,6,0.7275218192556798,0.10125155453966594,0.3363880196691975
2021-02-06,nighttime,6,0.9983870466386906,3.900329673949948e-6,0.7212449255750921
2021-02-07,daytime,6,0.9328526443892087,0.006611775145453585,0.49517387280179626
2021-02-07,nighttime,6,0.9795582588299364,6.225262312362921e-4,0.7276626161543946
2021-02-08,daytime,6,0.9332928372958383,0.006526350048301688,0.4730650154798779
2021-02-08,nighttime,6,0.9635454006315723,0.0019691837748511084,0.7877793725651032
2021-02-09,daytime,6,0.9608359536277162,0.0022706984440639625,0.4764134514918169
2021-02-09,nighttime,6,0.9946314478217059,4.315466426925138e-5,0.5981542011151744
2021-02-10,daytime,6,0.9606181864567358,0.0022958516932824534,0.5847304616971853
2021-02-10,nighttime,6,0.970501267735653,0.0012924282751047493,0.8423434749811416
2021-02-11,daytime,6,0.9112150919063353,0.011474204800946903,0.7967996234851177
2021-02-11,nighttime,6,0.9421477978076231,0.0049235038366683085,2.0800561797752355
2021-02-12,daytime,6,0.8851581040859359,0.019025686165520313,0.490858668857848
2021-02-12,nighttime,6,0.9766362548404928,8.124201612562007e-4,0.8608597285067888
2021-02-13,daytime,6,0.7539730798358133,0.08334795624980643,0.5915004005646048
2021-02-13,nighttime,6,0.965455509805581,0.00176937135753079,0.5569176882662007
2021-02-14,daytime,6,0.1028944706670058,0.8462029798784431,0.016274149675678726
2021-02-14,nighttime,6,0.956491063163284,0.002798359568186413,0.5335740072202115
2021-02-15,daytime,6,0.9957988711470819,2.6437151580754714e-5,0.10949599239233662
2021-02-15,nighttime,6,-0.9923687960883478,8.713070708972766e-5,-0.296223446105422
2021-02-16,daytime,6,-0.24047504933366093,0.6462405515574126,-0.044434628975268974
2021-02-16,nighttime,6,0.7077797844204409,0.11561225165217623,0.23681377825619604
2021-02-17,daytime,6,0.8187187159222573,0.04631564122139991,0.21747222070173144
2021-02-17,nighttime,6,-0.6259575823065706,0.183695882515566,-0.0871975806451629
2021-02-18,daytime,6,0.6069358069651818,0.2013850870148052,0.27702702702700693
2021-02-18,nighttime,6,-0.37260197054614463,0.4669616251295816,-0.5945945945945734
2021-02-19,daytime,6,-0.36895803047988496,0.47167608783735054,-0.19772379819942423
2021-02-19,nighttime,6,-0.9354439689782735,0.0061167036909977645,-1.3922356091030659
2021-02-20,daytime,6,-0.06066012232780646,0.9091214205312224,-0.016783818677380886
2021-02-20,nighttime,6,0.980286926730164,5.790775846534282e-4,0.9987531172069828
2021-02-21,daytime,6,0.8401432517605815,0.03628876588054135,0.5787022663769015
2021-02-21,nighttime,6,0.9963796430317754,1.9636750884585267e-5,0.7585227272727262
2021-02-22,daytime,6,0.854399937607695,0.03025575186094842,0.5524499073918122
2021-02-22,nighttime,6,0.1588364605055757,0.7637489534552339,0.05725490196079413
2021-02-23,daytime,6,0.12333964959314556,0.8159286882521757,0.0894635680587072
2021-02-23,nighttime,6,0.9458826357375401,0.004313787204257376,0.2606808626068089
2021-02-24,daytime,6,0.5848626180967316,0.2227363786325853,0.3297767564018343
2021-02-24,nighttime,6,0.9555525952298245,0.0029194531666865337,0.4089473684210579
2021-02-25,daytime,6,0.8070832665899393,0.052235420933316665,0.49999999999999895
2021-02-25,nighttime,6,0.9372161551206919,0.005788975735977366,0.49513933895009576
2021-02-26,daytime,6,0.7504307325648624,0.08565504051612631,0.3257110460171964
2021-02-26,nighttime,6,0.9201838375924112,0.009301690460654308,0.31127712557809034
2021-02-27,daytime,6,0.7572613008546472,0.08123178004695598,0.4256377198637109
2021-02-27,nighttime,6,0.8987406682030483,0.01486104955090964,0.5994623655914016
2021-02-28,daytime,6,0.8424505012876444,0.03527743223421966,1.0672461116193994
2021-02-28,nighttime,6,0.6469677593054126,0.16494812918328167,1.2795580110497233
2021-03-01,daytime,6,0.7498341968708141,0.0860463392282615,0.48268705625341146
2021-03-01,nighttime,6,0.9043823263271971,0.01327700553601554,0.19289552238806126
2021-03-02,daytime,6,0.9839777963416249,3.8300997706332783e-4,0.4771451483560572
2021-03-02,nighttime,6,0.9510120695423899,0.0035409449535302295,0.6178068934713038
2021-03-03,daytime,6,0.9548736310982647,0.003008636330921025,0.44271356783919585
2021-03-03,nighttime,6,0.8698318126048908,0.024312866445782632,0.16587249836986553
2021-03-04,daytime,6,0.8619170345794878,0.02728395059366064,0.4749536178107582
2021-03-04,nighttime,6,0.9537321601323825,0.0031615464257408197,0.27549570278134994
2021-03-05,daytime,6,0.23705495570032878,0.6510782242333433,0.10160266102207197
2021-03-05,nighttime,6,0.5820699879423107,0.2254992662565883,0.29615300065948685
2021-03-06,daytime,6,0.850636597057838,0.031798033304830164,0.6732680195941182
2021-03-06,nighttime,6,0.968314945695815,0.0014900090104393749,0.7157748436414134
2021-03-07,daytime,6,0.8253308484507473,0.04309945088978431,0.754309759739376
2021-03-07,nighttime,6,0.9979585221335157,6.247193754899413e-6,0.8894472361808989
2021-03-08,daytime,6,0.9870763636241277,2.4945131045266665e-4,0.9232765011119346
2021-03-08,nighttime,6,0.9908028249924946,1.2649305672894826e-4,0.48340807174888156
2021-03-09,daytime,6,0.9958266363661156,2.608910236881576e-5,1.7364590939994413
2021-03-09,nighttime,6,0.9738309464000495,0.0010182685121239053,0.9334657398212505
2021-03-10,daytime,6,0.9931054863405708,7.11376148956434e-5,2.2049180327868876
2021-03-10,nighttime,6,0.9915368773685882,1.0713358378212879e-4,2.319370832620965
2021-03-11,daytime,6,0.9937620008838844,5.824758097394338e-5,4.284440481498023
2021-03-11,nighttime,6,0.9994716482140503,4.1865966839182524e-7,3.67748091603048
2021-03-12,daytime,6,0.9960564134258134,2.3297147519296218e-5,1.3997170994688974
2021-03-12,nighttime,6,0.9958092748587615,2.6306466685329983e-5,2.2163155662377974
2021-03-13,daytime,6,0.9652235628589757,0.0017930715487071913,0.7534577812167529
2021-03-13,nighttime,6,0.993854597133058,5.653292102571649e-5,1.7751168224299059
2021-03-15,daytime,6,0.9992825883565429,7.71834580730826e-7,0.7276962068330803
2021-03-15,nighttime,6,0.9861888527388787,2.848044601030529e-4,1.005594855305465
2021-03-16,daytime,6,0.9990647335975597,1.3116758156700572e-6,0.950206835752068
2021-03-16,nighttime,6,0.9709345781123242,0.001254920908230551,0.5021272481144877
2021-03-17,daytime,6,0.999381676130606,5.733684110400142e-7,0.7238224543080947
2021-03-17,nighttime,6,0.9977044946776498,7.897969123022642e-6,0.9180176912129899
2021-03-18,daytime,6,0.9950556561993712,3.660936738980772e-5,0.6730010023114533
2021-03-18,nighttime,6,0.9985628116206569,3.0967813927792817e-6,0.819587628865981
2021-03-19,daytime,6,0.9707648560287527,0.0012695469186768376,0.4953382161734832
2021-03-19,nighttime,6,0.9988752831646251,1.8967705630358882e-6,1.230328015773436
2021-03-20,daytime,6,0.9648927472220388,0.0018271436149113077,0.49213990960896065
2021-03-20,nighttime,6,0.9918026122604351,1.0052032801781616e-4,1.0726229588584284
2021-03-21,daytime,6,0.9936465373387972,6.0421498194488237e-5,0.9361690203990141
2021-03-21,nighttime,6,0.9791946394295735,6.447916070057695e-4,2.6123603655882817
2021-03-22,daytime,6,0.8028791659173027,0.054455209853873435,0.41953197167196854
2021-03-22,nighttime,6,0.9977608398617912,7.515143793580814e-6,1.51035754824063
2021-03-24,daytime,6,0.9853982489619737,3.1826007212070454e-4,0.4280639658576154
2021-03-24,nighttime,6,0.9979821646051907,6.10338155130813e-6,0.9872966347225323
2021-03-25,daytime,6,0.9966337626499214,1.6978258495614453e-5,0.6033513915780058
2021-03-25,nighttime,6,0.9956428269198178,2.843607550366702e-5,0.6178775273290111
2021-03-26,daytime,6,0.9949800413397066,3.7736725985234086e-5,0.4678869920258683
2021-03-26,nighttime,6,0.9883460600406742,2.0293008891786248e-4,0.4438887869333839
2021-03-27,daytime,6,0.9971775305139506,1.1938258632204728e-5,0.53936693612759945
2021-03-27,nighttime,6,0.9988091780678584,2.12624098449089e-6,0.6881788330386455
2021-03-28,daytime,6,0.9912331910323718,1.1494851415922149e-4,0.4226651090479477
2021-03-28,nighttime,6,0.998385845102192,3.906141214084053e-6,0.6514920194309525
2021-03-29,daytime,6,0.9966985524089692,1.633134213771044e-5,0.6228712337211988
2021-03-29,nighttime,6,0.9909681022514777,1.2199437608117502e-4,0.8869889186090937
2021-03-30,daytime,6,0.9890033376696148,1.807249792160133e-4,1.1002775603159969
2021-03-30,nighttime,6,0.8797957337941655,0.02080517875637427,0.8754413062665364
2021-03-31,daytime,6,0.990350414146304,1.3922250250630115e-4,0.5019939679576677
2021-03-31,nighttime,6,0.994269512180858,4.916364568268128e-5,0.7757698815566835
2021-04-01,daytime,6,0.996326034143029,2.0222242035572554e-5,0.5365221207164785
2021-04-01,nighttime,6,0.9962753767022443,2.0783392553389677e-5,0.5090753682940318
2021-04-02,daytime,6,0.9965979686585328,1.7341038627977985e-5,0.5310361681329421
2021-04-02,nighttime,6,0.9880312634693788,2.1401871654052414e-4,0.5155529953917054
2021-04-03,daytime,6,0.9991143377231491,1.1762491472426592e-6,0.5175151580938788
2021-04-03,nighttime,6,0.9975395062764654,9.073596094704221e-6,1.1739371534195917
2021-04-04,daytime,6,0.9987110349576401,2.4910755574760786e-6,0.5982566570853839
2021-04-04,nighttime,6,0.9646924648927228,0.00184792547738808,2.0023026315789414
2021-04-05,daytime,6,0.9916897800336795,1.033026829518208e-4,0.5028031277003819
2021-04-05,nighttime,6,0.99879198908354,2.1880541420783236e-6,1.2932816537467677
2021-04-06,daytime,6,0.9851733959845574,3.2811262720880375e-4,0.7660872490747999
2021-04-06,nighttime,6,0.9962453714577583,2.1119388293955548e-5,0.6242829096657396
2021-04-07,daytime,6,0.9975090084984027,9.299829642258917e-6,0.5890372452565019
2021-04-07,nighttime,6,0.9978247065747964,7.092705591505757e-6,0.8452304941897584
2021-04-08,daytime,6,0.9994780339885877,4.0860167117160556e-7,0.5500846750751954
2021-04-08,nighttime,6,0.9993140676209902,7.055934761616329e-7,0.5909442724458197
2021-04-09,daytime,6,0.9965720174982736,1.7606454827273812e-5,0.4384777154663517
2021-04-09,nighttime,6,0.9963859416366988,1.9568524416805997e-5,0.6073615347007172
2021-04-10,daytime,6,0.9972756339946236,1.1123144842879878e-5,0.3937281821802586
2021-04-10,nighttime,6,0.9956807314047357,2.7943831484240553e-5,0.47386530014641265
2021-04-11,daytime,6,0.9896390120232063,1.6046898138099685e-4,0.36266202537443304
2021-04-11,nighttime,6,0.9800130405887123,5.952256390153207e-4,0.25112219451371537
2021-04-12,daytime,6,0.8752896106647572,0.022359231347884263,0.2403371669117204
2021-04-12,nighttime,6,0.9610931776375644,0.0022411638167965458,0.5199832892354832
2021-04-13,daytime,6,0.9803881895465155,5.73163086137654e-4,0.3139649747155916
2021-04-13,nighttime,6,0.9775439162718941,7.507515159753121e-4,0.18603104212860436
2021-04-14,daytime,6,0.9097255665631758,0.011856365454566661,0.2135998832628047
2021-04-14,nighttime,6,0.9894977387455753,1.648670506487939e-4,0.18117800145432353
2021-04-15,daytime,6,0.9995110576369772,3.585385071238512e-7,0.6155915247038828
2021-04-15,nighttime,6,-0.17743046724239112,0.7366471940363453,-0.013355817875210053
2021-04-16,daytime,6,0.739275995961243,0.09310389079279695,0.14831059912276465
2021-04-16,nighttime,6,0.9875110035946983,2.3298856101539646e-4,0.5851258581235701
2021-04-20,daytime,6,-0.16073107924081598,0.7609795830514413,-0.01523571887641388
2021-04-20,nighttime,6,-0.9610870898501488,0.0022418606166174204,-0.46184419713830244
2021-04-23,daytime,6,-0.7082950849257211,0.115226794273346,-0.17353367057186597
2021-04-23,nighttime,6,0.8245776493102718,0.04346036558500851,0.1400778210116779
2021-04-24,daytime,6,0.8596149396958194,0.02817859579642106,0.07886209653663204
2021-04-24,nighttime,6,0.8146795922390035,0.04833319036071164,0.14892844169997244
2021-04-25,daytime,6,-0.6125630361573406,0.1960825235899232,-0.14833038266694384
2021-04-25,nighttime,6,-0.9482835489405339,0.003942726779980574,-0.2159923845787665
2021-04-26,daytime,6,0.2318630465702099,0.6584379635984654,0.21352160890030014
2021-04-26,nighttime,6,-0.48378916746823103,0.3309321498855834,-0.49526066350709763
2021-04-27,daytime,6,0.8835613909717486,0.01954759010808438,0.2280687633727055
2021-04-27,nighttime,6,0.8562109321656872,0.02952650327141113,0.18745545260156943
2021-04-28,daytime,6,0.8187450584064992,0.046302614411291874,0.3203351595230418
2021-04-28,nighttime,6,0.9237101762009647,0.008508197201611513,0.26874358096542295
2021-04-29,daytime,6,0.9702083138644635,0.0013180961196743858,0.3894651811921648
2021-04-29,nighttime,6,0.9659274244496804,0.0017216324921252323,1.5992462311557607
2021-05-02,daytime,6,0.9642868078733946,0.0018903732621370138,0.3474663026787234
2021-05-02,nighttime,6,0.9552144164196628,0.002963708436478549,0.8069179143004623
2021-05-03,daytime,6,0.9986615684219626,2.685899801076591e-6,0.5155599433403442
2021-05-03,nighttime,6,0.9134165402478226,0.010920498337321071,1.032890940565503
2021-05-04,daytime,6,0.9833055455810622,4.157308001593517e-4,0.3658946581994764
2021-05-04,nighttime,6,-0.2136071916977855,0.6844624503792789,-0.05257142857142933
2021-05-05,daytime,6,0.8308140835985941,0.04051443325994709,0.17148278666305164
2021-05-05,nighttime,6,-0.8562832343890586,0.0294975634824121,-0.37513631406759457
2021-05-06,daytime,6,0.9646909420447063,0.0018480839371494294,0.3466275433380958
2021-05-06,nighttime,6,0.985449955887397,3.1601552582237225e-4,0.4113263785394932
2021-05-07,daytime,6,0.9182505927697416,0.009751284136293187,0.3717840479893359
2021-05-07,nighttime,6,0.9929693177475658,7.397197435733711e-5,0.8861003861003856
2021-05-08,daytime,6,0.9819858054662416,4.8384390306521107e-4,0.4682971285643536
2021-05-08,nighttime,6,0.966965599183686,0.0016188827036064334,0.38755458515283653
2021-05-09,daytime,6,0.9938995983256279,5.5708837962090954e-5,0.5052225855970083
2021-05-09,nighttime,6,0.9764218793508102,8.273377939655138e-4,0.38372352285395717
2021-05-10,daytime,6,0.9373797600185458,0.005759165483086853,0.35785087744482
2021-05-10,nighttime,6,0.9864541767154621,2.73991235674963e-4,0.4569362519351745
2021-05-11,daytime,6,0.94565379486114165,0.00435000898896937,0.47243035360759345
2021-05-11,nighttime,6,0.9719598390667065,0.0011683526407157358,0.811842854431578
2021-05-12,daytime,6,0.9803890777820694,5.731113400298067e-4,0.6849188203629204
2021-05-12,nighttime,6,0.9942045372682692,5.0283755183819795e-5,0.6538747775440862
2021-05-13,daytime,6,0.9461797310182342,0.00426698355971879,0.36284843570889214
2021-05-13,nighttime,6,0.9979380357488565,6.373161436320228e-6,0.41080063331764
2021-05-14,daytime,6,0.9534550066098308,0.0031992362303516902,0.46122117752406944
2021-05-14,nighttime,6,0.9938506049286628,5.6606319744074065e-5,0.7482180142558841
2021-05-15,daytime,6,0.9840585998184678,3.7916677963800884e-4,1.2469737866793673
2021-05-15,nighttime,6,0.9844802539285091,3.594247146256244e-4,1.2560043999756971
2021-05-17,daytime,6,0.7926603258703302,0.06002787131249889,0.36201817612033893
2021-05-17,nighttime,6,0.9780444471628775,7.17777654066507e-4,2.074292452830173
2021-05-18,daytime,6,0.6970956621663577,0.12373066313059715,0.23452010042650928
2021-05-18,nighttime,6,0.9507057086444713,0.0035849999716607386,0.2058721535082645
2021-05-19,daytime,6,0.8080580107219781,0.05172685366379625,0.2891328210757406
2021-05-19,nighttime,6,0.9095284095661764,0.011907403113559511,0.26287006484066777
2021-05-20,daytime,6,0.8111825086243527,0.05011220271976999,0.25948810674314937
2021-05-20,nighttime,6,0.9643957369784537,0.0018789282048161948,0.7111516034985372
2021-05-21,daytime,6,0.9206388697932573,0.00919736778337793,0.32175684639438984
2021-05-21,nighttime,6,0.9749979553677823,9.298389366876289e-4,0.5695457094784054
2021-05-22,daytime,6,0.9822895727126655,4.6771133251536783e-4,0.7498315590890694
2021-05-22,nighttime,6,0.968321964545041,0.0014893524739211712,0.6635129576306037
2021-05-23,daytime,6,0.9248861651387661,0.008251232841144597,0.2877545873005856
2021-05-23,nighttime,6,0.946471412097981,0.004221276592494973,0.5250630075609094
2021-05-27,daytime,6,-0.1536783045084654,0.7712972551309658,-0.047234042553193245
2021-05-27,nighttime,6,-0.11225331376673259,0.8323272704900644,-0.01008064516128954
2021-05-28,daytime,6,0.9410342079189888,0.005112935966719494,0.33069550930996816
2021-05-28,nighttime,6,0.8102935778976158,0.05056916257256439,1.3548387096773584
2021-05-29,daytime,6,0.9404331317609584,0.0052166397555676106,0.3807255223065869
2021-05-29,nighttime,6,0.976548829572476,8.184875193389441e-4,0.499999999999999
2021-05-30,daytime,6,0.9930050879573895,7.322206541890343e-5,0.8974389949263131
2021-05-30,nighttime,6,0.9511902570790268,0.0035154445597957154,0.3234693877551012
2021-05-31,daytime,6,0.9941391516108183,5.1423657027115276e-5,0.5488605379203574
2021-05-31,nighttime,6,0.9091941733902216,0.011994168501353637,0.5935550935550898
2021-06-01,daytime,6,0.9732919024661326,0.0010604579677151364,0.370547923772568
2021-06-01,nighttime,6,0.96585830461582,0.001728584320383911,1.0396710208030782
2021-06-02,daytime,6,0.9663571861734064,0.0016787192601861148,0.3575884941222829
2021-06-02,nighttime,6,0.7651306671128437,0.07626728591581465,0.27319830428639086
2021-06-03,daytime,6,0.9150889093769284,0.010508740014051218,0.8489560195468673
2021-06-03,nighttime,6,0.8742484848381961,0.022725883104091123,0.18747236551215624
2021-06-04,daytime,6,-0.1382230653292224,0.7939858203958459,-0.10831068472361245
2021-06-04,nighttime,6,0.9187528294793287,0.009633493617361294,1.7809239940387407
2021-06-05,daytime,6,0.9051257377182955,0.013074700887680592,0.15630137690094473
2021-06-05,nighttime,6,0.5775645030179228,0.22998544700433515,0.3381518911773488
2021-06-07,daytime,6,0.9765116070928322,8.210775748194989e-4,1.4091876147082232
2021-06-07,nighttime,6,0.9074603414887058,0.012449146823117686,1.0647069367270072
2021-06-09,daytime,6,-0.3509841830874876,0.4951425780113259,-0.1723671719932144
2021-06-09,nighttime,6,0.4755952406993813,0.340394780777512,0.2909140828773668
2021-06-11,daytime,6,-0.8955076482544537,0.015807519569579508,-0.2167972072152354
2021-06-11,nighttime,6,-0.9056310600036112,0.01293804410578382,-0.24261992619925926
2021-06-12,daytime,6,-0.23066574011300647,0.6601378693634035,-0.15662562832374446
2021-06-12,nighttime,6,0.22760481387704606,0.6644881935312975,0.053373768006065504
2021-06-13,daytime,6,-0.5617906006408927,0.24596709370124428,-0.15306674609675724
2021-06-13,nighttime,6,0.6759459062657593,0.14050195226093215,0.3420097807225133
2021-06-14,daytime,6,-0.27837093866747176,0.5932291268375989,-0.08142018152696466
2021-06-14,nighttime,6,-0.33986346494624253,0.5098331369083707,-0.1399267399267389
2021-06-15,daytime,6,-0.405266583767589,0.42538081963495217,-0.11961148095602031
2021-06-15,nighttime,6,0.2075535670253736,0.6931401958854797,0.47959183673466116
2021-06-16,daytime,6,0.7221771123147971,0.10505637822682237,0.177204993958922
2021-06-16,nighttime,6,-0.6727677014471284,0.14310128867142172,-0.11033608116677035
2021-06-17,daytime,6,0.4435656252024706,0.37828743345204174,0.08571307336529956
2021-06-17,nighttime,6,0.040438224647396895,0.9393757263325875,0.006233517142176641
2021-06-18,daytime,6,0.39484755598045973,0.4385079396795295,0.07057529963867717
2021-06-18,nighttime,6,0.8950175152053989,0.015953460279866723,0.06370597956381094
2021-06-19,daytime,6,0.6566007318670084,0.15663724023568,0.08369703048429539
2021-06-19,nighttime,6,0.7657274447891769,0.07589658105319658,0.16005040957781969
2021-06-20,daytime,6,0.35316068351173346,0.49228251082330643,0.039812357261896324
2021-06-20,nighttime,6,-0.5595977602156759,0.2482222819587483,-0.08706402915148045
2021-06-21,daytime,6,0.9132125181371058,0.010971255947725399,0.2550927610040002
2021-06-21,nighttime,6,-0.7621572601272705,0.07812647030229163,-0.058734447842740234
2021-06-22,daytime,6,0.9986391517669676,2.776601787215278e-6,0.23917570833547533
2021-06-22,nighttime,6,-0.9587071045195574,0.0025224505012733794,-0.2626788036410907
2021-06-23,daytime,6,0.8660724985720185,0.025703763078377614,0.16007543558420242
2021-06-23,nighttime,6,0.9973370489104479,1.0627520854164634e-5,0.9490268767377117
2021-06-24,daytime,6,0.44250004264936954,0.37957208136496656,0.08238799325348226
2021-06-24,nighttime,6,0.9218042141698078,0.008932804152308457,0.6210407239818846
2021-06-25,daytime,6,0.7863691254339783,0.06358236684207287,0.5183373272445033
2021-06-25,nighttime,6,0.9239548427848341,0.00845441942919487,0.4778129952456452
2021-06-26,daytime,6,0.5433113053069146,0.26522230657637463,0.10321491752071825
2021-06-26,nighttime,6,-0.7541603210059575,0.08322679714855342,-0.07429718875501837
2021-07-21,daytime,6,0.9858088716224583,3.0065322457664874e-4,0.5801764223194793
2021-07-21,nighttime,6,0.9079988726845789,0.012306952828390505,0.12054202344334612
2021-07-22,daytime,6,0.9888513893738874,1.8574443946487473e-4,0.5528601274237287
2021-07-22,nighttime,6,0.972203116790487,0.0011482612110104268,1.2178947368421038
2021-07-23,daytime,6,0.15245194076551102,0.7730937019261614,0.14975294564804434
2021-07-23,nighttime,6,0.9963929439006924,1.9492815115723645e-5,1.7605633802816687
2021-07-24,daytime,6,0.9454848014522953,0.004376853262428353,0.5824372759856622
2021-07-24,nighttime,6,0.9905914997561379,1.323633956167169e-4,1.462953704629528
2021-07-25,daytime,6,-0.4686613187326628,0.34847721207118254,-0.19150806468098855
2021-07-25,nighttime,6,0.807935980981512,0.05179039592617446,1.3105912930474592
2021-07-26,daytime,6,0.9950676121590765,3.643267604491196e-5,0.2539961106104448
2021-07-26,nighttime,6,-0.9614704275628808,0.0021981928146464595,-0.1489007328447678
2021-07-27,daytime,6,0.9984327879530961,3.68230574318569e-6,0.33063308768061245
2021-07-27,nighttime,6,0.9615364870937113,0.0021907104727715877,0.4178945499733722
2021-07-28,daytime,6,-0.9683866857361848,0.0014833052590734368,-0.7516170763259938
2021-07-28,nighttime,6,0.9756515131028465,8.820557354792469e-4,0.583823905810082
2021-07-29,daytime,6,0.9138580578857021,0.01081104598055293,0.29240882103477395
2021-07-29,nighttime,6,0.9816564439160637,5.016428993437513e-4,0.33559928443649284
2021-07-30,daytime,6,0.9453668026151537,0.004395645176386124,0.057210056597896866
2021-07-30,nighttime,6,0.4960716038516893,0.31693098957698645,0.7818215625950864
2021-07-31,daytime,6,0.8549663042069932,0.030026783945025694,0.05873658397299101
2021-07-31,nighttime,6,0.5642962112645136,0.24340016477280121,0.05285683714958345
2021-08-29,daytime,6,0.8546874123925365,0.030139430176677934,0.3043936598772622
2021-08-29,nighttime,6,0.979864377426998,6.040830180080295e-4,0.28946172326472236
2021-09-15,daytime,6,0.9949512806266647,3.8170006129886457e-5,0.5181374389785971
2021-09-15,nighttime,6,0.9691058570779935,0.0014169286728330554,0.404789316140918
2021-09-16,daytime,6,0.9988523359614158,1.974943305246281e-6,0.5937815975733043
2021-09-16,nighttime,6,0.9227050519423442,0.008730863811625194,0.31214970168143447
2021-09-17,daytime,6,0.9953377570279247,3.255409385160005e-5,0.500349280839708
2021-09-17,nighttime,6,0.9347775880156076,0.006242217673099245,0.5698132780083008
2021-09-18,daytime,6,0.9941170585979467,5.181169795184972e-5,0.630133361558005
2021-09-18,nighttime,6,0.9229129129412498,0.008684586601747781,0.6722542088769048
2021-09-19,daytime,6,0.999164222127829,1.0474950716926918e-6,0.5407643768822602
2021-09-19,nighttime,6,0.9832612993817095,4.179311887126702e-4,0.6225178424042325
2021-09-20,daytime,6,0.998746649651535,2.3553462080513637e-6,0.5433486316505161
2021-09-20,nighttime,6,0.985683470246059,3.0597735667604257e-4,0.5440653129579227
2021-09-21,daytime,6,0.963530883662342,0.0019707427721073335,0.6708795066703311
2021-09-21,nighttime,6,0.9546033574770985,0.0030445047762067664,0.6597720757220281
2021-09-22,daytime,6,0.9846329943375244,3.524028748221582e-4,0.503619552752291
2021-09-22,nighttime,6,0.9523259564586968,0.003355044514376282,0.16785447100051284
2021-09-23,daytime,6,0.9926085157143254,8.174914659420283e-5,0.6628457566473155
2021-09-23,nighttime,6,0.9891719638206407,1.7523477729766959e-4,0.6872656208736024
2021-09-24,daytime,6,0.9709814945809508,0.0012508926256471812,0.7891207153502261
2021-09-24,nighttime,6,0.9956113661467175,2.8847897868251005e-5,0.8214778325123111
2021-09-25,daytime,6,0.9812490303966427,5.241018818208319e-4,1.0755932813241207
2021-09-25,nighttime,6,0.9947927390878454,4.06027503968689e-5,0.7621111799171102
2021-09-26,daytime,6,0.9920735303208736,9.399437659025022e-5,0.7951807228915667
2021-09-26,nighttime,6,0.9981072244403405,5.370508450650841e-6,1.093298555377206
2021-09-27,daytime,6,0.9720447120239535,0.0011613236861554635,1.0280849966143284
2021-09-27,nighttime,6,0.9810395557177645,5.358395459290887e-4,1.0479887085391546
2021-09-28,daytime,6,0.9349811453546201,0.006203745163116094,1.1534522337983497
2021-09-28,nighttime,6,0.993538379570853,6.249391332745671e-5,0.776034589252622
2021-09-29,daytime,6,0.9748126782748777,9.436123302698406e-4,1.1441402215194765
2021-09-29,nighttime,6,0.9875209903611083,2.3261687121067646e-4,0.6697660467906404
2021-09-30,daytime,6,0.9821719461938893,4.739260238941087e-4,1.2930339474297978
2021-09-30,nighttime,6,0.9842444188308173,3.7040193732639534e-4,0.8659196777036362
2021-10-01,daytime,6,0.9979510568462343,6.292951167205624e-6,1.2148514851485164
2021-10-01,nighttime,6,0.9891026357358103,1.7748177697374183e-4,0.5627817128139068
2021-10-02,daytime,6,0.9992229379345445,9.055035754278688e-7,0.9743453865336655
2021-10-02,nighttime,6,0.9822849016042895,4.679573489358695e-4,0.9176590677101024
2021-10-03,daytime,6,0.954648257129182,0.0030385315800960434,0.932958486826513
2021-10-03,nighttime,6,0.9538300790780684,0.0031482830732015832,3.788732394366152
2021-10-05,daytime,6,0.9540305002644406,0.0031212211025715515,0.15890387715279533
2021-10-05,nighttime,6,-0.8998117342115481,0.014553703595781916,-0.6259999999999982
2021-10-06,daytime,6,0.9661405919068363,0.0017002800543147265,0.5351921561761365
2021-10-06,nighttime,6,-0.9415552264548988,0.0050238697501602805,-0.07732108598337105
2021-10-07,daytime,6,0.9943196934722068,4.8307183323750444e-5,0.6481959112752166
2021-10-07,nighttime,6,0.9919685157078459,9.649807549989661e-5,0.31802856009519936
2021-10-08,daytime,6,0.9963927150287873,1.9495287388689092e-5,0.8492578339747171
2021-10-08,nighttime,6,0.9842813716955574,3.6867107144828625e-4,0.424827237485251
2021-10-09,daytime,6,0.9706106698233181,0.001282906829183798,0.8280185465556421
2021-10-09,nighttime,6,0.9783748026142224,6.964172402432761e-4,0.6332729921850873
2021-10-10,daytime,6,0.9632242872559227,0.00200381085935882,0.7432768924302825
2021-10-10,nighttime,6,0.9871047136442719,2.483604469607813e-4,0.9281103939461366
2021-10-11,daytime,6,0.9904194118067291,1.3724181525919907e-4,0.5798389835587441
2021-10-11,nighttime,6,0.9932363779016935,6.846516953019453e-5,0.6657579758912973
2021-10-12,daytime,6,0.9712507058966524,0.001227901906403731,1.0796100731112523
2021-10-12,nighttime,6,0.9652756230844941,0.0017877385078177656,1.8029708520179397
2021-10-13,daytime,6,0.967460244796781,0.0015710263762983936,1.3426600985221715
2021-10-13,nighttime,6,0.994788162554007,4.067408912456709e-5,1.3926380368098126
2021-10-15,daytime,6,-0.4234195801993639,0.4028268375382915,-0.0641319107662457
2021-10-15,nighttime,6,-0.21035366163523547,0.689123441685549,-0.02968120190545488
2021-10-16,daytime,6,-0.7192219904816757,0.1071866875632888,-0.20538759949168311
2021-10-16,nighttime,6,-0.4627675955294563,0.35540033723984177,-0.13176368267378796
2021-10-18,daytime,6,-0.03833854076926201,0.9425203646775748,-0.007933862257491858
2021-10-18,nighttime,6,-0.9030482187620145,0.013643815525086417,-0.1647999999999952
2021-10-20,daytime,6,-0.8661415330740941,0.025677889778512132,-0.18642423639439012
2021-10-20,nighttime,6,-0.8047615771228688,0.05345600947239376,-2.0357142857141013
2021-10-21,daytime,6,-0.3896411566889547,0.44511597017163435,-0.044329232152041584
2021-10-21,nighttime,6,-0.9182421976912442,0.009753258955408156,-0.9140546006066538
2021-10-22,daytime,6,-0.19509336919284911,0.7110727118064287,-0.03532647017345962
2021-10-22,nighttime,6,-0.5113840368156923,0.29979089346750415,-0.2881889763779331
2021-10-23,daytime,6,0.9934742625794583,6.373892324669213e-5,0.5021444087558741
2021-10-23,nighttime,6,0.9572344689742337,0.002704229226086113,4.584035975267042
2021-10-24,daytime,6,-0.5633364194828687,0.2443821916942112,-0.1412600111121675
2021-10-24,nighttime,6,-0.9760264046749612,8.552106977620095e-4,-0.4018542199488465
2021-10-25,daytime,6,-0.4260399870430232,0.3996052934901645,-0.09606887094316732
2021-10-25,nighttime,6,-0.17168575582157164,0.7450016708298111,-0.020264749142014333
2021-10-26,daytime,6,-0.3368539096506034,0.5138306358087782,-0.11834218188045988
2021-10-26,nighttime,6,-0.01866844294211733,0.9720005886634604,-0.0011617025396103444
2021-10-27,daytime,6,-0.2966157342380882,0.5681246573492169,-0.07010977474496416
2021-10-27,nighttime,6,-0.5266356358718515,0.2830764508883591,-0.033573353359544283
2021-10-29,daytime,6,0.8276206192965904,0.04201087977827267,0.09883888268783872
2021-10-29,nighttime,6,0.6875148822869552,0.13121381404438806,0.04890396146662827
2021-10-31,daytime,6,0.2168682898852865,0.6797974241711692,0.03309611346420011
2021-10-31,nighttime,6,-0.7435859429166323,0.09019287566769675,-0.07952108649034914
2021-11-01,daytime,6,0.6669749035544814,0.14789137909959088,0.1920498447087334
2021-11-01,nighttime,6,-0.9186362468993163,0.009660774001305232,-0.18809449885686774
2021-11-02,daytime,6,0.20587362730076367,0.6955524278547964,0.04398699032206621
2021-11-02,nighttime,6,0.9021695768766184,0.01388803023249398,0.24504779885522518
2021-11-03,daytime,6,0.9128799297534455,0.011054243359836355,0.3501793933243935
2021-11-03,nighttime,6,0.5644651839020993,0.2432274389760351,0.1605723370429262
2021-11-04,daytime,6,0.9963992488316861,1.9424770858412068e-5,0.5570712703276484
2021-11-04,nighttime,6,0.9395118558536901,0.005377565891224744,0.18067610109153037
2021-11-05,daytime,6,0.8230843915587819,0.044180046229333934,0.20045321985669443
2021-11-05,nighttime,6,0.935428947998663,0.006119519192595413,0.1282922684791848
2021-11-23,daytime,6,0.9374258834142151,0.0057507749951697966,0.7265056282745121
2021-11-23,nighttime,6,0.9788915618981717,6.636466358032699e-4,0.6451245010454313
2021-11-24,daytime,6,0.6235517683850271,0.18589605148070362,0.515611814345988
2021-11-24,nighttime,6,0.9656642632222459,0.0017481742949338314,0.5424665949930895
2021-11-25,daytime,6,0.9844760103027157,3.596207880075183e-4,1.660220201053139
2021-11-25,nighttime,6,0.9987266035191003,2.431275465579795e-6,1.6199962413080067
2021-11-26,daytime,6,0.9790247451820921,6.553278216715728e-4,3.9759074847414615
2021-11-26,nighttime,6,0.9567833895587355,0.002761155826562105,1.1934579439252382
2021-11-27,daytime,6,0.9597341561534036,0.0023993649960148645,1.0316430706751638
2021-11-27,nighttime,6,0.9834959836979704,4.063261280898787e-4,3.0124999999999993
2021-11-28,daytime,6,0.7073746570879487,0.1159156927106964,0.6071364359311225
2021-11-28,nighttime,6,0.9817919263130441,4.942826238125238e-4,0.9876925653047539
2021-11-29,daytime,6,0.7077532227432264,0.1156321357201404,0.6298799979038867
2021-11-29,nighttime,6,0.8861796624639321,0.018695328678567404,0.2631016042780778
2021-11-30,daytime,6,0.9022353393334543,0.013869679476285575,0.4651164022004386
2021-11-30,nighttime,6,0.8758150962641185,0.022175252491683176,0.23887850467290092
2021-12-01,daytime,6,0.5432102138245682,0.26532919076436656,0.4349404068464888
2021-12-01,nighttime,6,0.8393959909448118,0.03661918997053455,0.13496932515337826
2021-12-02,daytime,6,0.23789298521359922,0.6498920696490698,0.2798037379119664
2021-12-02,nighttime,6,-0.5425480032425052,0.26602975880536484,-0.22025413939160005
2021-12-03,daytime,6,0.13013330905241569,0.8059019192724439,0.12393288195466201
2021-12-03,nighttime,6,0.031967425673798795,0.9520651955060516,0.007896625987082217
2021-12-04,daytime,6,0.5445157124364401,0.26395016725010695,0.433333990886316
2021-12-04,nighttime,6,0.4603820636388115,0.3582162722897376,0.08337803663116101
2021-12-05,daytime,6,0.3275289077945398,0.5262745004686779,0.2884219733036495
2021-12-05,nighttime,6,0.9814269754693398,5.142324106824737e-4,0.6087740384615322
2021-12-06,daytime,6,-0.1353627818231493,0.7981959589883962,-0.20876995002418117
2021-12-06,nighttime,6,-0.9083994213555575,0.01220170408122267,-0.629652799499527
2021-12-07,daytime,6,-0.2724845263262519,0.6013889011455098,-0.3129193527167521
2021-12-07,nighttime,6,-0.9991438791387408,1.0991006497588616e-6,-1.2642663043478233
2021-12-08,daytime,6,-0.20311570695890674,0.6995163093911954,-0.27972203616878916
2021-12-08,nighttime,6,-0.9943462066802258,4.78577055312334e-5,-2.448755490483151
2021-12-09,daytime,6,0.7327474887770097,0.09759174817892977,0.5101123595505574
2021-12-09,nighttime,6,-0.974653893972187,9.554961489268717e-4,-4.435406698564518
2021-12-10,daytime,6,0.8249673946416037,0.04327343382008724,0.5219635067887193
2021-12-10,nighttime,6,0.21942523037850742,0.6761445350816169,1.9473684210522362
2021-12-11,daytime,6,0.9732024617250451,0.0010675403223169974,0.7886107827517079
2021-12-11,nighttime,6,-0.9197518956647166,0.009401248178163601,-1.5970149253731032
2021-12-12,daytime,6,0.8526697389502247,0.030960318246488747,0.5239126156268473
2021-12-12,nighttime,6,-0.9645760475972419,0.0018600586189884709,-0.8592930444697824
2021-12-13,daytime,6,0.9749995779393934,9.29718759124197e-4,0.5084542947817485
2021-12-13,nighttime,6,-0.8818445268783233,0.020116306250987724,-1.1249999999999865
2021-12-14,daytime,6,0.9930395667703963,7.250283786619543e-5,0.7754491017964068
2021-12-14,nighttime,6,0.3718923596264755,0.4678785474667277,1.2857142857142978
2021-12-16,daytime,6,0.9597097788222868,0.0024022512870747192,1.3500926170944765
2021-12-16,nighttime,6,0.9138218125528623,0.0108200110772948,3.2673521850900555
2021-12-18,daytime,6,0.7785043726616115,0.06815714700011244,0.6072308956450271
2021-12-18,nighttime,6,-0.0925291512746977,0.8616023739067663,-0.20833333333336235
2021-12-23,daytime,6,0.4420398322943831,0.3801273693049203,0.7075706704213095
2021-12-23,nighttime,6,0.960791775358867,0.0022757902138177155,3.1509803921568658
2021-12-24,daytime,6,0.6684513117208091,0.1466641317363417,0.8288805770772056
2021-12-24,nighttime,6,0.971799366369018,0.0011816999659332755,2.715781209107563
2021-12-25,daytime,6,0.615600430462265,0.19324452120891283,1.098187311178247
2021-12-25,nighttime,6,0.8643048027303749,0.026370489351614314,6.36111111111117
2021-12-26,daytime,6,0.22883680327303046,0.662736461437437,0.7836065573770337
2021-12-26,nighttime,6,0.9796039207521923,6.19757688044267e-4,3.1215074723846685
2021-12-27,daytime,6,0.7515450866660283,0.08492622442411232,1.3731121564743778
2021-12-27,nighttime,6,0.9595611844114237,0.002419881956101524,3.119670905011221
2021-12-28,daytime,6,0.6247560436092394,0.18479335967622054,1.0234374999999991
2021-12-28,nighttime,6,0.6792821504288035,0.13779539932342297,5.00909090909098
2021-12-29,daytime,6,0.6638370843532346,0.15051412861783342,1.409302325581388
2021-12-29,nighttime,6,0.20739947605071027,0.6933613827296906,1.5642857142858273
2021-12-30,daytime,6,0.9316519205136584,0.006847547295551557,1.656448748066232
2021-12-30,nighttime,6,0.9942173083448815,5.006259894260535e-5,3.0892116182572456
2021-12-31,daytime,6,0.4966417891220103,0.3162864264867178,0.8541200756924029
2021-12-31,nighttime,6,-0.6536471915967902,0.1591661139931437,-4.525624178712285
2022-01-01,daytime,6,0.6058425396759843,0.20242198337226808,0.9062399999999985
2022-01-01,nighttime,6,0.999411046126367,5.201978536678947e-7,1.7775041050903055
2022-01-02,daytime,6,0.42266147829218526,0.4037604817281016,0.6935401047550508
2022-01-02,nighttime,6,0.9910103396670128,1.2085774418055234e-4,1.109498741130694
2022-01-04,daytime,6,0.590090001240775,0.21760149945577012,0.644567456230691
2022-01-04,nighttime,6,0.9915027508354713,0.00010799810057144822,1.655033971587397
2022-01-05,daytime,6,0.6269735657135573,0.1827700054599569,0.7956020187454943
2022-01-05,nighttime,6,0.968246144944917,0.0014964521441888274,1.9606520517144432
2022-01-06,daytime,6,0.6976115012923209,0.12333318487065062,1.0546951465254177
2022-01-06,nighttime,6,0.9785971953281424,6.822179728387347e-4,1.5004020369873998
2022-01-07,daytime,6,0.7858545468998915,0.06387724207710863,1.2470599215979155
2022-01-07,nighttime,6,0.9906753815422588,1.300173832359433e-4,1.58834095362508
2022-01-08,daytime,6,0.7278507078635562,0.10101945487619142,1.0881413101366937
2022-01-08,nighttime,6,0.9897832338201477,1.5604024192737365e-4,2.0181241504304506
2022-01-09,daytime,6,0.807159376513604,0.05219562817203715,0.911065001967588
2022-01-09,nighttime,6,0.8667783856385667,0.025439789291469953,3.1626810373863234
2022-01-10,daytime,6,0.7175012079514028,0.10843586305336396,4.6311445999282945
2022-01-10,nighttime,6,0.9959345271848309,2.4758506608286265e-5,2.6689259645464003
2022-01-11,daytime,6,0.7814682254667092,0.06641608809601621,1.4798839968362805
2022-01-11,nighttime,6,0.9906780214800412,1.299438886626414e-4,2.5707265707265687
2022-01-12,daytime,6,0.7861607655576804,0.06370169061518656,1.226493011435833
2022-01-12,nighttime,6,0.9623986089133543,0.002094215279373199,3.2160535117056868
2022-01-13,daytime,6,0.7550847744157422,0.08262976932013098,1.302057277043238
2022-01-13,nighttime,6,0.9949769802130701,3.778272444739467e-5,1.890892896904917
2022-01-14,daytime,6,0.821827599116534,0.04479002919212683,1.475485661424608
2022-01-14,nighttime,6,0.9857759478910876,3.0204655646563213e-4,2.0096153846153877
2022-01-15,daytime,6,0.6934660900887255,0.1265431281870185,1.7358654682516719
2022-01-15,nighttime,6,0.9860636942299055,2.899775688130955e-4,2.5666991236611483
2022-01-18,daytime,6,0.7404259586471961,0.09232314589990956,1.242884762375788
2022-01-18,nighttime,6,0.9831470823032329,4.2363796246369195e-4,2.7660675029096047
2022-01-22,daytime,6,0.7511972886500696,0.08515339286917402,0.9540543948883959
2022-01-22,nighttime,6,0.9689700704024585,0.0014293461110605012,2.5759336099585037
2022-01-23,daytime,6,0.8287059127547515,0.04149946968335489,1.0437627373163154
2022-01-23,nighttime,6,0.9717254476503944,0.0011878734160273153,1.9260960334029245
2022-01-24,daytime,6,0.8045642146777117,0.05356037008177183,1.3896620278330034
2022-01-24,nighttime,6,0.9783552122931154,6.976749950480322e-4,1.7524441340782109
2022-01-25,daytime,6,0.8490604317211358,0.03245472043675923,1.4047069271758454
2022-01-25,nighttime,6,0.9913180518094437,1.1273713033780851e-4,1.9180826781638298
2022-01-26,daytime,6,0.8555343741151078,0.029797953885058796,1.5255601479225573
2022-01-26,nighttime,6,0.9719050856998149,0.0011728983162911468,2.078506863073315
2022-01-27,daytime,6,0.7953084034378675,0.05855982380396407,3.080836236933778
2022-01-27,nighttime,6,0.9708703766630795,0.0012604436818016759,2.362376702677317
2022-01-28,daytime,6,0.7343167978252506,0.09650438086904134,1.2937529307560054
2022-01-28,nighttime,6,0.9992004183013551,9.587407405712255e-7,2.27185314685314
2022-01-29,daytime,6,0.8795268368063389,0.02089641389786656,1.352804667815938
2022-01-29,nighttime,6,0.9913326743083644,1.1235824623005625e-4,3.4292307692307666
2022-01-30,daytime,6,0.8634473356916366,0.02669682168227646,1.3625252622461794
2022-01-30,nighttime,6,0.995711690343915,2.7544969410710867e-5,2.077004779607012
2022-01-31,daytime,6,0.7490043064795899,0.08659203871048592,1.554693366708392
2022-01-31,nighttime,6,0.9869389766423012,2.547714545756539e-4,2.405563430191352
2022-02-01,daytime,6,0.753269321082771,0.08380405002932087,1.9323736905864828
2022-02-01,nighttime,6,0.9958854713255579,2.535919117899301e-5,2.0102961918194646
2022-02-02,daytime,6,-0.7547417371060763,0.08285108291054477,-6.750000000000006
2022-02-02,nighttime,6,0.8920837048052582,0.016840497517351907,7.359482102056391
2022-02-06,daytime,6,0.827309254666769,0.04215814050661369,1.0421568627450963
2022-02-06,nighttime,6,0.9795698856153989,6.218207022843159e-4,1.543694141012909
2022-02-07,daytime,6,0.8770194675966805,0.02175632524329168,1.346599627803716
2022-02-07,nighttime,6,0.9810501180209747,5.352446079130248e-4,1.4327698309492858
2022-02-08,daytime,6,0.8476181987734459,0.033061151050381835,1.4249294605809077
2022-02-08,nighttime,6,0.980583192733913,5.618584180158911e-4,1.4682299546142183
2022-02-09,daytime,6,0.8909844795907931,0.01717878439877637,1.7176567028720275
2022-02-09,nighttime,6,0.9820778792125135,4.7892530605569993e-4,1.5766836176987753
2022-02-11,daytime,6,0.8962796080505405,0.015578971734982926,1.6998122249936933
2022-02-11,nighttime,6,0.9856899134722609,3.057026650731906e-4,1.983248618784532
2022-02-12,daytime,6,0.8620219882631772,0.027243489600920302,1.7329943027568553
2022-02-12,nighttime,6,0.9863426366984367,2.785116484303805e-4,2.6988542192116416
2022-02-13,daytime,6,0.827361864492041,0.042133241654298596,1.6023773006135025
2022-02-13,nighttime,6,0.993936589376795,5.503596208909239e-5,2.272167367289075
2022-02-14,daytime,6,0.8698846599197637,0.02429357612034197,1.4481323785562212
2022-02-14,nighttime,6,0.9872552418866252,2.4260823079100903e-4,2.67468380675928
2022-02-15,daytime,6,0.8604136871162866,0.027866634614545967,1.5308108804950373
2022-02-15,nighttime,6,0.9789505757338522,6.599541217451347e-4,2.722170172898384
2022-02-16,daytime,6,0.7164101362350807,0.10923121254387053,1.1211967545638897
2022-02-16,nighttime,6,0.9580163960407179,0.002606933869104421,7.184154175588862
2022-02-18,daytime,6,0.9110375619052645,0.011519434691088648,0.8900938624761777
2022-02-18,nighttime,6,0.9908067132223014,1.263862903544372e-4,2.365065502183425
2022-02-19,daytime,6,0.9359646982995521,0.006019490782495367,0.9721800708143636
2022-02-19,nighttime,6,0.9401926211130182,0.005258420672319818,5.483097055616136
2022-02-20,daytime,6,0.8557491385712703,0.0297116581394285,2.091871165644167
2022-02-20,nighttime,6,-0.9543985056473466,0.003071830361694172,-6.291044776119486
2022-02-21,daytime,6,0.6280027998190203,0.18183403258459052,1.8083700440528576
2022-02-21,nighttime,6,-0.9550841568504745,0.002980842097420146,-2.8965517241379413
2022-02-22,daytime,6,0.6456632281026988,0.1660875252746491,1.8797567332754355
2022-02-22,nighttime,6,0.993184804206767,6.951206821287341e-5,3.782095425479569
2022-02-24,daytime,6,0.87386297052830475,0.02286237053592215,0.9855994345790248
2022-02-24,nighttime,6,0.9369746520914582,0.005833117248989631,3.2399999999999984
2022-02-25,daytime,6,0.8625117097595849,0.02705507229553228,1.077923698412205
2022-02-25,nighttime,6,0.9980593826540423,5.645339346874116e-6,2.052238805970154
2022-02-26,daytime,6,0.8947743920642479,0.016026091334610647,0.8445363437776195
2022-02-26,nighttime,6,0.6193300534123221,0.1897830459391563,5.067039106145528
2022-02-27,daytime,6,0.8587597856334777,0.028514410967617785,0.8278985507246409
2022-02-27,nighttime,6,0.9934799113550591,6.362874435025612e-5,2.2005571030640616
2022-02-28,daytime,6,0.858963649868159,0.028434183292824437,0.776947538872741
2022-02-28,nighttime,6,0.9108686490144695,0.011562549141604681,6.766066838046158
2022-03-01,daytime,6,0.9081907659243594,0.012256476137934418,0.9002423263328001
2022-03-01,nighttime,6,-0.30886280129089855,0.551437971482131,-3.473684210526056
2022-03-02,daytime,6,0.8297521273501308,0.04100924625830562,0.7636767068785247
2022-03-02,nighttime,6,0.92529483816943,0.00816283223649318,6.578124999999657
2022-03-03,daytime,6,0.9078994046052091,0.012333156951989397,0.5924473330345162
2022-03-03,nighttime,6,0.9724237555003183,0.0011301887236879176,2.796733212341188
2022-03-04,daytime,6,0.9304534815821279,0.0070868888795457465,1.0493815473936492
2022-03-04,nighttime,6,0.9624845266126622,0.002084716275068117,4.740837696335118
2022-03-05,daytime,6,0.9926756772556435,8.027209627150615e-5,0.4304945457207752
2022-03-05,nighttime,6,0.9756605750799906,8.814019779378762e-4,1.2770839384257937
2022-03-06,daytime,6,0.46568298541651293,0.3519696776792374,0.25597451889149214
2022-03-06,nighttime,6,0.991560085760468,1.065476319274306e-4,1.8260135135135183
2022-03-08,daytime,6,0.8813322682655029,0.02028750452042635,0.30561338430674584
2022-03-08,nighttime,6,0.9079339930680305,0.012324041823189835,1.0353319057815786
2022-03-10,daytime,6,0.9993186501654227,6.961982415129327e-7,0.5044290776088711
2022-03-10,nighttime,6,0.9842746145397541,3.689872742325193e-4,0.7435532352475951
2022-03-11,daytime,6,0.9919067094291603,9.798696765773754e-5,0.7213242061665889
2022-03-11,nighttime,6,0.9976617700814109,8.194586803669857e-6,0.9367682256290881
2022-03-12,daytime,6,0.9592632779740407,0.002455419883776126,0.7365620010643951
2022-03-12,nighttime,6,0.9788372911175512,6.670514028486967e-4,0.47927628361858365
2022-03-14,daytime,6,0.9977123226774347,7.844215055773238e-6,0.5817464190780325
2022-03-14,nighttime,6,0.9888879247811753,1.8453127389302898e-4,0.9238467713012131
2022-03-15,daytime,6,0.9990110060118748,1.4666799908076918e-6,0.6475367621307806
2022-03-15,nighttime,6,0.987449133429143,2.3529784458693263e-4,0.7745113066225355
2022-03-16,daytime,6,0.9890411477638062,1.7948660391927447e-4,0.5172793356365175
2022-03-16,nighttime,6,0.9545348248646206,0.0030536330991495354,0.5970028052561656
2022-03-17,daytime,6,0.7037091773048149,0.11867695077333283,0.22466809054124995
2022-03-17,nighttime,6,0.9967397992211066,1.592603748915209e-5,0.9918758844803196
2022-03-19,daytime,6,0.9476342795763794,0.0040414551941197726,0.38434549890256836
2022-03-19,nighttime,6,0.9833913843094606,4.114784616758686e-4,0.7670144652596635
2022-03-20,daytime,6,0.8863730978509636,0.018633086729911603,0.19721296576794853
2022-03-20,nighttime,6,0.8408306572577827,0.03598605143080106,0.2631128848346645
2022-03-21,daytime,6,0.42317345051890143,0.4031298798050867,0.09693890910994955
2022-03-21,nighttime,6,0.8720602137149689,0.023505786488224625,0.31223252841734334
2022-03-23,daytime,6,0.9980668905197664,5.601756463592997e-6,0.6571337828415394
2022-03-23,nighttime,6,0.9885747700982179,1.9505811625280934e-4,0.25755470649531137
2022-03-24,daytime,6,0.9913527965786328,1.1183789697229827e-4,0.3096669815114424
2022-03-24,nighttime,6,0.9513833495519415,0.0034879134114317025,0.4238821017672864
2022-03-25,daytime,6,0.9964441685437238,1.894342616309337e-5,0.4357100480017257
2022-03-25,nighttime,6,0.19330864330004852,0.7136488361240221,0.018239784852955115
2022-03-26,daytime,6,0.9938044279525646,5.745876062588957e-5,0.5508897553855133
2022-03-26,nighttime,6,0.8688033772264834,0.024689716275048172,0.23544022330510442
2022-03-27,daytime,6,0.9874775570642661,2.342355336052528e-4,0.4332422890848605
2022-03-27,nighttime,6,0.8776596820431057,0.0215351869438931,0.32755306367641224
2022-03-28,daytime,6,0.9828595848612078,4.381728725798097e-4,0.7880366854241543
2022-03-28,nighttime,6,0.4598262877534131,0.35887345292159445,0.08128960119269567
2022-03-29,daytime,6,0.9830467712429304,4.2868166753676093e-4,1.036177760151587
2022-03-29,nighttime,6,0.9748369306219772,9.418037138889225e-4,0.7152873247181716
2022-03-30,daytime,6,0.9793125384448913,0.00063752978090806235,0.6750755889291292
2022-03-30,nighttime,6,0.9447486020089595,0.004494742029539525,0.2924541844107367
2022-03-31,daytime,6,0.8923991991433703,0.016744001121189827,0.27455449647741326
2022-03-31,nighttime,6,0.990498604849395,1.3498588831565843e-4,1.0308858807402308
2022-04-08,daytime,6,0.7921288825500613,0.06032450498532644,0.11580103561901703
2022-04-08,nighttime,6,0.9337164704189601,0.006444650888388729,0.08152575555238616
2022-04-09,daytime,6,0.9356761096479731,0.006073272234841493,0.1659357335441817
2022-04-09,nighttime,6,0.5858396645811949,0.22177296591077805,0.06561331564346938
2022-04-10,daytime,6,0.9704761659869926,0.0012946178372732588,0.30585938120108613
2022-04-10,nighttime,6,0.6556978427233211,0.1574084900087351,0.024292965917331225
2022-04-11,daytime,6,0.9906423183682986,1.3093959994394376e-4,0.22934628094596282
2022-04-11,nighttime,6,0.8480966980812142,0.03285936473798101,0.1352610317567706
2022-04-12,daytime,6,0.9966192133615874,1.7125256722257967e-5,0.30703109441355503
2022-04-12,nighttime,6,0.35662434132278864,0.48774139407464384,0.013952858303983014
2022-04-13,daytime,6,0.9687518857527719,0.0014494109391157016,0.26878372476366186
2022-04-13,nighttime,6,0.6274433805950417,0.18234251419540504,0.0653225806451624
2022-04-14,daytime,6,0.9822755500990982,4.684500641913534e-4,0.25785503001339305
2022-04-14,nighttime,6,0.9425423895967812,0.004857220873336028,0.10737437120780008
2022-04-15,daytime,6,0.979747563312331,6.110884058978462e-4,0.2387230827351713
2022-04-15,nighttime,6,0.9375164306653252,0.005734320590824146,0.18075826380821738
2022-04-16,daytime,6,0.886307705061006,0.01865411711907801,0.3445852091108389
2022-04-16,nighttime,6,0.9745890935289611,9.603671603588636e-4,0.1540625453139348
2022-04-17,daytime,6,0.9986821459710575,2.603964477996374e-6,0.3445167566635682
2022-04-17,nighttime,6,0.9838038865777359,3.913469006034226e-4,0.17626423617229225
2022-04-18,daytime,6,0.997616808350137,8.512635869410209e-6,0.32767526272780745
2022-04-18,nighttime,6,0.931409291528302,0.006895679084431781,0.10878612716763121
2022-04-19,daytime,6,0.9674483558855607,0.0015721682855951516,0.41779344452044
2022-04-19,nighttime,6,0.9928934617184724,7.557487917265122e-5,0.26495872717163405
2022-04-20,daytime,6,0.9978237687059176,7.098820671194675e-6,0.4536990689758748
2022-04-20,nighttime,6,0.989823211033633,1.5482356057620701e-4,0.43323566345751074
2022-04-21,daytime,6,0.9963634337881135,1.9812874628271547e-5,0.46454124240235295
2022-04-21,nighttime,6,0.9710285372919548,0.001246859941545501,0.22813052525228214
2022-04-22,daytime,6,0.9034846377817896,0.013523292034281263,0.5626937911215297
2022-04-22,nighttime,6,0.9746729035298717,9.540695407678853e-4,0.46192187318882494
2022-04-23,daytime,6,0.9979775085190289,6.131571213726214e-6,0.3665790390523558
2022-04-23,nighttime,6,0.8895068083397936,0.017638626482002175,0.11043691371588021
2022-04-24,daytime,6,0.9881327765705138,2.1041085146453317e-4,0.48272065051668606
2022-04-24,nighttime,6,0.8701696651045514,0.02418966918812059,0.1216546378724478
2022-04-25,daytime,6,0.9554150155573231,0.0029374177760675734,0.5383192877711125
2022-04-25,nighttime,6,0.9776651019457502,7.427006507013587e-4,0.519313304721027
2022-04-26,daytime,6,0.9808026504255487,5.492698674025344e-4,0.29228266136782705
2022-04-26,nighttime,6,0.7857013633875002,0.06396514329618026,0.6298052920619077
2022-04-27,daytime,6,0.9939914771137486,5.404506002198753e-5,0.3315108546877847
2022-04-27,nighttime,6,0.9470468531984514,0.00413181237576247,0.7183448275862054
2022-04-28,daytime,6,0.963696174352911,0.0019530279990990543,0.669450596051454
2022-04-28,nighttime,6,0.4964642697525791,0.3164870504688668,0.11260360102886681
2022-04-29,daytime,6,0.979654925413112,6.166724523276699e-4,0.4500995420174452
2022-04-29,nighttime,6,0.8933416878630516,0.016457321079845717,0.23272396267920747
2022-04-30,daytime,6,0.9260862551434221,0.007992958192319452,0.3674536109417175
2022-04-30,nighttime,6,0.8701188282169253,0.024208187718326526,0.06376581380836246
2022-05-01,daytime,6,-0.14281517478145575,0.787233679415716,-0.09914708482086654
2022-05-01,nighttime,6,0.801649385855208,0.05511259845018236,1.619684663162923
2022-05-02,daytime,6,0.6934303442404867,0.12657096327725703,0.19978212349877758
2022-05-02,nighttime,6,0.952977284664874,0.0032647168325865977,0.23080722841970971
2022-05-03,daytime,6,0.24796070880921237,0.6356818085123466,0.08061517660976796
2022-05-03,nighttime,6,0.9804367126418073,5.703396660804374e-4,0.17060093826792785
2022-05-04,daytime,6,0.9815824855845197,5.056836008767629e-4,0.3971714790807319
2022-05-04,nighttime,6,0.9735691748312705,0.0010386506431433113,0.5424634420697311
2022-05-05,daytime,6,0.07360283139561491,0.889795120041798,0.021341815125494882
2022-05-05,nighttime,6,0.964665490116424,0.0018507333278571564,0.17096048554815113
2022-05-06,daytime,6,0.529867128856476,0.2795818354933081,0.16130144860887458
2022-05-06,nighttime,6,0.9709127108958422,0.00125680063416248,0.35511050185562804
2022-05-07,daytime,6,0.06012369336176269,0.9099231292794601,0.01699507389162343
2022-05-07,nighttime,6,0.9606720889794778,0.002289612940984645,0.2925737279994202
2022-05-08,daytime,6,0.26335172403917523,0.6141046788666076,0.0462202201567097
2022-05-08,nighttime,6,0.9454575749030485,0.004381185723789426,0.3637026239067057
2022-05-09,daytime,6,0.8368959779848193,0.03773486120871631,0.2803887917092962
2022-05-09,nighttime,6,0.9911588852966452,1.1690242956459357e-4,0.3800760272732757
2022-05-10,daytime,6,0.8011447227946433,0.055383422909241295,0.26524628956205515
2022-05-10,nighttime,6,0.9898886126836812,1.528433352954583e-4,0.7915647921760389
2022-05-11,daytime,6,0.8197675503021189,0.04579829223567913,0.29954737193363706
2022-05-11,nighttime,6,0.8681929618261753,0.02491469484973069,1.236941649899394
2022-05-12,daytime,6,0.9147876179055648,0.01058235514653907,0.32745637535297956
2022-05-12,nighttime,6,0.743387305366593,0.09032612997071353,0.7565531313765517
2022-05-13,daytime,6,0.8909327639571041,0.017194779480632638,0.3942306952258547
2022-05-13,nighttime,6,0.9804846270283404,5.675584605613462e-4,0.4852284898250623
2022-05-14,daytime,6,0.868368717178299,0.024849817824599173,0.328027411519778
2022-05-14,nighttime,6,0.9784665535855174,6.905415572248728e-4,0.36424689070822286
2022-05-15,daytime,6,0.7525858993697766,0.08424803491937215,0.21359282022173717
2022-05-15,nighttime,6,0.9666527735682808,0.0016495145826977797,0.4187317073170731
2022-05-16,daytime,6,0.8918363601128262,0.016916336106768307,0.6063754919763336
2022-05-16,nighttime,6,0.9389471035779915,0.005477398244801427,0.3266124700068045
2022-05-17,daytime,6,0.8429830751840566,0.03504589968083992,0.33795507358636706
2022-05-17,nighttime,6,0.9746754913396535,9.538754154063927e-4,0.42377518030340594
2022-05-18,daytime,6,0.8870000930716643,0.01843202173136546,0.3751108197707839
2022-05-18,nighttime,6,0.9769488075365218,7.909119992825642e-4,0.40366530021702357
2022-05-19,daytime,6,0.8325673587374772,0.0397036567132659,0.31265456782528345
2022-05-19,nighttime,6,0.9763734516691376,8.307263465485639e-4,0.3901946382666174
2022-05-20,daytime,6,0.9017572073179861,0.014003367127010415,0.40792720801786087
2022-05-20,nighttime,6,0.9884331644886349,1.999137524211192e-4,0.41728342245989347
2022-05-21,daytime,6,0.8680349879541869,0.024973076809186364,0.35745388818140644
2022-05-21,nighttime,6,0.994532607617789,4.475685250771177e-5,0.4006234915526943
2022-05-22,daytime,6,0.960087561664235,0.0023577137891664895,0.8434136340338301
2022-05-22,nighttime,6,0.9477613140241374,0.0040220439078723705,0.28433556050482567
2022-05-24,daytime,6,-0.5758269270878212,0.23172499108836647,-0.7245102334606056
2022-05-24,nighttime,6,0.952436822809742,0.003339583699334254,0.7003160353593167
2022-05-25,daytime,6,0.9909843639052431,1.2155613820161912e-4,0.8375286041189935
2022-05-25,nighttime,6,0.7059928535288668,0.11695328467305631,0.5868936170212713
2022-05-26,daytime,6,0.9253617468045967,0.008148403300590265,0.3014001706754329
2022-05-26,nighttime,6,0.9949969788052324,3.748271824966618e-5,0.8166261292564243
2022-05-27,daytime,6,0.9281554119844924,0.007557049117633701,0.36766624807235243
2022-05-27,nighttime,6,0.9824255048909167,4.6058026293641264e-4,0.5847410689559667
2022-05-28,daytime,6,0.9895866658450838,1.6209169422476129e-4,0.6209602394531412
2022-05-28,nighttime,6,0.971940925279093,0.0011699218927427421,0.4939292627133556
2022-05-29,daytime,6,0.9561055681409389,0.0028477955572684395,0.3680773361976375
2022-05-29,nighttime,6,0.9523668719751165,0.0033493345715446747,0.37044247787610585
2022-05-30,daytime,6,0.9675462661528571,0.001562776397065083,0.3136877254052519
2022-05-30,nighttime,6,0.9880228131522073,2.1432042545930287e-4,0.46866455797994855
2022-05-31,daytime,6,0.9670756417170051,0.0016081748302590117,0.271339645146862
2022-05-31,nighttime,6,0.9592742612938542,0.002454105123924891,0.9525581395348778
2022-06-01,daytime,6,0.6928084629840896,0.12705564396536362,0.09847872576296125
2022-06-01,nighttime,6,0.4896937159408523,0.32417368682074804,1.458227848101232
2022-06-24,daytime,6,0.9988793148914588,1.8831989148702695e-6,0.21901042189602327
2022-06-24,nighttime,6,0.7350322095052784,0.09601047495587367,0.0717753120665744
2022-06-25,daytime,6,0.9899153067898463,1.5203874383501004e-4,0.2144692487211522
2022-06-25,nighttime,6,0.9957712717206513,2.6785404929240395e-5,0.1356845833975043
2022-06-26,daytime,6,-0.4021219116845203,0.42932909755998605,-0.0657668711656458
2022-06-26,nighttime,6,0.9630642830743293,0.002021176053302456,0.44870017331022644
2022-06-27,daytime,6,-0.17524861802639746,0.7398181975840423,-0.008308581520430715
2022-06-27,nighttime,6,0.6566601655297895,0.1565865281847434,2.646464646464525
2022-06-28,daytime,6,0.6168171188034842,0.19211247795582456,0.09989820015812571
2022-06-28,nighttime,6,0.8851093774823581,0.019041512926505157,0.5931873479318648
2022-06-29,daytime,6,0.9069761108427893,0.012577677425300145,0.17962553337956327
2022-06-29,nighttime,6,-0.6728975955915396,0.14299465280896043,-0.15881481481481127
2022-06-30,daytime,6,0.9891149090151488,1.770829475002684e-4,0.21766280107047337
2022-06-30,nighttime,6,0.9897509323242295,1.570267839363936e-4,0.1707587908698344
2022-07-01,daytime,6,0.921136045665947,0.009084036839318006,0.22433898292599122
2022-07-01,nighttime,6,0.8335872920440844,0.03923553473639724,0.06286141718691553
2022-07-05,daytime,6,0.8374787714519826,0.03747337582126518,0.11856088124482617
2022-07-05,nighttime,6,-0.8783307367496046,0.021304554458817862,-0.15316675051707718
2022-07-06,daytime,6,-0.8051169386423174,0.053268339794990176,-0.07383124287343425
2022-07-06,nighttime,6,0.6290578312343924,0.1808766714151074,0.6400302957161517
2022-07-07,daytime,6,0.18817304911855404,0.7210719451416006,0.043891123312360586
2022-07-07,nighttime,6,0.5762720528894962,0.2312788635520587,1.6150084466968913
2022-07-08,daytime,6,0.9951227587719754,3.562321435056201e-5,0.17466505185072992
2022-07-08,nighttime,6,-0.26409388265805395,0.6130688663722619,-0.017944250871077934
2022-07-09,daytime,6,0.9486026468346819,0.003894643985307555,0.20113242195470363
2022-07-09,nighttime,6,0.6773980695948146,0.13932109331382259,0.0625729288214732
2022-07-11,daytime,6,0.9665171065104687,0.0016628873291167122,0.3366940763630665
2022-07-11,nighttime,6,0.9804644749988115,5.687273685988698e-4,0.5660714285714269
2022-07-12,daytime,6,-0.24230006320401964,0.6436625412434667,-0.19633570685654841
2022-07-12,nighttime,6,0.9844388646886314,3.6133934211851463e-4,0.20714951372792564
2022-07-13,daytime,6,0.8828624272569511,0.01977818174941979,0.6463666202607609
2022-07-13,nighttime,6,0.9263974637313831,0.007926635280750964,0.47487745098039663
2022-07-14,daytime,6,0.9947867764948101,4.069570726215426e-5,0.2981250000000005
2022-07-14,nighttime,6,0.4242594585100551,0.4017933336780111,0.29043755213467687
2022-07-15,daytime,6,0.9969455486312104,1.398026122996739e-5,0.40984389933099824
2022-07-15,nighttime,6,0.9920009801889644,9.572057099262152e-5,0.5977130977130889
2022-07-16,daytime,6,0.9934039898066839,6.511753824190219e-5,0.26953525683175095
2022-07-16,nighttime,6,0.9895575127324773,1.6299895716531023e-4,0.2603786648203881
2022-07-17,daytime,6,0.43599014528120567,0.3874529001277687,0.04972464741437061
2022-07-17,nighttime,6,0.9907268960133557,1.285869870933303e-4,0.5165998855180295
2022-07-18,daytime,6,0.4910454449080251,0.3226336535148658,0.040746362969472684
2022-07-18,nighttime,6,0.9747854571813607,9.45644389426177e-4,0.2583010122031967
2022-07-19,daytime,6,0.9093602931180323,0.011951006880604825,0.0625025674731952
2022-07-19,nighttime,6,0.9793782568903946,6.33499670345338e-4,0.11394790952707408
2022-07-20,daytime,6,0.7906330559677711,0.06116302641985609,0.08795385737331758
2022-07-20,nighttime,6,-0.4619078842351489,0.35641425119123915,-0.02229122768104633
2022-07-21,daytime,6,0.9137000261491615,0.010850160698609303,0.16158343311967388
2022-07-21,nighttime,6,0.6787736239458765,0.13820648280600212,0.34366197183098135
2022-07-22,daytime,6,-0.8535024026714192,0.03062028657090391,-0.13474477179934502
2022-07-22,nighttime,6,0.8754896565487589,0.02228910736791851,0.23445336008024023
2022-07-23,daytime,6,0.8952101695606517,0.015896019072041093,0.21555014477494083
2022-07-23,nighttime,6,0.6259300295481142,0.183721018663669,0.07132609895162823
2022-07-28,daytime,6,0.8524009669649208,0.031070454340227108,0.21252128692021796
2022-07-28,nighttime,6,0.9932377217526468,6.843799653564869e-5,0.34616355376072444
2022-07-29,daytime,6,0.28896855346605305,0.5786120150606436,0.07909045971329605
2022-07-29,nighttime,6,0.9673847141334685,0.0015782879409944358,0.19797895396506318
2022-07-30,daytime,6,-0.5703553780587155,0.23723673441228016,-0.020721499265129954
2022-07-30,nighttime,6,0.6961982749453499,0.12442346796248627,0.05867860222559937
2022-07-31,daytime,6,0.9948678825034916,3.944035852502843e-5,0.1062845803272621
2022-07-31,nighttime,6,-0.9975653434945606,8.884112672334014e-6,-0.24989826370048696
2022-08-01,daytime,6,0.8124549599762289,0.04946143889068284,0.113098903805887
2022-08-01,nighttime,6,-0.23329993236242139,0.656399225952712,-0.017356570957745558
2022-08-02,daytime,6,0.9168218745209654,0.01009016272462414,0.15263884097964794
2022-08-02,nighttime,6,0.9398328106665381,0.005321230667991027,0.20486854917234762
2022-08-03,daytime,6,0.9397454076410252,0.005336543209975653,0.17274281805745573
2022-08-03,nighttime,6,0.9897595629408197,1.5676288708615121e-4,0.17310064134188316
2022-08-13,daytime,6,0.8737365357859797,0.022907218327920042,0.19610968730460826
2022-08-13,nighttime,6,0.9831597795989738,4.230016502256435e-4,0.24976125294454746
2022-08-14,daytime,6,0.846450845774382,0.03355587362499994,0.10992483170150039
2022-08-14,nighttime,6,0.9781238621102323,7.12613532020221e-4,0.4557649741766713
2022-08-15,daytime,6,0.837829676377074,0.03731634478427297,0.11625831575531306
2022-08-15,nighttime,6,0.8851401092018824,0.0190315303026243,0.28276819353559385
2022-09-24,daytime,6,0.9803685133060508,5.74309963666417e-4,0.5898734177215293
2022-09-24,nighttime,6,0.679900103650083,0.13729656659494088,0.39622641509433176
2022-09-25,daytime,6,-0.34767674768255946,0.49949830828115094,-0.1410256410256818
2022-09-25,nighttime,6,NA,NA,NA
2022-09-26,daytime,6,0.7868546161241544,0.06330473286513844,0.42523364485980963
2022-09-26,nighttime,6,-0.8509629433967685,0.03166285751402592,-0.724137931034465
2022-09-27,daytime,6,NA,NA,-8.582367142310314e-15
2022-09-27,nighttime,6,NA,NA,1.7404671430534835e-14
2022-09-28,daytime,6,NA,NA,-5.100557452591352e-15
2022-09-28,nighttime,6,-0.7632327769721751,0.0774516433685836,-0.09708737864077147
2022-09-29,daytime,6,-0.159097757454451,0.7633669127073296,-0.020792079207921928
2022-09-29,nighttime,6,-0.6467373738769325,0.1651491111252096,-0.11538461538460877
2022-09-30,daytime,6,NA,NA,-2.205270259229539e-15
2022-09-30,nighttime,6,0.4285714285714278,0.3965014577259486,0.2142857142857349
2022-10-01,daytime,6,0.9353074360871929,0.006142318413748088,0.13500000000000065
2022-10-01,nighttime,6,-0.2846722734312712,0.5845262688651869,-0.09876543209875768
2022-10-02,daytime,6,0.7548998980311813,0.08274901086367044,0.11575562700964227
2022-10-02,nighttime,6,0.8061568703566495,0.05272089516491976,0.23060573857597647
2022-10-03,daytime,6,0.8610126213570533,0.027633793385703438,0.12911025145067478
2022-10-03,nighttime,6,0.1561624768418469,0.7676604299713106,0.04823151125402256
2022-10-04,daytime,6,0.8968795038191522,0.015402471838791282,0.04397002686271972
2022-10-04,nighttime,6,-0.21663227148138917,0.6801348193162318,-0.09243697478991458
2022-10-05,daytime,6,-0.3663276313036741,0.4750883922613527,-0.04066543438077702
2022-10-05,nighttime,6,-0.09560008094142783,0.8570367411054884,-0.0769230769230421
2022-10-06,daytime,6,0.9504640015181088,0.0036199466267332935,0.20681818181818182
2022-10-06,nighttime,6,-0.7475319302283734,0.08756401606011616,-0.2697674418604628
2022-10-07,daytime,6,-0.5240172864453002,0.2859201022314331,-0.5360744763382621
2022-10-07,nighttime,6,-0.08992359739952041,0.8654781763969438,-0.028301886792435817
2022-10-08,daytime,6,0.022329069301731206,0.9665119625429911,0.0036563071297929296
2022-10-08,nighttime,6,0.31149591164298857,0.5478683104271077,0.2772277227723424
2022-10-09,daytime,6,-0.9505907362109222,0.0036016022134380465,-0.19482988025090747
2022-10-09,nighttime,6,0.5574420938353508,0.2504471078415964,0.1841432225063924
2022-10-11,daytime,6,0.21158867423564698,0.6873533764760693,0.0076203858833691065
2022-10-11,nighttime,6,-0.9407696512605673,0.005158454349780113,-0.20512820512820681
2022-10-12,daytime,6,-0.8978698119031712,0.015113224671310153,-0.0773984696880559
2022-10-12,nighttime,6,-0.4492142384057528,0.3715028838239113,-0.07918476445037922
2022-10-13,daytime,6,NA,NA,-2.3653407420807435e-15
2022-10-13,nighttime,6,NA,NA,9.629077960269744e-15
2022-10-14,daytime,6,0.6192217557725882,0.18988319375150667,0.057515337423309075
2022-10-14,nighttime,6,-0.7545454545454561,0.08297783621337235,-0.06859504132230833
2022-10-15,daytime,6,0.9667615316524057,0.001638832807390673,0.25309661436829106
2022-10-15,nighttime,6,0.5612135332663124,0.24655978407947754,0.039370078740161144
2022-10-16,daytime,6,0.9232031164887257,0.00862017713114519,0.16755521706016865
2022-10-16,nighttime,6,NA,NA,4.9849713589911084e-15
2022-10-17,daytime,6,-0.9835167121819868,4.053089213642451e-4,-0.35644531249998884
2022-10-17,nighttime,6,0.9773798680848901,7.617185261764748e-4,0.20100502512563587
2022-10-18,daytime,6,0.3123475237772139,0.5467151789086775,0.44444444444438236
2022-10-18,nighttime,6,-0.6141596643048112,0.19458858822997083,-0.061834769386721077
2022-10-19,daytime,6,0.7349740919840985,0.0960505560270338,0.07943925233644461
2022-10-19,nighttime,6,NA,NA,1.6952602042728356e-14
2022-10-20,daytime,6,0.6842501787608257,0.133807119534815,0.053204353083429044
2022-10-20,nighttime,6,NA,NA,8.718943226174295e-15
2022-10-21,daytime,6,NA,NA,-7.156064519165331e-15
2022-10-21,nighttime,6,0.8288624656799102,0.041425940664984166,0.1045454545454652
2022-10-22,daytime,6,0.7652173913043471,0.07621336401742458,0.1330812854442252
2022-10-22,nighttime,6,0.6404447607135422,0.17067830985568508,0.04661016949153344
2022-10-23,daytime,6,0.8530666868875069,0.030797996828302827,0.41584158415841577
2022-10-23,nighttime,6,0.7547409381398629,0.08285159868180161,0.23115577889447492
2022-10-24,daytime,6,-0.5170338847877164,0.29355696575539336,-0.539379474940366
2022-10-24,nighttime,6,0.8889452342675639,0.017814913335482217,0.742331288343535
2022-10-25,daytime,6,0.9705963548297016,0.001284150705256126,1.1551020408163344
2022-10-25,nighttime,6,-0.9597514959996554,0.002397312988870431,-0.15494932500099845
2022-10-26,daytime,6,0.9898296794251327,1.5462714520022853e-4,0.8383233532934279
2022-10-26,nighttime,6,0.9612388732823954,0.002224519574800155,0.5510344827586136
2022-10-27,daytime,6,0.9527609416350059,0.003294585297096024,0.41717128027681327
2022-10-27,nighttime,6,-0.029558902630268676,0.9556745592857464,-0.01363016810539959
2022-10-30,daytime,6,NA,NA,-2.4401550923638957e-15
2022-10-30,nighttime,6,0.8418450390905109,0.035541523131292406,0.10754638024829626
2022-10-31,daytime,6,0.8783468038548355,0.02129904695227618,0.07680412371134097
2022-10-31,nighttime,6,0.8954045293257265,0.015838170391256692,0.12471655328798573
2022-11-04,daytime,6,0.849272800828625,0.03236587070656605,0.320182094081939
2022-11-04,nighttime,6,0.9054986619450546,0.012973782104761057,0.24941860465116433
2022-11-05,daytime,6,0.9927111218583318,7.949799601809839e-5,0.325132978723399
2022-11-05,nighttime,6,0.8452697664382195,0.03405993506501902,0.1436327739388014
2022-11-07,daytime,6,-0.015469981585701804,0.9767968787619984,-0.0019145626420958703
2022-11-07,nighttime,6,0.7896241184651182,0.061731608201899546,0.16103803768219
2022-11-08,daytime,6,0.4708405572506483,0.3459296811741987,0.11976401179940965
2022-11-08,nighttime,6,0.8107121179967635,0.05035377025306158,0.5696202531645593
2022-11-09,daytime,6,-0.6942277857700211,0.12595063210527022,-0.15368754956384273
2022-11-09,nighttime,6,0.5227168243744678,0.28733647471625756,0.19756838905776006
2022-11-10,daytime,6,0.8626790037556678,0.026990849155571543,0.5328947368421114
2022-11-10,nighttime,6,0.9787034648889474,6.75484170699087e-4,0.49460431654676884
2022-11-11,daytime,6,-0.45401079804719946,0.3657754734840495,-0.5081240768094548
2022-11-11,nighttime,6,0.9567989003784673,0.0027591886504495025,0.2756236107680933
2022-11-12,daytime,6,-0.4751885765013304,0.34086691944830794,-0.6488549618321049
2022-11-12,nighttime,6,0.9449055141726375,0.004469486586484101,0.11337732453509868
2022-11-13,daytime,6,0.9402460371546513,0.005249127273581599,0.9309210526315667
2022-11-13,nighttime,6,0.7864437207958893,0.06353967238019614,0.11568123393316405
2022-11-14,daytime,6,-0.1149323249268309,0.8283606083953701,-0.15930902111331005
2022-11-14,nighttime,6,0.975375178979627,9.021066936539628e-4,0.33910891089109163
2022-11-15,daytime,6,-0.6367696643807746,0.17394278603548394,-0.7238095238095252
2022-11-15,nighttime,6,0.9065052784424158,0.012703263465482542,0.7774566473988118
2022-11-16,daytime,6,-0.5500064847215973,0.25818071539472115,-0.4819605173587487
2022-11-16,nighttime,6,0.883146472881606,0.019684317537269038,0.30713468141930345
2022-11-17,daytime,6,-0.27111880115257414,0.6032861468223711,-0.27852348993289355
2022-11-17,nighttime,6,0.9282633215406304,0.0075346426634743,0.551470588235301
2022-11-18,daytime,6,-0.5091555689234143,0.302263237023122,-0.2575881870385547
2022-11-18,nighttime,6,0.9550103935036647,0.0029905661020189064,0.48938992042439555
2022-11-19,daytime,6,-0.721364731561451,0.10564013068252232,-0.16640127388534814
2022-11-19,nighttime,6,0.8262533311426359,0.04265933344707615,0.40491803278688915
2022-11-20,daytime,6,0.5363029001751674,0.2726715845300386,1.8292682926829056
2022-11-20,nighttime,6,0.8924013057463213,0.01674335769579607,0.6666666666666661
2022-11-21,daytime,6,0.4978515229096751,0.31492049373333564,0.31275964391690503
2022-11-21,nighttime,6,-0.9747378208177974,9.492056658842947e-4,-1.4919354838710013
2022-11-22,daytime,6,-0.13589893465925937,0.7974065241374787,-0.0915887850467286
2022-11-22,nighttime,6,0.9132593022748191,0.010959606685355495,1.0181818181818256
2022-11-23,daytime,6,-0.8104856695926183,0.05047025398599461,-0.5120350109409134
2022-11-23,nighttime,6,0.7167277238512426,0.1089994391849266,1.2500000000000056
2022-11-24,daytime,6,-0.5716911161570716,0.23588643883387816,-0.29931972789115896
2022-11-24,nighttime,6,0.9519786795214517,0.0034037011144479384,2.0634920634920775
2022-11-28,daytime,6,0.3195784345162652,0.5369516810342201,0.19277108433733858
2022-11-28,nighttime,6,0.9784720363497068,6.901912263671656e-4,0.3640599001663915
2022-11-29,daytime,6,-0.08849405334504838,0.8676054271860894,-0.12041884816757559
2022-11-29,nighttime,6,-0.955143134603792,0.0029730784496782973,-1.1397515527950584
2022-11-30,daytime,6,-0.253160709146343,0.6283715148316928,-0.17734588521105785
2022-11-30,nighttime,6,0.9489956451953091,0.003835823821842875,1.7134020618556607
2022-12-01,daytime,6,0.6969353271462373,0.1238543221717737,0.7311618862420989
2022-12-01,nighttime,6,0.9992121455557994,9.308274214818977e-7,0.6889748549323017
2022-12-02,daytime,6,0.4809308990345467,0.33422199449043416,0.5765306122448899
2022-12-02,nighttime,6,0.9585677646025477,0.002539383283225976,2.5275590551181257
2022-12-03,daytime,6,0.3146303440170593,0.5436274673418146,0.3275862068965472
2022-12-03,nighttime,6,0.9513955283123117,0.0034861805296800123,3.218430034129712
2022-12-04,daytime,6,0.7956735481055379,0.05835870535453799,1.014705882352946
2022-12-04,nighttime,6,0.99129547522145,1.1332336194262623e-4,0.9098922624877517
2022-12-05,daytime,6,0.9070088118237062,0.012568977427021592,0.6393963463065947
2022-12-05,nighttime,6,0.9259453556007897,0.008023074355016372,0.8557692307692008
2022-12-06,daytime,6,0.5553544526306151,0.25260913357618664,0.9105691056911103
2022-12-06,nighttime,6,0.8810434857385813,0.020384322292652666,4.990099009901087
2022-12-07,daytime,6,0.977739961921595,7.377489149878076e-4,0.7375690607734856
2022-12-07,nighttime,6,0.9284074273853012,0.007504770941866326,2.2252252252251554
2022-12-08,daytime,6,0.8724773199471256,0.023356161817005415,0.8006920415224912
2022-12-08,nighttime,6,0.9715235112838451,0.0012048196738375355,1.2038515735086914
2022-12-09,daytime,6,0.581238193719101,0.2263248367387655,0.5574324324324459
2022-12-09,nighttime,6,0.9968962060842438,1.4435354750973802e-5,1.0276816608996584
2022-12-10,daytime,6,0.9899354117024071,1.5143415544598615e-4,1.859813084112143
2022-12-10,nighttime,6,0.9961343522212647,2.2385966486620156e-5,0.7872340425531846
2022-12-11,daytime,6,0.7038454972541692,0.11857375027546549,0.7827502034174447
2022-12-11,nighttime,6,0.9869316091740601,2.5505832972749933e-4,0.47651663405087835
2022-12-12,daytime,6,0.9450636006429793,0.004444112715801293,0.6780080420661936
2022-12-12,nighttime,6,0.9913269575178795,1.1250629849305198e-4,0.4370731707317043
2022-12-13,daytime,6,0.9419840454014571,0.004951139952918231,0.5057803468208087
2022-12-13,nighttime,6,0.9851138350241178,3.3074749002768927e-4,0.15043438500228887
2022-12-14,daytime,6,0.9484661214876872,0.0039151806441729,0.6273062730627295
2022-12-14,nighttime,6,0.8919605570040164,0.016878235517603663,0.11933904528763953
2022-12-15,daytime,6,0.45014468222296045,0.37038943802203617,0.5227272727272717
2022-12-15,nighttime,6,-0.959525003774177,0.0024241843974090642,-0.1325791055329668
2022-12-16,daytime,6,-0.3784721129359601,0.4593982191047711,-0.21327014218010967
2022-12-16,nighttime,6,0.9542892260683034,0.003086456523821357,0.28043747420553866
2022-12-21,daytime,6,0.8244044419255299,0.043543560862589065,0.26610348468847905
2022-12-21,nighttime,6,0.99396336012777875,5.455154076032068e-5,0.7701863354037295
2022-12-22,daytime,6,0.6689419486581191,0.14625726261954125,0.2614955875522467
2022-12-22,nighttime,6,0.9567428522670526,0.0027663002721860885,1.2105263157894792
2022-12-29,daytime,6,-0.035367300149678586,0.9469711692970268,-0.08656716417911922
2022-12-29,nighttime,6,-0.3458339665134583,0.5019301172375464,-2.452577319587065
2022-12-30,daytime,6,-0.3723334550084802,0.46730852080793017,-0.5305676855895306
2022-12-30,nighttime,6,-0.8290530521497492,0.041336509193988305,-10.000000000000544
2022-12-31,daytime,6,0.1297863375451191,0.8064135862362838,0.16697104096007787
2022-12-31,nighttime,6,0.9988700392420918,1.9144955982782554e-6,2.5596620908130685
2023-01-01,daytime,6,0.04183264439986425,0.9372876363394396,0.06034745504418963
2023-01-01,nighttime,6,0.9974956981939035,9.399438405159451e-6,3.2834131475837554
2023-01-02,daytime,6,-0.0769952280608543,0.8847353819721078,-0.10907127429806414
2023-01-02,nighttime,6,0.9532207530839247,0.0032312634481745073,8.130151843817755
2023-01-03,daytime,6,0.17826143895581165,0.7354401609725686,0.24815889310422282
2023-01-03,nighttime,6,0.9980054706272988,5.963253861913866e-6,2.1304985337243356
2023-01-04,daytime,6,0.34000239178467284,0.5096488270613706,0.3784277879341843
2023-01-04,nighttime,6,0.9928152557551476,7.724538457163334e-5,2.9700460829493047
2023-01-05,daytime,6,0.046758947900179156,0.9299126950130763,0.06213017751478698
2023-01-05,nighttime,6,0.9991239391695615,1.1508876872302102e-6,3.1930631007103574
2023-01-06,daytime,6,0.1373201520441833,0.7953144829139099,0.19657142857141813
2023-01-06,nighttime,6,0.9848674533496695,3.4175832123399763e-4,4.774464119291689
2023-01-07,daytime,6,-0.11841473587822966,0.823208104836912,-0.1694915254237371
2023-01-07,nighttime,6,0.9937650161931355,5.819134203812128e-5,4.0089285714285134
2023-01-08,daytime,6,-0.5051037403321199,0.30677789472193445,-0.8450797872340565
2023-01-08,nighttime,6,0.9982378459938275,4.655044203576488e-6,3.825192802056516
2023-01-09,daytime,6,0.02693987615518759,0.9595999616680881,0.049351471053439226
2023-01-09,nighttime,6,0.986934084929761,2.549619105970174e-4,5.024489795918254
2023-01-10,daytime,6,0.0011068241187194162,0.9983397644998837,0.0020295737894958934
2023-01-10,nighttime,6,0.9964123571213888,1.9283683535486518e-5,3.3979739507959295
2023-01-14,daytime,6,0.3139727851650519,0.5445163696904572,0.3039737812371827
2023-01-14,nighttime,6,0.9892316728191255,1.733109746525493e-4,3.557325555306373
2023-01-15,daytime,6,0.04591824068365255,0.9311710479314143,0.10179640718559047
2023-01-15,nighttime,6,0.9885438704850871,1.9611258734369923e-4,5.7176470588234904
2023-01-16,daytime,6,-0.4779333904080829,0.3376847647299411,-0.5629709364908835
2023-01-16,nighttime,6,0.9952784201217661,3.338734498240133e-5,3.6230838593327506
2023-01-17,daytime,6,-0.25653441317874504,0.6236396329307384,-0.3851590106007191
2023-01-17,nighttime,6,0.9099071570675539,0.011809451315771878,5.068965517241407
2023-01-18,daytime,6,-0.7472091926523735,0.0877777186349889,-0.5797562268150541
2023-01-18,nighttime,6,0.9984803882821635,3.462075100766228e-6,2.73142857142856
2023-01-21,daytime,6,-0.6095916757111314,0.19887523275421426,-0.6420704845814982
2023-01-21,nighttime,6,0.9538732899908836,0.0031424387779871313,2.411279229711144
2023-01-30,daytime,6,0.023373618696822702,0.9649459567631659,0.06345475910689692
2023-01-30,nighttime,6,0.6578730419276678,0.1555531566040447,11.362068965518155
2023-01-31,daytime,6,-0.4202180930431349,0.4067745978253804,-1.745412844036741
2023-01-31,nighttime,6,0.9523205314129671,0.0033558019628339105,6.689440993788735
2023-02-01,daytime,6,-0.1682721478643866,0.749974134529729,-0.7000000000001645
2023-02-01,nighttime,6,-0.25175440748900246,0.6303465213981898,-4.499999999999486
2023-02-02,daytime,6,0.35359666461103517,0.4917102048670154,0.782051282051269
2023-02-02,nighttime,6,-0.989356886369489,1.693109976619121e-4,-3.90983606557381
2023-02-03,daytime,6,0.08901682677168928,0.8668274443075555,0.21794871794869602
2023-02-03,nighttime,6,0.9945168094097228,4.501564147220952e-5,3.0492957746478457
2023-02-04,daytime,6,0.12573823813628202,0.8123866101397291,0.3269817073170467
2023-02-04,nighttime,6,0.998916593260252,1.7600194103440984e-6,2.107457627118646
2023-02-05,daytime,6,0.16336340996539997,0.7571347740252866,0.4178743961352479
2023-02-05,nighttime,6,0.9911385995039076,1.1743870996657782e-4,3.014111006585127
2023-02-06,daytime,6,0.21997646037787313,0.675357600639475,0.5588321167883057
2023-02-06,nighttime,6,0.9810229431759451,5.367759372888304e-4,3.3684210526315703
2023-02-07,daytime,6,-0.2580220910304174,0.6215558253442637,-0.555930568948907
2023-02-07,nighttime,6,0.9460092588895718,0.004293808679919421,3.0662045060658536
2023-02-08,daytime,6,-0.40446551128602887,0.42638546477714473,-0.6921918692191923
2023-02-08,nighttime,6,0.98847452174652,1.9848947050266918e-4,2.030365414307771
2023-02-09,daytime,6,-0.14188202650522033,0.7886050389795052,-0.1904173870091623
2023-02-09,nighttime,6,0.9853175909839581,3.2177713530461715e-4,2.295814479637999
2023-02-17,daytime,6,-0.21277761655118854,0.6856502554963648,-0.08654848800834504
2023-02-17,nighttime,6,0.6585767023535792,0.15495496786424698,1.0979275120321819
2023-02-18,daytime,6,0.32098250706707204,0.5350616163127769,0.3794400334308337
2023-02-18,nighttime,6,-0.9249349069324729,0.008240665096285002,-0.7243935309973111
2023-02-23,daytime,6,0.3605784739154628,0.4825729252540779,0.29405552202775787
2023-02-23,nighttime,6,-0.8229881748981642,0.04422660709877474,-0.5816692017074938
2023-02-25,daytime,6,0.8344428909913242,0.03884484417268317,0.4707724953266306
2023-02-25,nighttime,6,0.5702933722789252,0.2372994901619074,0.85901639344261
2023-02-26,daytime,6,0.5565471228134872,0.25137307655113594,0.3065664729782888
2023-02-26,nighttime,6,0.8228339924817389,0.04430126623656324,0.8638297872340339
2023-05-12,daytime,6,0.5846595415284339,0.22293683179972412,0.5269329101648591
2023-05-12,nighttime,6,0.9794011178163966,6.321007243171997e-4,0.24813325674899495
2023-05-13,daytime,6,0.9893433485786954,1.6974122212213668e-4,0.6050211710363136
2023-05-13,nighttime,6,0.9240407493749363,0.008435576496601819,0.4839928857269874
2023-05-14,daytime,6,0.5503272207651543,0.2578452336275543,0.9893683552220165
2023-05-14,nighttime,6,0.9954908808614427,3.0452393053021783e-5,0.8088552915766715
2023-05-18,daytime,6,0.8700221858486129,0.024243410572645268,0.17241379310344854
2023-05-18,nighttime,6,0.9425029759519182,0.004863821732176246,0.2329286798179071
2023-05-19,daytime,6,-0.8836586872277773,0.019515594239444083,-0.3607800650054184
2023-05-19,nighttime,6,-0.19664023050113202,0.7088414355310706,-0.05743243243243264
2023-05-20,daytime,6,-0.2267742365437416,0.6656697539859193,-0.07278835386338987
2023-05-20,nighttime,6,NA,NA,3.235069039135591e-16
2023-05-21,daytime,6,0.9416940303247632,0.005000271067633692,0.285252015576153
2023-05-21,nighttime,6,-0.9432755524328748,0.004735234350994407,-0.6883116883117072
2023-05-22,daytime,6,-0.3076514524630952,0.5530823364901221,-0.09567933368037927
2023-05-22,nighttime,6,-0.7797785602928878,0.0674061310501148,-0.3051724137931051
2023-05-23,daytime,6,0.9490492814963069,0.00382783016008862,0.6176191122573657
2023-05-23,nighttime,6,-0.7277781371744776,0.10107064836288049,-0.05296610169491971
2023-05-24,daytime,6,0.8285601266446337,0.04156799658660651,0.7623255813953438
2023-05-24,nighttime,6,0.320618646735156,0.5355512378615872,0.584269662921343
2023-06-01,daytime,6,NA,NA,-2.938451020739613e-15
2023-06-01,nighttime,6,0.5614993333393016,0.2462661763994941,0.056300268096517364
2023-06-02,daytime,6,0.9807759625732175,5.507931700964635e-4,0.3285953177257517
2023-06-02,nighttime,6,0.599147424080871,0.20881912676962913,0.13546325878594478
2023-06-03,daytime,6,0.7824699578025583,0.06583229213011188,0.3101873001370493
2023-06-03,nighttime,6,0.8860912478088299,0.018723811100015496,0.2503401360544228
2023-06-04,daytime,6,0.8498712847388601,0.03211609885009674,0.6599131693198416
2023-06-04,nighttime,6,-0.24359938288234942,0.6418285996740843,-0.03296703296703946
2023-06-05,daytime,6,0.9338326623486707,0.006422330699053794,0.5246734397677824
2023-06-05,nighttime,6,-0.9189048183058202,0.009597984409207715,-0.5388349514563114
2023-06-06,daytime,6,0.6848324727868011,0.13334297021969221,0.6007534533277626
2023-06-06,nighttime,6,-0.8161538031708354,0.04759218834597408,-1.158447009443856
2023-06-07,daytime,6,0.14712825986118233,0.7809000326876474,0.0577711516958591
2023-06-07,nighttime,6,0.7341605154742644,0.09661242517045483,0.09496458409008346
2023-06-08,daytime,6,0.9290602620717918,0.0073701694109929725,0.49080418319509594
2023-06-08,nighttime,6,0.3754058775017988,0.46334407873057637,0.040663473592849185
2023-06-09,daytime,6,0.3800005321192062,0.457435317078372,0.06863797802923795
2023-06-09,nighttime,6,0.998864698486743,1.9326326385378875e-6,0.7666990205594285
2023-06-10,daytime,6,-0.15508925253267303,0.7692312769915906,-0.0426411564112678
2023-06-10,nighttime,6,0.9937576684263657,5.832843367107602e-5,0.6012223071046604
2023-06-11,daytime,6,-0.47921362917936755,0.3362042314651292,-0.08657569610916532
2023-06-11,nighttime,6,0.8652142324835593,0.02602646447907915,0.28038701874622285
2023-06-12,daytime,6,0.4291215238996779,0.3958280662246568,0.12040268456375587
2023-06-12,nighttime,6,0.9105640366571462,0.011640497495158985,0.2630241423125784
2023-06-13,daytime,6,0.9154734620983735,0.010415143531800175,0.225671510347865
2023-06-13,nighttime,6,-0.16582623025939497,0.7535406275286105,-0.015582391897153455
2023-06-14,daytime,6,0.8719409197317893,0.02354866343176359,0.3505479907007637
2023-06-14,nighttime,6,0.9876960684139355,2.2614877271213068e-4,0.28531658219715916
2023-06-15,daytime,6,0.9558217112885506,0.002884469939023523,0.40988980967125005
2023-06-15,nighttime,6,0.9970546573913447,1.2999789136529636e-5,0.2782564622402437
2023-06-16,daytime,6,0.9971218867525315,1.2413383320725284e-5,0.4888920802907611
2023-06-16,nighttime,6,0.9818557835597127,4.908322331019693e-4,0.3929670329670321
2023-06-17,daytime,6,0.9958620520106192,2.564849410204887e-5,0.2733820683723933
2023-06-17,nighttime,6,0.9826485365365796,4.489978954372555e-4,1.9181916038750653
2023-06-18,daytime,6,0.9967801592905655,1.553437064445725e-5,0.3879454841078988
2023-06-18,nighttime,6,0.9882327305242528,2.0688824752532333e-4,0.4559999999999988
2023-06-19,daytime,6,0.9711091743768308,0.0012399624134311201,0.5328983831889647
2023-06-19,nighttime,6,0.9781593895978933,7.103092746111874e-4,0.44028747292046355
2023-06-20,daytime,6,0.9896047151646599,1.6153125285331359e-4,0.3951665080875369
2023-06-20,nighttime,6,0.9992599203368187,8.213741843395979e-7,0.6347261940330332
2023-06-21,daytime,6,0.9821013138553987,4.776774104666806e-4,0.3352941176470579
2023-06-21,nighttime,6,0.9960886353692733,2.2918240371409974e-5,0.6242807282331824
2023-06-22,daytime,6,0.9953985757568096,3.17109443792545e-5,0.30383515401566097
2023-06-22,nighttime,6,0.9531024765695219,0.0032474938721675276,0.6164673510424372
2023-06-23,daytime,6,0.970442996495601,0.001297513941910492,0.30828059071729774
2023-06-23,nighttime,6,0.968322038749664,0.0014893455336554141,0.4085946248600219
2023-06-24,daytime,6,0.9794260608936741,6.305761153499593e-4,0.22135267987690405
2023-06-24,nighttime,6,0.8346437938582911,0.03875337186996193,0.4637795275590542
2023-06-25,daytime,6,0.4401026920553426,0.3824677906505335,0.08651270117527396
2023-06-25,nighttime,6,0.968770294160825,0.0014477127096128117,0.24399954498919443
2023-06-26,daytime,6,0.732430439346693,0.09781208805386782,0.22879306373597746
2023-06-26,nighttime,6,0.9894427371026291,1.6659536573589875e-4,0.45167064439141147
2023-06-27,daytime,6,0.9506742960550513,0.003589532267358639,0.3031414231880651
2023-06-27,nighttime,6,0.5652617214316673,0.24241386044964486,1.3316831683168864
2023-06-28,daytime,6,0.9721677432703291,0.0011511718586575406,0.21390483109335337
2023-06-28,nighttime,6,-0.07008710395748241,0.8950414850748398,-0.02296306543089966
2023-06-29,daytime,6,0.9890796981307675,1.7822835003202428e-4,0.16075668522050487
2023-06-29,nighttime,6,1.2474291842274326e-15,0.9999999999999981,2.076213849476417e-15
2023-06-30,daytime,6,0.04862962368138556,0.9271130651248347,0.040135669869942846
2023-06-30,nighttime,6,0.6705395356208141,0.14493578551176256,0.8213457076566054
2023-07-01,daytime,6,0.871071760963298,0.023862181996673067,0.18328140232829312
2023-07-01,nighttime,6,0.9316072067892398,0.006856405063519871,0.3456026058631944
2023-07-05,daytime,6,0.8850984456322916,0.01904506453808973,0.46106020942408715
2023-07-05,nighttime,6,0.8577650704109104,0.028907401350107963,0.2887163088168121
2023-07-06,daytime,6,0.758835593170257,0.08022731303927087,0.5639450282942687
2023-07-06,nighttime,6,-0.9912423222505774,1.1470953589114612e-4,-0.5231006160164351
2023-07-07,daytime,6,0.8539245489599068,0.03044857437634308,0.45117540687160856
2023-07-07,nighttime,6,0.9156513735720353,0.010371978973038171,2.112244897959049
2023-07-08,daytime,6,0.9230297509850864,0.008658626838294246,0.3945378151260566
2023-07-08,nighttime,6,0.9796770245979766,6.153380623070669e-4,1.1666666666666343
2023-07-09,daytime,6,0.9617851452403637,0.002162658674815284,0.37241494329553165
2023-07-09,nighttime,6,0.8245537732424563,0.04347182937052978,0.5203021718602202
2023-07-10,daytime,6,0.9169505525497362,0.010059411312994666,0.34381606765327455
2023-07-10,nighttime,6,-0.9620014470485585,0.002138402173793077,-1.552609067579172
2023-07-11,daytime,6,0.6855184845066787,0.13279704086754615,0.21386718749999678
2023-07-11,nighttime,6,-0.6160713555303398,0.19280603383550196,-0.398058252427133
2023-07-12,daytime,6,0.98578658970621,3.0159584436025076e-4,0.3179805137289651
2023-07-12,nighttime,6,0.9533563305876814,0.0032127081169028033,1.7440381558027092
2023-07-13,daytime,6,0.8853481843263231,0.018964006971009126,0.16745046642510192
2023-07-13,nighttime,6,0.9951825593287026,3.475570098987838e-5,0.5490853658536616
2023-07-14,daytime,6,0.8515053694373169,0.03143878100226072,0.16315184498815452
2023-07-14,nighttime,6,0.7894377258591796,0.061836912825787634,0.16171954964176352
2023-07-15,daytime,6,0.9415914741099182,0.0050177018695210015,0.23107401341856307
2023-07-15,nighttime,6,0.3320690212548691,0.5202050661884948,0.03228621291448872
2023-07-16,daytime,6,0.980582310911858,5.619092869795347e-4,0.16361717100633183
2023-07-16,nighttime,6,-0.15997781794709143,0.7620804214066161,-0.020474321788086173
2023-07-17,daytime,6,0.8440259377065523,0.03459460083510221,0.16329796486345208
2023-07-17,nighttime,6,-0.8872096773743796,0.01836504542518675,-0.12824207492795023
2023-07-18,daytime,6,0.7673556798145325,0.07488932113192084,0.08992261103633702
2023-07-18,nighttime,6,NA,NA,1.6160236455572528e-15
2023-07-19,daytime,6,0.7420943057782178,0.09119567728136503,0.10288792264261153
2023-07-19,nighttime,6,0.5376162432255785,0.2712695758359453,0.03042433947157732
2023-07-20,daytime,6,0.7650375210140663,0.07632521994759323,0.09654142821597439
2023-07-20,nighttime,6,0.7861041384725586,0.06373413757546048,0.1840731070496088
2023-07-21,daytime,6,0.8488293123602584,0.03255154532749918,0.1618530723008333
2023-07-21,nighttime,6,0.9232668910204447,0.008606053898138885,0.2386780905752724
2023-07-22,daytime,6,0.8220574263752015,0.0446781916278182,0.14867125069689432
2023-07-22,nighttime,6,0.6072291764459874,0.20110721440669688,0.0472727272727284
2023-07-23,daytime,6,0.03455540293224632,0.9481875264880716,0.0041427122083193
2023-07-23,nighttime,6,0.9235246421497174,0.008549088223351398,0.13760603204524036
2023-07-24,daytime,6,0.88843736388775,0.017975066008969826,0.18590184526123968
2023-07-24,nighttime,6,0.6888472712782602,0.13016174639104428,0.11376278485555245
2023-07-25,daytime,6,-0.1463973583738656,0.781972770185933,-0.019989346491351926
2023-07-25,nighttime,6,0.8801325494338404,0.020691168464297974,0.21967213114754322
2023-07-26,daytime,6,0.4014062681489057,0.4302292900769537,0.04856724111790543
2023-07-26,nighttime,6,0.6672296031582403,0.14767935139186017,0.13121546961326142
2023-07-27,daytime,6,0.6879341046934491,0.13088239671884874,0.09540636042402632
2023-07-27,nighttime,6,0.9495056017718353,0.0037601539926377225,0.31593159315931785
2023-07-28,daytime,6,0.5854220532469342,0.22218454473398422,0.062448793809740256
2023-07-28,nighttime,6,0.9957240607219147,2.738639516187318e-5,0.13045610593428375
2023-07-29,daytime,6,0.3561283739941341,0.4883908602198946,0.0445382729501491
2023-07-29,nighttime,6,0.6198626056224519,0.18929088752274079,0.11079014443500554
2023-07-30,daytime,6,0.6107720184843886,0.19776391997201892,0.11708631911116796
2023-07-30,nighttime,6,0.5982552982615664,0.20967765059921442,0.12635869565217417
2023-07-31,daytime,6,0.7978839864252069,0.05714801560928713,0.5123810961799791
2023-07-31,nighttime,6,0.8725343996549629,0.02333572155727484,0.45445495271279296
2023-08-01,daytime,6,0.8776032787285121,0.02155462603472727,0.17773558034654768
2023-08-01,nighttime,6,0.9829873927469504,4.3168123902153586e-4,0.40799846183425914
2023-08-02,daytime,6,0.3911570302767629,0.4431887149676191,0.2732029117379442
2023-08-02,nighttime,6,0.7008415150303647,0.12085698485465296,0.20348837209302284
2023-08-03,daytime,6,0.39145643425416815,0.44280837654096195,0.07847844487901429
2023-08-03,nighttime,6,0.9734057633570651,0.0010514757014867858,0.49097621000820196
2023-08-04,daytime,6,0.6896952075270493,0.12949411730060814,0.09147682293957199
2023-08-04,nighttime,6,-0.640932762716714,0.1702467809882857,-0.22468354430378862
2023-08-05,daytime,6,0.7360927150532446,0.09528039997082867,0.07417586938990411
2023-08-05,nighttime,6,-0.8898022673234297,0.017546215127435132,-0.1335478680611386
2023-08-06,daytime,6,0.9195434791899401,0.009449469954590808,0.15629151206999117
2023-08-06,nighttime,6,0.9622773927103859,0.0021076531084097947,0.08352455254704143
2023-08-07,daytime,6,0.9036204596981039,0.013485888147416194,0.14390130456931283
2023-08-07,nighttime,6,0.8026165451805194,0.054595290129775556,0.07551409505651609
2023-08-08,daytime,6,0.8546159943091554,0.030168308485654913,0.09592081583683279
2023-08-08,nighttime,6,0.380362394470281,0.45697097781859675,0.10193050193050167
2023-08-09,daytime,6,0.9055082015151453,0.012971205511689994,0.11560790443228598
2023-08-09,nighttime,6,0.8722006888435175,0.023455344298172597,0.04671173939766464
2023-08-10,daytime,6,0.9421301378894141,0.004926480614518598,0.15707727096228813
2023-08-10,nighttime,6,0.958245977638587,0.002578700627494292,0.19215002180549542
2023-08-11,daytime,6,0.9010844969441488,0.014192506789063761,0.09385315371576335
2023-08-11,nighttime,6,-0.7856601542044848,0.06398879978281756,-0.07971619365609012
2023-08-12,daytime,6,0.979101574861842,6.50552627178139e-4,0.1402195537362771
2023-08-12,nighttime,6,-0.25542766091868624,0.6251909790948372,-0.014553014553013137
2023-08-13,daytime,6,0.9930928439031962,7.139844193556361e-5,0.17036283336378538
2023-08-13,nighttime,6,0.878785615113261,0.021148893594689293,0.3069254984260192
2023-08-14,daytime,6,0.9580383646606285,0.0026042256807254642,0.33840994830236026
2023-08-14,nighttime,6,0.8968582501862369,0.01540870849051194,0.11793351683252164
2023-08-15,daytime,6,0.9820524134257508,4.802831945836526e-4,0.2965290534661119
2023-08-15,nighttime,6,0.9892888263356971,1.7147941948649062e-4,0.2572175359391725
2023-08-16,daytime,6,0.9938022919114309,5.749834642944052e-5,0.4672526226254609
2023-08-16,nighttime,6,0.9707604306227998,0.0012699294057852918,0.27355410447761086
2023-08-18,daytime,6,-0.07312151951586864,0.8905132022103301,-0.02323203403002408
2023-08-18,nighttime,6,0.9810676848578046,5.342558559053049e-4,0.4264829239065269
2023-08-19,daytime,6,0.26069676199320985,0.6178136981815652,0.1168744434550302
2023-08-19,nighttime,6,0.8567436428089444,0.029313594836025816,0.15479115479115313
2023-08-20,daytime,6,0.18488718551252373,0.7258292461485183,0.0649406584992326
2023-08-20,nighttime,6,0.9261118599182478,0.007987491296276083,0.17036172695449256
2023-09-20,daytime,6,0.9451261585610012,0.0044340913438145205,0.6790324330187705
2023-09-20,nighttime,6,0.9869185492097434,2.5556725475383484e-4,0.9505494505494038
2023-09-21,daytime,6,0.9884810222930602,1.9826606270078622e-4,0.4985653255117018
2023-09-21,nighttime,6,0.9568235803825491,0.0027560600064285116,1.1334149326805085
2023-09-22,daytime,6,0.9376987879264935,0.005701252298491583,0.20268028925893922
2023-09-22,nighttime,6,0.9906824940852904,1.2981942079836928e-4,0.5623188405797134
2023-09-23,daytime,6,0.9890535829159741,1.7908024846872566e-4,0.32269181933611735
2023-09-23,nighttime,6,0.9966548927973161,1.6765897852560718e-5,0.4232341585282786
2023-09-24,daytime,6,0.999383954343537,5.691514778335455e-7,0.41994337842088786
2023-09-24,nighttime,6,0.9745562065839196,9.628439493472005e-4,0.4049423393739667
2023-09-25,daytime,6,0.9978855456767125,6.701648852923919e-6,0.3880692070905424
2023-09-25,nighttime,6,0.9938514308037119,5.659113171079158e-5,0.41153607840928075
2023-10-13,daytime,6,0.9938679867894934,5.6287092309654656e-5,0.31933915407539004
2023-10-13,nighttime,6,0.9879277485029458,2.1772918383522097e-4,0.47561040199141946
2023-10-14,daytime,6,0.9976444391504995,8.316465262272507e-6,0.4938765096104788
2023-10-14,nighttime,6,0.9568158072892566,0.002757045200221556,0.4014817213878
2023-10-15,daytime,6,0.9800874659973707,5.908157660327716e-4,0.36527057079317843
2023-10-15,nighttime,6,0.9914386188856512,1.0963210704636852e-4,0.5410900183710929
2023-10-16,daytime,6,0.9932685646934182,6.781582378695037e-5,0.3494338634727391
2023-10-16,nighttime,6,0.9720559819783536,0.0011603919180581727,0.15066837575535694
2023-10-17,daytime,6,0.991686372678683,1.0338729486409572e-4,0.3953327201018117
2023-10-17,nighttime,6,0.989948801945971,1.510321543881568e-4,0.21656330607540902
2023-10-18,daytime,6,0.9983232503971378,4.2148767643226265e-6,0.4256836361381524
2023-10-18,nighttime,6,0.9572927792877041,0.0026969130584346824,0.32674061836204704
2023-10-19,daytime,6,0.9933906533524017,6.538083508695299e-5,0.42864486281565173
2023-10-19,nighttime,6,0.9988903592456343,1.8462707538488663e-6,0.6114541196508362
2023-10-20,daytime,6,0.9650778140655994,0.0018080437713473777,0.33139067524115823
2023-10-20,nighttime,6,0.9984318548242678,3.686690841593959e-6,0.46254259250372
2023-10-21,daytime,6,0.9296221656415103,0.007255267254307766,0.7103115727003003
2023-10-21,nighttime,6,0.9984219671395534,3.7333167639571144e-6,0.5634888201296046
2023-10-22,daytime,6,0.9919483530394523,9.698253797994984e-5,1.0920029042630468
2023-10-22,nighttime,6,0.9843235598179837,3.66699916494562e-4,0.741471215351813
2023-10-23,daytime,6,0.9769538157971074,7.905696886684069e-4,0.73137183457825
2023-10-23,nighttime,6,0.9564337187814829,0.002805686433560884,1.1696428571428525
2023-10-24,daytime,6,0.9589867371403987,0.002488637642466407,0.42120571126388084
2023-10-24,nighttime,6,0.947492003540218,0.004063249910431513,0.2452591656131477
2023-10-25,daytime,6,0.9905691800549041,1.3299115697191295e-4,0.7863487939328004
2023-10-25,nighttime,6,0.5890248357034187,0.21864390553043153,0.8142076502732927
2023-10-26,daytime,6,0.9970534048768188,1.3010842437563493e-5,0.6065980495713488
2023-10-26,nighttime,6,-0.6865875088310212,0.13194823899008598,-0.048870157819224005
2023-10-27,daytime,6,0.9950418577774244,3.6813818011701326e-5,0.36852058602383464
2023-10-27,nighttime,6,-0.9385795136786318,0.005542860550354221,-0.07096392667060769
2023-10-28,daytime,6,0.9038632995500677,0.013419137320873017,0.4501438452592297
2023-10-28,nighttime,6,0.9228783316869177,0.008692277317279572,0.6980273141122895
2023-10-29,daytime,6,0.9781258523841364,7.124843480273016e-4,0.5199486635790416
2023-10-29,nighttime,6,0.9924338079668198,8.565432093604945e-5,0.42860196665241745
2023-11-15,daytime,6,0.8302804797031371,0.040762712100299074,0.7465788139888594
2023-11-15,nighttime,6,0.7550877415138398,0.08262785623285199,0.15860014892032742
2023-11-16,daytime,6,0.7668914499070026,0.07517588195685014,1.0839160839160742
2023-11-16,nighttime,6,0.9255639950204917,0.008104863768482077,0.7391705069124364
2023-11-17,daytime,6,0.7483536300185568,0.08702097741993131,0.48463356973994764
2023-11-17,nighttime,6,0.9942532494035192,4.94428199987835e-5,1.6975609756097176
2023-11-18,daytime,6,0.5636400901763597,0.24407131748593733,0.4657729268003386
2023-11-18,nighttime,6,0.9947925830204482,4.060518213640198e-5,0.9573656845753883
2023-11-19,daytime,6,0.03667677913636707,0.945009499842703,0.009286958074739839
2023-11-19,nighttime,6,0.9561860145707552,0.0028374438846290088,0.09292596348884603
2023-11-20,daytime,6,0.8184905384338819,0.04642855021724588,0.49591503267973835
2023-11-20,nighttime,6,0.9993060563389685,7.221696200357294e-7,0.3748125937031515
2023-11-21,daytime,6,0.978873840318406,6.647574773425873e-4,0.3573900148294592
2023-11-21,nighttime,6,0.9761538029846016,8.461817041507285e-4,0.22755253661642974
2023-11-22,daytime,6,0.6613765935737715,0.15258445324454276,0.17767857142856966
2023-11-22,nighttime,6,0.9789329531045593,6.61055704068501e-4,0.20084702258726916
2023-11-23,daytime,6,0.359424554027184,0.48407948098138925,0.045012547051442996
2023-11-23,nighttime,6,0.960768922830523,0.0022784262913801514,0.15384615384615624
2023-11-24,daytime,6,0.6498455621530544,0.16244630503784713,0.08346327451785236
2023-11-24,nighttime,6,0.9657162973941018,0.0017429103399730687,0.31423516603157414
2023-11-25,daytime,6,0.12062765956742591,0.8199361391313287,0.016976204294833024
2023-11-25,nighttime,6,0.9109030696966821,0.011553757052060135,0.27216793340572276
2023-11-26,daytime,6,0.8705660866718217,0.024045494778449243,0.5881786058464361
2023-11-26,nighttime,6,0.893304684023746,0.01646853178254023,0.23088842975206794
2023-11-27,daytime,6,-0.14488886682762803,0.7841875100816995,-0.11764705882355671
2023-11-27,nighttime,6,0.9888470913809082,1.8588741550951618e-4,0.5952970297029788
2023-11-28,daytime,6,0.6995051786890698,0.1218787953328197,0.20206896551723774
2023-11-28,nighttime,6,0.9978155759316246,7.15235104828751e-6,0.5809641532756439
2023-11-29,daytime,6,0.8827751342685454,0.01980707105836759,0.38527960526315697
2023-11-29,nighttime,6,0.9991572686617985,1.0649949103218364e-6,0.4727833461835015
2023-11-30,daytime,6,0.2127523720848293,0.6856864080104459,0.015926071569008753
2023-11-30,nighttime,6,0.9888792644538067,1.8481848372924154e-4,0.6775503827526972
2023-12-01,daytime,6,0.9792956666377114,6.385664726784564e-4,0.40330879958314325
2023-12-01,nighttime,6,0.9987672869996297,2.278435408085649e-6,0.26148078725398316
2023-12-02,daytime,6,0.8989372098625399,0.01480441944483622,0.30956866633613644
2023-12-02,nighttime,6,0.9906050488086977,1.3198303864018205e-4,0.49810716365754554
2023-12-03,daytime,6,0.9006938756630225,0.014302895578714708,0.2812061711079923
2023-12-03,nighttime,6,0.995910228071067,2.5055148404006714e-5,0.45144967177242884
2023-12-04,daytime,6,0.9822494398266481,4.698271352713967e-4,0.24104560037868275
2023-12-04,nighttime,6,0.9981769008822414,4.982505881246513e-6,0.4652592744414825
2023-12-05,daytime,6,0.614793478961138,0.19399684126949487,0.2890646304881303
2023-12-05,nighttime,6,0.9863566006678895,2.779437108281346e-4,0.41654247391952204
2023-12-06,daytime,6,0.38119099414034746,0.45590828749118534,0.27482775419305233
2023-12-06,nighttime,6,0.9654038982725041,0.0017746315136040675,0.2959541255176831
2023-12-07,daytime,6,0.4444858803309443,0.37717920554739587,0.22146951537258602
2023-12-07,nighttime,6,0.9962566234501556,2.0993074270164485e-5,1.4485963213939959
2023-12-08,daytime,6,-0.030662080099725646,0.9540212935294102,-0.008094357076782634
2023-12-08,nighttime,6,0.9930521969067428,7.224025967033283e-5,1.4071190211345967
2023-12-09,daytime,6,0.04270655905716562,0.9359791065971023,0.020299215712115473
2023-12-09,nighttime,6,0.9369828493046046,0.00583161628818486,0.5415819073830328
2023-12-10,daytime,6,0.641244355417975,0.1699714862888239,0.14901809780515474
2023-12-10,nighttime,6,-0.634671892819464,0.17581774926707697,-0.08815672306322347
2023-12-11,daytime,6,0.8954020122312256,0.015838918923495406,0.2597623089982976
2023-12-11,nighttime,6,0.7342540395116807,0.09654776176162574,0.14507611059335165
2023-12-12,daytime,6,0.7770013297658528,0.06904792608059451,0.7675249013343381
2023-12-12,nighttime,6,0.8986961002008358,0.014873905543172564,0.6256148660958275
2023-12-13,daytime,6,0.917796260110365,0.009858438247285746,0.41904425404116036
2023-12-13,nighttime,6,0.9230559445773241,0.008652812179026307,0.36848341232228654
2023-12-14,daytime,6,0.6787092688252702,0.13825854385083605,0.5772200772200753
2023-12-14,nighttime,6,0.9572557974438692,0.0027015520204331563,1.3220338983050846
2023-12-15,daytime,6,0.5664179876808599,0.24123477213939068,0.2610633066994453
2023-12-15,nighttime,6,0.8353947056027674,0.038412372177551564,0.26482701812191217
2023-12-16,daytime,6,0.8355526464264411,0.038340828837881515,0.24452554744524713
2023-12-16,nighttime,6,0.9378765503408858,0.005669107267344509,0.09981417573665984
2023-12-17,daytime,6,0.838349403622903,0.0370843339418113,0.20201656463809356
2023-12-17,nighttime,6,-0.21183612242986896,0.6869988409228909,-0.016975014304787133
2023-12-18,daytime,6,0.9246155818940851,0.008310018058634272,0.7159904534606117
2023-12-18,nighttime,6,0.8826715240412294,0.01984138669156366,0.1257455268389637
2023-12-19,daytime,6,-0.10778357869372651,0.8389507090349527,-0.19184123484014304
2023-12-19,nighttime,6,0.9293460647951151,0.007311616375045175,0.23041237113402438
2023-12-20,daytime,6,0.7392274038561575,0.09313694607695794,1.1105577689242931
2023-12-20,nighttime,6,0.8040089457766016,0.05385448747130192,0.5397379912663862
2023-12-21,daytime,6,0.4303564083617863,0.39431781927146237,0.6148238153098381
2023-12-21,nighttime,6,-0.2500305231671999,0.6327695771455133,-0.8205128205128713
2023-12-22,daytime,6,0.9244315509947977,0.008350115494648178,1.8946880790611638
2023-12-22,nighttime,6,0.9406371110544678,0.005181332872993932,0.8066465256797626
2023-12-23,daytime,6,-0.3934689295985586,0.4402546023431552,-1.108433734939796
2023-12-23,nighttime,6,0.9676687813750257,0.0015510635108102518,0.7990552325581417
2023-12-24,daytime,6,0.16284433383777533,0.7578926748247676,0.2768659793814416
2023-12-24,nighttime,6,0.9936206154039781,6.0915012270792776e-5,1.044765342960287
2023-12-25,daytime,6,0.17983112456830044,0.7331611134992668,0.18081146034588239
2023-12-25,nighttime,6,0.9834505025016758,4.0856246443148997e-4,0.6150948969795447
2023-12-26,daytime,6,0.19609891110759964,0.7096221038690704,0.17054751415984679
2023-12-26,nighttime,6,0.9790255601316995,6.552770791393082e-4,0.8129048126588488
2023-12-27,daytime,6,0.5541709733844071,0.2538380079184684,0.5550462340946763
2023-12-27,nighttime,6,0.08049763378076473,0.8795143563914907,0.0067985511284493014
2023-12-28,daytime,6,0.6500308208953889,0.16228580232556336,0.6738002594033674
2023-12-28,nighttime,6,0.9837790278882806,3.925458737997982e-4,0.4489213408562894
2023-12-29,daytime,6,0.7896705181413202,0.06170540696971245,0.773059360730594
2023-12-29,nighttime,6,0.9576550432239274,0.002651678773701432,0.6869619334093989
2023-12-30,daytime,6,0.8581771008304395,0.028744308007101822,0.5976638546398413
2023-12-30,nighttime,6,0.964368521280546,0.0018817845103673504,0.6809580838323356
2023-12-31,daytime,6,0.36952948034375827,0.47093578109162426,0.31286320087953506
2023-12-31,nighttime,6,0.9899725769797453,1.5031969389702208e-4,0.9716376944190331
2024-01-01,daytime,6,0.2095133001381852,0.6903284291553973,0.19302325581395036
2024-01-01,nighttime,6,0.985089623350954,3.318215652377537e-4,1.0854896223827355
2024-01-02,daytime,6,0.22129532130706087,0.6734756131458888,0.21965250058698865
2024-01-02,nighttime,6,0.9706398938448815,0.001280369311971151,1.4806234203875277
2024-01-03,daytime,6,0.12154566488541715,0.8185793209141465,0.12442857142856932
2024-01-03,nighttime,6,0.9955871053635729,2.9167491049604493e-5,0.9152500000000041
2024-01-04,daytime,6,0.184903036501879,0.7258062824921736,0.24307370622059443
2024-01-04,nighttime,6,0.9444217455931307,0.004547574532124906,0.7563482466747269
2024-01-05,daytime,6,0.6836885232939184,0.13425547721551184,0.7592055668309705
2024-01-05,nighttime,6,0.9954293560967687,3.128843636409351e-5,0.5366224550139409
2024-01-06,daytime,6,0.6960096461934603,0.12456930796263008,0.7519721774535554
2024-01-06,nighttime,6,0.9991894297456562,9.852699237295543e-7,0.7181912931932997
2024-01-07,daytime,6,0.5296399618613555,0.2798269581687452,0.49424686192468265
2024-01-07,nighttime,6,0.9958045700383004,2.6365525636974894e-5,0.5061637804520108
2024-01-08,daytime,6,0.7565777249022687,0.081669685103339107,1.1806102362204636
2024-01-08,nighttime,6,0.9558572079226981,0.002879871123209531,0.6942351168048253
2024-01-09,daytime,6,0.9653270858632933,0.0017824743831466217,1.016719515710578
2024-01-09,nighttime,6,0.9745433425257651,9.63813630542081e-4,0.8055442315531965
2024-01-10,daytime,6,0.9149208998556343,0.010549759376254306,0.8405438161985539
2024-01-10,nighttime,6,0.9995212016879601,3.4381685368288785e-7,1.0186119873817023
2024-01-11,daytime,6,0.7959646045715815,0.05819862197383296,0.4860568503300507
2024-01-11,nighttime,6,0.943611268872515,0.004679884183258342,0.5881785615872149
2024-01-12,daytime,6,0.8711684444822244,0.023827209184746585,0.9976230506116309
2024-01-12,nighttime,6,0.9896344535346746,1.6060996953122538e-4,0.9277198211624418
2024-01-13,daytime,6,0.4059597351733048,0.42451215058789554,0.3972135619641447
2024-01-13,nighttime,6,0.9611456650036404,0.0022351606169950327,0.5696815691257069
2024-01-14,daytime,6,0.6797927665074366,0.13738315688858793,0.8447179393329356
2024-01-14,nighttime,6,0.9753434206769526,9.044254103403196e-4,1.159424083769631
2024-01-15,daytime,6,0.5493854608420281,0.2588307730461456,0.6285587844814858
2024-01-15,nighttime,6,0.9694664376452325,0.0013842144489847738,1.1563558566589407
2024-01-16,daytime,6,0.9815494234135367,5.074951570805102e-4,1.1265037451766642
2024-01-16,nighttime,6,0.9891306429835265,1.7657231412851265e-4,0.4515043218085095
2024-01-17,daytime,6,0.8719566414233173,0.023543010572020587,0.8421540656205387
2024-01-17,nighttime,6,0.9069387104107174,0.012587631265409092,0.580625231681703
2024-01-18,daytime,6,0.8497554301052428,0.032164378474780896,0.9825909219058372
2024-01-18,nighttime,6,0.9436243057796324,0.0046777411998397064,0.456708806969089
2024-01-19,daytime,6,0.8717186231340892,0.02362866114572082,1.3139931740614341
2024-01-19,nighttime,6,0.9195997340548532,0.009436442335399,0.11947049089906381
2024-01-20,daytime,6,0.7676224814574852,0.07472485372496766,0.7807486631016064
2024-01-20,nighttime,6,0.99546750074107,3.076876748678575e-5,0.7405102675793398
2024-01-21,daytime,6,0.5104734518916338,0.3008002109510046,0.5614178494463781
2024-01-21,nighttime,6,0.9671532925867355,0.0016006400238988677,0.9058913542463662
2024-01-22,daytime,6,0.3773011540279878,0.4609038408402555,0.24313350847862283
2024-01-22,nighttime,6,0.9971721569720934,1.1983737584935949e-5,1.0787342249011067
2024-01-23,daytime,6,0.5718542715969313,0.2357217148214576,0.8250228728270796
2024-01-23,nighttime,6,0.9768290306736733,7.99120554170542e-4,4.414432989690695
2024-01-24,daytime,6,-0.9630474192405156,0.002023010587846604,-0.4462762175613207
2024-01-24,nighttime,6,0.8340712031212192,0.03901434229805128,0.4436906377204905
2024-01-25,daytime,6,-0.7678897597457606,0.074560256859271,-0.1109730113636373
2024-01-25,nighttime,6,-0.31471970464385346,0.543506699185331,-0.07153502235469497
2024-01-26,daytime,6,-0.48266223542677156,0.3322278278558048,-0.06409610437826725
2024-01-26,nighttime,6,0.8256151038937785,0.04296360761884008,0.1224249150308675
2024-01-27,daytime,6,-0.5412682846394571,0.26738562468436017,-0.11275387129406533
2024-01-27,nighttime,6,0.8481474491768938,0.032837996830496166,0.12773577397533054
2024-01-28,daytime,6,-0.565270366261206,0.2424050365731557,-0.11762562708444578
2024-01-28,nighttime,6,-0.3355051450462679,0.5156251330729613,-0.013338473400153273
2024-01-29,daytime,6,-0.04116988541493016,0.9382800625210849,-0.005771822319411071
2024-01-29,nighttime,6,0.5897473671509579,0.21793659350704414,0.009201109975172348
2024-01-30,daytime,6,0.8080386497379409,0.051736932737372364,0.20533511875396407
2024-01-30,nighttime,6,-0.060515569983574435,0.9093374530941888,-0.007832898172323018
2024-01-31,daytime,6,0.7318431443702381,0.09822082394112094,0.9812440191387566
2024-01-31,nighttime,6,0.9336363636363639,0.006460061232156218,0.2567500000000027
2024-02-01,daytime,6,0.8956471453142982,0.01576610126219266,0.684123763631756
2024-02-01,nighttime,6,0.9294238333954821,0.0072957231620699795,0.13960867265996815
2024-02-02,daytime,6,0.04993330083861324,0.9251622989537349,0.04160293667788228
2024-02-02,nighttime,6,0.9819686760405087,4.8476171564636286e-4,0.17810331534310272
2024-02-03,daytime,6,-0.8454855308728059,0.03396758682094316,-0.6501804571581414
2024-02-03,nighttime,6,0.5416290414554138,0.2670031322696439,0.04428105940346228
2024-02-04,daytime,6,-0.24133925871481438,0.6450194707828008,-0.11418065246087364
2024-02-04,nighttime,6,0.9800916006264587,5.905712574645553e-4,0.27861771058315393
2024-02-05,daytime,6,-0.29774832348872693,0.5665758142510349,-0.0808206755837719
2024-02-05,nighttime,6,0.9970069674721378,1.3423959411849366e-5,0.20063246661981585
2024-02-06,daytime,6,0.14587077717406133,0.7827457741241725,0.09107595489904101
2024-02-06,nighttime,6,0.99367486022996,5.98845634891836e-5,0.3927424152290283
2024-02-07,daytime,6,-0.6758453353343709,0.1405838921922879,-0.09022556390977471
2024-02-07,nighttime,6,0.977543978828893,7.507473489443942e-4,0.4433159832423502
2024-02-08,daytime,6,0.784410513947634,0.0647080665861553,0.6855314960629904
2024-02-08,nighttime,6,0.9901652800034298,1.4460696061224332e-4,0.3082772484922659
2024-02-09,daytime,6,-0.23182313399500415,0.6584946144369392,-0.2674632352941286
2024-02-09,nighttime,6,0.9951936535502321,3.459593366936487e-5,1.1928251121076228
2024-02-10,daytime,6,0.23842327141402161,0.6491417565555,0.16482243207229982
2024-02-10,nighttime,6,0.9387558942642132,0.005511402295360869,0.6665064872657354
2024-02-11,daytime,6,0.3390542662052436,0.510907066179515,0.22105263157894722
2024-02-11,nighttime,6,0.9299165079475225,0.007195429388580911,0.3370698644421266
2024-02-12,daytime,6,-0.30786939539944963,0.5527863862680652,-0.07700359373364707
2024-02-12,nighttime,6,0.9013106268720599,0.014128791419899839,0.20821971172574985
2024-02-13,daytime,6,0.849840017820359,0.03212912521295794,0.45010964912280826
2024-02-13,nighttime,6,0.747485482450087,0.0875947573410589,0.041932319764590394
2024-02-14,daytime,6,0.582961037816241,0.22461622387663158,0.08633069101895759
2024-02-14,nighttime,6,0.6697970167880062,0.14554933747620818,0.07638279192274107
2024-02-15,daytime,6,0.867449977934189,0.02518984316475489,1.3626560726447332
2024-02-15,nighttime,6,0.980999204508791,5.381154131715982e-4,0.2569099597114236
2024-02-16,daytime,6,0.9317961103039287,0.006819021431098058,2.5968612064737964
2024-02-16,nighttime,6,0.9815117293476036,5.095644328112506e-4,1.1484184914841893
2024-02-18,daytime,6,0.3919717952960371,0.44215395045224565,0.320354394963857
2024-02-18,nighttime,6,0.9988220292947716,2.080605188664788e-6,1.1210384356035066
2024-02-19,daytime,6,0.6891164432885395,0.12994965069281544,0.3545417467808629
2024-02-19,nighttime,6,0.9387960103752856,0.005504259639162007,0.5261077595173699
2024-02-21,daytime,6,0.5580176123292939,0.24985236353364143,1.2759706190975861
2024-02-21,nighttime,6,0.9026479885322347,0.013754798540363627,1.0369284876905107
2024-02-22,daytime,6,-0.19486110174873428,0.711407868109674,-0.21383883214802044
2024-02-22,nighttime,6,-0.8487039649128544,0.03260411514290236,-0.067482133040128775
2024-02-23,daytime,6,-0.40234967263354404,0.4290427315448517,-0.5455109640049812
2024-02-23,nighttime,6,0.8348908883262429,0.03864100684134327,0.44828897338403095
2024-02-24,daytime,6,0.7941177604959024,0.059217828457188454,1.4011092114590817
2024-02-24,nighttime,6,0.9628012329622899,0.0020498855389377165,0.40537017726798363
2024-02-25,daytime,6,0.7233876473144671,0.10418917726528394,0.6369279720497851
2024-02-25,nighttime,6,0.9217017086086939,0.008955925021291866,0.19770728643216331
2024-02-26,daytime,6,0.9335960347009888,0.006467826213315224,1.0305222300635168
2024-02-26,nighttime,6,0.9170211466192558,0.010042560125495521,0.270125014604511
2024-02-27,daytime,6,0.8428386440813089,0.035108619164727,1.3567839195979932
2024-02-27,nighttime,6,0.9685217603198756,0.001470723787686869,0.5499226671249358
2024-02-28,daytime,6,0.9452617197627843,0.004412413396357295,1.248978108820056
2024-02-28,nighttime,6,0.1682383819720275,0.7500233495080427,0.8674698795181595
2024-02-29,daytime,6,0.9418431198017668,0.004974984310985163,0.6503217897640208
2024-02-29,nighttime,6,0.8083629266970367,0.05156823828058212,0.38111137610303425
2024-03-01,daytime,6,0.1260548263384947,0.8119192546948855,0.05073318104782095
2024-03-01,nighttime,6,0.9732467476059836,0.0010640306306881613,0.3310097315204644
2024-03-02,daytime,6,0.8515473081645127,0.031421487386034064,0.6179495169834842
2024-03-02,nighttime,6,0.9709676420091102,0.0012520813505981021,0.18216824644549987
2024-03-03,daytime,6,0.8638065904727885,0.026559865609351658,0.40995600122787323
2024-03-03,nighttime,6,0.9943260582671144,4.819908983503128e-5,0.6391231028667783
2024-03-04,daytime,6,0.9687379535160893,0.0014506968834608572,0.5750179262871055
2024-03-04,nighttime,6,0.8816089169872403,0.02019496154426111,0.37896631524813534
2024-03-05,daytime,6,0.467530746772235,0.3498014837909575,0.23466014281935904
2024-03-05,nighttime,6,0.9974757212973988,9.549932122158784e-6,1.51477310736982
2024-03-06,daytime,6,0.2910124439200078,0.5758040003329671,0.3209059445017942
2024-03-06,nighttime,6,0.9933731076022059,6.572804195922608e-5,0.9214669383219072
2024-03-07,daytime,6,0.7492404721657845,0.08643658891497202,0.5182496320135711
2024-03-07,nighttime,6,0.9948340174831467,3.996212978937377e-5,1.1896120150187715
2024-03-08,daytime,6,0.6695056849987591,0.1457903710044405,0.3983719782930438
2024-03-08,nighttime,6,0.5951257432813265,0.21270061108841165,0.1587947882736161
2024-03-09,daytime,6,0.92704299921028,0.007789920958115872,0.6289397467204353
2024-03-09,nighttime,6,-0.8866875417364835,0.018532120063665617,-0.47358607830950455
2024-03-11,daytime,6,0.8866170707800588,0.018554725140255298,0.27149903495603706
2024-03-11,nighttime,6,0.9810248798703025,5.36666730720419e-4,0.21295876755777213
2024-03-12,daytime,6,0.9911384388330466,1.1744296238661909e-4,0.3907245362268102
2024-03-12,nighttime,6,0.9890720491633659,1.7847765568914457e-4,0.9663077457450555
2024-03-13,daytime,6,0.7691948377985665,0.07375892080784469,0.21170813918905396
2024-03-13,nighttime,6,0.9908716525829458,1.24609772195047e-4,0.7432364729458928
2024-03-14,daytime,6,0.9072341729645191,0.012509099897982639,0.22204226340019909
2024-03-14,nighttime,6,0.9897937419353697,1.5571997428985733e-4,0.5567818925429977
2024-03-15,daytime,6,0.9426508829794316,0.004839073470512539,0.42044557130387816
2024-03-15,nighttime,6,0.984504636780842,3.582991549205283e-4,0.4261284993525919
2024-03-16,daytime,6,0.9913481922078053,1.1195685685941679e-4,0.5021208132221723
2024-03-16,nighttime,6,0.9495255860270506,0.0037572037129362653,1.1302652106084212
2024-03-17,daytime,6,0.9566541535958584,0.0027775731602240504,0.39629156573441926
2024-03-17,nighttime,6,-0.5063450423947559,0.30539214970246015,-0.11279057646200401
2024-03-18,daytime,6,0.018276954523539814,0.9725876208962132,0.05655172413786917
2024-03-18,nighttime,6,0.8529308849374669,0.030853484093365722,0.25513905683192717
2024-03-19,daytime,6,0.9966924840450967,1.6391401134951115e-5,0.41752383812598537
2024-03-19,nighttime,6,0.906732857243968,0.012642485635280672,0.6834369700395724
2024-03-20,daytime,6,0.9170130274860716,0.010044497508940126,0.7972763316669582
2024-03-20,nighttime,6,0.9961359681320653,2.2367266982638452e-5,0.47224579867594735
2024-03-21,daytime,6,0.22019825825979514,0.6750410191349563,0.13796483136350016
2024-03-21,nighttime,6,0.9951046894607255,3.588744214324341e-5,0.9693829486575598
2024-03-22,daytime,6,0.33612353554570107,0.5148021523774023,0.09789396351169263
2024-03-22,nighttime,6,0.9936844694728283,5.970293836833475e-5,0.3971429730936239
2024-03-23,daytime,6,0.8448286167596561,0.03424911671000162,0.5794280836534608
2024-03-23,nighttime,6,0.994822857498081,4.0134825758629076e-5,0.33265258760733396
2024-03-24,daytime,6,0.9502132538913676,0.003656376428278195,0.2708300936149027
2024-03-24,nighttime,6,0.33947994488817435,0.5103420429742545,1.5471124620061405
2024-03-25,daytime,6,0.9794406108986679,6.296876118632164e-4,0.6981930365799903
2024-03-25,nighttime,6,0.8944800238491837,0.016114243790321232,0.25348616485361897
2024-03-26,daytime,6,0.9234057657343782,0.008575338278474441,0.3379916328632635
2024-03-26,nighttime,6,0.9590564065357963,0.00248024830213834,0.23744859902457957
2024-03-27,daytime,6,0.6978575522581383,0.12314378719196133,0.13504057172634373
2024-03-27,nighttime,6,0.9706814167709802,0.0012767681598802767,0.3596665072097328
2024-03-28,daytime,6,0.9753152265789388,9.064863725607849e-4,0.2787099494097806
2024-03-28,nighttime,6,-0.4290914606775666,0.39586485763878587,-0.04412955465586877
2024-03-29,daytime,6,0.9580689489342861,0.0026004577047580813,0.4355999007745083
2024-03-29,nighttime,6,0.9982482236668456,4.600392626283618e-6,0.585882195806064
2024-03-30,daytime,6,0.8262845307145718,0.042644484963007004,0.23755392727521654
2024-03-30,nighttime,6,0.9964429190628812,1.8956733628884702e-5,0.5811131059245944
2024-03-31,daytime,6,0.8581073941898617,0.02877186916403474,0.986151603498554
2024-03-31,nighttime,6,0.9933604770782627,6.597855101943089e-5,0.7091299019607802
2024-04-01,daytime,6,0.5507384077525799,0.2574153909181274,0.053069533230955944
2024-04-01,nighttime,6,0.8944497926092433,0.016123310102654123,1.126696832579175
2024-04-02,daytime,6,0.48468389655390753,0.32990475719649553,0.04826629680998461
2024-04-02,nighttime,6,0.9517412196883596,0.003437169640686851,0.22827417380661266
2024-04-03,daytime,6,0.13329933157625937,0.8012352813384784,0.015808026358822766
2024-04-03,nighttime,6,0.7844840030059699,0.06466566606367022,0.14114505308409128
2024-04-04,daytime,6,0.6030150719234287,0.20511372625083618,0.11460560823078335
2024-04-04,nighttime,6,-0.845172198563623,0.03410173336055259,-0.2730826507818298
2024-04-05,daytime,6,0.7274595574705303,0.10129551982428651,0.1867879850092284
2024-04-05,nighttime,6,0.9734916698586792,0.0010447237603006796,0.18340008286148396
2024-04-06,daytime,6,0.9837026246547719,3.9624233706324086e-4,0.3038516056503262
2024-04-06,nighttime,6,0.9643692699049895,0.001881705913073211,0.4370498799679927
2024-04-07,daytime,6,0.940359526534492,0.0052294089459676805,0.21523518452617607
2024-04-07,nighttime,6,0.9518439727635232,0.003422667453968087,0.4821968062149295
2024-04-08,daytime,6,0.9662685488833813,0.0016875261870530655,0.2564059399987979
2024-04-08,nighttime,6,0.9988827515017601,1.8716690107463193e-6,0.3539894151537482
2024-04-09,daytime,6,-0.2730529893273568,0.6005996495212294,-0.07211858760826333
2024-04-09,nighttime,6,0.9641353821844575,0.0019063404110595057,0.3424528301886805
2024-04-10,daytime,6,0.9653574873315758,0.001779368222435016,0.17383424964365748
2024-04-10,nighttime,6,0.9796768498692204,6.153486071259908e-4,0.19683179323282143
2024-04-11,daytime,6,0.9941611840822828,5.1038129192955374e-5,0.2856908865986486
2024-04-11,nighttime,6,0.9891819138229713,1.7491345714075972e-4,0.34198068547623717
2024-04-12,daytime,6,0.978466774875107,6.905274158286097e-4,0.7124612792782997
2024-04-12,nighttime,6,0.9822422323580066,4.7020761520729883e-4,0.27825385623550736
2024-04-13,daytime,6,0.9049785517528498,0.013114635519274144,0.9815492469473456
2024-04-13,nighttime,6,0.9960845224553297,2.2966432580796484e-5,1.1447506103941347
2024-04-14,daytime,6,0.9746896765451604,9.528116556275715e-4,0.337253580948474
2024-04-14,nighttime,6,0.9948629501526284,3.951614017525915e-5,0.9184764670935353
2024-04-15,daytime,6,0.9560463587135851,0.0028554263574137144,0.4757306889352781
2024-04-15,nighttime,6,0.9889821332648203,1.814213330088486e-4,1.464451672862449
2024-04-16,daytime,6,0.5932759264907883,0.21449565040862348,0.19724122462711402
2024-04-16,nighttime,6,0.9912993620480838,1.1322232722030476e-4,0.58205148641109306
2024-04-17,daytime,6,0.7224001968723643,0.1048963265137333,0.24908712259173138
2024-04-17,nighttime,6,0.9775541701336193,7.500686415743411e-4,0.7621578023437862
2024-04-18,daytime,6,-0.5273626931993608,0.28228875134155734,-0.11704274815323126
2024-04-18,nighttime,6,0.4159396015867815,0.41207056943435316,0.06004135227303404
2024-04-19,daytime,6,0.8730497851732457,0.02315154807232287,0.2860191432606298
2024-04-19,nighttime,6,0.8449481271919147,0.034197817399942564,0.27705031013094156
2024-04-20,daytime,6,0.9832681838276299,4.17588441947072e-4,0.4563801827952785
2024-04-20,nighttime,6,0.9629018713279267,0.00203887818433139,1.402649581930702
2024-04-21,daytime,6,0.9874207279259574,2.3636186890159768e-4,0.7479843267274513
2024-04-21,nighttime,6,0.9769226551122918,7.927006908126105e-4,0.8415218693828648
2024-04-22,daytime,6,0.990815951096116,1.2613280904535514e-4,0.4383886255924174
2024-04-22,nighttime,6,0.9899424561502399,1.5122260109261506e-4,1.0282879874275537
2024-04-23,daytime,6,0.8614251868748662,0.027473943647407344,0.328387220412297
2024-04-23,nighttime,6,0.9879493932820499,2.1695070619145857e-4,0.6000695531211946
2024-04-24,daytime,6,0.8313300391559513,0.0402750408144724,0.22182907781071667
2024-04-24,nighttime,6,0.9834200398981299,4.100637407651459e-4,1.2638416949830102
2024-04-25,daytime,6,0.9839973727513855,3.8207710925801044e-4,0.8543972044263295
2024-04-25,nighttime,6,0.9916190914120472,1.0506510718548878e-4,0.9866940335480212
2024-04-26,daytime,6,0.9755325993254734,8.906567937319165e-4,0.24071743604822188
2024-04-26,nighttime,6,0.9973860833526099,1.0239910487777415e-5,0.42274400557158537
2024-04-27,daytime,6,0.9861503764629779,2.863898456815151e-4,0.3849291541434085
2024-04-27,nighttime,6,0.9925571126187058,8.2888703630466e-5,0.5145997745208547
2024-04-28,daytime,6,0.9971778524086804,1.1935537019514252e-5,0.36479307902458735
2024-04-28,nighttime,6,0.9848516026857019,3.4247283057052243e-4,0.6721145012330139
2024-04-29,daytime,6,0.8351252887284166,0.03853455571968882,0.1477127703169454
2024-04-29,nighttime,6,0.998069895108237,5.584362225212518e-6,0.5642510565033667
2024-04-30,daytime,6,0.9203741669051471,0.009257985172450578,0.11429852084267066
2024-04-30,nighttime,6,0.6778379441687339,0.13896424474420963,0.06451794987581945
2024-05-01,daytime,6,0.9399536792113111,0.005300090634973196,0.2565326851289178
2024-05-01,nighttime,6,0.9808600805275892,5.459989503940354e-4,0.3194572926302785
2024-05-02,daytime,6,0.981653042624382,5.01828375001947e-4,0.2767217201620431
2024-05-02,nighttime,6,0.9825273472355237,4.552732474568655e-4,0.3874519846350858
2024-05-03,daytime,6,0.9840505590544302,3.7954835310661893e-4,0.3102037887485645
2024-05-03,nighttime,6,0.9072488141716218,0.012505214570978257,0.16629147499265895
2024-05-04,daytime,6,0.8349718770797591,0.03860421086635335,0.1523614750431386
2024-05-04,nighttime,6,-0.7276177073149496,0.10118386108333449,-0.0731540759709743
2024-05-05,daytime,6,0.5875691152516472,0.22007176311146748,0.06751915839114743
2024-05-05,nighttime,6,0.8978214498764049,0.01512728882430269,0.39039921626254587
2024-05-06,daytime,6,0.9177342671455759,0.009873103326645417,0.16449038810301148
2024-05-06,nighttime,6,0.9647003772667796,0.0018471022643165415,0.4935709586747164
2024-05-07,daytime,6,0.9181146605111233,0.009783284084396757,0.0929665520475153
2024-05-07,nighttime,6,0.9898053035346163,1.5536797727129775e-4,0.25045334077277226
2024-05-08,daytime,6,0.6181592083196481,0.1908669352368923,0.06755726971586637
2024-05-08,nighttime,6,0.9938955854550215,5.5782078329228787e-5,0.32581736189402566
2024-05-09,daytime,6,0.9708588070302409,0.0012614402080201074,0.10636709204452914
2024-05-09,nighttime,6,0.9389274914594136,0.005480881261489921,0.28168761220825966
2024-05-10,daytime,6,0.881048206074922,0.02038273797158492,0.2056800532504994
2024-05-10,nighttime,6,0.9976087603627565,8.570203917678752e-6,0.33231694754625224
2024-05-11,daytime,6,0.9084893402390292,0.01217813695246017,0.44846342126733696
2024-05-11,nighttime,6,0.9789612637139963,6.592864654200153e-4,0.5171237204599989
2024-05-12,daytime,6,0.9360365289675626,0.006006140745678173,0.27333333333333293
2024-05-12,nighttime,6,0.9559451674666023,0.002868490972123118,0.5892740353171999
2024-05-13,daytime,6,0.923504189065693,0.008553601844421797,0.19412001610954466
2024-05-13,nighttime,6,0.9770755416817674,7.822724294407762e-4,0.19836746700003732
2024-05-14,daytime,6,0.9819055728550138,4.8815030779926315e-4,0.2833973128598855
2024-05-14,nighttime,6,0.9783220370976924,6.998075066621115e-4,0.24782416285587708
2024-05-15,daytime,6,0.9466121755898098,0.004199305108143743,0.26100246507806013
2024-05-15,nighttime,6,0.9244697746427257,0.008341779434665896,0.9276018099547445
2024-05-16,daytime,6,0.9882156483423625,2.0748816396678565e-4,0.27187646233036866
2024-05-16,nighttime,6,0.7856983584298615,0.06396686818271081,0.09646220412318635
2024-05-17,daytime,6,0.8809680064565686,0.02040966395680582,0.39468946894689483
2024-05-17,nighttime,6,0.9702741053084737,0.0013123098942638754,0.29736951040529785
2024-05-18,daytime,6,0.9958557034360406,2.5727201466308452e-5,0.30730994672985434
2024-05-18,nighttime,6,0.9863043859644101,2.8007032362499106e-4,0.18504632355219483
2024-05-19,daytime,6,0.8184310976686091,0.04645798426382087,0.15351849690745725
2024-05-19,nighttime,6,0.9311918683435051,0.0069389503941998795,0.2077547658272517
2024-05-20,daytime,6,0.8232673780389537,0.04409155905640564,0.1467345386955041
2024-05-20,nighttime,6,0.9986706691447225,2.649506240271358e-6,0.4489476350573409
2024-05-21,daytime,6,0.9915820495785275,1.0599457801211131e-4,0.3331663326653313
2024-05-21,nighttime,6,0.9933437536749111,6.631096816640978e-5,0.30807646305894154
2024-05-22,daytime,6,0.9353307296275237,0.006137944648111601,0.2541821561338311
2024-05-22,nighttime,6,0.9970835677840694,1.274596233597739e-5,0.5387790571366499
2024-05-23,daytime,6,0.9133026907864445,0.010948808294383256,0.29167698786227275
2024-05-23,nighttime,6,0.9957857097235784,2.6602940392203677e-5,0.20147344409851659
2024-05-24,daytime,6,0.7763091262260153,0.06945993249786588,0.14421402564508434
2024-05-24,nighttime,6,0.980830804018769,5.476651739271362e-4,0.21669004207573583
2024-05-25,daytime,6,0.8180858648282501,0.04662910913033567,0.16119778362871776
2024-05-25,nighttime,6,0.9802698239946436,5.800794878729241e-4,0.17459002815968164
2024-05-26,daytime,6,0.9838536446132317,3.889524723001757e-4,0.22482661424915526
2024-05-26,nighttime,6,0.9755923672464327,8.863285944627696e-4,0.24821455705819656
2024-05-27,daytime,6,0.7162040978029336,0.10938169398319235,0.11309865625358723
2024-05-27,nighttime,6,0.9831796996162296,4.2200433674068104e-4,0.23236594272535005
2024-05-28,daytime,6,0.895824352464269,0.015713561787983197,0.153810504634397
2024-05-28,nighttime,6,0.9555626044500303,0.0029181483195982265,0.35405914141720757
2024-05-29,daytime,6,0.985033830965121,3.343032155889253e-4,0.23104342190538021
2024-05-29,nighttime,6,0.9593495162233442,0.002445106060482316,0.3955039525691689
2024-05-30,daytime,6,-0.3874929329317813,0.44785178232216444,-0.06493464683536224
2024-05-30,nighttime,6,0.8119596157401764,0.04971430169701087,0.2903908389345282
2024-05-31,daytime,6,0.4736612482184104,0.3426422571492467,0.03656719506642811
2024-05-31,nighttime,6,0.9659076337757394,0.0017236215536192872,0.22427655855505885
2024-06-01,daytime,6,0.9815698966046906,5.063730020092602e-4,0.14496933137547768
2024-06-01,nighttime,6,0.9679334084721666,0.0015259129407322633,0.13968253968253994
2024-06-02,daytime,6,0.8397195045437053,0.03647596591636865,0.18519763377252002
2024-06-02,nighttime,6,0.731926078293331,0.0981630590229019,0.17541136293076515
2024-06-03,daytime,6,0.966339851816952,0.0016804397957719023,0.22828103964778845
2024-06-03,nighttime,6,0.5258355491173523,0.2839442362409259,0.06931910721111605
2024-06-04,daytime,6,0.9231079966443413,0.008641262891747914,0.2061139178826957
2024-06-04,nighttime,6,0.8666842241943641,0.02547492707189063,0.09513795423956989
2024-06-05,daytime,6,0.9263227311224486,0.007942537292882516,0.20414584490098142
2024-06-05,nighttime,6,0.8371659550955177,0.037613622929819505,0.13064030941125998
2024-06-12,daytime,6,0.93005284213011985,0.007167795437650538,0.19442495770230608
2024-06-12,nighttime,6,0.9015372206376404,0.014065084048374872,0.08603129717942026
2024-06-13,daytime,6,0.5017933989956986,0.31048484122384395,0.14137890255439892
2024-06-13,nighttime,6,0.9971724151987263,1.1981550108963373e-5,0.29619020338012086
2024-06-14,daytime,6,0.9431490571175417,0.004756172591813946,0.20172205787568837
2024-06-14,nighttime,6,0.9821780552130778,4.736022556394218e-4,0.25932835820895406
2024-06-15,daytime,6,0.9696816736381654,0.0013648670534320575,0.22320069580343624
2024-06-15,nighttime,6,0.976790818742083,8.017481424800111e-4,0.23226447219069365
2024-06-16,daytime,6,0.9190859458828052,0.009555750669760128,0.2084206116464187
2024-06-16,nighttime,6,0.9579324228441408,0.002617298474637205,0.28509444712275983
2024-06-17,daytime,6,0.8208019463253133,0.04529071486864174,0.10499572370075852
2024-06-17,nighttime,6,0.9527529199121966,0.0032956953538979205,0.10579294174718086
2024-06-18,daytime,6,0.9113162774088477,0.011448463990596935,0.1426410360476688
2024-06-18,nighttime,6,0.8558475266662391,0.02967216379842193,0.05180670439703952
2024-06-19,daytime,6,0.962757759791439,0.0020546494794949116,0.2302981580876268
2024-06-19,nighttime,6,0.8968415818662907,0.015413600481436035,0.052228884608080395
2024-06-20,daytime,6,0.9506646118507591,0.0035909300988088105,0.4119718309859216
2024-06-20,nighttime,6,-0.5794945672638981,0.22805932993311417,-0.00736434108526988
2024-06-21,daytime,6,0.8834010569223997,0.01960037069620269,0.141212744090441
2024-06-21,nighttime,6,0.6708350950348604,0.14469186985125926,0.26154992548435557
2024-06-22,daytime,6,0.10748470525737336,0.839393825464355,0.013991646778041922
2024-06-22,nighttime,6,0.7641059322432319,0.07690573483571433,0.2923766816143514
2024-06-23,daytime,6,0.8851118362424822,0.019040714152003927,0.13057049377608757
2024-06-23,nighttime,6,0.9465985006065858,0.004201437140601722,0.3751622674167008
2024-06-24,daytime,6,0.44062570863974554,0.38183540134930893,0.05221665443171216
2024-06-24,nighttime,6,0.9558568220565811,0.0028799210952063134,0.15080291970803097
2024-06-25,daytime,6,-0.07240675434567674,0.891579673305428,-0.0060593061290161775
2024-06-25,nighttime,6,0.9517960679748592,0.0034294248063516182,0.27845149253731305
2024-06-26,daytime,6,0.810450954254295,0.05048812237585831,0.45164772951693904
2024-06-26,nighttime,6,0.8971460335605674,0.015324364730272877,0.20742202921437045
2024-06-27,daytime,6,0.26256566971696815,0.615202230016143,0.04122976845039707
2024-06-27,nighttime,6,-0.6491807012089084,0.16302287177205205,-0.052515337423309806
2024-06-28,daytime,6,0.8084976228244085,0.051498241992164136,0.1548064553853357
2024-06-28,nighttime,6,0.9484876433123253,0.0039119397284439455,0.47463175122748597
2024-06-29,daytime,6,0.7447200587454444,0.08943375035389059,0.18387859676783863
2024-06-29,nighttime,6,0.7617169085174974,0.07840352975718098,0.20414889492051222
2024-06-30,daytime,6,0.8025505350737477,0.054630525631078675,0.21640570226688535
2024-06-30,nighttime,6,0.9935491409516297,6.228615201543153e-5,0.23080433542498344
2024-07-01,daytime,6,0.2219510565278133,0.6725403218107859,0.03812882619110901
2024-07-01,nighttime,6,0.99646783972067,1.8692200466562024e-5,0.19404738594086485
2024-07-02,daytime,6,0.7082014384189219,0.11529680221037539,0.18759153241911708
2024-07-02,nighttime,6,0.8839660318008036,0.0194146888491581,1.5176358436605866
2024-07-03,daytime,6,0.6913110899062134,0.12822596024428368,0.10792627196100234
2024-07-03,nighttime,6,0.8224802169864455,0.04447279531720751,0.614093959731544
2024-07-04,daytime,6,0.7260312913734274,0.10230639140407953,0.4553028988022911
2024-07-04,nighttime,6,0.8354059176175184,0.03840729134678817,0.22105526381595467
2024-07-12,daytime,6,0.9991482952085801,1.0877926638157236e-6,0.2992288625722946
2024-07-12,nighttime,6,-0.4194550623983847,0.40771740291502756,-0.8749999999997036
2024-07-13,daytime,6,0.998053409139367,5.680135941453335e-6,0.23686743962161552
2024-07-13,nighttime,6,0.9930840937280908,7.157924627568035e-5,0.4281510544384406
2024-07-14,daytime,6,0.2496007074901377,0.633374064848104,0.46024096385541596
2024-07-14,nighttime,6,0.9977700399145186,7.4535384884911255e-6,0.577072180173523
2024-07-15,daytime,6,0.89368796551939,0.01635259048766549,0.20535302261190602
2024-07-15,nighttime,6,-0.9878752778816574,2.1962210872199047e-4,-0.5254833040421721
2024-07-16,daytime,6,0.9981570199004912,5.091733560115988e-6,0.27818349186867164
2024-07-16,nighttime,6,0.6814341341018559,0.13606161361051877,0.4773869346733719
2024-07-17,daytime,6,0.9934750703382192,6.372316215220861e-5,0.41217510259918094
2024-07-17,nighttime,6,0.8348280980318631,0.03866954593679812,0.9554794520547703
2024-07-18,daytime,6,0.8577691526097809,0.028905783356813902,0.2098969830757911
2024-07-18,nighttime,6,0.9903965835468717,1.37895570899744e-4,0.3229178902854432
2024-07-19,daytime,6,0.9932244354004419,6.870688622054129e-5,0.18970183810341662
2024-07-19,nighttime,6,0.9620589824178551,0.0021319727804738472,0.24476397429377159
2024-07-20,daytime,6,0.958352104160387,0.002565700720663334,0.13762707636015775
2024-07-20,nighttime,6,0.9415974517783992,0.005016685069301784,0.20179666958807999
2024-07-21,daytime,6,0.7635803995222219,0.07723409576899985,0.24112607099143202
2024-07-21,nighttime,6,0.9837658240390623,3.9318345758497866e-4,0.2940112176587664
2024-07-22,daytime,6,0.12124262841140958,0.8190271770585256,0.0624403284322989
2024-07-22,nighttime,6,-0.22370941018061224,0.670033754137307,-0.04613426662424358
2024-07-24,daytime,6,0.9320336386408418,0.006772156616818495,0.1825307950727874
2024-07-24,nighttime,6,-0.9764518966131842,8.252408929093028e-4,-0.7142857142857073
2024-07-25,daytime,6,0.39176529959859835,0.4424161294814727,0.023389939122075896
2024-07-25,nighttime,6,0.9114654303753,0.011410571669866957,1.4999999999999825
2024-07-26,daytime,6,0.9689497924128014,0.0014312050952946717,0.2917172620949705
2024-07-26,nighttime,6,-0.8724826190870244,0.023354263834379035,-0.1940874035989701
2024-07-27,daytime,6,0.9963242318303139,2.0242075304807644e-5,0.1188376569804746
2024-07-27,nighttime,6,-0.1091086853357165,0.8369864253641218,-0.008095199546665814
2024-07-28,daytime,6,0.9943067714993372,4.852700925826938e-5,0.22398240525292418
2024-07-28,nighttime,6,0.9806902763003618,5.556981798255478e-4,0.2676088443127391
2024-07-29,daytime,6,0.9979312098215918,6.4154121033205e-6,0.32137511693171245
2024-07-29,nighttime,6,0.9939778924332171,5.428947110614696e-5,0.29033515198752763
2024-07-30,daytime,6,0.9908622690783638,1.2486569788860443e-4,0.3232048798871183
2024-07-30,nighttime,6,0.9660338543401287,0.001710955221474644,0.25297885970531725
2024-07-31,daytime,6,0.9822869993074781,4.6784685983095454e-4,0.35445731851501544
2024-07-31,nighttime,6,0.9882443950078502,2.0647909459704924e-4,0.6444174757281524
2024-08-01,daytime,6,0.6467482947269679,0.16513958174917232,1.1081836756640526
2024-08-01,nighttime,6,0.9992388704789018,8.687567537584996e-7,0.6536903594422844
2024-08-02,daytime,6,0.8999859745394224,0.014503997521826522,0.7781784463218714
2024-08-02,nighttime,6,-0.9664041686329424,0.0016740603583196333,-0.3639607493309476
2024-08-03,daytime,6,0.9997572414281738,8.8390433202059215e-08,0.5360256919384653
2024-08-03,nighttime,6,0.9669464474750795,0.0016207498816905586,0.48685631976953686
2024-08-04,daytime,6,0.9927739013077883,7.813609266484985e-5,0.5544913655492709
2024-08-04,nighttime,6,0.977698678491848,7.404776421973446e-4,0.4005876591576864
2024-08-05,daytime,6,0.21063202076545376,0.6887244029785127,0.1667065868263515
2024-08-05,nighttime,6,0.9654688172492706,0.0017680163375078332,0.25121032813340555
2024-08-06,daytime,6,0.9949367030062665,3.839056085724091e-5,0.2211710417805615
2024-08-06,nighttime,6,-0.9425338820289266,0.004858645319190338,-0.2233906633906626
2024-08-07,daytime,6,0.9373367634564013,0.005766992544302692,0.12405766961946807
2024-08-07,nighttime,6,0.37659078387193157,0.46181799313664845,0.2579617834394874
2024-08-08,daytime,6,0.9796103333641424,6.19369373514471e-4,0.3228351677496357
2024-08-08,nighttime,6,0.8470761707933703,0.033290431100645015,0.10250543416085423
2024-08-09,daytime,6,0.9779186566679872,7.259953111388456e-4,0.23913577215811202
2024-08-09,nighttime,6,0.9663376238523947,0.0016806609973740473,0.21174043510877658
2024-08-10,daytime,6,0.96827093789572,0.0014941287200256406,0.16409193669932037
2024-08-10,nighttime,6,0.9492158975697487,0.0038030508530697595,0.10288358846564773
2024-08-11,daytime,6,0.909052630880535,0.012031003801077477,0.13993937457359198
2024-08-11,nighttime,6,0.9592448414529917,0.0024576276105889544,0.13683325745105587
2024-08-12,daytime,6,0.9748235476284675,9.428015365998192e-4,0.32977366911061756
2024-08-12,nighttime,6,0.7127956284069057,0.11188430628236523,0.05673963133640633
2024-08-13,daytime,6,0.9840305294328247,3.8049968624114227e-4,0.5916987355689967
2024-08-13,nighttime,6,0.9624307878189715,0.0020906551042887377,0.48333045430989563
2024-08-14,daytime,6,0.9266835623235845,0.007865901125388321,0.32836581826738426
2024-08-14,nighttime,6,0.9996840448631198,1.4972570225232945e-7,0.6146682188591395
2024-08-15,daytime,6,0.477896136108953,0.3377278827148737,0.14215564987343143
2024-08-15,nighttime,6,0.9867608924931356,2.6175071591750816e-4,0.5353594389246056
2024-08-16,daytime,6,0.9256821408476417,0.008079482157526902,0.2588635962023482
2024-08-16,nighttime,6,0.9845017861280437,3.584306559330701e-4,0.31438331718757917
2024-08-17,daytime,6,0.8588536793466607,0.028477447219874354,0.326014202922212
2024-08-17,nighttime,6,0.9933307779968473,6.656946462178429e-5,0.35203301033891304
2024-08-18,daytime,6,0.98638176140391,2.769218387849345e-4,0.4252545001011261
2024-08-18,nighttime,6,0.938608305317215,0.005537719451754371,0.38408876298394734
2024-08-19,daytime,6,0.9829476751880208,4.336934195461461e-4,0.39383702051593317
2024-08-19,nighttime,6,0.9922282591867948,9.036522650272446e-5,0.4355114608279133
2024-08-20,daytime,6,0.9811696900451569,5.285324284464631e-4,0.34011621937948
2024-08-20,nighttime,6,0.9970388682167,1.3139470109067797e-5,0.2981761100313927
2024-08-21,daytime,6,0.9610331442183628,0.0022480398285482177,0.3027682425563887
2024-08-21,nighttime,6,0.9220688314256418,0.008873252154482487,0.31697184182182075
2024-08-22,daytime,6,0.954052617046567,0.003118241815952589,0.2933594327079336
2024-08-22,nighttime,6,0.9553145575653512,0.0029505694536512217,0.35148624667257755
2024-08-23,daytime,6,0.9636796737106419,0.001954792881025167,0.37578500184706537
2024-08-23,nighttime,6,0.9617884126375454,0.002162291258329286,0.44240897641401294
2024-08-24,daytime,6,0.9500254224458127,0.003683782888286684,0.24297476681103944
2024-08-24,nighttime,6,0.9925734975249599,8.252461179862558e-5,0.25136492683992256
2024-08-25,daytime,6,0.9308916553802832,0.006998915485438085,0.25008213777242333
2024-08-25,nighttime,6,0.7910788386793338,0.06091257665156572,0.5755467196819166
2024-08-26,daytime,6,0.8742367510874554,0.0227300315689361,0.19531562791938897
2024-08-26,nighttime,6,0.9499406654652226,0.0036961826924432474,1.002652519893882
2024-08-27,daytime,6,0.8918178850548919,0.016922007332027044,0.20131578947368164
2024-08-27,nighttime,6,0.6290491362258598,0.18088455289752936,0.18075313807531893
2024-08-28,daytime,6,0.7776068163721856,0.06868845018331989,0.11467097621332202
2024-08-28,nighttime,6,0.9751272678152867,9.202854167150969e-4,0.18624063598838192
2024-08-29,daytime,6,0.7911281669931817,0.060884891980343754,0.2518952187945638
2024-08-29,nighttime,6,0.9608571719605367,0.0022682549233704686,0.4378217821782155
2024-08-30,daytime,6,0.5642654413531185,0.2434316233370744,0.10474561778537665
2024-08-30,nighttime,6,0.973440112140307,0.0010487734251320114,0.14983191932127438
2024-08-31,daytime,6,-0.651114917935918,0.1613479149969095,-0.12833629893238596
2024-08-31,nighttime,6,0.8525056126142868,0.03102755118512,0.12248253185367883
2024-09-01,daytime,6,0.7846430166466618,0.06457396446409695,0.19712242251871714
2024-09-01,nighttime,6,-0.9529604133488101,0.003267041287591711,-0.18570738532262837
2024-09-02,daytime,6,0.13768308781889108,0.794780372132083,0.04285847386564731
2024-09-02,nighttime,6,-0.9939729131891608,5.4379193837108096e-5,-1.7535996284254536
2024-09-03,daytime,6,-0.5986837018326848,0.209265204477065,-0.06556503198294492
2024-09-03,nighttime,6,-0.3304576938458905,0.5223568272632402,-1.075005151452686
2024-09-04,daytime,6,-0.9808019558191134,5.493094879364819e-4,-0.4027918781725943
2024-09-04,nighttime,6,-0.873426729323646,0.023017287199656337,-0.27245508982035566
2024-09-05,daytime,6,0.7764618555347312,0.0693689305183486,0.15393013100436367
2024-09-05,nighttime,6,NA,NA,-0
2024-09-06,daytime,6,0.9312729260080483,0.0069228029509235,0.407582938388635
2024-09-06,nighttime,6,-0.5152894547735346,0.2954764760384809,-0.03199074966274739
2024-09-07,daytime,6,0.7359132168788985,0.09540379589153941,0.7176562094892472
2024-09-07,nighttime,6,0.8812660627231679,0.020309681236736415,0.19884726224784027
2024-09-08,daytime,6,0.7925966652814541,0.06006336909992331,0.6809623430962407
2024-09-08,nighttime,6,0.7427919185487332,0.09072606719225866,0.4236706689537002
2024-09-09,daytime,6,0.9036447583279068,0.013479201840924096,0.7960599955227261
2024-09-09,nighttime,6,0.9097881430636781,0.01184018857206459,1.7628865979381403
2024-09-10,daytime,6,0.9632431721038588,0.0020017661747215,0.5439680578001724
2024-09-10,nighttime,6,0.9896727634528546,1.594270127917451e-4,1.771573604060873
2024-09-11,daytime,6,0.9898274500968702,1.5469482564128812e-4,0.29117999873729405
2024-09-11,nighttime,6,0.9934784401252615,6.36574314055504e-5,1.2512562814070158
2024-09-12,daytime,6,0.9706727089002886,0.0012775229499222317,0.33271865121180094
2024-09-12,nighttime,6,0.9762412006427863,8.400151303171289e-4,0.744916309309724
2024-09-13,daytime,6,0.913413868495848,0.010921162291723517,0.37136122929994647
2024-09-13,nighttime,6,-0.1534206270208997,0.7716746582975262,-0.02465874064288715
2024-09-14,daytime,6,0.7263534138717758,0.10207801718681357,0.5087187263078137
2024-09-14,nighttime,6,0.5155897723594549,0.2951456813242273,0.07711546477698897
2024-09-15,daytime,6,0.9980569637890542,5.659416716104661e-6,0.5860269743061962
2024-09-15,nighttime,6,0.8580947842013203,0.028776856336082124,0.66169895678092
2024-09-16,daytime,6,0.9635491072823184,0.001968785810167418,0.4901826905333102
2024-09-16,nighttime,6,0.9942058712346238,5.0260632187339157e-5,1.0425292529252856
2024-09-17,daytime,6,0.9967444657234689,1.5880503242912593e-5,0.9237771504292234
2024-09-17,nighttime,6,0.9860036869418828,2.9247425250670796e-4,0.9307692307692245
2024-09-18,daytime,6,0.9981128865330638,5.338435664005381e-6,0.5406718292981516
2024-09-18,nighttime,6,0.9927993095503762,7.75882367324438e-5,2.2906100068540143
2024-09-19,daytime,6,0.9926397806328847,8.10598817450143e-5,0.38856707317073025
2024-09-19,nighttime,6,0.9981700380970701,5.020076797133386e-6,1.4615683229813614
2024-09-20,daytime,6,0.985684624692737,3.059281305642203e-4,0.24527797099898327
2024-09-20,nighttime,6,0.9927267667326791,7.915750650444536e-5,1.0396600566572194
2024-09-21,daytime,6,0.9929033805127486,7.536431221603862e-5,0.6329411764705919
2024-09-21,nighttime,6,0.9903787637365614,1.3840697065541606e-4,0.7981538461538392
2024-09-22,daytime,6,0.9892763987719986,1.7187685134218819e-4,0.28487043744775475
2024-09-22,nighttime,6,0.1288463831512172,0.8077999398306301,0.30973451327428675
2024-09-23,daytime,6,0.7764771887484153,0.06935979740274996,0.3480314960629839
2024-09-23,nighttime,6,-0.05805847497871327,0.9130101388942538,-0.0674157303369947
2024-09-24,daytime,6,0.3596699027990242,0.483759033728257,0.11577783918209067
2024-09-24,nighttime,6,NA,NA,1.880366403471856e-15
2024-09-25,daytime,6,0.9841912687660365,3.72898547536583e-4,0.34318196415955005
2024-09-25,nighttime,6,-0.9354816616599104,0.0061096414400907744,-2.2540045766590042
2024-09-26,daytime,6,0.9672393500763194,0.0015923099245598725,0.22665070133424642
2024-09-26,nighttime,6,0.9362673483014989,0.005963340074691485,0.0996132440335807
2024-09-27,daytime,6,0.9898390862390348,1.5434172514064645e-4,0.19533507637264466
2024-09-27,nighttime,6,0.8905819916876272,0.01730345817440109,0.09286186384666267
2024-09-28,daytime,6,0.9994082318057104,5.251807781268493e-7,0.2912894337288434
2024-09-28,nighttime,6,0.813460970176198,0.04894973291509399,0.08593750000000266
2024-09-29,daytime,6,0.9934052752271221,6.509218865293112e-5,0.3747394465251062
2024-09-29,nighttime,6,0.9694204581148755,0.0013883649798903414,0.17019565800053507
2024-09-30,daytime,6,0.9775590916258399,7.497409954437832e-4,0.2559117183394627
2024-09-30,nighttime,6,0.9723721127724227,0.0011344060437203528,0.33535242290748696
2024-10-01,daytime,6,0.7251061022454033,0.10296357636433645,0.18132562759617116
2024-10-01,nighttime,6,0.9719391578325143,0.0011700685887469277,0.3201171557194776
2024-10-02,daytime,6,0.9793960166646977,6.324127498795512e-4,0.3410749576966295
2024-10-02,nighttime,6,0.973590968712659,0.0010369460834042843,0.22420338203151757
2024-10-03,daytime,6,0.9416677745021202,0.00500473076658746,0.17937833766945036
2024-10-03,nighttime,6,0.8913339944904134,0.017070870692749825,0.2315789473684225
2024-10-04,daytime,6,0.9584953488329867,0.0025482053981878794,0.2527490297542051
2024-10-04,nighttime,6,0.9679846075184416,0.0015210703793962711,0.20302580035120876
2024-10-05,daytime,6,0.9963298945366784,2.017979360558094e-5,0.24237044196283197
2024-10-05,nighttime,6,0.9930477371066404,7.233292381157872e-5,0.26663132785581783
2024-10-06,daytime,6,0.9510497898617234,0.003535539244912141,0.16025246159532208
2024-10-06,nighttime,6,0.9090055759333742,0.012043261574037964,0.20489274951249725
2024-10-07,daytime,6,0.9838661931533386,3.883497723185606e-4,0.2230124749292316
2024-10-07,nighttime,6,0.9887070775064811,1.905750539082747e-4,0.14501992031872502
2024-10-08,daytime,6,0.9946044913961589,4.3588733931499413e-5,0.28925189628674736
2024-10-08,nighttime,6,0.9923958095178077,8.651571807059678e-5,0.35165662650602586
2024-10-09,daytime,6,0.990997529953549,1.2120190021285612e-4,0.41228395161160303
2024-10-09,nighttime,6,0.9574015007594578,0.0026832979034531346,0.31809471667122835
2024-10-10,daytime,6,0.9968203219001288,1.5149455394480538e-5,0.24568744224253047
2024-10-10,nighttime,6,0.9137987796814018,0.010825710011174525,0.25765158806544786
2024-10-11,daytime,6,0.989788929334581,1.558666126373862e-4,0.16248472704168831
2024-10-11,nighttime,6,0.9797868138729792,6.087300601379506e-4,0.27613146551724
2024-10-12,daytime,6,0.9722072975013578,0.0011479174497479945,0.15179985917972094
2024-10-12,nighttime,6,0.9785055436405539,6.880521366129505e-4,0.4527019241848118
2024-10-13,daytime,6,0.9844443747601583,3.6108415943234446e-4,0.1615820571566379
2024-10-13,nighttime,6,0.997845202881893,6.95972340651535e-6,0.2634183923610299
2024-10-14,daytime,6,0.9941003376882703,5.210635122004928e-5,0.16043892098591087
2024-10-14,nighttime,6,0.9491736830905874,0.0038093215553767217,0.07863911064687018
2024-10-15,daytime,6,0.7949447541832914,0.05876043475865027,0.07772570025666724
2024-10-15,nighttime,6,0.9810403565371487,5.357944270388606e-4,0.15605395232120453
2024-10-16,daytime,6,0.5361933677147469,0.27278863715038154,0.04767047965044986
2024-10-16,nighttime,6,0.9761297512105717,8.478826659683875e-4,0.2695455117713716
2024-10-17,daytime,6,0.9690731259451303,0.0014199169707998051,0.2481489791339492
2024-10-17,nighttime,6,0.685764922365449,0.13260116141764494,0.13691507798960514
2024-10-18,daytime,6,0.967877988371427,0.0015311633212613956,0.27934238741958606
2024-10-18,nighttime,6,0.9973226332470154,1.0742843020665435e-5,0.35681911825298657
2024-10-19,daytime,6,0.7222389829080653,0.10501197844729361,0.08945293247905592
2024-10-19,nighttime,6,0.6893141709007844,0.12979394546053236,0.06007694584196643
2024-10-20,daytime,6,0.9888628826752485,1.8536237515534326e-4,0.16945570281224392
2024-10-20,nighttime,6,0.9584962381167464,0.00254809696895659,0.12376902417189023
2024-10-21,daytime,6,0.9423543094248901,0.004888759408859446,0.1557316774246252
2024-10-21,nighttime,6,0.9901791698774245,1.441994532745106e-4,0.24329804009912498
2024-10-22,daytime,6,0.9246810050851535,0.00829578600890237,0.3609054691435285
2024-10-22,nighttime,6,0.9379386428212995,0.005657899946568065,0.2117461614805316
2024-10-23,daytime,6,0.7133223379835586,0.11149595262190237,0.16933788457625717
2024-10-23,nighttime,6,0.8813329346958714,0.020287281346712156,0.11684002869440584
2024-10-24,daytime,6,0.8727420891008212,0.02326141988203275,0.186232449297972
2024-10-24,nighttime,6,0.9198271637379639,0.00938386269606699,0.0716780441339895
2024-10-25,daytime,6,0.9908329471950089,1.2566710970785957e-4,0.2861478954578419
2024-10-25,nighttime,6,0.9600081626416367,0.002367040169289155,0.28083567697870565
2024-10-26,daytime,6,0.934173919619418,0.006356994686274537,0.26523297491039277
2024-10-26,nighttime,6,0.9890125771401379,1.8042197179401733e-4,0.23212829573253893
2024-10-27,daytime,6,0.9031261209330897,0.013622263862603507,0.20624344176285106
2024-10-27,nighttime,6,-0.8395341265518261,0.036558003132125275,-0.05509355509355618
2024-10-28,daytime,6,0.8919482457294369,0.016882010474714416,0.22597345241308076
2024-10-28,nighttime,6,-0.807285747194041,0.05212958842125335,-0.04986395362592984
2024-10-29,daytime,6,0.8871014663382951,0.018399611545404208,0.20942997888810233
2024-10-29,nighttime,6,-0.87604383245847,0.022095395801881152,-0.06047570850202314
2024-10-30,daytime,6,0.988205583622689,2.078420361657663e-4,0.42605863192182325
2024-10-30,nighttime,6,0.17275402421032451,0.7434467951637693,0.01937735329231749
2024-10-31,daytime,6,0.9651391856485444,0.0018017318037835278,0.3309973970996262
2024-10-31,nighttime,6,0.7499335777135414,0.08598109458875203,0.11799940101826976
