date,period,n,r,p,slope
2003-04-01,daytime,6,0.37490983671134315,0.4639834181867159,0.1539773611908517
2003-04-01,nighttime,6,-0.8812014956501021,0.020331320280412395,-0.13102456122448541
2003-04-02,daytime,6,-0.3216205509113482,0.534203352949817,-0.1333733942231623
2003-04-02,nighttime,6,-0.9241764960006282,0.008405843251016999,-0.12093280974367257
2003-04-03,daytime,6,-0.6956971058526136,0.12481111483187314,-0.18947460475511083
2003-04-03,nighttime,6,-0.8894419424472209,0.017658945917626748,-0.08420842589925263
2003-04-04,daytime,6,-0.4887376967540287,0.32526450650520866,-0.19508008415276115
2003-04-04,nighttime,6,-0.909551478900145,0.01190142571913948,-0.12849026311135128
2003-04-05,daytime,6,-0.4455788692405355,0.3758644282805253,-0.07967338294508336
2003-04-05,nighttime,6,-0.9728040215298851,0.0010993745056936206,-0.07184927554351883
2003-04-06,daytime,6,0.1951926401134754,0.7109294758985711,0.017983788295184672
2003-04-06,nighttime,6,-0.9359493814057697,0.006022339366772314,-0.06531742441650919
2003-04-07,daytime,6,-0.4243646702547688,0.4016639296597515,-0.09420774752856781
2003-04-07,nighttime,6,-0.994397866574382,4.6987939983061e-5,-0.096630368616064
2003-04-08,daytime,6,-0.5727282326442967,0.23484012934784007,-0.07891219668462211
2003-04-08,nighttime,6,-0.9185951848043986,0.00967039147277377,-0.06055568324326755
2003-04-09,daytime,6,-0.5452894965800691,0.26313411773783024,-0.79283334832353
2003-04-09,nighttime,6,-0.5562944846117038,0.25163470711306796,-0.0175032710349824
2003-04-10,daytime,6,-0.945885234986817,0.004313376638872913,-4.5948581833604605
2003-04-10,nighttime,6,-0.9783045641189323,7.0093197372322e-4,-0.4198493660817341
2003-04-11,daytime,6,-0.5922254460961242,0.21551773610592756,-0.735922907923231
2003-04-11,nighttime,6,-0.6741080546180956,0.14200257180725653,-0.2856510312821902
2003-04-12,daytime,6,-0.5445825641734158,0.2638796253404768,-0.3197009825078724
2003-04-12,nighttime,6,-0.9408701933160506,0.005141132279822885,-0.39868088789562084
2003-04-13,daytime,6,-0.5287431644877729,0.2807954404428191,-0.5020675089530374
2003-04-13,nighttime,6,-0.9611402098115055,0.002235784180264561,-0.369397198733993
2003-04-14,daytime,6,-0.556448230257213,0.25147547638164097,-0.8171002486638703
2003-04-14,nighttime,6,-0.9480830524720705,0.003973086484018213,-0.33241814073384895
2003-04-15,daytime,6,-0.3315795614957586,0.5208584161293955,-0.23336236966446341
2003-04-15,nighttime,6,-0.8711690652523971,0.02382698471580355,-0.35414517534146567
2003-04-16,daytime,6,-0.4013886671737447,0.43025143773794383,-0.3143027087632219
2003-04-16,nighttime,6,-0.960609038338276,0.002296911340257714,-0.31089680012834103
2003-04-17,daytime,6,-0.4339180691021894,0.3899730044521085,-0.3104560451701748
2003-04-17,nighttime,6,-0.9824827466853722,4.5759362447526805e-4,-0.26652209127876914
2003-04-18,daytime,6,-0.2651666373765595,0.6115724206399138,-0.1790995593238156
2003-04-18,nighttime,6,-0.9813477924861714,5.186126710250858e-4,-0.3020941425784258
2003-04-19,daytime,6,0.6047673649805804,0.20344383878639952,0.9238986600367651
2003-04-19,nighttime,6,-0.9833711234726121,4.1248019724583724e-4,-0.2772840202869048
2003-04-20,daytime,6,-0.6658816877088393,0.14880291322978625,-0.3164463799976373
2003-04-20,nighttime,6,-0.9286986988738489,0.007444569842959045,-0.2115078339804902
2003-04-21,daytime,6,0.9885389564125727,1.9628054449863044e-4,1.2319106887492308
2003-04-21,nighttime,6,-0.9762486452702445,8.394908887667591e-4,-0.2741524008090532
2003-04-22,daytime,6,-0.534080166403655,0.2750506974390247,-0.3773171647377013
2003-04-22,nighttime,6,-0.9976681856148525,8.149698034989412e-6,-0.3820349830068336
2003-04-23,daytime,6,-0.5702299593269871,0.2373636769071112,-0.2638110428995473
2003-04-23,nighttime,6,-0.9859477063976441,2.9481300141258787e-4,-0.3004275395402029
2003-04-24,daytime,6,-0.7588450319194099,0.0802213077099709,-2.01690868389458
2003-04-24,nighttime,6,-0.969201785559401,0.0014081885037259987,-0.3205775806740407
2003-04-25,daytime,6,-0.6659546915347296,0.14874196748623097,-0.5091745559831017
2003-04-25,nighttime,6,-0.9809166176165476,5.427883747893689e-4,-0.6992048313953536
2003-04-26,daytime,6,-0.7817589892525985,0.06624639246475122,-0.7788679478296379
2003-04-26,nighttime,6,-0.9900530075297285,1.4792189786241435e-4,-0.3312896312276017
2003-04-27,daytime,6,-0.3791257525803439,0.4585584444601631,-0.27703673089439385
2003-04-27,nighttime,6,-0.14743600094284814,0.7804484343600793,-0.05587981827738499
2003-04-28,daytime,6,0.9854606126107226,3.1555391041255225e-4,0.4387229127754268
2003-04-28,nighttime,6,0.8551519386130358,0.029951915576043094,0.3599907594164484
2003-04-29,daytime,6,-0.8343858412415247,0.03887083769302168,-0.8981600355011536
2003-04-29,nighttime,6,-0.9826300655841849,4.4995155081975073e-4,-0.30578658249949253
2003-04-30,daytime,6,0.7382715919889686,0.09378821110218816,1.8440467136004162
2003-04-30,nighttime,6,-0.9849499204851586,3.3805288177646444e-4,-0.31068982987492655
2003-05-01,daytime,6,-0.05359866706551302,0.9196789889856721,-0.01886150457713442
2003-05-01,nighttime,6,-0.9496729790253585,0.003735479193428003,-0.5329198673046422
2003-05-02,daytime,6,0.916274098654943,0.010221579438134612,0.5482020315764528
2003-05-02,nighttime,6,-0.9671095160720761,0.001604885700988406,-0.3700995338827271
2003-05-03,daytime,6,-0.7166014632326101,0.10909155739045602,-0.7681930554031042
2003-05-03,nighttime,6,-0.9959765184462284,2.4250038848246383e-5,-0.2828079483166533
2003-05-04,daytime,6,-0.6305946977379167,0.1794858410103581,-0.6159149052228514
2003-05-04,nighttime,6,-0.7653207034748173,0.07614915086204105,-0.16352000572349892
2003-05-05,daytime,6,-0.5287741852712351,0.28076191872050493,-0.20850675848805145
2003-05-05,nighttime,6,-0.9725469907963312,0.001120156348155988,-0.20436352022956936
2003-05-06,daytime,6,-0.7230316634584719,0.10444386651157544,-0.19330821510055746
2003-05-06,nighttime,6,-0.9851851567726215,3.2759359199414494e-4,-0.25554174985023753
2003-05-07,daytime,6,-0.2596850123247557,0.6192285804416924,-0.16954605799581796
2003-05-07,nighttime,6,-0.968752004012851,0.001449400026134272,-0.21692451896006137
2003-05-08,daytime,6,-0.8225958823437858,0.04441668064690231,-0.9567802515372359
2003-05-08,nighttime,6,-0.9558015866834358,0.002887078815098183,-0.452070742786275
2003-05-09,daytime,6,-0.5547060667104061,0.2532821011447207,-0.5937496073153624
2003-05-09,nighttime,6,-0.9272236380683321,0.007751871963973995,-0.5309368548181981
2003-05-10,daytime,6,-0.8783687530658347,0.02129152426803425,-0.9560755733537725
2003-05-10,nighttime,6,-0.9793806957162853,6.333503562492218e-4,-0.5744765916307528
2003-05-11,daytime,6,-0.74106247142941994,0.09189226050622622,-0.8884770364258747
2003-05-11,nighttime,6,-0.9781070363881026,7.137061145246887e-4,-0.6596603040196901
2003-05-12,daytime,6,-0.229577191021016,0.6616842252129655,-0.21277906258774085
2003-05-12,nighttime,6,-0.9930709894683535,7.185044541150412e-5,-0.8388472681907109
2003-05-13,daytime,6,-0.8867339664229168,0.01851723556372466,-0.5207436406576704
2003-05-13,nighttime,6,-0.9089974961266041,0.012045366964122,-0.6365048881435046
2003-05-14,daytime,6,-0.43840998387997465,0.384516950068715,-0.5594988314098054
2003-05-14,nighttime,6,-0.9557308621118783,0.0028962564871382783,-1.0384576674327273
2003-05-15,daytime,6,-0.6238870291925974,0.18558879797433747,-0.5994997819126003
2003-05-15,nighttime,6,-0.9030210676430671,0.013651330755241414,-0.5804599145861667
2003-05-16,daytime,6,-0.1232281613043957,0.8160933789325302,-0.18425832794738722
2003-05-16,nighttime,6,-0.660588050011496,0.15325049930672988,-0.24453317054367685
2003-05-17,daytime,6,-0.8746557852602883,0.022582105984008432,-3.6139507122934384
2003-05-17,nighttime,6,-0.9681722930592555,0.0015033836134800294,-1.5732675842172275
2003-05-18,daytime,6,-0.8406894583444784,0.03604813430348538,-0.6746389287919908
2003-05-18,nighttime,6,-0.9733959191649129,0.001052250795801769,-0.8546486491226264
2003-05-19,daytime,6,0.23977989646052092,0.6472231557984807,0.621747315847624
2003-05-19,nighttime,6,-0.8003659474037426,0.055802549127485133,-0.5682200265658172
2003-05-20,daytime,6,-0.9554021509621292,0.002939100357809296,-2.5095073249009183
2003-05-20,nighttime,6,-0.9841955689582618,3.7269624511632583e-4,-1.0271989824959626
2003-05-21,daytime,6,0.30253836527919475,0.5600380390558524,2.8543161118101774
2003-05-21,nighttime,6,-0.994625496098395,4.3250316224768214e-5,-1.0137090112813385
2003-05-22,daytime,6,-0.21430831092776,0.6834589152467415,-0.3258787857926094
2003-05-22,nighttime,6,-0.8041050621655961,0.05380352286133836,-2.0733585319672208
2003-05-23,daytime,6,-0.5928946966473435,0.2148663486638973,-0.2713208020305432
2003-05-23,nighttime,6,-0.9964799882403794,1.856391685924025e-5,-1.0308525003464981
2003-05-24,daytime,6,-0.2341524576297181,0.6551902956705624,-0.420040095260205
2003-05-24,nighttime,6,-0.9434941932234879,0.004699150428815535,-0.5335420950360042
2003-05-25,daytime,6,-0.614181692321899,0.1945680098421743,-0.3465674356172736
2003-05-25,nighttime,6,-0.9467173190158384,0.004182930198939982,-0.8569574858399471
2003-05-26,daytime,6,-0.8243426504323516,0.04357325861944037,-0.879414880664297
2003-05-26,nighttime,6,-0.992743002872025,7.880491969823864e-5,-0.5816605023250708
2003-05-27,daytime,6,-0.7510507139920348,0.0852492115226009,-1.4402677753345394
2003-05-27,nighttime,6,-0.9376351645939964,0.005712778998841936,-0.8820917018102169
2003-05-28,daytime,6,-0.7358647743295907,0.09543710988496454,-0.6238985959697622
2003-05-28,nighttime,6,-0.966828417762754,0.0016322805627703206,-1.4414956375924752
2003-05-29,daytime,6,-0.6564150957841883,0.15679567989619336,-0.4804979139792677
2003-05-29,nighttime,6,-0.9907136798804029,1.289532056954226e-4,-0.5415931393143812
2003-05-30,daytime,6,-0.6190953705186862,0.19000009556257472,-0.5848973274010695
2003-05-30,nighttime,6,-0.9625681741590784,0.0020754887347688446,-0.5611042538265398
2003-05-31,daytime,6,-0.8823913531893628,0.0199343214307807,-0.7584788086903541
2003-05-31,nighttime,6,-0.9682725899968775,0.0014939739599672942,-0.5655561940938459
2003-06-01,daytime,6,-0.6314112287413233,0.1787487153548393,-1.3945890871756563
2003-06-01,nighttime,6,-0.92459210554108,0.008315127959149408,-0.5191492683472129
2003-06-02,daytime,6,-0.1421968825699714,0.7881422833155352,-0.11291322342009195
2003-06-02,nighttime,6,-0.9288790103065666,0.007407420839006859,-0.5387764012738652
2003-06-03,daytime,6,-0.8145769145548082,0.04838499856425433,-3.2452297412585933
2003-06-03,nighttime,6,-0.9652861196970622,0.0017866641872996529,-0.5434939957029175
2003-06-04,daytime,6,0.32903228219117703,0.52426246311253,0.6543438133709387
2003-06-04,nighttime,6,-0.9393254227902293,0.005410422654062125,-0.42484762507011653
2003-06-05,daytime,6,0.23652684150859185,0.6518259785141609,0.09072171106708227
2003-06-05,nighttime,6,-0.38593860901556243,0.44983459614203064,-0.2381205343218637
2003-06-06,daytime,6,-0.6813674785444471,0.13611517397786949,-0.383188223450925
2003-06-06,nighttime,6,-0.6142447754544635,0.19450908305822012,-0.9214669106990827
2003-06-07,daytime,6,-0.7224439914888093,0.10486491878952915,-0.7458229154012624
2003-06-07,nighttime,6,0.15410184043811756,0.770676996610908,0.11636231966143644
2003-06-08,daytime,6,-0.2940099230181939,0.5716924940751342,-0.15165248471195944
2003-06-08,nighttime,6,0.7690236840118325,0.07386378783067529,0.43045341724821506
2003-06-09,daytime,6,-0.7041750513066367,0.11832442474427776,-1.4332842443830984
2003-06-09,nighttime,6,0.8287435082615208,0.04148180644840828,0.2262681240056442
2003-06-10,daytime,6,-0.8737405028169212,0.022905810541699944,-0.9808256810919534
2003-06-10,nighttime,6,-0.27237402079765277,0.6015423572374776,-0.037914903710622255
2003-06-11,daytime,6,-0.49638982851838065,0.3165711943941241,-0.2967808055009754
2003-06-11,nighttime,6,-0.9813773035797075,5.16978012485311e-4,-0.25992948902015267
2003-06-12,daytime,6,-0.5516253882267702,0.2564891192714697,-0.301883033777784
2003-06-12,nighttime,6,-0.6233434379935066,0.1860870841214198,-0.2615234835272038
2003-06-13,daytime,6,-0.8039256147213026,0.05389869083937121,-0.5943679772123378
2003-06-13,nighttime,6,-0.9462964143191155,0.004248670084952327,-0.28771971305727434
2003-06-14,daytime,6,-0.9063814908840063,0.012736381661112371,-0.9876226921321101
2003-06-14,nighttime,6,-0.06862811237038711,0.8972194443972887,-0.019750754631231198
2003-06-15,daytime,6,-0.8146664368634925,0.04833982674537186,-0.4511694696960708
2003-06-15,nighttime,6,-0.7849447104983857,0.06440014419217242,-0.12763621407684472
2003-06-16,daytime,6,-0.843171484054515,0.034964162063408945,-0.5214398117564389
2003-06-16,nighttime,6,-0.39213625595510126,0.4419451774378631,-0.05061161810529668
2003-06-17,daytime,6,-0.7831584882165575,0.06543239175215135,-0.5583317207725869
2003-06-17,nighttime,6,-0.3836148483967966,0.45280417544888735,-0.043859200372453166
2003-06-18,daytime,6,-0.49998036908047927,0.3125220850734869,-0.06286088727415241
2003-06-18,nighttime,6,0.7454276248656599,0.08896159332663406,0.03958440820434456
2003-06-19,daytime,6,0.33481082747184987,0.5165496194409712,0.7248389659152148
2003-06-19,nighttime,6,0.930201579271762,0.007137706649385861,0.16524415606321047
2003-06-20,daytime,6,-0.6819942371005702,0.1356119076888679,-0.6812554861002595
2003-06-20,nighttime,6,-0.9319559450171763,0.006787468364388849,-0.32497569253480213
2003-06-21,daytime,6,-0.8192299628453226,0.04606312536688899,-1.1705600987835727
2003-06-21,nighttime,6,-0.9020808130654221,0.013912817988157092,-0.35963859611613175
2003-06-22,daytime,6,-0.8419776415147633,0.03548360531753451,-1.0305964623981831
2003-06-22,nighttime,6,-0.4963439304085083,0.3166230789890141,-0.23186335300866803
2003-06-23,daytime,6,-0.43813893716235897,0.38484542433168845,-0.9749794906244283
2003-06-23,nighttime,6,0.6766228907702865,0.13995091458918496,0.29297467982150865
2003-06-24,daytime,6,-0.7036089466576338,0.1187528550300422,-0.6626394222486979
2003-06-24,nighttime,6,-0.43774727950506065,0.38532023432943696,-0.16457184060164698
2003-06-25,daytime,6,-0.8098348418903961,0.05080572995038604,-0.5337088285308598
2003-06-25,nighttime,6,-0.905425535557245,0.012993541409112434,-0.3676882159981412
2003-06-26,daytime,6,0.17994994055181174,0.7329886569596438,0.08821355302060943
2003-06-26,nighttime,6,-0.8283971008831502,0.04164468957427073,-0.1666051632775098
2003-06-27,daytime,6,0.47077896622282106,0.34600158914583945,0.3383379049970623
2003-06-27,nighttime,6,0.46349942153215246,0.3545380552291802,0.08472248031927303
2003-06-28,daytime,6,0.7112353796843863,0.11303818912802183,0.37946434486630093
2003-06-28,nighttime,6,-0.15978588398167143,0.7623609629704415,-0.1365023031882949
2003-06-29,daytime,6,-0.7770296495263703,0.06903109365340107,-0.5026855759560823
2003-06-29,nighttime,6,-0.6721686374642836,0.1435935274430821,-0.3051645881670709
2003-06-30,daytime,6,0.9456273380886948,0.004354206246875622,1.0972476490869585
2003-06-30,nighttime,6,0.44354847552486654,0.3783080968535964,0.1014282110161424
2003-07-01,daytime,6,0.6249190536686346,0.18464430864853756,0.5370582600163875
2003-07-01,nighttime,6,-0.5177146743254953,0.2928091281668593,-1.5312213317660994
2003-07-02,daytime,6,0.0408328834407694,0.9387847156696767,0.008709562476699623
2003-07-02,nighttime,6,-0.9975672723054009,8.870047413328556e-6,-2.874924613277958
2003-07-03,daytime,6,-0.5853028698750685,0.22230206265899763,-0.4976796178166054
2003-07-03,nighttime,6,-0.9144628579176637,0.010661983372108696,-0.5548595983224333
2003-07-04,daytime,6,0.17955577797736866,0.7335607970797827,0.037213501382476456
2003-07-04,nighttime,6,-0.8191291979834626,0.04611284448503051,-0.6456851043000454
2003-07-05,daytime,6,-0.7658780762161973,0.07580314148761941,-0.9686924869360876
2003-07-05,nighttime,6,-0.3860229714536024,0.4497269051071851,-0.13044233967742458
2003-07-06,daytime,6,-0.5105915150876923,0.300669274749333,-0.3334458704802217
2003-07-06,nighttime,6,-0.5554218346337224,0.25253923714528753,-0.4381424019572203
2003-07-07,daytime,6,-0.8633898758052639,0.026718757710220482,-0.47704415502344727
2003-07-07,nighttime,6,-0.8582218998725178,0.028726601614619943,-0.3133992926264596
2003-07-08,daytime,6,-0.6039851765355028,0.20418855564028793,-0.5558750538659822
2003-07-08,nighttime,6,-0.8175106528731955,0.046914879589472276,-0.724965766470639
2003-07-09,daytime,6,0.0384833052260924,0.9423035383707119,0.028387759404406767
2003-07-09,nighttime,6,-0.8776832281108682,0.021527074399946312,-0.24287280299784605
2003-07-10,daytime,6,-0.8978542946026334,0.015117736568510818,-1.4737138861576902
2003-07-10,nighttime,6,-0.7464750211965555,0.08826472410000172,-0.8557776549121352
2003-07-11,daytime,6,-0.5702858262378603,0.23730712792253172,-1.2796999826470912
2003-07-11,nighttime,6,-0.7325064417945782,0.09775924849394048,-0.33070384610625164
2003-07-12,daytime,6,-0.6588331952678107,0.15473716391095818,-0.3581214000556678
2003-07-12,nighttime,6,0.1524162312813088,0.773146021526031,0.11243685195686169
2003-07-13,daytime,6,-0.8213204018390592,0.04503730014437126,-0.44952792048637824
2003-07-13,nighttime,6,-0.8296516063692176,0.041056228982422734,-0.14145552428683608
2003-07-14,daytime,6,-0.506289248167158,0.3054543861783096,-0.16802620871095306
2003-07-14,nighttime,6,-0.6114436924098986,0.19713266689495673,-0.2071230218645241
2003-07-15,daytime,6,-0.5166182181258195,0.29401392317525865,-0.21080176906827916
2003-07-15,nighttime,6,-0.5873725497851996,0.22026485271599677,-0.26328406474395516
2003-07-16,daytime,6,-0.7644712109662594,0.07667787599474916,-0.6163740603236587
2003-07-16,nighttime,6,-0.570990950688783,0.236593853867246,-0.10321943706383559
2003-07-17,daytime,6,-0.8635823803812026,0.026645300359712937,-2.1092268791692965
2003-07-17,nighttime,6,0.9758849195858216,8.652937480674924e-4,1.0295638547639407
2003-07-18,daytime,6,0.30352895201131175,0.5586886065544997,0.15332209438282093
2003-07-18,nighttime,6,-0.9020756068082425,0.01391427252454727,-1.85051012610185
2003-07-19,daytime,6,0.014344349730892212,0.97848495115301,0.008350068518345216
2003-07-19,nighttime,6,-0.8039497530629702,0.05388588481426479,-0.21908210697852937
2003-07-20,daytime,6,-0.9002466131743394,0.01442979735719051,-0.20802016905998283
2003-07-20,nighttime,6,-0.9427123858590903,0.004828800828802965,-0.4604780923251705
2003-07-21,daytime,6,-0.5621942067161175,0.24555289426335153,-1.4354980513034816
2003-07-21,nighttime,6,0.07562839854766219,0.8867736863398578,0.26703477503855644
2003-07-22,daytime,6,0.22778186262998348,0.6642363888439684,0.050237121045986995
2003-07-22,nighttime,6,-0.5396816295300362,0.2690703825466507,-0.408308598254996
2003-07-23,daytime,6,-0.5801583529554607,0.22739839728594244,-0.4092490069235967
2003-07-23,nighttime,6,0.08418398469085181,0.8740223265259505,0.037882492606606824
2003-07-24,daytime,6,0.5802838822387708,0.2272734937435054,0.49976093275905675
2003-07-24,nighttime,6,-0.5016589583224726,0.3106357382771001,-1.0227069040668704
2003-07-25,daytime,6,-0.7278599930180644,0.10101290568639475,-1.3865601186415817
2003-07-25,nighttime,6,-0.37518859866610177,0.4636240920431518,-0.39402099177740774
2003-07-26,daytime,6,-0.4462663539018531,0.37503825769758464,-1.0048272904693079
2003-07-26,nighttime,6,-0.9011693827411528,0.014168572783904848,-0.338868985629009
2003-07-27,daytime,6,0.9505444795793057,0.003608292394901718,0.5581882199263047
2003-07-27,nighttime,6,-0.6574692293883537,0.15589688304716987,-0.4021073859104142
2003-07-28,daytime,6,-0.7112033651923868,0.11306191988642458,-0.5956566362393917
2003-07-28,nighttime,6,-0.9953008417955613,3.307124813341502e-5,-0.5481495987080641
2003-07-29,daytime,6,-0.942808878428858,0.00481270552228277,-3.9290800283178613
2003-07-29,nighttime,6,-0.957806223342369,0.0026329130806651215,-2.816963965224443
2003-07-30,daytime,6,0.14808781143374292,0.7794920656939994,0.03618029998206778
2003-07-30,nighttime,6,-0.9680854480786193,0.0015115548346085,-2.1890420426221326
2003-07-31,daytime,6,-0.6658674084047179,0.14881483525825268,-0.4920847741513787
2003-07-31,nighttime,6,-0.9876885547280906,2.264244937744557e-4,-0.5446367965993689
2003-08-01,daytime,6,-0.46012439515320147,0.35852090096995287,-0.07851076752904697
2003-08-01,nighttime,6,-0.9236242855155647,0.008527115335304012,-1.6705873173188366
2003-08-02,daytime,6,-0.881092556495561,0.020367855191182137,-0.33631992715528314
2003-08-02,nighttime,6,-0.9787897495391453,6.700411091257613e-4,-0.4382909235971792
2003-08-03,daytime,6,-0.9307773662103201,0.007021809968382936,-0.4014668895756964
2003-08-03,nighttime,6,-0.9466388213142201,0.004195152365374759,-0.3355616562234921
2003-08-04,daytime,6,-0.8865003715151993,0.01859218799068567,-0.4056482549482573
2003-08-04,nighttime,6,-0.9604431197013766,0.002316171917922949,-0.397026833739904
2003-08-05,daytime,6,-0.9814545026167755,5.12713982577748e-4,-0.7935218184590295
2003-08-05,nighttime,6,-0.9773882667711938,7.611551374523513e-4,-1.1691827505018837
2003-08-06,daytime,6,-0.7693324374331147,0.07367466164666897,-0.28831554765787365
2003-08-06,nighttime,6,-0.8390313995674654,0.03678091561200857,-0.46050900579253273
2003-08-07,daytime,6,-0.8086861153309141,0.05140036371837531,-0.2534837569295142
2003-08-07,nighttime,6,-0.7813109072406594,0.06650798483223766,-0.42392856156950554
2003-08-08,daytime,6,-0.5293682991269719,0.2801202012622173,-0.21537172190759482
2003-08-08,nighttime,6,-0.7134793452123901,0.11138030284687617,-0.35441299369220397
2003-08-09,daytime,6,-0.919571873662852,0.009442893212024382,-0.4070965019470657
2003-08-09,nighttime,6,-0.7964089485091147,0.05795461943157724,-0.25188316081838397
2003-08-10,daytime,6,-0.8148296786190399,0.04825750745402561,-0.4832719244229953
2003-08-10,nighttime,6,-0.927629497929032,0.007666714480119634,-0.35249976683152806
2003-08-11,daytime,6,-0.5898920021099304,0.21779511605841112,-0.3506384622564427
2003-08-11,nighttime,6,-0.8600882841328736,0.027993526272417284,-0.5950079704552839
2003-08-12,daytime,6,-0.5217074079185694,0.28843768915127543,-0.3353492082075335
2003-08-12,nighttime,6,-0.8808227294674794,0.020458482113236264,-0.27578184924276117
2003-08-13,daytime,6,-0.8711200755935096,0.023844702350415383,-0.6927547669079684
2003-08-13,nighttime,6,-0.7793291855747362,0.06767056273310139,-0.19070920923112866
2003-08-14,daytime,6,-0.7873489876526404,0.06302259201834036,-0.3235982198077445
2003-08-14,nighttime,6,-0.7795089346520183,0.06756473386605133,-0.11774850527609519
2003-08-15,daytime,6,-0.8832069427555229,0.01966436257842841,-0.40979210091803286
2003-08-15,nighttime,6,-0.8855119313134178,0.018910949604179123,-0.23220318517939492
2003-08-16,daytime,6,-0.8693096078494553,0.024503873350085997,-0.4103826433366151
2003-08-16,nighttime,6,-0.8543396135492313,0.03028018783580666,-0.1694571341204147
2003-08-17,daytime,6,-0.7831264056401671,0.06545100066866001,-0.7239039294354677
2003-08-17,nighttime,6,-0.6670442366586998,0.14783364907413227,-0.13131742426059062
2003-08-18,daytime,6,0.29598975571680936,0.5689811881267072,0.17898019719811273
2003-08-18,nighttime,6,0.9130248321121829,0.011018050094593567,2.156040443465181
2003-08-19,daytime,6,0.04505184195694854,0.9324679572160033,0.02979810186995126
2003-08-19,nighttime,6,-0.7988557220057082,0.056619480614328546,-0.2623167803366957
2003-08-20,daytime,6,-0.7728259784695596,0.07155005154014203,-0.6666363503226258
2003-08-20,nighttime,6,-0.673705733888964,0.14233198165108987,-0.2376333211721532
2003-08-21,daytime,6,-0.7300787520857781,0.09945332914241442,-0.6594228310013128
2003-08-21,nighttime,6,0.009165584114566487,0.9862520088190345,0.008811958080118195
2003-08-22,daytime,6,-0.32858022449988394,0.5248672392936885,-0.13610548870208994
2003-08-22,nighttime,6,-0.4025296946530462,0.42881643244439155,-5.836475168418828
2003-08-23,daytime,6,-0.5451471642267968,0.2632841510479452,-0.13913091808817213
2003-08-23,nighttime,6,-0.7223002799977759,0.10496799840644232,-0.3703766477530161
2003-08-24,daytime,6,-0.3779038671092656,0.4601286767976669,-0.1375314343028469
2003-08-24,nighttime,6,0.39158596157441167,0.4426438682015064,0.22524507893048207
2003-08-25,daytime,6,-0.46344270444795327,0.35460485614928733,-0.5339107944066173
2003-08-25,nighttime,6,0.15950765416642573,0.7627676707877395,0.019172804600043676
2003-08-26,daytime,6,0.2945255502744095,0.5709860281618064,0.21259141366495424
2003-08-26,nighttime,6,0.40449024876553,0.42635442922276584,0.3125551816981814
2003-08-27,daytime,6,-0.6880226821782758,0.13081241797302745,-0.9114625408447773
2003-08-27,nighttime,6,0.2981145890778421,0.5660751822060958,0.03573251150501099
2003-08-28,daytime,6,0.9847184124029886,3.4850604818951276e-4,2.1872060191038725
2003-08-28,nighttime,6,-0.28812645246969004,0.579769996914723,-0.05403208393144545
2003-08-29,daytime,6,0.13357317071152575,0.8008318362926066,0.07354837053397875
2003-08-29,nighttime,6,0.928305772268736,0.007525837036788079,5.8925416117148295
2003-08-30,daytime,6,-0.7652718937868476,0.0761794852222409,-0.30179957043694927
2003-08-30,nighttime,6,-0.9683492426860825,0.0014868022612994402,-0.31137446961272736
2003-08-31,daytime,6,-0.8383217727988029,0.03709665149136894,-0.44533514272652724
2003-08-31,nighttime,6,-0.9363048427258679,0.005956401636944341,-0.3920912330819708
2003-09-01,daytime,6,-0.8570525430399346,0.029190470763847187,-0.6022267329275475
2003-09-01,nighttime,6,-0.5994922652725267,0.20848765728802654,-0.23558905944013683
2003-09-02,daytime,6,-0.8583022843007653,0.028694843393298326,-0.45994015356084206
2003-09-02,nighttime,6,-0.7833627947806686,0.06531394417455269,-0.4250563053359313
2003-09-03,daytime,6,-0.7620581657118204,0.0781887796567839,-0.45414321395950186
2003-09-03,nighttime,6,-0.3044711649075097,0.5574059006855172,-0.10011695623404451
2003-09-04,daytime,6,-0.8959382730297804,0.01567983047716023,-0.5831533203395218
2003-09-04,nighttime,6,-0.1950110806689754,0.7111914485461077,-0.09726539842758933
2003-09-05,daytime,6,-0.8771211448068698,0.021721132573191203,-0.8305259152750789
2003-09-05,nighttime,6,-0.9635355413778598,0.001970242507272464,-0.19201131323601717
2003-09-06,daytime,6,-0.7372949227745464,0.09445577786957202,-1.9241208054826904
2003-09-06,nighttime,6,0.03823573826996472,0.9426743423783303,0.027963624399746756
2003-09-07,daytime,6,-0.252307757201547,0.6295692197343237,-0.0968456946258732
2003-09-07,nighttime,6,0.9125963416765154,0.011125243501155428,1.2196137361543982
2003-09-08,daytime,6,-0.7071677374671252,0.11607081024755668,-0.5349648612915583
2003-09-08,nighttime,6,0.41503515302245997,0.41319304007951657,0.4057227325680225
2003-09-09,daytime,6,-0.5863863433323132,0.2212346473633465,-0.38947690974467125
2003-09-09,nighttime,6,-0.822152266846052,0.0446320787274411,-0.34706882479267037
2003-09-10,daytime,6,-0.9491699606174221,0.003809874749429516,-0.1666066070583017
2003-09-10,nighttime,6,0.9321681122705773,0.006745694635792783,7.448915208200062
2003-09-11,daytime,6,-0.8872294603827948,0.018358729459290707,-0.4558348096564169
2003-09-11,nighttime,6,-0.9060058774288241,0.012837128511458866,-0.4212730555619465
2003-09-12,daytime,6,-0.4554920047951063,0.3640131315178506,-0.27260181737993733
2003-09-12,nighttime,6,-0.9957113474437637,2.754937151372136e-5,-0.9674592685977728
2003-09-13,daytime,6,-0.8245739693101105,0.043462132397621485,-0.9041542048514684
2003-09-13,nighttime,6,-0.5717577622026948,0.23581914653835126,-0.3024082038922778
2003-09-14,daytime,6,-0.8882178842306631,0.018044489848105805,-0.8820980713865973
2003-09-14,nighttime,6,-0.6578942950383242,0.15553507480566547,-0.20107932708794096
2003-09-15,daytime,6,-0.8802432028363065,0.020653778242244167,-0.5069587380177092
2003-09-15,nighttime,6,-0.8795737399394676,0.020880486206642682,-0.30360549195549985
2003-09-16,daytime,6,-0.8105764146003637,0.05042356031251706,-0.5637764579862818
2003-09-16,nighttime,6,-0.8788792996150653,0.021116902186024925,-0.2482450749522777
2003-09-17,daytime,6,NA,NA,NA
2003-09-17,nighttime,6,-0.6627061767562905,0.15146421082603168,-0.29006748733617993
2003-09-18,daytime,6,NA,NA,NA
2003-09-18,nighttime,6,NA,NA,NA
2003-09-19,daytime,6,NA,NA,NA
2003-09-19,nighttime,6,NA,NA,NA
2003-09-20,daytime,6,NA,NA,NA
2003-09-20,nighttime,6,NA,NA,NA
2003-09-21,daytime,6,NA,NA,NA
2003-09-21,nighttime,6,NA,NA,NA
2003-09-22,daytime,6,NA,NA,NA
2003-09-22,nighttime,6,NA,NA,NA
2003-09-23,daytime,6,NA,NA,NA
2003-09-23,nighttime,6,NA,NA,NA
2003-09-24,daytime,6,NA,NA,NA
2003-09-24,nighttime,6,NA,NA,NA
2003-09-25,daytime,6,NA,NA,NA
2003-09-25,nighttime,6,NA,NA,NA
2003-09-26,daytime,6,NA,NA,NA
2003-09-26,nighttime,6,NA,NA,NA
2003-09-27,daytime,6,NA,NA,NA
2003-09-27,nighttime,6,NA,NA,NA
2003-09-28,daytime,6,NA,NA,NA
2003-09-28,nighttime,6,NA,NA,NA
2003-09-29,daytime,6,NA,NA,NA
2003-09-29,nighttime,6,NA,NA,NA
2003-09-30,daytime,6,NA,NA,NA
2003-09-30,nighttime,6,NA,NA,NA
2003-10-01,daytime,6,-0.16332828304998256,0.7571860585209547,-0.09753156362566966
2003-10-01,nighttime,6,NA,NA,NA
2003-10-02,daytime,6,-0.6591268582343879,0.15448795623871317,-0.34614826013893485
2003-10-02,nighttime,6,-0.8198787465226398,0.04574360204184253,-0.2108481219044467
2003-10-03,daytime,6,-0.035092159783496085,0.9473833676146542,-0.03087906446050802
2003-10-03,nighttime,6,-0.8890656975582678,0.017777027158273305,-5.968409005860104
2003-10-04,daytime,6,0.6613270617839507,0.15262625414429537,1.0503568180159037
2003-10-04,nighttime,6,0.05275394554490932,0.9209424882378933,0.01194338312315713
2003-10-05,daytime,6,-0.38058485493564626,0.45668559224713656,-0.20212196746910133
2003-10-05,nighttime,6,-0.9988462150980945,1.9960614292600044e-6,-0.528979218137076
2003-10-06,daytime,6,0.27943392582563836,0.5917586754327289,0.25638366107476257
2003-10-06,nighttime,6,-0.9275873982150966,0.007675526533343217,-2.2417759215760893
2003-10-07,daytime,6,-0.744660778884352,0.08947335844618962,-1.7521158223945488
2003-10-07,nighttime,6,0.43250060094847215,0.3917001812567775,0.09415197326233543
2003-10-08,daytime,6,-0.9811775420632534,5.280931276425656e-4,-0.45516765183619734
2003-10-08,nighttime,6,0.00234925899932456,0.9964761179838143,0.0031877687870496023
2003-10-09,daytime,6,-0.21525925265144197,0.6820983061381186,-0.10706973362500465
2003-10-09,nighttime,6,-0.7581966877797094,0.08063428289650781,-0.26280334108119896
2003-10-10,daytime,6,0.5672075496895082,0.24043093102028423,1.2488197718741687
2003-10-10,nighttime,6,0.7068862647923946,0.11628196238430002,0.7445685942458894
2003-10-11,daytime,6,-0.8035877442655711,0.05407808747784843,-0.41960689999406564
2003-10-11,nighttime,6,-0.9529956777915269,0.0032621836364620706,-0.2690538639981831
2003-10-12,daytime,6,-0.11486137362972507,0.8284656303684392,-0.1579208914045748
2003-10-12,nighttime,6,0.8824973905541943,0.019899123611168443,0.7779498455081468
2003-10-13,daytime,6,-0.2269192027628042,0.6654634944771267,-0.14857724621243598
2003-10-13,nighttime,6,0.311159680016293,0.5483237739885607,0.12755630564238918
2003-10-14,daytime,6,-0.22577802202042563,0.6670875650469272,-0.13435410103951578
2003-10-14,nighttime,6,0.5838019571388267,0.22378413508635958,0.14251369780109566
2003-10-15,daytime,6,-0.6460380417396384,0.16575981993280983,-0.3679019129648282
2003-10-15,nighttime,6,-0.7869747672182258,0.0632361088200476,-0.19605463925086783
2003-10-16,daytime,6,-0.602416975165579,0.2056849684928051,-0.3051369443899951
2003-10-16,nighttime,6,-0.3625757146932813,0.47996873796582945,-0.07377863457723087
2003-10-17,daytime,6,-0.46189813046489836,0.35642576033208845,-0.22560918782541242
2003-10-17,nighttime,6,-0.8688927508454379,0.024656857656367766,-0.2323493582123677
2003-10-18,daytime,6,-0.5534832089426666,0.25455322328842095,-0.2811113096207796
2003-10-18,nighttime,6,0.38870908253922454,0.4463023271805671,0.2629583435695037
2003-10-19,daytime,6,-0.6334116069201584,0.17694820856701032,-0.32030459585123083
2003-10-19,nighttime,6,-0.7510647282210436,0.08524004806041041,-0.1541157450045085
2003-10-20,daytime,6,-0.02642181413519541,0.9603765014934256,-0.020152807799271238
2003-10-20,nighttime,6,-0.6273594886652001,0.18241881819741115,-0.2567489625924115
2003-10-21,daytime,6,-0.8214830442401988,0.044957938978153665,-0.5204218143834981
2003-10-21,nighttime,6,-0.27313114752917494,0.600491155691935,-0.05963516831532483
2003-10-22,daytime,6,0.823314386249568,0.04406884054362757,2.4073945666708387
2003-10-22,nighttime,6,0.7107783034615699,0.11337720433627871,11.935814344662454
2003-10-23,daytime,6,-0.07842830887748889,0.8825987429333428,-0.07216039429090781
2003-10-23,nighttime,6,-0.9788784833574402,6.64466348628391e-4,-0.80461638202275
2003-10-24,daytime,6,-0.559732450612283,0.24808352896946403,-0.27598434978576825
2003-10-24,nighttime,6,-0.9031905274438184,0.013604458195692734,-0.2528707940563706
2003-10-25,daytime,6,-0.8775337600856871,0.021578596774645225,-0.43810227042533423
2003-10-25,nighttime,6,-0.9538599087189944,0.0031442480298645684,-0.32856863204123987
2003-10-26,daytime,6,0.7476328742807035,0.08749722331614156,0.6746458728971358
2003-10-26,nighttime,6,0.09522526570165085,0.8575938457187859,0.15579187565481356
2003-10-27,daytime,6,-0.48446508384160614,0.3301559063444525,-0.2547919437910234
2003-10-27,nighttime,6,-0.9631906575219764,0.0020074545417421217,-0.40534667965022086
2003-10-28,daytime,6,-0.9084037874314874,0.012200559253379989,-0.4255005849120175
2003-10-28,nighttime,6,-0.9886699318647794,1.91828442984869e-4,-0.5060640620282357
2003-10-29,daytime,6,0.43449418757030167,0.3892717544839825,0.5305266335748157
2003-10-29,nighttime,6,-0.992898658853765,7.546451218288459e-5,-7.105805643722481
2003-10-30,daytime,6,0.5907284202250929,0.21697768405362272,0.8469998370098323
2003-10-30,nighttime,6,0.04252094810686809,0.9362570174364545,0.033803527362202546
2003-10-31,daytime,6,0.7062792667029031,0.11673788541532247,1.056212249612077
2003-10-31,nighttime,6,-0.07869564784312484,0.8822002095051829,-1.428002486678582
2003-11-01,daytime,6,-0.7703958587842061,0.07302494985776534,-0.6509746575409183
2003-11-01,nighttime,6,-0.9968229453033546,1.5124480736977491e-5,-1.1848833638106477
2003-11-02,daytime,6,-0.7635127481549561,0.0772764113571656,-0.4115301552657249
2003-11-02,nighttime,6,-0.7305095460320273,0.09915177094149738,-0.5569426358874333
2003-11-03,daytime,6,-0.8510186748751273,0.03163980017735602,-0.7293155785770687
2003-11-03,nighttime,6,-0.8954063996882408,0.015837614194857675,-0.45748703267781754
2003-11-04,daytime,6,-0.9208072658989072,0.009158905515890128,-0.45928130799152217
2003-11-04,nighttime,6,-0.999021671690367,1.4352212302753801e-6,-0.7459740651620801
2003-11-05,daytime,6,-0.6681305108382777,0.1469304224132893,-0.8997879771048963
2003-11-05,nighttime,6,-0.40009762450330105,0.43187699884463226,-0.5758214282723061
2003-11-06,daytime,6,-0.9262237286025405,0.007963627488259843,-0.8828616924063359
2003-11-06,nighttime,6,-0.7283388990105799,0.10067536950239954,-2.525800197740686
2003-11-07,daytime,6,0.6594270195061231,0.15423341021563933,2.755851820067764
2003-11-07,nighttime,6,-0.8863036671508469,0.018655416087908588,-0.6152565332619667
2003-11-08,daytime,6,0.878446039595701,0.02126504585124681,4.793347120406262
2003-11-08,nighttime,6,-0.3633639748715319,0.4789421242581935,-0.42668623029759783
2003-11-09,daytime,6,-0.8897769915301813,0.017554111579025655,-1.5575965786994919
2003-11-09,nighttime,6,-0.8407925974377757,0.036002780765917314,-0.9306165700373594
2003-11-10,daytime,6,-0.7716715674602124,0.07224898689484519,-1.063267236419155
2003-11-10,nighttime,6,-0.4556521928256247,0.36382271903497365,-0.885588645559884
2003-11-11,daytime,6,0.676224114341681,0.14027538973663226,9.49946214708957
2003-11-11,nighttime,6,0.05050514307735152,0.924306698872676,0.047551553127267394
2003-11-12,daytime,6,0.6980987196278904,0.12295827165863193,1.1482063294141271
2003-11-12,nighttime,6,-0.8947787579724684,0.01602478565596411,-1.0874109522538897
2003-11-13,daytime,6,-0.9306064180089559,0.007056122503196226,-0.8798429553575017
2003-11-13,nighttime,6,-0.9785581729757852,6.84698958352973e-4,-0.8363886690516257
2003-11-14,daytime,6,-0.9563205007153857,0.0028201799576036816,-3.3461958666280376
2003-11-14,nighttime,6,0.19715748273928227,0.7080956373431129,0.0601820967865679
2003-11-15,daytime,6,-0.038703664037172375,0.9419734924779085,-0.03135780292475918
2003-11-15,nighttime,6,-0.8957968841081592,0.0157217002499873,-2.3425850879668713
2003-11-16,daytime,6,-0.9374942221980954,0.005738354217993817,-1.300632553992816
2003-11-16,nighttime,6,-0.9833729335418209,4.123906546057513e-4,-1.0265608867875933
2003-11-17,daytime,6,-0.981879066349941,4.895771850129174e-4,-1.0037061332689048
2003-11-17,nighttime,6,-0.9230876014905326,0.008645787264561427,-0.7007646872362902
2003-11-18,daytime,6,-0.7565947721276571,0.08165875159474897,-0.951336069803951
2003-11-18,nighttime,6,0.39866746159216515,0.43368006260597014,0.19965430818758292
2003-11-19,daytime,6,-0.9249915242912058,0.008228398120360164,-2.6668437141705903
2003-11-19,nighttime,6,-0.9613807475137501,0.0022083707162787757,-0.7211587031394279
2003-11-20,daytime,6,0.4952803922376336,0.3178262121918177,1.8465311940298907
2003-11-20,nighttime,6,-0.9873747525928036,2.3808909566632645e-4,-0.7989228315837776
2003-11-21,daytime,6,0.8820799866154425,0.020037847803206332,2.5285768553364028
2003-11-21,nighttime,6,-0.9700707040759569,0.0013302393574846985,-0.46132104937909035
2003-11-22,daytime,6,-0.2546754400318423,0.6262459109594816,-0.20291557247999956
2003-11-22,nighttime,6,-0.9023231247443534,0.013845201543285281,-0.3057945109289282
2003-11-23,daytime,6,-0.7752340772148633,0.07010202432074945,-1.0918963370262622
2003-11-23,nighttime,6,-0.8234023999120743,0.0440263192567994,-0.5569729853672816
2003-11-24,daytime,6,-0.8190797521047717,0.046137251059168466,-0.6945991390204799
2003-11-24,nighttime,6,-0.9698572886168266,0.001349180995979129,-0.509697036647196
2003-11-25,daytime,6,-0.8807084944044666,0.02049690826425187,-0.8560346011298485
2003-11-25,nighttime,6,-0.8316469116957497,0.04012834772672896,-0.5023066250257968
2003-11-26,daytime,6,0.9141633034168494,0.01073568797057304,0.8761588345217142
2003-11-26,nighttime,6,-0.9281000408971095,0.007568559016128964,-3.951664958446125
2003-11-27,daytime,6,-0.8842273154541037,0.01932910288046107,-0.7530450542549485
2003-11-27,nighttime,6,-0.9927506818818769,7.863843446119055e-5,-0.5027816041220966
2003-11-28,daytime,6,-0.9966020061477056,1.7299926096425937e-5,-0.9790105979509832
2003-11-28,nighttime,6,-0.969011829604304,0.0014255216025772799,-0.6398577283997848
2003-11-29,daytime,6,-0.9083199460677933,0.012222552358733799,-1.2766790609402745
2003-11-29,nighttime,6,-0.7250282405102142,0.1030189684792719,-0.1538314487363394
2003-11-30,daytime,6,-0.9136424337748111,0.010864432510831412,-1.3371431085643652
2003-11-30,nighttime,6,-0.44034492176275075,0.38217486117716937,-0.4414253195890909
2003-12-01,daytime,6,-0.917488878633137,0.0099312563538143,-0.7318531594990914
2003-12-01,nighttime,6,0.5053289570586686,0.3065262973117817,7.44809597317328
2003-12-02,daytime,6,-0.5386587160974734,0.2701587042927418,-0.7793264112463872
2003-12-02,nighttime,6,-0.8117280883335785,0.049832696554895105,-3.1233834030949468
2003-12-03,daytime,6,0.9976811175772499,8.059588970335403e-6,0.8971054668597243
2003-12-03,nighttime,6,-0.5208659422769377,0.2893568979844865,-1.1900563710860212
2003-12-04,daytime,6,-0.3904637951617465,0.44406974801039717,-0.553261914221998
2003-12-04,nighttime,6,-0.9450727515122931,0.0044426461131704485,-0.6927295395776191
2003-12-05,daytime,6,-0.9120836029661006,0.011254173510871568,-2.1287395459460154
2003-12-05,nighttime,6,-0.9059291187841026,0.012857763870884933,-0.9284132998203655
2003-12-06,daytime,6,0.9002559354353867,0.014427146838275602,4.417510496831006
2003-12-06,nighttime,6,-0.3313770110715711,0.5211288580556489,-1.5051225123631524
2003-12-07,daytime,6,-0.6653042724004087,0.14928533155711743,-5.751932826701129
2003-12-07,nighttime,6,-0.006377474848673378,0.9904339174199097,-0.0065884573092591355
2003-12-08,daytime,6,-0.8327693056216006,0.03961076212242092,-2.0004048500856797
2003-12-08,nighttime,6,-0.8001810791801158,0.05590225659330955,-1.5147060127452263
2003-12-09,daytime,6,-0.3507748425464802,0.49541792893080616,-1.5467724116782584
2003-12-09,nighttime,6,-0.7101246098822019,0.1138628254770097,-1.3628552760731498
2003-12-10,daytime,6,-0.9616784327155828,0.0021746753532226543,-3.030904582626935
2003-12-10,nighttime,6,-0.9302619494788181,0.007125511668558259,-2.078392380696666
2003-12-11,daytime,6,0.5440231210351033,0.2644701744035365,1.0976332408337286
2003-12-11,nighttime,6,-0.7993539636591337,0.056349360324796434,-2.20944825666185
2003-12-12,daytime,6,0.9249167604400708,0.008244598680652575,5.811151992835448
2003-12-12,nighttime,6,0.6849196597498048,0.1332735330262427,3.1719160314193156
2003-12-13,daytime,6,-0.8948062619783997,0.016016561420596147,-21.950913063325306
2003-12-13,nighttime,6,-0.14073138041508954,0.7902965444898188,-0.8608774009005045
2003-12-14,daytime,6,-0.8526971332063741,0.030949103135636136,-12.91951342654527
2003-12-14,nighttime,6,-0.9244053223518386,0.008355837950617104,-0.37207927240949945
2003-12-15,daytime,6,0.3838778792073495,0.45246773061283274,4.845717859216608
2003-12-15,nighttime,6,-0.3529385097591483,0.49257423250709365,-1.0765090248182432
2003-12-16,daytime,6,-0.9609357500974189,0.0022592171029006815,-0.5803999907748418
2003-12-16,nighttime,6,-0.9953625169084203,3.2209506702997055e-5,-0.7898423502894997
2003-12-17,daytime,6,-0.9016344564083479,0.014037788561266855,-2.087751370385864
2003-12-17,nighttime,6,-0.9371499610846438,0.0058010582573494104,-1.0412805281873632
2003-12-18,daytime,6,-0.9810264790865619,5.365765622311162e-4,-0.761609682893341
2003-12-18,nighttime,6,-0.9807871252563197,5.501557658813286e-4,-0.875191134062449
2003-12-19,daytime,6,-0.9849911926035372,3.3620597495419725e-4,-1.1886889951418458
2003-12-19,nighttime,6,-0.9382720295670787,0.005597911151192354,-1.0233330128518814
2003-12-20,daytime,6,-0.8394998248280701,0.03657319251411385,-12.399320397707633
2003-12-20,nighttime,6,0.5695496507187622,0.23805271956035268,1.0649178075757357
2003-12-21,daytime,6,0.1944015919577431,0.7120710224994966,0.3748157708454873
2003-12-21,nighttime,6,-0.5755928713885743,0.23195971084132241,-2.065606796520694
2003-12-22,daytime,6,-0.9190495648041158,0.009564226431199769,-0.5896363290853639
2003-12-22,nighttime,6,-0.9960371813069274,2.352478207361782e-5,-0.896363362665937
2003-12-23,daytime,6,-0.9143224988290306,0.010696487712423463,-0.7365081455548566
2003-12-23,nighttime,6,-0.992501409746846,8.413246510207813e-5,-0.5631484329868061
2003-12-24,daytime,6,-0.19686831194013926,0.7085125576902623,-0.03502857244743013
2003-12-24,nighttime,6,0.9482187227748222,0.003952530419919686,13.66092257850232
2003-12-25,daytime,6,-0.8356069893373431,0.038316227283056975,-0.3006873864473011
2003-12-25,nighttime,6,-0.9662346867116008,0.0016908967164460718,-0.4916673133973447
2003-12-26,daytime,6,-0.5288742477786116,0.28065379943811836,-0.47380156955454134
2003-12-26,nighttime,6,-0.2704067121463568,0.6042759727802889,-0.7189620105267902
2003-12-27,daytime,6,-0.967984436698119,0.0015210865234451668,-1.374688289100526
2003-12-27,nighttime,6,-0.9951536455287151,3.5173813960778915e-5,-0.7701963145343331
2003-12-28,daytime,6,-0.5262399112083535,0.28350553311737686,-0.4454998783975249
2003-12-28,nighttime,6,-0.9856873975519634,3.058099107336879e-4,-0.5321767609794168
2003-12-29,daytime,6,-0.8151878605547481,0.048077112330625456,-0.2445780821966435
2003-12-29,nighttime,6,-0.9722606097497638,0.0011435382905654952,-0.47317076293163934
2003-12-30,daytime,6,-0.5994635903047424,0.20851521219210012,-0.1943119041008691
2003-12-30,nighttime,6,-0.6678875746179361,0.14713221638160154,-1.824627132018133
2003-12-31,daytime,6,-0.8537128888789267,0.030534612164622683,-1.1419474933022946
2003-12-31,nighttime,6,-0.9871119136566372,2.480837809727632e-4,-0.7737789024289894
2004-01-01,daytime,6,0.13410466835576285,0.8000488708064715,0.11063813336612432
2004-01-01,nighttime,6,-0.9376852779951174,0.005703698953507504,-10.246294886246478
2004-01-02,daytime,6,0.04509196514844568,0.932407894692746,0.005261090587734706
2004-01-02,nighttime,6,-0.6060107755024934,0.20226228058045617,-0.2784425165206739
2004-01-03,daytime,6,-0.7450052073061432,0.08924333684872568,-0.2766551821905348
2004-01-03,nighttime,6,-0.9607259547219233,0.0022833868107665326,-0.5668931268113342
2004-01-04,daytime,6,-0.6030729576687788,0.2050584739089982,-0.2991061109756239
2004-01-04,nighttime,6,-0.11114365567953992,0.8339709903906667,-0.02110376192338608
2004-01-05,daytime,6,-0.8851203328554985,0.01903795399094002,-0.23801993497736448
2004-01-05,nighttime,6,-0.8977460071700814,0.015149240883804305,-0.3265502526821368
2004-01-06,daytime,6,-0.676516981756741,0.14003705882879677,-0.17113155976408437
2004-01-06,nighttime,6,-0.8063651196664298,0.05261158201878031,-0.447429671368769
2004-01-07,daytime,6,0.33101589198593556,0.5216111193592994,0.3502888002875081
2004-01-07,nighttime,6,-0.8487512798872544,0.0325842668833125,-0.4003883151345554
2004-01-08,daytime,6,0.7324104365664769,0.09782599679612541,0.8177450249342748
2004-01-08,nighttime,6,-0.44359349780568436,0.37825385098554626,-0.33148012914231445
2004-01-09,daytime,6,0.06934416893850201,0.8961504712549139,0.048649997666197396
2004-01-09,nighttime,6,-0.9292102433216637,0.0073394140278503885,-0.6266370179275571
2004-01-10,daytime,6,-0.8466916374909891,0.03345354299860382,-0.2567229189248419
2004-01-10,nighttime,6,-0.7852916354147004,0.06420052908829278,-5.948429709089811
2004-01-11,daytime,6,-0.9941990607212564,5.037874136982427e-5,-1.0054551309212365
2004-01-11,nighttime,6,-0.6413850480127968,0.16984724443205385,-0.12220385220541947
2004-01-12,daytime,6,-0.8372994272575314,0.037553752372662945,-0.6106240477656671
2004-01-12,nighttime,6,-0.8517639219337264,0.031332237300487946,-1.7445691145574862
2004-01-13,daytime,6,0.27453824528524345,0.5985387771746369,0.23325224468967393
2004-01-13,nighttime,6,-0.49793031937652366,0.3148315989520042,-0.2880329592385616
2004-01-14,daytime,6,-0.7071402643550411,0.11609141232959423,-0.47936287198516653
2004-01-14,nighttime,6,-0.9940271860747447,5.3405220684924e-5,-0.82547878861747
2004-01-15,daytime,6,-0.9952382524488337,3.39573751087771e-5,-0.4630144208557198
2004-01-15,nighttime,6,-0.9491055563302925,0.003819452070910624,-0.6277635475288614
2004-01-16,daytime,6,-0.8618815295386709,0.027297644690539056,-1.1544497130629952
2004-01-16,nighttime,6,-0.978537965889819,6.859854528606421e-4,-1.1792873241287298
2004-01-17,daytime,6,-0.08889533736292606,0.86700823636831,-0.0157642612260978
2004-01-17,nighttime,6,-0.8338881116921588,0.039097963246548996,-0.8222164797118805
2004-01-18,daytime,6,-0.9692399271368388,0.0014047208089199982,-0.39297739951886385
2004-01-18,nighttime,6,-0.9893773434447164,1.686619137338428e-4,-0.618263673027989
2004-01-19,daytime,6,-0.8949484069476946,0.015974089664829317,-0.6346660511119859
2004-01-19,nighttime,6,-0.9874722480296748,2.344337728255266e-4,-0.45439745854774594
2004-01-20,daytime,6,-0.8637414597947807,0.026584670084211955,-1.0373242750210125
2004-01-20,nighttime,6,0.7724147499491406,0.07179867480878264,0.7296137876976695
2004-01-21,daytime,6,0.9706620466767399,0.0012784474421386274,1.7020486213636838
2004-01-21,nighttime,6,-0.9176770921348805,0.009886638048343931,-0.7590057226749974
2004-01-22,daytime,6,-0.9550011559604431,0.0029917849584841965,-1.041793929305732
2004-01-22,nighttime,6,-0.025674368981076806,0.9614969084566543,-0.0037121162859131197
2004-01-23,daytime,6,0.17769483075240147,0.7362631512487745,0.08055532013934935
2004-01-23,nighttime,6,0.9513742765517658,0.003489204658416412,1.372421289335969
2004-01-24,daytime,6,-0.5915081258919574,0.21621679369430263,-0.17457402995779006
2004-01-24,nighttime,6,-0.7397478866265879,0.09278315468006498,-0.12686189321554514
2004-01-25,daytime,6,-0.869324160314737,0.024498540857743754,-0.5797398979652942
2004-01-25,nighttime,6,-0.9889677083110471,1.8189581170140122e-4,-0.4174466946301241
2004-01-26,daytime,6,-0.7866170685947406,0.06344050792183946,-0.5134014721066281
2004-01-26,nighttime,6,-0.9975379526734386,9.085053489469154e-6,-0.5247421377510757
2004-01-27,daytime,6,-0.24549135603364056,0.6391603577035336,-0.18863261657532165
2004-01-27,nighttime,6,-0.6066278240178601,0.2016769697626411,-0.14343790738697532
2004-01-28,daytime,6,0.4311125314316594,0.3933940624669767,0.28785803392091447
2004-01-28,nighttime,6,-0.89297251050621,0.016569331548897608,-0.3407657429817639
2004-01-29,daytime,6,0.8930694384056213,0.016539887731078593,0.2978903770214499
2004-01-29,nighttime,6,-0.8861776349798957,0.018695981591489632,-8.49517370065063
2004-01-30,daytime,6,-0.967447031363286,0.0015722955290594961,-1.162339817671612
2004-01-30,nighttime,6,-0.12003634283059468,0.8208102709970171,-0.35212300303921296
2004-01-31,daytime,6,-0.9635627436188794,0.0019673220862404537,-1.3213597171449118
2004-01-31,nighttime,6,-0.9652366911047803,0.0017917259533611143,-1.6868539681313715
2004-02-01,daytime,6,-0.9310959588991771,0.006958080157916695,-1.0586361433271705
2004-02-01,nighttime,6,-0.23609450915589175,0.6524382631014254,-1.7372904062232468
2004-02-02,daytime,6,-0.9293706585626449,0.007306588436197639,-0.3053608724735312
2004-02-02,nighttime,6,-0.9675434783925939,0.001563043423741821,-3.178350413192409
2004-02-03,daytime,6,-0.9287291795150371,0.0074382836487633846,-0.41632989849377383
2004-02-03,nighttime,6,-0.9614874911939689,0.0021962588684981887,-0.7469518625407374
2004-02-04,daytime,6,0.9899317557000727,1.5154400826135396e-4,0.20495433803021576
2004-02-04,nighttime,6,0.8770664222869003,0.02174006983432909,0.8112967596016786
2004-02-05,daytime,6,-0.7982489573038936,0.056949239752045515,-0.12810805211174764
2004-02-05,nighttime,6,0.9505232623073749,0.003611363129087233,0.15881255619991394
2004-02-06,daytime,6,0.8475682491930896,0.03308224868368757,0.07036446818871404
2004-02-06,nighttime,6,0.9962509415239359,2.1056811853206525e-5,0.1362309544999951
2004-02-07,daytime,6,0.6758614833755064,0.14057073423139077,0.0769121945560111
2004-02-07,nighttime,6,-0.30654260311246134,0.5545887493266668,-0.011622719639819213
2004-02-08,daytime,6,0.6579932175341735,0.1554509248988421,0.06277400406590991
2004-02-08,nighttime,6,-0.15897454737209388,0.7635470533945308,-0.015032369155894804
2004-02-09,daytime,6,0.8908055510046937,0.017234155478634553,0.06994702995185402
2004-02-09,nighttime,6,-0.47219578688237235,0.3443487980968101,-0.01708372712585645
2004-02-10,daytime,6,0.8388185740163735,0.03687547555673857,0.040028337434666196
2004-02-10,nighttime,6,-0.8308333204769366,0.04050549584543252,-0.08614802989482058
2004-02-11,daytime,6,-0.9334166929515714,0.006502412054305118,-0.3304343853403415
2004-02-11,nighttime,6,-0.5393603098442044,0.2694120660834976,-0.25671751594935743
2004-02-12,daytime,6,-0.4218009027980437,0.4048212108517463,-0.10176264339629379
2004-02-12,nighttime,6,-0.6673156876631834,0.14760771868266434,-1.7042863752110233
2004-02-13,daytime,6,-0.59981485452616,0.20817777050267464,-0.18379322406765736
2004-02-13,nighttime,6,-0.9208867469909889,0.009140778963821608,-2.734747315520327
2004-02-14,daytime,6,-0.370612482279012,0.4695337581320297,-0.273856428710067
2004-02-14,nighttime,6,-0.9875459267779114,2.3169007181993308e-4,-0.47489778690039286
2004-02-15,daytime,6,-0.9009643078419504,0.014226428064373044,-0.584070370398695
2004-02-15,nighttime,6,0.6085537736764645,0.19985454053745916,0.280483634285727
2004-02-16,daytime,6,-0.8587459533730176,0.028519858322917795,-0.27478779925256697
2004-02-16,nighttime,6,-0.9725262208902393,0.00112184408632844,-0.3942743306270071
2004-02-17,daytime,6,0.05579953404374729,0.9163875673141673,0.03975411512785942
2004-02-17,nighttime,6,-0.9864667664025069,2.7348332228785145e-4,-0.45326579315904325
2004-02-18,daytime,6,-0.9475131652963045,0.004060004579943292,-0.4600613680993207
2004-02-18,nighttime,6,-0.9952243740938839,3.4155446291181624e-5,-0.5925782129450669
2004-02-19,daytime,6,-0.7635851643246119,0.07723111580439451,-0.3089762518993691
2004-02-19,nighttime,6,-0.916616374131491,0.010139367545811642,-0.5730643396226187
2004-02-20,daytime,6,-0.6172888322988065,0.19167431819134015,-0.28935557840061255
2004-02-20,nighttime,6,-0.9939007618710268,5.5687610649400285e-5,-0.5153231140155595
2004-02-21,daytime,6,-0.967478047384996,0.0015693172356656948,-0.5445030503161115
2004-02-21,nighttime,6,-0.4564326420317623,0.36289551580364543,-0.4815841705639535
2004-02-22,daytime,6,-0.06526928613373106,0.9022350969802542,-0.03083496406004519
2004-02-22,nighttime,6,-0.9756012931616247,8.856831058613277e-4,-1.1135800850564515
2004-02-23,daytime,6,-0.9020370541834559,0.0139250457303422,-0.5126228303368241
2004-02-23,nighttime,6,-0.9882724837995034,2.0549548451209067e-4,-0.5825804596504852
2004-02-24,daytime,6,-0.9669011072182836,0.0016251745291216045,-0.4576577502853609
2004-02-24,nighttime,6,-0.9893137156325928,1.7068484130778689e-4,-0.8690734259886536
2004-02-25,daytime,6,-0.882728088096523,0.019822649193340584,-0.4737630246890622
2004-02-25,nighttime,6,-0.9709259744937618,0.0012556603169569009,-0.407467788802374
2004-02-26,daytime,6,-0.857768794233639,0.028905925398689674,-0.5496873060967226
2004-02-26,nighttime,6,-0.9902556149137284,1.419669315674368e-4,-0.5414911830620479
2004-02-27,daytime,6,-0.9420130086143572,0.004946246381684571,-0.6984979165140788
2004-02-27,nighttime,6,-0.9802983575650938,5.784084292507863e-4,-0.43212788704557287
2004-02-28,daytime,6,-0.9593718307562672,0.002442440798228487,-0.5821741137254777
2004-02-28,nighttime,6,-0.9764429179260974,8.258678359416091e-4,-0.5357536170223635
2004-02-29,daytime,6,-0.9756696031025227,8.807509089943731e-4,-0.45711088155597307
2004-02-29,nighttime,6,-0.9748152372341744,9.43421414961777e-4,-0.4407817203961033
2004-03-01,daytime,6,-0.9718680022906033,0.0011759819804434749,-0.5838518138636214
2004-03-01,nighttime,6,-0.9986143193018724,2.8788361653715413e-6,-0.560367641605292
2004-03-02,daytime,6,-0.9675641090182259,0.0015610678456689441,-0.6358328441171617
2004-03-02,nighttime,6,-0.9971451841807595,1.2213326706239292e-5,-0.6365267083734971
2004-03-03,daytime,6,-0.9468890413284019,0.004156253892688239,-0.6733666047893065
2004-03-03,nighttime,6,-0.9147810153751557,0.0105839711454429,-0.546030512123303
2004-03-04,daytime,6,-0.9640554485844842,0.0019147957908020035,-0.5677400073446929
2004-03-04,nighttime,6,0.4473798525645037,0.37370147636732437,0.16156253880024937
2004-03-05,daytime,6,-0.9703963348698893,0.0013015934982465414,-0.539781165728755
2004-03-05,nighttime,6,-0.9929959006813495,7.341430942187927e-5,-0.5495348881735925
2004-03-06,daytime,6,-0.8089999424395126,0.051237594332367076,-0.7158796732360095
2004-03-06,nighttime,6,-0.465459213086896,0.3522325800291154,-0.6345733530018739
2004-03-07,daytime,6,-0.93637111735965906,0.005944147007804721,-0.8008475279882123
2004-03-07,nighttime,6,-0.9659771465662339,0.0017166401791669276,-1.103242399719416
2004-03-08,daytime,6,-0.5557969044887515,0.25215030946239,-0.2919295755602316
2004-03-08,nighttime,6,-0.8106007021059332,0.05041106635130334,-1.4050605868560762
2004-03-09,daytime,6,-0.8273014380209917,0.042161840506480044,-0.4725597218728807
2004-03-09,nighttime,6,-0.9292174128751248,0.0073379453986492935,-0.38292457103096617
2004-03-10,daytime,6,-0.6322369000771244,0.17800462245888984,-0.5955357131612857
2004-03-10,nighttime,6,-0.9889405389576477,1.8279116719900507e-4,-0.761653905403942
2004-03-11,daytime,6,-0.06997372924082139,0.8952107131211449,-0.2399690739092983
2004-03-11,nighttime,6,-0.8623226230542237,0.02712774870523477,-0.21287615038427035
2004-03-12,daytime,6,-0.8805995964111026,0.02053357124319528,-0.9428322347033806
2004-03-12,nighttime,6,-0.943872140956869,0.0046370940179378374,-0.2953376951664454
2004-03-13,daytime,6,-0.9470617595756694,0.00412950736969372,-0.5094053265798851
2004-03-13,nighttime,6,0.1368077248769377,0.7960686835606402,0.1890285853119797
2004-03-14,daytime,6,-0.3789547533466326,0.45877809173206757,-0.13424808074923697
2004-03-14,nighttime,6,-0.9347782147016502,0.0062420990505730346,-0.509281715545148
2004-03-15,daytime,6,-0.894351522107476,0.01615279824954955,-0.6948324141229698
2004-03-15,nighttime,6,-0.9388012359387713,0.005503329563494448,-0.5818284246658144
2004-03-16,daytime,6,0.03059847108478253,0.954116617533511,0.015902786775142095
2004-03-16,nighttime,6,0.6539122422158713,0.15893847311836196,1.1171879944679786
2004-03-17,daytime,6,0.34910813541353825,0.4976118340040071,0.30167211549132167
2004-03-17,nighttime,6,-0.8756800263331506,0.0222224728464916,-0.2307486453404474
2004-04-01,daytime,6,-0.30334518263483806,0.558938880031243,-0.3880161192813735
2004-04-01,nighttime,6,-0.9686027368119255,0.0014632066787796801,-0.3923639004621616
2004-04-02,daytime,6,-0.8084716174357,0.051511752543893424,-1.324737533252607
2004-04-02,nighttime,6,-0.5524206219589272,0.25565976538098234,-0.455052484988658
2004-04-03,daytime,6,-0.5546389073415026,0.25335184666293764,-0.8530008744540096
2004-04-03,nighttime,6,-0.9943177845873814,4.833962552348661e-5,-0.915728591301161
2004-04-04,daytime,6,-0.551413905203419,0.25670985237474875,-0.28604696744806596
2004-04-04,nighttime,6,0.345098309943063,0.5029019045988974,0.23474161901091609
2004-04-05,daytime,6,-0.23484977395342255,0.6542018401732101,-0.10989973666484772
2004-04-05,nighttime,6,-0.9132454551338383,0.010963054002265394,-0.5115151527908455
2004-04-06,daytime,6,-0.7103317105352644,0.11370887432054416,-0.4058753202989018
2004-04-06,nighttime,6,-0.9924992155902586,8.418164645063606e-5,-0.5448121046166848
2004-04-07,daytime,6,0.2890939558445149,0.5784396254895852,0.13393361082222607
2004-04-07,nighttime,6,0.47399771232864296,0.3422508725334817,0.27913901197572816
2004-04-08,daytime,6,0.014289025343325136,0.9785679207247838,0.005151226130479887
2004-04-08,nighttime,6,0.4160310177150758,0.4119571737303011,0.7165442908326233
2004-04-09,daytime,6,-0.8900650706852796,0.01746421335958242,-0.8765129180371117
2004-04-09,nighttime,6,-0.9988116623036414,2.1173806674324502e-6,-0.4649762921965475
2004-04-10,daytime,6,-0.6628218148321364,0.15136694581021692,-0.5643545266856687
2004-04-10,nighttime,6,-0.9874158336003221,2.3654544383945128e-4,-1.3240026920618235
2004-04-11,daytime,6,-0.6205340023332878,0.18867116751897706,-0.7081587199228994
2004-04-11,nighttime,6,-0.9508739827431832,0.00356076883791891,-0.6905033059946574
2004-04-12,daytime,6,-0.7629656070554913,0.07761903051137513,-0.6637798920944611
2004-04-12,nighttime,6,-0.9925389874759092,8.329239682460936e-5,-0.6023500274181649
2004-04-13,daytime,6,-0.5596306927778084,0.24818835325655625,-0.3957421119222281
2004-04-13,nighttime,6,-0.9769263008687812,7.924512195473525e-4,-0.36173558510602827
2004-04-14,daytime,6,-0.3661993268771886,0.475255031047349,-0.16793188242173485
2004-04-14,nighttime,6,-0.9814410909457202,5.134535065894113e-4,-0.30607984329122584
2004-04-15,daytime,6,-0.15524464785175585,0.7690037961423681,-0.9235505573456316
2004-04-15,nighttime,6,-0.9140649773437348,0.010759934492542653,-0.17827642770744134
2004-04-16,daytime,6,-0.16787420229201716,0.7505541907771297,-0.2789718061710192
2004-04-16,nighttime,6,0.5073656844732142,0.30425449475482647,0.18676041700457005
2004-04-17,daytime,6,-0.3507183016196989,0.4954923065559163,-0.13784493996887123
2004-04-17,nighttime,6,0.2356355945740232,0.6530883392359879,0.2267912371447694
2004-04-18,daytime,6,0.6272536514513936,0.1825151014541066,0.3769475225917822
2004-04-18,nighttime,6,0.0013163386832608162,0.9980254931155501,3.0608435910506137e-4
2004-04-19,daytime,6,-0.8667544077559526,0.025448734816534185,-0.43691459374672154
2004-04-19,nighttime,6,-0.9922632562850521,8.955425504542448e-5,-0.2898031780791011
2004-04-20,daytime,6,-0.798588136746965,0.056764796778878815,-1.4658623491916563
2004-04-20,nighttime,6,-0.9269894710889921,0.007801213322808003,-0.14336381014049931
2004-04-21,daytime,6,-0.7435860192443082,0.09019282448084345,-0.4038512769821215
2004-04-21,nighttime,6,-0.7521933650092918,0.08450352169494929,-1.5391907401838665
2004-04-22,daytime,6,-0.8378819041129933,0.037292999168498445,-0.22450774829197262
2004-04-22,nighttime,6,-0.03239188946397251,0.9514291591480635,-0.0023424266447661032
2004-04-23,daytime,6,-0.9267356109202004,0.007854876503280787,-0.16904343088493795
2004-04-23,nighttime,6,-0.9662993673261806,0.001684461509621327,-0.07794586423907751
2004-04-24,daytime,6,-0.8958749936035899,0.015698562893077132,-0.2188293559913285
2004-04-24,nighttime,6,-0.3622562256296352,0.4803850264598771,-0.008897058399264145
2004-04-25,daytime,6,-0.6735645768525594,0.14244763493013793,-0.13960399508837676
2004-04-25,nighttime,6,0.5754207901511335,0.23213234064413382,0.023672520646640546
2004-04-26,daytime,6,-0.03053212778037219,0.9542160395194828,-0.007516031115656123
2004-04-26,nighttime,6,0.8406358159225527,0.03607173318709691,0.0411168692875162
2004-04-27,daytime,6,-0.2706978367740584,0.6038712506854167,-0.36811990728543265
2004-04-27,nighttime,6,0.4451140266031401,0.37642340145204073,0.016493453352721392
2004-04-28,daytime,6,0.0077309415265262955,0.9884038187395677,0.027173152990255484
2004-04-28,nighttime,6,0.9859080946542276,2.9647349647306975e-4,0.10392317202423643
2004-04-29,daytime,6,-0.7215862001853485,0.1054808482950789,-1.6577989438366039
2004-04-29,nighttime,6,-0.38484856128865685,0.45122681330499703,-0.1478939844715678
2004-04-30,daytime,6,0.8647722646554774,0.02619338688639003,0.385127483890105
2004-04-30,nighttime,6,-0.9473748871467849,0.004081233694597171,-0.7368749856029025
2004-05-01,daytime,6,-0.7964988238098097,0.05790532356524069,-0.3812502101637001
2004-05-01,nighttime,6,-0.8765522439889555,0.021918391010757963,-0.2601928961445059
2004-05-02,daytime,6,-0.92383042585433806,0.008481745567346577,-1.405922158185649
2004-05-02,nighttime,6,-0.9854982867596275,3.139246774819684e-4,-0.48713042308984394
2004-05-03,daytime,6,-0.4373226417542347,0.38583525398123114,-0.2120288096535065
2004-05-03,nighttime,6,-0.9794534028952471,6.28906975909894e-4,-0.54257447896646
2004-05-04,daytime,6,-0.6439287288636376,0.16760756555221626,-1.0771296606213392
2004-05-04,nighttime,6,-0.966038127678612,0.0017105271966441086,-0.34117350756237474
2004-05-05,daytime,6,-0.47797121795660713,0.33764098530444053,-0.1682618247522022
2004-05-05,nighttime,6,-0.979445389270178,6.293959538548222e-4,-0.4704122882393927
2004-05-06,daytime,6,-0.34049375746357896,0.5089971057451852,-0.12136773772193862
2004-05-06,nighttime,6,-0.9512035620007631,0.0035135441292279794,-0.5022095818014206
2004-05-07,daytime,6,-0.5857573110121812,0.22185410560438298,-0.26657106386924717
2004-05-07,nighttime,6,-0.9903135592339729,1.4028627657930226e-4,-0.4278509757276102
2004-05-08,daytime,6,0.20708795672503816,0.6938085921014974,0.15770802017403684
2004-05-08,nighttime,6,-0.9970511813460633,1.3030476408029295e-5,-0.6248022875441476
2004-05-09,daytime,6,0.6626428492416034,0.1515174878673424,0.34757226910065464
2004-05-09,nighttime,6,-0.9109613210865127,0.011538885250725306,-0.6664009421199587
2004-05-10,daytime,6,-0.6308498585409882,0.17925535831306919,-0.2356645353260625
2004-05-10,nighttime,6,-0.6157326943334599,0.19312132640369925,-0.4271147553314252
2004-05-11,daytime,6,0.2522954417329941,0.6295865170051599,0.08951799085480147
2004-05-11,nighttime,6,-0.9511447068151907,0.0035219546322759207,-0.3516234272772913
2004-05-12,daytime,6,0.8428771655346261,0.035091885991321695,0.4667190670948766
2004-05-12,nighttime,6,-0.9275704451473054,0.007679076438198411,-0.4351718977700735
2004-05-13,daytime,6,0.5683917786609973,0.23922727461058158,0.41783254036627987
2004-05-13,nighttime,6,-0.9889984248652095,1.808861972417572e-4,-0.9725826859240517
2004-05-14,daytime,6,-0.9258872519346212,0.008035509614331795,-0.5377921263998637
2004-05-14,nighttime,6,-0.8487140932313176,0.03259986591348207,-0.6547089381636675
2004-05-15,daytime,6,-0.6956790601388262,0.12482508270404616,-0.38598260534743417
2004-05-15,nighttime,6,-0.9965529642862953,1.780260388300097e-5,-0.8337194714493659
2004-05-16,daytime,6,-0.7477986181957994,0.08738760331704724,-0.5675666372769789
2004-05-16,nighttime,6,-0.9960442532496614,2.34409489004443e-5,-0.5765522936443356
2004-05-17,daytime,6,-0.5699737799912952,0.23762305227960873,-0.42684306060829424
2004-05-17,nighttime,6,-0.9750669871926039,9.247328238508817e-4,-0.5235776953546095
2004-05-18,daytime,6,-0.7605548598943176,0.0791367918276052,-0.7923274068769603
2004-05-18,nighttime,6,-0.9940752296350078,5.255036749452394e-5,-0.6102465472110421
2004-05-19,daytime,6,-0.2973057924575374,0.5671808499565929,-0.15880572687168842
2004-05-19,nighttime,6,-0.9948534393864974,3.966247052551503e-5,-0.5258201924225039
2004-05-20,daytime,6,0.2778236098361691,0.5939866260111952,0.5074167773959796
2004-05-20,nighttime,6,-0.9868175540195978,2.595199208593557e-4,-0.6824208116648007
2004-05-21,daytime,6,0.2976420883628797,0.5667210447162525,2.349249930383195
2004-05-21,nighttime,6,-0.975913828479739,8.632287679225984e-4,-0.5325735315242383
2004-05-22,daytime,6,-0.5548996762888806,0.25308107812848274,-0.926590240192049
2004-05-22,nighttime,6,-0.9972548827096573,1.1293160259059653e-5,-0.7680225824762558
2004-05-23,daytime,6,-0.8111835177816495,0.050111685049143706,-0.7476477144543173
2004-05-23,nighttime,6,-0.9894601269397407,1.660479546102226e-4,-0.520496903031313
2004-05-24,daytime,6,-0.7666638119618512,0.07531657998333079,-1.24298230278786
2004-05-24,nighttime,6,-0.9809740340436822,5.39537491066766e-4,-0.4930108119816437
2004-05-25,daytime,6,-0.6708838251161563,0.14465167136549809,-1.0293764029019237
2004-05-25,nighttime,6,-0.9843265899366714,3.665585426090757e-4,-0.5125895244389687
2004-05-26,daytime,6,0.04272143805654111,0.9359568288178212,0.04605369683182465
2004-05-26,nighttime,6,-0.9817280475765361,4.977461922443887e-4,-0.8139746381779471
2004-05-27,daytime,6,-0.7248326450668241,0.10315817645063946,-0.3628063104485285
2004-05-27,nighttime,6,-0.9671062390254436,0.0016052037499313242,-0.5491648874359013
2004-05-28,daytime,6,-0.9872473288686973,2.4290894406210387e-4,-0.9555650556226242
2004-05-28,nighttime,6,-0.965306842347236,0.0017845441761454323,-0.4776822898454304
2004-05-29,daytime,6,-0.6302235158286023,0.17982134362280086,-0.5610262458650417
2004-05-29,nighttime,6,-0.8737341915155339,0.022908050262080083,-1.5230012928090666
2004-05-30,daytime,6,-0.6936333951961247,0.1264128839836429,-0.6410048690553565
2004-05-30,nighttime,6,-0.9753711786235578,9.023986026090334e-4,-0.5426766446185327
2004-05-31,daytime,6,-0.8154001418087135,0.047970346847016426,-0.7569262717439091
2004-05-31,nighttime,6,-0.8983321408817558,0.014979092896864386,-0.41379546994827554
2004-06-01,daytime,6,0.42233083015494943,0.40416792140260954,0.12448048275444919
2004-06-01,nighttime,6,-0.19391019940868237,0.7127803256306987,-0.06981861152277385
2004-06-02,daytime,6,-0.7160247345347922,0.10951276731639202,-1.292686043337278
2004-06-02,nighttime,6,-0.9187936334255957,0.009623954322948186,-0.5720362105643132
2004-06-03,daytime,6,-0.7200323456260334,0.10660063464970906,-0.7501509345888744
2004-06-03,nighttime,6,-0.9718750486787117,0.0011753957307690285,-0.7094392182377113
2004-06-04,daytime,6,-0.8541192995929714,0.030369511496008427,-0.888127583311223
2004-06-04,nighttime,6,-0.3603543002118011,0.48286549345117546,-0.5697803267262771
2004-06-05,daytime,6,-0.7930808835206719,0.05979360628277341,-0.7453385370662627
2004-06-05,nighttime,6,-0.9166051944042741,0.010142047740133896,-0.7472376887187937
2004-06-06,daytime,6,-0.8961147456067758,0.015627646700014618,-0.6597590108195895
2004-06-06,nighttime,6,-0.8144924534694387,0.04842763450933113,-0.7211963354202291
2004-06-07,daytime,6,-0.9104475659671438,0.011670368590576722,-0.6765504263308151
2004-06-07,nighttime,6,-0.6546618268629492,0.15829543245080632,-0.3426642981900047
2004-06-08,daytime,6,-0.885812870564832,0.018813624900500387,-0.5697450507600399
2004-06-08,nighttime,6,-0.9772964395967373,7.673261885849463e-4,-0.5330207472300277
2004-06-09,daytime,6,-0.908019380545577,0.012301553536405795,-0.5552238199816174
2004-06-09,nighttime,6,-0.9913088133138093,1.1297683712760177e-4,-0.8863512726319619
2004-06-10,daytime,6,-0.5990318475226074,0.2089302695118603,-0.9014700547772926
2004-06-10,nighttime,6,0.596018728161971,0.21183625488478583,0.18064639208353597
2004-06-11,daytime,6,-0.5205918606621942,0.28965654102821276,-0.47838188404778964
2004-06-11,nighttime,6,-0.33166592209266943,0.5207431213182745,-0.31857739962938186
2004-06-12,daytime,6,-0.9487829810534786,0.0038675987371845767,-0.46088115304420996
2004-06-12,nighttime,6,0.10164824915254868,0.8480527597561756,0.058148937735066464
2004-06-13,daytime,6,-0.8899396225968552,0.017503333559710777,-0.4878448475907511
2004-06-13,nighttime,6,-0.8092804437149713,0.05109231200326832,-0.3358038975180415
2004-06-14,daytime,6,-0.9095762087523618,0.011895019687811715,-0.5980855248008888
2004-06-14,nighttime,6,-0.9591857851882664,0.0024647060338636364,-0.5877302407789567
2004-06-15,daytime,6,-0.6718176198361779,0.14388228782547496,-0.8911270360696253
2004-06-15,nighttime,6,-0.9801184982341214,5.889818472174422e-4,-0.2980062821708651
2004-06-16,daytime,6,-0.9192098356508409,0.009526915235757048,-0.6350758675456027
2004-06-16,nighttime,6,-0.9284655012295107,0.007492749156842813,-0.9570077755773714
2004-06-17,daytime,6,-0.9525044001902315,0.0033301769549488576,-0.8447615301898141
2004-06-17,nighttime,6,-0.9736703710167538,0.0010307475443407277,-0.6119165742295539
2004-06-18,daytime,6,0.10417183784898633,0.8443074677327259,0.1487482028378856
2004-06-18,nighttime,6,-0.7105016087631918,0.11358264635069412,-0.6641084557398391
2004-06-19,daytime,6,-0.8926796233513645,0.01665845488727809,-1.5369844040664968
2004-06-19,nighttime,6,-0.999391557353496,5.551910576465936e-7,-0.47822192177272516
2004-06-20,daytime,6,-0.9014306285399887,0.014095035372461756,-1.01122134676439
2004-06-20,nighttime,6,-0.9970318108088404,1.3202145520115335e-5,-1.4912617835353776
2004-06-21,daytime,6,-0.9149109865049933,0.010552182131991581,-1.9656010117329665
2004-06-21,nighttime,6,-0.9627245794228052,0.0020582891721732098,-0.4807121833815589
2004-06-22,daytime,6,-0.9520557331061115,0.0033928754820450025,-0.6592697835198615
2004-06-22,nighttime,6,-0.9790918844871785,6.511539574754669e-4,-0.3935661468618516
2004-06-23,daytime,6,-0.24228032520641907,0.6436904101748151,-0.33810054368078063
2004-06-23,nighttime,6,0.8393635745003718,0.03663355571889263,9.54519350666121
2004-06-24,daytime,6,0.7048592773728222,0.11780750338523582,0.1684448596555708
2004-06-24,nighttime,6,-0.9908022728220096,1.265082223473156e-4,-0.87035638187725906
2004-06-25,daytime,6,-0.9654107759371894,0.001773930108656381,-0.4567983482041622
2004-06-25,nighttime,6,-0.9298924588405874,0.007200309348648959,-0.9894541916897646
2004-06-26,daytime,6,-0.6817653913738179,0.13579557008600526,-0.7468084603010744
2004-06-26,nighttime,6,-0.9291454850326675,0.007352685769330313,-0.507644809971696
2004-06-27,daytime,6,-0.9850229281139148,3.3478924983770504e-4,-0.5562896439809825
2004-06-27,nighttime,6,-0.997493875299367,9.413121462831371e-6,-1.0998507587006356
2004-06-28,daytime,6,-0.9655096219484025,0.0017638646287086372,-0.49886514792978176
2004-06-28,nighttime,6,-0.9926414300872932,8.102359879059872e-5,-0.710821488374015
2004-06-29,daytime,6,-0.9869166985229344,2.5563941378307133e-4,-0.6250616096745375
2004-06-29,nighttime,6,-0.9852524332415769,3.246323584459132e-4,-1.1968579671128554
2004-06-30,daytime,6,-0.9653641396295687,0.0017786889047337246,-0.7667017239418308
2004-06-30,nighttime,6,-0.9645119495854941,0.0018667557274285919,-0.6112128282572575
2004-07-01,daytime,6,-0.7682182406930252,0.0743581952320519,-0.7289042105340964
2004-07-01,nighttime,6,-0.9882128438239023,2.0758673972183706e-4,-0.45284581221446407
2004-07-02,daytime,6,-0.9110138597589272,0.011525479881588422,-0.36437862451227443
2004-07-02,nighttime,6,-0.9387962407033316,0.005504218642439247,-0.3131272834855067
2004-07-03,daytime,6,-0.9321450925408067,0.006750220915545569,-0.541858013048964
2004-07-03,nighttime,6,-0.9076788800869817,0.012391348587734758,-0.42902241334090674
2004-07-04,daytime,6,-0.9375758866730423,0.00572352868329237,-2.273846383927171
2004-07-04,nighttime,6,-0.7160257876464564,0.10951199753205945,-0.5267966858723643
2004-07-05,daytime,6,-0.9005025389390753,0.014357117402090627,-0.46781753430149353
2004-07-05,nighttime,6,-0.9492900623510107,0.0037920464185946085,-0.5992150391737376
2004-07-06,daytime,6,-0.8759524703881644,0.02212727576099189,-0.4524134114421676
2004-07-06,nighttime,6,-0.8774268548896594,0.021615483606846595,-0.3956122961901364
2004-07-07,daytime,6,-0.9322682704683244,0.006726018170807468,-0.3464431256160846
2004-07-07,nighttime,6,-0.9804755297070181,5.68085998066851e-4,-2.443756344742392
2004-07-08,daytime,6,-0.5198836538533547,0.29043133978051316,-19.49353988795173
2004-07-08,nighttime,6,0.31123158455553496,0.5482263623266526,0.07222005854230472
2004-07-09,daytime,6,-0.9720728921155721,0.001158994530347328,-0.37731722343182794
2004-07-09,nighttime,6,-0.9532493011481089,0.003227351950161836,-2.179534509371474
2004-07-10,daytime,6,-0.8285171447195304,0.04158821036676532,-1.0730590314472683
2004-07-10,nighttime,6,-0.9895320600228916,1.6379312430071837e-4,-0.8421752663532048
2004-07-11,daytime,6,-0.8282175131738747,0.04172925033351015,-0.24458930569918552
2004-07-11,nighttime,6,-0.953314872198767,0.003218376591678364,-2.1683247668681256
2004-07-12,daytime,6,0.0805659122677001,0.8794126028776417,0.04626334428201364
2004-07-12,nighttime,6,-0.9404362419971428,0.005216100521791738,-0.8310153382245945
2004-07-13,daytime,6,-0.9628540853825924,0.0020441011402707195,-0.6035729532784663
2004-07-13,nighttime,6,-0.9935263616694213,6.272634125702426e-5,-0.43149438288098635
2004-07-14,daytime,6,-0.8497694327648202,0.03215854138610865,-0.6702354270178082
2004-07-14,nighttime,6,-0.28736628913713097,0.5808158318829887,-0.06920180367081134
2004-07-15,daytime,6,-0.9670198804750259,0.001613596381018207,-6.6307267048534255
2004-07-15,nighttime,6,-0.9360795138617864,0.005998158748680898,-1.4984145986840671
2004-07-16,daytime,6,0.7220813649511767,0.10512510511405448,0.19843635421028336
2004-07-16,nighttime,6,-0.36813436158393736,0.47274377726529687,-1.4231675394117436
2004-07-17,daytime,6,-0.8258556634390087,0.04284880259489317,-2.3479959245418485
2004-07-17,nighttime,6,-0.9737824492463075,0.0010220295038663734,-0.6179782792266709
2004-07-18,daytime,6,-0.9373153074645395,0.005770900320985368,-0.4362813276715889
2004-07-18,nighttime,6,-0.9952971558278203,3.3123109163020746e-5,-1.5560126143898068
2004-07-19,daytime,6,-0.936189843918142,0.005977694973332269,-0.7035829368732103
2004-07-19,nighttime,6,-0.9906431036459082,1.3091765887236116e-4,-0.4703481565132535
2004-07-20,daytime,6,-0.9845514957274631,3.5614098507436655e-4,-0.4904750283121623
2004-07-20,nighttime,6,-0.9117445871186846,0.011339815358799134,-0.2748254799996176
2004-07-21,daytime,6,-0.9388020327563056,0.00550318774811129,-0.3282779892062917
2004-07-21,nighttime,6,-0.9902165944278243,1.4310432743206206e-4,-0.603963051844749
2004-07-22,daytime,6,-0.9693544972694709,0.0013943299429221775,-0.5793813949647973
2004-07-22,nighttime,6,-0.9763486018685881,8.324677887144522e-4,-0.5693477151378089
2004-07-23,daytime,6,-0.9635141964380463,0.001972535588616276,-0.4362178321965226
2004-07-23,nighttime,6,-0.9953795398081016,3.197365827812971e-5,-0.3161750427028267
2004-07-24,daytime,6,-0.9726722295506217,0.0011100062709522842,-0.49686495465704467
2004-07-24,nighttime,6,-0.99231172374301,8.843716227008122e-5,-0.4696440116892396
2004-07-25,daytime,6,-0.709850636100516,0.11406662809466171,-0.43503577851095127
2004-07-25,nighttime,6,-0.7658461744696685,0.07582292640234008,-0.8787196634017426
2004-07-26,daytime,6,-0.6830479573419116,0.13476761720214853,-0.22868719389425649
2004-07-26,nighttime,6,-0.8511356622729795,0.03159142571543822,-0.4940171030777229
2004-07-27,daytime,6,-0.7452256009091348,0.08909628923495079,-0.5457116858840185
2004-07-27,nighttime,6,0.994216267229497,5.00806096852205e-5,1.4050987337010385
2004-07-28,daytime,6,-0.949079179058694,0.0038233779457472815,-0.4688180047126554
2004-07-28,nighttime,6,-0.9792659992804705,6.403914178887334e-4,-1.3672988403781403
2004-07-29,daytime,6,-0.9655507984989182,0.001759679974488525,-0.5630845556935445
2004-07-29,nighttime,6,-0.966734535159826,0.001641481092035715,-0.4490810303953604
2004-07-30,daytime,6,-0.6924834600022877,0.12730926405432164,-0.2248976672373587
2004-07-30,nighttime,6,-0.8565709370408999,0.029382540261435688,-0.5551754893158467
2004-07-31,daytime,6,-0.9028789490224005,0.013690700728570116,-0.3652046573200966
2004-07-31,nighttime,6,-0.8687719524956912,0.024701274667814646,-0.32236488017209397
2004-08-01,daytime,6,-0.968128902003948,0.0015074635282050144,-0.475372688521444
2004-08-01,nighttime,6,-0.9793556383608479,6.348852944208931e-4,-0.46842826664439
2004-08-02,daytime,6,-0.938982902613044,0.005471043304478789,-1.4297036075927372
2004-08-02,nighttime,6,-0.07861591276210514,0.8823190721773102,-0.008579767842038098
2004-08-03,daytime,6,0.07260829196171661,0.8912789562103232,0.036403112451188414
2004-08-03,nighttime,6,-0.6450548811120976,0.16661999161797525,-0.4815072319385481
2004-08-04,daytime,6,0.6253945699290485,0.1842097969100329,0.7045765157804033
2004-08-04,nighttime,6,0.18248562821424258,0.7293100350422432,0.4819937092740996
2004-08-05,daytime,6,-0.9338805803260314,0.006413136786187546,-0.35703984377408793
2004-08-05,nighttime,6,-0.9619715445912045,0.0021417474505876647,-0.43604783842871797
2004-08-06,daytime,6,-0.6933721342552324,0.12661629675284852,-0.10380622500444395
2004-08-06,nighttime,6,0.012542134744812541,0.9811877843539369,0.015095905133391967
2004-08-07,daytime,6,-0.958628225748966,0.002532029102261442,-0.43080640990554764
2004-08-07,nighttime,6,-0.9859156131902086,2.961579681453899e-4,-0.6013078617483556
2004-08-08,daytime,6,-0.9456374461048355,0.004352602417370067,-0.8081435416748117
2004-08-08,nighttime,6,-0.8945542345446607,0.016091998491860167,-0.4578485685441213
2004-08-09,daytime,6,0.7304632956662663,0.09918412697509948,1.1941377101288846
2004-08-09,nighttime,6,0.9850337968820261,3.3430473441950644e-4,1.3198264596585936
2004-08-10,daytime,6,0.9896952660598597,1.587341951837645e-4,1.3997027865884468
2004-08-10,nighttime,6,0.45238363584047536,0.3677149175582854,0.3667144634173222
2004-08-11,daytime,6,-0.8611069375823734,0.027597211509442773,-0.3708730089300861
2004-08-11,nighttime,6,-0.9947646909866361,4.104094481805484e-5,-1.418092952993265
2004-08-12,daytime,6,-0.7958895413854188,0.058239887971013184,-1.1136633011505248
2004-08-12,nighttime,6,-0.836458062359183,0.037931904550847065,-0.49608819262399434
2004-08-13,daytime,6,-0.6702395062190845,0.14518356984090836,-0.15329475845709348
2004-08-13,nighttime,6,-0.7610423234493507,0.07882882296821858,-0.4564815347471145
2004-08-14,daytime,6,-0.9833213427203216,4.149465984806531e-4,-0.552960113904166
2004-08-14,nighttime,6,-0.9579713676130619,0.002612489097518741,-0.7905954301618107
2004-08-15,daytime,6,-0.8877396959021133,0.01819619054011875,-0.4080429749925296
2004-08-15,nighttime,6,-0.9716714637554972,0.0011923920389654873,-0.6047067942743757
2004-08-16,daytime,6,-0.7752393831246153,0.07009884866999487,-0.30283900030482896
2004-08-16,nighttime,6,0.33272282288730864,0.519332718694278,0.08495487253894397
2004-08-17,daytime,6,0.1385326459876408,0.7935303413877125,0.019789927590297626
2004-08-17,nighttime,6,0.8192440766212353,0.04605616337914011,2.156655928425044
2004-08-18,daytime,6,-0.854577575182276,0.030183848888128563,-0.4352422665231141
2004-08-18,nighttime,6,-0.9040005529358336,0.013381480398679476,-1.0062827977490245
2004-08-19,daytime,6,-0.8406507964806431,0.03606514206740049,-0.23493816598025297
2004-08-19,nighttime,6,-0.9904449751905798,1.3651156895092985e-4,-0.9240583486963565
2004-08-20,daytime,6,-0.6836123484900829,0.13431633578932212,-0.8879546383646068
2004-08-20,nighttime,6,-0.9742189414219362,9.884266144791906e-4,-0.5061698488547338
2004-08-21,daytime,6,0.5914028199656224,0.2163194954718358,0.3715354670912551
2004-08-21,nighttime,6,-0.9642035369577939,0.0018991455924861492,-0.37372502831432275
2004-08-22,daytime,6,-0.9000142225479032,0.014495946846928202,-0.5485986587956077
2004-08-22,nighttime,6,-0.99825154464886,4.582971574364562e-6,-0.4270680645405443
2004-08-23,daytime,6,-0.7072353782467371,0.11602009326309018,-1.250402234959995
2004-08-23,nighttime,6,0.9052449136751191,0.013042409055339755,0.4297284925489272
2004-08-24,daytime,6,-0.4270561674539045,0.3983583537734247,-0.26846808876281303
2004-08-24,nighttime,6,-0.9884759836161665,1.9843921871565487e-4,-1.5557569836873397
2004-08-25,daytime,6,-0.6704233690621948,0.14503170214024882,-0.7763621103823827
2004-08-25,nighttime,6,-0.9241417013934398,0.008413459614480008,-0.48687543119086796
2004-08-26,daytime,6,-0.8778564778328676,0.021467427964161494,-10.04382549039256
2004-08-26,nighttime,6,-0.9916172211564407,1.0511193866303066e-4,-0.9203978590319646
2004-08-27,daytime,6,0.5308180414110064,0.2785566519131726,0.2237390847419047
2004-08-27,nighttime,6,-0.9133541042656808,0.010936019353011788,-2.0426472063109733
2004-08-28,daytime,6,-0.6200056131598398,0.18915881683750585,-0.4635166414199846
2004-08-28,nighttime,6,-0.9813753563864862,5.170857910874364e-4,-0.40717483344425764
2004-08-29,daytime,6,-0.5158086831290146,0.29490464273583544,-0.22483751985665934
2004-08-29,nighttime,6,-0.9349216520172048,0.006214977435178625,-0.6685083717486865
2004-08-30,daytime,6,-0.5063196383879638,0.3054204863818763,-0.13384225516432047
2004-08-30,nighttime,6,-0.9511541234354081,0.003520608317506726,-0.5251474938526642
2004-08-31,daytime,6,-0.4271718219674965,0.39821651965190535,-0.32089959779435123
2004-08-31,nighttime,6,-0.8067289240085831,0.05242086747485908,-0.24325752166925613
2004-09-03,daytime,6,-0.5832703805923986,0.22430998563594357,-0.48591642267108387
2004-09-03,nighttime,6,-0.994423254675361,4.656341398749032e-5,-0.7410942008878743
2004-09-04,daytime,6,-0.666072399416156,0.14864372390553818,-0.6119367802148887
2004-09-04,nighttime,6,-0.7770715486083513,0.06900619350874469,-1.0193070446362904
2004-09-05,daytime,6,-0.8144818859763642,0.048432970205405615,-0.5775420528602137
2004-09-05,nighttime,6,-0.9958804771068961,2.542074818270888e-5,-0.5125797549342986
2004-09-06,daytime,6,0.28749289056444255,0.5806416186537089,0.39998102677700553
2004-09-06,nighttime,6,-0.9595580418379879,0.0024202555075938793,-0.6894479273902143
2004-09-07,daytime,6,0.12014340502977605,0.8206519937071541,0.1334529582291813
2004-09-07,nighttime,6,-0.9965828076154031,1.749585406408274e-5,-0.389226248491786
2004-09-08,daytime,6,-0.19732056877442233,0.7078605251520501,-0.31025745156033147
2004-09-08,nighttime,6,-0.9896476673742539,1.602014523540972e-4,-0.7244914182143851
2004-09-09,daytime,6,-0.19492361348256487,0.7113176620866499,-0.41790625444331053
2004-09-09,nighttime,6,-0.6309777687900687,0.17913986538151067,-0.8055734760017664
2004-09-10,daytime,6,-0.8243296923153803,0.04357948764865953,-1.3074984564428953
2004-09-10,nighttime,6,-0.9985199669617388,3.2841256869638623e-6,-0.5947233742554795
2004-09-11,daytime,6,0.8868190628128774,0.018489967181321735,3.2869731282086105
2004-09-11,nighttime,6,-0.8617624855067403,0.027343583096678517,-1.6637865355756694
2004-09-12,daytime,6,0.6669831164489228,0.14788454015257724,1.772245548384669
2004-09-12,nighttime,6,-0.9416644296821722,0.005005299042894602,-1.3661668011271089
2004-09-13,daytime,6,-0.16040305281203018,0.7614589370310516,-0.00954825419367502
2004-09-13,nighttime,6,-0.7433081282865338,0.09037926976752485,-45.29457279150228
2004-09-14,daytime,6,0.805891245449623,0.05286047781779988,0.0050843648627345835
2004-09-14,nighttime,6,-0.999997346861896,1.05587033603514e-11,-7.392301190809791e-4
2004-09-15,daytime,6,0.11047455982211501,0.8349623107401951,7.696444113580698e-4
2004-09-15,nighttime,6,-0.999997560577266,8.92616765470917e-12,-4.953911534181851e-4
2004-09-16,daytime,6,0.18699997427960438,0.7227696387314688,0.0011823508954978822
2004-09-16,nighttime,6,-0.9999921214862738,9.310622328667349e-11,-5.105748463991559e-4
2004-09-17,daytime,6,0.03924457569294419,0.9411633574666524,2.009268114645402e-4
2004-09-17,nighttime,6,-0.999999970422066,1.3122812552295259e-15,-4.754005479451916e-4
2004-09-18,daytime,6,-0.9999819515769665,4.886154214006313e-10,-4.515453185133438e-4
2004-09-18,nighttime,6,-0.9999915627520253,1.0678042976847087e-10,-4.7053198105128556e-4
2004-09-19,daytime,6,0.7190495919261896,0.10731154990082778,0.0022450061511314966
2004-09-19,nighttime,6,-0.999993209339453,6.916944942702315e-11,-4.901776763064416e-4
2004-09-20,daytime,6,0.45946406304786247,0.3593019971502372,0.5519497281088246
2004-09-20,nighttime,6,-0.437161462732678,0.38603080105700827,-6.898097650753845
2004-09-21,daytime,6,0.6721298178382633,0.1436254497192027,0.2719645591934412
2004-09-21,nighttime,6,0.3329285023868598,0.5190583750246909,0.5205685770901969
2004-09-22,daytime,6,-0.872149175375195,0.023473835898912415,-7.095509813055412
2004-09-22,nighttime,6,-0.9999992850338648,7.667646789863485e-13,-5.069071811361364e-4
2004-09-23,daytime,6,0.2306204722526491,0.6602021590338172,0.01110989402627189
2004-09-23,nighttime,6,0.7739192478932411,0.0708909827569801,3.4108789857676736
2004-09-24,daytime,6,-0.6120652508173678,0.1965492506358376,-0.5627338591103369
2004-09-24,nighttime,6,-0.7386404894621269,0.093536614173112,-0.2117464780747104
2004-09-25,daytime,6,-0.5829704993298165,0.22460685483639842,-2.283555524993077
2004-09-25,nighttime,6,0.9453583133717223,0.004396998654251228,0.07122127670384244
2004-09-26,daytime,6,0.370551897236472,0.46961215537461354,0.361028253460137
2004-09-26,nighttime,6,0.9575778611294141,0.0026612845557912644,41.02806652609822
2004-09-27,daytime,6,-0.22630958004912444,0.6663309685967266,-0.0029982067373404064
2004-09-27,nighttime,6,0.4793960654066771,0.3359934445950283,0.02048615149785911
2004-09-28,daytime,6,-0.2904634420744044,0.5765578935845204,-0.004029346596442538
2004-09-28,nighttime,6,0.5649428250876534,0.24273945014678802,0.012513042617251247
2004-09-29,daytime,6,-0.059897561122367306,0.9102611060904074,-0.003034144662106611
2004-09-29,nighttime,6,0.9452011249522179,0.0044220968310643965,0.024750390018183837
2004-09-30,daytime,6,-0.730749280291018,0.09898413173037422,-0.016433025635715706
2004-09-30,nighttime,6,0.925636195512574,0.00808934812136975,0.131095198470362
2004-10-01,daytime,6,-0.37087243161661587,0.469197429170562,-0.007468485368246442
2004-10-01,nighttime,6,0.693665868875436,0.1263876105217247,0.007163886674156301
2004-10-02,daytime,6,0.29957152755901995,0.5640849474574912,0.009819278001031256
2004-10-02,nighttime,6,0.35824426168266027,0.48562195385418533,0.002072160817468066
2004-10-03,daytime,6,-0.9999982584898122,4.549283960499037e-12,-7.465442812468834e-4
2004-10-03,nighttime,6,-0.9999992120788017,9.312294774651248e-13,-7.677150699486861e-4
2004-10-04,daytime,6,-0.9999939167123142,5.550947104214909e-11,-7.15022551796379e-4
2004-10-04,nighttime,6,-0.9999968223937467,1.514575620969592e-11,-7.167172895835338e-4
2004-10-05,daytime,6,-0.22314558821962602,0.6708372681970031,-0.004950967600232452
2004-10-05,nighttime,6,0.4731890681377473,0.34319178169717035,0.06562117351374544
2004-10-06,daytime,6,0.8781884952852791,0.02135334186830802,0.3179096538249996
2004-10-06,nighttime,6,-0.9999978106531626,7.189854114350622e-12,-5.137312475958266e-4
2004-10-07,daytime,6,-0.5477899565899119,0.2605037820613522,-0.4233543872692988
2004-10-07,nighttime,6,-0.9916395715567655,1.0455296218577464e-4,-1.4737956014469358
2004-10-08,daytime,6,-0.5811814995017691,0.226381150689324,-0.7123935061194413
2004-10-08,nighttime,6,-0.9801476487065576,5.872617146464684e-4,-0.8946196088466178
2004-10-09,daytime,6,-0.5383621351516162,0.2704745658980455,-0.6593613728806967
2004-10-09,nighttime,6,-0.7994996024057597,0.056270515115543304,-1.1880923111724646
2004-10-10,daytime,6,-0.16023902271173096,0.7616986581230075,-0.19894879926822764
2004-10-10,nighttime,6,0.9593011727608456,0.0024508851503797615,2.1434149406118883
2004-10-11,daytime,6,0.10679548418964135,0.8404157896721798,0.18350410159927927
2004-10-11,nighttime,6,-0.07311243173035957,0.8905267610123858,-0.07239498855733628
2004-10-12,daytime,6,-0.8720853957449263,0.02349674025858967,-2.8239406626478547
2004-10-12,nighttime,6,0.08302075613998995,0.8757549738272289,0.4096281195513747
2004-10-13,daytime,6,-0.7361625296119509,0.09523242520835903,-7.223343560830515
2004-10-13,nighttime,6,0.05810445188995039,0.912941406179068,0.025991137770772898
2004-10-14,daytime,6,0.21921771755179265,0.6764408316759296,3.1667857317055037
2004-10-14,nighttime,6,0.9870606658712362,2.5005635868689607e-4,10.309242790131336
2004-10-15,daytime,6,-0.07099472174081105,0.8936868329801936,-0.11682341794434137
2004-10-15,nighttime,6,-0.7116255040044468,0.1127491850041779,-0.5833505635838682
2004-10-16,daytime,6,0.7818898072435594,0.06617010910429383,0.9526076992191842
2004-10-16,nighttime,6,0.9422154361064451,0.004912110794238812,3.170153833710351
2004-10-17,daytime,6,0.5829717472406585,0.22460561913386312,0.41274617455155743
2004-10-17,nighttime,6,-0.9747599977285099,9.47546902914636e-4,-1.6578442061661613
2004-10-18,daytime,6,-0.320239365657781,0.5360617455872618,-0.23912790857407562
2004-10-18,nighttime,6,-0.994052252723042,5.295834365109709e-5,-0.7725592660545582
2004-10-19,daytime,6,-0.7054041075631015,0.11739660122351009,-0.3596990115671153
2004-10-19,nighttime,6,-0.9957955511563539,2.6478923277117906e-5,-0.4956126819490971
2004-10-20,daytime,6,-0.8472709069782213,0.03320797094186289,-1.7402831843780335
2004-10-20,nighttime,6,-0.22844624818999731,0.6632916685133066,-1.2281521356435532
2004-10-21,daytime,6,-0.9057568607605249,0.012904131030446592,-1.903345423494616
2004-10-21,nighttime,6,-0.9642305225802162,0.0018963005447519918,-0.43339023361329637
2004-10-22,daytime,6,-0.7665336366123795,0.07539709208208321,-4.205273516276527
2004-10-22,nighttime,6,-0.910423449413734,0.011676558363972104,-11.548051172771707
2004-10-23,daytime,6,-0.9999998826615235,2.0652476290254802e-14,-0.0017759385226663526
2004-10-23,nighttime,6,-0.5538924692068165,0.2541275334165184,-9.088542199229783
2004-10-24,daytime,6,-0.5761553407468318,0.23139580522802355,-0.0106880720507626
2004-10-24,nighttime,6,-0.11414090443896319,0.8295321655291316,-2.5799599413429943
2004-10-25,daytime,6,0.199409400241464,0.7048505681917112,0.008146857215763774
2004-10-25,nighttime,6,0.8698965542844168,0.024289235444459892,0.015916879979849145
2004-10-26,daytime,6,-0.08583542892116014,0.8715630623582721,-7.504934881280907e-4
2004-10-26,nighttime,6,-0.9999902930500166,1.413368596517276e-10,-0.001860141755295021
2004-10-27,daytime,6,0.27699682493162364,0.595131363677021,0.33888596282717237
2004-10-27,nighttime,6,0.06937245886409452,0.8961082405027712,4.052752575060966e-4
2004-10-28,daytime,6,0.2843341504096777,0.5849924008229704,3.3198423278337734
2004-10-28,nighttime,6,-0.6426683930769059,0.16871571609974878,-0.04107572758948381
2004-10-29,daytime,6,0.49890861065949454,0.31372870570609435,0.7583511585469311
2004-10-29,nighttime,6,0.4899984039130837,0.3238263193015438,3.663402009244694
2004-10-30,daytime,6,0.3992320659827091,0.43296795046894543,0.02201798801646723
2004-10-30,nighttime,6,0.6242253002075064,0.1852789989463871,1.7114954899501844
2004-10-31,daytime,6,0.8476348152250152,0.03305413402329879,0.019596154593791687
2004-10-31,nighttime,6,-0.1637090774695972,0.7566301396251623,-0.01781945439132846
2004-11-01,daytime,6,0.019187135357173705,0.9712228287993718,0.0019300032934146955
2004-11-01,nighttime,6,0.3331342872326465,0.5187839331251665,0.015003715450614082
2004-11-02,daytime,6,0.1898367911107605,0.7186654831619186,0.008620876787253973
2004-11-02,nighttime,6,0.9507094393934116,0.003584461875805908,0.30302401265806755
2004-11-03,daytime,6,0.3446932544551179,0.5034372139132117,22.36313593917983
2004-11-03,nighttime,6,-0.8103346222319983,0.050548021186384205,-0.25319767404625804
2004-11-04,daytime,6,0.04890242956213382,0.9267048294561222,0.032574506804567444
2004-11-04,nighttime,6,0.6704526942339555,0.14500748631461613,2.8271949835440275
2004-11-05,daytime,6,-0.9159320808698778,0.010304051102834248,-1.1366259731005708
2004-11-05,nighttime,6,-0.9364957575752045,0.005921133609930351,-0.5644411344949312
2004-11-06,daytime,6,-0.8451880678694432,0.03409493327075095,-0.7708342940495346
2004-11-06,nighttime,6,-0.6935660574063969,0.12646529831375636,-1.3272478749034635
2004-11-07,daytime,6,0.6264052899276529,0.18328764247541035,0.22109942756881468
2004-11-07,nighttime,6,-0.9232744843675356,0.00860437305870139,-3.6231221950430923
2004-11-08,daytime,6,-0.831155409531283,0.04035599095257131,-1.3891969985989563
2004-11-08,nighttime,6,0.7615634310705949,0.07850019850548363,6.392326480442148
2004-11-09,daytime,6,0.058144264869110444,0.9128818884690397,0.05167130572767793
2004-11-09,nighttime,6,-0.9809570373419313,5.404988232708897e-4,-0.5811773651685338
2004-11-10,daytime,6,0.993633189390855,6.067537259879398e-5,0.80931267238762306
2004-11-10,nighttime,6,-0.8523847519832528,0.03107710474664097,-1.4417707946962033
2004-11-11,daytime,6,-0.9569812294982418,0.0027361163405090773,-0.5141435806883758
2004-11-11,nighttime,6,-0.9821268569473689,4.763190828643829e-4,-0.48266056745504043
2004-11-12,daytime,6,0.500830720657355,0.3115659571197223,0.6479343490570748
2004-11-12,nighttime,6,-0.8282208541150733,0.04172767648468177,-0.5541328269294409
2004-11-13,daytime,6,-0.36777541721171303,0.47320929716894594,-0.6004520648904658
2004-11-13,nighttime,6,-0.9942178409106245,5.005338708826793e-5,-0.515592410025817
2004-11-14,daytime,6,-0.9121726427202722,0.011231732516195792,-0.5777632685027321
2004-11-14,nighttime,6,-0.9972156989089238,1.1617706434641427e-5,-0.8868400480370725
2004-11-15,daytime,6,-0.9251608311093564,0.008191768404931042,-1.177434085356327
2004-11-15,nighttime,6,0.396909978673393,0.4358991410584842,0.2526685957446867
2004-11-16,daytime,6,-0.9196937135324629,0.009414697847486247,-0.9316471806520115
2004-11-16,nighttime,6,-0.826825745304314,0.042387294448643725,-3.942550925229876
2004-11-17,daytime,6,-0.9586548594146814,0.002528792856482377,-0.8515432663217105
2004-11-17,nighttime,6,-0.6890627913138477,0.12999191413713493,-1.1319118676353683
2004-11-18,daytime,6,0.9247912588460049,0.0082718284589706,1.5621619459510347
2004-11-18,nighttime,6,-0.9659069515601391,0.0017236901399279095,-0.5036869167842407
2004-11-19,daytime,6,0.15609003322697054,0.7677664466296262,0.29711072451932824
2004-11-19,nighttime,6,-0.015675190784727126,0.9764891396110614,-0.18472697416300965
2004-11-20,daytime,6,0.8872738347413547,0.018344566194828063,0.6828254299627007
2004-11-20,nighttime,6,-0.9664290846755385,0.0016715922161142122,-1.3474631735936744
2004-11-21,daytime,6,-0.9159226820322679,0.010306322008132519,-0.3223482396934022
2004-11-21,nighttime,6,-0.9738859311873242,0.0010140127109555118,-1.4912684241111545
2004-11-22,daytime,6,-0.25080605851613547,0.6316792241224192,-0.1515395470660532
2004-11-22,nighttime,6,-0.6312681303912197,0.1788778065674391,-0.15265464377907367
2004-11-23,daytime,6,-0.47431381011066415,0.34188332526708515,-0.2310836718362502
2004-11-23,nighttime,6,-0.9405205470455232,0.005201494622987271,-9.154933474992657
2004-11-24,daytime,6,-0.8137190680918344,0.04881884967789004,-0.5113779226852037
2004-11-24,nighttime,6,-0.9783117513146783,7.004693359252614e-4,-0.5814663917165752
2004-11-25,daytime,6,-0.8013214824613377,0.055288496203815256,-0.7095911502849475
2004-11-25,nighttime,6,-0.9816811204361418,5.002982855594191e-4,-1.4208147678711665
2004-11-26,daytime,6,-0.3944956258770955,0.4389536068894171,-1.0341404324976948
2004-11-26,nighttime,6,0.3281819468966906,0.5254002338078755,0.7235910389042672
2004-11-27,daytime,6,-0.6657773822567186,0.14889000896489826,-0.4948540740867673
2004-11-27,nighttime,6,-0.9737680804884272,0.0010231451315908906,-1.5035110311182023
2004-11-28,daytime,6,-0.5231123389370745,0.2869054269311946,-0.5452648972316875
2004-11-28,nighttime,6,-0.1587052233470676,0.7639408468177935,-0.026365287535714762
2004-11-29,daytime,6,-0.8588040673701823,0.028496975458725586,-0.8678941604746339
2004-11-29,nighttime,6,-0.9783271794768833,6.994767414212226e-4,-0.6557293146909825
2004-11-30,daytime,6,-0.9844734777860042,3.597378262856625e-4,-0.625521235828822
2004-11-30,nighttime,6,-0.9341012397437077,0.0063708823912795535,-0.9678599223770982
2004-12-01,daytime,6,-0.7846700311424812,0.06455839138502668,-0.5348523511766659
2004-12-01,nighttime,6,0.23968663287667952,0.6473550111017631,0.9253410658678475
2004-12-02,daytime,6,-0.29984575501172717,0.5637105551133399,-0.24465638190677053
2004-12-02,nighttime,6,-0.9124026072865029,0.011173874137947019,-0.809594763386448
2004-12-03,daytime,6,-0.9249016070833747,0.008247884148148275,-0.5676463497420436
2004-12-03,nighttime,6,-0.9862696162933021,2.814909055377063e-4,-0.5186184887753459
2004-12-04,daytime,6,-0.9620487133117971,0.002133119619766159,-0.7845460758298957
2004-12-04,nighttime,6,0.5162188187841533,0.2944532496107041,0.09806329688335164
2004-12-05,daytime,6,-0.7963288841552936,0.0579985503280136,-1.100737434085238
2004-12-05,nighttime,6,0.6136426590159818,0.19507182687566094,2.031110171428508
2004-12-06,daytime,6,-0.1749843688682695,0.7402024162066171,-0.37543175107727533
2004-12-06,nighttime,6,0.7375196453072249,0.09430198996168465,0.2398496132035449
2004-12-07,daytime,6,0.9615452684284628,0.002189716788253918,1.6420209192210569
2004-12-07,nighttime,6,0.800035072549358,0.0559810622994687,3.7758453846146676
2004-12-08,daytime,6,-0.0698531036869402,0.8953907670458492,-0.07168120047673597
2004-12-08,nighttime,6,0.8777926731569256,0.021489385451491812,0.8999932608345491
2004-12-09,daytime,6,0.1389018454766168,0.7929871986280363,0.07886885109283019
2004-12-09,nighttime,6,-0.97465807719612,9.551821203106405e-4,-0.7421392881653117
2004-12-10,daytime,6,-0.9133201610839603,0.010944461800384265,-1.3431377760422676
2004-12-10,nighttime,6,-0.7816197123870338,0.0663276525263019,-0.7811818150348369
2004-12-11,daytime,6,-0.6116007314955162,0.19698519763406652,-1.0702160869958888
2004-12-11,nighttime,6,0.045218234364269694,0.9322188770604448,0.019628281414334512
2004-12-12,daytime,6,0.6849392109466699,0.13325796426148956,2.938338860195991
2004-12-12,nighttime,6,-0.5636262320369232,0.24408550096583925,-1.8378907446260577
2004-12-13,daytime,6,0.8150290218290165,0.04815707132272611,0.4389081536452399
2004-12-13,nighttime,6,-0.8312018938881115,0.04033443554861331,-0.6463396074296687
2004-12-14,daytime,6,-0.9301545000295884,0.007147223869859381,-0.7198916099414581
2004-12-14,nighttime,6,-0.22770471053336092,0.6643461145166212,-0.06939588087165181
2004-12-15,daytime,6,0.8233476550168358,0.0440527654397246,2.2797158042435415
2004-12-15,nighttime,6,-0.7210873967829435,0.10583974223319238,-0.3268164448521815
2004-12-16,daytime,6,0.797767667258495,0.057211434089572785,0.3533908000675193
2004-12-16,nighttime,6,-0.5005702056876373,0.3118587625449996,-0.3518907754854803
2004-12-17,daytime,6,0.5558685964851737,0.25207599533624675,0.40299088003669375
2004-12-17,nighttime,6,-0.8365849989172778,0.0378747389776797,-0.8003970737850147
2004-12-18,daytime,6,-0.72883045149493,0.10032944114905522,-0.8086895984978706
2004-12-18,nighttime,6,0.45842694656941774,0.36052999844374456,0.44088573085535976
2004-12-19,daytime,6,-0.5436001932448586,0.26491695671680404,-0.37931159521878643
2004-12-19,nighttime,6,-0.9909939768997142,1.2129744582777756e-4,-0.8552619290169474
2004-12-20,daytime,6,-0.6348264852598674,0.1756792900632171,-0.45409919467808635
2004-12-20,nighttime,6,-0.9721986004780423,0.0011486326245777646,-0.8679932280120101
2004-12-21,daytime,6,-0.2886781341322106,0.579011304355872,-0.34933472261022563
2004-12-21,nighttime,6,-0.1853060363794219,0.7252224950779959,-0.3059108417483322
2004-12-22,daytime,6,0.9248186868764469,0.008265873733636863,0.45768054414710485
2004-12-22,nighttime,6,-0.8544609150890763,0.030231060678125202,-0.67150835034463
2004-12-23,daytime,6,-0.6592418914972087,0.15439038342182676,-0.582159492667513
2004-12-23,nighttime,6,0.98537492900522194,3.192749544303478e-4,1.417158541752639
2004-12-24,daytime,6,-0.32441981428032635,0.530442581906941,-0.7995204110918303
2004-12-24,nighttime,6,-0.9923410014150608,8.776574956457406e-5,-0.6386102891126123
2004-12-25,daytime,6,-0.6573543732559002,0.15599470769019347,-0.3947026320233796
2004-12-25,nighttime,6,-0.9738604660892805,0.0010159826015418963,-0.5841611697335218
2004-12-26,daytime,6,-0.49967298847952624,0.31286796814544926,-1.10811084856897
2004-12-26,nighttime,6,-0.9126575634130952,0.011109897166741765,-0.4569257004573465
2004-12-27,daytime,6,-0.9316481002113878,0.006848303877333391,-0.6509670257307986
2004-12-27,nighttime,6,-0.9814155133379859,5.148653325148317e-4,-0.6296368059524384
2004-12-28,daytime,6,-0.8352325920124432,0.038485870695493224,-0.3173071872882841
2004-12-28,nighttime,6,0.9331835685241614,0.006547504447909476,3.090533890999739
2004-12-29,daytime,6,-0.9821884448450732,4.730518742867721e-4,-0.40559897322948885
2004-12-29,nighttime,6,-0.9156743110441474,0.010366420252401306,-1.8884139349030309
2004-12-30,daytime,6,-0.9523348031366706,0.0033538095157287146,-0.31693855152769995
2004-12-30,nighttime,6,0.5598671558317229,0.247944791178447,0.26249914766650767
2004-12-31,daytime,6,-0.7306176008815561,0.09907619572690318,-0.1820327857972013
2004-12-31,nighttime,6,-0.4905969660285694,0.32314431030950796,-0.09727911668447992
2005-01-01,daytime,6,-0.907803419866656,0.01235846896441761,-1.306580968192703
2005-01-01,nighttime,6,-0.9536626960961986,0.003170972127430289,-0.6343231810872065
2005-01-02,daytime,6,-0.8360442947875596,0.0381185244538568,-1.2695843777430287
2005-01-02,nighttime,6,-0.994240962417197,4.9654267220243474e-5,-0.7244948529667288
2005-01-03,daytime,6,-0.853696119110726,0.030541433820062677,-0.7456814967513452
2005-01-03,nighttime,6,0.49884413041587133,0.3138013545358756,0.2012368904482565
2005-01-04,daytime,6,0.9699549667252868,0.001340495150491594,0.45385885976904394
2005-01-04,nighttime,6,-0.1150817415962117,0.8281394478074616,-0.10006089290681981
2005-01-05,daytime,6,-0.9731514599521531,0.0010715893481714489,-0.6530018942322714
2005-01-05,nighttime,6,-0.9485791362752787,0.0038981767520395063,-0.758550982660221
2005-01-06,daytime,6,-0.9443805650914558,0.004554252349365196,-0.5435389879542197
2005-01-06,nighttime,6,-0.9850361733091673,3.3419884292399234e-4,-0.7527033663003717
2005-01-07,daytime,6,-0.9312108640633402,0.006935164622776517,-1.8512718148751182
2005-01-07,nighttime,6,-0.6795064944970634,0.137614211196107,-0.17181235224051886
2005-01-08,daytime,6,-0.969901359664354,0.0013452586223026532,-0.5593647771649003
2005-01-08,nighttime,6,0.706216817812601,0.11678483577460878,0.2458015862924203
2005-01-09,daytime,6,-0.9908585866890756,1.249662028811896e-4,-0.6248043742901285
2005-01-09,nighttime,6,0.9401771384655893,0.005261115869717992,0.7244371538136506
2005-01-10,daytime,6,-0.3164852923966296,0.5411221101296664,-0.11375983410829582
2005-01-10,nighttime,6,-0.9191820900053744,0.009533369377108187,-0.5398535925096024
2005-01-11,daytime,6,-0.9244245357537966,0.0083516458637827,-0.21534321056176525
2005-01-11,nighttime,6,-0.9146637276868301,0.010612697770673307,-0.7947885312989776
2005-01-12,daytime,6,-0.685641539665131,0.13269921569978368,-0.11240503368387263
2005-01-12,nighttime,6,-0.9045307475089873,0.013236495821327006,-0.4404157506054128
2005-01-13,daytime,6,-0.9985552284894642,3.1295391939457784e-6,-0.5983279302589779
2005-01-13,nighttime,6,-0.9887888236761108,1.8783114281170906e-4,-0.37124448190499887
2005-01-14,daytime,6,-0.980503344169152,5.664738524831937e-4,-0.4400141836681759
2005-01-14,nighttime,6,-0.9989641174066981,1.6090233423275857e-6,-0.43644536490680363
2005-01-15,daytime,6,-0.9963075648354351,2.042594469327656e-5,-0.3823264220180279
2005-01-15,nighttime,6,-0.9952643780161723,3.358607255760734e-5,-0.31500812932370875
2005-01-16,daytime,6,-0.7677783295808573,0.07462885843003367,-0.27461954408305717
2005-01-16,nighttime,6,-0.9413693114586895,0.0050555632726097645,-0.7212847717697617
2005-01-17,daytime,6,-0.966344371774453,0.0016799910797732436,-0.3935024309326236
2005-01-17,nighttime,6,-0.9596818276368642,0.002405562830259733,-0.28558953614836036
2005-01-18,daytime,6,-0.9961254936038378,2.2488618063653834e-5,-0.6959114056839454
2005-01-18,nighttime,6,0.24427520956943258,0.6408751826926143,0.19597909470120992
2005-01-19,daytime,6,-0.9719932601450654,0.0011655822879755421,-0.5857791405575699
2005-01-19,nighttime,6,-0.9367230989416512,0.005879270024544107,-1.4109612627559682
2005-01-20,daytime,6,-0.5495065266538597,0.2587039973289679,-0.5944115717578551
2005-01-20,nighttime,6,-0.7426042425842407,0.09085229792159992,-2.0057728598866382
2005-01-21,daytime,6,-0.3990602670058016,0.43318459301661216,-0.6879870350596079
2005-01-21,nighttime,6,-0.2808799432348606,0.5897598920188393,-0.059061791195168904
2005-01-22,daytime,6,-0.6776401906273172,0.13912462378187668,-0.6134949403537071
2005-01-22,nighttime,6,-0.9410276152636207,0.005114067867862499,-0.3991447256110043
2005-01-23,daytime,6,-0.7501004316312964,0.08587160308979486,-0.7984077021538721
2005-01-23,nighttime,6,-0.9893973953583278,1.6802689068722883e-4,-0.717485304311303
2005-01-24,daytime,6,-0.9899623908045694,1.506247349176042e-4,-0.7813172081171355
2005-01-24,nighttime,6,-0.9769099935617522,7.935673960141738e-4,-0.6677647789469816
2005-01-25,daytime,6,-0.9585479187142453,0.002541799526006011,-1.64605668043634
2005-01-25,nighttime,6,0.4792706742319866,0.33613831645219927,1.0842120834272249
2005-01-26,daytime,6,-0.9578579952340985,0.002626501832074254,-1.3367161318531626
2005-01-26,nighttime,6,0.6185937522280872,0.19046436690763385,1.431150173913184
2005-01-27,daytime,6,-0.8484547258620317,0.03270876305197659,-0.6618653729936423
2005-01-27,nighttime,6,0.5959379565760123,0.21191437835187055,1.2007024616359
2005-01-28,daytime,6,-0.14841727977890445,0.7790087251675637,-0.319331361000896
2005-01-28,nighttime,6,-0.8884355134953106,0.017975650771915888,-0.6293081110867366
2005-01-29,daytime,6,-0.8446559047472638,0.034323316513436834,-0.5635878026171917
2005-01-29,nighttime,6,-0.9485520075914248,0.0039022551436360938,-0.9491455975336592
2005-01-30,daytime,6,-0.5990439708815842,0.20891861010928522,-0.5335087631796602
2005-01-30,nighttime,6,-0.1096053633365568,0.8362503180057792,-0.025300879462188796
2005-01-31,daytime,6,-0.9709148061137421,0.001256620466982208,-0.44838886892013713
2005-01-31,nighttime,6,0.6112390823073203,0.19732487610238958,1.2100729279409774
2005-02-01,daytime,6,-0.6956773294450134,0.12482642234373927,-0.39038835140893213
2005-02-01,nighttime,6,-0.8626800997498277,0.026990428648931034,-0.2987533045604191
2005-02-02,daytime,6,-0.7050655296823877,0.11765187735319459,-0.4915317206628241
2005-02-02,nighttime,6,-0.9583031888627747,0.0025716885490064964,-0.40810540135556006
2005-02-03,daytime,6,-0.939356580449298,0.005404924644461039,-0.5622900442677671
2005-02-03,nighttime,6,-0.7682871612649443,0.0743158310190792,-0.5401737416826251
2005-02-04,daytime,6,-0.3955744204388759,0.4375879383605303,-0.10979380254526588
2005-02-04,nighttime,6,-0.936820041002178,0.005861462879236906,-0.6639106562642899
2005-02-05,daytime,6,-0.6103420549877313,0.19816844258629296,-0.7713096218406854
2005-02-05,nighttime,6,0.26025335684343337,0.6184336801608846,0.03591994965455335
2005-02-06,daytime,6,-0.8617823852425003,0.027335901352833647,-0.4920913296878288
2005-02-06,nighttime,6,0.7962799100814981,0.058025429697502566,0.3343012891925203
2005-02-07,daytime,6,-0.8914323859583367,0.01704055096725439,-0.20501306976258937
2005-02-07,nighttime,6,-0.9535375004920228,0.003187995008389342,-0.3890960632451023
2005-02-08,daytime,6,-0.893200133963119,0.016500226154263938,-0.5120240686477422
2005-02-08,nighttime,6,-0.23351601423722432,0.6560927611198575,-0.3094365066718062
2005-02-09,daytime,6,-0.9201746730538725,0.009303797435785013,-0.39040567135292936
2005-02-09,nighttime,6,-0.7477327226807876,0.08743117802795838,-0.8949012401814564
2005-02-10,daytime,6,0.352796618009041,0.4927605685448271,0.9016649622438239
2005-02-10,nighttime,6,0.7688607028692593,0.07396371024111878,1.1216440241801204
2005-02-11,daytime,6,-0.8637701130077468,0.026573756393097548,-0.7992774524840708
2005-02-11,nighttime,6,-0.9395135002152035,0.00537727652652984,-0.6410695133104739
2005-02-12,daytime,6,-0.9777132662364167,7.395128591375244e-4,-0.4173895764819745
2005-02-12,nighttime,6,-0.77641096134060394,0.06939924919521294,-0.6687237464258572
2005-02-13,daytime,6,-0.9422021054714602,0.0049143551925788865,-0.7894213053493722
2005-02-13,nighttime,6,-0.9662020548133801,0.0016941479332940837,-0.5136208185292506
2005-02-14,daytime,6,-0.8593854944979248,0.028268512859032296,-0.649609013341469
2005-02-14,nighttime,6,-0.9681959843805023,0.0015011583063860876,-0.470494045118376
2005-02-15,daytime,6,-0.7808578773453126,0.06677294422868364,-0.3856856023843672
2005-02-15,nighttime,6,-0.9422932653092143,0.004899017189975346,-0.5045992724747023
2005-02-16,daytime,6,-0.8810716576715827,0.020374867613527012,-0.5168388351534968
2005-02-16,nighttime,6,-0.9938890768680841,5.5900971019286594e-5,-0.487889330291898
2005-02-17,daytime,6,-0.7996449990345013,0.05619185172982231,-0.9632472929838924
2005-02-17,nighttime,6,0.3179191231249341,0.5391877665427531,0.4134140143884761
2005-02-18,daytime,6,-0.6444128981140698,0.16718267512081456,-0.25134756709573747
2005-02-18,nighttime,6,-0.9827191438201829,4.453617117853984e-4,-0.6055043071427254
2005-02-19,daytime,6,0.6378067449872112,0.17301895931699332,0.39002381779123335
2005-02-19,nighttime,6,-0.9832252534497978,4.197280419728722e-4,-0.5914775285338589
2005-02-20,daytime,6,-0.7150928757454809,0.11019485373793649,-0.5672307697777984
2005-02-20,nighttime,6,-0.9878406336741269,2.2087640186274965e-4,-0.6521794353079343
2005-02-21,daytime,6,-0.8237767835223636,0.04384566034865069,-0.9924400042465886
2005-02-21,nighttime,6,-0.9600144948720315,0.0023662957055965127,-0.7135656071300429
2005-02-22,daytime,6,-0.5307952358533051,0.2785812218563357,-0.44716313635752974
2005-02-22,nighttime,6,-0.9848185376154169,3.4396571276588457e-4,-1.2314392663022757
2005-02-23,daytime,6,NA,NA,NA
2005-02-23,nighttime,6,-0.9673345335016265,0.0015831214918518653,-0.3162478275924578
2005-02-24,daytime,6,NA,NA,NA
2005-02-24,nighttime,6,NA,NA,NA
2005-02-25,daytime,6,NA,NA,NA
2005-02-25,nighttime,6,NA,NA,NA
2005-02-26,daytime,6,NA,NA,NA
2005-02-26,nighttime,6,NA,NA,NA
2005-02-27,daytime,6,NA,NA,NA
2005-02-27,nighttime,6,NA,NA,NA
2005-02-28,daytime,6,NA,NA,NA
2005-02-28,nighttime,6,NA,NA,NA
2005-03-01,daytime,6,NA,NA,NA
2005-03-01,nighttime,6,NA,NA,NA
2005-03-17,daytime,6,0.12153626731061669,0.8185932090419747,0.3674557029459305
2005-03-17,nighttime,6,-0.5636436264157407,0.244067698280074,-1.9642569677416046
2005-03-18,daytime,6,-0.693389710935193,0.1266026074308375,-0.6521283873905771
2005-03-18,nighttime,6,-0.9514315228083026,0.0034810614480749453,-0.7957629287097576
2005-03-19,daytime,6,-0.8480428949740673,0.032882024800539075,-1.1614680600288705
2005-03-19,nighttime,6,-0.839098336812674,0.03675119847259292,-0.5142284435291173
2005-03-20,daytime,6,-0.08453742412795816,0.8734959403745551,-0.12332724289361217
2005-03-20,nighttime,6,0.40109175660589813,0.4306251024867105,0.854222396294861
2005-03-21,daytime,6,-0.41397615872180094,0.4145086048206952,-1.1167749248517318
2005-03-21,nighttime,6,0.6902866714797606,0.12902930428626547,0.562058283482427
2005-03-22,daytime,6,-0.9122284989965853,0.011217665940941667,-1.3325931356004033
2005-03-22,nighttime,6,-0.10928919444633213,0.8367188903954856,-1.7905687135866701
2005-03-23,daytime,6,-0.47176992104543386,0.3448452930399567,-0.5947406601784758
2005-03-23,nighttime,6,-0.9072616086478597,0.012501819787366947,-1.8936771247948914
2005-03-24,daytime,6,0.269432805685241,0.605630398974887,0.09926594346880352
2005-03-24,nighttime,6,0.573522481449379,0.23404008974714666,0.5068320043037574
2005-03-25,daytime,6,-0.400379489893178,0.4315219291694688,-0.25991372388466566
2005-03-25,nighttime,6,-0.965971926788691,0.0017171639305584656,-1.2410084034775046
2005-03-26,daytime,6,-0.3215979470841061,0.5342337517348306,-0.7064126759187852
2005-03-26,nighttime,6,-0.9823852670902089,4.6268548399376407e-4,-0.5586659266916302
2005-03-27,daytime,6,0.2919099607683496,0.57457209074043325,0.33339233650275557
2005-03-27,nighttime,6,-0.9983914991406251,3.878831704872661e-6,-0.5396646870223136
2005-03-28,daytime,6,-0.5253012846845625,0.28452426935691727,-0.5342046241490268
2005-03-28,nighttime,6,-0.9551145009231644,0.0029768464534134617,-0.6368068056904822
2005-03-29,daytime,6,-0.7723908096383071,0.07181316087345596,-0.6301802080610706
2005-03-29,nighttime,6,-0.9859430658439341,2.9500728999633854e-4,-0.5335501203183487
2005-03-30,daytime,6,-0.9903216298795109,1.4005298171462622e-4,-2.0958809805615335
2005-03-30,nighttime,6,0.8718033392113593,0.023598159191002645,0.7879419409815238
2005-03-31,daytime,6,-0.19051994658185525,0.7176778123530746,-0.02708246808730196
2005-03-31,nighttime,6,-0.30343101139292916,0.5588219869709392,-0.5030108052505772
2005-04-01,daytime,6,0.5850914257187331,0.2225106135068983,0.11184691703086207
2005-04-01,nighttime,6,-0.9391924994141481,0.00543390873966804,-1.9066719629137552
2005-04-02,daytime,6,-0.8656647632494322,0.02585682987464983,-0.4244400634335056
2005-04-02,nighttime,6,-0.9221555943973608,0.008853768349270921,-0.36947499050209537
2005-04-03,daytime,6,-0.846121281376569,0.03369616913454683,-0.35613744177695705
2005-04-03,nighttime,6,-0.9918250912050545,9.997053967166412e-5,-0.42779511267577336
2005-04-04,daytime,6,0.8802409904511148,0.02065452549918542,0.5106686131028164
2005-04-04,nighttime,6,-0.9482743735464709,0.003944113645541307,-0.37767582477253314
2005-04-05,daytime,6,-0.41392625326238697,0.41457063563981816,-0.26841275038358264
2005-04-05,nighttime,6,-0.9942928782142285,4.876391460237644e-5,-0.5001049397029923
2005-04-06,daytime,6,-0.6195789140157016,0.1895529956620366,-0.41108306094527214
2005-04-06,nighttime,6,-0.9732624956329732,0.001062783967073047,-0.6657418097494268
2005-04-07,daytime,6,-0.332933235251126,0.5190520626353424,-0.19827636189405473
2005-04-07,nighttime,6,-0.9813154782291431,5.204055413631192e-4,-0.4456409399919346
2005-04-08,daytime,6,0.6557190881077055,0.15739032372614176,0.2967532442069053
2005-04-08,nighttime,6,-0.9883224571686442,2.0375130576471756e-4,-0.509307539720862
2005-04-09,daytime,6,-0.820001770986476,0.045683129741103466,-0.6012767293037966
2005-04-09,nighttime,6,-0.9867067458068854,2.6389138105511795e-4,-0.7923626668520612
2005-04-10,daytime,6,-0.6210178503897962,0.18822508097537524,-0.2327021185977521
2005-04-10,nighttime,6,-0.16141574182681165,0.7599792342027163,-0.23227302545449832
2005-04-11,daytime,6,-0.484830125405509,0.32973695725579416,-0.13850049821375768
2005-04-11,nighttime,6,-0.9560735390249849,0.0028519221612844712,-0.6444726403680694
2005-04-12,daytime,6,-0.5301142335874113,0.2793152923158875,-0.500382865995992
2005-04-12,nighttime,6,-0.8794741306676216,0.020914319140257535,-0.6706160963898223
2005-04-13,daytime,6,-0.7861909915252618,0.06368437442338391,-0.4810204572404788
2005-04-13,nighttime,6,-0.9785306767485925,6.864498139658484e-4,-0.5270695787442546
2005-04-14,daytime,6,-0.5006478093755081,0.3117715293312224,-0.22680817010472087
2005-04-14,nighttime,6,-0.8935086284792597,0.016406790287712653,-0.3395099369379059
2005-04-15,daytime,6,0.2829725674218389,0.5868704471150588,0.36227687671233755
2005-04-15,nighttime,6,-0.9814247722601752,5.143540385825801e-4,-0.8680063219552387
2005-04-16,daytime,6,0.5527091065863775,0.25535916206367854,0.13559715950099765
2005-04-16,nighttime,6,0.5104119396298237,0.30086843865289997,0.10868601186875614
2005-04-17,daytime,6,-0.3727987132425574,0.46670750406307443,-0.9012178727956528
2005-04-17,nighttime,6,-0.9936121632052644,6.107636226224072e-5,-0.5253721317077478
2005-04-18,daytime,6,0.6649515601564167,0.14958034264112757,0.2218425478371446
2005-04-18,nighttime,6,-0.3971696475790056,0.4355710392505214,-1.9298868782475458
2005-04-19,daytime,6,0.9779577196207256,7.234384318928653e-4,2.3048862294073507
2005-04-19,nighttime,6,-0.9828536290722594,4.384765542989343e-4,-0.5393150141669493
2005-04-20,daytime,6,0.8375566395316204,0.03743850290246957,0.7868456567144568
2005-04-20,nighttime,6,-0.9599837744910417,0.002369908498956047,-3.5760908456877636
2005-04-21,daytime,6,-0.6875981034495262,0.1311479945015762,-0.2088908025547543
2005-04-21,nighttime,6,-0.9636259011211894,0.0019605497721718254,-1.7755412928039171
2005-04-22,daytime,6,-0.8432687796357705,0.03492198737575581,-0.4666612411586763
2005-04-22,nighttime,6,-0.9908076202876009,1.2636138983597523e-4,-0.33947668490127914
2005-04-23,daytime,6,-0.15453924158156843,0.7700365198565935,-0.38344629827449694
2005-04-23,nighttime,6,-0.9731447183675186,0.0010721251301822297,-0.3375107227372954
2005-04-24,daytime,6,-0.6720588690833889,0.14368380037254178,-0.2925578375884613
2005-04-24,nighttime,6,-0.9727148605543529,0.0011065616474448486,-0.367831142348914
2005-04-25,daytime,6,-0.4143936909012919,0.413989747497507,-0.3570020103744336
2005-04-25,nighttime,6,-0.9913530405583642,1.1183159519877089e-4,-0.45105454272259243
2005-04-26,daytime,6,-0.6888786057712479,0.13013704848796595,-1.0281356555613672
2005-04-26,nighttime,6,-0.9929756757511998,7.383840267641488e-5,-0.5481398029856016
2005-04-27,daytime,6,-0.4283473007593574,0.39677593223200125,-0.09887979865177556
2005-04-27,nighttime,6,-0.9964280787796975,1.9115145411160166e-5,-0.33617653282669874
2005-04-28,daytime,6,0.7947433900187537,0.05887165510287877,0.2648888726345672
2005-04-28,nighttime,6,-0.9661936767474746,0.0016949831638491488,-0.44680526963292183
2005-04-29,daytime,6,-0.8321055608398471,0.039916464267598394,-0.4133435957127141
2005-04-29,nighttime,6,-0.7623656363875433,0.07799551911267233,-0.43227372670037956
2005-04-30,daytime,6,-0.9875075646112218,2.331166222972315e-4,-0.4240444191831722
2005-04-30,nighttime,6,-0.7546679524361731,0.08289872057302924,-0.30364794347084606
2005-05-01,daytime,6,0.9403115706415143,0.005237736658647825,0.33148157356992064
2005-05-01,nighttime,6,-0.7454369372131225,0.08895538668363318,-0.38949074163974473
2005-05-02,daytime,6,-0.3314536018199928,0.5210265905773409,-0.1776309158767174
2005-05-02,nighttime,6,-0.9825307260137484,4.5509770290485364e-4,-0.39079560730805113
2005-05-03,daytime,6,-0.4084398235589024,0.42140886127574584,-0.34600059925472004
2005-05-03,nighttime,6,-0.9889517111739758,1.8242272602177412e-4,-0.9896351780951609
2005-05-04,daytime,6,0.05980890807216931,0.910393609278298,0.14759238291528712
2005-05-04,nighttime,6,-0.9913527296304555,1.118396262135002e-4,-0.5014195392606617
2005-05-05,daytime,6,-0.08942950945631789,0.8662133481996088,-0.007045157935473671
2005-05-05,nighttime,6,0.5545413676404362,0.2534531557533596,0.010603024968678822
2005-05-06,daytime,6,-0.573884776156535,0.23367551395895406,-0.03352100124867107
2005-05-06,nighttime,6,-0.9235400101202035,0.008545697556305923,-0.013033952364083798
2005-05-07,daytime,6,0.35620996146669387,0.48828400386001003,0.007980392179130455
2005-05-07,nighttime,6,0.9620880886855098,0.0021287238874130995,0.01794487012797805
2005-05-08,daytime,6,-0.41400946430844654,0.4144672088098713,-0.013278608749832305
2005-05-08,nighttime,6,-0.9710872805723924,0.001241833290445285,-0.019693933883382125
2005-05-09,daytime,6,-0.5948425986583183,0.21297497560743942,-0.017834797617434624
2005-05-09,nighttime,6,-0.16921378603113707,0.7486018959585152,-0.0012440754575958632
2005-05-10,daytime,6,-0.5916227056683545,0.21610506975734453,-0.02551585334158952
2005-05-10,nighttime,6,-0.8041096418012357,0.053801095118404293,-0.0077197979554006054
2005-05-11,daytime,6,-0.753322317239283,0.08376966516306174,-0.027359629082091587
2005-05-11,nighttime,6,-0.9028761219261857,0.013691484451189841,-0.007667137796842037
2005-05-12,daytime,6,-0.6763833496708149,0.14014578493506863,-0.019459572743681812
2005-05-12,nighttime,6,-0.9649980076816378,0.0018162680382886453,-0.013609279757663354
2005-05-13,daytime,6,-0.4981662155458373,0.31456552650170777,-0.018768288301531676
2005-05-13,nighttime,6,-0.9891758031555797,1.7511075701825873e-4,-0.02055997617708218
2005-05-14,daytime,6,-0.6212588881956351,0.18800301750121792,-0.02372663405743051
2005-05-14,nighttime,6,-0.9564916263395705,0.0027982876581994077,-0.018065411125922866
2005-05-15,daytime,6,-0.7551893672996669,0.08256234330780467,-0.028861732778819538
2005-05-15,nighttime,6,-0.933052696443009,0.006572885232820047,-0.01826714512691162
2005-05-16,daytime,6,0.8127039911727091,0.04933453959420447,0.03740443420776087
2005-05-16,nighttime,6,-0.8274094433256389,0.04211072975443298,-0.019610438847109668
2005-05-17,daytime,6,-0.6832993695028678,0.13456650994698888,-0.01892628562331975
2005-05-17,nighttime,6,-0.8020754107627124,0.05488445145367546,-0.017284273746682125
2005-05-18,daytime,6,-0.9120943997351418,0.011251451208338648,-2.4836201917547616
2005-05-18,nighttime,6,-0.8776018296974797,0.021555125545625265,-0.021603543083778015
2005-05-19,daytime,6,-0.9861676002542242,2.8567961103233074e-4,-2.3332222884359344
2005-05-19,nighttime,6,-0.8493234921239596,0.03234467976880113,-0.8982616193329765
2005-05-20,daytime,6,-0.39240371186444567,0.44160572604030024,-0.6070022729144473
2005-05-20,nighttime,6,-0.7937469793532385,0.059423429222512744,-0.770131460792599
2005-05-21,daytime,6,0.5009283495433077,0.3114562535384758,0.7759327649959948
2005-05-21,nighttime,6,-0.9981344972352888,5.216904779104765e-6,-1.0307826106449678
2005-05-22,daytime,6,-0.09789940683562942,0.8536200380884117,-0.10853355492921819
2005-05-22,nighttime,6,-0.9198667771991756,0.009374719024801921,-0.14378494209644999
2005-05-23,daytime,6,-0.7085040612728897,0.11507063564012983,-0.9116755170693963
2005-05-23,nighttime,6,-0.9885613282735761,1.9551648002897646e-4,-0.8462488025855331
2005-05-24,daytime,6,-0.7487966168626002,0.08672884845993765,-0.7421563620812187
2005-05-24,nighttime,6,-0.9734779347097504,0.0010458018460065405,-1.0956127096362054
2005-05-25,daytime,6,-0.8449006571034473,0.034218189385743815,-0.46364506293847146
2005-05-25,nighttime,6,0.4974183009162295,0.3154094017431292,0.33914454004428723
2005-05-26,daytime,6,-0.3991608894142259,0.4330577015066088,-0.12599009728849284
2005-05-26,nighttime,6,-0.5602058402376898,0.24759610248660585,-0.2626637369214107
2005-05-27,daytime,6,-0.9885527227392538,1.9581020852366742e-4,-0.5424017248572249
2005-05-27,nighttime,6,-0.8251230719199366,0.043198872103325535,-1.6966446781726698
2005-05-28,daytime,6,-0.7166617217770893,0.10904758921678798,-8.234677573660088
2005-05-28,nighttime,6,0.6516071725237507,0.16092280730540012,0.241254331779994
2005-05-29,daytime,6,-0.8558617355904738,0.029666462193688056,-8.494420418567987
2005-05-29,nighttime,6,-0.9013824347800808,0.01410858742867403,-5.74859534253872
2005-05-30,daytime,6,-0.6192668048958704,0.18984153210688592,-0.020706267147065482
2005-05-30,nighttime,6,-0.08036725475644697,0.8797086597208851,-0.004945351490682089
2005-05-31,daytime,6,-0.2773034938230768,0.5947066942167702,-0.48716383943912706
2005-05-31,nighttime,6,-0.9977574989835112,7.537577656754529e-6,-6.511720290778174
2005-06-01,daytime,6,-0.6646962956286787,0.1497940025503185,-0.7108756223273154
2005-06-01,nighttime,6,-0.9037941711956671,0.013438122761510277,-0.4923494296099772
2005-06-02,daytime,6,-0.8753946106777512,0.022322411593659948,-0.5538228339300242
2005-06-02,nighttime,6,-0.9769337248868417,7.919433304085355e-4,-4.834785558461881
2005-06-03,daytime,6,0.7517103402859376,0.08481838261083216,1.3661260574708902
2005-06-03,nighttime,6,-0.9002671101044049,0.014423969949314112,-1.0408906928306465
2005-06-04,daytime,6,-0.6030180974586354,0.205110838206545,-0.7390137765476662
2005-06-04,nighttime,6,-0.8143057056187175,0.04852196667610313,-1.456400336017545
2005-06-05,daytime,6,-0.8604296438730052,0.027860419268935267,-1.5156005744755452
2005-06-05,nighttime,6,-0.9789016070837523,6.630173831254542e-4,-1.2936517206881368
2005-06-06,daytime,6,-0.6839558083017743,0.13404202852422945,-1.2619063389084335
2005-06-06,nighttime,6,-0.969262810365679,0.0014026423784205995,-0.5108949007906077
2005-06-07,daytime,6,-0.8431324005076593,0.03498111033877443,-0.8489188161403373
2005-06-07,nighttime,6,-0.9901648643431855,1.4461916427014585e-4,-0.48436698975474257
2005-06-08,daytime,6,-0.8440395005792458,0.03458874963342298,-0.7589170358628419
2005-06-08,nighttime,6,-0.985060538293441,3.3311412344767214e-4,-0.44387597180912564
2005-06-09,daytime,6,-0.8308849687157334,0.040481504741529985,-1.594376697208952
2005-06-09,nighttime,6,-0.9906171906855568,1.316426482359806e-4,-0.4582093220244377
2005-06-10,daytime,6,-0.5060970361401002,0.3056688280548102,-0.41472110173892673
2005-06-10,nighttime,6,-0.8849553456151025,0.019091585078438427,-0.4275578955006946
2005-06-11,daytime,6,-0.7329844802891567,0.09742719047621119,-1.0841479770633402
2005-06-11,nighttime,6,-0.9647423111418041,0.0018427424374131167,-0.28388933256762566
2005-06-12,daytime,6,0.3054084152274846,0.5561307552450123,0.3574982772710206
2005-06-12,nighttime,6,-0.9834066058918037,4.107266734377651e-4,-0.48028951860715874
2005-06-13,daytime,6,0.26959332740557423,0.6054071061897626,0.8886868217864391
2005-06-13,nighttime,6,-0.9919572566230548,9.676845621390658e-5,-0.6399378165848792
2005-06-14,daytime,6,-0.595996046182669,0.21185819205120626,-0.19533929018535592
2005-06-14,nighttime,6,-0.3525160391066408,0.49312909497743024,-0.983462957004044
2005-06-15,daytime,6,0.26428131570674707,0.6128073396591136,0.07186887293995417
2005-06-15,nighttime,6,-0.6678866443719345,0.1471329893139004,-0.9529340412339272
2005-06-16,daytime,6,-0.709737793040086,0.11415061585951997,-0.5366827015012308
2005-06-16,nighttime,6,-0.8845904439040594,0.019210457419497413,-2.667159286603998
2005-06-17,daytime,6,-0.7301145859878896,0.09942822970563114,-1.4159268631794761
2005-06-17,nighttime,6,-0.6505705756568375,0.16181855634780737,-3.802767214382589
2005-06-18,daytime,6,-0.816373696483591,0.047482116299825274,-0.657130417025153
2005-06-18,nighttime,6,-0.769837649900833,0.07336566952889238,-0.25698346368013963
2005-06-19,daytime,6,0.31286352011321256,0.5460168208771305,0.6721532887386296
2005-06-19,nighttime,6,-0.8873733870199617,0.018312810490019836,-0.4168638949710102
2005-06-20,daytime,6,-0.2065957186526282,0.6945153596600169,-0.16365650247021893
2005-06-20,nighttime,6,-0.4271862215043048,0.39819886182930564,-0.36627015993738177
2005-06-21,daytime,6,-0.6982057069229898,0.1228760117775891,-0.5152897759340883
2005-06-21,nighttime,6,-0.991532542043104,1.0724321713680051e-4,-0.5310994419520069
2005-06-22,daytime,6,-0.810848564111564,0.05028364338273616,-0.8894966875628606
2005-06-22,nighttime,6,-0.8991453895891299,0.014744549639600184,-0.47266582263457674
2005-06-23,daytime,6,-0.7531643444097967,0.08387217953346747,-0.6676921472811851
2005-06-23,nighttime,6,-0.9284482029152519,0.007496329074301118,-0.546262726462423
2005-06-24,daytime,6,-0.6521380785551851,0.1604648514339659,-0.9297889200369206
2005-06-24,nighttime,6,-0.9674956874836722,0.0015676246021889156,-0.5499628111520172
2005-06-25,daytime,6,0.7457237203787375,0.08876434179053985,2.435635720677212
2005-06-25,nighttime,6,0.853116957025295,0.030777468941395346,0.6450164318262264
2005-06-26,daytime,6,-0.8163820507487987,0.04747793673820888,-0.5541575963620066
2005-06-26,nighttime,6,-0.9501097043483169,0.0036714728896565614,-0.31546886819422104
2005-06-27,daytime,6,-0.7954432997536366,0.05848548704703666,-0.49037479503874687
2005-06-27,nighttime,6,-0.9794201042730288,6.309400388883101e-4,-0.6242707763596628
2005-06-28,daytime,6,-0.9075981914348293,0.012412673665075265,-0.6012626770486788
2005-06-28,nighttime,6,-0.9845198904847429,3.5759590724547666e-4,-0.4635930845987561
2005-06-29,daytime,6,0.7271735405715656,0.10149759532424614,1.689233078197343
2005-06-29,nighttime,6,-0.7703553592926317,0.07304964572405391,-2.0712381910891517
2005-06-30,daytime,6,0.7808070534108386,0.06680269915149789,0.28951810365501934
2005-06-30,nighttime,6,-0.2416880608346895,0.6445267854469667,-0.3754109751252452
2005-07-01,daytime,6,0.8264074949317525,0.04258598739286444,1.9561228091178624
2005-07-01,nighttime,6,-0.9851650868106702,3.2847957984340084e-4,-0.6641047322768512
2005-07-02,daytime,6,-0.9626427670140941,0.0020672771011590618,-0.7879843999584507
2005-07-02,nighttime,6,-0.5012926462060431,0.31104702729882533,-0.3156560754470179
2005-07-03,daytime,6,-0.017517820826205573,0.973725956642973,-0.013734109685690051
2005-07-03,nighttime,6,-0.0013361777410731929,0.9979957345811767,-6.24368903084649e-4
2005-07-04,daytime,6,-0.26840630547809063,0.6070587979072137,-0.2969179717931923
2005-07-04,nighttime,6,-0.6075844578487983,0.20077091021010743,-0.3830559441619387
2005-07-05,daytime,6,-0.9814035274542511,5.155275889071641e-4,-2.9779090670184427
2005-07-05,nighttime,6,-0.9974754541215763,9.5519529540187e-6,-1.2011536231909006
2005-07-06,daytime,6,0.5521349192134083,0.25595760588936345,0.35933654487445077
2005-07-06,nighttime,6,-0.7312826603488434,0.09861160659495019,-4.248303968114508
2005-07-07,daytime,6,-0.35030868245053154,0.49603124676374344,-0.19948133447124525
2005-07-07,nighttime,6,0.8464651414804886,0.03354979418588081,3.106659884403755
2005-07-08,daytime,6,-0.75456996396879,0.08296200400835986,-0.2969796087842842
2005-07-08,nighttime,6,-0.8872300604745041,0.018358537888996895,-1.2275118438553658
2005-07-09,daytime,6,-0.8369288079225808,0.037720108535485686,-0.38941452279202754
2005-07-09,nighttime,6,-0.9796324629704058,6.180302474319446e-4,-1.1907300379938837
2005-07-10,daytime,6,-0.9149749758191632,0.01053654832601844,-0.4457387958753986
2005-07-10,nighttime,6,-0.8744555468182135,0.022652735804439054,-0.604380700129492
2005-07-11,daytime,6,-0.3171121790534464,0.5402761530456476,-0.49548284032787066
2005-07-11,nighttime,6,-0.8633315808971901,0.02674102125722828,-0.43905586442390737
2005-07-12,daytime,6,-0.8511919633843338,0.03156815757833269,-0.6009495126505062
2005-07-12,nighttime,6,-0.708174376178849,0.11531703677803837,-0.39604193546680977
2005-07-13,daytime,6,-0.2733188632226309,0.6002306021533454,-0.22653285914722876
2005-07-13,nighttime,6,-0.4606733930199798,0.35787195845337966,-0.24867395762277864
2005-07-14,daytime,6,-0.9275616766998965,0.007680912829956864,-0.5740018447988955
2005-07-14,nighttime,6,-0.7758902139380747,0.06970981532445544,-0.28840796999135276
2005-07-15,daytime,6,-0.17677511497857526,0.7375993893194002,-0.0576279050605496
2005-07-15,nighttime,6,-0.9571619436909043,0.002713342563900691,-1.0786038323573837
2005-07-16,daytime,6,-0.8726313063928649,0.023301038757326066,-0.46067059526318155
2005-07-16,nighttime,6,-0.7066735358341824,0.11644165657797173,-0.16082904220243938
2005-07-17,daytime,6,-0.9358502375716526,0.006040793734217492,-0.377526813171668
2005-07-17,nighttime,6,-0.864436578861738,0.02632050732898602,-0.48482414408772895
2005-07-18,daytime,6,-0.8348181192949645,0.038674082326132335,-0.4174452166854962
2005-07-18,nighttime,6,-0.9848774614121149,3.41307564466325e-4,-0.4049412810623522
2005-07-19,daytime,6,-0.37913360716431493,0.45854835610297623,-0.5549670804575382
2005-07-19,nighttime,6,-0.986532887932055,2.7082344252937356e-4,-0.44317398869853997
2005-07-20,daytime,6,-0.870569863313201,0.02404412322654659,-0.646468297293345
2005-07-20,nighttime,6,-0.7035772237959281,0.11877688304073142,-0.38695095214932884
2005-07-21,daytime,6,-0.42352475055786015,0.4026973720922267,-0.3798054336596885
2005-07-21,nighttime,6,-0.6887381290869794,0.13024778830168526,-0.12920197665193892
2005-07-22,daytime,6,-0.9394386667301907,0.00539045298447814,-1.4120596994432224
2005-07-22,nighttime,6,-0.2619912610367521,0.616004572658795,-0.19161596853027668
2005-07-23,daytime,6,-0.917654749291955,0.009891929590677914,-0.4948286017201445
2005-07-23,nighttime,6,-0.32818758522395547,0.5253926872330709,-0.09498146194605171
2005-07-24,daytime,6,-0.5324507394796005,0.2767997920886289,-6.6642262404416055
2005-07-24,nighttime,6,0.527715008515211,0.2819073509428228,0.040565406456979355
2005-07-25,daytime,6,-0.487981985213587,0.3261277232472312,-0.23964976311445949
2005-07-25,nighttime,6,-0.6402757257790244,0.17082789024429393,-0.888561848071802
2005-07-26,daytime,6,-0.9265898532933688,0.007885768996911548,-0.2459218591043134
2005-07-26,nighttime,6,0.9117718343321676,0.011332920575465578,0.57588880466017
2005-07-27,daytime,6,-0.5622748977453826,0.24547011830202506,-1.1417872996644818
2005-07-27,nighttime,6,0.9275473945065754,0.007683904433516214,0.15539762136746627
2005-07-28,daytime,6,-0.8964179068307477,0.015538195950105846,-3.9403826657403442
2005-07-28,nighttime,6,0.3588912966462825,0.4847761861976799,0.2761973013903588
2005-07-29,daytime,6,0.6334674103692816,0.1768980897269156,0.18275641537385592
2005-07-29,nighttime,6,0.09449522938544311,0.8586790463333904,0.28900812078563226
2005-07-30,daytime,6,-0.6219530771707904,0.18736407976021321,-0.43925007000837507
2005-07-30,nighttime,6,-0.9451066165228097,0.004437220659654669,-0.7762331935361215
2005-07-31,daytime,6,-0.09794909967493538,0.8535462135983021,-0.025323253444846608
2005-07-31,nighttime,6,0.8583357981955791,0.02868160766251019,2.4777516000809836
2005-08-01,daytime,6,-0.5260244526031238,0.283739257739721,-0.16931437794182239
2005-08-01,nighttime,6,-0.9558342201632506,0.002882848922083366,-0.5162238318695395
2005-08-18,daytime,6,0.5114557741438971,0.29971143185693505,1.547201952944956
2005-08-18,nighttime,6,-0.9328817698499382,0.006606106219347198,-0.3974622608334285
2005-08-19,daytime,6,0.668022853418961,0.14701983301092134,0.5904059178718151
2005-08-19,nighttime,6,-0.9831561818486584,4.231818995938138e-4,-0.47641870473218195
2005-08-20,daytime,6,-0.04348774420410493,0.9348095053545978,-0.050396235546778634
2005-08-20,nighttime,6,-0.6461234425784891,0.16568519074352386,-0.4735338904928058
2005-08-21,daytime,6,-0.21853310735799764,0.6774185510644111,-0.21242918510039863
2005-08-21,nighttime,6,-0.7680638239009907,0.07445315214417166,-0.30791972637774023
2005-08-22,daytime,6,0.09932868792266919,0.8514969658825553,0.3610513492014211
2005-08-22,nighttime,6,-0.6615735624935289,0.15241827527905827,-5.036972506541293
2005-08-23,daytime,6,0.2786798669975892,0.5928016826676816,0.570242992348727
2005-08-23,nighttime,6,-0.9141422775531705,0.010740870572915786,-0.48338769196973413
2005-08-24,daytime,6,-0.6605988973665737,0.15324132868813933,-0.6227196820191234
2005-08-24,nighttime,6,-0.676144113344551,0.1403405235536965,-0.9139130661445665
2005-08-25,daytime,6,0.48251193817882365,0.33240076957138015,0.7859439800278476
2005-08-25,nighttime,6,-0.9888585280917312,1.8550708562106773e-4,-0.9083885787274302
2005-08-26,daytime,6,0.8338934107059204,0.039095541918922956,3.40047585543261
2005-08-26,nighttime,6,-0.3217705742923411,0.5340016063161042,-0.3298708700299663
2005-08-27,daytime,6,-0.26386842990852377,0.613383479127465,-0.3736790605488511
2005-08-27,nighttime,6,-0.4319007459421937,0.392431886685981,-0.4441301159905465
2005-08-28,daytime,6,0.5499482219756003,0.25824167496975364,0.22586714997615776
2005-08-28,nighttime,6,-0.9038658127409827,0.013418447341155205,-0.6769970314731246
2005-08-29,daytime,6,0.6690395137167519,0.14617641268957618,0.8197616284280815
2005-08-29,nighttime,6,-0.8549566186327117,0.03003069266845067,-0.7707431082554772
2005-08-30,daytime,6,-0.28228628436544134,0.5878176418489319,-0.587129593065895
2005-08-30,nighttime,6,-0.9284738661101095,0.007491018328625376,-0.733984920410954
2005-08-31,daytime,6,0.9634264872203357,0.0019819719908906507,8.262523227669096
2005-08-31,nighttime,6,-0.9896394855093703,1.6045434060359855e-4,-0.6756736901546734
2005-09-01,daytime,6,0.8887440004980652,0.017878288462876663,2.1395721642603482
2005-09-01,nighttime,6,-0.9524250186397449,0.0033412281738089723,-2.0642264379173056
2005-09-02,daytime,6,-0.23666352828752227,0.6516324253775402,-0.501517969311493
2005-09-02,nighttime,6,-0.9951769116437551,3.483717416035233e-5,-0.46543873757681264
2005-09-03,daytime,6,-0.5212690836427719,0.28891637213049454,-1.047853830250268
2005-09-03,nighttime,6,-0.9958957369056796,2.523289521536897e-5,-0.7097686739104386
2005-09-04,daytime,6,-0.33277755018009236,0.5192597170844573,-1.1965731261135708
2005-09-04,nighttime,6,-0.9048774877297542,0.013142090361307703,-0.30395672809084623
2005-09-05,daytime,6,0.48128462728457116,0.33381421551510754,0.6306015466475068
2005-09-05,nighttime,6,-0.943742112673555,0.004658398132600015,-2.051882596614596
2005-09-06,daytime,6,0.15352587695438624,0.7715205019890112,0.502733737416062
2005-09-06,nighttime,6,-0.9621691667409917,0.0021196867039968547,-0.5021641976794378
2005-09-07,daytime,6,-0.22358978002604085,0.6702042236725261,-1.5204759041745322
2005-09-07,nighttime,6,-0.9812850907421244,5.22094314631415e-4,-0.4926868347632349
2005-09-08,daytime,6,0.7571291592341179,0.08131634844736184,6.764312198212216
2005-09-08,nighttime,6,-0.6158324067268263,0.19302847245066354,-1.2080959703563106
2005-09-09,daytime,6,0.6478678242730362,0.16416392489585943,0.5453890707497353
2005-09-09,nighttime,6,-0.6836019479539681,0.13432464604545305,-1.8244129546310628
2005-09-10,daytime,6,0.7734822150890522,0.0711541117925553,2.039224899872029
2005-09-10,nighttime,6,-0.860715759994488,0.027749085212456257,-2.437701716922947
2005-09-11,daytime,6,0.9769176382891653,7.930440448987399e-4,1.2204064988394834
2005-09-11,nighttime,6,-0.9183634172451238,0.009724762671306,-0.6930665985307318
2005-09-12,daytime,6,-0.2609784706069124,0.6174198848654127,-0.281595343902835
2005-09-12,nighttime,6,-0.8845567832271242,0.019221440705947803,-0.6747653973204734
2005-09-13,daytime,6,-0.16302666268256572,0.7576264422511954,-0.28044023830015846
2005-09-13,nighttime,6,-0.918709295578455,0.009643676190327391,-0.936021865193108
2005-09-14,daytime,6,0.47186767201654795,0.3447313075353937,0.6456026137609124
2005-09-14,nighttime,6,-0.9808276249365302,5.478462578786338e-4,-0.7346259851518713
2005-09-15,daytime,6,0.1332512672929269,0.8013060971647412,0.47381085079325647
2005-09-15,nighttime,6,-0.4959425034631122,0.3170769976627621,-0.3104429395959985
2005-09-16,daytime,6,0.9803647787863001,5.745277678006686e-4,0.6946291623947907
2005-09-16,nighttime,6,0.3983281981423057,0.4341081449572882,0.27858695123619537
2005-09-17,daytime,6,-0.40451734200204653,0.4263204389959754,-0.06876309492644836
2005-09-17,nighttime,6,0.8273347525131426,0.04214607218587732,0.27545918026063865
2005-09-18,daytime,6,-0.4090641459327579,0.4206288437190305,-0.5463180174103032
2005-09-18,nighttime,6,0.679420129634657,0.1376839503397553,2.8918529313341175
2005-09-19,daytime,6,0.2127422740938552,0.6857008694227383,0.2658913903937943
2005-09-19,nighttime,6,-0.9741882540126806,9.907708571321675e-4,-0.5491600667489576
2005-09-20,daytime,6,0.2177508031020972,0.6785361673954565,0.30247328820884023
2005-09-20,nighttime,6,-0.5295599305713221,0.27991333480720726,-4.82360468531421
2005-09-21,daytime,6,-0.6281744756545979,0.18167810680673524,-0.7716319382798732
2005-09-21,nighttime,6,-0.9895017816970479,1.6474036340281145e-4,-0.5548506840010882
2005-09-22,daytime,6,-0.27902913959876,0.5923185128404881,-0.4919179219772308
2005-09-22,nighttime,6,-0.9797725507290893,6.095865285698899e-4,-0.5893442739729767
2005-09-23,daytime,6,-0.5507923786963081,0.2573589920255389,-0.3323054778127038
2005-09-23,nighttime,6,-0.9852580040854841,3.2438775254398653e-4,-0.7219753051498661
2005-09-24,daytime,6,0.5786914632698132,0.2288600060144303,0.45014056685952125
2005-09-24,nighttime,6,-0.9778651393847694,7.295055714667703e-4,-0.42769218563827865
2005-09-25,daytime,6,0.021461941997096123,0.9678120298500718,0.03272814593881298
2005-09-25,nighttime,6,0.23541624604140016,0.6533991103298342,0.19267170391445793
2005-09-26,daytime,6,-0.7710059122673565,0.07265340888057017,-0.8814252806474675
2005-09-26,nighttime,6,-0.97439192757306,9.752635141139623e-4,-0.6263712865666908
2005-09-27,daytime,6,0.9818913997585353,4.889130052616557e-4,0.8113834453002335
2005-09-27,nighttime,6,-0.06288451847603531,0.9057975595261745,-0.02597059299450781
2005-09-28,daytime,6,-0.8088506100652628,0.05131501717173104,-1.3202353148146309
2005-09-28,nighttime,6,-0.9731614560957695,0.001070795156937239,-0.6538452237515721
2005-09-29,daytime,6,0.08539877465659125,0.8722132425423672,0.08498154092816458
2005-09-29,nighttime,6,-0.5235719385025681,0.2864048451103545,-0.26641740637506733
2005-09-30,daytime,6,-0.5130325483838022,0.2979668753279455,-0.2059333969328639
2005-09-30,nighttime,6,-0.9282931251359563,0.007528459928188332,-1.2243425111504995
2005-10-01,daytime,6,0.8938751962351301,0.016296097040992344,0.9399278993113728
2005-10-01,nighttime,6,-0.9838319527946826,3.899954153936845e-4,-1.0225548182955173
2005-10-02,daytime,6,-0.3702011661933746,0.47006608265146776,-0.5775820822255092
2005-10-02,nighttime,6,-0.9588887670721618,0.002500458473829783,-0.4462929046087794
2005-10-03,daytime,6,-0.5965890490339076,0.21128496421279022,-2.09023269470116
2005-10-03,nighttime,6,-0.8706182995614025,0.024026536077244465,-1.8294419749470485
2005-10-04,daytime,6,-0.45403677387550795,0.3657445416338778,-1.2391203644478206
2005-10-04,nighttime,6,-0.9897501572757778,1.57050493279736e-4,-1.1611077830685328
2005-10-05,daytime,6,0.25123809077507375,0.6310720106222556,0.5513171527258838
2005-10-05,nighttime,6,-0.824709198013794,0.04339722946439238,-0.97642979962939
2005-10-06,daytime,6,-0.44398096294564193,0.37778711848977664,-1.3385014720721822
2005-10-06,nighttime,6,0.8005813994943055,0.05568645000178527,0.547399925769221
2005-10-07,daytime,6,-0.5379098156023319,0.27095656416045055,-1.107470389747464
2005-10-07,nighttime,6,-0.008136407882367,0.9877956574961606,-0.015647077412784392
2005-10-08,daytime,6,0.9777685441186861,7.358626348643941e-4,3.790710398829274
2005-10-08,nighttime,6,-0.917364431359279,0.009960811647642334,-2.4115672103602335
2005-10-09,daytime,6,-0.7934911743674012,0.05956546574235777,-1.0194343927883613
2005-10-09,nighttime,6,-0.7560891005517811,0.0819833524348482,-0.4964042422934866
2005-10-10,daytime,6,-0.7097886310465192,0.1141127743721537,-0.7991256643029875
2005-10-10,nighttime,6,-0.9613351379888402,0.0022135558970834196,-0.8220154936523015
2005-10-11,daytime,6,-0.7815509327572477,0.06636779827282209,-1.1974347939274503
2005-10-11,nighttime,6,-0.6088923000703456,0.1995349092033791,-1.8269806271815339
2005-10-12,daytime,6,0.8920990354737994,0.016835802354761793,0.5040027757081128
2005-10-12,nighttime,6,-0.7827796373188258,0.06565229164603416,-14.569505234769359
2005-10-13,daytime,6,0.9502560013993848,0.003650153193549714,2.411203664875071
2005-10-13,nighttime,6,-0.6352711017374177,0.17528132740602595,-0.18177711157029783
2005-10-14,daytime,6,-0.8835747209461811,0.019543205063223042,-1.3674563244540654
2005-10-14,nighttime,6,-0.8586009231157028,0.02857700312852401,-1.1835659993137624
2005-10-15,daytime,6,-0.4050530233428136,0.4256485749245327,-0.6720705812696846
2005-10-15,nighttime,6,0.5364295331487109,0.27253628138677155,1.83458044401273
2005-10-16,daytime,6,0.46832437739718,0.348871693438784,2.1490312614063063
2005-10-16,nighttime,6,-0.9051749071881452,0.013061373289465526,-1.222505523074555
2005-10-17,daytime,6,-0.3974224218686757,0.43525172622828523,-0.7787070791124634
2005-10-17,nighttime,6,-0.9409028640033613,0.005135509693410035,-0.5114252979694266
2005-10-18,daytime,6,0.8917425034674425,0.0169451564240516,5.978242313984142
2005-10-18,nighttime,6,-0.9829452365577375,4.3381711759757867e-4,-0.357217731020426
2005-10-19,daytime,6,-0.05375615385883422,0.9194434394378137,-0.08956958947368121
2005-10-19,nighttime,6,0.867262393492135,0.02525953826326796,7.454527397214529
2005-10-20,daytime,6,-0.1872311160650722,0.7224350652378888,-0.21276488926550627
2005-10-20,nighttime,6,-0.9922378918151085,9.014165044644993e-5,-1.0390526212972468
2005-10-21,daytime,6,-0.9178146956573237,0.009854079168528776,-4.777011887239377
2005-10-21,nighttime,6,-0.8916310871130569,0.016979399347804566,-1.1053238193924184
2005-10-22,daytime,6,-0.09634915205338869,0.8559234841738156,-0.1768581153259699
2005-10-22,nighttime,6,0.70544550427604,0.11736540616066707,8.3422681039186255
2005-10-23,daytime,6,-0.6844226379934941,0.13366957889619968,-0.7065131610210965
2005-10-23,nighttime,6,-0.9531040114233494,0.003247282996590375,-0.8847919500339403
2005-10-24,daytime,6,0.8828439780952615,0.0197842857529679,1.0645576252068767
2005-10-24,nighttime,6,-0.9467954135830371,0.004170788167030334,-3.3479677208543124
2005-10-25,daytime,6,-0.19875409402120733,0.7057945693269753,-2.729865464701292
2005-10-25,nighttime,6,0.7997098805116213,0.05615676551469597,6.902832080842932
2005-10-26,daytime,6,-0.7460223081726953,0.08856562858039155,-1.3195252740077323
2005-10-26,nighttime,6,-0.7564780782509322,0.08173360826076849,-7.304589167068388
2005-10-27,daytime,6,-0.5370017689417801,0.27192518825180867,-0.8404137363440901
2005-10-27,nighttime,6,-0.6197001163176339,0.18944099621391966,-2.870371213125762
2005-10-28,daytime,6,0.9863772284207718,2.7710580191858165e-4,0.8804026556526985
2005-10-28,nighttime,6,-0.8421839922498183,0.035393564207013076,-2.7419913467217802
2005-10-29,daytime,6,-0.311087888502734,0.5484210373454752,-0.20807964318903177
2005-10-29,nighttime,6,-0.9861195918472844,2.8766145624086923e-4,-1.2430862420059827
2005-10-30,daytime,6,0.666286871878657,0.1484647880215122,0.5004082014908158
2005-10-30,nighttime,6,-0.4988540056496702,0.31379022786889044,-1.0388522622145966
2005-10-31,daytime,6,0.09438383744105035,0.8588446440218402,0.35022951609213604
2005-10-31,nighttime,6,-0.990682477609264,1.2981987919962243e-4,-0.5177317727187936
2005-11-01,daytime,6,-0.7879410646775736,0.06268544978679008,-0.9961678687767407
2005-11-01,nighttime,6,0.6402950081062725,0.17081082438251366,1.2976951824852814
2005-11-02,daytime,6,-0.9169837633441834,0.010051482008434986,-2.161404589293946
2005-11-02,nighttime,6,-0.7528881808845456,0.08405152762795018,-2.8888150356839475
2005-11-03,daytime,6,0.542846527430425,0.26571385468664893,0.03216937749825325
2005-11-03,nighttime,6,0.9075686762266897,0.012420478621434812,0.07471097407620847
2005-11-04,daytime,6,0.5218387331694637,0.2882943306606032,0.026063214057137157
2005-11-04,nighttime,6,-0.9089082107132241,0.012068644302137402,-0.02453537179609325
2005-11-05,daytime,6,-0.7698957810307236,0.07333015385816315,-0.02062283187069946
2005-11-05,nighttime,6,0.8159356894498854,0.04770148653882982,0.014550032038005154
2005-11-06,daytime,6,0.7266970223335232,0.1018346593641373,0.9038343552056655
2005-11-06,nighttime,6,-0.1326511806468019,0.8021903163844185,-0.0015566199954480302
2005-11-07,daytime,6,-0.1880598061853125,0.7212357984155107,-0.026454518193161587
2005-11-07,nighttime,6,0.04318434688866843,0.935263746648179,5.031483342013928e-4
2005-11-08,daytime,6,-0.8434554625165146,0.034841133060916386,-0.09005593016666699
2005-11-08,nighttime,6,-0.9764008355004837,8.28809417598655e-4,-0.29946233913782444
2005-11-09,daytime,6,0.7511229623516985,0.08520197533974934,0.01085009366749743
2005-11-09,nighttime,6,0.9590145001928041,0.002485292840975448,0.03236484156703242
2005-11-10,daytime,6,0.9109067707615105,0.011552811880270051,0.08105773335348428
2005-11-10,nighttime,6,-0.8534055447352791,0.030659748864296225,-0.11617864179040287
2005-11-11,daytime,6,0.7160846101756552,0.10946900429677515,0.04650590417659755
2005-11-11,nighttime,6,-0.9618519667800093,0.0021551507671652365,-0.16487035634189062
2005-11-12,daytime,6,-0.34325274712299975,0.5053423188598141,-0.12846623215985106
2005-11-12,nighttime,6,0.06548049466884409,0.9019196381974897,0.0012869943683883182
2005-11-13,daytime,6,-0.2030025644230318,0.6996790253834178,-0.00427536999677072
2005-11-13,nighttime,6,0.3815365772814391,0.455465304340737,0.42722056327270513
2005-11-14,daytime,6,0.9484980812180496,0.003910368385915371,0.017581109134005277
2005-11-14,nighttime,6,-0.9999956656788642,2.817946884930111e-11,-0.0020801597345132127
2005-11-15,daytime,6,-0.38028749254477545,0.4570670791915351,-0.005992410629773153
2005-11-15,nighttime,6,0.4178136503386386,0.4097480226247841,0.003188740485288467
2005-11-16,daytime,6,-0.5991140600877876,0.20885120836861648,-0.11427262773002995
2005-11-16,nighttime,6,-0.9999991184528653,1.1656876835610196e-12,-0.002529120675675415
2005-11-17,daytime,6,-0.8928616547075747,0.01660303710191813,-0.850360550190388
2005-11-17,nighttime,6,-0.9970390734862129,1.3137649381644322e-5,-0.5345593482957169
2005-11-18,daytime,6,-0.9427922224903394,0.004815481912051174,-1.03400227175595
2005-11-18,nighttime,6,-0.9947008902563174,4.204644511803828e-5,-0.4960779002763387
2005-11-19,daytime,6,-0.9502324201599475,0.003653585535146571,-1.352428785113085
2005-11-19,nighttime,6,-0.9953749029657077,3.203781493111437e-5,-0.8134150205441234
2005-11-20,daytime,6,-0.9959727226908107,2.4295784657788224e-5,-0.7339353003185111
2005-11-20,nighttime,6,-0.9989396726846914,1.6858449635567403e-6,-0.6272873977038357
2005-11-21,daytime,6,-0.9274444061092019,0.007705493585489437,-0.6996589119784394
2005-11-21,nighttime,6,-0.9960638148683392,2.320983733881518e-5,-0.46648351354536904
2005-11-22,daytime,6,-0.9591169863248517,0.0024729648508854804,-0.8021042372517548
2005-11-22,nighttime,6,-0.9028811827311732,0.013690081519078797,-2.0655963811433526
2005-11-23,daytime,6,-0.5920598689300062,0.21567901664497469,-0.9194021561993594
2005-11-23,nighttime,6,-0.8923781896298854,0.016750418763383408,-1.4084123372463417
2005-11-24,daytime,6,0.8728442254401587,0.02322492164954782,0.36992415872274076
2005-11-24,nighttime,6,-0.6113245718807676,0.19724455849503383,-1.44274405511915
2005-11-25,daytime,6,-0.48192599097578914,0.3330753103874163,-0.5262531268735648
2005-11-25,nighttime,6,-0.5582156543282144,0.2496478339302506,-0.3519084325914448
2005-11-26,daytime,6,-0.8703622414259412,0.024119579928397125,-0.7972787876053554
2005-11-26,nighttime,6,-0.4650830914677794,0.3526746297932226,-1.0176091803681342
2005-11-27,daytime,6,-0.8520412626114574,0.031218141300836853,-0.8679710833630676
2005-11-27,nighttime,6,-0.7228322536544881,0.10458665471331119,-1.3622485905171833
2005-11-28,daytime,6,0.8724940616531891,0.023350165723431245,0.6210382230101456
2005-11-28,nighttime,6,-0.987592962328532,2.2994693958188156e-4,-0.7277028765861693
2005-11-29,daytime,6,-0.9361621268834115,0.005982832652404798,-0.9619133497972375
2005-11-29,nighttime,6,-0.9387529962182208,0.005511918466730511,-1.5156825736486257
2005-11-30,daytime,6,-0.8686080317875534,0.0247616083961802,-0.5854068915705074
2005-11-30,nighttime,6,-0.9603875235074252,0.0023226435158599495,-2.0453719445675884
2005-12-01,daytime,6,-0.8041269018941675,0.053791945703534266,-1.329875122315528
2005-12-01,nighttime,6,-0.34161660722680676,0.5075087438090065,-0.14364394481713275
2005-12-02,daytime,6,-0.011934803833930854,0.982098644243103,-0.04900528660870731
2005-12-02,nighttime,6,-0.26415881868463925,0.6129782575040673,-2.782968065000985
2005-12-03,daytime,6,0.8268024788164224,0.04239833597080229,0.6501480533889441
2005-12-03,nighttime,6,-0.2631046862977417,0.6144495599471665,-1.1830948427482642
2005-12-04,daytime,6,-0.3101490832193704,0.5496933758536734,-0.5854167370650883
2005-12-04,nighttime,6,-0.9928422406727692,7.666691928207471e-5,-0.8028786130500857
2005-12-05,daytime,6,-0.4822523593578821,0.3326995347188361,-1.5514081834189632
2005-12-05,nighttime,6,0.8163960268866599,0.047470944987880764,0.8347621803600576
2005-12-06,daytime,6,0.2910069414421179,0.5758115550702454,0.5607189719615898
2005-12-06,nighttime,6,0.5961581001736503,0.21170147965454955,10.181305165982224
2005-12-07,daytime,6,-0.9438129242511141,0.004646790274444019,-0.622855494317519
2005-12-07,nighttime,6,-0.995588540945841,2.9148530841451257e-5,-0.4664337001140993
2005-12-08,daytime,6,0.6063651281421124,0.20192606929533682,0.7130068330259235
2005-12-08,nighttime,6,0.7104592230114531,0.11361413160470188,1.1271682383400325
2005-12-09,daytime,6,-0.8626443593736783,0.0270041429752445,-0.26736052648038466
2005-12-09,nighttime,6,-0.9896858850512463,1.5902283800224934e-4,-1.9326265992306917
2005-12-10,daytime,6,-0.78976044906423,0.06165463878907182,-0.21920967229526955
2005-12-10,nighttime,6,-0.7966819646223238,0.057804932069745234,-0.20211877534060568
2005-12-11,daytime,6,-0.4652861516981825,0.3524359518041002,-0.2865709841729285
2005-12-11,nighttime,6,-0.8680642743818495,0.02496224859898178,-0.3221057290238473
2005-12-12,daytime,6,-0.6210863878637906,0.1881619277095633,-0.6085675106105151
2005-12-12,nighttime,6,-0.6249776263331731,0.1845907638991228,-0.17874850885373975
2005-12-13,daytime,6,-0.709474455215705,0.11434672056536688,-0.41199103511649765
2005-12-13,nighttime,6,-0.9904834371474847,1.3541651918120608e-4,-0.4223121323440228
2005-12-14,daytime,6,-0.8414878467196075,0.035697757782140356,-0.6213623124468136
2005-12-14,nighttime,6,-0.7178457551334742,0.10818523352552037,-0.1974185340614328
2005-12-15,daytime,6,-0.17582827912284527,0.7389754982592118,-0.1897947869748374
2005-12-15,nighttime,6,-0.4906287887419686,0.32310806587760316,-0.19324614987195168
2005-12-16,daytime,6,-0.7791501413135966,0.06777605172943461,-0.2530375642915048
2005-12-16,nighttime,6,-0.9278622457084661,0.0076180861632261345,-0.31172363573041567
2005-12-17,daytime,6,-0.6255664152849345,0.18405287439410767,-0.545327596712316
2005-12-17,nighttime,6,-0.9957526531688268,2.7021621683342437e-5,-0.49675991026553945
2005-12-18,daytime,6,-0.9047940531295712,0.013164776925105242,-0.5788208617179604
2005-12-18,nighttime,6,-0.9976077028346698,8.577782929989233e-6,-0.6285310373296279
2005-12-19,daytime,6,-0.8662082837615205,0.02565288420060023,-0.5034480010642692
2005-12-19,nighttime,6,-0.8443446556342438,0.034457224877899595,-1.018363264169221
2005-12-20,daytime,6,-0.9208031261152153,0.009159850118015789,-0.5117685012430458
2005-12-20,nighttime,6,0.33209447772634676,0.520171092425433,0.06282872532952764
2005-12-21,daytime,6,-0.9636810423789197,0.001954646460548889,-0.4662158892194995
2005-12-21,nighttime,6,-0.4122285832491476,0.4166826223755019,-0.20484107921487227
2005-12-22,daytime,6,-0.9133716277165812,0.010931662104669986,-1.9262384031893618
2005-12-22,nighttime,6,0.5787388934181227,0.22881268812791034,3.6308613582939007
2005-12-23,daytime,6,-0.9179714582466878,0.009817050520927096,-0.5350499313479056
2005-12-23,nighttime,6,-0.33182448814204296,0.5205314486962825,-0.872813980811897
2005-12-24,daytime,6,-0.18462155499798327,0.7262140912993554,-0.1720534669718776
2005-12-24,nighttime,6,-0.984961836919093,3.3751911043486697e-4,-0.4947048438469957
2005-12-25,daytime,6,-0.42897909851413557,0.39600237691437923,-0.3109773746647914
2005-12-25,nighttime,6,-0.9395278819596151,0.00537474603981084,-1.2013977338180872
2005-12-26,daytime,6,-0.8320031334166239,0.03996373742660097,-0.84281228610759
2005-12-26,nighttime,6,-0.9162785897403185,0.0102204986292847,-0.44449253467647604
2005-12-27,daytime,6,-0.36462194126014597,0.47730517852264276,-0.3216174867536981
2005-12-27,nighttime,6,-0.9984941634177875,3.3996084432817484e-6,-0.5268510200699668
2005-12-28,daytime,6,-0.8372009676470138,0.03759791329591674,-1.2113275189131756
2005-12-28,nighttime,6,-0.9866585032169026,2.658059411818639e-4,-0.4902663158308576
2005-12-29,daytime,6,-0.9345425787681173,0.00628677913624818,-0.806947243927865
2005-12-29,nighttime,6,-0.995572197217952,2.936475170976704e-5,-0.5171839691724127
2005-12-30,daytime,6,-0.989035849980914,1.7965986404996125e-4,-1.059543748523769
2005-12-30,nighttime,6,-0.770190840250875,0.0731500054693799,-0.2600520631871882
2005-12-31,daytime,6,-0.7998009785449063,0.05610751911325651,-0.4652087623449845
2005-12-31,nighttime,6,0.6515268127777237,0.16099217308924382,0.4552435440453808
